excel_row,label,source,ID,event,numeric_target,observed_numeric_target,doi_normalized,shared_all_nyby_source_doi,shared_pitting_nyby_source_doi,shared_nyby_source_bibliographic_match,provisional_regression_after_known_source_exclusion
2,12_1964Tomashov_01,1964Tomashov,1,1.0,True,True,10.5006/0010-9312-20.5.166t,True,True,False,False
3,12_1964Tomashov_02,1964Tomashov,1,1.0,True,True,10.5006/0010-9312-20.5.166t,True,True,False,False
4,12_1964Tomashov_03,1964Tomashov,1,1.0,True,True,10.5006/0010-9312-20.5.166t,True,True,False,False
5,12_1964Tomashov_04,1964Tomashov,1,1.0,True,True,10.5006/0010-9312-20.5.166t,True,True,False,False
6,12_1964Tomashov_05,1964Tomashov,1,1.0,True,True,10.5006/0010-9312-20.5.166t,True,True,False,False
7,12_1964Tomashov_06,1964Tomashov,1,1.0,True,True,10.5006/0010-9312-20.5.166t,True,True,False,False
8,12_1964Tomashov_07,1964Tomashov,1,1.0,True,True,10.5006/0010-9312-20.5.166t,True,True,False,False
9,12_1964Tomashov_08,1964Tomashov,1,1.0,True,True,10.5006/0010-9312-20.5.166t,True,True,False,False
10,12_1964Tomashov_09,1964Tomashov,1,1.0,True,True,10.5006/0010-9312-20.5.166t,True,True,False,False
11,12_1964Tomashov_10,1964Tomashov,1,1.0,True,True,10.5006/0010-9312-20.5.166t,True,True,False,False
12,12_1964Tomashov_11,1964Tomashov,1,1.0,True,True,10.5006/0010-9312-20.5.166t,True,True,False,False
13,12_1964Tomashov_12,1964Tomashov,1,1.0,True,True,10.5006/0010-9312-20.5.166t,True,True,False,False
14,12_1964Tomashov_13,1964Tomashov,1,1.0,True,True,10.5006/0010-9312-20.5.166t,True,True,False,False
15,12_1964Tomashov_14,1964Tomashov,1,1.0,True,True,10.5006/0010-9312-20.5.166t,True,True,False,False
16,12_1964Tomashov_15,1964Tomashov,1,1.0,True,True,10.5006/0010-9312-20.5.166t,True,True,False,False
17,12_1964Tomashov_16,1964Tomashov,1,1.0,True,True,10.5006/0010-9312-20.5.166t,True,True,False,False
18,12_1964Tomashov_17,1964Tomashov,1,1.0,True,True,10.5006/0010-9312-20.5.166t,True,True,False,False
19,12_1964Tomashov_18,1964Tomashov,1,1.0,True,True,10.5006/0010-9312-20.5.166t,True,True,False,False
20,12_1964Tomashov_19,1964Tomashov,1,1.0,True,True,10.5006/0010-9312-20.5.166t,True,True,False,False
21,12_1964Tomashov_20,1964Tomashov,1,1.0,True,True,10.5006/0010-9312-20.5.166t,True,True,False,False
22,12_1964Tomashov_21,1964Tomashov,1,1.0,True,True,10.5006/0010-9312-20.5.166t,True,True,False,False
23,12_1964Tomashov_22,1964Tomashov,1,0.0,True,False,10.5006/0010-9312-20.5.166t,True,True,False,False
24,12_1964Tomashov_23,1964Tomashov,1,1.0,True,True,10.5006/0010-9312-20.5.166t,True,True,False,False
25,12_1964Tomashov_24,1964Tomashov,1,1.0,True,True,10.5006/0010-9312-20.5.166t,True,True,False,False
26,12_1964Tomashov_25,1964Tomashov,1,1.0,True,True,10.5006/0010-9312-20.5.166t,True,True,False,False
27,12_1964Tomashov_26,1964Tomashov,1,1.0,True,True,10.5006/0010-9312-20.5.166t,True,True,False,False
28,1966Leckie01,1966Leckie,2,1.0,True,True,10.1149/1.2423801,False,False,False,True
29,1966Leckie02,1966Leckie,2,1.0,True,True,10.1149/1.2423801,False,False,False,True
30,1966Leckie03,1966Leckie,2,1.0,True,True,10.1149/1.2423801,False,False,False,True
31,1966Leckie04,1966Leckie,2,1.0,True,True,10.1149/1.2423801,False,False,False,True
32,1966Leckie05,1966Leckie,2,1.0,True,True,10.1149/1.2423801,False,False,False,True
33,1966Leckie06,1966Leckie,2,1.0,True,True,10.1149/1.2423801,False,False,False,True
34,1966Leckie07,1966Leckie,2,1.0,True,True,10.1149/1.2423801,False,False,False,True
35,1966Leckie08,1966Leckie,2,1.0,True,True,10.1149/1.2423801,False,False,False,True
36,1966Leckie09,1966Leckie,2,1.0,True,True,10.1149/1.2423801,False,False,False,True
37,1966Leckie10,1966Leckie,2,1.0,True,True,10.1149/1.2423801,False,False,False,True
38,1966Leckie11,1966Leckie,2,1.0,True,True,10.1149/1.2423801,False,False,False,True
39,1966Leckie12,1966Leckie,2,1.0,True,True,10.1149/1.2423801,False,False,False,True
40,1966Leckie13,1966Leckie,2,1.0,True,True,10.1149/1.2423801,False,False,False,True
41,1966Leckie14,1966Leckie,2,1.0,True,True,10.1149/1.2423801,False,False,False,True
42,1966Leckie15,1966Leckie,2,1.0,True,True,10.1149/1.2423801,False,False,False,True
43,1966Leckie16,1966Leckie,2,1.0,True,True,10.1149/1.2423801,False,False,False,True
44,1966Leckie17,1966Leckie,2,1.0,True,True,10.1149/1.2423801,False,False,False,True
45,1966Leckie18,1966Leckie,2,0.0,True,False,10.1149/1.2423801,False,False,False,False
46,1966Leckie19,1966Leckie,2,0.0,True,False,10.1149/1.2423801,False,False,False,False
47,1966Leckie20,1966Leckie,2,0.0,True,False,10.1149/1.2423801,False,False,False,False
48,1966Leckie21,1966Leckie,2,0.0,True,False,10.1149/1.2423801,False,False,False,False
49,1966Leckie22,1966Leckie,2,1.0,True,True,10.1149/1.2423801,False,False,False,True
50,1966Leckie23,1966Leckie,2,1.0,True,True,10.1149/1.2423801,False,False,False,True
51,1966Leckie24,1966Leckie,2,1.0,True,True,10.1149/1.2423801,False,False,False,True
52,1966Leckie25,1966Leckie,2,1.0,True,True,10.1149/1.2423801,False,False,False,True
53,1966Leckie26,1966Leckie,2,0.0,True,False,10.1149/1.2423801,False,False,False,False
54,1966Leckie27,1966Leckie,2,0.0,True,False,10.1149/1.2423801,False,False,False,False
55,1966Leckie28,1966Leckie,2,0.0,True,False,10.1149/1.2423801,False,False,False,False
56,1966Leckie29,1966Leckie,2,0.0,True,False,10.1149/1.2423801,False,False,False,False
57,1966Leckie30,1966Leckie,2,0.0,True,False,10.1149/1.2423801,False,False,False,False
58,1966Leckie31,1966Leckie,2,1.0,True,True,10.1149/1.2423801,False,False,False,True
59,1966Leckie32,1966Leckie,2,1.0,True,True,10.1149/1.2423801,False,False,False,True
60,2_1968Bond_01,1968Bond,3,0.0,True,False,10.1149/1.2410923,True,True,False,False
61,2_1968Bond_02,1968Bond,3,1.0,True,True,10.1149/1.2410923,True,True,False,False
62,2_1968Bond_03,1968Bond,3,1.0,True,True,10.1149/1.2410923,True,True,False,False
63,2_1968Bond_04,1968Bond,3,,False,False,10.1149/1.2410923,True,True,False,False
64,2_1968Bond_05,1968Bond,3,1.0,True,True,10.1149/1.2410923,True,True,False,False
65,2_1968Bond_06,1968Bond,3,1.0,True,True,10.1149/1.2410923,True,True,False,False
66,2_1968Bond_07,1968Bond,3,0.0,True,False,10.1149/1.2410923,True,True,False,False
67,2_1968Bond_08,1968Bond,3,0.0,True,False,10.1149/1.2410923,True,True,False,False
68,2_1968Bond_09,1968Bond,3,0.0,True,False,10.1149/1.2410923,True,True,False,False
69,2_1968Bond_10,1968Bond,3,1.0,True,True,10.1149/1.2410923,True,True,False,False
70,2_1968Bond_11,1968Bond,3,0.0,True,False,10.1149/1.2410923,True,True,False,False
71,2_1968Bond_12,1968Bond,3,0.0,True,False,10.1149/1.2410923,True,True,False,False
72,2_1968Bond_13,1968Bond,3,0.0,True,False,10.1149/1.2410923,True,True,False,False
73,2_1968Bond_14,1968Bond,3,0.0,True,False,10.1149/1.2410923,True,True,False,False
74,2_1968Bond_15,1968Bond,3,0.0,True,False,10.1149/1.2410923,True,True,False,False
75,2_1968Bond_16,1968Bond,3,0.0,True,False,10.1149/1.2410923,True,True,False,False
76,1_1968Horvath_01,1968Horvath,4,1.0,True,True,10.1149/1.2411433,True,True,False,False
77,1_1968Horvath_02,1968Horvath,4,1.0,True,True,10.1149/1.2411433,True,True,False,False
78,1_1968Horvath_03,1968Horvath,4,1.0,True,True,10.1149/1.2411433,True,True,False,False
79,1_1968Horvath_04,1968Horvath,4,1.0,True,True,10.1149/1.2411433,True,True,False,False
80,1_1968Horvath_05,1968Horvath,4,1.0,True,True,10.1149/1.2411433,True,True,False,False
81,1_1968Horvath_06,1968Horvath,4,1.0,True,True,10.1149/1.2411433,True,True,False,False
82,1_1968Horvath_07,1968Horvath,4,1.0,True,True,10.1149/1.2411433,True,True,False,False
83,1_1968Horvath_08,1968Horvath,4,1.0,True,True,10.1149/1.2411433,True,True,False,False
84,1_1968Horvath_09,1968Horvath,4,1.0,True,True,10.1149/1.2411433,True,True,False,False
85,1_1968Horvath_10,1968Horvath,4,1.0,True,True,10.1149/1.2411433,True,True,False,False
86,1_1968Horvath_11,1968Horvath,4,1.0,True,True,10.1149/1.2411433,True,True,False,False
87,1_1968Horvath_12,1968Horvath,4,1.0,True,True,10.1149/1.2411433,True,True,False,False
88,1_1968Horvath_13,1968Horvath,4,1.0,True,True,10.1149/1.2411433,True,True,False,False
89,1_1968Horvath_14,1968Horvath,4,1.0,True,True,10.1149/1.2411433,True,True,False,False
90,1_1968Horvath_15,1968Horvath,4,1.0,True,True,10.1149/1.2411433,True,True,False,False
91,1_1968Horvath_16,1968Horvath,4,1.0,True,True,10.1149/1.2411433,True,True,False,False
92,1_1968Horvath_17,1968Horvath,4,1.0,True,True,10.1149/1.2411433,True,True,False,False
93,1_1968Horvath_18,1968Horvath,4,1.0,True,True,10.1149/1.2411433,True,True,False,False
94,81_1969Boehni_01,1969Boehni,5,1.0,True,True,10.1016/0010-938x(69)80007-7,True,True,False,False
95,81_1969Boehni_02,1969Boehni,5,1.0,True,True,10.1016/0010-938x(69)80007-7,True,True,False,False
96,81_1969Boehni_03,1969Boehni,5,1.0,True,True,10.1016/0010-938x(69)80007-7,True,True,False,False
97,81_1969Boehni_04,1969Boehni,5,1.0,True,True,10.1016/0010-938x(69)80007-7,True,True,False,False
98,81_1969Boehni_05,1969Boehni,5,1.0,True,True,10.1016/0010-938x(69)80007-7,True,True,False,False
99,81_1969Boehni_06,1969Boehni,5,1.0,True,True,10.1016/0010-938x(69)80007-7,True,True,False,False
100,81_1969Boehni_07,1969Boehni,5,1.0,True,True,10.1016/0010-938x(69)80007-7,True,True,False,False
101,81_1969Boehni_08,1969Boehni,5,1.0,True,True,10.1016/0010-938x(69)80007-7,True,True,False,False
102,81_1969Boehni_09,1969Boehni,5,1.0,True,True,10.1016/0010-938x(69)80007-7,True,True,False,False
103,81_1969Boehni_10,1969Boehni,5,1.0,True,True,10.1016/0010-938x(69)80007-7,True,True,False,False
104,81_1969Boehni_11,1969Boehni,5,1.0,True,True,10.1016/0010-938x(69)80007-7,True,True,False,False
105,81_1969Boehni_12,1969Boehni,5,1.0,True,True,10.1016/0010-938x(69)80007-7,True,True,False,False
106,11_1969Lizlovs_01,1969Lizlovs,6,1.0,True,True,10.1149/1.2411967,True,True,False,False
107,11_1969Lizlovs_02,1969Lizlovs,6,1.0,True,True,10.1149/1.2411967,True,True,False,False
108,11_1969Lizlovs_03,1969Lizlovs,6,0.0,True,False,10.1149/1.2411967,True,True,False,False
109,11_1969Lizlovs_04,1969Lizlovs,6,1.0,True,True,10.1149/1.2411967,True,True,False,False
110,11_1969Lizlovs_05,1969Lizlovs,6,1.0,True,True,10.1149/1.2411967,True,True,False,False
111,11_1969Lizlovs_06,1969Lizlovs,6,0.0,True,False,10.1149/1.2411967,True,True,False,False
112,11_1969Lizlovs_07,1969Lizlovs,6,1.0,True,True,10.1149/1.2411967,True,True,False,False
113,11_1969Lizlovs_08,1969Lizlovs,6,1.0,True,True,10.1149/1.2411967,True,True,False,False
114,11_1969Lizlovs_09,1969Lizlovs,6,1.0,True,True,10.1149/1.2411967,True,True,False,False
115,11_1969Lizlovs_10,1969Lizlovs,6,1.0,True,True,10.1149/1.2411967,True,True,False,False
116,11_1969Lizlovs_11,1969Lizlovs,6,0.0,True,False,10.1149/1.2411967,True,True,False,False
117,11_1969Lizlovs_12,1969Lizlovs,6,1.0,True,True,10.1149/1.2411967,True,True,False,False
118,46_1970Wilde_01,1970Wilde,7,1.0,True,True,10.1149/1.2407627,True,True,False,False
119,46_1970Wilde_02,1970Wilde,7,1.0,True,True,10.1149/1.2407627,True,True,False,False
120,46_1970Wilde_03,1970Wilde,7,1.0,True,True,10.1149/1.2407627,True,True,False,False
121,46_1970Wilde_04,1970Wilde,7,1.0,True,True,10.1149/1.2407627,True,True,False,False
122,46_1970Wilde_05,1970Wilde,7,1.0,True,True,10.1149/1.2407627,True,True,False,False
123,46_1970Wilde_06,1970Wilde,7,1.0,True,True,10.1149/1.2407627,True,True,False,False
124,46_1970Wilde_07,1970Wilde,7,1.0,True,True,10.1149/1.2407627,True,True,False,False
125,46_1970Wilde_08,1970Wilde,7,1.0,True,True,10.1149/1.2407627,True,True,False,False
126,6_1973Bond_01,1973Bond,8,1.0,True,True,10.1149/1.2403512,True,True,False,False
127,6_1973Bond_02,1973Bond,8,1.0,True,True,10.1149/1.2403512,True,True,False,False
128,6_1973Bond_03,1973Bond,8,1.0,True,True,10.1149/1.2403512,True,True,False,False
129,6_1973Bond_04,1973Bond,8,,False,False,10.1149/1.2403512,True,True,False,False
130,6_1973Bond_05,1973Bond,8,,False,False,10.1149/1.2403512,True,True,False,False
131,6_1973Bond_06,1973Bond,8,,False,False,10.1149/1.2403512,True,True,False,False
132,6_1973Bond_07,1973Bond,8,,False,False,10.1149/1.2403512,True,True,False,False
133,6_1973Bond_08,1973Bond,8,,False,False,10.1149/1.2403512,True,True,False,False
134,6_1973Bond_09,1973Bond,8,,False,False,10.1149/1.2403512,True,True,False,False
135,6_1973Bond_10,1973Bond,8,,False,False,10.1149/1.2403512,True,True,False,False
136,47_1974Hartline_01,1974Hartline,9,1.0,True,True,10.1007/bf02644006,True,True,False,False
137,47_1974Hartline_02,1974Hartline,9,1.0,True,True,10.1007/bf02644006,True,True,False,False
138,47_1974Hartline_03,1974Hartline,9,1.0,True,True,10.1007/bf02644006,True,True,False,False
139,47_1974Hartline_04,1974Hartline,9,1.0,True,True,10.1007/bf02644006,True,True,False,False
140,47_1974Hartline_05,1974Hartline,9,1.0,True,True,10.1007/bf02644006,True,True,False,False
141,47_1974Hartline_06,1974Hartline,9,1.0,True,True,10.1007/bf02644006,True,True,False,False
142,47_1974Hartline_07,1974Hartline,9,1.0,True,True,10.1007/bf02644006,True,True,False,False
143,84_1974Machin_01,1974Machin,10,1.0,True,True,10.1002/maco.19740250106,True,True,False,False
144,84_1974Machin_02,1974Machin,10,1.0,True,True,10.1002/maco.19740250106,True,True,False,False
145,84_1974Machin_03,1974Machin,10,1.0,True,True,10.1002/maco.19740250106,True,True,False,False
146,84_1974Machin_04,1974Machin,10,1.0,True,True,10.1002/maco.19740250106,True,True,False,False
147,84_1974Machin_05,1974Machin,10,1.0,True,True,10.1002/maco.19740250106,True,True,False,False
148,84_1974Machin_06,1974Machin,10,1.0,True,True,10.1002/maco.19740250106,True,True,False,False
149,84_1974Machin_07,1974Machin,10,1.0,True,True,10.1002/maco.19740250106,True,True,False,False
150,84_1974Machin_08,1974Machin,10,1.0,True,True,10.1002/maco.19740250106,True,True,False,False
151,84_1974Machin_09,1974Machin,10,1.0,True,True,10.1002/maco.19740250106,True,True,False,False
152,84_1974Machin_10,1974Machin,10,1.0,True,True,10.1002/maco.19740250106,True,True,False,False
153,84_1974Machin_11,1974Machin,10,1.0,True,True,10.1002/maco.19740250106,True,True,False,False
154,84_1974Machin_12,1974Machin,10,1.0,True,True,10.1002/maco.19740250106,True,True,False,False
155,84_1974Machin_13,1974Machin,10,1.0,True,True,10.1002/maco.19740250106,True,True,False,False
156,84_1974Machin_14,1974Machin,10,1.0,True,True,10.1002/maco.19740250106,True,True,False,False
157,84_1974Machin_15,1974Machin,10,1.0,True,True,10.1002/maco.19740250106,True,True,False,False
158,3_1974Pessall_01,1974Pessall,11,1.0,True,True,10.5006/0010-9312-30.11.381,True,True,False,False
159,3_1974Pessall_02,1974Pessall,11,1.0,True,True,10.5006/0010-9312-30.11.381,True,True,False,False
160,3_1974Pessall_03,1974Pessall,11,1.0,True,True,10.5006/0010-9312-30.11.381,True,True,False,False
161,3_1974Pessall_04,1974Pessall,11,1.0,True,True,10.5006/0010-9312-30.11.381,True,True,False,False
162,3_1974Pessall_05,1974Pessall,11,1.0,True,True,10.5006/0010-9312-30.11.381,True,True,False,False
163,3_1974Pessall_06,1974Pessall,11,1.0,True,True,10.5006/0010-9312-30.11.381,True,True,False,False
164,3_1974Pessall_07,1974Pessall,11,1.0,True,True,10.5006/0010-9312-30.11.381,True,True,False,False
165,3_1974Pessall_08,1974Pessall,11,1.0,True,True,10.5006/0010-9312-30.11.381,True,True,False,False
166,3_1974Pessall_09,1974Pessall,11,1.0,True,True,10.5006/0010-9312-30.11.381,True,True,False,False
167,3_1974Pessall_10,1974Pessall,11,1.0,True,True,10.5006/0010-9312-30.11.381,True,True,False,False
168,3_1974Pessall_11,1974Pessall,11,1.0,True,True,10.5006/0010-9312-30.11.381,True,True,False,False
169,3_1974Pessall_12,1974Pessall,11,1.0,True,True,10.5006/0010-9312-30.11.381,True,True,False,False
170,3_1974Pessall_13,1974Pessall,11,1.0,True,True,10.5006/0010-9312-30.11.381,True,True,False,False
171,3_1974Pessall_14,1974Pessall,11,1.0,True,True,10.5006/0010-9312-30.11.381,True,True,False,False
172,3_1974Pessall_15,1974Pessall,11,1.0,True,True,10.5006/0010-9312-30.11.381,True,True,False,False
173,3_1974Pessall_16,1974Pessall,11,1.0,True,True,10.5006/0010-9312-30.11.381,True,True,False,False
174,3_1974Pessall_17,1974Pessall,11,1.0,True,True,10.5006/0010-9312-30.11.381,True,True,False,False
175,3_1974Pessall_18,1974Pessall,11,1.0,True,True,10.5006/0010-9312-30.11.381,True,True,False,False
176,3_1974Pessall_19,1974Pessall,11,1.0,True,True,10.5006/0010-9312-30.11.381,True,True,False,False
177,3_1974Pessall_20,1974Pessall,11,1.0,True,True,10.5006/0010-9312-30.11.381,True,True,False,False
178,3_1974Pessall_21,1974Pessall,11,1.0,True,True,10.5006/0010-9312-30.11.381,True,True,False,False
179,3_1974Pessall_22,1974Pessall,11,1.0,True,True,10.5006/0010-9312-30.11.381,True,True,False,False
180,3_1974Pessall_23,1974Pessall,11,1.0,True,True,10.5006/0010-9312-30.11.381,True,True,False,False
181,3_1974Pessall_24,1974Pessall,11,1.0,True,True,10.5006/0010-9312-30.11.381,True,True,False,False
182,3_1974Pessall_25,1974Pessall,11,1.0,True,True,10.5006/0010-9312-30.11.381,True,True,False,False
183,3_1974Pessall_26,1974Pessall,11,1.0,True,True,10.5006/0010-9312-30.11.381,True,True,False,False
184,3_1974Pessall_27,1974Pessall,11,1.0,True,True,10.5006/0010-9312-30.11.381,True,True,False,False
185,3_1974Pessall_28,1974Pessall,11,1.0,True,True,10.5006/0010-9312-30.11.381,True,True,False,False
186,3_1974Pessall_29,1974Pessall,11,1.0,True,True,10.5006/0010-9312-30.11.381,True,True,False,False
187,3_1974Pessall_30,1974Pessall,11,1.0,True,True,10.5006/0010-9312-30.11.381,True,True,False,False
188,3_1974Pessall_31,1974Pessall,11,1.0,True,True,10.5006/0010-9312-30.11.381,True,True,False,False
189,3_1974Pessall_32,1974Pessall,11,1.0,True,True,10.5006/0010-9312-30.11.381,True,True,False,False
190,3_1974Pessall_33,1974Pessall,11,1.0,True,True,10.5006/0010-9312-30.11.381,True,True,False,False
191,3_1974Pessall_34,1974Pessall,11,1.0,True,True,10.5006/0010-9312-30.11.381,True,True,False,False
192,3_1974Pessall_35,1974Pessall,11,1.0,True,True,10.5006/0010-9312-30.11.381,True,True,False,False
193,3_1974Pessall_36,1974Pessall,11,1.0,True,True,10.5006/0010-9312-30.11.381,True,True,False,False
194,3_1974Pessall_37,1974Pessall,11,1.0,True,True,10.5006/0010-9312-30.11.381,True,True,False,False
195,3_1974Pessall_38,1974Pessall,11,1.0,True,True,10.5006/0010-9312-30.11.381,True,True,False,False
196,3_1974Pessall_39,1974Pessall,11,1.0,True,True,10.5006/0010-9312-30.11.381,True,True,False,False
197,3_1974Pessall_40,1974Pessall,11,1.0,True,True,10.5006/0010-9312-30.11.381,True,True,False,False
198,3_1974Pessall_41,1974Pessall,11,,False,False,10.5006/0010-9312-30.11.381,True,True,False,False
199,3_1974Pessall_42,1974Pessall,11,1.0,True,True,10.5006/0010-9312-30.11.381,True,True,False,False
200,3_1974Pessall_43,1974Pessall,11,1.0,True,True,10.5006/0010-9312-30.11.381,True,True,False,False
201,3_1974Pessall_44,1974Pessall,11,1.0,True,True,10.5006/0010-9312-30.11.381,True,True,False,False
202,3_1974Pessall_45,1974Pessall,11,1.0,True,True,10.5006/0010-9312-30.11.381,True,True,False,False
203,3_1974Pessall_46,1974Pessall,11,1.0,True,True,10.5006/0010-9312-30.11.381,True,True,False,False
204,3_1974Pessall_47,1974Pessall,11,1.0,True,True,10.5006/0010-9312-30.11.381,True,True,False,False
205,3_1974Pessall_48,1974Pessall,11,1.0,True,True,10.5006/0010-9312-30.11.381,True,True,False,False
206,3_1974Pessall_49,1974Pessall,11,1.0,True,True,10.5006/0010-9312-30.11.381,True,True,False,False
207,3_1974Pessall_50,1974Pessall,11,1.0,True,True,10.5006/0010-9312-30.11.381,True,True,False,False
208,3_1974Pessall_51,1974Pessall,11,1.0,True,True,10.5006/0010-9312-30.11.381,True,True,False,False
209,3_1974Pessall_52,1974Pessall,11,1.0,True,True,10.5006/0010-9312-30.11.381,True,True,False,False
210,3_1974Pessall_53,1974Pessall,11,1.0,True,True,10.5006/0010-9312-30.11.381,True,True,False,False
211,3_1974Pessall_54,1974Pessall,11,1.0,True,True,10.5006/0010-9312-30.11.381,True,True,False,False
212,76_1975Janik_01,1975Janik,12,1.0,True,True,10.5006/0010-9312-31.11.394,True,True,False,False
213,76_1975Janik_02,1975Janik,12,1.0,True,True,10.5006/0010-9312-31.11.394,True,True,False,False
214,76_1975Janik_03,1975Janik,12,1.0,True,True,10.5006/0010-9312-31.11.394,True,True,False,False
215,76_1975Janik_04,1975Janik,12,1.0,True,True,10.5006/0010-9312-31.11.394,True,True,False,False
216,76_1975Janik_05,1975Janik,12,1.0,True,True,10.5006/0010-9312-31.11.394,True,True,False,False
217,76_1975Janik_06,1975Janik,12,1.0,True,True,10.5006/0010-9312-31.11.394,True,True,False,False
218,76_1975Janik_07,1975Janik,12,1.0,True,True,10.5006/0010-9312-31.11.394,True,True,False,False
219,76_1975Janik_08,1975Janik,12,1.0,True,True,10.5006/0010-9312-31.11.394,True,True,False,False
220,76_1975Janik_09,1975Janik,12,1.0,True,True,10.5006/0010-9312-31.11.394,True,True,False,False
221,76_1975Janik_10,1975Janik,12,1.0,True,True,10.5006/0010-9312-31.11.394,True,True,False,False
222,65_1975Lizlovs_01,1975Lizlovs,13,1.0,True,True,10.1149/1.2134307,True,True,False,False
223,65_1975Lizlovs_02,1975Lizlovs,13,1.0,True,True,10.1149/1.2134307,True,True,False,False
224,65_1975Lizlovs_03,1975Lizlovs,13,1.0,True,True,10.1149/1.2134307,True,True,False,False
225,65_1975Lizlovs_04,1975Lizlovs,13,1.0,True,True,10.1149/1.2134307,True,True,False,False
226,65_1975Lizlovs_05,1975Lizlovs,13,1.0,True,True,10.1149/1.2134307,True,True,False,False
227,65_1975Lizlovs_06,1975Lizlovs,13,1.0,True,True,10.1149/1.2134307,True,True,False,False
228,65_1975Lizlovs_07,1975Lizlovs,13,1.0,True,True,10.1149/1.2134307,True,True,False,False
229,65_1975Lizlovs_08,1975Lizlovs,13,1.0,True,True,10.1149/1.2134307,True,True,False,False
230,65_1975Lizlovs_09,1975Lizlovs,13,1.0,True,True,10.1149/1.2134307,True,True,False,False
231,65_1975Lizlovs_10,1975Lizlovs,13,1.0,True,True,10.1149/1.2134307,True,True,False,False
232,1975Lizlovs01,1975Lizlovs2,14,1.0,True,True,10.1149/1.2134307,True,True,False,False
233,1975Lizlovs02,1975Lizlovs2,14,1.0,True,True,10.1149/1.2134307,True,True,False,False
234,1975Lizlovs03,1975Lizlovs2,14,1.0,True,True,10.1149/1.2134307,True,True,False,False
235,1975Lizlovs04,1975Lizlovs2,14,1.0,True,True,10.1149/1.2134307,True,True,False,False
236,1975Lizlovs05,1975Lizlovs2,14,1.0,True,True,10.1149/1.2134307,True,True,False,False
237,1975Lizlovs06,1975Lizlovs2,14,1.0,True,True,10.1149/1.2134307,True,True,False,False
238,1975Lizlovs07,1975Lizlovs2,14,1.0,True,True,10.1149/1.2134307,True,True,False,False
239,1975Lizlovs08,1975Lizlovs2,14,1.0,True,True,10.1149/1.2134307,True,True,False,False
240,1975Lizlovs09,1975Lizlovs2,14,1.0,True,True,10.1149/1.2134307,True,True,False,False
241,1975Lizlovs10,1975Lizlovs2,14,1.0,True,True,10.1149/1.2134307,True,True,False,False
242,1975Lizlovs11,1975Lizlovs2,14,1.0,True,True,10.1149/1.2134307,True,True,False,False
243,1975Lizlovs12,1975Lizlovs2,14,1.0,True,True,10.1149/1.2134307,True,True,False,False
244,1975Lizlovs13,1975Lizlovs2,14,1.0,True,True,10.1149/1.2134307,True,True,False,False
245,1975Lizlovs14,1975Lizlovs2,14,1.0,True,True,10.1149/1.2134307,True,True,False,False
246,1975Lizlovs15,1975Lizlovs2,14,1.0,True,True,10.1149/1.2134307,True,True,False,False
247,1975Lizlovs16,1975Lizlovs2,14,1.0,True,True,10.1149/1.2134307,True,True,False,False
248,1975Lizlovs17,1975Lizlovs2,14,1.0,True,True,10.1149/1.2134307,True,True,False,False
249,1975Lizlovs18,1975Lizlovs2,14,1.0,True,True,10.1149/1.2134307,True,True,False,False
250,1975Lizlovs19,1975Lizlovs2,14,1.0,True,True,10.1149/1.2134307,True,True,False,False
251,1975Lizlovs20,1975Lizlovs2,14,1.0,True,True,10.1149/1.2134307,True,True,False,False
252,1975Lizlovs21,1975Lizlovs2,14,1.0,True,True,10.1149/1.2134307,True,True,False,False
253,1975Lizlovs22,1975Lizlovs2,14,1.0,True,True,10.1149/1.2134307,True,True,False,False
254,1975Lizlovs23,1975Lizlovs2,14,1.0,True,True,10.1149/1.2134307,True,True,False,False
255,1975Lizlovs24,1975Lizlovs2,14,1.0,True,True,10.1149/1.2134307,True,True,False,False
256,1975Lizlovs25,1975Lizlovs2,14,1.0,True,True,10.1149/1.2134307,True,True,False,False
257,1975Lizlovs26,1975Lizlovs2,14,1.0,True,True,10.1149/1.2134307,True,True,False,False
258,1975Lizlovs27,1975Lizlovs2,14,1.0,True,True,10.1149/1.2134307,True,True,False,False
259,1975Lizlovs28,1975Lizlovs2,14,1.0,True,True,10.1149/1.2134307,True,True,False,False
260,1975Lizlovs29,1975Lizlovs2,14,1.0,True,True,10.1149/1.2134307,True,True,False,False
261,1975Lizlovs30,1975Lizlovs2,14,1.0,True,True,10.1149/1.2134307,True,True,False,False
262,1975Lizlovs31,1975Lizlovs2,14,1.0,True,True,10.1149/1.2134307,True,True,False,False
263,1975Lizlovs32,1975Lizlovs2,14,1.0,True,True,10.1149/1.2134307,True,True,False,False
264,1975Lizlovs33,1975Lizlovs2,14,1.0,True,True,10.1149/1.2134307,True,True,False,False
265,66_1975Lunarska_01,1975Lunarska,15,1.0,True,True,10.5006/0010-9312-31.7.231,True,True,False,False
266,66_1975Lunarska_02,1975Lunarska,15,1.0,True,True,10.5006/0010-9312-31.7.231,True,True,False,False
267,66_1975Lunarska_03,1975Lunarska,15,1.0,True,True,10.5006/0010-9312-31.7.231,True,True,False,False
268,66_1975Lunarska_04,1975Lunarska,15,1.0,True,True,10.5006/0010-9312-31.7.231,True,True,False,False
269,66_1975Lunarska_05,1975Lunarska,15,1.0,True,True,10.5006/0010-9312-31.7.231,True,True,False,False
270,66_1975Lunarska_06,1975Lunarska,15,1.0,True,True,10.5006/0010-9312-31.7.231,True,True,False,False
271,66_1975Lunarska_07,1975Lunarska,15,1.0,True,True,10.5006/0010-9312-31.7.231,True,True,False,False
272,66_1975Lunarska_08,1975Lunarska,15,1.0,True,True,10.5006/0010-9312-31.7.231,True,True,False,False
273,66_1975Lunarska_09,1975Lunarska,15,1.0,True,True,10.5006/0010-9312-31.7.231,True,True,False,False
274,66_1975Lunarska_10,1975Lunarska,15,1.0,True,True,10.5006/0010-9312-31.7.231,True,True,False,False
275,66_1975Lunarska_11,1975Lunarska,15,1.0,True,True,10.5006/0010-9312-31.7.231,True,True,False,False
276,66_1975Lunarska_12,1975Lunarska,15,1.0,True,True,10.5006/0010-9312-31.7.231,True,True,False,False
277,57_1977Sugimoto_01,1977Sugimoto,16,1.0,True,True,10.1016/0010-938x(77)90032-4,True,True,False,False
278,57_1977Sugimoto_02,1977Sugimoto,16,1.0,True,True,10.1016/0010-938x(77)90032-4,True,True,False,False
279,57_1977Sugimoto_03,1977Sugimoto,16,1.0,True,True,10.1016/0010-938x(77)90032-4,True,True,False,False
280,57_1977Sugimoto_04,1977Sugimoto,16,1.0,True,True,10.1016/0010-938x(77)90032-4,True,True,False,False
281,57_1977Sugimoto_05,1977Sugimoto,16,1.0,True,True,10.1016/0010-938x(77)90032-4,True,True,False,False
282,57_1977Sugimoto_06,1977Sugimoto,16,1.0,True,True,10.1016/0010-938x(77)90032-4,True,True,False,False
283,57_1977Sugimoto_07,1977Sugimoto,16,1.0,True,True,10.1016/0010-938x(77)90032-4,True,True,False,False
284,57_1977Sugimoto_08,1977Sugimoto,16,1.0,True,True,10.1016/0010-938x(77)90032-4,True,True,False,False
285,57_1977Sugimoto_09,1977Sugimoto,16,1.0,True,True,10.1016/0010-938x(77)90032-4,True,True,False,False
286,57_1977Sugimoto_10,1977Sugimoto,16,1.0,True,True,10.1016/0010-938x(77)90032-4,True,True,False,False
287,57_1977Sugimoto_11,1977Sugimoto,16,1.0,True,True,10.1016/0010-938x(77)90032-4,True,True,False,False
288,57_1977Sugimoto_12,1977Sugimoto,16,1.0,True,True,10.1016/0010-938x(77)90032-4,True,True,False,False
289,57_1977Sugimoto_13,1977Sugimoto,16,1.0,True,True,10.1016/0010-938x(77)90032-4,True,True,False,False
290,57_1977Sugimoto_14,1977Sugimoto,16,1.0,True,True,10.1016/0010-938x(77)90032-4,True,True,False,False
291,57_1977Sugimoto_15,1977Sugimoto,16,1.0,True,True,10.1016/0010-938x(77)90032-4,True,True,False,False
292,57_1977Sugimoto_16,1977Sugimoto,16,1.0,True,True,10.1016/0010-938x(77)90032-4,True,True,False,False
293,57_1977Sugimoto_17,1977Sugimoto,16,1.0,True,True,10.1016/0010-938x(77)90032-4,True,True,False,False
294,57_1977Sugimoto_18,1977Sugimoto,16,1.0,True,True,10.1016/0010-938x(77)90032-4,True,True,False,False
295,71_1977Truman_01,1977Truman,17,1.0,True,True,10.1179/000705977798318973,True,True,False,False
296,71_1977Truman_02,1977Truman,17,1.0,True,True,10.1179/000705977798318973,True,True,False,False
297,71_1977Truman_03,1977Truman,17,1.0,True,True,10.1179/000705977798318973,True,True,False,False
298,71_1977Truman_04,1977Truman,17,1.0,True,True,10.1179/000705977798318973,True,True,False,False
299,71_1977Truman_05,1977Truman,17,1.0,True,True,10.1179/000705977798318973,True,True,False,False
300,71_1977Truman_06,1977Truman,17,1.0,True,True,10.1179/000705977798318973,True,True,False,False
301,71_1977Truman_07,1977Truman,17,1.0,True,True,10.1179/000705977798318973,True,True,False,False
302,71_1977Truman_08,1977Truman,17,1.0,True,True,10.1179/000705977798318973,True,True,False,False
303,71_1977Truman_09,1977Truman,17,1.0,True,True,10.1179/000705977798318973,True,True,False,False
304,71_1977Truman_10,1977Truman,17,1.0,True,True,10.1179/000705977798318973,True,True,False,False
305,71_1977Truman_11,1977Truman,17,1.0,True,True,10.1179/000705977798318973,True,True,False,False
306,71_1977Truman_12,1977Truman,17,1.0,True,True,10.1179/000705977798318973,True,True,False,False
307,71_1977Truman_13,1977Truman,17,1.0,True,True,10.1179/000705977798318973,True,True,False,False
308,71_1977Truman_14,1977Truman,17,1.0,True,True,10.1179/000705977798318973,True,True,False,False
309,71_1977Truman_15,1977Truman,17,1.0,True,True,10.1179/000705977798318973,True,True,False,False
310,71_1977Truman_16,1977Truman,17,1.0,True,True,10.1179/000705977798318973,True,True,False,False
311,71_1977Truman_17,1977Truman,17,1.0,True,True,10.1179/000705977798318973,True,True,False,False
312,71_1977Truman_18,1977Truman,17,1.0,True,True,10.1179/000705977798318973,True,True,False,False
313,71_1977Truman_19,1977Truman,17,1.0,True,True,10.1179/000705977798318973,True,True,False,False
314,10_1979Richardson_01,1979Richardson,18,1.0,True,True,10.1179/bcj.1979.14.3.167,True,True,False,False
315,10_1979Richardson_02,1979Richardson,18,1.0,True,True,10.1179/bcj.1979.14.3.167,True,True,False,False
316,1980Manning01,1980Manning,19,1.0,True,True,10.5006/0010-9312-36.5.246,False,False,False,True
317,1980Manning02,1980Manning,19,1.0,True,True,10.5006/0010-9312-36.5.246,False,False,False,True
318,1980Manning03,1980Manning,19,1.0,True,True,10.5006/0010-9312-36.5.246,False,False,False,True
319,1980Manning04,1980Manning,19,1.0,True,True,10.5006/0010-9312-36.5.246,False,False,False,True
320,1980Manning05,1980Manning,19,1.0,True,True,10.5006/0010-9312-36.5.246,False,False,False,True
321,1980Manning06,1980Manning,19,1.0,True,True,10.5006/0010-9312-36.5.246,False,False,False,True
322,1980Manning07,1980Manning,19,1.0,True,True,10.5006/0010-9312-36.5.246,False,False,False,True
323,1980Manning08,1980Manning,19,1.0,True,True,10.5006/0010-9312-36.5.246,False,False,False,True
324,1980Manning09,1980Manning,19,1.0,True,True,10.5006/0010-9312-36.5.246,False,False,False,True
325,1980Manning10,1980Manning,19,1.0,True,True,10.5006/0010-9312-36.5.246,False,False,False,True
326,1980Manning11,1980Manning,19,1.0,True,True,10.5006/0010-9312-36.5.246,False,False,False,True
327,1980Manning12,1980Manning,19,1.0,True,True,10.5006/0010-9312-36.5.246,False,False,False,True
328,1980Manning13,1980Manning,19,1.0,True,True,10.5006/0010-9312-36.5.246,False,False,False,True
329,1980Manning14,1980Manning,19,1.0,True,True,10.5006/0010-9312-36.5.246,False,False,False,True
330,1980Manning15,1980Manning,19,1.0,True,True,10.5006/0010-9312-36.5.246,False,False,False,True
331,1980Manning16,1980Manning,19,1.0,True,True,10.5006/0010-9312-36.5.246,False,False,False,True
332,1980Manning17,1980Manning,19,1.0,True,True,10.5006/0010-9312-36.5.246,False,False,False,True
333,1980Manning18,1980Manning,19,1.0,True,True,10.5006/0010-9312-36.5.246,False,False,False,True
334,1980Manning19,1980Manning,19,1.0,True,True,10.5006/0010-9312-36.5.246,False,False,False,True
335,1980Manning20,1980Manning,19,1.0,True,True,10.5006/0010-9312-36.5.246,False,False,False,True
336,1980Manning21,1980Manning,19,1.0,True,True,10.5006/0010-9312-36.5.246,False,False,False,True
337,1980Manning22,1980Manning,19,1.0,True,True,10.5006/0010-9312-36.5.246,False,False,False,True
338,1980Manning23,1980Manning,19,1.0,True,True,10.5006/0010-9312-36.5.246,False,False,False,True
339,1980Manning24,1980Manning,19,1.0,True,True,10.5006/0010-9312-36.5.246,False,False,False,True
340,1980Manning25,1980Manning,19,1.0,True,True,10.5006/0010-9312-36.5.246,False,False,False,True
341,1980Manning26,1980Manning,19,1.0,True,True,10.5006/0010-9312-36.5.246,False,False,False,True
342,1980Manning27,1980Manning,19,1.0,True,True,10.5006/0010-9312-36.5.246,False,False,False,True
343,1982Roy01,1982Roy,20,1.0,True,True,,False,False,False,True
344,1982Roy02,1982Roy,20,1.0,True,True,,False,False,False,True
345,1982Roy03,1982Roy,20,1.0,True,True,,False,False,False,True
346,1982Roy04,1982Roy,20,1.0,True,True,,False,False,False,True
347,1982Roy05,1982Roy,20,1.0,True,True,,False,False,False,True
348,1982Roy06,1982Roy,20,1.0,True,True,,False,False,False,True
349,1982Roy07,1982Roy,20,1.0,True,True,,False,False,False,True
350,1982Roy08,1982Roy,20,1.0,True,True,,False,False,False,True
351,1982Roy09,1982Roy,20,1.0,True,True,,False,False,False,True
352,1982Roy10,1982Roy,20,1.0,True,True,,False,False,False,True
353,1982Roy11,1982Roy,20,1.0,True,True,,False,False,False,True
354,1982Roy12,1982Roy,20,1.0,True,True,,False,False,False,True
355,1982Roy13,1982Roy,20,1.0,True,True,,False,False,False,True
356,1982Roy14,1982Roy,20,1.0,True,True,,False,False,False,True
357,1982Roy15,1982Roy,20,1.0,True,True,,False,False,False,True
358,1982Roy16,1982Roy,20,1.0,True,True,,False,False,False,True
359,54_1983Bandy_01,1983Bandy,21,1.0,True,True,10.5006/1.3580841,True,True,False,False
360,54_1983Bandy_02,1983Bandy,21,1.0,True,True,10.5006/1.3580841,True,True,False,False
361,54_1983Bandy_03,1983Bandy,21,1.0,True,True,10.5006/1.3580841,True,True,False,False
362,54_1983Bandy_04,1983Bandy,21,1.0,True,True,10.5006/1.3580841,True,True,False,False
363,54_1983Bandy_05,1983Bandy,21,1.0,True,True,10.5006/1.3580841,True,True,False,False
364,54_1983Bandy_06,1983Bandy,21,1.0,True,True,10.5006/1.3580841,True,True,False,False
365,54_1983Bandy_07,1983Bandy,21,1.0,True,True,10.5006/1.3580841,True,True,False,False
366,54_1983Bandy_08,1983Bandy,21,1.0,True,True,10.5006/1.3580841,True,True,False,False
367,54_1983Bandy_09,1983Bandy,21,1.0,True,True,10.5006/1.3580841,True,True,False,False
368,54_1983Bandy_10,1983Bandy,21,1.0,True,True,10.5006/1.3580841,True,True,False,False
369,54_1983Bandy_11,1983Bandy,21,1.0,True,True,10.5006/1.3580841,True,True,False,False
370,54_1983Bandy_12,1983Bandy,21,1.0,True,True,10.5006/1.3580841,True,True,False,False
371,54_1983Bandy_13,1983Bandy,21,1.0,True,True,10.5006/1.3580841,True,True,False,False
372,54_1983Bandy_14,1983Bandy,21,1.0,True,True,10.5006/1.3580841,True,True,False,False
373,54_1983Bandy_15,1983Bandy,21,1.0,True,True,10.5006/1.3580841,True,True,False,False
374,54_1983Bandy_16,1983Bandy,21,1.0,True,True,10.5006/1.3580841,True,True,False,False
375,54_1983Bandy_17,1983Bandy,21,1.0,True,True,10.5006/1.3580841,True,True,False,False
376,54_1983Bandy_18,1983Bandy,21,1.0,True,True,10.5006/1.3580841,True,True,False,False
377,54_1983Bandy_19,1983Bandy,21,1.0,True,True,10.5006/1.3580841,True,True,False,False
378,54_1983Bandy_20,1983Bandy,21,1.0,True,True,10.5006/1.3580841,True,True,False,False
379,54_1983Bandy_21,1983Bandy,21,1.0,True,True,10.5006/1.3580841,True,True,False,False
380,54_1983Bandy_22,1983Bandy,21,1.0,True,True,10.5006/1.3580841,True,True,False,False
381,54_1983Bandy_23,1983Bandy,21,1.0,True,True,10.5006/1.3580841,True,True,False,False
382,54_1983Bandy_24,1983Bandy,21,1.0,True,True,10.5006/1.3580841,True,True,False,False
383,54_1983Bandy_25,1983Bandy,21,1.0,True,True,10.5006/1.3580841,True,True,False,False
384,54_1983Bandy_26,1983Bandy,21,1.0,True,True,10.5006/1.3580841,True,True,False,False
385,54_1983Bandy_27,1983Bandy,21,1.0,True,True,10.5006/1.3580841,True,True,False,False
386,54_1983Bandy_28,1983Bandy,21,1.0,True,True,10.5006/1.3580841,True,True,False,False
387,54_1983Bandy_29,1983Bandy,21,1.0,True,True,10.5006/1.3580841,True,True,False,False
388,54_1983Bandy_30,1983Bandy,21,1.0,True,True,10.5006/1.3580841,True,True,False,False
389,1983Barbosa01,1983Barbosa,22,1.0,True,True,10.1016/0010-938x(83)90079-3,False,False,False,True
390,1983Barbosa02,1983Barbosa,22,1.0,True,True,10.1016/0010-938x(83)90079-3,False,False,False,True
391,1983Barbosa03,1983Barbosa,22,1.0,True,True,10.1016/0010-938x(83)90079-3,False,False,False,True
392,1983Barbosa04,1983Barbosa,22,1.0,True,True,10.1016/0010-938x(83)90079-3,False,False,False,True
393,1983Barbosa05,1983Barbosa,22,1.0,True,True,10.1016/0010-938x(83)90079-3,False,False,False,True
394,1983Barbosa06,1983Barbosa,22,1.0,True,True,10.1016/0010-938x(83)90079-3,False,False,False,True
395,1983Barbosa07,1983Barbosa,22,1.0,True,True,10.1016/0010-938x(83)90079-3,False,False,False,True
396,1983Barbosa08,1983Barbosa,22,1.0,True,True,10.1016/0010-938x(83)90079-3,False,False,False,True
397,1983Barbosa09,1983Barbosa,22,1.0,True,True,10.1016/0010-938x(83)90079-3,False,False,False,True
398,1983Barbosa10,1983Barbosa,22,1.0,True,True,10.1016/0010-938x(83)90079-3,False,False,False,True
399,1983Barbosa11,1983Barbosa,22,1.0,True,True,10.1016/0010-938x(83)90079-3,False,False,False,True
400,1983Barbosa12,1983Barbosa,22,1.0,True,True,10.1016/0010-938x(83)90079-3,False,False,False,True
401,73_1983Bui_01,1983Bui,23,1.0,True,True,10.5006/1.3577373,True,True,False,False
402,73_1983Bui_02,1983Bui,23,1.0,True,True,10.5006/1.3577373,True,True,False,False
403,73_1983Bui_03,1983Bui,23,1.0,True,True,10.5006/1.3577373,True,True,False,False
404,73_1983Bui_04,1983Bui,23,1.0,True,True,10.5006/1.3577373,True,True,False,False
405,73_1983Bui_05,1983Bui,23,1.0,True,True,10.5006/1.3577373,True,True,False,False
406,73_1983Bui_06,1983Bui,23,1.0,True,True,10.5006/1.3577373,True,True,False,False
407,73_1983Bui_07,1983Bui,23,1.0,True,True,10.5006/1.3577373,True,True,False,False
408,73_1983Bui_08,1983Bui,23,1.0,True,True,10.5006/1.3577373,True,True,False,False
409,73_1983Bui_09,1983Bui,23,1.0,True,True,10.5006/1.3577373,True,True,False,False
410,73_1983Bui_10,1983Bui,23,1.0,True,True,10.5006/1.3577373,True,True,False,False
411,73_1983Bui_11,1983Bui,23,1.0,True,True,10.5006/1.3577373,True,True,False,False
412,73_1983Bui_12,1983Bui,23,1.0,True,True,10.5006/1.3577373,True,True,False,False
413,73_1983Bui_13,1983Bui,23,1.0,True,True,10.5006/1.3577373,True,True,False,False
414,73_1983Bui_14,1983Bui,23,1.0,True,True,10.5006/1.3577373,True,True,False,False
415,73_1983Bui_15,1983Bui,23,1.0,True,True,10.5006/1.3577373,True,True,False,False
416,73_1983Bui_16,1983Bui,23,1.0,True,True,10.5006/1.3577373,True,True,False,False
417,73_1983Bui_17,1983Bui,23,1.0,True,True,10.5006/1.3577373,True,True,False,False
418,85_1983Clark_01,1983Clark,24,1.0,True,True,10.1002/maco.19830340105,True,True,False,False
419,85_1983Clark_02,1983Clark,24,1.0,True,True,10.1002/maco.19830340105,True,True,False,False
420,85_1983Clark_03,1983Clark,24,1.0,True,True,10.1002/maco.19830340105,True,True,False,False
421,85_1983Clark_04,1983Clark,24,1.0,True,True,10.1002/maco.19830340105,True,True,False,False
422,85_1983Clark_05,1983Clark,24,1.0,True,True,10.1002/maco.19830340105,True,True,False,False
423,85_1983Clark_06,1983Clark,24,1.0,True,True,10.1002/maco.19830340105,True,True,False,False
424,85_1983Clark_07,1983Clark,24,1.0,True,True,10.1002/maco.19830340105,True,True,False,False
425,85_1983Clark_08,1983Clark,24,1.0,True,True,10.1002/maco.19830340105,True,True,False,False
426,1983Shibata001,1983Shibata,25,1.0,True,True,10.2355/isijinternational1966.23.785,False,False,False,True
427,1983Shibata002,1983Shibata,25,1.0,True,True,10.2355/isijinternational1966.23.785,False,False,False,True
428,1983Shibata003,1983Shibata,25,1.0,True,True,10.2355/isijinternational1966.23.785,False,False,False,True
429,1983Shibata004,1983Shibata,25,1.0,True,True,10.2355/isijinternational1966.23.785,False,False,False,True
430,1983Shibata005,1983Shibata,25,1.0,True,True,10.2355/isijinternational1966.23.785,False,False,False,True
431,1983Shibata006,1983Shibata,25,1.0,True,True,10.2355/isijinternational1966.23.785,False,False,False,True
432,1983Shibata007,1983Shibata,25,1.0,True,True,10.2355/isijinternational1966.23.785,False,False,False,True
433,1983Shibata008,1983Shibata,25,1.0,True,True,10.2355/isijinternational1966.23.785,False,False,False,True
434,1983Shibata009,1983Shibata,25,1.0,True,True,10.2355/isijinternational1966.23.785,False,False,False,True
435,1983Shibata010,1983Shibata,25,1.0,True,True,10.2355/isijinternational1966.23.785,False,False,False,True
436,1983Shibata011,1983Shibata,25,1.0,True,True,10.2355/isijinternational1966.23.785,False,False,False,True
437,1983Shibata012,1983Shibata,25,1.0,True,True,10.2355/isijinternational1966.23.785,False,False,False,True
438,1983Shibata013,1983Shibata,25,1.0,True,True,10.2355/isijinternational1966.23.785,False,False,False,True
439,1983Shibata014,1983Shibata,25,1.0,True,True,10.2355/isijinternational1966.23.785,False,False,False,True
440,1983Shibata015,1983Shibata,25,1.0,True,True,10.2355/isijinternational1966.23.785,False,False,False,True
441,1983Shibata016,1983Shibata,25,1.0,True,True,10.2355/isijinternational1966.23.785,False,False,False,True
442,1983Shibata017,1983Shibata,25,1.0,True,True,10.2355/isijinternational1966.23.785,False,False,False,True
443,1983Shibata018,1983Shibata,25,1.0,True,True,10.2355/isijinternational1966.23.785,False,False,False,True
444,1983Shibata019,1983Shibata,25,1.0,True,True,10.2355/isijinternational1966.23.785,False,False,False,True
445,1983Shibata020,1983Shibata,25,1.0,True,True,10.2355/isijinternational1966.23.785,False,False,False,True
446,1983Shibata021,1983Shibata,25,1.0,True,True,10.2355/isijinternational1966.23.785,False,False,False,True
447,1983Shibata022,1983Shibata,25,1.0,True,True,10.2355/isijinternational1966.23.785,False,False,False,True
448,1983Shibata023,1983Shibata,25,1.0,True,True,10.2355/isijinternational1966.23.785,False,False,False,True
449,1983Shibata024,1983Shibata,25,1.0,True,True,10.2355/isijinternational1966.23.785,False,False,False,True
450,1983Shibata025,1983Shibata,25,1.0,True,True,10.2355/isijinternational1966.23.785,False,False,False,True
451,1983Shibata026,1983Shibata,25,1.0,True,True,10.2355/isijinternational1966.23.785,False,False,False,True
452,1983Shibata027,1983Shibata,25,1.0,True,True,10.2355/isijinternational1966.23.785,False,False,False,True
453,1983Shibata028,1983Shibata,25,1.0,True,True,10.2355/isijinternational1966.23.785,False,False,False,True
454,1983Shibata029,1983Shibata,25,1.0,True,True,10.2355/isijinternational1966.23.785,False,False,False,True
455,1983Shibata030,1983Shibata,25,1.0,True,True,10.2355/isijinternational1966.23.785,False,False,False,True
456,1983Shibata031,1983Shibata,25,1.0,True,True,10.2355/isijinternational1966.23.785,False,False,False,True
457,1983Shibata032,1983Shibata,25,1.0,True,True,10.2355/isijinternational1966.23.785,False,False,False,True
458,1983Shibata033,1983Shibata,25,1.0,True,True,10.2355/isijinternational1966.23.785,False,False,False,True
459,1983Shibata034,1983Shibata,25,1.0,True,True,10.2355/isijinternational1966.23.785,False,False,False,True
460,1983Shibata035,1983Shibata,25,1.0,True,True,10.2355/isijinternational1966.23.785,False,False,False,True
461,1983Shibata036,1983Shibata,25,1.0,True,True,10.2355/isijinternational1966.23.785,False,False,False,True
462,1983Shibata037,1983Shibata,25,1.0,True,True,10.2355/isijinternational1966.23.785,False,False,False,True
463,1983Shibata038,1983Shibata,25,1.0,True,True,10.2355/isijinternational1966.23.785,False,False,False,True
464,1983Shibata039,1983Shibata,25,1.0,True,True,10.2355/isijinternational1966.23.785,False,False,False,True
465,1983Shibata040,1983Shibata,25,1.0,True,True,10.2355/isijinternational1966.23.785,False,False,False,True
466,1983Shibata041,1983Shibata,25,1.0,True,True,10.2355/isijinternational1966.23.785,False,False,False,True
467,1983Shibata042,1983Shibata,25,1.0,True,True,10.2355/isijinternational1966.23.785,False,False,False,True
468,1983Shibata043,1983Shibata,25,1.0,True,True,10.2355/isijinternational1966.23.785,False,False,False,True
469,1983Shibata044,1983Shibata,25,1.0,True,True,10.2355/isijinternational1966.23.785,False,False,False,True
470,1983Shibata045,1983Shibata,25,1.0,True,True,10.2355/isijinternational1966.23.785,False,False,False,True
471,1983Shibata046,1983Shibata,25,1.0,True,True,10.2355/isijinternational1966.23.785,False,False,False,True
472,1983Shibata047,1983Shibata,25,1.0,True,True,10.2355/isijinternational1966.23.785,False,False,False,True
473,1983Shibata048,1983Shibata,25,1.0,True,True,10.2355/isijinternational1966.23.785,False,False,False,True
474,1983Shibata049,1983Shibata,25,1.0,True,True,10.2355/isijinternational1966.23.785,False,False,False,True
475,1983Shibata050,1983Shibata,25,1.0,True,True,10.2355/isijinternational1966.23.785,False,False,False,True
476,1983Shibata051,1983Shibata,25,1.0,True,True,10.2355/isijinternational1966.23.785,False,False,False,True
477,1983Shibata052,1983Shibata,25,1.0,True,True,10.2355/isijinternational1966.23.785,False,False,False,True
478,1983Shibata053,1983Shibata,25,1.0,True,True,10.2355/isijinternational1966.23.785,False,False,False,True
479,1983Shibata054,1983Shibata,25,1.0,True,True,10.2355/isijinternational1966.23.785,False,False,False,True
480,1983Shibata055,1983Shibata,25,1.0,True,True,10.2355/isijinternational1966.23.785,False,False,False,True
481,1983Shibata056,1983Shibata,25,1.0,True,True,10.2355/isijinternational1966.23.785,False,False,False,True
482,1983Shibata057,1983Shibata,25,1.0,True,True,10.2355/isijinternational1966.23.785,False,False,False,True
483,1983Shibata058,1983Shibata,25,1.0,True,True,10.2355/isijinternational1966.23.785,False,False,False,True
484,1983Shibata059,1983Shibata,25,1.0,True,True,10.2355/isijinternational1966.23.785,False,False,False,True
485,1983Shibata060,1983Shibata,25,1.0,True,True,10.2355/isijinternational1966.23.785,False,False,False,True
486,1983Shibata061,1983Shibata,25,1.0,True,True,10.2355/isijinternational1966.23.785,False,False,False,True
487,1983Shibata062,1983Shibata,25,1.0,True,True,10.2355/isijinternational1966.23.785,False,False,False,True
488,1983Shibata063,1983Shibata,25,1.0,True,True,10.2355/isijinternational1966.23.785,False,False,False,True
489,1983Shibata064,1983Shibata,25,1.0,True,True,10.2355/isijinternational1966.23.785,False,False,False,True
490,1983Shibata065,1983Shibata,25,1.0,True,True,10.2355/isijinternational1966.23.785,False,False,False,True
491,1983Shibata066,1983Shibata,25,1.0,True,True,10.2355/isijinternational1966.23.785,False,False,False,True
492,1983Shibata067,1983Shibata,25,1.0,True,True,10.2355/isijinternational1966.23.785,False,False,False,True
493,1983Shibata068,1983Shibata,25,1.0,True,True,10.2355/isijinternational1966.23.785,False,False,False,True
494,1983Shibata069,1983Shibata,25,1.0,True,True,10.2355/isijinternational1966.23.785,False,False,False,True
495,1983Shibata070,1983Shibata,25,1.0,True,True,10.2355/isijinternational1966.23.785,False,False,False,True
496,1983Shibata071,1983Shibata,25,1.0,True,True,10.2355/isijinternational1966.23.785,False,False,False,True
497,1983Shibata072,1983Shibata,25,1.0,True,True,10.2355/isijinternational1966.23.785,False,False,False,True
498,1983Shibata073,1983Shibata,25,1.0,True,True,10.2355/isijinternational1966.23.785,False,False,False,True
499,1983Shibata074,1983Shibata,25,1.0,True,True,10.2355/isijinternational1966.23.785,False,False,False,True
500,1983Shibata075,1983Shibata,25,1.0,True,True,10.2355/isijinternational1966.23.785,False,False,False,True
501,1983Shibata076,1983Shibata,25,1.0,True,True,10.2355/isijinternational1966.23.785,False,False,False,True
502,1983Shibata077,1983Shibata,25,1.0,True,True,10.2355/isijinternational1966.23.785,False,False,False,True
503,1983Shibata078,1983Shibata,25,1.0,True,True,10.2355/isijinternational1966.23.785,False,False,False,True
504,1983Shibata079,1983Shibata,25,1.0,True,True,10.2355/isijinternational1966.23.785,False,False,False,True
505,1983Shibata080,1983Shibata,25,1.0,True,True,10.2355/isijinternational1966.23.785,False,False,False,True
506,1983Shibata081,1983Shibata,25,1.0,True,True,10.2355/isijinternational1966.23.785,False,False,False,True
507,1983Shibata082,1983Shibata,25,1.0,True,True,10.2355/isijinternational1966.23.785,False,False,False,True
508,1983Shibata083,1983Shibata,25,1.0,True,True,10.2355/isijinternational1966.23.785,False,False,False,True
509,1983Shibata084,1983Shibata,25,1.0,True,True,10.2355/isijinternational1966.23.785,False,False,False,True
510,1983Shibata085,1983Shibata,25,1.0,True,True,10.2355/isijinternational1966.23.785,False,False,False,True
511,1983Shibata086,1983Shibata,25,1.0,True,True,10.2355/isijinternational1966.23.785,False,False,False,True
512,1983Shibata087,1983Shibata,25,1.0,True,True,10.2355/isijinternational1966.23.785,False,False,False,True
513,1983Shibata088,1983Shibata,25,1.0,True,True,10.2355/isijinternational1966.23.785,False,False,False,True
514,1983Shibata089,1983Shibata,25,1.0,True,True,10.2355/isijinternational1966.23.785,False,False,False,True
515,1983Shibata090,1983Shibata,25,1.0,True,True,10.2355/isijinternational1966.23.785,False,False,False,True
516,1983Shibata091,1983Shibata,25,1.0,True,True,10.2355/isijinternational1966.23.785,False,False,False,True
517,1983Shibata092,1983Shibata,25,1.0,True,True,10.2355/isijinternational1966.23.785,False,False,False,True
518,1983Shibata093,1983Shibata,25,1.0,True,True,10.2355/isijinternational1966.23.785,False,False,False,True
519,1983Shibata094,1983Shibata,25,1.0,True,True,10.2355/isijinternational1966.23.785,False,False,False,True
520,1983Shibata095,1983Shibata,25,1.0,True,True,10.2355/isijinternational1966.23.785,False,False,False,True
521,1983Shibata096,1983Shibata,25,1.0,True,True,10.2355/isijinternational1966.23.785,False,False,False,True
522,1983Shibata097,1983Shibata,25,1.0,True,True,10.2355/isijinternational1966.23.785,False,False,False,True
523,1983Shibata098,1983Shibata,25,1.0,True,True,10.2355/isijinternational1966.23.785,False,False,False,True
524,1983Shibata099,1983Shibata,25,1.0,True,True,10.2355/isijinternational1966.23.785,False,False,False,True
525,1983Shibata100,1983Shibata,25,1.0,True,True,10.2355/isijinternational1966.23.785,False,False,False,True
526,1983Shibata101,1983Shibata,25,1.0,True,True,10.2355/isijinternational1966.23.785,False,False,False,True
527,1983Shibata102,1983Shibata,25,1.0,True,True,10.2355/isijinternational1966.23.785,False,False,False,True
528,1983Shibata103,1983Shibata,25,1.0,True,True,10.2355/isijinternational1966.23.785,False,False,False,True
529,1983Shibata104,1983Shibata,25,1.0,True,True,10.2355/isijinternational1966.23.785,False,False,False,True
530,1983Shibata105,1983Shibata,25,1.0,True,True,10.2355/isijinternational1966.23.785,False,False,False,True
531,1983Shibata106,1983Shibata,25,1.0,True,True,10.2355/isijinternational1966.23.785,False,False,False,True
532,1983Shibata107,1983Shibata,25,1.0,True,True,10.2355/isijinternational1966.23.785,False,False,False,True
533,1983Shibata108,1983Shibata,25,1.0,True,True,10.2355/isijinternational1966.23.785,False,False,False,True
534,1983Shibata109,1983Shibata,25,1.0,True,True,10.2355/isijinternational1966.23.785,False,False,False,True
535,1983Shibata110,1983Shibata,25,1.0,True,True,10.2355/isijinternational1966.23.785,False,False,False,True
536,1983Shibata111,1983Shibata,25,1.0,True,True,10.2355/isijinternational1966.23.785,False,False,False,True
537,1983Shibata112,1983Shibata,25,1.0,True,True,10.2355/isijinternational1966.23.785,False,False,False,True
538,1983Shibata113,1983Shibata,25,1.0,True,True,10.2355/isijinternational1966.23.785,False,False,False,True
539,1983Shibata114,1983Shibata,25,1.0,True,True,10.2355/isijinternational1966.23.785,False,False,False,True
540,1983Shibata115,1983Shibata,25,1.0,True,True,10.2355/isijinternational1966.23.785,False,False,False,True
541,1983Shibata116,1983Shibata,25,1.0,True,True,10.2355/isijinternational1966.23.785,False,False,False,True
542,1983Shibata117,1983Shibata,25,1.0,True,True,10.2355/isijinternational1966.23.785,False,False,False,True
543,1983Shibata118,1983Shibata,25,1.0,True,True,10.2355/isijinternational1966.23.785,False,False,False,True
544,1983Shibata119,1983Shibata,25,1.0,True,True,10.2355/isijinternational1966.23.785,False,False,False,True
545,1983Shibata120,1983Shibata,25,1.0,True,True,10.2355/isijinternational1966.23.785,False,False,False,True
546,1983Shibata121,1983Shibata,25,1.0,True,True,10.2355/isijinternational1966.23.785,False,False,False,True
547,1983Shibata122,1983Shibata,25,1.0,True,True,10.2355/isijinternational1966.23.785,False,False,False,True
548,1983Shibata123,1983Shibata,25,1.0,True,True,10.2355/isijinternational1966.23.785,False,False,False,True
549,1983Shibata124,1983Shibata,25,1.0,True,True,10.2355/isijinternational1966.23.785,False,False,False,True
550,1983Shibata125,1983Shibata,25,1.0,True,True,10.2355/isijinternational1966.23.785,False,False,False,True
551,1983Shibata126,1983Shibata,25,1.0,True,True,10.2355/isijinternational1966.23.785,False,False,False,True
552,1983Shibata127,1983Shibata,25,1.0,True,True,10.2355/isijinternational1966.23.785,False,False,False,True
553,1983Shibata128,1983Shibata,25,1.0,True,True,10.2355/isijinternational1966.23.785,False,False,False,True
554,1983Shibata129,1983Shibata,25,1.0,True,True,10.2355/isijinternational1966.23.785,False,False,False,True
555,1983Shibata130,1983Shibata,25,1.0,True,True,10.2355/isijinternational1966.23.785,False,False,False,True
556,1983Shibata131,1983Shibata,25,1.0,True,True,10.2355/isijinternational1966.23.785,False,False,False,True
557,1983Shibata132,1983Shibata,25,1.0,True,True,10.2355/isijinternational1966.23.785,False,False,False,True
558,1983Shibata133,1983Shibata,25,1.0,True,True,10.2355/isijinternational1966.23.785,False,False,False,True
559,1983Shibata134,1983Shibata,25,1.0,True,True,10.2355/isijinternational1966.23.785,False,False,False,True
560,1983Shibata135,1983Shibata,25,1.0,True,True,10.2355/isijinternational1966.23.785,False,False,False,True
561,1983Shibata136,1983Shibata,25,1.0,True,True,10.2355/isijinternational1966.23.785,False,False,False,True
562,1983Shibata137,1983Shibata,25,1.0,True,True,10.2355/isijinternational1966.23.785,False,False,False,True
563,1983Shibata138,1983Shibata,25,1.0,True,True,10.2355/isijinternational1966.23.785,False,False,False,True
564,1983Shibata139,1983Shibata,25,1.0,True,True,10.2355/isijinternational1966.23.785,False,False,False,True
565,1983Shibata140,1983Shibata,25,1.0,True,True,10.2355/isijinternational1966.23.785,False,False,False,True
566,1983Shibata141,1983Shibata,25,1.0,True,True,10.2355/isijinternational1966.23.785,False,False,False,True
567,1983Shibata142,1983Shibata,25,1.0,True,True,10.2355/isijinternational1966.23.785,False,False,False,True
568,1983Shibata143,1983Shibata,25,1.0,True,True,10.2355/isijinternational1966.23.785,False,False,False,True
569,1983Shibata144,1983Shibata,25,1.0,True,True,10.2355/isijinternational1966.23.785,False,False,False,True
570,1983Shibata145,1983Shibata,25,1.0,True,True,10.2355/isijinternational1966.23.785,False,False,False,True
571,1983Shibata146,1983Shibata,25,1.0,True,True,10.2355/isijinternational1966.23.785,False,False,False,True
572,1983Shibata147,1983Shibata,25,1.0,True,True,10.2355/isijinternational1966.23.785,False,False,False,True
573,1983Shibata148,1983Shibata,25,1.0,True,True,10.2355/isijinternational1966.23.785,False,False,False,True
574,1983Shibata149,1983Shibata,25,1.0,True,True,10.2355/isijinternational1966.23.785,False,False,False,True
575,1983Shibata150,1983Shibata,25,1.0,True,True,10.2355/isijinternational1966.23.785,False,False,False,True
576,1983Shibata151,1983Shibata,25,1.0,True,True,10.2355/isijinternational1966.23.785,False,False,False,True
577,1983Shibata152,1983Shibata,25,1.0,True,True,10.2355/isijinternational1966.23.785,False,False,False,True
578,1983Shibata153,1983Shibata,25,1.0,True,True,10.2355/isijinternational1966.23.785,False,False,False,True
579,1983Shibata154,1983Shibata,25,1.0,True,True,10.2355/isijinternational1966.23.785,False,False,False,True
580,1983Shibata155,1983Shibata,25,1.0,True,True,10.2355/isijinternational1966.23.785,False,False,False,True
581,1983Shibata156,1983Shibata,25,1.0,True,True,10.2355/isijinternational1966.23.785,False,False,False,True
582,1983Shibata157,1983Shibata,25,1.0,True,True,10.2355/isijinternational1966.23.785,False,False,False,True
583,1983Shibata158,1983Shibata,25,1.0,True,True,10.2355/isijinternational1966.23.785,False,False,False,True
584,1983Shibata159,1983Shibata,25,1.0,True,True,10.2355/isijinternational1966.23.785,False,False,False,True
585,1983Shibata160,1983Shibata,25,1.0,True,True,10.2355/isijinternational1966.23.785,False,False,False,True
586,1983Shibata161,1983Shibata,25,1.0,True,True,10.2355/isijinternational1966.23.785,False,False,False,True
587,1983Shibata162,1983Shibata,25,1.0,True,True,10.2355/isijinternational1966.23.785,False,False,False,True
588,1983Shibata163,1983Shibata,25,1.0,True,True,10.2355/isijinternational1966.23.785,False,False,False,True
589,1983Shibata164,1983Shibata,25,1.0,True,True,10.2355/isijinternational1966.23.785,False,False,False,True
590,1983Shibata165,1983Shibata,25,1.0,True,True,10.2355/isijinternational1966.23.785,False,False,False,True
591,1983Shibata166,1983Shibata,25,1.0,True,True,10.2355/isijinternational1966.23.785,False,False,False,True
592,1983Shibata167,1983Shibata,25,1.0,True,True,10.2355/isijinternational1966.23.785,False,False,False,True
593,1983Shibata168,1983Shibata,25,1.0,True,True,10.2355/isijinternational1966.23.785,False,False,False,True
594,1983Shibata169,1983Shibata,25,1.0,True,True,10.2355/isijinternational1966.23.785,False,False,False,True
595,1983Shibata170,1983Shibata,25,1.0,True,True,10.2355/isijinternational1966.23.785,False,False,False,True
596,1983Shibata171,1983Shibata,25,1.0,True,True,10.2355/isijinternational1966.23.785,False,False,False,True
597,1983Shibata172,1983Shibata,25,1.0,True,True,10.2355/isijinternational1966.23.785,False,False,False,True
598,1983Shibata173,1983Shibata,25,1.0,True,True,10.2355/isijinternational1966.23.785,False,False,False,True
599,1983Shibata174,1983Shibata,25,1.0,True,True,10.2355/isijinternational1966.23.785,False,False,False,True
600,1983Shibata175,1983Shibata,25,1.0,True,True,10.2355/isijinternational1966.23.785,False,False,False,True
601,1983Shibata176,1983Shibata,25,1.0,True,True,10.2355/isijinternational1966.23.785,False,False,False,True
602,1983Shibata177,1983Shibata,25,1.0,True,True,10.2355/isijinternational1966.23.785,False,False,False,True
603,1983Shibata178,1983Shibata,25,1.0,True,True,10.2355/isijinternational1966.23.785,False,False,False,True
604,1983Shibata179,1983Shibata,25,1.0,True,True,10.2355/isijinternational1966.23.785,False,False,False,True
605,1983Shibata180,1983Shibata,25,1.0,True,True,10.2355/isijinternational1966.23.785,False,False,False,True
606,1983Shibata181,1983Shibata,25,1.0,True,True,10.2355/isijinternational1966.23.785,False,False,False,True
607,1983Shibata182,1983Shibata,25,1.0,True,True,10.2355/isijinternational1966.23.785,False,False,False,True
608,1983Shibata183,1983Shibata,25,1.0,True,True,10.2355/isijinternational1966.23.785,False,False,False,True
609,1983Shibata184,1983Shibata,25,1.0,True,True,10.2355/isijinternational1966.23.785,False,False,False,True
610,1983Shibata185,1983Shibata,25,1.0,True,True,10.2355/isijinternational1966.23.785,False,False,False,True
611,1983Shibata186,1983Shibata,25,1.0,True,True,10.2355/isijinternational1966.23.785,False,False,False,True
612,1983Shibata187,1983Shibata,25,1.0,True,True,10.2355/isijinternational1966.23.785,False,False,False,True
613,1983Shibata188,1983Shibata,25,1.0,True,True,10.2355/isijinternational1966.23.785,False,False,False,True
614,1983Shibata189,1983Shibata,25,1.0,True,True,10.2355/isijinternational1966.23.785,False,False,False,True
615,1983Shibata190,1983Shibata,25,1.0,True,True,10.2355/isijinternational1966.23.785,False,False,False,True
616,1983Shibata191,1983Shibata,25,1.0,True,True,10.2355/isijinternational1966.23.785,False,False,False,True
617,1983Shibata192,1983Shibata,25,1.0,True,True,10.2355/isijinternational1966.23.785,False,False,False,True
618,1983Shibata193,1983Shibata,25,1.0,True,True,10.2355/isijinternational1966.23.785,False,False,False,True
619,1983Shibata194,1983Shibata,25,1.0,True,True,10.2355/isijinternational1966.23.785,False,False,False,True
620,1983Shibata195,1983Shibata,25,1.0,True,True,10.2355/isijinternational1966.23.785,False,False,False,True
621,1983Shibata196,1983Shibata,25,1.0,True,True,10.2355/isijinternational1966.23.785,False,False,False,True
622,1983Shibata197,1983Shibata,25,1.0,True,True,10.2355/isijinternational1966.23.785,False,False,False,True
623,1983Shibata198,1983Shibata,25,1.0,True,True,10.2355/isijinternational1966.23.785,False,False,False,True
624,1983Shibata199,1983Shibata,25,1.0,True,True,10.2355/isijinternational1966.23.785,False,False,False,True
625,1983Shibata200,1983Shibata,25,1.0,True,True,10.2355/isijinternational1966.23.785,False,False,False,True
626,1983Shibata201,1983Shibata,25,1.0,True,True,10.2355/isijinternational1966.23.785,False,False,False,True
627,1983Shibata202,1983Shibata,25,1.0,True,True,10.2355/isijinternational1966.23.785,False,False,False,True
628,1983Shibata203,1983Shibata,25,1.0,True,True,10.2355/isijinternational1966.23.785,False,False,False,True
629,1983Shibata204,1983Shibata,25,1.0,True,True,10.2355/isijinternational1966.23.785,False,False,False,True
630,1983Shibata205,1983Shibata,25,1.0,True,True,10.2355/isijinternational1966.23.785,False,False,False,True
631,1983Shibata206,1983Shibata,25,1.0,True,True,10.2355/isijinternational1966.23.785,False,False,False,True
632,1983Shibata207,1983Shibata,25,1.0,True,True,10.2355/isijinternational1966.23.785,False,False,False,True
633,1983Shibata208,1983Shibata,25,1.0,True,True,10.2355/isijinternational1966.23.785,False,False,False,True
634,1983Shibata209,1983Shibata,25,1.0,True,True,10.2355/isijinternational1966.23.785,False,False,False,True
635,1983Shibata210,1983Shibata,25,1.0,True,True,10.2355/isijinternational1966.23.785,False,False,False,True
636,1983Shibata211,1983Shibata,25,1.0,True,True,10.2355/isijinternational1966.23.785,False,False,False,True
637,1983Shibata212,1983Shibata,25,1.0,True,True,10.2355/isijinternational1966.23.785,False,False,False,True
638,1983Shibata213,1983Shibata,25,1.0,True,True,10.2355/isijinternational1966.23.785,False,False,False,True
639,1983Shibata214,1983Shibata,25,1.0,True,True,10.2355/isijinternational1966.23.785,False,False,False,True
640,1983Shibata215,1983Shibata,25,1.0,True,True,10.2355/isijinternational1966.23.785,False,False,False,True
641,1983Shibata216,1983Shibata,25,1.0,True,True,10.2355/isijinternational1966.23.785,False,False,False,True
642,1983Shibata217,1983Shibata,25,1.0,True,True,10.2355/isijinternational1966.23.785,False,False,False,True
643,1983Shibata218,1983Shibata,25,1.0,True,True,10.2355/isijinternational1966.23.785,False,False,False,True
644,1983Shibata219,1983Shibata,25,1.0,False,False,10.2355/isijinternational1966.23.785,False,False,False,False
645,1983Shibata220,1983Shibata,25,1.0,True,True,10.2355/isijinternational1966.23.785,False,False,False,True
646,1983Shibata221,1983Shibata,25,1.0,True,True,10.2355/isijinternational1966.23.785,False,False,False,True
647,1983Shibata222,1983Shibata,25,1.0,True,True,10.2355/isijinternational1966.23.785,False,False,False,True
648,1983Shibata223,1983Shibata,25,1.0,True,True,10.2355/isijinternational1966.23.785,False,False,False,True
649,1983Shibata224,1983Shibata,25,1.0,True,True,10.2355/isijinternational1966.23.785,False,False,False,True
650,1983Shibata225,1983Shibata,25,1.0,True,True,10.2355/isijinternational1966.23.785,False,False,False,True
651,1983Shibata226,1983Shibata,25,1.0,True,True,10.2355/isijinternational1966.23.785,False,False,False,True
652,1983Shibata227,1983Shibata,25,1.0,True,True,10.2355/isijinternational1966.23.785,False,False,False,True
653,1983Shibata228,1983Shibata,25,1.0,True,True,10.2355/isijinternational1966.23.785,False,False,False,True
654,1983Shibata229,1983Shibata,25,1.0,True,True,10.2355/isijinternational1966.23.785,False,False,False,True
655,1983Shibata230,1983Shibata,25,1.0,True,True,10.2355/isijinternational1966.23.785,False,False,False,True
656,1983Shibata231,1983Shibata,25,1.0,True,True,10.2355/isijinternational1966.23.785,False,False,False,True
657,1983Shibata232,1983Shibata,25,1.0,True,True,10.2355/isijinternational1966.23.785,False,False,False,True
658,1983Shibata233,1983Shibata,25,1.0,True,True,10.2355/isijinternational1966.23.785,False,False,False,True
659,1983Shibata234,1983Shibata,25,1.0,True,True,10.2355/isijinternational1966.23.785,False,False,False,True
660,1983Shibata235,1983Shibata,25,1.0,True,True,10.2355/isijinternational1966.23.785,False,False,False,True
661,1983Shibata236,1983Shibata,25,1.0,True,True,10.2355/isijinternational1966.23.785,False,False,False,True
662,1983Shibata237,1983Shibata,25,1.0,True,True,10.2355/isijinternational1966.23.785,False,False,False,True
663,1983Shibata238,1983Shibata,25,1.0,True,True,10.2355/isijinternational1966.23.785,False,False,False,True
664,1983Shibata239,1983Shibata,25,1.0,True,True,10.2355/isijinternational1966.23.785,False,False,False,True
665,1983Shibata240,1983Shibata,25,1.0,True,True,10.2355/isijinternational1966.23.785,False,False,False,True
666,1983Shibata241,1983Shibata,25,1.0,True,True,10.2355/isijinternational1966.23.785,False,False,False,True
667,1983Shibata242,1983Shibata,25,1.0,True,True,10.2355/isijinternational1966.23.785,False,False,False,True
668,77_1985Goetz_01,1985Goetz,26,1.0,True,True,10.1016/0010-938x(85)90057-5,True,True,False,False
669,77_1985Goetz_02,1985Goetz,26,1.0,True,True,10.1016/0010-938x(85)90057-5,True,True,False,False
670,77_1985Goetz_03,1985Goetz,26,1.0,True,True,10.1016/0010-938x(85)90057-5,True,True,False,False
671,77_1985Goetz_04,1985Goetz,26,1.0,True,True,10.1016/0010-938x(85)90057-5,True,True,False,False
672,68_1985Newman_01,1985Newman,27,1.0,True,True,10.1016/0010-938x(85)90112-x,True,True,False,False
673,68_1985Newman_02,1985Newman,27,1.0,True,True,10.1016/0010-938x(85)90112-x,True,True,False,False
674,1986Dawson01,1986Dawson,28,1.0,True,True,10.1016/0010-938x(86)90130-7,False,False,False,True
675,1986Dawson02,1986Dawson,28,1.0,True,True,10.1016/0010-938x(86)90130-7,False,False,False,True
676,1986Dawson03,1986Dawson,28,1.0,True,True,10.1016/0010-938x(86)90130-7,False,False,False,True
677,1986Dawson04,1986Dawson,28,1.0,True,True,10.1016/0010-938x(86)90130-7,False,False,False,True
678,1986Dawson05,1986Dawson,28,1.0,True,True,10.1016/0010-938x(86)90130-7,False,False,False,True
679,1986Dawson06,1986Dawson,28,1.0,True,True,10.1016/0010-938x(86)90130-7,False,False,False,True
680,42_1986Jargelius_01,1986Jargelius,29,1.0,True,True,,False,False,True,False
681,42_1986Jargelius_02,1986Jargelius,29,1.0,True,True,,False,False,True,False
682,42_1986Jargelius_03,1986Jargelius,29,1.0,True,True,,False,False,True,False
683,42_1986Jargelius_04,1986Jargelius,29,1.0,True,True,,False,False,True,False
684,42_1986Jargelius_05,1986Jargelius,29,1.0,True,True,,False,False,True,False
685,42_1986Jargelius_06,1986Jargelius,29,1.0,True,True,,False,False,True,False
686,42_1986Jargelius_07,1986Jargelius,29,1.0,True,True,,False,False,True,False
687,42_1986Jargelius_08,1986Jargelius,29,1.0,True,True,,False,False,True,False
688,72_1986Wilde_01,1986Wilde,30,1.0,True,True,10.5006/1.3584894,True,False,False,False
689,72_1986Wilde_02,1986Wilde,30,1.0,True,True,10.5006/1.3584894,True,False,False,False
690,72_1986Wilde_03,1986Wilde,30,1.0,True,True,10.5006/1.3584894,True,False,False,False
691,72_1986Wilde_04,1986Wilde,30,1.0,True,True,10.5006/1.3584894,True,False,False,False
692,72_1986Wilde_05,1986Wilde,30,1.0,True,True,10.5006/1.3584894,True,False,False,False
693,72_1986Wilde_06,1986Wilde,30,1.0,True,True,10.5006/1.3584894,True,False,False,False
694,72_1986Wilde_07,1986Wilde,30,1.0,True,True,10.5006/1.3584894,True,False,False,False
695,72_1986Wilde_08,1986Wilde,30,1.0,True,True,10.5006/1.3584894,True,False,False,False
696,72_1986Wilde_09,1986Wilde,30,1.0,True,True,10.5006/1.3584894,True,False,False,False
697,72_1986Wilde_10,1986Wilde,30,1.0,True,True,10.5006/1.3584894,True,False,False,False
698,72_1986Wilde_11,1986Wilde,30,1.0,True,True,10.5006/1.3584894,True,False,False,False
699,72_1986Wilde_12,1986Wilde,30,1.0,True,True,10.5006/1.3584894,True,False,False,False
700,72_1986Wilde_13,1986Wilde,30,1.0,True,True,10.5006/1.3584894,True,False,False,False
701,72_1986Wilde_14,1986Wilde,30,1.0,True,True,10.5006/1.3584894,True,False,False,False
702,72_1986Wilde_15,1986Wilde,30,1.0,True,True,10.5006/1.3584894,True,False,False,False
703,72_1986Wilde_16,1986Wilde,30,1.0,True,True,10.5006/1.3584894,True,False,False,False
704,72_1986Wilde_17,1986Wilde,30,1.0,True,True,10.5006/1.3584894,True,False,False,False
705,72_1986Wilde_18,1986Wilde,30,1.0,True,True,10.5006/1.3584894,True,False,False,False
706,72_1986Wilde_19,1986Wilde,30,1.0,True,True,10.5006/1.3584894,True,False,False,False
707,1988Baroux01,1988Baroux,31,1.0,True,True,10.1016/0010-938x(88)90015-7,False,False,False,True
708,1988Baroux02,1988Baroux,31,1.0,True,True,10.1016/0010-938x(88)90015-7,False,False,False,True
709,1988Baroux03,1988Baroux,31,1.0,True,True,10.1016/0010-938x(88)90015-7,False,False,False,True
710,1988Baroux04,1988Baroux,31,1.0,True,True,10.1016/0010-938x(88)90015-7,False,False,False,True
711,1988Baroux05,1988Baroux,31,1.0,True,True,10.1016/0010-938x(88)90015-7,False,False,False,True
712,1988Baroux06,1988Baroux,31,1.0,True,True,10.1016/0010-938x(88)90015-7,False,False,False,True
713,1988Baroux07,1988Baroux,31,1.0,True,True,10.1016/0010-938x(88)90015-7,False,False,False,True
714,1988Baroux08,1988Baroux,31,1.0,True,True,10.1016/0010-938x(88)90015-7,False,False,False,True
715,1988Baroux09,1988Baroux,31,1.0,True,True,10.1016/0010-938x(88)90015-7,False,False,False,True
716,1988Baroux10,1988Baroux,31,1.0,True,True,10.1016/0010-938x(88)90015-7,False,False,False,True
717,1988Baroux11,1988Baroux,31,1.0,True,True,10.1016/0010-938x(88)90015-7,False,False,False,True
718,1988Baroux12,1988Baroux,31,1.0,True,True,10.1016/0010-938x(88)90015-7,False,False,False,True
719,1988Baroux13,1988Baroux,31,1.0,True,True,10.1016/0010-938x(88)90015-7,False,False,False,True
720,1988Baroux14,1988Baroux,31,1.0,True,True,10.1016/0010-938x(88)90015-7,False,False,False,True
721,1988Baroux15,1988Baroux,31,1.0,True,True,10.1016/0010-938x(88)90015-7,False,False,False,True
722,1988Baroux16,1988Baroux,31,1.0,True,True,10.1016/0010-938x(88)90015-7,False,False,False,True
723,1988Baroux17,1988Baroux,31,1.0,True,True,10.1016/0010-938x(88)90015-7,False,False,False,True
724,1988Baroux18,1988Baroux,31,1.0,True,True,10.1016/0010-938x(88)90015-7,False,False,False,True
725,1988Baroux19,1988Baroux,31,1.0,True,True,10.1016/0010-938x(88)90015-7,False,False,False,True
726,1988Baroux20,1988Baroux,31,1.0,True,True,10.1016/0010-938x(88)90015-7,False,False,False,True
727,1988Baroux21,1988Baroux,31,1.0,True,True,10.1016/0010-938x(88)90015-7,False,False,False,True
728,1988Qvarfort01,1988Qvarfort,32,1.0,True,True,10.1016/0010-938x(88)90090-x,False,False,False,True
729,1988Qvarfort02,1988Qvarfort,32,1.0,True,True,10.1016/0010-938x(88)90090-x,False,False,False,True
730,1988Qvarfort03,1988Qvarfort,32,1.0,True,True,10.1016/0010-938x(88)90090-x,False,False,False,True
731,1988Qvarfort04,1988Qvarfort,32,1.0,True,True,10.1016/0010-938x(88)90090-x,False,False,False,True
732,1988Qvarfort05,1988Qvarfort,32,1.0,True,True,10.1016/0010-938x(88)90090-x,False,False,False,True
733,1988Qvarfort06,1988Qvarfort,32,1.0,True,True,10.1016/0010-938x(88)90090-x,False,False,False,True
734,1988Qvarfort07,1988Qvarfort,32,1.0,True,True,10.1016/0010-938x(88)90090-x,False,False,False,True
735,1988Qvarfort08,1988Qvarfort,32,1.0,True,True,10.1016/0010-938x(88)90090-x,False,False,False,True
736,1988Qvarfort09,1988Qvarfort,32,1.0,True,True,10.1016/0010-938x(88)90090-x,False,False,False,True
737,1988Qvarfort10,1988Qvarfort,32,1.0,True,True,10.1016/0010-938x(88)90090-x,False,False,False,True
738,1988Qvarfort11,1988Qvarfort,32,1.0,True,True,10.1016/0010-938x(88)90090-x,False,False,False,True
739,1988Qvarfort12,1988Qvarfort,32,1.0,True,True,10.1016/0010-938x(88)90090-x,False,False,False,True
740,1988Qvarfort13,1988Qvarfort,32,1.0,True,True,10.1016/0010-938x(88)90090-x,False,False,False,True
741,1988Qvarfort14,1988Qvarfort,32,1.0,True,True,10.1016/0010-938x(88)90090-x,False,False,False,True
742,1988Qvarfort15,1988Qvarfort,32,1.0,True,True,10.1016/0010-938x(88)90090-x,False,False,False,True
743,1988Qvarfort16,1988Qvarfort,32,1.0,True,True,10.1016/0010-938x(88)90090-x,False,False,False,True
744,1988Qvarfort17,1988Qvarfort,32,1.0,True,True,10.1016/0010-938x(88)90090-x,False,False,False,True
745,1988Qvarfort18,1988Qvarfort,32,1.0,True,True,10.1016/0010-938x(88)90090-x,False,False,False,True
746,1988Qvarfort19,1988Qvarfort,32,1.0,True,True,10.1016/0010-938x(88)90090-x,False,False,False,True
747,1988Qvarfort20,1988Qvarfort,32,1.0,True,True,10.1016/0010-938x(88)90090-x,False,False,False,True
748,1988Qvarfort21,1988Qvarfort,32,1.0,True,True,10.1016/0010-938x(88)90090-x,False,False,False,True
749,1988Qvarfort22,1988Qvarfort,32,1.0,True,True,10.1016/0010-938x(88)90090-x,False,False,False,True
750,1988Qvarfort23,1988Qvarfort,32,1.0,True,True,10.1016/0010-938x(88)90090-x,False,False,False,True
751,1988Qvarfort24,1988Qvarfort,32,1.0,True,True,10.1016/0010-938x(88)90090-x,False,False,False,True
752,1988Qvarfort25,1988Qvarfort,32,1.0,True,True,10.1016/0010-938x(88)90090-x,False,False,False,True
753,1988Qvarfort26,1988Qvarfort,32,1.0,True,True,10.1016/0010-938x(88)90090-x,False,False,False,True
754,1988Qvarfort27,1988Qvarfort,32,1.0,True,True,10.1016/0010-938x(88)90090-x,False,False,False,True
755,1988Qvarfort28,1988Qvarfort,32,1.0,True,True,10.1016/0010-938x(88)90090-x,False,False,False,True
756,1988Qvarfort29,1988Qvarfort,32,1.0,True,True,10.1016/0010-938x(88)90090-x,False,False,False,True
757,1988Qvarfort30,1988Qvarfort,32,1.0,True,True,10.1016/0010-938x(88)90090-x,False,False,False,True
758,1988Qvarfort31,1988Qvarfort,32,1.0,True,True,10.1016/0010-938x(88)90090-x,False,False,False,True
759,36_1988Roberge_01,1988Roberge,33,1.0,True,True,10.5006/1.3583937,True,True,False,False
760,36_1988Roberge_02,1988Roberge,33,1.0,True,True,10.5006/1.3583937,True,True,False,False
761,36_1988Roberge_03,1988Roberge,33,1.0,True,True,10.5006/1.3583937,True,True,False,False
762,36_1988Roberge_04,1988Roberge,33,1.0,True,True,10.5006/1.3583937,True,True,False,False
763,36_1988Roberge_05,1988Roberge,33,1.0,True,True,10.5006/1.3583937,True,True,False,False
764,36_1988Roberge_06,1988Roberge,33,1.0,True,True,10.5006/1.3583937,True,True,False,False
765,1988Tanno01,1988Tanno,34,1.0,True,True,10.3323/jcorr1974.37.2_81,False,False,False,True
766,1988Tanno02,1988Tanno,34,1.0,True,True,10.3323/jcorr1974.37.2_81,False,False,False,True
767,1988Tanno03,1988Tanno,34,1.0,True,True,10.3323/jcorr1974.37.2_81,False,False,False,True
768,1988Tanno04,1988Tanno,34,1.0,True,True,10.3323/jcorr1974.37.2_81,False,False,False,True
769,1988Tanno05,1988Tanno,34,1.0,True,True,10.3323/jcorr1974.37.2_81,False,False,False,True
770,1988Tanno06,1988Tanno,34,1.0,True,True,10.3323/jcorr1974.37.2_81,False,False,False,True
771,1988Tanno07,1988Tanno,34,1.0,True,True,10.3323/jcorr1974.37.2_81,False,False,False,True
772,1988Tanno08,1988Tanno,34,1.0,True,True,10.3323/jcorr1974.37.2_81,False,False,False,True
773,1988Tanno09,1988Tanno,34,1.0,True,True,10.3323/jcorr1974.37.2_81,False,False,False,True
774,1988Tanno10,1988Tanno,34,1.0,True,True,10.3323/jcorr1974.37.2_81,False,False,False,True
775,1988Tanno11,1988Tanno,34,1.0,True,True,10.3323/jcorr1974.37.2_81,False,False,False,True
776,1988Tanno12,1988Tanno,34,1.0,True,True,10.3323/jcorr1974.37.2_81,False,False,False,True
777,1988Tanno13,1988Tanno,34,1.0,True,True,10.3323/jcorr1974.37.2_81,False,False,False,True
778,1988Tanno14,1988Tanno,34,1.0,True,True,10.3323/jcorr1974.37.2_81,False,False,False,True
779,1988Tanno15,1988Tanno,34,1.0,True,True,10.3323/jcorr1974.37.2_81,False,False,False,True
780,1988Tanno16,1988Tanno,34,1.0,True,True,10.3323/jcorr1974.37.2_81,False,False,False,True
781,1988Tanno17,1988Tanno,34,1.0,True,True,10.3323/jcorr1974.37.2_81,False,False,False,True
782,1988Tanno18,1988Tanno,34,1.0,True,True,10.3323/jcorr1974.37.2_81,False,False,False,True
783,1988Tanno19,1988Tanno,34,1.0,True,True,10.3323/jcorr1974.37.2_81,False,False,False,True
784,1988Tanno20,1988Tanno,34,1.0,True,True,10.3323/jcorr1974.37.2_81,False,False,False,True
785,1988Tanno21,1988Tanno,34,1.0,True,True,10.3323/jcorr1974.37.2_81,False,False,False,True
786,38_1988Tsuge_01,1988Tsuge,35,1.0,True,True,10.5006/1.3583942,True,True,False,False
787,38_1988Tsuge_02,1988Tsuge,35,1.0,True,True,10.5006/1.3583942,True,True,False,False
788,38_1988Tsuge_03,1988Tsuge,35,1.0,True,True,10.5006/1.3583942,True,True,False,False
789,38_1988Tsuge_04,1988Tsuge,35,1.0,True,True,10.5006/1.3583942,True,True,False,False
790,38_1988Tsuge_05,1988Tsuge,35,1.0,True,True,10.5006/1.3583942,True,True,False,False
791,38_1988Tsuge_06,1988Tsuge,35,1.0,True,True,10.5006/1.3583942,True,True,False,False
792,38_1988Tsuge_07,1988Tsuge,35,1.0,True,True,10.5006/1.3583942,True,True,False,False
793,38_1988Tsuge_08,1988Tsuge,35,1.0,True,True,10.5006/1.3583942,True,True,False,False
794,38_1988Tsuge_09,1988Tsuge,35,1.0,True,True,10.5006/1.3583942,True,True,False,False
795,38_1988Tsuge_10,1988Tsuge,35,1.0,True,True,10.5006/1.3583942,True,True,False,False
796,38_1988Tsuge_11,1988Tsuge,35,1.0,True,True,10.5006/1.3583942,True,True,False,False
797,38_1988Tsuge_12,1988Tsuge,35,1.0,True,True,10.5006/1.3583942,True,True,False,False
798,38_1988Tsuge_13,1988Tsuge,35,1.0,True,True,10.5006/1.3583942,True,True,False,False
799,38_1988Tsuge_14,1988Tsuge,35,1.0,True,True,10.5006/1.3583942,True,True,False,False
800,38_1988Tsuge_15,1988Tsuge,35,1.0,True,True,10.5006/1.3583942,True,True,False,False
801,38_1988Tsuge_16,1988Tsuge,35,1.0,True,True,10.5006/1.3583942,True,True,False,False
802,38_1988Tsuge_17,1988Tsuge,35,1.0,True,True,10.5006/1.3583942,True,True,False,False
803,63_1989Lu_01,1989Lu,36,1.0,True,True,10.1016/0010-938x(89)90058-9,True,True,False,False
804,63_1989Lu_02,1989Lu,36,1.0,True,True,10.1016/0010-938x(89)90058-9,True,True,False,False
805,41_1989Pawel_01,1989Pawel,37,1.0,True,True,10.5006/1.3577829,True,True,False,False
806,41_1989Pawel_02,1989Pawel,37,1.0,True,True,10.5006/1.3577829,True,True,False,False
807,41_1989Pawel_03,1989Pawel,37,1.0,True,True,10.5006/1.3577829,True,True,False,False
808,41_1989Pawel_04,1989Pawel,37,1.0,True,True,10.5006/1.3577829,True,True,False,False
809,41_1989Pawel_05,1989Pawel,37,1.0,True,True,10.5006/1.3577829,True,True,False,False
810,41_1989Pawel_06,1989Pawel,37,1.0,True,True,10.5006/1.3577829,True,True,False,False
811,8_1990Guo_01,1990Guo,38,1.0,True,True,10.5006/1.3585076,True,True,False,False
812,8_1990Guo_02,1990Guo,38,1.0,True,True,10.5006/1.3585076,True,True,False,False
813,8_1990Guo_03,1990Guo,38,1.0,True,True,10.5006/1.3585076,True,True,False,False
814,8_1990Guo_04,1990Guo,38,1.0,True,True,10.5006/1.3585076,True,True,False,False
815,8_1990Guo_05,1990Guo,38,1.0,True,True,10.5006/1.3585076,True,True,False,False
816,8_1990Guo_06,1990Guo,38,1.0,True,True,10.5006/1.3585076,True,True,False,False
817,8_1990Guo_07,1990Guo,38,1.0,True,True,10.5006/1.3585076,True,True,False,False
818,8_1990Guo_08,1990Guo,38,1.0,True,True,10.5006/1.3585076,True,True,False,False
819,64_1990Ives_01,1990Ives,39,1.0,True,True,10.1016/0010-938x(90)90133-p,True,True,False,False
820,64_1990Ives_02,1990Ives,39,1.0,True,True,10.1016/0010-938x(90)90133-p,True,True,False,False
821,59_1990Landolt_01,1990Landolt,40,1.0,True,True,10.1016/0010-938x(90)90142-r,True,True,False,False
822,59_1990Landolt_02,1990Landolt,40,1.0,True,True,10.1016/0010-938x(90)90142-r,True,True,False,False
823,1990Nishimura01,1990Nishimura,41,1.0,True,True,10.1016/0010-938x(90)90149-y,False,False,False,True
824,1990Nishimura02,1990Nishimura,41,1.0,True,True,10.1016/0010-938x(90)90149-y,False,False,False,True
825,16_1991Azuma_01,1991Azuma,42,1.0,True,True,,False,False,True,False
826,16_1991Azuma_02,1991Azuma,42,1.0,True,True,,False,False,True,False
827,16_1991Azuma_03,1991Azuma,42,1.0,True,True,,False,False,True,False
828,16_1991Azuma_04,1991Azuma,42,1.0,True,True,,False,False,True,False
829,16_1991Azuma_05,1991Azuma,42,1.0,True,True,,False,False,True,False
830,16_1991Azuma_06,1991Azuma,42,1.0,True,True,,False,False,True,False
831,16_1991Azuma_07,1991Azuma,42,1.0,True,True,,False,False,True,False
832,16_1991Azuma_08,1991Azuma,42,1.0,True,True,,False,False,True,False
833,16_1991Azuma_09,1991Azuma,42,1.0,True,True,,False,False,True,False
834,16_1991Azuma_10,1991Azuma,42,1.0,True,True,,False,False,True,False
835,16_1991Azuma_11,1991Azuma,42,1.0,True,True,,False,False,True,False
836,16_1991Azuma_12,1991Azuma,42,1.0,True,True,,False,False,True,False
837,1991Cortest01,1991Cortest,43,1.0,True,True,,False,False,False,True
838,1991Cortest02,1991Cortest,43,1.0,True,True,,False,False,False,True
839,1991Cortest03,1991Cortest,43,1.0,True,True,,False,False,False,True
840,1991Cortest04,1991Cortest,43,1.0,True,True,,False,False,False,True
841,1991Cortest05,1991Cortest,43,1.0,True,True,,False,False,False,True
842,1991Cortest06,1991Cortest,43,1.0,True,True,,False,False,False,True
843,1991Cortest07,1991Cortest,43,1.0,True,True,,False,False,False,True
844,1991Cortest08,1991Cortest,43,1.0,True,True,,False,False,False,True
845,1991Cortest09,1991Cortest,43,1.0,True,True,,False,False,False,True
846,1991Cortest10,1991Cortest,43,1.0,True,True,,False,False,False,True
847,1991Cortest11,1991Cortest,43,1.0,True,True,,False,False,False,True
848,1991Cortest12,1991Cortest,43,1.0,True,True,,False,False,False,True
849,1991Cortest13,1991Cortest,43,1.0,True,True,,False,False,False,True
850,1991Cortest14,1991Cortest,43,1.0,True,True,,False,False,False,True
851,1991Cortest15,1991Cortest,43,1.0,True,True,,False,False,False,True
852,1991Cortest16,1991Cortest,43,1.0,True,True,,False,False,False,True
853,1991Cortest17,1991Cortest,43,1.0,True,True,,False,False,False,True
854,1991Cortest18,1991Cortest,43,1.0,True,True,,False,False,False,True
855,1991Cortest19,1991Cortest,43,1.0,True,True,,False,False,False,True
856,1991Cortest20,1991Cortest,43,1.0,True,True,,False,False,False,True
857,1991Cortest21,1991Cortest,43,1.0,True,True,,False,False,False,True
858,1991Cortest22,1991Cortest,43,1.0,True,True,,False,False,False,True
859,1991Cortest23,1991Cortest,43,1.0,True,True,,False,False,False,True
860,1991Cortest24,1991Cortest,43,1.0,True,True,,False,False,False,True
861,1991Cortest25,1991Cortest,43,1.0,True,True,,False,False,False,True
862,1991Cortest26,1991Cortest,43,1.0,True,True,,False,False,False,True
863,1991Cortest27,1991Cortest,43,1.0,True,True,,False,False,False,True
864,1991Cortest28,1991Cortest,43,1.0,True,True,,False,False,False,True
865,1991Cortest29,1991Cortest,43,1.0,True,True,,False,False,False,True
866,1991Cortest30,1991Cortest,43,1.0,True,True,,False,False,False,True
867,1991Cortest31,1991Cortest,43,1.0,True,True,,False,False,False,True
868,1991Cortest32,1991Cortest,43,1.0,True,True,,False,False,False,True
869,1991Cortest33,1991Cortest,43,0.0,True,False,,False,False,False,False
870,1991Cortest34,1991Cortest,43,0.0,True,False,,False,False,False,False
871,1991Cortest35,1991Cortest,43,1.0,True,True,,False,False,False,True
872,1991Cortest36,1991Cortest,43,1.0,True,True,,False,False,False,True
873,1991Cortest37,1991Cortest,43,1.0,True,True,,False,False,False,True
874,1991Cortest38,1991Cortest,43,1.0,True,True,,False,False,False,True
875,1991Cortest39,1991Cortest,43,0.0,True,False,,False,False,False,False
876,1991Cortest40,1991Cortest,43,0.0,True,False,,False,False,False,False
877,58_1991Mischler_01,1991Mischler,44,1.0,True,True,10.1016/0010-938x(91)90013-f,True,True,False,False
878,58_1991Mischler_02,1991Mischler,44,1.0,True,True,10.1016/0010-938x(91)90013-f,True,True,False,False
879,58_1991Mischler_03,1991Mischler,44,1.0,True,True,10.1016/0010-938x(91)90013-f,True,True,False,False
880,58_1991Mischler_04,1991Mischler,44,1.0,True,True,10.1016/0010-938x(91)90013-f,True,True,False,False
881,1991Urgen01,1991Urgen,45,1.0,True,True,10.1016/0010-938x(91)90028-n,False,False,False,True
882,1991Urgen02,1991Urgen,45,1.0,True,True,10.1016/0010-938x(91)90028-n,False,False,False,True
883,1991Urgen03,1991Urgen,45,1.0,True,True,10.1016/0010-938x(91)90028-n,False,False,False,True
884,1991Urgen04,1991Urgen,45,1.0,True,True,10.1016/0010-938x(91)90028-n,False,False,False,True
885,1991Urgen05,1991Urgen,45,1.0,True,True,10.1016/0010-938x(91)90028-n,False,False,False,True
886,1991Urgen06,1991Urgen,45,1.0,True,True,10.1016/0010-938x(91)90028-n,False,False,False,True
887,1991Urgen07,1991Urgen,45,1.0,True,True,10.1016/0010-938x(91)90028-n,False,False,False,True
888,1991Urgen08,1991Urgen,45,1.0,True,True,10.1016/0010-938x(91)90028-n,False,False,False,True
889,1991Urgen09,1991Urgen,45,1.0,True,True,10.1016/0010-938x(91)90028-n,False,False,False,True
890,1991Urgen10,1991Urgen,45,1.0,True,True,10.1016/0010-938x(91)90028-n,False,False,False,True
891,1991Urgen11,1991Urgen,45,1.0,True,True,10.1016/0010-938x(91)90028-n,False,False,False,True
892,1991Urgen12,1991Urgen,45,1.0,True,True,10.1016/0010-938x(91)90028-n,False,False,False,True
893,1991Urgen13,1991Urgen,45,1.0,True,True,10.1016/0010-938x(91)90028-n,False,False,False,True
894,1991Urgen14,1991Urgen,45,1.0,True,True,10.1016/0010-938x(91)90028-n,False,False,False,True
895,1991Urgen15,1991Urgen,45,1.0,True,True,10.1016/0010-938x(91)90028-n,False,False,False,True
896,1991Urgen16,1991Urgen,45,1.0,True,True,10.1016/0010-938x(91)90028-n,False,False,False,True
897,1991Urgen17,1991Urgen,45,1.0,True,True,10.1016/0010-938x(91)90028-n,False,False,False,True
898,1991Urgen18,1991Urgen,45,1.0,True,True,10.1016/0010-938x(91)90028-n,False,False,False,True
899,1991Urgen19,1991Urgen,45,1.0,True,True,10.1016/0010-938x(91)90028-n,False,False,False,True
900,1991Urgen20,1991Urgen,45,1.0,True,True,10.1016/0010-938x(91)90028-n,False,False,False,True
901,1991Urgen21,1991Urgen,45,1.0,True,True,10.1016/0010-938x(91)90028-n,False,False,False,True
902,1991Urgen22,1991Urgen,45,1.0,True,True,10.1016/0010-938x(91)90028-n,False,False,False,True
903,1991Urgen23,1991Urgen,45,1.0,True,True,10.1016/0010-938x(91)90028-n,False,False,False,True
904,1991Urgen24,1991Urgen,45,1.0,True,True,10.1016/0010-938x(91)90028-n,False,False,False,True
905,1991Urgen25,1991Urgen,45,1.0,True,True,10.1016/0010-938x(91)90028-n,False,False,False,True
906,1991Urgen26,1991Urgen,45,1.0,True,True,10.1016/0010-938x(91)90028-n,False,False,False,True
907,1991Urgen27,1991Urgen,45,1.0,True,True,10.1016/0010-938x(91)90028-n,False,False,False,True
908,1991Urgen28,1991Urgen,45,1.0,True,True,10.1016/0010-938x(91)90028-n,False,False,False,True
909,1991Urgen29,1991Urgen,45,1.0,True,True,10.1016/0010-938x(91)90028-n,False,False,False,True
910,1991Urgen30,1991Urgen,45,1.0,True,True,10.1016/0010-938x(91)90028-n,False,False,False,True
911,1991Urgen31,1991Urgen,45,1.0,True,True,10.1016/0010-938x(91)90028-n,False,False,False,True
912,1991Urgen32,1991Urgen,45,1.0,True,True,10.1016/0010-938x(91)90028-n,False,False,False,True
913,1991Urgen33,1991Urgen,45,1.0,True,True,10.1016/0010-938x(91)90028-n,False,False,False,True
914,1991Urgen34,1991Urgen,45,1.0,True,True,10.1016/0010-938x(91)90028-n,False,False,False,True
915,1991Urgen35,1991Urgen,45,1.0,True,True,10.1016/0010-938x(91)90028-n,False,False,False,True
916,1991Urgen36,1991Urgen,45,1.0,True,True,10.1016/0010-938x(91)90028-n,False,False,False,True
917,1991Urgen37,1991Urgen,45,1.0,True,True,10.1016/0010-938x(91)90028-n,False,False,False,True
918,1991Urgen38,1991Urgen,45,1.0,True,True,10.1016/0010-938x(91)90028-n,False,False,False,True
919,1991Urgen39,1991Urgen,45,1.0,True,True,10.1016/0010-938x(91)90028-n,False,False,False,True
920,1991Urgen40,1991Urgen,45,1.0,True,True,10.1016/0010-938x(91)90028-n,False,False,False,True
921,1991Urgen41,1991Urgen,45,1.0,True,True,10.1016/0010-938x(91)90028-n,False,False,False,True
922,1991Urgen42,1991Urgen,45,1.0,True,True,10.1016/0010-938x(91)90028-n,False,False,False,True
923,1991Urgen43,1991Urgen,45,1.0,True,True,10.1016/0010-938x(91)90028-n,False,False,False,True
924,1991Urgen44,1991Urgen,45,1.0,True,True,10.1016/0010-938x(91)90028-n,False,False,False,True
925,1991Urgen45,1991Urgen,45,1.0,True,True,10.1016/0010-938x(91)90028-n,False,False,False,True
926,1991Urgen46,1991Urgen,45,1.0,True,True,10.1016/0010-938x(91)90028-n,False,False,False,True
927,1991Urgen47,1991Urgen,45,1.0,True,True,10.1016/0010-938x(91)90028-n,False,False,False,True
928,1991Urgen48,1991Urgen,45,1.0,True,True,10.1016/0010-938x(91)90028-n,False,False,False,True
929,1991Urgen49,1991Urgen,45,1.0,True,True,10.1016/0010-938x(91)90028-n,False,False,False,True
930,1991Urgen50,1991Urgen,45,1.0,True,True,10.1016/0010-938x(91)90028-n,False,False,False,True
931,1991Urgen51,1991Urgen,45,1.0,True,True,10.1016/0010-938x(91)90028-n,False,False,False,True
932,1991Urgen52,1991Urgen,45,1.0,True,True,10.1016/0010-938x(91)90028-n,False,False,False,True
933,1991Urgen53,1991Urgen,45,1.0,True,True,10.1016/0010-938x(91)90028-n,False,False,False,True
934,1991Urgen54,1991Urgen,45,1.0,True,True,10.1016/0010-938x(91)90028-n,False,False,False,True
935,1991Urgen55,1991Urgen,45,1.0,True,True,10.1016/0010-938x(91)90028-n,False,False,False,True
936,1991Urgen56,1991Urgen,45,1.0,True,True,10.1016/0010-938x(91)90028-n,False,False,False,True
937,1991Urgen57,1991Urgen,45,1.0,True,True,10.1016/0010-938x(91)90028-n,False,False,False,True
938,1991Urgen58,1991Urgen,45,1.0,True,True,10.1016/0010-938x(91)90028-n,False,False,False,True
939,1991Urgen59,1991Urgen,45,1.0,True,True,10.1016/0010-938x(91)90028-n,False,False,False,True
940,1991Urgen60,1991Urgen,45,1.0,True,True,10.1016/0010-938x(91)90028-n,False,False,False,True
941,1991Urgen61,1991Urgen,45,1.0,True,True,10.1016/0010-938x(91)90028-n,False,False,False,True
942,1991Urgen62,1991Urgen,45,1.0,True,True,10.1016/0010-938x(91)90028-n,False,False,False,True
943,1991Urgen63,1991Urgen,45,1.0,True,True,10.1016/0010-938x(91)90028-n,False,False,False,True
944,1991Urgen64,1991Urgen,45,1.0,True,True,10.1016/0010-938x(91)90028-n,False,False,False,True
945,1991Urgen65,1991Urgen,45,1.0,True,True,10.1016/0010-938x(91)90028-n,False,False,False,True
946,1991Urgen66,1991Urgen,45,1.0,True,True,10.1016/0010-938x(91)90028-n,False,False,False,True
947,1991Urgen67,1991Urgen,45,1.0,True,True,10.1016/0010-938x(91)90028-n,False,False,False,True
948,1991Urgen68,1991Urgen,45,1.0,True,True,10.1016/0010-938x(91)90028-n,False,False,False,True
949,1991Urgen69,1991Urgen,45,1.0,True,True,10.1016/0010-938x(91)90028-n,False,False,False,True
950,1991Urgen70,1991Urgen,45,1.0,True,True,10.1016/0010-938x(91)90028-n,False,False,False,True
951,1991Urgen71,1991Urgen,45,1.0,True,True,10.1016/0010-938x(91)90028-n,False,False,False,True
952,1991Urgen72,1991Urgen,45,1.0,True,True,10.1016/0010-938x(91)90028-n,False,False,False,True
953,1991Urgen73,1991Urgen,45,1.0,True,True,10.1016/0010-938x(91)90028-n,False,False,False,True
954,1991Urgen74,1991Urgen,45,1.0,True,True,10.1016/0010-938x(91)90028-n,False,False,False,True
955,1991Urgen75,1991Urgen,45,1.0,True,True,10.1016/0010-938x(91)90028-n,False,False,False,True
956,1991Urgen76,1991Urgen,45,1.0,True,True,10.1016/0010-938x(91)90028-n,False,False,False,True
957,1991Urgen77,1991Urgen,45,1.0,True,True,10.1016/0010-938x(91)90028-n,False,False,False,True
958,1991Urgen78,1991Urgen,45,1.0,True,True,10.1016/0010-938x(91)90028-n,False,False,False,True
959,1991Urgen79,1991Urgen,45,1.0,True,True,10.1016/0010-938x(91)90028-n,False,False,False,True
960,1991Urgen80,1991Urgen,45,1.0,True,True,10.1016/0010-938x(91)90028-n,False,False,False,True
961,1991Urgen81,1991Urgen,45,1.0,True,True,10.1016/0010-938x(91)90028-n,False,False,False,True
962,1991Urgen82,1991Urgen,45,1.0,True,True,10.1016/0010-938x(91)90028-n,False,False,False,True
963,1991Urgen83,1991Urgen,45,1.0,True,True,10.1016/0010-938x(91)90028-n,False,False,False,True
964,1991Urgen84,1991Urgen,45,1.0,True,True,10.1016/0010-938x(91)90028-n,False,False,False,True
965,1991Urgen85,1991Urgen,45,1.0,True,True,10.1016/0010-938x(91)90028-n,False,False,False,True
966,1991Urgen86,1991Urgen,45,1.0,True,True,10.1016/0010-938x(91)90028-n,False,False,False,True
967,1991Urgen87,1991Urgen,45,1.0,True,True,10.1016/0010-938x(91)90028-n,False,False,False,True
968,1991Urgen88,1991Urgen,45,1.0,True,True,10.1016/0010-938x(91)90028-n,False,False,False,True
969,1992Malik01,1992Malik,46,1.0,True,True,10.1016/0010-938x(92)90011-q,False,False,False,True
970,1992Malik02,1992Malik,46,1.0,True,True,10.1016/0010-938x(92)90011-q,False,False,False,True
971,1992Malik03,1992Malik,46,1.0,True,True,10.1016/0010-938x(92)90011-q,False,False,False,True
972,1992Malik04,1992Malik,46,1.0,True,True,10.1016/0010-938x(92)90011-q,False,False,False,True
973,1992Malik05,1992Malik,46,1.0,True,True,10.1016/0010-938x(92)90011-q,False,False,False,True
974,1992Malik06,1992Malik,46,1.0,True,True,10.1016/0010-938x(92)90011-q,False,False,False,True
975,1992Malik07,1992Malik,46,1.0,True,True,10.1016/0010-938x(92)90011-q,False,False,False,True
976,1992Malik08,1992Malik,46,1.0,True,True,10.1016/0010-938x(92)90011-q,False,False,False,True
977,1992Malik09,1992Malik,46,1.0,True,True,10.1016/0010-938x(92)90011-q,False,False,False,True
978,1992Malik10,1992Malik,46,1.0,True,True,10.1016/0010-938x(92)90011-q,False,False,False,True
979,1992Malik11,1992Malik,46,1.0,True,True,10.1016/0010-938x(92)90011-q,False,False,False,True
980,1992Malik12,1992Malik,46,1.0,True,True,10.1016/0010-938x(92)90011-q,False,False,False,True
981,1992Malik13,1992Malik,46,1.0,True,True,10.1016/0010-938x(92)90011-q,False,False,False,True
982,1992Malik14,1992Malik,46,1.0,True,True,10.1016/0010-938x(92)90011-q,False,False,False,True
983,1992Malik15,1992Malik,46,1.0,True,True,10.1016/0010-938x(92)90011-q,False,False,False,True
984,1992Malik16,1992Malik,46,1.0,True,True,10.1016/0010-938x(92)90011-q,False,False,False,True
985,1992Malik17,1992Malik,46,1.0,True,True,10.1016/0010-938x(92)90011-q,False,False,False,True
986,1992Malik18,1992Malik,46,1.0,True,True,10.1016/0010-938x(92)90011-q,False,False,False,True
987,1992Malik19,1992Malik,46,1.0,True,True,10.1016/0010-938x(92)90011-q,False,False,False,True
988,1992Malik20,1992Malik,46,1.0,True,True,10.1016/0010-938x(92)90011-q,False,False,False,True
989,1992Mansfeld01,1992Mansfeld,47,1.0,True,True,10.1016/0010-938x(92)90073-c,False,False,False,True
990,1992Mansfeld02,1992Mansfeld,47,1.0,True,True,10.1016/0010-938x(92)90073-c,False,False,False,True
991,1992Mansfeld03,1992Mansfeld,47,1.0,True,True,10.1016/0010-938x(92)90073-c,False,False,False,True
992,1992Mansfeld04,1992Mansfeld,47,1.0,True,True,10.1016/0010-938x(92)90073-c,False,False,False,True
993,1992Mansfeld05,1992Mansfeld,47,0.0,True,False,10.1016/0010-938x(92)90073-c,False,False,False,False
994,1992Mansfeld06,1992Mansfeld,47,0.0,True,False,10.1016/0010-938x(92)90073-c,False,False,False,False
995,1992Mansfeld07,1992Mansfeld,47,0.0,True,False,10.1016/0010-938x(92)90073-c,False,False,False,False
996,1992Mansfeld08,1992Mansfeld,47,0.0,True,False,10.1016/0010-938x(92)90073-c,False,False,False,False
997,1992Sabot01,1992Sabot,48,1.0,True,True,10.1016/0010-938x(92)90166-z,False,False,False,True
998,1992Sabot02,1992Sabot,48,1.0,True,True,10.1016/0010-938x(92)90166-z,False,False,False,True
999,1992Sabot03,1992Sabot,48,1.0,True,True,10.1016/0010-938x(92)90166-z,False,False,False,True
1000,1993Lemaitre01,1993Lemaitre,49,1.0,True,True,10.1016/0010-938x(93)90027-e,False,False,False,True
1001,1993Lemaitre02,1993Lemaitre,49,1.0,True,True,10.1016/0010-938x(93)90027-e,False,False,False,True
1002,1993Lemaitre03,1993Lemaitre,49,1.0,True,True,10.1016/0010-938x(93)90027-e,False,False,False,True
1003,1993Lemaitre04,1993Lemaitre,49,1.0,True,True,10.1016/0010-938x(93)90027-e,False,False,False,True
1004,1993Lemaitre05,1993Lemaitre,49,1.0,True,True,10.1016/0010-938x(93)90027-e,False,False,False,True
1005,1993Lemaitre06,1993Lemaitre,49,1.0,True,True,10.1016/0010-938x(93)90027-e,False,False,False,True
1006,1993Lemaitre07,1993Lemaitre,49,1.0,True,True,10.1016/0010-938x(93)90027-e,False,False,False,True
1007,1993Lemaitre08,1993Lemaitre,49,1.0,True,True,10.1016/0010-938x(93)90027-e,False,False,False,True
1008,1993Lemaitre09,1993Lemaitre,49,1.0,True,True,10.1016/0010-938x(93)90027-e,False,False,False,True
1009,1993Lemaitre10,1993Lemaitre,49,1.0,True,True,10.1016/0010-938x(93)90027-e,False,False,False,True
1010,1993Lemaitre11,1993Lemaitre,49,1.0,True,True,10.1016/0010-938x(93)90027-e,False,False,False,True
1011,1993Lemaitre12,1993Lemaitre,49,1.0,True,True,10.1016/0010-938x(93)90027-e,False,False,False,True
1012,1993Lemaitre13,1993Lemaitre,49,1.0,True,True,10.1016/0010-938x(93)90027-e,False,False,False,True
1013,1993Lemaitre14,1993Lemaitre,49,1.0,True,True,10.1016/0010-938x(93)90027-e,False,False,False,True
1014,1993Lemaitre15,1993Lemaitre,49,1.0,True,True,10.1016/0010-938x(93)90027-e,False,False,False,True
1015,1993Lemaitre16,1993Lemaitre,49,1.0,True,True,10.1016/0010-938x(93)90027-e,False,False,False,True
1016,1993Lemaitre17,1993Lemaitre,49,1.0,True,True,10.1016/0010-938x(93)90027-e,False,False,False,True
1017,1993Lemaitre18,1993Lemaitre,49,1.0,True,True,10.1016/0010-938x(93)90027-e,False,False,False,True
1018,1993Lemaitre19,1993Lemaitre,49,1.0,True,True,10.1016/0010-938x(93)90027-e,False,False,False,True
1019,1993Lemaitre20,1993Lemaitre,49,1.0,True,True,10.1016/0010-938x(93)90027-e,False,False,False,True
1020,1993Lemaitre21,1993Lemaitre,49,1.0,True,True,10.1016/0010-938x(93)90027-e,False,False,False,True
1021,1993Lemaitre22,1993Lemaitre,49,1.0,True,True,10.1016/0010-938x(93)90027-e,False,False,False,True
1022,1993Lemaitre23,1993Lemaitre,49,1.0,True,True,10.1016/0010-938x(93)90027-e,False,False,False,True
1023,1993Lemaitre24,1993Lemaitre,49,1.0,True,True,10.1016/0010-938x(93)90027-e,False,False,False,True
1024,1993Lemaitre25,1993Lemaitre,49,1.0,True,True,10.1016/0010-938x(93)90027-e,False,False,False,True
1025,1993Lemaitre26,1993Lemaitre,49,1.0,True,True,10.1016/0010-938x(93)90027-e,False,False,False,True
1026,1993Lemaitre27,1993Lemaitre,49,1.0,True,True,10.1016/0010-938x(93)90027-e,False,False,False,True
1027,1993Lemaitre28,1993Lemaitre,49,1.0,True,True,10.1016/0010-938x(93)90027-e,False,False,False,True
1028,1993Lemaitre29,1993Lemaitre,49,1.0,True,True,10.1016/0010-938x(93)90027-e,False,False,False,True
1029,1993Lemaitre30,1993Lemaitre,49,1.0,False,False,10.1016/0010-938x(93)90027-e,False,False,False,False
1030,1993Lemaitre31,1993Lemaitre,49,1.0,True,True,10.1016/0010-938x(93)90027-e,False,False,False,True
1031,1993Lemaitre32,1993Lemaitre,49,1.0,True,True,10.1016/0010-938x(93)90027-e,False,False,False,True
1032,1993Lemaitre33,1993Lemaitre,49,1.0,True,True,10.1016/0010-938x(93)90027-e,False,False,False,True
1033,1993Lemaitre34,1993Lemaitre,49,1.0,True,True,10.1016/0010-938x(93)90027-e,False,False,False,True
1034,1993Lemaitre35,1993Lemaitre,49,1.0,True,True,10.1016/0010-938x(93)90027-e,False,False,False,True
1035,1993Lemaitre36,1993Lemaitre,49,1.0,True,True,10.1016/0010-938x(93)90027-e,False,False,False,True
1036,1993Lemaitre37,1993Lemaitre,49,1.0,True,True,10.1016/0010-938x(93)90027-e,False,False,False,True
1037,1993Lemaitre38,1993Lemaitre,49,1.0,True,True,10.1016/0010-938x(93)90027-e,False,False,False,True
1038,1993Lemaitre39,1993Lemaitre,49,1.0,True,True,10.1016/0010-938x(93)90027-e,False,False,False,True
1039,1993Lemaitre40,1993Lemaitre,49,1.0,True,True,10.1016/0010-938x(93)90027-e,False,False,False,True
1040,1993Lemaitre41,1993Lemaitre,49,1.0,True,True,10.1016/0010-938x(93)90027-e,False,False,False,True
1041,1993Lemaitre42,1993Lemaitre,49,1.0,True,True,10.1016/0010-938x(93)90027-e,False,False,False,True
1042,1993Lemaitre43,1993Lemaitre,49,1.0,True,True,10.1016/0010-938x(93)90027-e,False,False,False,True
1043,1993Lemaitre44,1993Lemaitre,49,1.0,True,True,10.1016/0010-938x(93)90027-e,False,False,False,True
1044,1993Lemaitre45,1993Lemaitre,49,1.0,True,True,10.1016/0010-938x(93)90027-e,False,False,False,True
1045,1993Lemaitre46,1993Lemaitre,49,1.0,True,True,10.1016/0010-938x(93)90027-e,False,False,False,True
1046,1993Lemaitre47,1993Lemaitre,49,1.0,True,True,10.1016/0010-938x(93)90027-e,False,False,False,True
1047,1993Lemaitre48,1993Lemaitre,49,1.0,True,True,10.1016/0010-938x(93)90027-e,False,False,False,True
1048,1993Lemaitre49,1993Lemaitre,49,1.0,True,True,10.1016/0010-938x(93)90027-e,False,False,False,True
1049,1993Lemaitre50,1993Lemaitre,49,1.0,True,True,10.1016/0010-938x(93)90027-e,False,False,False,True
1050,1993Lemaitre51,1993Lemaitre,49,1.0,True,True,10.1016/0010-938x(93)90027-e,False,False,False,True
1051,1993Lemaitre52,1993Lemaitre,49,1.0,True,True,10.1016/0010-938x(93)90027-e,False,False,False,True
1052,1993Lemaitre53,1993Lemaitre,49,1.0,True,True,10.1016/0010-938x(93)90027-e,False,False,False,True
1053,45_1993Palit_01,1993Palit,50,1.0,True,True,10.5006/1.3316025,True,True,False,False
1054,45_1993Palit_02,1993Palit,50,1.0,True,True,10.5006/1.3316025,True,True,False,False
1055,45_1993Palit_03,1993Palit,50,1.0,True,True,10.5006/1.3316025,True,True,False,False
1056,45_1993Palit_04,1993Palit,50,1.0,True,True,10.5006/1.3316025,True,True,False,False
1057,9_1994Carroll_01,1994Carroll,51,1.0,True,True,10.1016/0010-938x(94)90061-2,True,True,False,False
1058,9_1994Carroll_02,1994Carroll,51,1.0,True,True,10.1016/0010-938x(94)90061-2,True,True,False,False
1059,9_1994Carroll_03,1994Carroll,51,1.0,True,True,10.1016/0010-938x(94)90061-2,True,True,False,False
1060,9_1994Carroll_04,1994Carroll,51,1.0,True,True,10.1016/0010-938x(94)90061-2,True,True,False,False
1061,9_1994Carroll_05,1994Carroll,51,1.0,True,True,10.1016/0010-938x(94)90061-2,True,True,False,False
1062,9_1994Carroll_06,1994Carroll,51,1.0,True,True,10.1016/0010-938x(94)90061-2,True,True,False,False
1063,9_1994Carroll_07,1994Carroll,51,1.0,True,True,10.1016/0010-938x(94)90061-2,True,True,False,False
1064,9_1994Carroll_08,1994Carroll,51,1.0,True,True,10.1016/0010-938x(94)90061-2,True,True,False,False
1065,9_1994Carroll_09,1994Carroll,51,1.0,True,True,10.1016/0010-938x(94)90061-2,True,True,False,False
1066,9_1994Carroll_10,1994Carroll,51,1.0,True,True,10.1016/0010-938x(94)90061-2,True,True,False,False
1067,1994Carroll01,1994Carroll,51,1.0,True,True,10.1016/0010-938x(94)90061-2,True,True,False,False
1068,1994Carroll02,1994Carroll,51,1.0,True,True,10.1016/0010-938x(94)90061-2,True,True,False,False
1069,1994Carroll03,1994Carroll,51,1.0,True,True,10.1016/0010-938x(94)90061-2,True,True,False,False
1070,1994Carroll04,1994Carroll,51,1.0,True,True,10.1016/0010-938x(94)90061-2,True,True,False,False
1071,1994Carroll05,1994Carroll,51,1.0,True,True,10.1016/0010-938x(94)90061-2,True,True,False,False
1072,1994Carroll06,1994Carroll,51,1.0,True,True,10.1016/0010-938x(94)90061-2,True,True,False,False
1073,1994Carroll07,1994Carroll,51,1.0,True,True,10.1016/0010-938x(94)90061-2,True,True,False,False
1074,1994Carroll08,1994Carroll,51,1.0,True,True,10.1016/0010-938x(94)90061-2,True,True,False,False
1075,1994Carroll09,1994Carroll,51,1.0,True,True,10.1016/0010-938x(94)90061-2,True,True,False,False
1076,1994Carroll10,1994Carroll,51,1.0,True,True,10.1016/0010-938x(94)90061-2,True,True,False,False
1077,1994Carroll11,1994Carroll,51,1.0,True,True,10.1016/0010-938x(94)90061-2,True,True,False,False
1078,1994Carroll12,1994Carroll,51,1.0,True,True,10.1016/0010-938x(94)90061-2,True,True,False,False
1079,1994Carroll13,1994Carroll,51,1.0,True,True,10.1016/0010-938x(94)90061-2,True,True,False,False
1080,1994Carroll14,1994Carroll,51,1.0,True,True,10.1016/0010-938x(94)90061-2,True,True,False,False
1081,1994Carroll15,1994Carroll,51,1.0,True,True,10.1016/0010-938x(94)90061-2,True,True,False,False
1082,1994Carroll16,1994Carroll,51,1.0,True,True,10.1016/0010-938x(94)90061-2,True,True,False,False
1083,1994Carroll17,1994Carroll,51,1.0,True,True,10.1016/0010-938x(94)90061-2,True,True,False,False
1084,1994Carroll18,1994Carroll,51,1.0,True,True,10.1016/0010-938x(94)90061-2,True,True,False,False
1085,1994Carroll19,1994Carroll,51,1.0,True,True,10.1016/0010-938x(94)90061-2,True,True,False,False
1086,1994Carroll20,1994Carroll,51,1.0,True,True,10.1016/0010-938x(94)90061-2,True,True,False,False
1087,1994Carroll21,1994Carroll,51,1.0,True,True,10.1016/0010-938x(94)90061-2,True,True,False,False
1088,1994Carroll22,1994Carroll,51,1.0,True,True,10.1016/0010-938x(94)90061-2,True,True,False,False
1089,1994Carroll23,1994Carroll,51,1.0,True,True,10.1016/0010-938x(94)90061-2,True,True,False,False
1090,1994Carroll24,1994Carroll,51,1.0,True,True,10.1016/0010-938x(94)90061-2,True,True,False,False
1091,1994Carroll25,1994Carroll,51,1.0,True,True,10.1016/0010-938x(94)90061-2,True,True,False,False
1092,1994Carroll26,1994Carroll,51,1.0,True,True,10.1016/0010-938x(94)90061-2,True,True,False,False
1093,1994Carroll27,1994Carroll,51,1.0,True,True,10.1016/0010-938x(94)90061-2,True,True,False,False
1094,1994Carroll28,1994Carroll,51,1.0,True,True,10.1016/0010-938x(94)90061-2,True,True,False,False
1095,1994Carroll29,1994Carroll,51,1.0,True,True,10.1016/0010-938x(94)90061-2,True,True,False,False
1096,1994Carroll30,1994Carroll,51,1.0,True,True,10.1016/0010-938x(94)90061-2,True,True,False,False
1097,1994Carroll31,1994Carroll,51,1.0,True,True,10.1016/0010-938x(94)90061-2,True,True,False,False
1098,1994Carroll32,1994Carroll,51,1.0,True,True,10.1016/0010-938x(94)90061-2,True,True,False,False
1099,1994Carroll33,1994Carroll,51,1.0,True,True,10.1016/0010-938x(94)90061-2,True,True,False,False
1100,1994Carroll34,1994Carroll,51,1.0,True,True,10.1016/0010-938x(94)90061-2,True,True,False,False
1101,1994Carroll35,1994Carroll,51,1.0,True,True,10.1016/0010-938x(94)90061-2,True,True,False,False
1102,1994Carroll36,1994Carroll,51,1.0,True,True,10.1016/0010-938x(94)90061-2,True,True,False,False
1103,1994Carroll37,1994Carroll,51,1.0,True,True,10.1016/0010-938x(94)90061-2,True,True,False,False
1104,1994Carroll38,1994Carroll,51,1.0,True,True,10.1016/0010-938x(94)90061-2,True,True,False,False
1105,1994Carroll39,1994Carroll,51,1.0,True,True,10.1016/0010-938x(94)90061-2,True,True,False,False
1106,1994Carroll40,1994Carroll,51,1.0,True,True,10.1016/0010-938x(94)90061-2,True,True,False,False
1107,1994Carroll41,1994Carroll,51,1.0,True,True,10.1016/0010-938x(94)90061-2,True,True,False,False
1108,1994Carroll42,1994Carroll,51,1.0,True,True,10.1016/0010-938x(94)90061-2,True,True,False,False
1109,1994Carroll43,1994Carroll,51,1.0,True,True,10.1016/0010-938x(94)90061-2,True,True,False,False
1110,1994Carroll44,1994Carroll,51,1.0,True,True,10.1016/0010-938x(94)90061-2,True,True,False,False
1111,1994Carroll45,1994Carroll,51,1.0,True,True,10.1016/0010-938x(94)90061-2,True,True,False,False
1112,1994Carroll46,1994Carroll,51,1.0,True,True,10.1016/0010-938x(94)90061-2,True,True,False,False
1113,1994Carroll47,1994Carroll,51,1.0,True,True,10.1016/0010-938x(94)90061-2,True,True,False,False
1114,1994Carroll48,1994Carroll,51,1.0,True,True,10.1016/0010-938x(94)90061-2,True,True,False,False
1115,1994Carroll49,1994Carroll,51,1.0,True,True,10.1016/0010-938x(94)90061-2,True,True,False,False
1116,1994Carroll50,1994Carroll,51,1.0,True,True,10.1016/0010-938x(94)90061-2,True,True,False,False
1117,1994Carroll51,1994Carroll,51,1.0,True,True,10.1016/0010-938x(94)90061-2,True,True,False,False
1118,1994Carroll52,1994Carroll,51,1.0,True,True,10.1016/0010-938x(94)90061-2,True,True,False,False
1119,1994Carroll53,1994Carroll,51,1.0,True,True,10.1016/0010-938x(94)90061-2,True,True,False,False
1120,1994Carroll54,1994Carroll,51,1.0,True,True,10.1016/0010-938x(94)90061-2,True,True,False,False
1121,1994Carroll55,1994Carroll,51,1.0,True,True,10.1016/0010-938x(94)90061-2,True,True,False,False
1122,1994Carroll56,1994Carroll,51,1.0,True,True,10.1016/0010-938x(94)90061-2,True,True,False,False
1123,1994Carroll57,1994Carroll,51,1.0,True,True,10.1016/0010-938x(94)90061-2,True,True,False,False
1124,1994Carroll58,1994Carroll,51,1.0,True,True,10.1016/0010-938x(94)90061-2,True,True,False,False
1125,1994Carroll59,1994Carroll,51,1.0,True,True,10.1016/0010-938x(94)90061-2,True,True,False,False
1126,1994Carroll60,1994Carroll,51,1.0,True,True,10.1016/0010-938x(94)90061-2,True,True,False,False
1127,1994Carroll61,1994Carroll,51,1.0,True,True,10.1016/0010-938x(94)90061-2,True,True,False,False
1128,1994Carroll62,1994Carroll,51,1.0,True,True,10.1016/0010-938x(94)90061-2,True,True,False,False
1129,1994Carroll63,1994Carroll,51,1.0,True,True,10.1016/0010-938x(94)90061-2,True,True,False,False
1130,1994Carroll64,1994Carroll,51,1.0,True,True,10.1016/0010-938x(94)90061-2,True,True,False,False
1131,1994Carroll65,1994Carroll,51,1.0,True,True,10.1016/0010-938x(94)90061-2,True,True,False,False
1132,1994Carroll66,1994Carroll,51,1.0,True,True,10.1016/0010-938x(94)90061-2,True,True,False,False
1133,1994Carroll67,1994Carroll,51,1.0,True,True,10.1016/0010-938x(94)90061-2,True,True,False,False
1134,1994Carroll68,1994Carroll,51,0.0,True,False,10.1016/0010-938x(94)90061-2,True,True,False,False
1135,1994Carroll69,1994Carroll,51,0.0,True,False,10.1016/0010-938x(94)90061-2,True,True,False,False
1136,1994Carroll70,1994Carroll,51,0.0,True,False,10.1016/0010-938x(94)90061-2,True,True,False,False
1137,1994Carroll71,1994Carroll,51,0.0,True,False,10.1016/0010-938x(94)90061-2,True,True,False,False
1138,1994Carroll72,1994Carroll,51,0.0,True,False,10.1016/0010-938x(94)90061-2,True,True,False,False
1139,1994Carroll73,1994Carroll,51,1.0,True,True,10.1016/0010-938x(94)90061-2,True,True,False,False
1140,1994Carroll74,1994Carroll,51,1.0,True,True,10.1016/0010-938x(94)90061-2,True,True,False,False
1141,1994Carroll75,1994Carroll,51,1.0,True,True,10.1016/0010-938x(94)90061-2,True,True,False,False
1142,1994Carroll76,1994Carroll,51,1.0,True,True,10.1016/0010-938x(94)90061-2,True,True,False,False
1143,1994Carroll77,1994Carroll,51,1.0,True,True,10.1016/0010-938x(94)90061-2,True,True,False,False
1144,1994Carroll78,1994Carroll,51,1.0,True,True,10.1016/0010-938x(94)90061-2,True,True,False,False
1145,1994Carroll79,1994Carroll,51,0.0,True,False,10.1016/0010-938x(94)90061-2,True,True,False,False
1146,1994Carroll80,1994Carroll,51,0.0,True,False,10.1016/0010-938x(94)90061-2,True,True,False,False
1147,1994Carroll81,1994Carroll,51,0.0,True,False,10.1016/0010-938x(94)90061-2,True,True,False,False
1148,1994Carroll82,1994Carroll,51,0.0,True,False,10.1016/0010-938x(94)90061-2,True,True,False,False
1149,1994Carroll83,1994Carroll,51,1.0,True,True,10.1016/0010-938x(94)90061-2,True,True,False,False
1150,1994Carroll84,1994Carroll,51,1.0,True,True,10.1016/0010-938x(94)90061-2,True,True,False,False
1151,1994Carroll85,1994Carroll,51,1.0,True,True,10.1016/0010-938x(94)90061-2,True,True,False,False
1152,1994Carroll86,1994Carroll,51,1.0,True,True,10.1016/0010-938x(94)90061-2,True,True,False,False
1153,1994Carroll87,1994Carroll,51,1.0,True,True,10.1016/0010-938x(94)90061-2,True,True,False,False
1154,1994Carroll88,1994Carroll,51,1.0,True,True,10.1016/0010-938x(94)90061-2,True,True,False,False
1155,1994Carroll89,1994Carroll,51,1.0,True,True,10.1016/0010-938x(94)90061-2,True,True,False,False
1156,1994Carroll90,1994Carroll,51,1.0,True,True,10.1016/0010-938x(94)90061-2,True,True,False,False
1157,1994Carroll91,1994Carroll,51,1.0,True,True,10.1016/0010-938x(94)90061-2,True,True,False,False
1158,1994Carroll92,1994Carroll,51,1.0,True,True,10.1016/0010-938x(94)90061-2,True,True,False,False
1159,1994Carroll93,1994Carroll,51,1.0,True,True,10.1016/0010-938x(94)90061-2,True,True,False,False
1160,1994Carroll94,1994Carroll,51,1.0,True,True,10.1016/0010-938x(94)90061-2,True,True,False,False
1161,1994Carroll95,1994Carroll,51,1.0,True,True,10.1016/0010-938x(94)90061-2,True,True,False,False
1162,1994Devaux01,1994Devaux,52,1.0,True,True,10.1016/0010-938x(94)90118-x,False,False,False,True
1163,1994Devaux02,1994Devaux,52,1.0,True,True,10.1016/0010-938x(94)90118-x,False,False,False,True
1164,1994Devaux03,1994Devaux,52,1.0,True,True,10.1016/0010-938x(94)90118-x,False,False,False,True
1165,1994Devaux04,1994Devaux,52,1.0,True,True,10.1016/0010-938x(94)90118-x,False,False,False,True
1166,1994Devaux05,1994Devaux,52,1.0,True,True,10.1016/0010-938x(94)90118-x,False,False,False,True
1167,1994Devaux06,1994Devaux,52,1.0,True,True,10.1016/0010-938x(94)90118-x,False,False,False,True
1168,1994Devaux07,1994Devaux,52,1.0,True,True,10.1016/0010-938x(94)90118-x,False,False,False,True
1169,1994Devaux08,1994Devaux,52,1.0,True,True,10.1016/0010-938x(94)90118-x,False,False,False,True
1170,1994Devaux09,1994Devaux,52,1.0,True,True,10.1016/0010-938x(94)90118-x,False,False,False,True
1171,1994Devaux10,1994Devaux,52,1.0,True,True,10.1016/0010-938x(94)90118-x,False,False,False,True
1172,1994Devaux11,1994Devaux,52,1.0,True,True,10.1016/0010-938x(94)90118-x,False,False,False,True
1173,1994Devaux12,1994Devaux,52,1.0,True,True,10.1016/0010-938x(94)90118-x,False,False,False,True
1174,1994Devaux13,1994Devaux,52,1.0,True,True,10.1016/0010-938x(94)90118-x,False,False,False,True
1175,1994Devaux14,1994Devaux,52,1.0,True,True,10.1016/0010-938x(94)90118-x,False,False,False,True
1176,1994Devaux15,1994Devaux,52,1.0,True,True,10.1016/0010-938x(94)90118-x,False,False,False,True
1177,1994Devaux16,1994Devaux,52,1.0,True,True,10.1016/0010-938x(94)90118-x,False,False,False,True
1178,1994Devaux17,1994Devaux,52,1.0,True,True,10.1016/0010-938x(94)90118-x,False,False,False,True
1179,1994Devaux18,1994Devaux,52,1.0,True,True,10.1016/0010-938x(94)90118-x,False,False,False,True
1180,1994Devaux19,1994Devaux,52,1.0,True,True,10.1016/0010-938x(94)90118-x,False,False,False,True
1181,1994Devaux20,1994Devaux,52,1.0,True,True,10.1016/0010-938x(94)90118-x,False,False,False,True
1182,1994Devaux21,1994Devaux,52,1.0,True,True,10.1016/0010-938x(94)90118-x,False,False,False,True
1183,1994Devaux22,1994Devaux,52,1.0,True,True,10.1016/0010-938x(94)90118-x,False,False,False,True
1184,1994Devaux23,1994Devaux,52,1.0,True,True,10.1016/0010-938x(94)90118-x,False,False,False,True
1185,1994Devaux24,1994Devaux,52,1.0,True,True,10.1016/0010-938x(94)90118-x,False,False,False,True
1186,1994Devaux25,1994Devaux,52,1.0,True,True,10.1016/0010-938x(94)90118-x,False,False,False,True
1187,1994Devaux26,1994Devaux,52,1.0,True,True,10.1016/0010-938x(94)90118-x,False,False,False,True
1188,1994Devaux27,1994Devaux,52,1.0,True,True,10.1016/0010-938x(94)90118-x,False,False,False,True
1189,1994Devaux28,1994Devaux,52,1.0,True,True,10.1016/0010-938x(94)90118-x,False,False,False,True
1190,1994Devaux29,1994Devaux,52,1.0,True,True,10.1016/0010-938x(94)90118-x,False,False,False,True
1191,1994Devaux30,1994Devaux,52,1.0,True,True,10.1016/0010-938x(94)90118-x,False,False,False,True
1192,1994Devaux31,1994Devaux,52,1.0,True,True,10.1016/0010-938x(94)90118-x,False,False,False,True
1193,1994Devaux32,1994Devaux,52,1.0,True,True,10.1016/0010-938x(94)90118-x,False,False,False,True
1194,1994Devaux33,1994Devaux,52,1.0,True,True,10.1016/0010-938x(94)90118-x,False,False,False,True
1195,1994Devaux34,1994Devaux,52,1.0,True,True,10.1016/0010-938x(94)90118-x,False,False,False,True
1196,1994Devaux35,1994Devaux,52,1.0,True,True,10.1016/0010-938x(94)90118-x,False,False,False,True
1197,1994Devaux36,1994Devaux,52,1.0,True,True,10.1016/0010-938x(94)90118-x,False,False,False,True
1198,1994Devaux37,1994Devaux,52,1.0,True,True,10.1016/0010-938x(94)90118-x,False,False,False,True
1199,1994Devaux38,1994Devaux,52,1.0,True,True,10.1016/0010-938x(94)90118-x,False,False,False,True
1200,1994Devaux39,1994Devaux,52,1.0,True,True,10.1016/0010-938x(94)90118-x,False,False,False,True
1201,1994Devaux40,1994Devaux,52,1.0,True,True,10.1016/0010-938x(94)90118-x,False,False,False,True
1202,1994Devaux41,1994Devaux,52,1.0,True,True,10.1016/0010-938x(94)90118-x,False,False,False,True
1203,1994Devaux42,1994Devaux,52,1.0,True,True,10.1016/0010-938x(94)90118-x,False,False,False,True
1204,1994Devaux43,1994Devaux,52,1.0,True,True,10.1016/0010-938x(94)90118-x,False,False,False,True
1205,1994Devaux44,1994Devaux,52,1.0,True,True,10.1016/0010-938x(94)90118-x,False,False,False,True
1206,1994Devaux45,1994Devaux,52,1.0,True,True,10.1016/0010-938x(94)90118-x,False,False,False,True
1207,1994Devaux46,1994Devaux,52,1.0,True,True,10.1016/0010-938x(94)90118-x,False,False,False,True
1208,1994Devaux47,1994Devaux,52,1.0,True,True,10.1016/0010-938x(94)90118-x,False,False,False,True
1209,1994Devaux48,1994Devaux,52,1.0,True,True,10.1016/0010-938x(94)90118-x,False,False,False,True
1210,1994Malik01,1994Malik,53,1.0,True,True,10.1016/0011-9164(94)00086-7,False,False,False,True
1211,1994Malik02,1994Malik,53,1.0,True,True,10.1016/0011-9164(94)00086-7,False,False,False,True
1212,1994Malik03,1994Malik,53,1.0,True,True,10.1016/0011-9164(94)00086-7,False,False,False,True
1213,1994Malik04,1994Malik,53,1.0,True,True,10.1016/0011-9164(94)00086-7,False,False,False,True
1214,1994Malik05,1994Malik,53,1.0,True,True,10.1016/0011-9164(94)00086-7,False,False,False,True
1215,1994Malik06,1994Malik,53,1.0,True,True,10.1016/0011-9164(94)00086-7,False,False,False,True
1216,1994Malik07,1994Malik,53,1.0,True,True,10.1016/0011-9164(94)00086-7,False,False,False,True
1217,1994Malik08,1994Malik,53,1.0,True,True,10.1016/0011-9164(94)00086-7,False,False,False,True
1218,1994Malik09,1994Malik,53,1.0,True,True,10.1016/0011-9164(94)00086-7,False,False,False,True
1219,1994Malik10,1994Malik,53,1.0,True,True,10.1016/0011-9164(94)00086-7,False,False,False,True
1220,1994Malik11,1994Malik,53,1.0,True,True,10.1016/0011-9164(94)00086-7,False,False,False,True
1221,1994Malik12,1994Malik,53,1.0,True,True,10.1016/0011-9164(94)00086-7,False,False,False,True
1222,1994Malik13,1994Malik,53,1.0,True,True,10.1016/0011-9164(94)00086-7,False,False,False,True
1223,1994Malik14,1994Malik,53,1.0,True,True,10.1016/0011-9164(94)00086-7,False,False,False,True
1224,1994Malik15,1994Malik,53,1.0,True,True,10.1016/0011-9164(94)00086-7,False,False,False,True
1225,1994Malik16,1994Malik,53,,True,False,10.1016/0011-9164(94)00086-7,False,False,False,False
1226,1994Malik17,1994Malik,53,,True,False,10.1016/0011-9164(94)00086-7,False,False,False,False
1227,1994Malik18,1994Malik,53,,True,False,10.1016/0011-9164(94)00086-7,False,False,False,False
1228,1994Malik19,1994Malik,53,1.0,True,True,10.1016/0011-9164(94)00086-7,False,False,False,True
1229,1994Malik20,1994Malik,53,1.0,True,True,10.1016/0011-9164(94)00086-7,False,False,False,True
1230,1994Malik21,1994Malik,53,1.0,True,True,10.1016/0011-9164(94)00086-7,False,False,False,True
1231,1994Malik22,1994Malik,53,1.0,True,True,10.1016/0011-9164(94)00086-7,False,False,False,True
1232,1994Malik23,1994Malik,53,1.0,True,True,10.1016/0011-9164(94)00086-7,False,False,False,True
1233,1994Malik24,1994Malik,53,1.0,True,True,10.1016/0011-9164(94)00086-7,False,False,False,True
1234,1994Malik25,1994Malik,53,1.0,True,True,10.1016/0011-9164(94)00086-7,False,False,False,True
1235,1994Malik26,1994Malik,53,1.0,True,True,10.1016/0011-9164(94)00086-7,False,False,False,True
1236,1994Malik27,1994Malik,53,1.0,True,True,10.1016/0011-9164(94)00086-7,False,False,False,True
1237,1994Malik28,1994Malik,53,1.0,True,True,10.1016/0011-9164(94)00086-7,False,False,False,True
1238,1994Malik29,1994Malik,53,1.0,True,True,10.1016/0011-9164(94)00086-7,False,False,False,True
1239,1994Malik30,1994Malik,53,1.0,True,True,10.1016/0011-9164(94)00086-7,False,False,False,True
1240,1994Malik31,1994Malik,53,1.0,True,True,10.1016/0011-9164(94)00086-7,False,False,False,True
1241,1994Malik32,1994Malik,53,1.0,True,True,10.1016/0011-9164(94)00086-7,False,False,False,True
1242,1994Malik33,1994Malik,53,1.0,True,True,10.1016/0011-9164(94)00086-7,False,False,False,True
1243,1994Malik34,1994Malik,53,1.0,True,True,10.1016/0011-9164(94)00086-7,False,False,False,True
1244,1994Malik35,1994Malik,53,1.0,True,True,10.1016/0011-9164(94)00086-7,False,False,False,True
1245,1994Malik36,1994Malik,53,1.0,True,True,10.1016/0011-9164(94)00086-7,False,False,False,True
1246,1994Malik37,1994Malik,53,1.0,True,True,10.1016/0011-9164(94)00086-7,False,False,False,True
1247,1994Malik38,1994Malik,53,1.0,True,True,10.1016/0011-9164(94)00086-7,False,False,False,True
1248,1994Malik39,1994Malik,53,1.0,True,True,10.1016/0011-9164(94)00086-7,False,False,False,True
1249,1994Malik40,1994Malik,53,1.0,True,True,10.1016/0011-9164(94)00086-7,False,False,False,True
1250,1994Malik41,1994Malik,53,1.0,True,True,10.1016/0011-9164(94)00086-7,False,False,False,True
1251,1994Malik42,1994Malik,53,1.0,True,True,10.1016/0011-9164(94)00086-7,False,False,False,True
1252,1994Malik43,1994Malik,53,1.0,True,True,10.1016/0011-9164(94)00086-7,False,False,False,True
1253,1994Malik44,1994Malik,53,1.0,True,True,10.1016/0011-9164(94)00086-7,False,False,False,True
1254,1994Malik45,1994Malik,53,0.0,True,False,10.1016/0011-9164(94)00086-7,False,False,False,False
1255,1994Malik46,1994Malik,53,0.0,True,False,10.1016/0011-9164(94)00086-7,False,False,False,False
1256,1994Malik47,1994Malik,53,0.0,True,False,10.1016/0011-9164(94)00086-7,False,False,False,False
1257,1994Malik48,1994Malik,53,0.0,True,False,10.1016/0011-9164(94)00086-7,False,False,False,False
1258,1994Malik49,1994Malik,53,1.0,True,True,10.1016/0011-9164(94)00086-7,False,False,False,True
1259,1994Malik50,1994Malik,53,1.0,True,True,10.1016/0011-9164(94)00086-7,False,False,False,True
1260,1994Malik51,1994Malik,53,1.0,True,True,10.1016/0011-9164(94)00086-7,False,False,False,True
1261,1994Malik52,1994Malik,53,1.0,True,True,10.1016/0011-9164(94)00086-7,False,False,False,True
1262,1994Malik53,1994Malik,53,1.0,True,True,10.1016/0011-9164(94)00086-7,False,False,False,True
1263,1994Malik54,1994Malik,53,1.0,True,True,10.1016/0011-9164(94)00086-7,False,False,False,True
1264,1994Malik55,1994Malik,53,1.0,True,True,10.1016/0011-9164(94)00086-7,False,False,False,True
1265,1994Malik56,1994Malik,53,1.0,True,True,10.1016/0011-9164(94)00086-7,False,False,False,True
1266,1994Malik57,1994Malik,53,1.0,True,True,10.1016/0011-9164(94)00086-7,False,False,False,True
1267,1994Malik58,1994Malik,53,1.0,True,True,10.1016/0011-9164(94)00086-7,False,False,False,True
1268,1994Malik59,1994Malik,53,1.0,True,True,10.1016/0011-9164(94)00086-7,False,False,False,True
1269,1994Malik60,1994Malik,53,1.0,True,True,10.1016/0011-9164(94)00086-7,False,False,False,True
1270,1994Malik61,1994Malik,53,0.0,True,False,10.1016/0011-9164(94)00086-7,False,False,False,False
1271,1994Malik62,1994Malik,53,0.0,True,False,10.1016/0011-9164(94)00086-7,False,False,False,False
1272,1994Malik63,1994Malik,53,1.0,True,True,10.1016/0011-9164(94)00086-7,False,False,False,True
1273,1994Malik64,1994Malik,53,1.0,True,True,10.1016/0011-9164(94)00086-7,False,False,False,True
1274,1994Malik65,1994Malik,53,1.0,True,True,10.1016/0011-9164(94)00086-7,False,False,False,True
1275,1994Malik66,1994Malik,53,1.0,True,True,10.1016/0011-9164(94)00086-7,False,False,False,True
1276,1994Malik67,1994Malik,53,1.0,True,True,10.1016/0011-9164(94)00086-7,False,False,False,True
1277,1994Malik68,1994Malik,53,1.0,True,True,10.1016/0011-9164(94)00086-7,False,False,False,True
1278,1994Malik69,1994Malik,53,1.0,True,True,10.1016/0011-9164(94)00086-7,False,False,False,True
1279,1994Malik70,1994Malik,53,1.0,True,True,10.1016/0011-9164(94)00086-7,False,False,False,True
1280,1994Malik71,1994Malik,53,1.0,True,True,10.1016/0011-9164(94)00086-7,False,False,False,True
1281,1994Malik72,1994Malik,53,1.0,True,True,10.1016/0011-9164(94)00086-7,False,False,False,True
1282,1994Malik73,1994Malik,53,1.0,True,True,10.1016/0011-9164(94)00086-7,False,False,False,True
1283,1994Malik74,1994Malik,53,1.0,True,True,10.1016/0011-9164(94)00086-7,False,False,False,True
1284,1994Malik75,1994Malik,53,1.0,True,True,10.1016/0011-9164(94)00086-7,False,False,False,True
1285,33_1994Sadough_01,1994Sadough,54,1.0,True,True,10.1016/0010-938x(94)90021-3,True,True,False,False
1286,33_1994Sadough_02,1994Sadough,54,1.0,True,True,10.1016/0010-938x(94)90021-3,True,True,False,False
1287,1995Jackson01,1995Jackson,55,1.0,True,True,10.2355/isijinternational.35.557,False,False,False,True
1288,1995Jackson02,1995Jackson,55,1.0,True,True,10.2355/isijinternational.35.557,False,False,False,True
1289,1995Jackson03,1995Jackson,55,1.0,True,True,10.2355/isijinternational.35.557,False,False,False,True
1290,1995Jackson04,1995Jackson,55,1.0,True,True,10.2355/isijinternational.35.557,False,False,False,True
1291,1995Jackson05,1995Jackson,55,1.0,True,True,10.2355/isijinternational.35.557,False,False,False,True
1292,1995Jackson06,1995Jackson,55,1.0,True,True,10.2355/isijinternational.35.557,False,False,False,True
1293,1995Jackson07,1995Jackson,55,1.0,True,True,10.2355/isijinternational.35.557,False,False,False,True
1294,1995Jackson08,1995Jackson,55,1.0,True,True,10.2355/isijinternational.35.557,False,False,False,True
1295,1995Jackson09,1995Jackson,55,1.0,True,True,10.2355/isijinternational.35.557,False,False,False,True
1296,1995Jackson10,1995Jackson,55,1.0,True,True,10.2355/isijinternational.35.557,False,False,False,True
1297,1995Jackson11,1995Jackson,55,1.0,True,True,10.2355/isijinternational.35.557,False,False,False,True
1298,1995Jackson12,1995Jackson,55,1.0,True,True,10.2355/isijinternational.35.557,False,False,False,True
1299,1995Jackson13,1995Jackson,55,1.0,True,True,10.2355/isijinternational.35.557,False,False,False,True
1300,1995Jackson14,1995Jackson,55,1.0,True,True,10.2355/isijinternational.35.557,False,False,False,True
1301,1995Jackson15,1995Jackson,55,1.0,True,True,10.2355/isijinternational.35.557,False,False,False,True
1302,1995Jackson16,1995Jackson,55,1.0,True,True,10.2355/isijinternational.35.557,False,False,False,True
1303,1995Jackson17,1995Jackson,55,1.0,True,True,10.2355/isijinternational.35.557,False,False,False,True
1304,1995Jackson18,1995Jackson,55,1.0,True,True,10.2355/isijinternational.35.557,False,False,False,True
1305,1995Jackson19,1995Jackson,55,1.0,True,True,10.2355/isijinternational.35.557,False,False,False,True
1306,49_1995Malik_01,1995Malik,56,1.0,True,True,10.1016/0010-938x(95)00043-j,True,True,False,False
1307,49_1995Malik_02,1995Malik,56,1.0,True,True,10.1016/0010-938x(95)00043-j,True,True,False,False
1308,49_1995Malik_03,1995Malik,56,1.0,True,True,10.1016/0010-938x(95)00043-j,True,True,False,False
1309,49_1995Malik_04,1995Malik,56,1.0,True,True,10.1016/0010-938x(95)00043-j,True,True,False,False
1310,49_1995Malik_05,1995Malik,56,1.0,True,True,10.1016/0010-938x(95)00043-j,True,True,False,False
1311,49_1995Malik_06,1995Malik,56,1.0,True,True,10.1016/0010-938x(95)00043-j,True,True,False,False
1312,49_1995Malik_07,1995Malik,56,1.0,True,True,10.1016/0010-938x(95)00043-j,True,True,False,False
1313,49_1995Malik_08,1995Malik,56,1.0,True,True,10.1016/0010-938x(95)00043-j,True,True,False,False
1314,49_1995Malik_09,1995Malik,56,1.0,True,True,10.1016/0010-938x(95)00043-j,True,True,False,False
1315,49_1995Malik_10,1995Malik,56,1.0,True,True,10.1016/0010-938x(95)00043-j,True,True,False,False
1316,49_1995Malik_11,1995Malik,56,1.0,True,True,10.1016/0010-938x(95)00043-j,True,True,False,False
1317,49_1995Malik_12,1995Malik,56,1.0,True,True,10.1016/0010-938x(95)00043-j,True,True,False,False
1318,49_1995Malik_13,1995Malik,56,1.0,True,True,10.1016/0010-938x(95)00043-j,True,True,False,False
1319,49_1995Malik_14,1995Malik,56,1.0,True,True,10.1016/0010-938x(95)00043-j,True,True,False,False
1320,49_1995Malik_15,1995Malik,56,1.0,True,True,10.1016/0010-938x(95)00043-j,True,True,False,False
1321,49_1995Malik_16,1995Malik,56,1.0,True,True,10.1016/0010-938x(95)00043-j,True,True,False,False
1322,49_1995Malik_17,1995Malik,56,1.0,True,True,10.1016/0010-938x(95)00043-j,True,True,False,False
1323,49_1995Malik_18,1995Malik,56,1.0,True,True,10.1016/0010-938x(95)00043-j,True,True,False,False
1324,49_1995Malik_19,1995Malik,56,1.0,True,True,10.1016/0010-938x(95)00043-j,True,True,False,False
1325,49_1995Malik_20,1995Malik,56,1.0,True,True,10.1016/0010-938x(95)00043-j,True,True,False,False
1326,49_1995Malik_21,1995Malik,56,1.0,True,True,10.1016/0010-938x(95)00043-j,True,True,False,False
1327,49_1995Malik_22,1995Malik,56,1.0,True,True,10.1016/0010-938x(95)00043-j,True,True,False,False
1328,49_1995Malik_23,1995Malik,56,1.0,True,True,10.1016/0010-938x(95)00043-j,True,True,False,False
1329,49_1995Malik_24,1995Malik,56,1.0,True,True,10.1016/0010-938x(95)00043-j,True,True,False,False
1330,49_1995Malik_25,1995Malik,56,1.0,True,True,10.1016/0010-938x(95)00043-j,True,True,False,False
1331,49_1995Malik_26,1995Malik,56,1.0,True,True,10.1016/0010-938x(95)00043-j,True,True,False,False
1332,49_1995Malik_27,1995Malik,56,1.0,True,True,10.1016/0010-938x(95)00043-j,True,True,False,False
1333,49_1995Malik_28,1995Malik,56,1.0,True,True,10.1016/0010-938x(95)00043-j,True,True,False,False
1334,49_1995Malik_29,1995Malik,56,1.0,True,True,10.1016/0010-938x(95)00043-j,True,True,False,False
1335,49_1995Malik_30,1995Malik,56,1.0,True,True,10.1016/0010-938x(95)00043-j,True,True,False,False
1336,49_1995Malik_31,1995Malik,56,1.0,True,True,10.1016/0010-938x(95)00043-j,True,True,False,False
1337,49_1995Malik_32,1995Malik,56,1.0,True,True,10.1016/0010-938x(95)00043-j,True,True,False,False
1338,49_1995Malik_33,1995Malik,56,1.0,True,True,10.1016/0010-938x(95)00043-j,True,True,False,False
1339,49_1995Malik_34,1995Malik,56,1.0,True,True,10.1016/0010-938x(95)00043-j,True,True,False,False
1340,49_1995Malik_35,1995Malik,56,1.0,True,True,10.1016/0010-938x(95)00043-j,True,True,False,False
1341,49_1995Malik_36,1995Malik,56,1.0,True,True,10.1016/0010-938x(95)00043-j,True,True,False,False
1342,49_1995Malik_37,1995Malik,56,1.0,True,True,10.1016/0010-938x(95)00043-j,True,True,False,False
1343,49_1995Malik_38,1995Malik,56,1.0,True,True,10.1016/0010-938x(95)00043-j,True,True,False,False
1344,49_1995Malik_39,1995Malik,56,1.0,True,True,10.1016/0010-938x(95)00043-j,True,True,False,False
1345,49_1995Malik_40,1995Malik,56,1.0,True,True,10.1016/0010-938x(95)00043-j,True,True,False,False
1346,49_1995Malik_41,1995Malik,56,1.0,True,True,10.1016/0010-938x(95)00043-j,True,True,False,False
1347,49_1995Malik_42,1995Malik,56,1.0,True,True,10.1016/0010-938x(95)00043-j,True,True,False,False
1348,49_1995Malik_43,1995Malik,56,1.0,True,True,10.1016/0010-938x(95)00043-j,True,True,False,False
1349,49_1995Malik_44,1995Malik,56,1.0,True,True,10.1016/0010-938x(95)00043-j,True,True,False,False
1350,49_1995Malik_45,1995Malik,56,1.0,True,True,10.1016/0010-938x(95)00043-j,True,True,False,False
1351,49_1995Malik_46,1995Malik,56,1.0,True,True,10.1016/0010-938x(95)00043-j,True,True,False,False
1352,49_1995Malik_47,1995Malik,56,1.0,True,True,10.1016/0010-938x(95)00043-j,True,True,False,False
1353,49_1995Malik_48,1995Malik,56,1.0,True,True,10.1016/0010-938x(95)00043-j,True,True,False,False
1354,49_1995Malik_49,1995Malik,56,1.0,True,True,10.1016/0010-938x(95)00043-j,True,True,False,False
1355,49_1995Malik_50,1995Malik,56,1.0,True,True,10.1016/0010-938x(95)00043-j,True,True,False,False
1356,49_1995Malik_51,1995Malik,56,1.0,True,True,10.1016/0010-938x(95)00043-j,True,True,False,False
1357,49_1995Malik_52,1995Malik,56,1.0,True,True,10.1016/0010-938x(95)00043-j,True,True,False,False
1358,49_1995Malik_53,1995Malik,56,1.0,True,True,10.1016/0010-938x(95)00043-j,True,True,False,False
1359,49_1995Malik_54,1995Malik,56,1.0,True,True,10.1016/0010-938x(95)00043-j,True,True,False,False
1360,49_1995Malik_55,1995Malik,56,1.0,True,True,10.1016/0010-938x(95)00043-j,True,True,False,False
1361,49_1995Malik_56,1995Malik,56,1.0,True,True,10.1016/0010-938x(95)00043-j,True,True,False,False
1362,49_1995Malik_57,1995Malik,56,1.0,True,True,10.1016/0010-938x(95)00043-j,True,True,False,False
1363,49_1995Malik_58,1995Malik,56,1.0,True,True,10.1016/0010-938x(95)00043-j,True,True,False,False
1364,49_1995Malik_59,1995Malik,56,1.0,True,True,10.1016/0010-938x(95)00043-j,True,True,False,False
1365,49_1995Malik_60,1995Malik,56,1.0,True,True,10.1016/0010-938x(95)00043-j,True,True,False,False
1366,49_1995Malik_61,1995Malik,56,1.0,True,True,10.1016/0010-938x(95)00043-j,True,True,False,False
1367,49_1995Malik_62,1995Malik,56,1.0,True,True,10.1016/0010-938x(95)00043-j,True,True,False,False
1368,49_1995Malik_63,1995Malik,56,1.0,True,True,10.1016/0010-938x(95)00043-j,True,True,False,False
1369,49_1995Malik_64,1995Malik,56,1.0,True,True,10.1016/0010-938x(95)00043-j,True,True,False,False
1370,49_1995Malik_65,1995Malik,56,1.0,True,True,10.1016/0010-938x(95)00043-j,True,True,False,False
1371,1996Burstein01,1996Burstein,57,1.0,True,True,10.1016/s0010-938x(97)83146-0,False,False,False,True
1372,1996Burstein02,1996Burstein,57,1.0,True,True,10.1016/s0010-938x(97)83146-0,False,False,False,True
1373,1996Burstein03,1996Burstein,57,1.0,True,True,10.1016/s0010-938x(97)83146-0,False,False,False,True
1374,1996Burstein04,1996Burstein,57,1.0,True,True,10.1016/s0010-938x(97)83146-0,False,False,False,True
1375,1996Burstein05,1996Burstein,57,1.0,True,True,10.1016/s0010-938x(97)83146-0,False,False,False,True
1376,1996Burstein06,1996Burstein,57,1.0,True,True,10.1016/s0010-938x(97)83146-0,False,False,False,True
1377,1996Burstein07,1996Burstein,57,1.0,True,True,10.1016/s0010-938x(97)83146-0,False,False,False,True
1378,1996Burstein08,1996Burstein,57,1.0,True,True,10.1016/s0010-938x(97)83146-0,False,False,False,True
1379,1996Burstein09,1996Burstein,57,1.0,True,True,10.1016/s0010-938x(97)83146-0,False,False,False,True
1380,1996Burstein10,1996Burstein,57,1.0,True,True,10.1016/s0010-938x(97)83146-0,False,False,False,True
1381,1996Burstein11,1996Burstein,57,1.0,True,True,10.1016/s0010-938x(97)83146-0,False,False,False,True
1382,1996Burstein12,1996Burstein,57,1.0,True,True,10.1016/s0010-938x(97)83146-0,False,False,False,True
1383,1996Burstein13,1996Burstein,57,1.0,True,True,10.1016/s0010-938x(97)83146-0,False,False,False,True
1384,1996Burstein14,1996Burstein,57,1.0,True,True,10.1016/s0010-938x(97)83146-0,False,False,False,True
1385,1996Burstein15,1996Burstein,57,1.0,True,True,10.1016/s0010-938x(97)83146-0,False,False,False,True
1386,1996Burstein16,1996Burstein,57,1.0,True,True,10.1016/s0010-938x(97)83146-0,False,False,False,True
1387,1996Burstein17,1996Burstein,57,1.0,True,True,10.1016/s0010-938x(97)83146-0,False,False,False,True
1388,1996Burstein18,1996Burstein,57,1.0,True,True,10.1016/s0010-938x(97)83146-0,False,False,False,True
1389,1996Burstein19,1996Burstein,57,1.0,True,True,10.1016/s0010-938x(97)83146-0,False,False,False,True
1390,1996Burstein20,1996Burstein,57,1.0,True,True,10.1016/s0010-938x(97)83146-0,False,False,False,True
1391,1996Burstein21,1996Burstein,57,1.0,True,True,10.1016/s0010-938x(97)83146-0,False,False,False,True
1392,1996Burstein22,1996Burstein,57,1.0,True,True,10.1016/s0010-938x(97)83146-0,False,False,False,True
1393,1996Burstein23,1996Burstein,57,1.0,True,True,10.1016/s0010-938x(97)83146-0,False,False,False,True
1394,1996Burstein24,1996Burstein,57,1.0,True,True,10.1016/s0010-938x(97)83146-0,False,False,False,True
1395,1996Burstein25,1996Burstein,57,1.0,True,True,10.1016/s0010-938x(97)83146-0,False,False,False,True
1396,1996Burstein26,1996Burstein,57,1.0,True,True,10.1016/s0010-938x(97)83146-0,False,False,False,True
1397,1996Burstein27,1996Burstein,57,1.0,True,True,10.1016/s0010-938x(97)83146-0,False,False,False,True
1398,1996Burstein28,1996Burstein,57,1.0,True,True,10.1016/s0010-938x(97)83146-0,False,False,False,True
1399,1996Burstein29,1996Burstein,57,1.0,True,True,10.1016/s0010-938x(97)83146-0,False,False,False,True
1400,1996Burstein30,1996Burstein,57,1.0,True,True,10.1016/s0010-938x(97)83146-0,False,False,False,True
1401,1996Burstein31,1996Burstein,57,1.0,True,True,10.1016/s0010-938x(97)83146-0,False,False,False,True
1402,1996Burstein32,1996Burstein,57,1.0,True,True,10.1016/s0010-938x(97)83146-0,False,False,False,True
1403,1996Burstein33,1996Burstein,57,1.0,True,True,10.1016/s0010-938x(97)83146-0,False,False,False,True
1404,1996Burstein34,1996Burstein,57,1.0,True,True,10.1016/s0010-938x(97)83146-0,False,False,False,True
1405,1996Burstein35,1996Burstein,57,1.0,True,True,10.1016/s0010-938x(97)83146-0,False,False,False,True
1406,1996Burstein36,1996Burstein,57,1.0,True,True,10.1016/s0010-938x(97)83146-0,False,False,False,True
1407,1996Burstein37,1996Burstein,57,1.0,True,True,10.1016/s0010-938x(97)83146-0,False,False,False,True
1408,1996Burstein38,1996Burstein,57,1.0,True,True,10.1016/s0010-938x(97)83146-0,False,False,False,True
1409,1996Burstein39,1996Burstein,57,1.0,True,True,10.1016/s0010-938x(97)83146-0,False,False,False,True
1410,1996Burstein40,1996Burstein,57,1.0,True,True,10.1016/s0010-938x(97)83146-0,False,False,False,True
1411,1996Burstein41,1996Burstein,57,1.0,True,True,10.1016/s0010-938x(97)83146-0,False,False,False,True
1412,1996Burstein42,1996Burstein,57,1.0,True,True,10.1016/s0010-938x(97)83146-0,False,False,False,True
1413,1996Burstein43,1996Burstein,57,1.0,True,True,10.1016/s0010-938x(97)83146-0,False,False,False,True
1414,1996Burstein44,1996Burstein,57,1.0,True,True,10.1016/s0010-938x(97)83146-0,False,False,False,True
1415,1996Burstein45,1996Burstein,57,1.0,True,True,10.1016/s0010-938x(97)83146-0,False,False,False,True
1416,1996Burstein46,1996Burstein,57,1.0,True,True,10.1016/s0010-938x(97)83146-0,False,False,False,True
1417,1996Burstein47,1996Burstein,57,1.0,True,True,10.1016/s0010-938x(97)83146-0,False,False,False,True
1418,1996Burstein48,1996Burstein,57,1.0,True,True,10.1016/s0010-938x(97)83146-0,False,False,False,True
1419,1996Burstein49,1996Burstein,57,1.0,True,True,10.1016/s0010-938x(97)83146-0,False,False,False,True
1420,1996Burstein50,1996Burstein,57,1.0,True,True,10.1016/s0010-938x(97)83146-0,False,False,False,True
1421,1996Burstein51,1996Burstein,57,1.0,True,True,10.1016/s0010-938x(97)83146-0,False,False,False,True
1422,1996Burstein52,1996Burstein,57,1.0,True,True,10.1016/s0010-938x(97)83146-0,False,False,False,True
1423,1996Burstein53,1996Burstein,57,1.0,True,True,10.1016/s0010-938x(97)83146-0,False,False,False,True
1424,1996Burstein54,1996Burstein,57,1.0,True,True,10.1016/s0010-938x(97)83146-0,False,False,False,True
1425,1996Burstein55,1996Burstein,57,1.0,True,True,10.1016/s0010-938x(97)83146-0,False,False,False,True
1426,1996Burstein56,1996Burstein,57,1.0,True,True,10.1016/s0010-938x(97)83146-0,False,False,False,True
1427,1996Burstein57,1996Burstein,57,1.0,True,True,10.1016/s0010-938x(97)83146-0,False,False,False,True
1428,1996Burstein58,1996Burstein,57,1.0,True,True,10.1016/s0010-938x(97)83146-0,False,False,False,True
1429,1996Burstein59,1996Burstein,57,1.0,True,True,10.1016/s0010-938x(97)83146-0,False,False,False,True
1430,1996Burstein60,1996Burstein,57,1.0,True,True,10.1016/s0010-938x(97)83146-0,False,False,False,True
1431,1996Burstein61,1996Burstein,57,1.0,True,True,10.1016/s0010-938x(97)83146-0,False,False,False,True
1432,1996Burstein62,1996Burstein,57,1.0,True,True,10.1016/s0010-938x(97)83146-0,False,False,False,True
1433,1996Burstein63,1996Burstein,57,1.0,True,True,10.1016/s0010-938x(97)83146-0,False,False,False,True
1434,1996Burstein64,1996Burstein,57,1.0,True,True,10.1016/s0010-938x(97)83146-0,False,False,False,True
1435,1996Burstein65,1996Burstein,57,1.0,True,True,10.1016/s0010-938x(97)83146-0,False,False,False,True
1436,1996Burstein66,1996Burstein,57,1.0,True,True,10.1016/s0010-938x(97)83146-0,False,False,False,True
1437,40_1996Garfias_01,1996Garfias,58,1.0,True,True,10.1016/0010-938x(96)00022-4,True,True,False,False
1438,40_1996Garfias_02,1996Garfias,58,1.0,True,True,10.1016/0010-938x(96)00022-4,True,True,False,False
1439,40_1996Garfias_03,1996Garfias,58,1.0,True,True,10.1016/0010-938x(96)00022-4,True,True,False,False
1440,40_1996Garfias_04,1996Garfias,58,1.0,True,True,10.1016/0010-938x(96)00022-4,True,True,False,False
1441,31_1996Halada_01,1996Halada,59,1.0,True,True,10.5006/1.3292093,True,True,False,False
1442,1996Hong01,1996Hong,60,0.0,True,False,10.1016/0010-938x(96)00174-6,False,False,False,False
1443,1996Hong02,1996Hong,60,0.0,True,False,10.1016/0010-938x(96)00174-6,False,False,False,False
1444,1996Hong03,1996Hong,60,0.0,True,False,10.1016/0010-938x(96)00174-6,False,False,False,False
1445,1996Hong04,1996Hong,60,0.0,True,False,10.1016/0010-938x(96)00174-6,False,False,False,False
1446,1996Hong05,1996Hong,60,1.0,True,True,10.1016/0010-938x(96)00174-6,False,False,False,True
1447,1996Hong06,1996Hong,60,1.0,True,True,10.1016/0010-938x(96)00174-6,False,False,False,True
1448,1996Hong07,1996Hong,60,1.0,True,True,10.1016/0010-938x(96)00174-6,False,False,False,True
1449,1996Hong08,1996Hong,60,1.0,True,True,10.1016/0010-938x(96)00174-6,False,False,False,True
1450,1996Hong09,1996Hong,60,1.0,True,True,10.1016/0010-938x(96)00174-6,False,False,False,True
1451,1996Hong10,1996Hong,60,1.0,True,True,10.1016/0010-938x(96)00174-6,False,False,False,True
1452,1996Hong11,1996Hong,60,1.0,True,True,10.1016/0010-938x(96)00174-6,False,False,False,True
1453,1996Hong12,1996Hong,60,1.0,True,True,10.1016/0010-938x(96)00174-6,False,False,False,True
1454,1996Hong13,1996Hong,60,1.0,True,True,10.1016/0010-938x(96)00174-6,False,False,False,True
1455,1996Hong14,1996Hong,60,1.0,True,True,10.1016/0010-938x(96)00174-6,False,False,False,True
1456,1996Hong15,1996Hong,60,1.0,True,True,10.1016/0010-938x(96)00174-6,False,False,False,True
1457,1996Hong16,1996Hong,60,1.0,True,True,10.1016/0010-938x(96)00174-6,False,False,False,True
1458,1996Hong17,1996Hong,60,1.0,True,True,10.1016/0010-938x(96)00174-6,False,False,False,True
1459,1996Hong18,1996Hong,60,1.0,True,True,10.1016/0010-938x(96)00174-6,False,False,False,True
1460,1996Hong19,1996Hong,60,1.0,True,True,10.1016/0010-938x(96)00174-6,False,False,False,True
1461,1996Hong20,1996Hong,60,1.0,True,True,10.1016/0010-938x(96)00174-6,False,False,False,True
1462,1996Hong21,1996Hong,60,1.0,True,True,10.1016/0010-938x(96)00174-6,False,False,False,True
1463,1996Hong22,1996Hong,60,1.0,True,True,10.1016/0010-938x(96)00174-6,False,False,False,True
1464,1996Hong23,1996Hong,60,1.0,True,True,10.1016/0010-938x(96)00174-6,False,False,False,True
1465,1996Hong24,1996Hong,60,1.0,True,True,10.1016/0010-938x(96)00174-6,False,False,False,True
1466,1996Hong25,1996Hong,60,1.0,True,True,10.1016/0010-938x(96)00174-6,False,False,False,True
1467,1996Hong26,1996Hong,60,1.0,True,True,10.1016/0010-938x(96)00174-6,False,False,False,True
1468,1996Hong27,1996Hong,60,1.0,True,True,10.1016/0010-938x(96)00174-6,False,False,False,True
1469,1996Hong28,1996Hong,60,1.0,True,True,10.1016/0010-938x(96)00174-6,False,False,False,True
1470,1996Hong29,1996Hong,60,1.0,True,True,10.1016/0010-938x(96)00174-6,False,False,False,True
1471,1996Hong30,1996Hong,60,1.0,True,True,10.1016/0010-938x(96)00174-6,False,False,False,True
1472,1996Hong31,1996Hong,60,1.0,True,True,10.1016/0010-938x(96)00174-6,False,False,False,True
1473,1996Hong32,1996Hong,60,1.0,True,True,10.1016/0010-938x(96)00174-6,False,False,False,True
1474,1996Hong33,1996Hong,60,1.0,True,True,10.1016/0010-938x(96)00174-6,False,False,False,True
1475,1996Hong34,1996Hong,60,1.0,True,True,10.1016/0010-938x(96)00174-6,False,False,False,True
1476,1996Hong35,1996Hong,60,1.0,True,True,10.1016/0010-938x(96)00174-6,False,False,False,True
1477,1996Hong36,1996Hong,60,1.0,True,True,10.1016/0010-938x(96)00174-6,False,False,False,True
1478,1996Hong37,1996Hong,60,1.0,True,True,10.1016/0010-938x(96)00174-6,False,False,False,True
1479,1996Hong38,1996Hong,60,1.0,True,True,10.1016/0010-938x(96)00174-6,False,False,False,True
1480,1996Hong39,1996Hong,60,1.0,True,True,10.1016/0010-938x(96)00174-6,False,False,False,True
1481,1996Hong40,1996Hong,60,1.0,True,True,10.1016/0010-938x(96)00174-6,False,False,False,True
1482,1996Hong41,1996Hong,60,1.0,True,True,10.1016/0010-938x(96)00174-6,False,False,False,True
1483,1996Hong42,1996Hong,60,1.0,True,True,10.1016/0010-938x(96)00174-6,False,False,False,True
1484,1996Hong43,1996Hong,60,1.0,True,True,10.1016/0010-938x(96)00174-6,False,False,False,True
1485,1996Hong44,1996Hong,60,1.0,True,True,10.1016/0010-938x(96)00174-6,False,False,False,True
1486,1996Hong45,1996Hong,60,1.0,True,True,10.1016/0010-938x(96)00174-6,False,False,False,True
1487,1996Hong46,1996Hong,60,1.0,True,True,10.1016/0010-938x(96)00174-6,False,False,False,True
1488,1996Hong47,1996Hong,60,1.0,True,True,10.1016/0010-938x(96)00174-6,False,False,False,True
1489,1996Hong48,1996Hong,60,1.0,True,True,10.1016/0010-938x(96)00174-6,False,False,False,True
1490,1996Mudali01,1996Mudali,61,1.0,True,True,10.2320/matertrans1989.37.1568,False,False,False,True
1491,1996Mudali02,1996Mudali,61,1.0,True,True,10.2320/matertrans1989.37.1568,False,False,False,True
1492,1996Mudali03,1996Mudali,61,1.0,True,True,10.2320/matertrans1989.37.1568,False,False,False,True
1493,1996Mudali04,1996Mudali,61,1.0,True,True,10.2320/matertrans1989.37.1568,False,False,False,True
1494,1996Mudali05,1996Mudali,61,1.0,True,True,10.2320/matertrans1989.37.1568,False,False,False,True
1495,1996Mudali06,1996Mudali,61,1.0,True,True,10.2320/matertrans1989.37.1568,False,False,False,True
1496,1996Mudali07,1996Mudali,61,1.0,True,True,10.2320/matertrans1989.37.1568,False,False,False,True
1497,1996Mudali08,1996Mudali,61,1.0,True,True,10.2320/matertrans1989.37.1568,False,False,False,True
1498,1996Mudali09,1996Mudali,61,1.0,True,True,10.2320/matertrans1989.37.1568,False,False,False,True
1499,1996Mudali10,1996Mudali,61,1.0,True,True,10.2320/matertrans1989.37.1568,False,False,False,True
1500,1996Mudali11,1996Mudali,61,1.0,True,True,10.2320/matertrans1989.37.1568,False,False,False,True
1501,1996Mudali12,1996Mudali,61,1.0,True,True,10.2320/matertrans1989.37.1568,False,False,False,True
1502,1996Mudali13,1996Mudali,61,1.0,True,True,10.2320/matertrans1989.37.1568,False,False,False,True
1503,1996Mudali14,1996Mudali,61,1.0,True,True,10.2320/matertrans1989.37.1568,False,False,False,True
1504,1996Mudali15,1996Mudali,61,1.0,True,True,10.2320/matertrans1989.37.1568,False,False,False,True
1505,1996Mudali16,1996Mudali,61,1.0,True,True,10.2320/matertrans1989.37.1568,False,False,False,True
1506,1996Mudali17,1996Mudali,61,1.0,True,True,10.2320/matertrans1989.37.1568,False,False,False,True
1507,1996Mudali18,1996Mudali,61,1.0,True,True,10.2320/matertrans1989.37.1568,False,False,False,True
1508,1996Mudali19,1996Mudali,61,1.0,True,True,10.2320/matertrans1989.37.1568,False,False,False,True
1509,1996Mudali20,1996Mudali,61,1.0,True,True,10.2320/matertrans1989.37.1568,False,False,False,True
1510,1996Mudali21,1996Mudali,61,1.0,True,True,10.2320/matertrans1989.37.1568,False,False,False,True
1511,1996Mudali22,1996Mudali,61,1.0,True,True,10.2320/matertrans1989.37.1568,False,False,False,True
1512,1996Mudali23,1996Mudali,61,1.0,True,True,10.2320/matertrans1989.37.1568,False,False,False,True
1513,1996Mudali24,1996Mudali,61,1.0,True,True,10.2320/matertrans1989.37.1568,False,False,False,True
1514,1996Mudali25,1996Mudali,61,1.0,True,True,10.2320/matertrans1989.37.1568,False,False,False,True
1515,1996Mudali26,1996Mudali,61,1.0,True,True,10.2320/matertrans1989.37.1568,False,False,False,True
1516,1996Mudali27,1996Mudali,61,1.0,True,True,10.2320/matertrans1989.37.1568,False,False,False,True
1517,1996Mudali28,1996Mudali,61,1.0,True,True,10.2320/matertrans1989.37.1568,False,False,False,True
1518,1996Mudali29,1996Mudali,61,1.0,True,True,10.2320/matertrans1989.37.1568,False,False,False,True
1519,1996Mudali30,1996Mudali,61,1.0,True,True,10.2320/matertrans1989.37.1568,False,False,False,True
1520,1996Mudali31,1996Mudali,61,1.0,True,True,10.2320/matertrans1989.37.1568,False,False,False,True
1521,1996Mudali32,1996Mudali,61,1.0,True,True,10.2320/matertrans1989.37.1568,False,False,False,True
1522,1996Mudali33,1996Mudali,61,1.0,True,True,10.2320/matertrans1989.37.1568,False,False,False,True
1523,1996Mudali34,1996Mudali,61,1.0,True,True,10.2320/matertrans1989.37.1568,False,False,False,True
1524,1996Mudali35,1996Mudali,61,1.0,True,True,10.2320/matertrans1989.37.1568,False,False,False,True
1525,1996Mudali36,1996Mudali,61,1.0,True,True,10.2320/matertrans1989.37.1568,False,False,False,True
1526,1996Mudali37,1996Mudali,61,1.0,True,True,10.2320/matertrans1989.37.1568,False,False,False,True
1527,1996Mudali38,1996Mudali,61,1.0,True,True,10.2320/matertrans1989.37.1568,False,False,False,True
1528,1996Mudali39,1996Mudali,61,1.0,True,True,10.2320/matertrans1989.37.1568,False,False,False,True
1529,1996Mudali40,1996Mudali,61,1.0,True,True,10.2320/matertrans1989.37.1568,False,False,False,True
1530,1996Mudali41,1996Mudali,61,1.0,True,True,10.2320/matertrans1989.37.1568,False,False,False,True
1531,35_1996Olefjord_01,1996Olefjord,62,1.0,True,True,10.1016/0010-938x(96)00018-2,True,True,False,False
1532,35_1996Olefjord_02,1996Olefjord,62,1.0,True,True,10.1016/0010-938x(96)00018-2,True,True,False,False
1533,1997Drogowska01,1997Drogowska,63,1.0,True,True,10.1023/a:1018499823288,False,False,False,True
1534,1997Drogowska02,1997Drogowska,63,1.0,True,True,10.1023/a:1018499823288,False,False,False,True
1535,1997Drogowska03,1997Drogowska,63,1.0,True,True,10.1023/a:1018499823288,False,False,False,True
1536,1997Drogowska04,1997Drogowska,63,1.0,True,True,10.1023/a:1018499823288,False,False,False,True
1537,1997Drogowska05,1997Drogowska,63,1.0,True,True,10.1023/a:1018499823288,False,False,False,True
1538,1997Drogowska06,1997Drogowska,63,1.0,True,True,10.1023/a:1018499823288,False,False,False,True
1539,1997Drogowska07,1997Drogowska,63,1.0,True,True,10.1023/a:1018499823288,False,False,False,True
1540,1997Drogowska08,1997Drogowska,63,1.0,True,True,10.1023/a:1018499823288,False,False,False,True
1541,1997Drogowska09,1997Drogowska,63,1.0,True,True,10.1023/a:1018499823288,False,False,False,True
1542,1997Drogowska10,1997Drogowska,63,1.0,True,True,10.1023/a:1018499823288,False,False,False,True
1543,1997Drogowska11,1997Drogowska,63,1.0,True,True,10.1023/a:1018499823288,False,False,False,True
1544,1997Drogowska12,1997Drogowska,63,1.0,True,True,10.1023/a:1018499823288,False,False,False,True
1545,1997Drogowska13,1997Drogowska,63,1.0,True,True,10.1023/a:1018499823288,False,False,False,True
1546,1997Drogowska14,1997Drogowska,63,1.0,True,True,10.1023/a:1018499823288,False,False,False,True
1547,1997Drogowska15,1997Drogowska,63,1.0,True,True,10.1023/a:1018499823288,False,False,False,True
1548,1997Drogowska16,1997Drogowska,63,0.0,True,False,10.1023/a:1018499823288,False,False,False,False
1549,1997Drogowska17,1997Drogowska,63,0.0,True,False,10.1023/a:1018499823288,False,False,False,False
1550,1997Drogowska18,1997Drogowska,63,0.0,True,False,10.1023/a:1018499823288,False,False,False,False
1551,1997Drogowska19,1997Drogowska,63,0.0,True,False,10.1023/a:1018499823288,False,False,False,False
1552,1997Drogowska20,1997Drogowska,63,0.0,True,False,10.1023/a:1018499823288,False,False,False,False
1553,1997Drogowska21,1997Drogowska,63,0.0,True,False,10.1023/a:1018499823288,False,False,False,False
1554,1997Drogowska22,1997Drogowska,63,0.0,True,False,10.1023/a:1018499823288,False,False,False,False
1555,1997Drogowska23,1997Drogowska,63,0.0,True,False,10.1023/a:1018499823288,False,False,False,False
1556,1997Drogowska24,1997Drogowska,63,0.0,True,False,10.1023/a:1018499823288,False,False,False,False
1557,1997Drogowska25,1997Drogowska,63,0.0,True,False,10.1023/a:1018499823288,False,False,False,False
1558,1997Drogowska26,1997Drogowska,63,1.0,True,True,10.1023/a:1018499823288,False,False,False,True
1559,1997Drogowska27,1997Drogowska,63,1.0,True,True,10.1023/a:1018499823288,False,False,False,True
1560,1997Drogowska28,1997Drogowska,63,1.0,True,True,10.1023/a:1018499823288,False,False,False,True
1561,1997Drogowska29,1997Drogowska,63,1.0,True,True,10.1023/a:1018499823288,False,False,False,True
1562,1997Drogowska30,1997Drogowska,63,1.0,True,True,10.1023/a:1018499823288,False,False,False,True
1563,1997Drogowska31,1997Drogowska,63,1.0,True,True,10.1023/a:1018499823288,False,False,False,True
1564,1997Drogowska32,1997Drogowska,63,1.0,True,True,10.1023/a:1018499823288,False,False,False,True
1565,1997Drogowska33,1997Drogowska,63,1.0,True,True,10.1023/a:1018499823288,False,False,False,True
1566,1997Drogowska34,1997Drogowska,63,1.0,True,True,10.1023/a:1018499823288,False,False,False,True
1567,1997Drogowska35,1997Drogowska,63,1.0,True,True,10.1023/a:1018499823288,False,False,False,True
1568,1997Drogowska36,1997Drogowska,63,1.0,True,True,10.1023/a:1018499823288,False,False,False,True
1569,1997Drogowska37,1997Drogowska,63,1.0,True,True,10.1023/a:1018499823288,False,False,False,True
1570,1997Drogowska38,1997Drogowska,63,1.0,True,True,10.1023/a:1018499823288,False,False,False,True
1571,1997Drogowska39,1997Drogowska,63,1.0,True,True,10.1023/a:1018499823288,False,False,False,True
1572,1997Drogowska40,1997Drogowska,63,1.0,True,True,10.1023/a:1018499823288,False,False,False,True
1573,1997Drogowska41,1997Drogowska,63,1.0,True,True,10.1023/a:1018499823288,False,False,False,True
1574,1997Drogowska42,1997Drogowska,63,1.0,True,True,10.1023/a:1018499823288,False,False,False,True
1575,1997Drogowska43,1997Drogowska,63,1.0,True,True,10.1023/a:1018499823288,False,False,False,True
1576,1997Drogowska44,1997Drogowska,63,1.0,True,True,10.1023/a:1018499823288,False,False,False,True
1577,1997Drogowska45,1997Drogowska,63,1.0,True,True,10.1023/a:1018499823288,False,False,False,True
1578,1997Drogowska46,1997Drogowska,63,1.0,True,True,10.1023/a:1018499823288,False,False,False,True
1579,1997Drogowska47,1997Drogowska,63,1.0,True,True,10.1023/a:1018499823288,False,False,False,True
1580,1997Drogowska48,1997Drogowska,63,1.0,True,True,10.1023/a:1018499823288,False,False,False,True
1581,1997Drogowska49,1997Drogowska,63,1.0,True,True,10.1023/a:1018499823288,False,False,False,True
1582,1997Drogowska50,1997Drogowska,63,1.0,True,True,10.1023/a:1018499823288,False,False,False,True
1583,1997Drogowska51,1997Drogowska,63,1.0,True,True,10.1023/a:1018499823288,False,False,False,True
1584,1997Drogowska52,1997Drogowska,63,1.0,True,True,10.1023/a:1018499823288,False,False,False,True
1585,1997Drogowska53,1997Drogowska,63,1.0,True,True,10.1023/a:1018499823288,False,False,False,True
1586,1997Drogowska54,1997Drogowska,63,1.0,True,True,10.1023/a:1018499823288,False,False,False,True
1587,1997Drogowska55,1997Drogowska,63,1.0,True,True,10.1023/a:1018499823288,False,False,False,True
1588,1997Hannani1,1997Hannani,64,1.0,True,True,10.1080/00202967.1997.11871135,False,False,False,True
1589,1997Hannani2,1997Hannani,64,1.0,True,True,10.1080/00202967.1997.11871135,False,False,False,True
1590,1997Hannani3,1997Hannani,64,1.0,True,True,10.1080/00202967.1997.11871135,False,False,False,True
1591,1997Hannani4,1997Hannani,64,1.0,True,True,10.1080/00202967.1997.11871135,False,False,False,True
1592,1997Hong1,1997Hong,65,1.0,True,True,10.1016/s0010-938x(97)81161-4,False,False,False,True
1593,1997Hong2,1997Hong,65,1.0,True,True,10.1016/s0010-938x(97)81161-4,False,False,False,True
1594,1997Hong3,1997Hong,65,1.0,True,True,10.1016/s0010-938x(97)81161-4,False,False,False,True
1595,1997Hong4,1997Hong,65,1.0,True,True,10.1016/s0010-938x(97)81161-4,False,False,False,True
1596,1997Laycock01,1997Laycock,66,1.0,True,True,10.1016/s0010-938x(97)00049-8,False,False,False,True
1597,1997Laycock02,1997Laycock,66,1.0,True,True,10.1016/s0010-938x(97)00049-8,False,False,False,True
1598,1997Laycock03,1997Laycock,66,1.0,True,True,10.1016/s0010-938x(97)00049-8,False,False,False,True
1599,1997Laycock04,1997Laycock,66,1.0,True,True,10.1016/s0010-938x(97)00049-8,False,False,False,True
1600,1997Laycock05,1997Laycock,66,1.0,True,True,10.1016/s0010-938x(97)00049-8,False,False,False,True
1601,1997Laycock06,1997Laycock,66,1.0,True,True,10.1016/s0010-938x(97)00049-8,False,False,False,True
1602,1997Laycock07,1997Laycock,66,1.0,True,True,10.1016/s0010-938x(97)00049-8,False,False,False,True
1603,1997Laycock08,1997Laycock,66,1.0,True,True,10.1016/s0010-938x(97)00049-8,False,False,False,True
1604,1997Laycock09,1997Laycock,66,1.0,True,True,10.1016/s0010-938x(97)00049-8,False,False,False,True
1605,1997Laycock10,1997Laycock,66,1.0,True,True,10.1016/s0010-938x(97)00049-8,False,False,False,True
1606,1997Laycock11,1997Laycock,66,1.0,True,True,10.1016/s0010-938x(97)00049-8,False,False,False,True
1607,1997Laycock12,1997Laycock,66,1.0,True,True,10.1016/s0010-938x(97)00049-8,False,False,False,True
1608,1997Laycock13,1997Laycock,66,1.0,True,True,10.1016/s0010-938x(97)00049-8,False,False,False,True
1609,1997Laycock14,1997Laycock,66,1.0,True,True,10.1016/s0010-938x(97)00049-8,False,False,False,True
1610,1997Laycock15,1997Laycock,66,1.0,True,True,10.1016/s0010-938x(97)00049-8,False,False,False,True
1611,1997Laycock16,1997Laycock,66,1.0,True,True,10.1016/s0010-938x(97)00049-8,False,False,False,True
1612,1997Laycock17,1997Laycock,66,1.0,True,True,10.1016/s0010-938x(97)00049-8,False,False,False,True
1613,1997Laycock18,1997Laycock,66,1.0,True,True,10.1016/s0010-938x(97)00049-8,False,False,False,True
1614,1997Laycock19,1997Laycock,66,1.0,True,True,10.1016/s0010-938x(97)00049-8,False,False,False,True
1615,1997Laycock20,1997Laycock,66,1.0,True,True,10.1016/s0010-938x(97)00049-8,False,False,False,True
1616,1997Laycock21,1997Laycock,66,1.0,True,True,10.1016/s0010-938x(97)00049-8,False,False,False,True
1617,1997Laycock22,1997Laycock,66,1.0,True,True,10.1016/s0010-938x(97)00049-8,False,False,False,True
1618,1997Laycock23,1997Laycock,66,1.0,True,True,10.1016/s0010-938x(97)00049-8,False,False,False,True
1619,1997Laycock24,1997Laycock,66,1.0,True,True,10.1016/s0010-938x(97)00049-8,False,False,False,True
1620,1997Laycock25,1997Laycock,66,1.0,True,True,10.1016/s0010-938x(97)00049-8,False,False,False,True
1621,1997Laycock26,1997Laycock,66,1.0,True,True,10.1016/s0010-938x(97)00049-8,False,False,False,True
1622,1997Laycock27,1997Laycock,66,1.0,True,True,10.1016/s0010-938x(97)00049-8,False,False,False,True
1623,1997Laycock28,1997Laycock,66,1.0,True,True,10.1016/s0010-938x(97)00049-8,False,False,False,True
1624,1997Laycock29,1997Laycock,66,1.0,True,True,10.1016/s0010-938x(97)00049-8,False,False,False,True
1625,1997Laycock30,1997Laycock,66,1.0,True,True,10.1016/s0010-938x(97)00049-8,False,False,False,True
1626,1997Laycock31,1997Laycock,66,1.0,True,True,10.1016/s0010-938x(97)00049-8,False,False,False,True
1627,1997Laycock32,1997Laycock,66,1.0,True,True,10.1016/s0010-938x(97)00049-8,False,False,False,True
1628,1997Laycock33,1997Laycock,66,1.0,True,True,10.1016/s0010-938x(97)00049-8,False,False,False,True
1629,1997Laycock34,1997Laycock,66,1.0,True,True,10.1016/s0010-938x(97)00049-8,False,False,False,True
1630,1997Laycock35,1997Laycock,66,1.0,True,True,10.1016/s0010-938x(97)00049-8,False,False,False,True
1631,1997Laycock36,1997Laycock,66,1.0,True,True,10.1016/s0010-938x(97)00049-8,False,False,False,True
1632,1997Stellwag01,1997Stellwag,67,1.0,True,True,10.5006/1.3280440,False,False,False,True
1633,1997Stellwag02,1997Stellwag,67,1.0,True,True,10.5006/1.3280440,False,False,False,True
1634,1997Stellwag03,1997Stellwag,67,1.0,True,True,10.5006/1.3280440,False,False,False,True
1635,1997Stellwag04,1997Stellwag,67,1.0,True,True,10.5006/1.3280440,False,False,False,True
1636,1997Stellwag05,1997Stellwag,67,1.0,True,True,10.5006/1.3280440,False,False,False,True
1637,1997Stellwag06,1997Stellwag,67,1.0,True,True,10.5006/1.3280440,False,False,False,True
1638,1997Stellwag07,1997Stellwag,67,1.0,True,True,10.5006/1.3280440,False,False,False,True
1639,1997Stellwag08,1997Stellwag,67,1.0,True,True,10.5006/1.3280440,False,False,False,True
1640,1997Stellwag09,1997Stellwag,67,1.0,True,True,10.5006/1.3280440,False,False,False,True
1641,1997Stellwag10,1997Stellwag,67,1.0,True,True,10.5006/1.3280440,False,False,False,True
1642,1997Stellwag11,1997Stellwag,67,1.0,True,True,10.5006/1.3280440,False,False,False,True
1643,1997Stellwag12,1997Stellwag,67,1.0,True,True,10.5006/1.3280440,False,False,False,True
1644,1997Stellwag13,1997Stellwag,67,1.0,True,True,10.5006/1.3280440,False,False,False,True
1645,1997Stellwag14,1997Stellwag,67,1.0,True,True,10.5006/1.3280440,False,False,False,True
1646,1997Stellwag15,1997Stellwag,67,1.0,True,True,10.5006/1.3280440,False,False,False,True
1647,1997Stellwag16,1997Stellwag,67,1.0,True,True,10.5006/1.3280440,False,False,False,True
1648,1997Stellwag17,1997Stellwag,67,1.0,True,True,10.5006/1.3280440,False,False,False,True
1649,1997Stellwag18,1997Stellwag,67,1.0,True,True,10.5006/1.3280440,False,False,False,True
1650,1997Stellwag19,1997Stellwag,67,1.0,True,True,10.5006/1.3280440,False,False,False,True
1651,1997Stellwag20,1997Stellwag,67,1.0,True,True,10.5006/1.3280440,False,False,False,True
1652,1997Stellwag21,1997Stellwag,67,1.0,True,True,10.5006/1.3280440,False,False,False,True
1653,1997Stellwag22,1997Stellwag,67,1.0,True,True,10.5006/1.3280440,False,False,False,True
1654,1997Stellwag23,1997Stellwag,67,1.0,True,True,10.5006/1.3280440,False,False,False,True
1655,1997Stellwag24,1997Stellwag,67,1.0,True,True,10.5006/1.3280440,False,False,False,True
1656,1997Stellwag25,1997Stellwag,67,1.0,True,True,10.5006/1.3280440,False,False,False,True
1657,1997Stellwag26,1997Stellwag,67,1.0,True,True,10.5006/1.3280440,False,False,False,True
1658,1997Stellwag27,1997Stellwag,67,1.0,True,True,10.5006/1.3280440,False,False,False,True
1659,1997Stellwag28,1997Stellwag,67,1.0,True,True,10.5006/1.3280440,False,False,False,True
1660,1997Stellwag29,1997Stellwag,67,1.0,True,True,10.5006/1.3280440,False,False,False,True
1661,1997Stellwag30,1997Stellwag,67,1.0,True,True,10.5006/1.3280440,False,False,False,True
1662,1997Stellwag31,1997Stellwag,67,1.0,True,True,10.5006/1.3280440,False,False,False,True
1663,1997Stellwag32,1997Stellwag,67,1.0,True,True,10.5006/1.3280440,False,False,False,True
1664,1997Stellwag33,1997Stellwag,67,1.0,True,True,10.5006/1.3280440,False,False,False,True
1665,1997Stellwag34,1997Stellwag,67,1.0,True,True,10.5006/1.3280440,False,False,False,True
1666,1997Stellwag35,1997Stellwag,67,1.0,True,True,10.5006/1.3280440,False,False,False,True
1667,1997Stellwag36,1997Stellwag,67,1.0,True,True,10.5006/1.3280440,False,False,False,True
1668,1997Stellwag37,1997Stellwag,67,1.0,True,True,10.5006/1.3280440,False,False,False,True
1669,1997Stellwag38,1997Stellwag,67,1.0,True,True,10.5006/1.3280440,False,False,False,True
1670,1997Stellwag39,1997Stellwag,67,1.0,True,True,10.5006/1.3280440,False,False,False,True
1671,1997Stellwag40,1997Stellwag,67,1.0,True,True,10.5006/1.3280440,False,False,False,True
1672,1997Stellwag41,1997Stellwag,67,1.0,True,True,10.5006/1.3280440,False,False,False,True
1673,1997Stellwag42,1997Stellwag,67,1.0,True,True,10.5006/1.3280440,False,False,False,True
1674,1997Stellwag43,1997Stellwag,67,1.0,True,True,10.5006/1.3280440,False,False,False,True
1675,1997Stellwag44,1997Stellwag,67,1.0,True,True,10.5006/1.3280440,False,False,False,True
1676,1997Stellwag45,1997Stellwag,67,1.0,True,True,10.5006/1.3280440,False,False,False,True
1677,1997Stellwag46,1997Stellwag,67,1.0,True,True,10.5006/1.3280440,False,False,False,True
1678,1997Stellwag47,1997Stellwag,67,1.0,True,True,10.5006/1.3280440,False,False,False,True
1679,1997Stellwag48,1997Stellwag,67,1.0,True,True,10.5006/1.3280440,False,False,False,True
1680,1997Stellwag49,1997Stellwag,67,1.0,True,True,10.5006/1.3280440,False,False,False,True
1681,1997Stellwag50,1997Stellwag,67,1.0,True,True,10.5006/1.3280440,False,False,False,True
1682,1997Stellwag51,1997Stellwag,67,1.0,True,True,10.5006/1.3280440,False,False,False,True
1683,1997Stellwag52,1997Stellwag,67,1.0,True,True,10.5006/1.3280440,False,False,False,True
1684,1997Stellwag53,1997Stellwag,67,1.0,True,True,10.5006/1.3280440,False,False,False,True
1685,1997Stellwag54,1997Stellwag,67,1.0,True,True,10.5006/1.3280440,False,False,False,True
1686,1997Stellwag55,1997Stellwag,67,1.0,True,True,10.5006/1.3280440,False,False,False,True
1687,1997Stellwag56,1997Stellwag,67,1.0,True,True,10.5006/1.3280440,False,False,False,True
1688,1997Stellwag57,1997Stellwag,67,1.0,True,True,10.5006/1.3280440,False,False,False,True
1689,1997Stellwag58,1997Stellwag,67,1.0,True,True,10.5006/1.3280440,False,False,False,True
1690,1997Stellwag59,1997Stellwag,67,1.0,True,True,10.5006/1.3280440,False,False,False,True
1691,1997Stellwag60,1997Stellwag,67,1.0,True,True,10.5006/1.3280440,False,False,False,True
1692,1997Stellwag61,1997Stellwag,67,1.0,True,True,10.5006/1.3280440,False,False,False,True
1693,1997Stellwag62,1997Stellwag,67,1.0,True,True,10.5006/1.3280440,False,False,False,True
1694,1997Stellwag63,1997Stellwag,67,1.0,True,True,10.5006/1.3280440,False,False,False,True
1695,1997Stellwag64,1997Stellwag,67,1.0,True,True,10.5006/1.3280440,False,False,False,True
1696,70_1997Truman_01,1997Truman,68,1.0,True,True,10.1520/stp679-eb,True,True,False,False
1697,70_1997Truman_02,1997Truman,68,1.0,True,True,10.1520/stp679-eb,True,True,False,False
1698,70_1997Truman_03,1997Truman,68,1.0,True,True,10.1520/stp679-eb,True,True,False,False
1699,1997Yahiro01,1997Yashiro,69,1.0,True,True,10.1016/s0010-938x(97)00178-9,False,False,False,True
1700,1997Yahiro02,1997Yashiro,69,1.0,True,True,10.1016/s0010-938x(97)00178-9,False,False,False,True
1701,1997Yahiro03,1997Yashiro,69,1.0,True,True,10.1016/s0010-938x(97)00178-9,False,False,False,True
1702,1997Yahiro04,1997Yashiro,69,1.0,True,True,10.1016/s0010-938x(97)00178-9,False,False,False,True
1703,1997Yahiro05,1997Yashiro,69,1.0,True,True,10.1016/s0010-938x(97)00178-9,False,False,False,True
1704,1997Yahiro06,1997Yashiro,69,0.0,True,False,10.1016/s0010-938x(97)00178-9,False,False,False,False
1705,1997Yahiro07,1997Yashiro,69,1.0,True,True,10.1016/s0010-938x(97)00178-9,False,False,False,True
1706,1997Yahiro08,1997Yashiro,69,1.0,True,True,10.1016/s0010-938x(97)00178-9,False,False,False,True
1707,1997Yahiro09,1997Yashiro,69,0.0,True,False,10.1016/s0010-938x(97)00178-9,False,False,False,False
1708,1997Yahiro10,1997Yashiro,69,1.0,True,True,10.1016/s0010-938x(97)00178-9,False,False,False,True
1709,1997Yahiro11,1997Yashiro,69,1.0,True,True,10.1016/s0010-938x(97)00178-9,False,False,False,True
1710,1997Yahiro10,1997Yashiro,69,1.0,True,True,10.1016/s0010-938x(97)00178-9,False,False,False,True
1711,1997Yahiro11,1997Yashiro,69,1.0,True,True,10.1016/s0010-938x(97)00178-9,False,False,False,True
1712,1997Yahiro12,1997Yashiro,69,1.0,True,True,10.1016/s0010-938x(97)00178-9,False,False,False,True
1713,1997Yahiro13,1997Yashiro,69,1.0,True,True,10.1016/s0010-938x(97)00178-9,False,False,False,True
1714,1997Yahiro14,1997Yashiro,69,1.0,True,True,10.1016/s0010-938x(97)00178-9,False,False,False,True
1715,1997Yahiro15,1997Yashiro,69,1.0,True,True,10.1016/s0010-938x(97)00178-9,False,False,False,True
1716,1997Yahiro16,1997Yashiro,69,1.0,True,True,10.1016/s0010-938x(97)00178-9,False,False,False,True
1717,1997Yahiro17,1997Yashiro,69,1.0,True,True,10.1016/s0010-938x(97)00178-9,False,False,False,True
1718,1997Yahiro18,1997Yashiro,69,1.0,True,True,10.1016/s0010-938x(97)00178-9,False,False,False,True
1719,1997Yahiro19,1997Yashiro,69,1.0,True,True,10.1016/s0010-938x(97)00178-9,False,False,False,True
1720,1997Yahiro20,1997Yashiro,69,1.0,True,True,10.1016/s0010-938x(97)00178-9,False,False,False,True
1721,1997Yahiro21,1997Yashiro,69,1.0,True,True,10.1016/s0010-938x(97)00178-9,False,False,False,True
1722,1997Yahiro22,1997Yashiro,69,1.0,True,True,10.1016/s0010-938x(97)00178-9,False,False,False,True
1723,1997Yahiro23,1997Yashiro,69,1.0,True,True,10.1016/s0010-938x(97)00178-9,False,False,False,True
1724,1997Yahiro24,1997Yashiro,69,1.0,True,True,10.1016/s0010-938x(97)00178-9,False,False,False,True
1725,1997Yahiro25,1997Yashiro,69,1.0,True,True,10.1016/s0010-938x(97)00178-9,False,False,False,True
1726,1997Yahiro26,1997Yashiro,69,1.0,True,True,10.1016/s0010-938x(97)00178-9,False,False,False,True
1727,1997Yahiro27,1997Yashiro,69,1.0,True,True,10.1016/s0010-938x(97)00178-9,False,False,False,True
1728,1997Yahiro28,1997Yashiro,69,1.0,True,True,10.1016/s0010-938x(97)00178-9,False,False,False,True
1729,1997Yahiro29,1997Yashiro,69,1.0,True,True,10.1016/s0010-938x(97)00178-9,False,False,False,True
1730,1997Yahiro30,1997Yashiro,69,1.0,True,True,10.1016/s0010-938x(97)00178-9,False,False,False,True
1731,1997Yahiro31,1997Yashiro,69,1.0,True,True,10.1016/s0010-938x(97)00178-9,False,False,False,True
1732,1997Yahiro32,1997Yashiro,69,1.0,True,True,10.1016/s0010-938x(97)00178-9,False,False,False,True
1733,1997Yahiro33,1997Yashiro,69,1.0,True,True,10.1016/s0010-938x(97)00178-9,False,False,False,True
1734,74_1998Ahn_01,1998Ahn,70,1.0,True,True,10.1016/s0010-938x(97)00138-8,True,True,False,False
1735,74_1998Ahn_02,1998Ahn,70,1.0,True,True,10.1016/s0010-938x(97)00138-8,True,True,False,False
1736,74_1998Ahn_03,1998Ahn,70,1.0,True,True,10.1016/s0010-938x(97)00138-8,True,True,False,False
1737,74_1998Ahn_04,1998Ahn,70,1.0,True,True,10.1016/s0010-938x(97)00138-8,True,True,False,False
1738,74_1998Ahn_05,1998Ahn,70,1.0,True,True,10.1016/s0010-938x(97)00138-8,True,True,False,False
1739,74_1998Ahn_06,1998Ahn,70,1.0,True,True,10.1016/s0010-938x(97)00138-8,True,True,False,False
1740,74_1998Ahn_07,1998Ahn,70,1.0,True,True,10.1016/s0010-938x(97)00138-8,True,True,False,False
1741,74_1998Ahn_08,1998Ahn,70,1.0,True,True,10.1016/s0010-938x(97)00138-8,True,True,False,False
1742,1998Chou1,1998Chou,71,1.0,True,True,10.1023/a:1004364126675,False,False,False,True
1743,1998Chou2,1998Chou,71,1.0,True,True,10.1023/a:1004364126675,False,False,False,True
1744,1998Chou3,1998Chou,71,1.0,True,True,10.1023/a:1004364126675,False,False,False,True
1745,1998Chou4,1998Chou,71,1.0,True,True,10.1023/a:1004364126675,False,False,False,True
1746,1998Chou5,1998Chou,71,1.0,True,True,10.1023/a:1004364126675,False,False,False,True
1747,1998Chou6,1998Chou,71,1.0,True,True,10.1023/a:1004364126675,False,False,False,True
1748,1998Chou7,1998Chou,71,1.0,True,True,10.1023/a:1004364126675,False,False,False,True
1749,1998Chou8,1998Chou,71,1.0,True,True,10.1023/a:1004364126675,False,False,False,True
1750,1998Fujimoto01,1998Fujimoto,72,1.0,True,True,10.1149/1.1838493,False,False,False,True
1751,1998Fujimoto02,1998Fujimoto,72,1.0,True,True,10.1149/1.1838493,False,False,False,True
1752,1998Fujimoto03,1998Fujimoto,72,1.0,True,True,10.1149/1.1838493,False,False,False,True
1753,1998Fujimoto04,1998Fujimoto,72,1.0,True,True,10.1149/1.1838493,False,False,False,True
1754,1998Fujimoto05,1998Fujimoto,72,1.0,True,True,10.1149/1.1838493,False,False,False,True
1755,1998Fujimoto06,1998Fujimoto,72,1.0,True,True,10.1149/1.1838493,False,False,False,True
1756,1998Fujimoto07,1998Fujimoto,72,1.0,True,True,10.1149/1.1838493,False,False,False,True
1757,1998Fujimoto08,1998Fujimoto,72,1.0,True,True,10.1149/1.1838493,False,False,False,True
1758,1998Fujimoto09,1998Fujimoto,72,1.0,True,True,10.1149/1.1838493,False,False,False,True
1759,1998Fujimoto10,1998Fujimoto,72,1.0,True,True,10.1149/1.1838493,False,False,False,True
1760,1998Kwok1,1998Kwok,73,1.0,True,True,10.1016/s0257-8972(97)00624-5,False,False,False,True
1761,1998Kwok2,1998Kwok,73,1.0,True,True,10.1016/s0257-8972(97)00624-5,False,False,False,True
1762,1998Kwok3,1998Kwok,73,1.0,True,True,10.1016/s0257-8972(97)00624-5,False,False,False,True
1763,1998Kwok4,1998Kwok,73,1.0,True,True,10.1016/s0257-8972(97)00624-5,False,False,False,True
1764,1998Kwok5,1998Kwok,73,0.0,True,False,10.1016/s0257-8972(97)00624-5,False,False,False,False
1765,1998Kwok6,1998Kwok,73,0.0,True,False,10.1016/s0257-8972(97)00624-5,False,False,False,False
1766,1998Lakatos_Varsanyi1,1998Lakatos_Varsanyi,74,1.0,True,True,10.1016/s0013-4686(97)00224-7,False,False,False,True
1767,1998Lakatos_Varsanyi2,1998Lakatos_Varsanyi,74,1.0,True,True,10.1016/s0013-4686(97)00224-7,False,False,False,True
1768,1998Latha1,1998Latha,75,1.0,True,True,10.1023/a:1006501132183,False,False,False,True
1769,1998Latha2,1998Latha,75,0.0,True,False,10.1023/a:1006501132183,False,False,False,False
1770,1998Latha3,1998Latha,75,0.0,True,False,10.1023/a:1006501132183,False,False,False,False
1771,1998Latha4,1998Latha,75,1.0,True,True,10.1023/a:1006501132183,False,False,False,True
1772,1998Latha5,1998Latha,75,1.0,True,True,10.1023/a:1006501132183,False,False,False,True
1773,1998Latha6,1998Latha,75,0.0,True,False,10.1023/a:1006501132183,False,False,False,False
1774,1998Latha7,1998Latha,75,1.0,True,True,10.1023/a:1006501132183,False,False,False,True
1775,1998Latha8,1998Latha,75,1.0,True,True,10.1023/a:1006501132183,False,False,False,True
1776,1998Latha9,1998Latha,75,1.0,True,True,10.1023/a:1006501132183,False,False,False,True
1777,1998Laycock01,1998Laycock,76,1.0,True,True,10.1016/s0010-938x(98)00020-1,False,False,False,True
1778,1998Laycock02,1998Laycock,76,1.0,True,True,10.1016/s0010-938x(98)00020-1,False,False,False,True
1779,1998Laycock03,1998Laycock,76,1.0,True,True,10.1016/s0010-938x(98)00020-1,False,False,False,True
1780,1998Laycock04,1998Laycock,76,1.0,True,True,10.1016/s0010-938x(98)00020-1,False,False,False,True
1781,1998Laycock05,1998Laycock,76,1.0,True,True,10.1016/s0010-938x(98)00020-1,False,False,False,True
1782,1998Laycock06,1998Laycock,76,1.0,True,True,10.1016/s0010-938x(98)00020-1,False,False,False,True
1783,1998Laycock07,1998Laycock,76,1.0,True,True,10.1016/s0010-938x(98)00020-1,False,False,False,True
1784,1998Laycock08,1998Laycock,76,1.0,True,True,10.1016/s0010-938x(98)00020-1,False,False,False,True
1785,1998Laycock09,1998Laycock,76,1.0,True,True,10.1016/s0010-938x(98)00020-1,False,False,False,True
1786,1998Laycock10,1998Laycock,76,1.0,True,True,10.1016/s0010-938x(98)00020-1,False,False,False,True
1787,1998Laycock11,1998Laycock,76,1.0,True,True,10.1016/s0010-938x(98)00020-1,False,False,False,True
1788,1998Laycock12,1998Laycock,76,1.0,True,True,10.1016/s0010-938x(98)00020-1,False,False,False,True
1789,1998Laycock13,1998Laycock,76,1.0,True,True,10.1016/s0010-938x(98)00020-1,False,False,False,True
1790,1998Laycock14,1998Laycock,76,1.0,True,True,10.1016/s0010-938x(98)00020-1,False,False,False,True
1791,1998Laycock15,1998Laycock,76,1.0,True,True,10.1016/s0010-938x(98)00020-1,False,False,False,True
1792,1998Laycock16,1998Laycock,76,1.0,True,True,10.1016/s0010-938x(98)00020-1,False,False,False,True
1793,1998Laycock17,1998Laycock,76,1.0,True,True,10.1016/s0010-938x(98)00020-1,False,False,False,True
1794,1998Laycock18,1998Laycock,76,1.0,True,True,10.1016/s0010-938x(98)00020-1,False,False,False,True
1795,1998Laycock19,1998Laycock,76,1.0,True,True,10.1016/s0010-938x(98)00020-1,False,False,False,True
1796,1998Laycock20,1998Laycock,76,1.0,True,True,10.1016/s0010-938x(98)00020-1,False,False,False,True
1797,1998Laycock21,1998Laycock,76,1.0,True,True,10.1016/s0010-938x(98)00020-1,False,False,False,True
1798,1998Laycock22,1998Laycock,76,1.0,True,True,10.1016/s0010-938x(98)00020-1,False,False,False,True
1799,1998Laycock23,1998Laycock,76,1.0,True,True,10.1016/s0010-938x(98)00020-1,False,False,False,True
1800,1998Laycock24,1998Laycock,76,1.0,True,True,10.1016/s0010-938x(98)00020-1,False,False,False,True
1801,1998Laycock25,1998Laycock,76,1.0,True,True,10.1016/s0010-938x(98)00020-1,False,False,False,True
1802,1998Laycock26,1998Laycock,76,1.0,True,True,10.1016/s0010-938x(98)00020-1,False,False,False,True
1803,1998Laycock27,1998Laycock,76,1.0,True,True,10.1016/s0010-938x(98)00020-1,False,False,False,True
1804,1998Laycock28,1998Laycock,76,1.0,True,True,10.1016/s0010-938x(98)00020-1,False,False,False,True
1805,1998Laycock29,1998Laycock,76,1.0,True,True,10.1016/s0010-938x(98)00020-1,False,False,False,True
1806,1998Laycock30,1998Laycock,76,1.0,True,True,10.1016/s0010-938x(98)00020-1,False,False,False,True
1807,1998Laycock31,1998Laycock,76,1.0,True,True,10.1016/s0010-938x(98)00020-1,False,False,False,True
1808,1998Laycock32,1998Laycock,76,1.0,True,True,10.1016/s0010-938x(98)00020-1,False,False,False,True
1809,1998Laycock33,1998Laycock,76,1.0,True,True,10.1016/s0010-938x(98)00020-1,False,False,False,True
1810,1998Laycock34,1998Laycock,76,1.0,True,True,10.1016/s0010-938x(98)00020-1,False,False,False,True
1811,1998Laycock35,1998Laycock,76,1.0,True,True,10.1016/s0010-938x(98)00020-1,False,False,False,True
1812,1998Laycock36,1998Laycock,76,1.0,True,True,10.1016/s0010-938x(98)00020-1,False,False,False,True
1813,1998Laycock37,1998Laycock,76,1.0,True,True,10.1016/s0010-938x(98)00020-1,False,False,False,True
1814,1998Laycock38,1998Laycock,76,1.0,True,True,10.1016/s0010-938x(98)00020-1,False,False,False,True
1815,1998Laycock39,1998Laycock,76,1.0,True,True,10.1016/s0010-938x(98)00020-1,False,False,False,True
1816,1998Laycock40,1998Laycock,76,1.0,True,True,10.1016/s0010-938x(98)00020-1,False,False,False,True
1817,1998Laycock41,1998Laycock,76,1.0,True,True,10.1016/s0010-938x(98)00020-1,False,False,False,True
1818,1998Laycock42,1998Laycock,76,1.0,True,True,10.1016/s0010-938x(98)00020-1,False,False,False,True
1819,1998Laycock43,1998Laycock,76,1.0,True,True,10.1016/s0010-938x(98)00020-1,False,False,False,True
1820,1998Laycock44,1998Laycock,76,1.0,True,True,10.1016/s0010-938x(98)00020-1,False,False,False,True
1821,1998Laycock45,1998Laycock,76,1.0,True,True,10.1016/s0010-938x(98)00020-1,False,False,False,True
1822,1998Laycock46,1998Laycock,76,1.0,True,True,10.1016/s0010-938x(98)00020-1,False,False,False,True
1823,1998Laycock47,1998Laycock,76,1.0,True,True,10.1016/s0010-938x(98)00020-1,False,False,False,True
1824,1998Laycock48,1998Laycock,76,1.0,True,True,10.1016/s0010-938x(98)00020-1,False,False,False,True
1825,1998Laycock49,1998Laycock,76,1.0,True,True,10.1016/s0010-938x(98)00020-1,False,False,False,True
1826,1998Laycock50,1998Laycock,76,1.0,True,True,10.1016/s0010-938x(98)00020-1,False,False,False,True
1827,1998Laycock51,1998Laycock,76,1.0,True,True,10.1016/s0010-938x(98)00020-1,False,False,False,True
1828,1998Laycock52,1998Laycock,76,1.0,True,True,10.1016/s0010-938x(98)00020-1,False,False,False,True
1829,1998Laycock53,1998Laycock,76,1.0,True,True,10.1016/s0010-938x(98)00020-1,False,False,False,True
1830,1998Laycock54,1998Laycock,76,1.0,True,True,10.1016/s0010-938x(98)00020-1,False,False,False,True
1831,1998Laycock55,1998Laycock,76,1.0,True,True,10.1016/s0010-938x(98)00020-1,False,False,False,True
1832,1998Laycock56,1998Laycock,76,1.0,True,True,10.1016/s0010-938x(98)00020-1,False,False,False,True
1833,1998Laycock57,1998Laycock,76,1.0,True,True,10.1016/s0010-938x(98)00020-1,False,False,False,True
1834,1998Wyllie1,1998Wyllie,77,1.0,True,True,10.5006/1.3284799,False,False,False,True
1835,1998Wyllie2,1998Wyllie,77,0.0,True,False,10.5006/1.3284799,False,False,False,False
1836,1998Wyllie3,1998Wyllie,77,1.0,True,True,10.5006/1.3284799,False,False,False,True
1837,1998Wyllie4,1998Wyllie,77,1.0,True,True,10.5006/1.3284799,False,False,False,True
1838,1998Wyllie5,1998Wyllie,77,1.0,True,True,10.5006/1.3284799,False,False,False,True
1839,1998Wyllie6,1998Wyllie,77,1.0,True,True,10.5006/1.3284799,False,False,False,True
1840,1998Wyllie7,1998Wyllie,77,0.0,True,False,10.5006/1.3284799,False,False,False,False
1841,1998Wyllie8,1998Wyllie,77,0.0,True,False,10.5006/1.3284799,False,False,False,False
1842,1998Yashiro01,1998Yashiro,78,1.0,True,True,10.1016/s0010-938x(97)00178-9,False,False,False,True
1843,1998Yashiro02,1998Yashiro,78,1.0,True,True,10.1016/s0010-938x(97)00178-9,False,False,False,True
1844,1998Yashiro03,1998Yashiro,78,1.0,True,True,10.1016/s0010-938x(97)00178-9,False,False,False,True
1845,1998Yashiro04,1998Yashiro,78,1.0,True,True,10.1016/s0010-938x(97)00178-9,False,False,False,True
1846,1998Yashiro05,1998Yashiro,78,1.0,True,True,10.1016/s0010-938x(97)00178-9,False,False,False,True
1847,1998Yashiro06,1998Yashiro,78,1.0,True,True,10.1016/s0010-938x(97)00178-9,False,False,False,True
1848,1998Yashiro07,1998Yashiro,78,1.0,True,True,10.1016/s0010-938x(97)00178-9,False,False,False,True
1849,1998Yashiro08,1998Yashiro,78,1.0,True,True,10.1016/s0010-938x(97)00178-9,False,False,False,True
1850,1998Yashiro09,1998Yashiro,78,1.0,True,True,10.1016/s0010-938x(97)00178-9,False,False,False,True
1851,1998Yashiro10,1998Yashiro,78,1.0,True,True,10.1016/s0010-938x(97)00178-9,False,False,False,True
1852,1998Yashiro11,1998Yashiro,78,1.0,True,True,10.1016/s0010-938x(97)00178-9,False,False,False,True
1853,1998Yashiro12,1998Yashiro,78,1.0,True,True,10.1016/s0010-938x(97)00178-9,False,False,False,True
1854,1998Yashiro13,1998Yashiro,78,1.0,True,True,10.1016/s0010-938x(97)00178-9,False,False,False,True
1855,1998Yashiro14,1998Yashiro,78,1.0,True,True,10.1016/s0010-938x(97)00178-9,False,False,False,True
1856,1998Yashiro15,1998Yashiro,78,1.0,True,True,10.1016/s0010-938x(97)00178-9,False,False,False,True
1857,1998Yashiro16,1998Yashiro,78,1.0,True,True,10.1016/s0010-938x(97)00178-9,False,False,False,True
1858,1998Yashiro17,1998Yashiro,78,1.0,True,True,10.1016/s0010-938x(97)00178-9,False,False,False,True
1859,1998Yashiro18,1998Yashiro,78,1.0,True,True,10.1016/s0010-938x(97)00178-9,False,False,False,True
1860,1998Yashiro19,1998Yashiro,78,1.0,True,True,10.1016/s0010-938x(97)00178-9,False,False,False,True
1861,1999AbElMeguid01,1999AbElMeguid,79,1.0,True,True,10.1016/s0254-0584(99)00206-0,False,False,False,True
1862,1999AbElMeguid02,1999AbElMeguid,79,1.0,True,True,10.1016/s0254-0584(99)00206-0,False,False,False,True
1863,1999AbElMeguid03,1999AbElMeguid,79,1.0,True,True,10.1016/s0254-0584(99)00206-0,False,False,False,True
1864,1999AbElMeguid04,1999AbElMeguid,79,1.0,True,True,10.1016/s0254-0584(99)00206-0,False,False,False,True
1865,1999AbElMeguid05,1999AbElMeguid,79,1.0,True,True,10.1016/s0254-0584(99)00206-0,False,False,False,True
1866,1999AbElMeguid06,1999AbElMeguid,79,1.0,True,True,10.1016/s0254-0584(99)00206-0,False,False,False,True
1867,1999AbElMeguid07,1999AbElMeguid,79,1.0,True,True,10.1016/s0254-0584(99)00206-0,False,False,False,True
1868,1999AbElMeguid08,1999AbElMeguid,79,1.0,True,True,10.1016/s0254-0584(99)00206-0,False,False,False,True
1869,1999AbElMeguid09,1999AbElMeguid,79,1.0,True,True,10.1016/s0254-0584(99)00206-0,False,False,False,True
1870,1999AbElMeguid10,1999AbElMeguid,79,1.0,True,True,10.1016/s0254-0584(99)00206-0,False,False,False,True
1871,1999AbElMeguid11,1999AbElMeguid,79,1.0,True,True,10.1016/s0254-0584(99)00206-0,False,False,False,True
1872,1999AbElMeguid12,1999AbElMeguid,79,1.0,True,True,10.1016/s0254-0584(99)00206-0,False,False,False,True
1873,1999AbElMeguid13,1999AbElMeguid,79,1.0,True,True,10.1016/s0254-0584(99)00206-0,False,False,False,True
1874,1999AbElMeguid14,1999AbElMeguid,79,1.0,True,True,10.1016/s0254-0584(99)00206-0,False,False,False,True
1875,1999AbElMeguid15,1999AbElMeguid,79,1.0,True,True,10.1016/s0254-0584(99)00206-0,False,False,False,True
1876,1999AbElMeguid16,1999AbElMeguid,79,1.0,True,True,10.1016/s0254-0584(99)00206-0,False,False,False,True
1877,1999AbElMeguid17,1999AbElMeguid,79,1.0,True,True,10.1016/s0254-0584(99)00206-0,False,False,False,True
1878,1999AbElMeguid18,1999AbElMeguid,79,1.0,True,True,10.1016/s0254-0584(99)00206-0,False,False,False,True
1879,1999AbElMeguid19,1999AbElMeguid,79,1.0,True,True,10.1016/s0254-0584(99)00206-0,False,False,False,True
1880,1999AbElMeguid20,1999AbElMeguid,79,0.0,True,False,10.1016/s0254-0584(99)00206-0,False,False,False,False
1881,1999AbElMeguid21,1999AbElMeguid,79,0.0,True,False,10.1016/s0254-0584(99)00206-0,False,False,False,False
1882,1999AbElMeguid22,1999AbElMeguid,79,0.0,True,False,10.1016/s0254-0584(99)00206-0,False,False,False,False
1883,1999AbElMeguid23,1999AbElMeguid,79,1.0,True,True,10.1016/s0254-0584(99)00206-0,False,False,False,True
1884,1999AbElMeguid24,1999AbElMeguid,79,1.0,True,True,10.1016/s0254-0584(99)00206-0,False,False,False,True
1885,1999AbElMeguid25,1999AbElMeguid,79,1.0,True,True,10.1016/s0254-0584(99)00206-0,False,False,False,True
1886,1999AbElMeguid26,1999AbElMeguid,79,1.0,True,True,10.1016/s0254-0584(99)00206-0,False,False,False,True
1887,1999AbElMeguid27,1999AbElMeguid,79,1.0,True,True,10.1016/s0254-0584(99)00206-0,False,False,False,True
1888,1999AbElMeguid28,1999AbElMeguid,79,1.0,True,True,10.1016/s0254-0584(99)00206-0,False,False,False,True
1889,1999AbElMeguid29,1999AbElMeguid,79,1.0,True,True,10.1016/s0254-0584(99)00206-0,False,False,False,True
1890,1999AbElMeguid30,1999AbElMeguid,79,1.0,True,True,10.1016/s0254-0584(99)00206-0,False,False,False,True
1891,1999AbElMeguid31,1999AbElMeguid,79,1.0,True,True,10.1016/s0254-0584(99)00206-0,False,False,False,True
1892,37_1999Jargelius_01,1999Jargelius,80,1.0,True,True,10.1016/s0010-938x(99)00013-x,True,True,False,False
1893,37_1999Jargelius_02,1999Jargelius,80,1.0,True,True,10.1016/s0010-938x(99)00013-x,True,True,False,False
1894,37_1999Jargelius_03,1999Jargelius,80,1.0,True,True,10.1016/s0010-938x(99)00013-x,True,True,False,False
1895,37_1999Jargelius_04,1999Jargelius,80,1.0,True,True,10.1016/s0010-938x(99)00013-x,True,True,False,False
1896,37_1999Jargelius_05,1999Jargelius,80,1.0,True,True,10.1016/s0010-938x(99)00013-x,True,True,False,False
1897,37_1999Jargelius_06,1999Jargelius,80,1.0,True,True,10.1016/s0010-938x(99)00013-x,True,True,False,False
1898,37_1999Jargelius_07,1999Jargelius,80,1.0,True,True,10.1016/s0010-938x(99)00013-x,True,True,False,False
1899,37_1999Jargelius_08,1999Jargelius,80,1.0,True,True,10.1016/s0010-938x(99)00013-x,True,True,False,False
1900,37_1999Jargelius_09,1999Jargelius,80,1.0,True,True,10.1016/s0010-938x(99)00013-x,True,True,False,False
1901,37_1999Jargelius_10,1999Jargelius,80,1.0,True,True,10.1016/s0010-938x(99)00013-x,True,True,False,False
1902,37_1999Jargelius_11,1999Jargelius,80,1.0,True,True,10.1016/s0010-938x(99)00013-x,True,True,False,False
1903,37_1999Jargelius_12,1999Jargelius,80,1.0,True,True,10.1016/s0010-938x(99)00013-x,True,True,False,False
1904,37_1999Jargelius_13,1999Jargelius,80,1.0,True,True,10.1016/s0010-938x(99)00013-x,True,True,False,False
1905,37_1999Jargelius_14,1999Jargelius,80,1.0,True,True,10.1016/s0010-938x(99)00013-x,True,True,False,False
1906,37_1999Jargelius_15,1999Jargelius,80,1.0,True,True,10.1016/s0010-938x(99)00013-x,True,True,False,False
1907,37_1999Jargelius_16,1999Jargelius,80,1.0,True,True,10.1016/s0010-938x(99)00013-x,True,True,False,False
1908,37_1999Jargelius_17,1999Jargelius,80,1.0,True,True,10.1016/s0010-938x(99)00013-x,True,True,False,False
1909,37_1999Jargelius_18,1999Jargelius,80,1.0,True,True,10.1016/s0010-938x(99)00013-x,True,True,False,False
1910,37_1999Jargelius_19,1999Jargelius,80,1.0,True,True,10.1016/s0010-938x(99)00013-x,True,True,False,False
1911,37_1999Jargelius_20,1999Jargelius,80,1.0,True,True,10.1016/s0010-938x(99)00013-x,True,True,False,False
1912,37_1999Jargelius_21,1999Jargelius,80,1.0,True,True,10.1016/s0010-938x(99)00013-x,True,True,False,False
1913,37_1999Jargelius_22,1999Jargelius,80,1.0,True,True,10.1016/s0010-938x(99)00013-x,True,True,False,False
1914,37_1999Jargelius_23,1999Jargelius,80,1.0,True,True,10.1016/s0010-938x(99)00013-x,True,True,False,False
1915,37_1999Jargelius_24,1999Jargelius,80,1.0,True,True,10.1016/s0010-938x(99)00013-x,True,True,False,False
1916,37_1999Jargelius_25,1999Jargelius,80,1.0,True,True,10.1016/s0010-938x(99)00013-x,True,True,False,False
1917,37_1999Jargelius_26,1999Jargelius,80,1.0,True,True,10.1016/s0010-938x(99)00013-x,True,True,False,False
1918,37_1999Jargelius_27,1999Jargelius,80,1.0,True,True,10.1016/s0010-938x(99)00013-x,True,True,False,False
1919,37_1999Jargelius_28,1999Jargelius,80,1.0,True,True,10.1016/s0010-938x(99)00013-x,True,True,False,False
1920,37_1999Jargelius_29,1999Jargelius,80,1.0,True,True,10.1016/s0010-938x(99)00013-x,True,True,False,False
1921,37_1999Jargelius_30,1999Jargelius,80,1.0,True,True,10.1016/s0010-938x(99)00013-x,True,True,False,False
1922,37_1999Jargelius_31,1999Jargelius,80,1.0,True,True,10.1016/s0010-938x(99)00013-x,True,True,False,False
1923,37_1999Jargelius_32,1999Jargelius,80,1.0,True,True,10.1016/s0010-938x(99)00013-x,True,True,False,False
1924,37_1999Jargelius_33,1999Jargelius,80,1.0,True,True,10.1016/s0010-938x(99)00013-x,True,True,False,False
1925,37_1999Jargelius_34,1999Jargelius,80,1.0,True,True,10.1016/s0010-938x(99)00013-x,True,True,False,False
1926,37_1999Jargelius_35,1999Jargelius,80,1.0,True,True,10.1016/s0010-938x(99)00013-x,True,True,False,False
1927,37_1999Jargelius_36,1999Jargelius,80,1.0,True,True,10.1016/s0010-938x(99)00013-x,True,True,False,False
1928,37_1999Jargelius_37,1999Jargelius,80,1.0,True,True,10.1016/s0010-938x(99)00013-x,True,True,False,False
1929,37_1999Jargelius_38,1999Jargelius,80,1.0,True,True,10.1016/s0010-938x(99)00013-x,True,True,False,False
1930,37_1999Jargelius_39,1999Jargelius,80,1.0,True,True,10.1016/s0010-938x(99)00013-x,True,True,False,False
1931,37_1999Jargelius_40,1999Jargelius,80,1.0,True,True,10.1016/s0010-938x(99)00013-x,True,True,False,False
1932,37_1999Jargelius_41,1999Jargelius,80,1.0,True,True,10.1016/s0010-938x(99)00013-x,True,True,False,False
1933,37_1999Jargelius_42,1999Jargelius,80,1.0,True,True,10.1016/s0010-938x(99)00013-x,True,True,False,False
1934,37_1999Jargelius_43,1999Jargelius,80,1.0,True,True,10.1016/s0010-938x(99)00013-x,True,True,False,False
1935,37_1999Jargelius_44,1999Jargelius,80,1.0,True,True,10.1016/s0010-938x(99)00013-x,True,True,False,False
1936,37_1999Jargelius_45,1999Jargelius,80,1.0,True,True,10.1016/s0010-938x(99)00013-x,True,True,False,False
1937,37_1999Jargelius_46,1999Jargelius,80,1.0,True,True,10.1016/s0010-938x(99)00013-x,True,True,False,False
1938,37_1999Jargelius_47,1999Jargelius,80,1.0,True,True,10.1016/s0010-938x(99)00013-x,True,True,False,False
1939,37_1999Jargelius_48,1999Jargelius,80,1.0,True,True,10.1016/s0010-938x(99)00013-x,True,True,False,False
1940,78_1999Kim_01,1999Kim,81,1.0,True,True,10.5006/1.3284014,True,True,False,False
1941,78_1999Kim_02,1999Kim,81,1.0,True,True,10.5006/1.3284014,True,True,False,False
1942,78_1999Kim_03,1999Kim,81,1.0,True,True,10.5006/1.3284014,True,True,False,False
1943,61_1999Wegrelius_01,1999Wegrelius,82,1.0,True,True,10.1149/1.1391777,True,True,False,False
1944,2000DiSchino1,2000DiSchino,83,1.0,True,True,10.1023/a:1004872728797,False,False,False,True
1945,2000DiSchino2,2000DiSchino,83,1.0,True,True,10.1023/a:1004872728797,False,False,False,True
1946,2000DiSchino3,2000DiSchino,83,1.0,True,True,10.1023/a:1004872728797,False,False,False,True
1947,2000Kaneko01,2000Kaneko,84,1.0,True,True,10.1016/s0010-938x(99)00056-6,False,False,False,True
1948,2000Kaneko02,2000Kaneko,84,1.0,True,True,10.1016/s0010-938x(99)00056-6,False,False,False,True
1949,2000Kaneko03,2000Kaneko,84,1.0,True,True,10.1016/s0010-938x(99)00056-6,False,False,False,True
1950,2000Kaneko04,2000Kaneko,84,1.0,True,True,10.1016/s0010-938x(99)00056-6,False,False,False,True
1951,2000Kaneko05,2000Kaneko,84,1.0,True,True,10.1016/s0010-938x(99)00056-6,False,False,False,True
1952,2000Kaneko06,2000Kaneko,84,1.0,True,True,10.1016/s0010-938x(99)00056-6,False,False,False,True
1953,2000Kaneko07,2000Kaneko,84,1.0,True,True,10.1016/s0010-938x(99)00056-6,False,False,False,True
1954,2000Kaneko08,2000Kaneko,84,1.0,True,True,10.1016/s0010-938x(99)00056-6,False,False,False,True
1955,2000Kaneko09,2000Kaneko,84,1.0,True,True,10.1016/s0010-938x(99)00056-6,False,False,False,True
1956,2000Kaneko10,2000Kaneko,84,1.0,True,True,10.1016/s0010-938x(99)00056-6,False,False,False,True
1957,2000Kaneko11,2000Kaneko,84,1.0,True,True,10.1016/s0010-938x(99)00056-6,False,False,False,True
1958,2000Kaneko12,2000Kaneko,84,1.0,True,True,10.1016/s0010-938x(99)00056-6,False,False,False,True
1959,2000Kaneko13,2000Kaneko,84,1.0,True,True,10.1016/s0010-938x(99)00056-6,False,False,False,True
1960,2000Kaneko14,2000Kaneko,84,1.0,True,True,10.1016/s0010-938x(99)00056-6,False,False,False,True
1961,2000Kaneko15,2000Kaneko,84,1.0,True,True,10.1016/s0010-938x(99)00056-6,False,False,False,True
1962,2000Matsch01,2000Matsch,85,1.0,True,True,10.1007/bf02757532,False,False,False,True
1963,2000Matsch02,2000Matsch,85,1.0,True,True,10.1007/bf02757532,False,False,False,True
1964,2000Matsch03,2000Matsch,85,1.0,True,True,10.1007/bf02757532,False,False,False,True
1965,2000Matsch04,2000Matsch,85,1.0,True,True,10.1007/bf02757532,False,False,False,True
1966,2000Matsch05,2000Matsch,85,1.0,True,True,10.1007/bf02757532,False,False,False,True
1967,2000Matsch06,2000Matsch,85,1.0,True,True,10.1007/bf02757532,False,False,False,True
1968,2000Matsch07,2000Matsch,85,1.0,True,True,10.1007/bf02757532,False,False,False,True
1969,2000Matsch08,2000Matsch,85,1.0,True,True,10.1007/bf02757532,False,False,False,True
1970,2000Matsch09,2000Matsch,85,1.0,True,True,10.1007/bf02757532,False,False,False,True
1971,2000Matsch10,2000Matsch,85,1.0,True,True,10.1007/bf02757532,False,False,False,True
1972,2000Matsch11,2000Matsch,85,1.0,True,True,10.1007/bf02757532,False,False,False,True
1973,2000Matsch12,2000Matsch,85,1.0,True,True,10.1007/bf02757532,False,False,False,True
1974,2000Matsch13,2000Matsch,85,1.0,True,True,10.1007/bf02757532,False,False,False,True
1975,2000Matsch14,2000Matsch,85,1.0,True,True,10.1007/bf02757532,False,False,False,True
1976,2000Matsch15,2000Matsch,85,1.0,True,True,10.1007/bf02757532,False,False,False,True
1977,2000Matsch16,2000Matsch,85,1.0,True,True,10.1007/bf02757532,False,False,False,True
1978,2000Matsch17,2000Matsch,85,1.0,True,True,10.1007/bf02757532,False,False,False,True
1979,2000Matsch18,2000Matsch,85,1.0,True,True,10.1007/bf02757532,False,False,False,True
1980,2000Matsch19,2000Matsch,85,1.0,True,True,10.1007/bf02757532,False,False,False,True
1981,2000Matsch20,2000Matsch,85,1.0,True,True,10.1007/bf02757532,False,False,False,True
1982,2000Matsch21,2000Matsch,85,1.0,True,True,10.1007/bf02757532,False,False,False,True
1983,2000Matsch22,2000Matsch,85,1.0,True,True,10.1007/bf02757532,False,False,False,True
1984,2000Matsch23,2000Matsch,85,1.0,True,True,10.1007/bf02757532,False,False,False,True
1985,2000Matsch24,2000Matsch,85,1.0,True,True,10.1007/bf02757532,False,False,False,True
1986,2000Noh01,2000Noh,86,1.0,True,True,10.1016/s0010-938x(00)00052-4,False,False,False,True
1987,2000Noh02,2000Noh,86,1.0,True,True,10.1016/s0010-938x(00)00052-4,False,False,False,True
1988,2000Noh03,2000Noh,86,1.0,True,True,10.1016/s0010-938x(00)00052-4,False,False,False,True
1989,2000Noh04,2000Noh,86,1.0,True,True,10.1016/s0010-938x(00)00052-4,False,False,False,True
1990,2000Noh05,2000Noh,86,1.0,True,True,10.1016/s0010-938x(00)00052-4,False,False,False,True
1991,2000Noh06,2000Noh,86,1.0,True,True,10.1016/s0010-938x(00)00052-4,False,False,False,True
1992,2000Noh07,2000Noh,86,1.0,True,True,10.1016/s0010-938x(00)00052-4,False,False,False,True
1993,2000Noh08,2000Noh,86,1.0,True,True,10.1016/s0010-938x(00)00052-4,False,False,False,True
1994,2000Noh09,2000Noh,86,1.0,True,True,10.1016/s0010-938x(00)00052-4,False,False,False,True
1995,2000Noh10,2000Noh,86,1.0,True,True,10.1016/s0010-938x(00)00052-4,False,False,False,True
1996,2000Noh11,2000Noh,86,1.0,True,True,10.1016/s0010-938x(00)00052-4,False,False,False,True
1997,2000Noh12,2000Noh,86,1.0,True,True,10.1016/s0010-938x(00)00052-4,False,False,False,True
1998,2000Noh13,2000Noh,86,1.0,True,True,10.1016/s0010-938x(00)00052-4,False,False,False,True
1999,2000Noh14,2000Noh,86,1.0,True,True,10.1016/s0010-938x(00)00052-4,False,False,False,True
2000,2000Noh15,2000Noh,86,1.0,True,True,10.1016/s0010-938x(00)00052-4,False,False,False,True
2001,2000Noh16,2000Noh,86,1.0,True,True,10.1016/s0010-938x(00)00052-4,False,False,False,True
2002,2000Noh17,2000Noh,86,1.0,True,True,10.1016/s0010-938x(00)00052-4,False,False,False,True
2003,2000Noh18,2000Noh,86,1.0,True,True,10.1016/s0010-938x(00)00052-4,False,False,False,True
2004,2000Noh19,2000Noh,86,1.0,True,True,10.1016/s0010-938x(00)00052-4,False,False,False,True
2005,2000Noh20,2000Noh,86,1.0,True,True,10.1016/s0010-938x(00)00052-4,False,False,False,True
2006,2000Noh21,2000Noh,86,1.0,True,True,10.1016/s0010-938x(00)00052-4,False,False,False,True
2007,2000Noh22,2000Noh,86,1.0,True,True,10.1016/s0010-938x(00)00052-4,False,False,False,True
2008,2000Noh23,2000Noh,86,1.0,True,True,10.1016/s0010-938x(00)00052-4,False,False,False,True
2009,2000Noh24,2000Noh,86,1.0,True,True,10.1016/s0010-938x(00)00052-4,False,False,False,True
2010,2000Noh25,2000Noh,86,1.0,True,True,10.1016/s0010-938x(00)00052-4,False,False,False,True
2011,2000Noh26,2000Noh,86,1.0,True,True,10.1016/s0010-938x(00)00052-4,False,False,False,True
2012,2000Noh27,2000Noh,86,1.0,True,True,10.1016/s0010-938x(00)00052-4,False,False,False,True
2013,2000Noh28,2000Noh,86,1.0,True,True,10.1016/s0010-938x(00)00052-4,False,False,False,True
2014,2000Noh29,2000Noh,86,1.0,True,True,10.1016/s0010-938x(00)00052-4,False,False,False,True
2015,2000Noh30,2000Noh,86,1.0,True,True,10.1016/s0010-938x(00)00052-4,False,False,False,True
2016,2000Noh31,2000Noh,86,1.0,True,True,10.1016/s0010-938x(00)00052-4,False,False,False,True
2017,2000Noh32,2000Noh,86,1.0,True,True,10.1016/s0010-938x(00)00052-4,False,False,False,True
2018,2000Noh33,2000Noh,86,1.0,True,True,10.1016/s0010-938x(00)00052-4,False,False,False,True
2019,2000Noh34,2000Noh,86,1.0,True,True,10.1016/s0010-938x(00)00052-4,False,False,False,True
2020,2000Noh35,2000Noh,86,1.0,True,True,10.1016/s0010-938x(00)00052-4,False,False,False,True
2021,2000Noh36,2000Noh,86,1.0,True,True,10.1016/s0010-938x(00)00052-4,False,False,False,True
2022,2000Noh37,2000Noh,86,1.0,True,True,10.1016/s0010-938x(00)00052-4,False,False,False,True
2023,2000Noh38,2000Noh,86,1.0,True,True,10.1016/s0010-938x(00)00052-4,False,False,False,True
2024,2000Noh39,2000Noh,86,1.0,True,True,10.1016/s0010-938x(00)00052-4,False,False,False,True
2025,2000Noh40,2000Noh,86,1.0,True,True,10.1016/s0010-938x(00)00052-4,False,False,False,True
2026,2000Noh41,2000Noh,86,1.0,True,True,10.1016/s0010-938x(00)00052-4,False,False,False,True
2027,2000Noh42,2000Noh,86,1.0,True,True,10.1016/s0010-938x(00)00052-4,False,False,False,True
2028,2000Noh43,2000Noh,86,1.0,True,True,10.1016/s0010-938x(00)00052-4,False,False,False,True
2029,2000Noh44,2000Noh,86,1.0,True,True,10.1016/s0010-938x(00)00052-4,False,False,False,True
2030,2000Noh45,2000Noh,86,1.0,True,True,10.1016/s0010-938x(00)00052-4,False,False,False,True
2031,2000Noh46,2000Noh,86,1.0,True,True,10.1016/s0010-938x(00)00052-4,False,False,False,True
2032,2000Noh47,2000Noh,86,1.0,True,True,10.1016/s0010-938x(00)00052-4,False,False,False,True
2033,2000Noh48,2000Noh,86,1.0,True,True,10.1016/s0010-938x(00)00052-4,False,False,False,True
2034,2000Noh49,2000Noh,86,1.0,True,True,10.1016/s0010-938x(00)00052-4,False,False,False,True
2035,2000Noh50,2000Noh,86,1.0,True,True,10.1016/s0010-938x(00)00052-4,False,False,False,True
2036,2000Noh51,2000Noh,86,1.0,True,True,10.1016/s0010-938x(00)00052-4,False,False,False,True
2037,2000Noh52,2000Noh,86,1.0,True,True,10.1016/s0010-938x(00)00052-4,False,False,False,True
2038,2000Noh53,2000Noh,86,1.0,True,True,10.1016/s0010-938x(00)00052-4,False,False,False,True
2039,2000Noh54,2000Noh,86,1.0,True,True,10.1016/s0010-938x(00)00052-4,False,False,False,True
2040,2000Noh55,2000Noh,86,1.0,True,True,10.1016/s0010-938x(00)00052-4,False,False,False,True
2041,2000Noh56,2000Noh,86,1.0,True,True,10.1016/s0010-938x(00)00052-4,False,False,False,True
2042,2000Noh57,2000Noh,86,1.0,True,True,10.1016/s0010-938x(00)00052-4,False,False,False,True
2043,2000Noh58,2000Noh,86,1.0,True,True,10.1016/s0010-938x(00)00052-4,False,False,False,True
2044,2000Noh59,2000Noh,86,1.0,True,True,10.1016/s0010-938x(00)00052-4,False,False,False,True
2045,2000Noh60,2000Noh,86,1.0,True,True,10.1016/s0010-938x(00)00052-4,False,False,False,True
2046,2000Noh61,2000Noh,86,1.0,True,True,10.1016/s0010-938x(00)00052-4,False,False,False,True
2047,2000Noh62,2000Noh,86,1.0,True,True,10.1016/s0010-938x(00)00052-4,False,False,False,True
2048,2000Noh63,2000Noh,86,1.0,True,True,10.1016/s0010-938x(00)00052-4,False,False,False,True
2049,2000Noh64,2000Noh,86,1.0,True,True,10.1016/s0010-938x(00)00052-4,False,False,False,True
2050,2000Noh65,2000Noh,86,1.0,True,True,10.1016/s0010-938x(00)00052-4,False,False,False,True
2051,2000Noh66,2000Noh,86,1.0,True,True,10.1016/s0010-938x(00)00052-4,False,False,False,True
2052,2000Noh67,2000Noh,86,1.0,True,True,10.1016/s0010-938x(00)00052-4,False,False,False,True
2053,2000Noh68,2000Noh,86,1.0,True,True,10.1016/s0010-938x(00)00052-4,False,False,False,True
2054,2000Noh69,2000Noh,86,1.0,True,True,10.1016/s0010-938x(00)00052-4,False,False,False,True
2055,2000Noh70,2000Noh,86,1.0,True,True,10.1016/s0010-938x(00)00052-4,False,False,False,True
2056,2000Noh71,2000Noh,86,1.0,True,True,10.1016/s0010-938x(00)00052-4,False,False,False,True
2057,2000Noh72,2000Noh,86,1.0,True,True,10.1016/s0010-938x(00)00052-4,False,False,False,True
2058,2000Noh73,2000Noh,86,1.0,True,True,10.1016/s0010-938x(00)00052-4,False,False,False,True
2059,2000Noh74,2000Noh,86,1.0,True,True,10.1016/s0010-938x(00)00052-4,False,False,False,True
2060,2000Noh75,2000Noh,86,1.0,True,True,10.1016/s0010-938x(00)00052-4,False,False,False,True
2061,2000Noh76,2000Noh,86,1.0,True,True,10.1016/s0010-938x(00)00052-4,False,False,False,True
2062,2000Noh77,2000Noh,86,1.0,True,True,10.1016/s0010-938x(00)00052-4,False,False,False,True
2063,2000Noh78,2000Noh,86,1.0,True,True,10.1016/s0010-938x(00)00052-4,False,False,False,True
2064,2000Noh79,2000Noh,86,1.0,True,True,10.1016/s0010-938x(00)00052-4,False,False,False,True
2065,2000Noh80,2000Noh,86,1.0,True,True,10.1016/s0010-938x(00)00052-4,False,False,False,True
2066,2000Noh81,2000Noh,86,1.0,True,True,10.1016/s0010-938x(00)00052-4,False,False,False,True
2067,2000Noh82,2000Noh,86,1.0,True,True,10.1016/s0010-938x(00)00052-4,False,False,False,True
2068,2000Noh83,2000Noh,86,1.0,True,True,10.1016/s0010-938x(00)00052-4,False,False,False,True
2069,2000Noh84,2000Noh,86,1.0,True,True,10.1016/s0010-938x(00)00052-4,False,False,False,True
2070,2000Noh85,2000Noh,86,1.0,True,True,10.1016/s0010-938x(00)00052-4,False,False,False,True
2071,2000Noh86,2000Noh,86,1.0,True,True,10.1016/s0010-938x(00)00052-4,False,False,False,True
2072,2000Noh87,2000Noh,86,1.0,True,True,10.1016/s0010-938x(00)00052-4,False,False,False,True
2073,2000Russell01,2000Russell,87,1.0,True,True,10.5006/1.3290360,False,False,False,True
2074,2000Russell02,2000Russell,87,1.0,True,True,10.5006/1.3290360,False,False,False,True
2075,2000Russell03,2000Russell,87,1.0,True,True,10.5006/1.3290360,False,False,False,True
2076,2000Russell04,2000Russell,87,0.0,True,False,10.5006/1.3290360,False,False,False,False
2077,2000Russell05,2000Russell,87,0.0,True,False,10.5006/1.3290360,False,False,False,False
2078,2000Russell06,2000Russell,87,0.0,True,False,10.5006/1.3290360,False,False,False,False
2079,2000Russell07,2000Russell,87,0.0,True,False,10.5006/1.3290360,False,False,False,False
2080,2000Russell08,2000Russell,87,0.0,True,False,10.5006/1.3290360,False,False,False,False
2081,2000Russell09,2000Russell,87,0.0,True,False,10.5006/1.3290360,False,False,False,False
2082,2000Russell10,2000Russell,87,0.0,True,False,10.5006/1.3290360,False,False,False,False
2083,2000Russell11,2000Russell,87,1.0,True,True,10.5006/1.3290360,False,False,False,True
2084,2000Russell12,2000Russell,87,1.0,True,True,10.5006/1.3290360,False,False,False,True
2085,2000Russell13,2000Russell,87,0.0,True,False,10.5006/1.3290360,False,False,False,False
2086,2000Russell14,2000Russell,87,1.0,True,True,10.5006/1.3290360,False,False,False,True
2087,2000Russell15,2000Russell,87,1.0,True,True,10.5006/1.3290360,False,False,False,True
2088,2000Russell16,2000Russell,87,1.0,True,True,10.5006/1.3290360,False,False,False,True
2089,2000Russell17,2000Russell,87,1.0,True,True,10.5006/1.3290360,False,False,False,True
2090,2000Russell18,2000Russell,87,1.0,True,True,10.5006/1.3290360,False,False,False,True
2091,2000Russell19,2000Russell,87,1.0,True,True,10.5006/1.3290360,False,False,False,True
2092,2000Russell20,2000Russell,87,0.0,True,False,10.5006/1.3290360,False,False,False,False
2093,2000Russell21,2000Russell,87,0.0,True,False,10.5006/1.3290360,False,False,False,False
2094,2000Russell22,2000Russell,87,0.0,True,False,10.5006/1.3290360,False,False,False,False
2095,2000Russell23,2000Russell,87,0.0,True,False,10.5006/1.3290360,False,False,False,False
2096,2000Russell24,2000Russell,87,0.0,True,False,10.5006/1.3290360,False,False,False,False
2097,34_2001Lim_01,2001Lim,88,1.0,True,True,10.1016/s0010-938x(00)00074-3,True,True,False,False
2098,34_2001Lim_02,2001Lim,88,1.0,True,True,10.1016/s0010-938x(00)00074-3,True,True,False,False
2099,34_2001Lim_03,2001Lim,88,1.0,True,True,10.1016/s0010-938x(00)00074-3,True,True,False,False
2100,34_2001Lim_04,2001Lim,88,1.0,True,True,10.1016/s0010-938x(00)00074-3,True,True,False,False
2101,34_2001Lim_05,2001Lim,88,1.0,True,True,10.1016/s0010-938x(00)00074-3,True,True,False,False
2102,34_2001Lim_06,2001Lim,88,1.0,True,True,10.1016/s0010-938x(00)00074-3,True,True,False,False
2103,34_2001Lim_07,2001Lim,88,1.0,True,True,10.1016/s0010-938x(00)00074-3,True,True,False,False
2104,34_2001Lim_08,2001Lim,88,1.0,True,True,10.1016/s0010-938x(00)00074-3,True,True,False,False
2105,34_2001Lim_09,2001Lim,88,1.0,True,True,10.1016/s0010-938x(00)00074-3,True,True,False,False
2106,2002Alonso01,2002Alonso,89,1.0,True,True,10.1590/s1516-14392002000100013,False,False,False,True
2107,2002Alonso02,2002Alonso,89,1.0,True,True,10.1590/s1516-14392002000100013,False,False,False,True
2108,2002Alonso03,2002Alonso,89,1.0,True,True,10.1590/s1516-14392002000100013,False,False,False,True
2109,2002Alonso04,2002Alonso,89,1.0,True,True,10.1590/s1516-14392002000100013,False,False,False,True
2110,2002Alonso05,2002Alonso,89,1.0,True,True,10.1590/s1516-14392002000100013,False,False,False,True
2111,2002Alonso06,2002Alonso,89,1.0,True,True,10.1590/s1516-14392002000100013,False,False,False,True
2112,2002Alonso07,2002Alonso,89,1.0,True,True,10.1590/s1516-14392002000100013,False,False,False,True
2113,2002Alonso08,2002Alonso,89,1.0,True,True,10.1590/s1516-14392002000100013,False,False,False,True
2114,2002Alonso09,2002Alonso,89,1.0,True,True,10.1590/s1516-14392002000100013,False,False,False,True
2115,2002Alonso10,2002Alonso,89,1.0,True,True,10.1590/s1516-14392002000100013,False,False,False,True
2116,2002Alonso11,2002Alonso,89,1.0,True,True,10.1590/s1516-14392002000100013,False,False,False,True
2117,2002Alonso12,2002Alonso,89,1.0,True,True,10.1590/s1516-14392002000100013,False,False,False,True
2118,2002Alonso13,2002Alonso,89,1.0,True,True,10.1590/s1516-14392002000100013,False,False,False,True
2119,2002Alonso14,2002Alonso,89,1.0,True,True,10.1590/s1516-14392002000100013,False,False,False,True
2120,2002Alonso15,2002Alonso,89,1.0,True,True,10.1590/s1516-14392002000100013,False,False,False,True
2121,2002Alonso16,2002Alonso,89,1.0,True,True,10.1590/s1516-14392002000100013,False,False,False,True
2122,2002Alonso17,2002Alonso,89,1.0,True,True,10.1590/s1516-14392002000100013,False,False,False,True
2123,2002Alonso18,2002Alonso,89,1.0,True,True,10.1590/s1516-14392002000100013,False,False,False,True
2124,2002Alonso19,2002Alonso,89,1.0,True,True,10.1590/s1516-14392002000100013,False,False,False,True
2125,2002Alonso20,2002Alonso,89,1.0,True,True,10.1590/s1516-14392002000100013,False,False,False,True
2126,2002Alonso21,2002Alonso,89,1.0,True,True,10.1590/s1516-14392002000100013,False,False,False,True
2127,2002Alonso22,2002Alonso,89,1.0,True,True,10.1590/s1516-14392002000100013,False,False,False,True
2128,2002Alonso23,2002Alonso,89,1.0,True,True,10.1590/s1516-14392002000100013,False,False,False,True
2129,2002Alonso24,2002Alonso,89,1.0,True,True,10.1590/s1516-14392002000100013,False,False,False,True
2130,2002Alonso25,2002Alonso,89,1.0,True,True,10.1590/s1516-14392002000100013,False,False,False,True
2131,2002Alonso26,2002Alonso,89,1.0,True,True,10.1590/s1516-14392002000100013,False,False,False,True
2132,2002Alonso27,2002Alonso,89,1.0,True,True,10.1590/s1516-14392002000100013,False,False,False,True
2133,2002Alonso28,2002Alonso,89,1.0,True,True,10.1590/s1516-14392002000100013,False,False,False,True
2134,2002Alonso29,2002Alonso,89,1.0,True,True,10.1590/s1516-14392002000100013,False,False,False,True
2135,2002Alonso30,2002Alonso,89,1.0,True,True,10.1590/s1516-14392002000100013,False,False,False,True
2136,2002Park01,2002Park,90,1.0,True,True,10.1149/1.1430415,False,False,False,True
2137,2002Park02,2002Park,90,1.0,True,True,10.1149/1.1430415,False,False,False,True
2138,2002Park03,2002Park,90,1.0,True,True,10.1149/1.1430415,False,False,False,True
2139,2002Park04,2002Park,90,1.0,True,True,10.1149/1.1430415,False,False,False,True
2140,2002Park05,2002Park,90,1.0,True,True,10.1149/1.1430415,False,False,False,True
2141,2002Park06,2002Park,90,1.0,True,True,10.1149/1.1430415,False,False,False,True
2142,2002Park07,2002Park,90,1.0,True,True,10.1149/1.1430415,False,False,False,True
2143,2002Park08,2002Park,90,1.0,True,True,10.1149/1.1430415,False,False,False,True
2144,2002Park09,2002Park,90,1.0,True,True,10.1149/1.1430415,False,False,False,True
2145,2002Park10,2002Park,90,1.0,True,True,10.1149/1.1430415,False,False,False,True
2146,2002Park11,2002Park,90,1.0,True,True,10.1149/1.1430415,False,False,False,True
2147,2002Park12,2002Park,90,1.0,True,True,10.1149/1.1430415,False,False,False,True
2148,2002Park13,2002Park,90,1.0,True,True,10.1149/1.1430415,False,False,False,True
2149,2002Park14,2002Park,90,1.0,True,True,10.1149/1.1430415,False,False,False,True
2150,2002Park15,2002Park,90,1.0,True,True,10.1149/1.1430415,False,False,False,True
2151,2002Park16,2002Park,90,1.0,True,True,10.1149/1.1430415,False,False,False,True
2152,2002Park17,2002Park,90,1.0,True,True,10.1149/1.1430415,False,False,False,True
2153,2002Park18,2002Park,90,1.0,True,True,10.1149/1.1430415,False,False,False,True
2154,2002Park19,2002Park,90,1.0,True,True,10.1149/1.1430415,False,False,False,True
2155,2002Park20,2002Park,90,1.0,True,True,10.1149/1.1430415,False,False,False,True
2156,2002Park21,2002Park,90,1.0,True,True,10.1149/1.1430415,False,False,False,True
2157,2002Park22,2002Park,90,1.0,True,True,10.1149/1.1430415,False,False,False,True
2158,2002Park23,2002Park,90,1.0,True,True,10.1149/1.1430415,False,False,False,True
2159,2002Park24,2002Park,90,1.0,True,True,10.1149/1.1430415,False,False,False,True
2160,2002Park25,2002Park,90,1.0,True,True,10.1149/1.1430415,False,False,False,True
2161,2002Park26,2002Park,90,1.0,True,True,10.1149/1.1430415,False,False,False,True
2162,2002Park27,2002Park,90,1.0,True,True,10.1149/1.1430415,False,False,False,True
2163,2002Park28,2002Park,90,1.0,True,True,10.1149/1.1430415,False,False,False,True
2164,2002Park29,2002Park,90,1.0,True,True,10.1149/1.1430415,False,False,False,True
2165,2002Park30,2002Park,90,1.0,True,True,10.1149/1.1430415,False,False,False,True
2166,2002Park31,2002Park,90,1.0,True,True,10.1149/1.1430415,False,False,False,True
2167,2002Park32,2002Park,90,1.0,True,True,10.1149/1.1430415,False,False,False,True
2168,2002Park33,2002Park,90,1.0,True,True,10.1149/1.1430415,False,False,False,True
2169,2002Park34,2002Park,90,1.0,True,True,10.1149/1.1430415,False,False,False,True
2170,2002Park35,2002Park,90,1.0,True,True,10.1149/1.1430415,False,False,False,True
2171,2002Park36,2002Park,90,1.0,True,True,10.1149/1.1430415,False,False,False,True
2172,2002Park37,2002Park,90,1.0,True,True,10.1149/1.1430415,False,False,False,True
2173,2002Park38,2002Park,90,1.0,True,True,10.1149/1.1430415,False,False,False,True
2174,2002Park39,2002Park,90,1.0,True,True,10.1149/1.1430415,False,False,False,True
2175,2002Park40,2002Park,90,1.0,True,True,10.1149/1.1430415,False,False,False,True
2176,2002Park41,2002Park,90,1.0,True,True,10.1149/1.1430415,False,False,False,True
2177,2002Park42,2002Park,90,1.0,True,True,10.1149/1.1430415,False,False,False,True
2178,2002Park43,2002Park,90,1.0,True,True,10.1149/1.1430415,False,False,False,True
2179,2002Park44,2002Park,90,1.0,True,True,10.1149/1.1430415,False,False,False,True
2180,2002Park45,2002Park,90,1.0,True,True,10.1149/1.1430415,False,False,False,True
2181,2002Park46,2002Park,90,1.0,True,True,10.1149/1.1430415,False,False,False,True
2182,2002Park47,2002Park,90,1.0,True,True,10.1149/1.1430415,False,False,False,True
2183,2002Park48,2002Park,90,1.0,True,True,10.1149/1.1430415,False,False,False,True
2184,2002Park49,2002Park,90,1.0,True,True,10.1149/1.1430415,False,False,False,True
2185,2002Park50,2002Park,90,1.0,True,True,10.1149/1.1430415,False,False,False,True
2186,2002Park51,2002Park,90,1.0,True,True,10.1149/1.1430415,False,False,False,True
2187,2002Park52,2002Park,90,1.0,True,True,10.1149/1.1430415,False,False,False,True
2188,2002Park53,2002Park,90,1.0,True,True,10.1149/1.1430415,False,False,False,True
2189,2002Park54,2002Park,90,1.0,True,True,10.1149/1.1430415,False,False,False,True
2190,2002Zuo01,2002Zuo,91,1.0,True,True,10.1016/s0010-938x(01)00031-2,False,False,False,True
2191,2002Zuo02,2002Zuo,91,1.0,True,True,10.1016/s0010-938x(01)00031-2,False,False,False,True
2192,2002Zuo03,2002Zuo,91,1.0,True,True,10.1016/s0010-938x(01)00031-2,False,False,False,True
2193,2002Zuo04,2002Zuo,91,1.0,True,True,10.1016/s0010-938x(01)00031-2,False,False,False,True
2194,2002Zuo05,2002Zuo,91,1.0,True,True,10.1016/s0010-938x(01)00031-2,False,False,False,True
2195,2002Zuo06,2002Zuo,91,1.0,True,True,10.1016/s0010-938x(01)00031-2,False,False,False,True
2196,2002Zuo07,2002Zuo,91,1.0,True,True,10.1016/s0010-938x(01)00031-2,False,False,False,True
2197,2002Zuo08,2002Zuo,91,1.0,True,True,10.1016/s0010-938x(01)00031-2,False,False,False,True
2198,2002Zuo09,2002Zuo,91,1.0,True,True,10.1016/s0010-938x(01)00031-2,False,False,False,True
2199,2002Zuo10,2002Zuo,91,1.0,True,True,10.1016/s0010-938x(01)00031-2,False,False,False,True
2200,2002Zuo11,2002Zuo,91,1.0,True,True,10.1016/s0010-938x(01)00031-2,False,False,False,True
2201,2002Zuo12,2002Zuo,91,1.0,True,True,10.1016/s0010-938x(01)00031-2,False,False,False,True
2202,2002Zuo13,2002Zuo,91,1.0,True,True,10.1016/s0010-938x(01)00031-2,False,False,False,True
2203,2002Zuo14,2002Zuo,91,1.0,True,True,10.1016/s0010-938x(01)00031-2,False,False,False,True
2204,2002Zuo15,2002Zuo,91,1.0,True,True,10.1016/s0010-938x(01)00031-2,False,False,False,True
2205,2002Zuo16,2002Zuo,91,1.0,True,True,10.1016/s0010-938x(01)00031-2,False,False,False,True
2206,2002Zuo17,2002Zuo,91,1.0,True,True,10.1016/s0010-938x(01)00031-2,False,False,False,True
2207,2002Zuo18,2002Zuo,91,1.0,True,True,10.1016/s0010-938x(01)00031-2,False,False,False,True
2208,2002Zuo19,2002Zuo,91,1.0,True,True,10.1016/s0010-938x(01)00031-2,False,False,False,True
2209,2002Zuo20,2002Zuo,91,1.0,True,True,10.1016/s0010-938x(01)00031-2,False,False,False,True
2210,2002Zuo21,2002Zuo,91,1.0,True,True,10.1016/s0010-938x(01)00031-2,False,False,False,True
2211,2002Zuo22,2002Zuo,91,1.0,True,True,10.1016/s0010-938x(01)00031-2,False,False,False,True
2212,2002Zuo23,2002Zuo,91,1.0,True,True,10.1016/s0010-938x(01)00031-2,False,False,False,True
2213,2002Zuo24,2002Zuo,91,1.0,True,True,10.1016/s0010-938x(01)00031-2,False,False,False,True
2214,2002Zuo25,2002Zuo,91,1.0,True,True,10.1016/s0010-938x(01)00031-2,False,False,False,True
2215,2002Zuo26,2002Zuo,91,1.0,True,True,10.1016/s0010-938x(01)00031-2,False,False,False,True
2216,2002Zuo27,2002Zuo,91,1.0,True,True,10.1016/s0010-938x(01)00031-2,False,False,False,True
2217,2002Zuo28,2002Zuo,91,1.0,True,True,10.1016/s0010-938x(01)00031-2,False,False,False,True
2218,2002Zuo29,2002Zuo,91,1.0,True,True,10.1016/s0010-938x(01)00031-2,False,False,False,True
2219,2002Zuo30,2002Zuo,91,1.0,True,True,10.1016/s0010-938x(01)00031-2,False,False,False,True
2220,2002Zuo31,2002Zuo,91,1.0,True,True,10.1016/s0010-938x(01)00031-2,False,False,False,True
2221,2002Zuo32,2002Zuo,91,1.0,True,True,10.1016/s0010-938x(01)00031-2,False,False,False,True
2222,2002Zuo33,2002Zuo,91,1.0,True,True,10.1016/s0010-938x(01)00031-2,False,False,False,True
2223,2002Zuo34,2002Zuo,91,1.0,True,True,10.1016/s0010-938x(01)00031-2,False,False,False,True
2224,2002Zuo35,2002Zuo,91,1.0,True,True,10.1016/s0010-938x(01)00031-2,False,False,False,True
2225,2002Zuo36,2002Zuo,91,1.0,True,True,10.1016/s0010-938x(01)00031-2,False,False,False,True
2226,2002Zuo37,2002Zuo,91,1.0,True,True,10.1016/s0010-938x(01)00031-2,False,False,False,True
2227,2002Zuo38,2002Zuo,91,1.0,True,True,10.1016/s0010-938x(01)00031-2,False,False,False,True
2228,2002Zuo39,2002Zuo,91,1.0,True,True,10.1016/s0010-938x(01)00031-2,False,False,False,True
2229,2003Ilevbare01,2003Ilevbare,92,1.0,True,True,10.1016/s0010-938x(02)00229-9,False,False,False,True
2230,2003Ilevbare02,2003Ilevbare,92,1.0,True,True,10.1016/s0010-938x(02)00229-9,False,False,False,True
2231,2003Ilevbare03,2003Ilevbare,92,1.0,True,True,10.1016/s0010-938x(02)00229-9,False,False,False,True
2232,2003Ilevbare04,2003Ilevbare,92,1.0,True,True,10.1016/s0010-938x(02)00229-9,False,False,False,True
2233,2003Ilevbare05,2003Ilevbare,92,1.0,True,True,10.1016/s0010-938x(02)00229-9,False,False,False,True
2234,2003Ilevbare06,2003Ilevbare,92,1.0,True,True,10.1016/s0010-938x(02)00229-9,False,False,False,True
2235,2003Ilevbare07,2003Ilevbare,92,1.0,True,True,10.1016/s0010-938x(02)00229-9,False,False,False,True
2236,2003Ilevbare08,2003Ilevbare,92,1.0,True,True,10.1016/s0010-938x(02)00229-9,False,False,False,True
2237,2003Ilevbare09,2003Ilevbare,92,1.0,True,True,10.1016/s0010-938x(02)00229-9,False,False,False,True
2238,2003Ilevbare10,2003Ilevbare,92,1.0,True,True,10.1016/s0010-938x(02)00229-9,False,False,False,True
2239,2003Ilevbare11,2003Ilevbare,92,1.0,True,True,10.1016/s0010-938x(02)00229-9,False,False,False,True
2240,2003Ilevbare12,2003Ilevbare,92,1.0,True,True,10.1016/s0010-938x(02)00229-9,False,False,False,True
2241,2003Ilevbare13,2003Ilevbare,92,1.0,True,True,10.1016/s0010-938x(02)00229-9,False,False,False,True
2242,2003Ilevbare14,2003Ilevbare,92,1.0,True,True,10.1016/s0010-938x(02)00229-9,False,False,False,True
2243,2003Ilevbare15,2003Ilevbare,92,1.0,True,True,10.1016/s0010-938x(02)00229-9,False,False,False,True
2244,2003Ilevbare16,2003Ilevbare,92,1.0,True,True,10.1016/s0010-938x(02)00229-9,False,False,False,True
2245,2003Ilevbare17,2003Ilevbare,92,1.0,True,True,10.1016/s0010-938x(02)00229-9,False,False,False,True
2246,2003Ilevbare18,2003Ilevbare,92,1.0,True,True,10.1016/s0010-938x(02)00229-9,False,False,False,True
2247,2003Ilevbare19,2003Ilevbare,92,1.0,True,True,10.1016/s0010-938x(02)00229-9,False,False,False,True
2248,2003Ilevbare20,2003Ilevbare,92,1.0,True,True,10.1016/s0010-938x(02)00229-9,False,False,False,True
2249,2003Ilevbare21,2003Ilevbare,92,1.0,True,True,10.1016/s0010-938x(02)00229-9,False,False,False,True
2250,2003Ilevbare22,2003Ilevbare,92,1.0,True,True,10.1016/s0010-938x(02)00229-9,False,False,False,True
2251,2003Ilevbare23,2003Ilevbare,92,1.0,True,True,10.1016/s0010-938x(02)00229-9,False,False,False,True
2252,2003Ilevbare24,2003Ilevbare,92,1.0,True,True,10.1016/s0010-938x(02)00229-9,False,False,False,True
2253,2003Ilevbare25,2003Ilevbare,92,1.0,True,True,10.1016/s0010-938x(02)00229-9,False,False,False,True
2254,2003Ilevbare26,2003Ilevbare,92,1.0,True,True,10.1016/s0010-938x(02)00229-9,False,False,False,True
2255,2003Ilevbare27,2003Ilevbare,92,1.0,True,True,10.1016/s0010-938x(02)00229-9,False,False,False,True
2256,2003Ilevbare28,2003Ilevbare,92,1.0,True,True,10.1016/s0010-938x(02)00229-9,False,False,False,True
2257,2003Ilevbare29,2003Ilevbare,92,1.0,True,True,10.1016/s0010-938x(02)00229-9,False,False,False,True
2258,2003Ilevbare30,2003Ilevbare,92,1.0,True,True,10.1016/s0010-938x(02)00229-9,False,False,False,True
2259,2003Ilevbare31,2003Ilevbare,92,1.0,True,True,10.1016/s0010-938x(02)00229-9,False,False,False,True
2260,2004Alentejano01,2004Alentejano,93,1.0,True,True,10.1016/j.electacta.2004.01.039,False,False,False,True
2261,2004Alentejano02,2004Alentejano,93,1.0,True,True,10.1016/j.electacta.2004.01.039,False,False,False,True
2262,2004Alentejano03,2004Alentejano,93,0.0,True,False,10.1016/j.electacta.2004.01.039,False,False,False,False
2263,2004Alentejano04,2004Alentejano,93,1.0,True,True,10.1016/j.electacta.2004.01.039,False,False,False,True
2264,2004Alentejano05,2004Alentejano,93,1.0,True,True,10.1016/j.electacta.2004.01.039,False,False,False,True
2265,2004Alentejano06,2004Alentejano,93,1.0,True,True,10.1016/j.electacta.2004.01.039,False,False,False,True
2266,2004Alentejano07,2004Alentejano,93,1.0,True,True,10.1016/j.electacta.2004.01.039,False,False,False,True
2267,2004Alentejano08,2004Alentejano,93,0.0,True,False,10.1016/j.electacta.2004.01.039,False,False,False,False
2268,2004Alentejano09,2004Alentejano,93,1.0,True,True,10.1016/j.electacta.2004.01.039,False,False,False,True
2269,2004Alentejano10,2004Alentejano,93,1.0,True,True,10.1016/j.electacta.2004.01.039,False,False,False,True
2270,2004Alentejano11,2004Alentejano,93,1.0,True,True,10.1016/j.electacta.2004.01.039,False,False,False,True
2271,2004Elshawesh01,2004Elshawesh,94,1.0,True,True,,False,False,False,True
2272,2004Elshawesh10,2004Elshawesh,94,1.0,True,True,,False,False,False,True
2273,2004Elshawesh11,2004Elshawesh,94,1.0,True,True,,False,False,False,True
2274,2004Elshawesh12,2004Elshawesh,94,1.0,True,True,,False,False,False,True
2275,2004Elshawesh02,2004Elshawesh,94,1.0,True,True,,False,False,False,True
2276,2004Elshawesh03,2004Elshawesh,94,1.0,True,True,,False,False,False,True
2277,2004Elshawesh04,2004Elshawesh,94,1.0,True,True,,False,False,False,True
2278,2004Elshawesh05,2004Elshawesh,94,1.0,True,True,,False,False,False,True
2279,2004Elshawesh06,2004Elshawesh,94,1.0,True,True,,False,False,False,True
2280,2004Elshawesh07,2004Elshawesh,94,1.0,True,True,,False,False,False,True
2281,2004Elshawesh08,2004Elshawesh,94,1.0,True,True,,False,False,False,True
2282,2004Elshawesh09,2004Elshawesh,94,1.0,True,True,,False,False,False,True
2283,2005Faller01,2005Faller,95,1.0,True,True,10.1002/maco.200403846,False,False,False,True
2284,2005Faller02,2005Faller,95,1.0,True,True,10.1002/maco.200403846,False,False,False,True
2285,2005Faller03,2005Faller,95,1.0,True,True,10.1002/maco.200403846,False,False,False,True
2286,2005Faller04,2005Faller,95,1.0,True,True,10.1002/maco.200403846,False,False,False,True
2287,2005Faller05,2005Faller,95,1.0,True,True,10.1002/maco.200403846,False,False,False,True
2288,2005Faller06,2005Faller,95,1.0,True,True,10.1002/maco.200403846,False,False,False,True
2289,2005Faller07,2005Faller,95,1.0,True,True,10.1002/maco.200403846,False,False,False,True
2290,2006Nielsen001,2006Mathiesen,96,1.0,True,True,,False,False,False,True
2291,2006Nielsen010,2006Mathiesen,96,1.0,True,True,,False,False,False,True
2292,2006Nielsen100,2006Mathiesen,96,1.0,True,True,,False,False,False,True
2293,2006Nielsen101,2006Mathiesen,96,1.0,True,True,,False,False,False,True
2294,2006Nielsen102,2006Mathiesen,96,1.0,True,True,,False,False,False,True
2295,2006Nielsen103,2006Mathiesen,96,1.0,True,True,,False,False,False,True
2296,2006Nielsen104,2006Mathiesen,96,1.0,True,True,,False,False,False,True
2297,2006Nielsen105,2006Mathiesen,96,1.0,True,True,,False,False,False,True
2298,2006Nielsen106,2006Mathiesen,96,1.0,True,True,,False,False,False,True
2299,2006Nielsen107,2006Mathiesen,96,1.0,True,True,,False,False,False,True
2300,2006Nielsen011,2006Mathiesen,96,1.0,True,True,,False,False,False,True
2301,2006Nielsen012,2006Mathiesen,96,1.0,True,True,,False,False,False,True
2302,2006Nielsen013,2006Mathiesen,96,1.0,True,True,,False,False,False,True
2303,2006Nielsen014,2006Mathiesen,96,1.0,True,True,,False,False,False,True
2304,2006Nielsen015,2006Mathiesen,96,1.0,True,True,,False,False,False,True
2305,2006Nielsen016,2006Mathiesen,96,1.0,True,True,,False,False,False,True
2306,2006Nielsen017,2006Mathiesen,96,1.0,True,True,,False,False,False,True
2307,2006Nielsen018,2006Mathiesen,96,1.0,True,True,,False,False,False,True
2308,2006Nielsen019,2006Mathiesen,96,0.0,True,False,,False,False,False,False
2309,2006Nielsen002,2006Mathiesen,96,0.0,True,False,,False,False,False,False
2310,2006Nielsen020,2006Mathiesen,96,1.0,True,True,,False,False,False,True
2311,2006Nielsen021,2006Mathiesen,96,1.0,True,True,,False,False,False,True
2312,2006Nielsen022,2006Mathiesen,96,1.0,True,True,,False,False,False,True
2313,2006Nielsen023,2006Mathiesen,96,1.0,True,True,,False,False,False,True
2314,2006Nielsen024,2006Mathiesen,96,1.0,True,True,,False,False,False,True
2315,2006Nielsen025,2006Mathiesen,96,1.0,True,True,,False,False,False,True
2316,2006Nielsen026,2006Mathiesen,96,1.0,True,True,,False,False,False,True
2317,2006Nielsen027,2006Mathiesen,96,1.0,True,True,,False,False,False,True
2318,2006Nielsen028,2006Mathiesen,96,1.0,True,True,,False,False,False,True
2319,2006Nielsen029,2006Mathiesen,96,1.0,True,True,,False,False,False,True
2320,2006Nielsen003,2006Mathiesen,96,0.0,True,False,,False,False,False,False
2321,2006Nielsen030,2006Mathiesen,96,1.0,True,True,,False,False,False,True
2322,2006Nielsen031,2006Mathiesen,96,1.0,True,True,,False,False,False,True
2323,2006Nielsen032,2006Mathiesen,96,1.0,True,True,,False,False,False,True
2324,2006Nielsen033,2006Mathiesen,96,1.0,True,True,,False,False,False,True
2325,2006Nielsen034,2006Mathiesen,96,1.0,True,True,,False,False,False,True
2326,2006Nielsen035,2006Mathiesen,96,1.0,True,True,,False,False,False,True
2327,2006Nielsen036,2006Mathiesen,96,1.0,True,True,,False,False,False,True
2328,2006Nielsen037,2006Mathiesen,96,1.0,True,True,,False,False,False,True
2329,2006Nielsen038,2006Mathiesen,96,1.0,True,True,,False,False,False,True
2330,2006Nielsen039,2006Mathiesen,96,1.0,True,True,,False,False,False,True
2331,2006Nielsen004,2006Mathiesen,96,0.0,True,False,,False,False,False,False
2332,2006Nielsen040,2006Mathiesen,96,1.0,True,True,,False,False,False,True
2333,2006Nielsen041,2006Mathiesen,96,1.0,True,True,,False,False,False,True
2334,2006Nielsen042,2006Mathiesen,96,1.0,True,True,,False,False,False,True
2335,2006Nielsen043,2006Mathiesen,96,1.0,True,True,,False,False,False,True
2336,2006Nielsen044,2006Mathiesen,96,1.0,True,True,,False,False,False,True
2337,2006Nielsen045,2006Mathiesen,96,1.0,True,True,,False,False,False,True
2338,2006Nielsen046,2006Mathiesen,96,1.0,True,True,,False,False,False,True
2339,2006Nielsen047,2006Mathiesen,96,1.0,True,True,,False,False,False,True
2340,2006Nielsen048,2006Mathiesen,96,1.0,True,True,,False,False,False,True
2341,2006Nielsen049,2006Mathiesen,96,1.0,True,True,,False,False,False,True
2342,2006Nielsen005,2006Mathiesen,96,0.0,True,False,,False,False,False,False
2343,2006Nielsen050,2006Mathiesen,96,1.0,True,True,,False,False,False,True
2344,2006Nielsen051,2006Mathiesen,96,1.0,True,True,,False,False,False,True
2345,2006Nielsen052,2006Mathiesen,96,1.0,True,True,,False,False,False,True
2346,2006Nielsen053,2006Mathiesen,96,1.0,True,True,,False,False,False,True
2347,2006Nielsen054,2006Mathiesen,96,1.0,True,True,,False,False,False,True
2348,2006Nielsen055,2006Mathiesen,96,1.0,True,True,,False,False,False,True
2349,2006Nielsen056,2006Mathiesen,96,1.0,True,True,,False,False,False,True
2350,2006Nielsen057,2006Mathiesen,96,1.0,True,True,,False,False,False,True
2351,2006Nielsen058,2006Mathiesen,96,1.0,True,True,,False,False,False,True
2352,2006Nielsen059,2006Mathiesen,96,0.0,True,False,,False,False,False,False
2353,2006Nielsen006,2006Mathiesen,96,0.0,True,False,,False,False,False,False
2354,2006Nielsen060,2006Mathiesen,96,1.0,True,True,,False,False,False,True
2355,2006Nielsen061,2006Mathiesen,96,1.0,True,True,,False,False,False,True
2356,2006Nielsen062,2006Mathiesen,96,0.0,True,False,,False,False,False,False
2357,2006Nielsen063,2006Mathiesen,96,1.0,True,True,,False,False,False,True
2358,2006Nielsen064,2006Mathiesen,96,1.0,True,True,,False,False,False,True
2359,2006Nielsen065,2006Mathiesen,96,1.0,True,True,,False,False,False,True
2360,2006Nielsen066,2006Mathiesen,96,1.0,True,True,,False,False,False,True
2361,2006Nielsen067,2006Mathiesen,96,1.0,True,True,,False,False,False,True
2362,2006Nielsen068,2006Mathiesen,96,1.0,True,True,,False,False,False,True
2363,2006Nielsen069,2006Mathiesen,96,1.0,True,True,,False,False,False,True
2364,2006Nielsen007,2006Mathiesen,96,0.0,True,False,,False,False,False,False
2365,2006Nielsen070,2006Mathiesen,96,1.0,True,True,,False,False,False,True
2366,2006Nielsen071,2006Mathiesen,96,1.0,True,True,,False,False,False,True
2367,2006Nielsen072,2006Mathiesen,96,1.0,True,True,,False,False,False,True
2368,2006Nielsen073,2006Mathiesen,96,1.0,True,True,,False,False,False,True
2369,2006Nielsen074,2006Mathiesen,96,1.0,True,True,,False,False,False,True
2370,2006Nielsen075,2006Mathiesen,96,1.0,True,True,,False,False,False,True
2371,2006Nielsen076,2006Mathiesen,96,1.0,True,True,,False,False,False,True
2372,2006Nielsen077,2006Mathiesen,96,1.0,True,True,,False,False,False,True
2373,2006Nielsen078,2006Mathiesen,96,1.0,True,True,,False,False,False,True
2374,2006Nielsen079,2006Mathiesen,96,1.0,True,True,,False,False,False,True
2375,2006Nielsen008,2006Mathiesen,96,0.0,True,False,,False,False,False,False
2376,2006Nielsen080,2006Mathiesen,96,1.0,True,True,,False,False,False,True
2377,2006Nielsen081,2006Mathiesen,96,1.0,True,True,,False,False,False,True
2378,2006Nielsen082,2006Mathiesen,96,1.0,True,True,,False,False,False,True
2379,2006Nielsen083,2006Mathiesen,96,1.0,True,True,,False,False,False,True
2380,2006Nielsen084,2006Mathiesen,96,1.0,True,True,,False,False,False,True
2381,2006Nielsen085,2006Mathiesen,96,0.0,True,False,,False,False,False,False
2382,2006Nielsen086,2006Mathiesen,96,0.0,True,False,,False,False,False,False
2383,2006Nielsen087,2006Mathiesen,96,0.0,True,False,,False,False,False,False
2384,2006Nielsen088,2006Mathiesen,96,0.0,True,False,,False,False,False,False
2385,2006Nielsen089,2006Mathiesen,96,0.0,True,False,,False,False,False,False
2386,2006Nielsen009,2006Mathiesen,96,1.0,True,True,,False,False,False,True
2387,2006Nielsen090,2006Mathiesen,96,0.0,True,False,,False,False,False,False
2388,2006Nielsen091,2006Mathiesen,96,0.0,True,False,,False,False,False,False
2389,2006Nielsen092,2006Mathiesen,96,0.0,True,False,,False,False,False,False
2390,2006Nielsen093,2006Mathiesen,96,0.0,True,False,,False,False,False,False
2391,2006Nielsen094,2006Mathiesen,96,1.0,True,True,,False,False,False,True
2392,2006Nielsen095,2006Mathiesen,96,1.0,True,True,,False,False,False,True
2393,2006Nielsen096,2006Mathiesen,96,1.0,True,True,,False,False,False,True
2394,2006Nielsen097,2006Mathiesen,96,0.0,True,False,,False,False,False,False
2395,2006Nielsen098,2006Mathiesen,96,1.0,True,True,,False,False,False,True
2396,2006Nielsen099,2006Mathiesen,96,1.0,True,True,,False,False,False,True
2397,2006Muwila01,2006Muwila,97,0.0,True,False,,False,False,False,False
2398,2006Muwila02,2006Muwila,97,1.0,True,True,,False,False,False,True
2399,2006Muwila03,2006Muwila,97,1.0,True,True,,False,False,False,True
2400,2006Muwila04,2006Muwila,97,1.0,True,True,,False,False,False,True
2401,2006Muwila05,2006Muwila,97,1.0,True,True,,False,False,False,True
2402,2006Muwila06,2006Muwila,97,1.0,True,True,,False,False,False,True
2403,2006Muwila07,2006Muwila,97,1.0,True,True,,False,False,False,True
2404,2006Muwila08,2006Muwila,97,1.0,True,True,,False,False,False,True
2405,2006Muwila09,2006Muwila,97,1.0,True,True,,False,False,False,True
2406,2006Muwila10,2006Muwila,97,1.0,True,True,,False,False,False,True
2407,2006Muwila11,2006Muwila,97,1.0,True,True,,False,False,False,True
2408,2006Muwila12,2006Muwila,97,1.0,True,True,,False,False,False,True
2409,2006Muwila13,2006Muwila,97,1.0,True,True,,False,False,False,True
2410,2006Muwila14,2006Muwila,97,1.0,True,True,,False,False,False,True
2411,2006Muwila15,2006Muwila,97,1.0,True,True,,False,False,False,True
2412,2006Muwila16,2006Muwila,97,1.0,True,True,,False,False,False,True
2413,2006Muwila17,2006Muwila,97,1.0,True,True,,False,False,False,True
2414,2006Muwila18,2006Muwila,97,1.0,True,True,,False,False,False,True
2415,2006Muwila19,2006Muwila,97,1.0,True,True,,False,False,False,True
2416,2006Muwila20,2006Muwila,97,1.0,True,True,,False,False,False,True
2417,2006Muwila21,2006Muwila,97,1.0,True,True,,False,False,False,True
2418,2006Muwila22,2006Muwila,97,1.0,True,True,,False,False,False,True
2419,2006Muwila23,2006Muwila,97,1.0,True,True,,False,False,False,True
2420,2006Shin01,2006Shin,98,0.0,True,False,,False,False,False,False
2421,2006Shin02,2006Shin,98,0.0,True,False,,False,False,False,False
2422,2006Shin03,2006Shin,98,0.0,True,False,,False,False,False,False
2423,2006Shin04,2006Shin,98,1.0,True,True,,False,False,False,True
2424,2006Shin05,2006Shin,98,0.0,True,False,,False,False,False,False
2425,2006Shin06,2006Shin,98,1.0,True,True,,False,False,False,True
2426,2006Shin07,2006Shin,98,1.0,True,True,,False,False,False,True
2427,2006Shin08,2006Shin,98,1.0,True,True,,False,False,False,True
2428,2006Shin09,2006Shin,98,1.0,True,True,,False,False,False,True
2429,2006Shin10,2006Shin,98,1.0,True,True,,False,False,False,True
2430,2006Shin11,2006Shin,98,1.0,True,True,,False,False,False,True
2431,2006Shin12,2006Shin,98,0.0,True,False,,False,False,False,False
2432,2006Shin13,2006Shin,98,0.0,True,False,,False,False,False,False
2433,2006Shin14,2006Shin,98,0.0,True,False,,False,False,False,False
2434,2006Shin15,2006Shin,98,0.0,True,False,,False,False,False,False
2435,2007Nielsen01,2007Nielsen,99,0.0,True,False,,False,False,False,False
2436,2007Nielsen10,2007Nielsen,99,1.0,True,True,,False,False,False,True
2437,2007Nielsen11,2007Nielsen,99,1.0,True,True,,False,False,False,True
2438,2007Nielsen12,2007Nielsen,99,1.0,True,True,,False,False,False,True
2439,2007Nielsen13,2007Nielsen,99,1.0,True,True,,False,False,False,True
2440,2007Nielsen14,2007Nielsen,99,1.0,True,True,,False,False,False,True
2441,2007Nielsen15,2007Nielsen,99,0.0,True,False,,False,False,False,False
2442,2007Nielsen16,2007Nielsen,99,1.0,True,True,,False,False,False,True
2443,2007Nielsen17,2007Nielsen,99,1.0,True,True,,False,False,False,True
2444,2007Nielsen18,2007Nielsen,99,1.0,True,True,,False,False,False,True
2445,2007Nielsen19,2007Nielsen,99,1.0,True,True,,False,False,False,True
2446,2007Nielsen02,2007Nielsen,99,1.0,True,True,,False,False,False,True
2447,2007Nielsen20,2007Nielsen,99,1.0,True,True,,False,False,False,True
2448,2007Nielsen21,2007Nielsen,99,1.0,True,True,,False,False,False,True
2449,2007Nielsen22,2007Nielsen,99,1.0,True,True,,False,False,False,True
2450,2007Nielsen23,2007Nielsen,99,1.0,True,True,,False,False,False,True
2451,2007Nielsen24,2007Nielsen,99,1.0,True,True,,False,False,False,True
2452,2007Nielsen25,2007Nielsen,99,1.0,True,True,,False,False,False,True
2453,2007Nielsen26,2007Nielsen,99,1.0,True,True,,False,False,False,True
2454,2007Nielsen27,2007Nielsen,99,0.0,True,False,,False,False,False,False
2455,2007Nielsen28,2007Nielsen,99,1.0,True,True,,False,False,False,True
2456,2007Nielsen29,2007Nielsen,99,1.0,True,True,,False,False,False,True
2457,2007Nielsen03,2007Nielsen,99,1.0,True,True,,False,False,False,True
2458,2007Nielsen30,2007Nielsen,99,1.0,True,True,,False,False,False,True
2459,2007Nielsen31,2007Nielsen,99,1.0,True,True,,False,False,False,True
2460,2007Nielsen32,2007Nielsen,99,1.0,True,True,,False,False,False,True
2461,2007Nielsen33,2007Nielsen,99,1.0,True,True,,False,False,False,True
2462,2007Nielsen34,2007Nielsen,99,1.0,True,True,,False,False,False,True
2463,2007Nielsen35,2007Nielsen,99,1.0,True,True,,False,False,False,True
2464,2007Nielsen36,2007Nielsen,99,1.0,True,True,,False,False,False,True
2465,2007Nielsen37,2007Nielsen,99,1.0,True,True,,False,False,False,True
2466,2007Nielsen38,2007Nielsen,99,1.0,True,True,,False,False,False,True
2467,2007Nielsen39,2007Nielsen,99,1.0,True,True,,False,False,False,True
2468,2007Nielsen04,2007Nielsen,99,1.0,True,True,,False,False,False,True
2469,2007Nielsen40,2007Nielsen,99,1.0,True,True,,False,False,False,True
2470,2007Nielsen41,2007Nielsen,99,1.0,True,True,,False,False,False,True
2471,2007Nielsen42,2007Nielsen,99,1.0,True,True,,False,False,False,True
2472,2007Nielsen43,2007Nielsen,99,1.0,True,True,,False,False,False,True
2473,2007Nielsen44,2007Nielsen,99,1.0,True,True,,False,False,False,True
2474,2007Nielsen45,2007Nielsen,99,1.0,True,True,,False,False,False,True
2475,2007Nielsen46,2007Nielsen,99,1.0,True,True,,False,False,False,True
2476,2007Nielsen47,2007Nielsen,99,1.0,True,True,,False,False,False,True
2477,2007Nielsen48,2007Nielsen,99,1.0,True,True,,False,False,False,True
2478,2007Nielsen49,2007Nielsen,99,1.0,True,True,,False,False,False,True
2479,2007Nielsen05,2007Nielsen,99,1.0,True,True,,False,False,False,True
2480,2007Nielsen50,2007Nielsen,99,1.0,True,True,,False,False,False,True
2481,2007Nielsen51,2007Nielsen,99,1.0,True,True,,False,False,False,True
2482,2007Nielsen52,2007Nielsen,99,1.0,True,True,,False,False,False,True
2483,2007Nielsen53,2007Nielsen,99,1.0,True,True,,False,False,False,True
2484,2007Nielsen54,2007Nielsen,99,1.0,True,True,,False,False,False,True
2485,2007Nielsen55,2007Nielsen,99,1.0,True,True,,False,False,False,True
2486,2007Nielsen56,2007Nielsen,99,1.0,True,True,,False,False,False,True
2487,2007Nielsen57,2007Nielsen,99,1.0,True,True,,False,False,False,True
2488,2007Nielsen58,2007Nielsen,99,1.0,True,True,,False,False,False,True
2489,2007Nielsen59,2007Nielsen,99,1.0,True,True,,False,False,False,True
2490,2007Nielsen06,2007Nielsen,99,1.0,True,True,,False,False,False,True
2491,2007Nielsen60,2007Nielsen,99,1.0,True,True,,False,False,False,True
2492,2007Nielsen61,2007Nielsen,99,1.0,True,True,,False,False,False,True
2493,2007Nielsen07,2007Nielsen,99,1.0,True,True,,False,False,False,True
2494,2007Nielsen08,2007Nielsen,99,1.0,True,True,,False,False,False,True
2495,2007Nielsen09,2007Nielsen,99,1.0,True,True,,False,False,False,True
2496,2007Saithala01,2007Saithala,100,0.0,True,False,,False,False,False,False
2497,2007Saithala02,2007Saithala,100,0.0,True,False,,False,False,False,False
2498,2007Saithala03,2007Saithala,100,1.0,True,True,,False,False,False,True
2499,2007Saithala04,2007Saithala,100,0.0,True,False,,False,False,False,False
2500,2007Saithala05,2007Saithala,100,1.0,True,True,,False,False,False,True
2501,2007Saithala06,2007Saithala,100,1.0,True,True,,False,False,False,True
2502,2007Saithala07,2007Saithala,100,1.0,True,True,,False,False,False,True
2503,2007Saithala08,2007Saithala,100,1.0,True,True,,False,False,False,True
2504,2007Saithala09,2007Saithala,100,1.0,True,True,,False,False,False,True
2505,2007Saithala10,2007Saithala,100,1.0,True,True,,False,False,False,True
2506,2007Saithala11,2007Saithala,100,1.0,True,True,,False,False,False,True
2507,2007Saithala12,2007Saithala,100,1.0,True,True,,False,False,False,True
2508,2007Saithala13,2007Saithala,100,1.0,True,True,,False,False,False,True
2509,2007Saithala14,2007Saithala,100,1.0,True,True,,False,False,False,True
2510,2007Saithala15,2007Saithala,100,1.0,True,True,,False,False,False,True
2511,2007Saithala16,2007Saithala,100,1.0,True,True,,False,False,False,True
2512,2007Saithala17,2007Saithala,100,1.0,True,True,,False,False,False,True
2513,2007Saithala18,2007Saithala,100,1.0,True,True,,False,False,False,True
2514,2007Yang01,2007Yang,101,1.0,True,True,10.1016/j.electacta.2006.07.052,False,False,False,True
2515,2007Yang10,2007Yang,101,1.0,True,True,10.1016/j.electacta.2006.07.052,False,False,False,True
2516,2007Yang11,2007Yang,101,1.0,True,True,10.1016/j.electacta.2006.07.052,False,False,False,True
2517,2007Yang12,2007Yang,101,1.0,True,True,10.1016/j.electacta.2006.07.052,False,False,False,True
2518,2007Yang13,2007Yang,101,1.0,True,True,10.1016/j.electacta.2006.07.052,False,False,False,True
2519,2007Yang14,2007Yang,101,1.0,True,True,10.1016/j.electacta.2006.07.052,False,False,False,True
2520,2007Yang15,2007Yang,101,1.0,True,True,10.1016/j.electacta.2006.07.052,False,False,False,True
2521,2007Yang16,2007Yang,101,1.0,True,True,10.1016/j.electacta.2006.07.052,False,False,False,True
2522,2007Yang17,2007Yang,101,1.0,True,True,10.1016/j.electacta.2006.07.052,False,False,False,True
2523,2007Yang18,2007Yang,101,1.0,True,True,10.1016/j.electacta.2006.07.052,False,False,False,True
2524,2007Yang19,2007Yang,101,1.0,True,True,10.1016/j.electacta.2006.07.052,False,False,False,True
2525,2007Yang02,2007Yang,101,1.0,True,True,10.1016/j.electacta.2006.07.052,False,False,False,True
2526,2007Yang20,2007Yang,101,1.0,True,True,10.1016/j.electacta.2006.07.052,False,False,False,True
2527,2007Yang21,2007Yang,101,1.0,True,True,10.1016/j.electacta.2006.07.052,False,False,False,True
2528,2007Yang22,2007Yang,101,1.0,True,True,10.1016/j.electacta.2006.07.052,False,False,False,True
2529,2007Yang23,2007Yang,101,1.0,True,True,10.1016/j.electacta.2006.07.052,False,False,False,True
2530,2007Yang24,2007Yang,101,1.0,True,True,10.1016/j.electacta.2006.07.052,False,False,False,True
2531,2007Yang25,2007Yang,101,1.0,True,True,10.1016/j.electacta.2006.07.052,False,False,False,True
2532,2007Yang26,2007Yang,101,1.0,True,True,10.1016/j.electacta.2006.07.052,False,False,False,True
2533,2007Yang27,2007Yang,101,1.0,True,True,10.1016/j.electacta.2006.07.052,False,False,False,True
2534,2007Yang28,2007Yang,101,1.0,True,True,10.1016/j.electacta.2006.07.052,False,False,False,True
2535,2007Yang29,2007Yang,101,1.0,True,True,10.1016/j.electacta.2006.07.052,False,False,False,True
2536,2007Yang03,2007Yang,101,1.0,True,True,10.1016/j.electacta.2006.07.052,False,False,False,True
2537,2007Yang30,2007Yang,101,1.0,True,True,10.1016/j.electacta.2006.07.052,False,False,False,True
2538,2007Yang31,2007Yang,101,1.0,True,True,10.1016/j.electacta.2006.07.052,False,False,False,True
2539,2007Yang32,2007Yang,101,1.0,True,True,10.1016/j.electacta.2006.07.052,False,False,False,True
2540,2007Yang33,2007Yang,101,1.0,True,True,10.1016/j.electacta.2006.07.052,False,False,False,True
2541,2007Yang34,2007Yang,101,1.0,True,True,10.1016/j.electacta.2006.07.052,False,False,False,True
2542,2007Yang35,2007Yang,101,1.0,True,True,10.1016/j.electacta.2006.07.052,False,False,False,True
2543,2007Yang36,2007Yang,101,1.0,True,True,10.1016/j.electacta.2006.07.052,False,False,False,True
2544,2007Yang37,2007Yang,101,1.0,True,True,10.1016/j.electacta.2006.07.052,False,False,False,True
2545,2007Yang38,2007Yang,101,1.0,True,True,10.1016/j.electacta.2006.07.052,False,False,False,True
2546,2007Yang39,2007Yang,101,1.0,True,True,10.1016/j.electacta.2006.07.052,False,False,False,True
2547,2007Yang04,2007Yang,101,1.0,True,True,10.1016/j.electacta.2006.07.052,False,False,False,True
2548,2007Yang40,2007Yang,101,1.0,True,True,10.1016/j.electacta.2006.07.052,False,False,False,True
2549,2007Yang41,2007Yang,101,1.0,True,True,10.1016/j.electacta.2006.07.052,False,False,False,True
2550,2007Yang42,2007Yang,101,1.0,True,True,10.1016/j.electacta.2006.07.052,False,False,False,True
2551,2007Yang43,2007Yang,101,1.0,True,True,10.1016/j.electacta.2006.07.052,False,False,False,True
2552,2007Yang44,2007Yang,101,1.0,True,True,10.1016/j.electacta.2006.07.052,False,False,False,True
2553,2007Yang45,2007Yang,101,1.0,True,True,10.1016/j.electacta.2006.07.052,False,False,False,True
2554,2007Yang46,2007Yang,101,1.0,True,True,10.1016/j.electacta.2006.07.052,False,False,False,True
2555,2007Yang47,2007Yang,101,1.0,True,True,10.1016/j.electacta.2006.07.052,False,False,False,True
2556,2007Yang48,2007Yang,101,1.0,True,True,10.1016/j.electacta.2006.07.052,False,False,False,True
2557,2007Yang49,2007Yang,101,1.0,True,True,10.1016/j.electacta.2006.07.052,False,False,False,True
2558,2007Yang05,2007Yang,101,1.0,True,True,10.1016/j.electacta.2006.07.052,False,False,False,True
2559,2007Yang50,2007Yang,101,1.0,True,True,10.1016/j.electacta.2006.07.052,False,False,False,True
2560,2007Yang51,2007Yang,101,1.0,True,True,10.1016/j.electacta.2006.07.052,False,False,False,True
2561,2007Yang52,2007Yang,101,1.0,True,True,10.1016/j.electacta.2006.07.052,False,False,False,True
2562,2007Yang53,2007Yang,101,1.0,True,True,10.1016/j.electacta.2006.07.052,False,False,False,True
2563,2007Yang54,2007Yang,101,1.0,True,True,10.1016/j.electacta.2006.07.052,False,False,False,True
2564,2007Yang55,2007Yang,101,1.0,True,True,10.1016/j.electacta.2006.07.052,False,False,False,True
2565,2007Yang56,2007Yang,101,1.0,True,True,10.1016/j.electacta.2006.07.052,False,False,False,True
2566,2007Yang57,2007Yang,101,1.0,True,True,10.1016/j.electacta.2006.07.052,False,False,False,True
2567,2007Yang58,2007Yang,101,1.0,True,True,10.1016/j.electacta.2006.07.052,False,False,False,True
2568,2007Yang59,2007Yang,101,1.0,True,True,10.1016/j.electacta.2006.07.052,False,False,False,True
2569,2007Yang06,2007Yang,101,1.0,True,True,10.1016/j.electacta.2006.07.052,False,False,False,True
2570,2007Yang60,2007Yang,101,1.0,True,True,10.1016/j.electacta.2006.07.052,False,False,False,True
2571,2007Yang61,2007Yang,101,1.0,True,True,10.1016/j.electacta.2006.07.052,False,False,False,True
2572,2007Yang62,2007Yang,101,1.0,True,True,10.1016/j.electacta.2006.07.052,False,False,False,True
2573,2007Yang63,2007Yang,101,1.0,True,True,10.1016/j.electacta.2006.07.052,False,False,False,True
2574,2007Yang64,2007Yang,101,1.0,True,True,10.1016/j.electacta.2006.07.052,False,False,False,True
2575,2007Yang65,2007Yang,101,1.0,True,True,10.1016/j.electacta.2006.07.052,False,False,False,True
2576,2007Yang66,2007Yang,101,1.0,True,True,10.1016/j.electacta.2006.07.052,False,False,False,True
2577,2007Yang67,2007Yang,101,1.0,True,True,10.1016/j.electacta.2006.07.052,False,False,False,True
2578,2007Yang68,2007Yang,101,1.0,True,True,10.1016/j.electacta.2006.07.052,False,False,False,True
2579,2007Yang69,2007Yang,101,1.0,True,True,10.1016/j.electacta.2006.07.052,False,False,False,True
2580,2007Yang07,2007Yang,101,1.0,True,True,10.1016/j.electacta.2006.07.052,False,False,False,True
2581,2007Yang70,2007Yang,101,1.0,True,True,10.1016/j.electacta.2006.07.052,False,False,False,True
2582,2007Yang71,2007Yang,101,1.0,True,True,10.1016/j.electacta.2006.07.052,False,False,False,True
2583,2007Yang72,2007Yang,101,1.0,True,True,10.1016/j.electacta.2006.07.052,False,False,False,True
2584,2007Yang73,2007Yang,101,1.0,True,True,10.1016/j.electacta.2006.07.052,False,False,False,True
2585,2007Yang08,2007Yang,101,1.0,True,True,10.1016/j.electacta.2006.07.052,False,False,False,True
2586,2007Yang09,2007Yang,101,1.0,True,True,10.1016/j.electacta.2006.07.052,False,False,False,True
2587,2008Deng1,2008Deng,102,0.0,True,False,10.1016/j.electacta.2008.02.047,False,False,False,False
2588,2008Deng2,2008Deng,102,0.0,True,False,10.1016/j.electacta.2008.02.047,False,False,False,False
2589,2008Deng3,2008Deng,102,1.0,True,True,10.1016/j.electacta.2008.02.047,False,False,False,True
2590,2008Deng4,2008Deng,102,0.0,True,False,10.1016/j.electacta.2008.02.047,False,False,False,False
2591,2008Deng5,2008Deng,102,0.0,True,False,10.1016/j.electacta.2008.02.047,False,False,False,False
2592,2008Deng6,2008Deng,102,1.0,True,True,10.1016/j.electacta.2008.02.047,False,False,False,True
2593,2008Lu01,2008Lu,103,1.0,True,True,10.1016/s1004-9541(08)60080-4,False,False,False,True
2594,2008Lu02,2008Lu,103,1.0,True,True,10.1016/s1004-9541(08)60080-4,False,False,False,True
2595,2008Lu03,2008Lu,103,1.0,True,True,10.1016/s1004-9541(08)60080-4,False,False,False,True
2596,2008Lu04,2008Lu,103,1.0,True,True,10.1016/s1004-9541(08)60080-4,False,False,False,True
2597,2008Lu05,2008Lu,103,1.0,True,True,10.1016/s1004-9541(08)60080-4,False,False,False,True
2598,2008Lu06,2008Lu,103,1.0,True,True,10.1016/s1004-9541(08)60080-4,False,False,False,True
2599,2008Lu07,2008Lu,103,1.0,True,True,10.1016/s1004-9541(08)60080-4,False,False,False,True
2600,2008Lu08,2008Lu,103,1.0,True,True,10.1016/s1004-9541(08)60080-4,False,False,False,True
2601,2008Lu09,2008Lu,103,1.0,True,True,10.1016/s1004-9541(08)60080-4,False,False,False,True
2602,2008Pohjanne01,2008Pohjanne,104,1.0,True,True,10.1016/j.jcsr.2008.07.001,False,False,False,True
2603,2008Pohjanne02,2008Pohjanne,104,1.0,True,True,10.1016/j.jcsr.2008.07.001,False,False,False,True
2604,2008Pohjanne03,2008Pohjanne,104,1.0,True,True,10.1016/j.jcsr.2008.07.001,False,False,False,True
2605,2008Pohjanne04,2008Pohjanne,104,1.0,True,True,10.1016/j.jcsr.2008.07.001,False,False,False,True
2606,2008Pohjanne05,2008Pohjanne,104,1.0,True,True,10.1016/j.jcsr.2008.07.001,False,False,False,True
2607,2008Pohjanne06,2008Pohjanne,104,1.0,True,True,10.1016/j.jcsr.2008.07.001,False,False,False,True
2608,2008Pohjanne07,2008Pohjanne,104,1.0,True,True,10.1016/j.jcsr.2008.07.001,False,False,False,True
2609,2008Pohjanne08,2008Pohjanne,104,1.0,True,True,10.1016/j.jcsr.2008.07.001,False,False,False,True
2610,2008Pohjanne09,2008Pohjanne,104,1.0,True,True,10.1016/j.jcsr.2008.07.001,False,False,False,True
2611,2008Pohjanne10,2008Pohjanne,104,1.0,True,True,10.1016/j.jcsr.2008.07.001,False,False,False,True
2612,2008Pohjanne11,2008Pohjanne,104,1.0,True,True,10.1016/j.jcsr.2008.07.001,False,False,False,True
2613,2008Pohjanne12,2008Pohjanne,104,1.0,True,True,10.1016/j.jcsr.2008.07.001,False,False,False,True
2614,2008Pohjanne13,2008Pohjanne,104,0.0,True,False,10.1016/j.jcsr.2008.07.001,False,False,False,False
2615,2008Pohjanne14,2008Pohjanne,104,0.0,True,False,10.1016/j.jcsr.2008.07.001,False,False,False,False
2616,2008Pohjanne15,2008Pohjanne,104,1.0,True,True,10.1016/j.jcsr.2008.07.001,False,False,False,True
2617,2008Pohjanne16,2008Pohjanne,104,1.0,True,True,10.1016/j.jcsr.2008.07.001,False,False,False,True
2618,2008Pohjanne17,2008Pohjanne,104,1.0,True,True,10.1016/j.jcsr.2008.07.001,False,False,False,True
2619,2008Pohjanne18,2008Pohjanne,104,1.0,True,True,10.1016/j.jcsr.2008.07.001,False,False,False,True
2620,2008Pohjanne19,2008Pohjanne,104,1.0,True,True,10.1016/j.jcsr.2008.07.001,False,False,False,True
2621,2008Pohjanne20,2008Pohjanne,104,1.0,True,True,10.1016/j.jcsr.2008.07.001,False,False,False,True
2622,2008Pohjanne21,2008Pohjanne,104,1.0,True,True,10.1016/j.jcsr.2008.07.001,False,False,False,True
2623,2008Pohjanne22,2008Pohjanne,104,0.0,True,False,10.1016/j.jcsr.2008.07.001,False,False,False,False
2624,2008Pohjanne23,2008Pohjanne,104,1.0,True,True,10.1016/j.jcsr.2008.07.001,False,False,False,True
2625,2008Pohjanne24,2008Pohjanne,104,1.0,True,True,10.1016/j.jcsr.2008.07.001,False,False,False,True
2626,2008Pohjanne25,2008Pohjanne,104,1.0,True,True,10.1016/j.jcsr.2008.07.001,False,False,False,True
2627,2008Pohjanne26,2008Pohjanne,104,1.0,True,True,10.1016/j.jcsr.2008.07.001,False,False,False,True
2628,2008Pohjanne27,2008Pohjanne,104,0.0,True,False,10.1016/j.jcsr.2008.07.001,False,False,False,False
2629,2008Pohjanne28,2008Pohjanne,104,1.0,True,True,10.1016/j.jcsr.2008.07.001,False,False,False,True
2630,2008Pohjanne29,2008Pohjanne,104,1.0,True,True,10.1016/j.jcsr.2008.07.001,False,False,False,True
2631,2008Pohjanne30,2008Pohjanne,104,1.0,True,True,10.1016/j.jcsr.2008.07.001,False,False,False,True
2632,2008Pohjanne31,2008Pohjanne,104,1.0,True,True,10.1016/j.jcsr.2008.07.001,False,False,False,True
2633,2008Pohjanne32,2008Pohjanne,104,0.0,True,False,10.1016/j.jcsr.2008.07.001,False,False,False,False
2634,2008Pohjanne33,2008Pohjanne,104,0.0,True,False,10.1016/j.jcsr.2008.07.001,False,False,False,False
2635,2008Pohjanne34,2008Pohjanne,104,1.0,True,True,10.1016/j.jcsr.2008.07.001,False,False,False,True
2636,2008Pohjanne35,2008Pohjanne,104,1.0,True,True,10.1016/j.jcsr.2008.07.001,False,False,False,True
2637,2008Pohjanne36,2008Pohjanne,104,1.0,True,True,10.1016/j.jcsr.2008.07.001,False,False,False,True
2638,2008Pohjanne37,2008Pohjanne,104,1.0,True,True,10.1016/j.jcsr.2008.07.001,False,False,False,True
2639,2008Pohjanne38,2008Pohjanne,104,1.0,True,True,10.1016/j.jcsr.2008.07.001,False,False,False,True
2640,2008Pohjanne39,2008Pohjanne,104,1.0,True,True,10.1016/j.jcsr.2008.07.001,False,False,False,True
2641,2008Pohjanne40,2008Pohjanne,104,1.0,True,True,10.1016/j.jcsr.2008.07.001,False,False,False,True
2642,2008Pohjanne41,2008Pohjanne,104,1.0,True,True,10.1016/j.jcsr.2008.07.001,False,False,False,True
2643,2008Pohjanne42,2008Pohjanne,104,1.0,True,True,10.1016/j.jcsr.2008.07.001,False,False,False,True
2644,2008Pohjanne43,2008Pohjanne,104,0.0,True,False,10.1016/j.jcsr.2008.07.001,False,False,False,False
2645,2008Pohjanne44,2008Pohjanne,104,1.0,True,True,10.1016/j.jcsr.2008.07.001,False,False,False,True
2646,2008Pohjanne45,2008Pohjanne,104,1.0,True,True,10.1016/j.jcsr.2008.07.001,False,False,False,True
2647,2008Pohjanne46,2008Pohjanne,104,1.0,True,True,10.1016/j.jcsr.2008.07.001,False,False,False,True
2648,2008Pohjanne47,2008Pohjanne,104,1.0,True,True,10.1016/j.jcsr.2008.07.001,False,False,False,True
2649,2008Pohjanne48,2008Pohjanne,104,1.0,True,True,10.1016/j.jcsr.2008.07.001,False,False,False,True
2650,2008Pohjanne49,2008Pohjanne,104,1.0,True,True,10.1016/j.jcsr.2008.07.001,False,False,False,True
2651,2008Pohjanne50,2008Pohjanne,104,1.0,True,True,10.1016/j.jcsr.2008.07.001,False,False,False,True
2652,2008Pohjanne51,2008Pohjanne,104,1.0,True,True,10.1016/j.jcsr.2008.07.001,False,False,False,True
2653,2008Pohjanne52,2008Pohjanne,104,1.0,True,True,10.1016/j.jcsr.2008.07.001,False,False,False,True
2654,2008Pohjanne53,2008Pohjanne,104,1.0,True,True,10.1016/j.jcsr.2008.07.001,False,False,False,True
2655,2008Pohjanne54,2008Pohjanne,104,1.0,True,True,10.1016/j.jcsr.2008.07.001,False,False,False,True
2656,2008Pohjanne55,2008Pohjanne,104,1.0,True,True,10.1016/j.jcsr.2008.07.001,False,False,False,True
2657,2008Pohjanne56,2008Pohjanne,104,1.0,True,True,10.1016/j.jcsr.2008.07.001,False,False,False,True
2658,2008Pohjanne57,2008Pohjanne,104,0.0,True,False,10.1016/j.jcsr.2008.07.001,False,False,False,False
2659,2008Pohjanne58,2008Pohjanne,104,0.0,True,False,10.1016/j.jcsr.2008.07.001,False,False,False,False
2660,2008Pohjanne59,2008Pohjanne,104,1.0,True,True,10.1016/j.jcsr.2008.07.001,False,False,False,True
2661,2008Pohjanne60,2008Pohjanne,104,1.0,True,True,10.1016/j.jcsr.2008.07.001,False,False,False,True
2662,2008Pohjanne61,2008Pohjanne,104,0.0,True,False,10.1016/j.jcsr.2008.07.001,False,False,False,False
2663,2008Pohjanne62,2008Pohjanne,104,0.0,True,False,10.1016/j.jcsr.2008.07.001,False,False,False,False
2664,2008Pohjanne63,2008Pohjanne,104,1.0,True,True,10.1016/j.jcsr.2008.07.001,False,False,False,True
2665,2008Pohjanne64,2008Pohjanne,104,1.0,True,True,10.1016/j.jcsr.2008.07.001,False,False,False,True
2666,2008Pohjanne65,2008Pohjanne,104,1.0,True,True,10.1016/j.jcsr.2008.07.001,False,False,False,True
2667,2008Pohjanne66,2008Pohjanne,104,1.0,True,True,10.1016/j.jcsr.2008.07.001,False,False,False,True
2668,2008Pohjanne67,2008Pohjanne,104,1.0,True,True,10.1016/j.jcsr.2008.07.001,False,False,False,True
2669,2009Ramana01,2009Ramana,105,1.0,True,True,10.1016/j.matdes.2009.01.039,False,False,False,True
2670,2009Ramana02,2009Ramana,105,1.0,True,True,10.1016/j.matdes.2009.01.039,False,False,False,True
2671,2009Ramana03,2009Ramana,105,1.0,True,True,10.1016/j.matdes.2009.01.039,False,False,False,True
2672,2009Ramana04,2009Ramana,105,1.0,True,True,10.1016/j.matdes.2009.01.039,False,False,False,True
2673,2009Ramana05,2009Ramana,105,1.0,True,True,10.1016/j.matdes.2009.01.039,False,False,False,True
2674,2009Ramana06,2009Ramana,105,1.0,True,True,10.1016/j.matdes.2009.01.039,False,False,False,True
2675,2009Ramana07,2009Ramana,105,1.0,True,True,10.1016/j.matdes.2009.01.039,False,False,False,True
2676,2009Ramana08,2009Ramana,105,1.0,True,True,10.1016/j.matdes.2009.01.039,False,False,False,True
2677,2009Ramana09,2009Ramana,105,1.0,True,True,10.1016/j.matdes.2009.01.039,False,False,False,True
2678,2009Ramana10,2009Ramana,105,1.0,True,True,10.1016/j.matdes.2009.01.039,False,False,False,True
2679,2009Ramana11,2009Ramana,105,1.0,True,True,10.1016/j.matdes.2009.01.039,False,False,False,True
2680,2009Ramana12,2009Ramana,105,1.0,True,True,10.1016/j.matdes.2009.01.039,False,False,False,True
2681,2009Ramana13,2009Ramana,105,1.0,True,True,10.1016/j.matdes.2009.01.039,False,False,False,True
2682,2009Ramana14,2009Ramana,105,1.0,True,True,10.1016/j.matdes.2009.01.039,False,False,False,True
2683,2009Ramana15,2009Ramana,105,1.0,True,True,10.1016/j.matdes.2009.01.039,False,False,False,True
2684,2009Ramana16,2009Ramana,105,1.0,True,True,10.1016/j.matdes.2009.01.039,False,False,False,True
2685,2009Ramana17,2009Ramana,105,1.0,True,True,10.1016/j.matdes.2009.01.039,False,False,False,True
2686,2009Ramana18,2009Ramana,105,1.0,True,True,10.1016/j.matdes.2009.01.039,False,False,False,True
2687,2009Ramana19,2009Ramana,105,1.0,True,True,10.1016/j.matdes.2009.01.039,False,False,False,True
2688,2009Ramana20,2009Ramana,105,1.0,True,True,10.1016/j.matdes.2009.01.039,False,False,False,True
2689,2009Ramana21,2009Ramana,105,1.0,True,True,10.1016/j.matdes.2009.01.039,False,False,False,True
2690,2009Ramana22,2009Ramana,105,1.0,True,True,10.1016/j.matdes.2009.01.039,False,False,False,True
2691,2009Ramana23,2009Ramana,105,1.0,True,True,10.1016/j.matdes.2009.01.039,False,False,False,True
2692,2009Ramana24,2009Ramana,105,1.0,True,True,10.1016/j.matdes.2009.01.039,False,False,False,True
2693,2009Ramana25,2009Ramana,105,1.0,True,True,10.1016/j.matdes.2009.01.039,False,False,False,True
2694,2009Ramana26,2009Ramana,105,1.0,True,True,10.1016/j.matdes.2009.01.039,False,False,False,True
2695,2009Ramana27,2009Ramana,105,1.0,True,True,10.1016/j.matdes.2009.01.039,False,False,False,True
2696,2009Ramana28,2009Ramana,105,1.0,True,True,10.1016/j.matdes.2009.01.039,False,False,False,True
2697,2009Ramana29,2009Ramana,105,1.0,True,True,10.1016/j.matdes.2009.01.039,False,False,False,True
2698,2009Ramana30,2009Ramana,105,1.0,True,True,10.1016/j.matdes.2009.01.039,False,False,False,True
2699,2009Ramana31,2009Ramana,105,1.0,True,True,10.1016/j.matdes.2009.01.039,False,False,False,True
2700,2009Ramana32,2009Ramana,105,1.0,True,True,10.1016/j.matdes.2009.01.039,False,False,False,True
2701,2009Ramana33,2009Ramana,105,1.0,True,True,10.1016/j.matdes.2009.01.039,False,False,False,True
2702,2009Ramana34,2009Ramana,105,1.0,True,True,10.1016/j.matdes.2009.01.039,False,False,False,True
2703,2009Ramana35,2009Ramana,105,1.0,True,True,10.1016/j.matdes.2009.01.039,False,False,False,True
2704,2009Ramana36,2009Ramana,105,1.0,True,True,10.1016/j.matdes.2009.01.039,False,False,False,True
2705,2009Ramana37,2009Ramana,105,1.0,True,True,10.1016/j.matdes.2009.01.039,False,False,False,True
2706,2009Ramana38,2009Ramana,105,1.0,True,True,10.1016/j.matdes.2009.01.039,False,False,False,True
2707,2009Ramana39,2009Ramana,105,1.0,True,True,10.1016/j.matdes.2009.01.039,False,False,False,True
2708,2009Ramana40,2009Ramana,105,1.0,True,True,10.1016/j.matdes.2009.01.039,False,False,False,True
2709,2009Ramana41,2009Ramana,105,1.0,True,True,10.1016/j.matdes.2009.01.039,False,False,False,True
2710,2009Ramana42,2009Ramana,105,1.0,True,True,10.1016/j.matdes.2009.01.039,False,False,False,True
2711,2009Ramana43,2009Ramana,105,1.0,True,True,10.1016/j.matdes.2009.01.039,False,False,False,True
2712,2009Ramana44,2009Ramana,105,1.0,True,True,10.1016/j.matdes.2009.01.039,False,False,False,True
2713,2009Ramana45,2009Ramana,105,1.0,True,True,10.1016/j.matdes.2009.01.039,False,False,False,True
2714,2009Ramana46,2009Ramana,105,1.0,True,True,10.1016/j.matdes.2009.01.039,False,False,False,True
2715,2009Ramana47,2009Ramana,105,1.0,True,True,10.1016/j.matdes.2009.01.039,False,False,False,True
2716,2009Ramana48,2009Ramana,105,1.0,True,True,10.1016/j.matdes.2009.01.039,False,False,False,True
2717,2009Ramana49,2009Ramana,105,1.0,True,True,10.1016/j.matdes.2009.01.039,False,False,False,True
2718,2009Ramana50,2009Ramana,105,1.0,True,True,10.1016/j.matdes.2009.01.039,False,False,False,True
2719,2009Ramana51,2009Ramana,105,1.0,True,True,10.1016/j.matdes.2009.01.039,False,False,False,True
2720,2009Ramana52,2009Ramana,105,1.0,True,True,10.1016/j.matdes.2009.01.039,False,False,False,True
2721,2009Ramana53,2009Ramana,105,1.0,True,True,10.1016/j.matdes.2009.01.039,False,False,False,True
2722,2009Ramana54,2009Ramana,105,1.0,True,True,10.1016/j.matdes.2009.01.039,False,False,False,True
2723,2009Ramana55,2009Ramana,105,1.0,True,True,10.1016/j.matdes.2009.01.039,False,False,False,True
2724,2009Ramana56,2009Ramana,105,1.0,True,True,10.1016/j.matdes.2009.01.039,False,False,False,True
2725,2009Ramana57,2009Ramana,105,1.0,True,True,10.1016/j.matdes.2009.01.039,False,False,False,True
2726,2009Ramana58,2009Ramana,105,1.0,True,True,10.1016/j.matdes.2009.01.039,False,False,False,True
2727,2009Ramana59,2009Ramana,105,1.0,True,True,10.1016/j.matdes.2009.01.039,False,False,False,True
2728,2009Ramana60,2009Ramana,105,1.0,True,True,10.1016/j.matdes.2009.01.039,False,False,False,True
2729,2009Ramana61,2009Ramana,105,1.0,True,True,10.1016/j.matdes.2009.01.039,False,False,False,True
2730,2009Ramana62,2009Ramana,105,1.0,True,True,10.1016/j.matdes.2009.01.039,False,False,False,True
2731,2009Ramana63,2009Ramana,105,1.0,True,True,10.1016/j.matdes.2009.01.039,False,False,False,True
2732,2009Ramana64,2009Ramana,105,1.0,True,True,10.1016/j.matdes.2009.01.039,False,False,False,True
2733,2009Ramana65,2009Ramana,105,1.0,True,True,10.1016/j.matdes.2009.01.039,False,False,False,True
2734,2009Ramana66,2009Ramana,105,1.0,True,True,10.1016/j.matdes.2009.01.039,False,False,False,True
2735,2009Ramana67,2009Ramana,105,1.0,True,True,10.1016/j.matdes.2009.01.039,False,False,False,True
2736,2009Ramana68,2009Ramana,105,1.0,True,True,10.1016/j.matdes.2009.01.039,False,False,False,True
2737,44_2009Wong_01,2009Wong,106,0.0,False,False,,False,False,True,False
2738,44_2009Wong_02,2009Wong,106,1.0,True,True,,False,False,True,False
2739,44_2009Wong_03,2009Wong,106,1.0,True,True,,False,False,True,False
2740,44_2009Wong_04,2009Wong,106,1.0,True,True,,False,False,True,False
2741,44_2009Wong_05,2009Wong,106,1.0,True,True,,False,False,True,False
2742,44_2009Wong_06,2009Wong,106,1.0,True,True,,False,False,True,False
2743,44_2009Wong_07,2009Wong,106,1.0,True,True,,False,False,True,False
2744,44_2009Wong_08,2009Wong,106,1.0,True,True,,False,False,True,False
2745,44_2009Wong_09,2009Wong,106,1.0,True,True,,False,False,True,False
2746,44_2009Wong_10,2009Wong,106,1.0,True,True,,False,False,True,False
2747,44_2009Wong_11,2009Wong,106,1.0,True,True,,False,False,True,False
2748,44_2009Wong_12,2009Wong,106,1.0,True,True,,False,False,True,False
2749,44_2009Wong_13,2009Wong,106,1.0,True,True,,False,False,True,False
2750,44_2009Wong_14,2009Wong,106,1.0,True,True,,False,False,True,False
2751,44_2009Wong_15,2009Wong,106,1.0,True,True,,False,False,True,False
2752,44_2009Wong_16,2009Wong,106,1.0,True,True,,False,False,True,False
2753,44_2009Wong_17,2009Wong,106,1.0,True,True,,False,False,True,False
2754,44_2009Wong_18,2009Wong,106,1.0,True,True,,False,False,True,False
2755,44_2009Wong_19,2009Wong,106,1.0,True,True,,False,False,True,False
2756,44_2009Wong_20,2009Wong,106,1.0,True,True,,False,False,True,False
2757,44_2009Wong_21,2009Wong,106,1.0,True,True,,False,False,True,False
2758,44_2009Wong_22,2009Wong,106,1.0,True,True,,False,False,True,False
2759,44_2009Wong_23,2009Wong,106,1.0,True,True,,False,False,True,False
2760,44_2009Wong_24,2009Wong,106,1.0,True,True,,False,False,True,False
2761,44_2009Wong_25,2009Wong,106,0.0,False,False,,False,False,True,False
2762,44_2009Wong_26,2009Wong,106,1.0,True,True,,False,False,True,False
2763,44_2009Wong_27,2009Wong,106,1.0,True,True,,False,False,True,False
2764,44_2009Wong_28,2009Wong,106,1.0,True,True,,False,False,True,False
2765,44_2009Wong_29,2009Wong,106,0.0,False,False,,False,False,True,False
2766,44_2009Wong_30,2009Wong,106,1.0,True,True,,False,False,True,False
2767,44_2009Wong_31,2009Wong,106,1.0,True,True,,False,False,True,False
2768,44_2009Wong_32,2009Wong,106,1.0,True,True,,False,False,True,False
2769,44_2009Wong_33,2009Wong,106,0.0,False,False,,False,False,True,False
2770,44_2009Wong_34,2009Wong,106,1.0,True,True,,False,False,True,False
2771,44_2009Wong_35,2009Wong,106,1.0,True,True,,False,False,True,False
2772,44_2009Wong_36,2009Wong,106,1.0,True,True,,False,False,True,False
2773,44_2009Wong_37,2009Wong,106,0.0,False,False,,False,False,True,False
2774,44_2009Wong_38,2009Wong,106,0.0,False,False,,False,False,True,False
2775,44_2009Wong_39,2009Wong,106,0.0,False,False,,False,False,True,False
2776,44_2009Wong_40,2009Wong,106,0.0,False,False,,False,False,True,False
2777,44_2009Wong_41,2009Wong,106,0.0,False,False,,False,False,True,False
2778,44_2009Wong_42,2009Wong,106,0.0,False,False,,False,False,True,False
2779,44_2009Wong_43,2009Wong,106,0.0,False,False,,False,False,True,False
2780,44_2009Wong_44,2009Wong,106,0.0,False,False,,False,False,True,False
2781,44_2009Wong_45,2009Wong,106,1.0,True,True,,False,False,True,False
2782,44_2009Wong_46,2009Wong,106,1.0,True,True,,False,False,True,False
2783,44_2009Wong_47,2009Wong,106,1.0,True,True,,False,False,True,False
2784,44_2009Wong_48,2009Wong,106,1.0,True,True,,False,False,True,False
2785,44_2009Wong_49,2009Wong,106,0.0,False,False,,False,False,True,False
2786,44_2009Wong_50,2009Wong,106,0.0,False,False,,False,False,True,False
2787,44_2009Wong_51,2009Wong,106,0.0,False,False,,False,False,True,False
2788,44_2009Wong_52,2009Wong,106,0.0,False,False,,False,False,True,False
2789,44_2009Wong_53,2009Wong,106,0.0,False,False,,False,False,True,False
2790,44_2009Wong_54,2009Wong,106,0.0,False,False,,False,False,True,False
2791,44_2009Wong_55,2009Wong,106,1.0,True,True,,False,False,True,False
2792,44_2009Wong_56,2009Wong,106,1.0,True,True,,False,False,True,False
2793,44_2009Wong_57,2009Wong,106,0.0,False,False,,False,False,True,False
2794,44_2009Wong_58,2009Wong,106,0.0,False,False,,False,False,True,False
2795,44_2009Wong_59,2009Wong,106,0.0,False,False,,False,False,True,False
2796,44_2009Wong_60,2009Wong,106,0.0,False,False,,False,False,True,False
2797,44_2009Wong_61,2009Wong,106,1.0,True,True,,False,False,True,False
2798,44_2009Wong_62,2009Wong,106,0.0,False,False,,False,False,True,False
2799,44_2009Wong_63,2009Wong,106,0.0,False,False,,False,False,True,False
2800,44_2009Wong_64,2009Wong,106,1.0,True,True,,False,False,True,False
2801,44_2009Wong_65,2009Wong,106,0.0,False,False,,False,False,True,False
2802,44_2009Wong_66,2009Wong,106,0.0,False,False,,False,False,True,False
2803,44_2009Wong_67,2009Wong,106,1.0,True,True,,False,False,True,False
2804,44_2009Wong_68,2009Wong,106,1.0,True,True,,False,False,True,False
2805,44_2009Wong_69,2009Wong,106,0.0,False,False,,False,False,True,False
2806,44_2009Wong_70,2009Wong,106,1.0,True,True,,False,False,True,False
2807,44_2009Wong_71,2009Wong,106,0.0,False,False,,False,False,True,False
2808,44_2009Wong_72,2009Wong,106,0.0,False,False,,False,False,True,False
2809,44_2009Wong_73,2009Wong,106,0.0,False,False,,False,False,True,False
2810,44_2009Wong_74,2009Wong,106,1.0,True,True,,False,False,True,False
2811,44_2009Wong_75,2009Wong,106,1.0,True,True,,False,False,True,False
2812,44_2009Wong_76,2009Wong,106,1.0,True,True,,False,False,True,False
2813,44_2009Wong_77,2009Wong,106,0.0,False,False,,False,False,True,False
2814,44_2009Wong_78,2009Wong,106,0.0,False,False,,False,False,True,False
2815,44_2009Wong_79,2009Wong,106,0.0,False,False,,False,False,True,False
2816,44_2009Wong_80,2009Wong,106,0.0,False,False,,False,False,True,False
2817,44_2009Wong_81,2009Wong,106,0.0,False,False,,False,False,True,False
2818,44_2009Wong_82,2009Wong,106,0.0,False,False,,False,False,True,False
2819,44_2009Wong_83,2009Wong,106,0.0,False,False,,False,False,True,False
2820,44_2009Wong_84,2009Wong,106,1.0,True,True,,False,False,True,False
2821,44_2009Wong_85,2009Wong,106,0.0,False,False,,False,False,True,False
2822,44_2009Wong_86,2009Wong,106,0.0,False,False,,False,False,True,False
2823,44_2009Wong_87,2009Wong,106,0.0,False,False,,False,False,True,False
2824,44_2009Wong_88,2009Wong,106,0.0,False,False,,False,False,True,False
2825,44_2009Wong_89,2009Wong,106,1.0,True,True,,False,False,True,False
2826,44_2009Wong_90,2009Wong,106,1.0,True,True,,False,False,True,False
2827,44_2009Wong_91,2009Wong,106,1.0,True,True,,False,False,True,False
2828,44_2009Wong_92,2009Wong,106,1.0,True,True,,False,False,True,False
2829,2010Arcelor01,2010Arcelor,107,1.0,True,True,,False,False,False,True
2830,2010Arcelor02,2010Arcelor,107,1.0,True,True,,False,False,False,True
2831,2010Arcelor03,2010Arcelor,107,1.0,True,True,,False,False,False,True
2832,2010Arcelor04,2010Arcelor,107,1.0,True,True,,False,False,False,True
2833,2010Arcelor05,2010Arcelor,107,1.0,True,True,,False,False,False,True
2834,2010Arcelor06,2010Arcelor,107,1.0,True,True,,False,False,False,True
2835,2010Arcelor07,2010Arcelor,107,1.0,True,True,,False,False,False,True
2836,2010Arcelor08,2010Arcelor,107,1.0,True,True,,False,False,False,True
2837,2010Arcelor09,2010Arcelor,107,1.0,True,True,,False,False,False,True
2838,2010Arcelor00,2010Arcelor,107,1.0,True,True,,False,False,False,True
2839,2010Arcelor10,2010Arcelor,107,1.0,True,True,,False,False,False,True
2840,2010Arcelor11,2010Arcelor,107,1.0,True,True,,False,False,False,True
2841,2010Arcelor12,2010Arcelor,107,1.0,True,True,,False,False,False,True
2842,2010Arcelor13,2010Arcelor,107,1.0,True,True,,False,False,False,True
2843,2010Arcelor14,2010Arcelor,107,1.0,True,True,,False,False,False,True
2844,2010Arcelor15,2010Arcelor,107,1.0,True,True,,False,False,False,True
2845,2010Arcelor16,2010Arcelor,107,1.0,True,True,,False,False,False,True
2846,2010Arcelor17,2010Arcelor,107,1.0,True,True,,False,False,False,True
2847,2010Arcelor18,2010Arcelor,107,1.0,True,True,,False,False,False,True
2848,2010Arcelor19,2010Arcelor,107,1.0,True,True,,False,False,False,True
2849,2010Arcelor02,2010Arcelor,107,1.0,True,True,,False,False,False,True
2850,2010Arcelor20,2010Arcelor,107,1.0,True,True,,False,False,False,True
2851,2010Arcelor21,2010Arcelor,107,1.0,True,True,,False,False,False,True
2852,2010Arcelor22,2010Arcelor,107,1.0,True,True,,False,False,False,True
2853,2010Arcelor23,2010Arcelor,107,1.0,True,True,,False,False,False,True
2854,2010Arcelor24,2010Arcelor,107,1.0,True,True,,False,False,False,True
2855,2010Arcelor25,2010Arcelor,107,1.0,True,True,,False,False,False,True
2856,2010Arcelor26,2010Arcelor,107,1.0,True,True,,False,False,False,True
2857,2010Arcelor27,2010Arcelor,107,1.0,True,True,,False,False,False,True
2858,2010Arcelor28,2010Arcelor,107,1.0,True,True,,False,False,False,True
2859,2010Arcelor29,2010Arcelor,107,1.0,True,True,,False,False,False,True
2860,2010Arcelor03,2010Arcelor,107,1.0,True,True,,False,False,False,True
2861,2010Arcelor30,2010Arcelor,107,1.0,True,True,,False,False,False,True
2862,2010Arcelor31,2010Arcelor,107,1.0,True,True,,False,False,False,True
2863,2010Arcelor32,2010Arcelor,107,1.0,True,True,,False,False,False,True
2864,2010Arcelor33,2010Arcelor,107,1.0,True,True,,False,False,False,True
2865,2010Arcelor34,2010Arcelor,107,1.0,True,True,,False,False,False,True
2866,2010Arcelor35,2010Arcelor,107,1.0,True,True,,False,False,False,True
2867,2010Arcelor36,2010Arcelor,107,1.0,True,True,,False,False,False,True
2868,2010Arcelor37,2010Arcelor,107,1.0,True,True,,False,False,False,True
2869,2010Arcelor38,2010Arcelor,107,1.0,True,True,,False,False,False,True
2870,2010Arcelor39,2010Arcelor,107,1.0,True,True,,False,False,False,True
2871,2010Arcelor40,2010Arcelor,107,1.0,True,True,,False,False,False,True
2872,2010Arcelor41,2010Arcelor,107,1.0,True,True,,False,False,False,True
2873,2010Arcelor42,2010Arcelor,107,1.0,True,True,,False,False,False,True
2874,2010Arcelor43,2010Arcelor,107,0.0,True,False,,False,False,False,False
2875,2010Arcelor44,2010Arcelor,107,0.0,True,False,,False,False,False,False
2876,2010Arcelor45,2010Arcelor,107,1.0,True,True,,False,False,False,True
2877,2010Arcelor46,2010Arcelor,107,1.0,True,True,,False,False,False,True
2878,2010Arcelor47,2010Arcelor,107,1.0,True,True,,False,False,False,True
2879,2010Arcelor48,2010Arcelor,107,1.0,True,True,,False,False,False,True
2880,2010Arcelor49,2010Arcelor,107,0.0,True,False,,False,False,False,False
2881,2010Arcelor50,2010Arcelor,107,1.0,True,True,,False,False,False,True
2882,2010Arcelor51,2010Arcelor,107,1.0,True,True,,False,False,False,True
2883,2010Arcelor52,2010Arcelor,107,1.0,True,True,,False,False,False,True
2884,2010Arcelor53,2010Arcelor,107,1.0,True,True,,False,False,False,True
2885,2011Asaduzzaman01,2011Asaduzzaman,108,1.0,True,True,10.2298/ciceq110406032a,False,False,False,True
2886,2011Asaduzzaman02,2011Asaduzzaman,108,1.0,True,True,10.2298/ciceq110406032a,False,False,False,True
2887,2011Asaduzzaman03,2011Asaduzzaman,108,1.0,True,True,10.2298/ciceq110406032a,False,False,False,True
2888,2011Asaduzzaman04,2011Asaduzzaman,108,1.0,True,True,10.2298/ciceq110406032a,False,False,False,True
2889,2011Asaduzzaman05,2011Asaduzzaman,108,1.0,True,True,10.2298/ciceq110406032a,False,False,False,True
2890,2011Dong01,2011Dong,109,0.0,True,False,10.1007/s11595-011-0283-4,False,False,False,False
2891,2011Dong02,2011Dong,109,0.0,True,False,10.1007/s11595-011-0283-4,False,False,False,False
2892,2011Dong03,2011Dong,109,0.0,True,False,10.1007/s11595-011-0283-4,False,False,False,False
2893,2011Dong04,2011Dong,109,0.0,True,False,10.1007/s11595-011-0283-4,False,False,False,False
2894,2011Dong05,2011Dong,109,0.0,True,False,10.1007/s11595-011-0283-4,False,False,False,False
2895,2011Dong06,2011Dong,109,0.0,True,False,10.1007/s11595-011-0283-4,False,False,False,False
2896,2011Dong07,2011Dong,109,0.0,True,False,10.1007/s11595-011-0283-4,False,False,False,False
2897,2011Dong08,2011Dong,109,0.0,True,False,10.1007/s11595-011-0283-4,False,False,False,False
2898,2011Dong09,2011Dong,109,0.0,True,False,10.1007/s11595-011-0283-4,False,False,False,False
2899,2011Dong10,2011Dong,109,0.0,True,False,10.1007/s11595-011-0283-4,False,False,False,False
2900,2011Dong11,2011Dong,109,0.0,True,False,10.1007/s11595-011-0283-4,False,False,False,False
2901,2011Dong12,2011Dong,109,0.0,True,False,10.1007/s11595-011-0283-4,False,False,False,False
2902,2011Dong13,2011Dong,109,0.0,True,False,10.1007/s11595-011-0283-4,False,False,False,False
2903,2011Dong14,2011Dong,109,0.0,True,False,10.1007/s11595-011-0283-4,False,False,False,False
2904,2011Dong15,2011Dong,109,0.0,True,False,10.1007/s11595-011-0283-4,False,False,False,False
2905,2011Dong16,2011Dong,109,0.0,True,False,10.1007/s11595-011-0283-4,False,False,False,False
2906,2011Dong17,2011Dong,109,0.0,True,False,10.1007/s11595-011-0283-4,False,False,False,False
2907,2011Dong18,2011Dong,109,0.0,True,False,10.1007/s11595-011-0283-4,False,False,False,False
2908,2011Dong19,2011Dong,109,0.0,True,False,10.1007/s11595-011-0283-4,False,False,False,False
2909,2011Dong20,2011Dong,109,0.0,True,False,10.1007/s11595-011-0283-4,False,False,False,False
2910,2011Dong21,2011Dong,109,0.0,True,False,10.1007/s11595-011-0283-4,False,False,False,False
2911,2011Dong22,2011Dong,109,0.0,True,False,10.1007/s11595-011-0283-4,False,False,False,False
2912,2011Dong23,2011Dong,109,1.0,True,True,10.1007/s11595-011-0283-4,False,False,False,True
2913,2011Dong24,2011Dong,109,1.0,True,True,10.1007/s11595-011-0283-4,False,False,False,True
2914,2011Dong25,2011Dong,109,1.0,True,True,10.1007/s11595-011-0283-4,False,False,False,True
2915,2011Dong26,2011Dong,109,1.0,True,True,10.1007/s11595-011-0283-4,False,False,False,True
2916,2011Dong27,2011Dong,109,1.0,True,True,10.1007/s11595-011-0283-4,False,False,False,True
2917,2011Dong28,2011Dong,109,1.0,True,True,10.1007/s11595-011-0283-4,False,False,False,True
2918,2011Dong29,2011Dong,109,0.0,True,False,10.1007/s11595-011-0283-4,False,False,False,False
2919,2011Dong30,2011Dong,109,1.0,True,True,10.1007/s11595-011-0283-4,False,False,False,True
2920,2011Dong31,2011Dong,109,1.0,True,True,10.1007/s11595-011-0283-4,False,False,False,True
2921,2011Dong32,2011Dong,109,1.0,True,True,10.1007/s11595-011-0283-4,False,False,False,True
2922,2011Dong33,2011Dong,109,1.0,True,True,10.1007/s11595-011-0283-4,False,False,False,True
2923,2011Dong34,2011Dong,109,1.0,True,True,10.1007/s11595-011-0283-4,False,False,False,True
2924,2011Dong35,2011Dong,109,1.0,True,True,10.1007/s11595-011-0283-4,False,False,False,True
2925,2011Ebrahimi01,2011Ebrahimi,110,0.0,True,False,10.1016/j.corsci.2010.12.019,False,False,False,False
2926,2011Ebrahimi02,2011Ebrahimi,110,0.0,True,False,10.1016/j.corsci.2010.12.019,False,False,False,False
2927,2011Ebrahimi03,2011Ebrahimi,110,0.0,True,False,10.1016/j.corsci.2010.12.019,False,False,False,False
2928,2011Ebrahimi04,2011Ebrahimi,110,1.0,True,True,10.1016/j.corsci.2010.12.019,False,False,False,True
2929,2011Ebrahimi05,2011Ebrahimi,110,1.0,True,True,10.1016/j.corsci.2010.12.019,False,False,False,True
2930,2011Ebrahimi06,2011Ebrahimi,110,1.0,True,True,10.1016/j.corsci.2010.12.019,False,False,False,True
2931,2011Ebrahimi07,2011Ebrahimi,110,0.0,True,False,10.1016/j.corsci.2010.12.019,False,False,False,False
2932,2011Ebrahimi08,2011Ebrahimi,110,0.0,True,False,10.1016/j.corsci.2010.12.019,False,False,False,False
2933,2011Ebrahimi09,2011Ebrahimi,110,0.0,True,False,10.1016/j.corsci.2010.12.019,False,False,False,False
2934,2011Ebrahimi10,2011Ebrahimi,110,0.0,True,False,10.1016/j.corsci.2010.12.019,False,False,False,False
2935,2011Ebrahimi11,2011Ebrahimi,110,1.0,True,True,10.1016/j.corsci.2010.12.019,False,False,False,True
2936,2011Ebrahimi12,2011Ebrahimi,110,1.0,True,True,10.1016/j.corsci.2010.12.019,False,False,False,True
2937,2011Ebrahimi13,2011Ebrahimi,110,0.0,True,False,10.1016/j.corsci.2010.12.019,False,False,False,False
2938,2011Ebrahimi14,2011Ebrahimi,110,0.0,True,False,10.1016/j.corsci.2010.12.019,False,False,False,False
2939,2011Ebrahimi15,2011Ebrahimi,110,0.0,True,False,10.1016/j.corsci.2010.12.019,False,False,False,False
2940,2011Ebrahimi16,2011Ebrahimi,110,0.0,True,False,10.1016/j.corsci.2010.12.019,False,False,False,False
2941,2011Ebrahimi17,2011Ebrahimi,110,1.0,True,True,10.1016/j.corsci.2010.12.019,False,False,False,True
2942,2011Ebrahimi18,2011Ebrahimi,110,1.0,True,True,10.1016/j.corsci.2010.12.019,False,False,False,True
2943,2011Ebrahimi19,2011Ebrahimi,110,0.0,True,False,10.1016/j.corsci.2010.12.019,False,False,False,False
2944,2011Ebrahimi20,2011Ebrahimi,110,0.0,True,False,10.1016/j.corsci.2010.12.019,False,False,False,False
2945,2011Ebrahimi21,2011Ebrahimi,110,0.0,True,False,10.1016/j.corsci.2010.12.019,False,False,False,False
2946,2011Ebrahimi22,2011Ebrahimi,110,0.0,True,False,10.1016/j.corsci.2010.12.019,False,False,False,False
2947,2011Ebrahimi23,2011Ebrahimi,110,1.0,True,True,10.1016/j.corsci.2010.12.019,False,False,False,True
2948,2011Ebrahimi24,2011Ebrahimi,110,1.0,True,True,10.1016/j.corsci.2010.12.019,False,False,False,True
2949,2011Ebrahimi25,2011Ebrahimi,110,0.0,True,False,10.1016/j.corsci.2010.12.019,False,False,False,False
2950,2011Ebrahimi26,2011Ebrahimi,110,0.0,True,False,10.1016/j.corsci.2010.12.019,False,False,False,False
2951,2011Ebrahimi27,2011Ebrahimi,110,0.0,True,False,10.1016/j.corsci.2010.12.019,False,False,False,False
2952,2011Ebrahimi28,2011Ebrahimi,110,0.0,True,False,10.1016/j.corsci.2010.12.019,False,False,False,False
2953,2011Ebrahimi29,2011Ebrahimi,110,0.0,True,False,10.1016/j.corsci.2010.12.019,False,False,False,False
2954,2011Ebrahimi30,2011Ebrahimi,110,1.0,True,True,10.1016/j.corsci.2010.12.019,False,False,False,True
2955,2011Ebrahimi31,2011Ebrahimi,110,0.0,True,False,10.1016/j.corsci.2010.12.019,False,False,False,False
2956,2011Ebrahimi32,2011Ebrahimi,110,0.0,True,False,10.1016/j.corsci.2010.12.019,False,False,False,False
2957,2011Ebrahimi33,2011Ebrahimi,110,0.0,True,False,10.1016/j.corsci.2010.12.019,False,False,False,False
2958,2011Ebrahimi34,2011Ebrahimi,110,0.0,True,False,10.1016/j.corsci.2010.12.019,False,False,False,False
2959,2011Ebrahimi35,2011Ebrahimi,110,0.0,True,False,10.1016/j.corsci.2010.12.019,False,False,False,False
2960,2011Ebrahimi36,2011Ebrahimi,110,0.0,True,False,10.1016/j.corsci.2010.12.019,False,False,False,False
2961,2011Ebrahimi37,2011Ebrahimi,110,0.0,True,False,10.1016/j.corsci.2010.12.019,False,False,False,False
2962,2011Ebrahimi38,2011Ebrahimi,110,0.0,True,False,10.1016/j.corsci.2010.12.019,False,False,False,False
2963,2011Ebrahimi39,2011Ebrahimi,110,0.0,True,False,10.1016/j.corsci.2010.12.019,False,False,False,False
2964,2011Ebrahimi40,2011Ebrahimi,110,1.0,True,True,10.1016/j.corsci.2010.12.019,False,False,False,True
2965,2011Ebrahimi41,2011Ebrahimi,110,1.0,True,True,10.1016/j.corsci.2010.12.019,False,False,False,True
2966,2011Ebrahimi42,2011Ebrahimi,110,1.0,True,True,10.1016/j.corsci.2010.12.019,False,False,False,True
2967,2011Elsener01,2011Elsener,111,1.0,True,True,10.1002/maco.201005826,False,False,False,True
2968,2011Elsener10,2011Elsener,111,1.0,True,True,10.1002/maco.201005826,False,False,False,True
2969,2011Elsener11,2011Elsener,111,1.0,True,True,10.1002/maco.201005826,False,False,False,True
2970,2011Elsener12,2011Elsener,111,1.0,True,True,10.1002/maco.201005826,False,False,False,True
2971,2011Elsener13,2011Elsener,111,1.0,True,True,10.1002/maco.201005826,False,False,False,True
2972,2011Elsener14,2011Elsener,111,1.0,True,True,10.1002/maco.201005826,False,False,False,True
2973,2011Elsener15,2011Elsener,111,1.0,True,True,10.1002/maco.201005826,False,False,False,True
2974,2011Elsener16,2011Elsener,111,1.0,True,True,10.1002/maco.201005826,False,False,False,True
2975,2011Elsener17,2011Elsener,111,1.0,True,True,10.1002/maco.201005826,False,False,False,True
2976,2011Elsener18,2011Elsener,111,1.0,True,True,10.1002/maco.201005826,False,False,False,True
2977,2011Elsener19,2011Elsener,111,1.0,True,True,10.1002/maco.201005826,False,False,False,True
2978,2011Elsener02,2011Elsener,111,1.0,True,True,10.1002/maco.201005826,False,False,False,True
2979,2011Elsener20,2011Elsener,111,1.0,True,True,10.1002/maco.201005826,False,False,False,True
2980,2011Elsener21,2011Elsener,111,1.0,True,True,10.1002/maco.201005826,False,False,False,True
2981,2011Elsener22,2011Elsener,111,1.0,True,True,10.1002/maco.201005826,False,False,False,True
2982,2011Elsener23,2011Elsener,111,1.0,True,True,10.1002/maco.201005826,False,False,False,True
2983,2011Elsener24,2011Elsener,111,1.0,True,True,10.1002/maco.201005826,False,False,False,True
2984,2011Elsener25,2011Elsener,111,1.0,True,True,10.1002/maco.201005826,False,False,False,True
2985,2011Elsener26,2011Elsener,111,1.0,True,True,10.1002/maco.201005826,False,False,False,True
2986,2011Elsener27,2011Elsener,111,1.0,True,True,10.1002/maco.201005826,False,False,False,True
2987,2011Elsener28,2011Elsener,111,1.0,True,True,10.1002/maco.201005826,False,False,False,True
2988,2011Elsener29,2011Elsener,111,1.0,True,True,10.1002/maco.201005826,False,False,False,True
2989,2011Elsener03,2011Elsener,111,1.0,True,True,10.1002/maco.201005826,False,False,False,True
2990,2011Elsener30,2011Elsener,111,1.0,True,True,10.1002/maco.201005826,False,False,False,True
2991,2011Elsener31,2011Elsener,111,1.0,True,True,10.1002/maco.201005826,False,False,False,True
2992,2011Elsener32,2011Elsener,111,1.0,True,True,10.1002/maco.201005826,False,False,False,True
2993,2011Elsener33,2011Elsener,111,1.0,True,True,10.1002/maco.201005826,False,False,False,True
2994,2011Elsener34,2011Elsener,111,1.0,True,True,10.1002/maco.201005826,False,False,False,True
2995,2011Elsener35,2011Elsener,111,0.0,True,False,10.1002/maco.201005826,False,False,False,False
2996,2011Elsener36,2011Elsener,111,1.0,True,True,10.1002/maco.201005826,False,False,False,True
2997,2011Elsener37,2011Elsener,111,1.0,True,True,10.1002/maco.201005826,False,False,False,True
2998,2011Elsener38,2011Elsener,111,1.0,True,True,10.1002/maco.201005826,False,False,False,True
2999,2011Elsener39,2011Elsener,111,1.0,True,True,10.1002/maco.201005826,False,False,False,True
3000,2011Elsener04,2011Elsener,111,1.0,True,True,10.1002/maco.201005826,False,False,False,True
3001,2011Elsener40,2011Elsener,111,0.0,True,False,10.1002/maco.201005826,False,False,False,False
3002,2011Elsener41,2011Elsener,111,0.0,True,False,10.1002/maco.201005826,False,False,False,False
3003,2011Elsener42,2011Elsener,111,0.0,True,False,10.1002/maco.201005826,False,False,False,False
3004,2011Elsener43,2011Elsener,111,0.0,True,False,10.1002/maco.201005826,False,False,False,False
3005,2011Elsener44,2011Elsener,111,0.0,True,False,10.1002/maco.201005826,False,False,False,False
3006,2011Elsener45,2011Elsener,111,0.0,True,False,10.1002/maco.201005826,False,False,False,False
3007,2011Elsener46,2011Elsener,111,0.0,True,False,10.1002/maco.201005826,False,False,False,False
3008,2011Elsener47,2011Elsener,111,0.0,True,False,10.1002/maco.201005826,False,False,False,False
3009,2011Elsener48,2011Elsener,111,0.0,True,False,10.1002/maco.201005826,False,False,False,False
3010,2011Elsener49,2011Elsener,111,1.0,True,True,10.1002/maco.201005826,False,False,False,True
3011,2011Elsener05,2011Elsener,111,1.0,True,True,10.1002/maco.201005826,False,False,False,True
3012,2011Elsener50,2011Elsener,111,1.0,True,True,10.1002/maco.201005826,False,False,False,True
3013,2011Elsener51,2011Elsener,111,1.0,True,True,10.1002/maco.201005826,False,False,False,True
3014,2011Elsener52,2011Elsener,111,0.0,True,False,10.1002/maco.201005826,False,False,False,False
3015,2011Elsener53,2011Elsener,111,0.0,True,False,10.1002/maco.201005826,False,False,False,False
3016,2011Elsener06,2011Elsener,111,1.0,True,True,10.1002/maco.201005826,False,False,False,True
3017,2011Elsener07,2011Elsener,111,1.0,True,True,10.1002/maco.201005826,False,False,False,True
3018,2011Elsener08,2011Elsener,111,1.0,True,True,10.1002/maco.201005826,False,False,False,True
3019,2011Elsener09,2011Elsener,111,1.0,True,True,10.1002/maco.201005826,False,False,False,True
3020,2011Elsener_Bertolini1,2011Elsenser_Bertolini,112,1.0,True,True,,False,False,False,True
3021,2011Elsener_Bertolini2,2011Elsenser_Bertolini,112,1.0,True,True,,False,False,False,True
3022,2011Elsener_Bertolini3,2011Elsenser_Bertolini,112,1.0,True,True,,False,False,False,True
3023,2011Elsener_Bertolini4,2011Elsenser_Bertolini,112,1.0,True,True,,False,False,False,True
3024,2011Elsener_Bertolini5,2011Elsenser_Bertolini,112,1.0,True,True,,False,False,False,True
3025,2011Elsener_Bertolini6,2011Elsenser_Bertolini,112,1.0,True,True,,False,False,False,True
3026,2011Kimbrel01,2011Kimbrel,113,,True,False,,False,False,False,False
3027,2011Kimbrel02,2011Kimbrel,113,,True,False,,False,False,False,False
3028,2011Kimbrel03,2011Kimbrel,113,,True,False,,False,False,False,False
3029,2011Kimbrel04,2011Kimbrel,113,,True,False,,False,False,False,False
3030,2011Kimbrel05,2011Kimbrel,113,,True,False,,False,False,False,False
3031,2011Kimbrel06,2011Kimbrel,113,,True,False,,False,False,False,False
3032,2011Kimbrel07,2011Kimbrel,113,,True,False,,False,False,False,False
3033,2011Kimbrel08,2011Kimbrel,113,,True,False,,False,False,False,False
3034,2011Kimbrel09,2011Kimbrel,113,,True,False,,False,False,False,False
3035,2011Kimbrel10,2011Kimbrel,113,,True,False,,False,False,False,False
3036,2011Kimbrel11,2011Kimbrel,113,,True,False,,False,False,False,False
3037,2011Kimbrel12,2011Kimbrel,113,,True,False,,False,False,False,False
3038,2011Kimbrel13,2011Kimbrel,113,,True,False,,False,False,False,False
3039,2011Kimbrel14,2011Kimbrel,113,,True,False,,False,False,False,False
3040,2011Kimbrel15,2011Kimbrel,113,,True,False,,False,False,False,False
3041,2011Kimbrel16,2011Kimbrel,113,,True,False,,False,False,False,False
3042,2011Kimbrel17,2011Kimbrel,113,,True,False,,False,False,False,False
3043,2011Kimbrel18,2011Kimbrel,113,,True,False,,False,False,False,False
3044,2011Kimbrel19,2011Kimbrel,113,,True,False,,False,False,False,False
3045,2011Kimbrel20,2011Kimbrel,113,,True,False,,False,False,False,False
3046,2011Kimbrel21,2011Kimbrel,113,,True,False,,False,False,False,False
3047,2012Hara01,2012Hara,114,0.0,True,False,10.1155/2012/482730,False,False,False,False
3048,2012Hara02,2012Hara,114,1.0,True,True,10.1155/2012/482730,False,False,False,True
3049,2012Hara03,2012Hara,114,1.0,True,True,10.1155/2012/482730,False,False,False,True
3050,2012Hara04,2012Hara,114,1.0,True,True,10.1155/2012/482730,False,False,False,True
3051,2012Hara05,2012Hara,114,1.0,True,True,10.1155/2012/482730,False,False,False,True
3052,2012Hara06,2012Hara,114,1.0,True,True,10.1155/2012/482730,False,False,False,True
3053,2012Hara07,2012Hara,114,1.0,True,True,10.1155/2012/482730,False,False,False,True
3054,2012Hara08,2012Hara,114,1.0,True,True,10.1155/2012/482730,False,False,False,True
3055,2012Hara09,2012Hara,114,1.0,True,True,10.1155/2012/482730,False,False,False,True
3056,2012Hara10,2012Hara,114,1.0,True,True,10.1155/2012/482730,False,False,False,True
3057,2012Hara11,2012Hara,114,1.0,True,True,10.1155/2012/482730,False,False,False,True
3058,2012Hara12,2012Hara,114,1.0,True,True,10.1155/2012/482730,False,False,False,True
3059,2012Hara13,2012Hara,114,1.0,True,True,10.1155/2012/482730,False,False,False,True
3060,2012Hara14,2012Hara,114,1.0,True,True,10.1155/2012/482730,False,False,False,True
3061,2012Hara15,2012Hara,114,1.0,True,True,10.1155/2012/482730,False,False,False,True
3062,2012Hara16,2012Hara,114,1.0,True,True,10.1155/2012/482730,False,False,False,True
3063,2012Hara17,2012Hara,114,1.0,True,True,10.1155/2012/482730,False,False,False,True
3064,2012Hara18,2012Hara,114,1.0,True,True,10.1155/2012/482730,False,False,False,True
3065,2012Hara19,2012Hara,114,1.0,True,True,10.1155/2012/482730,False,False,False,True
3066,2012Hara20,2012Hara,114,1.0,True,True,10.1155/2012/482730,False,False,False,True
3067,2012Hara21,2012Hara,114,1.0,True,True,10.1155/2012/482730,False,False,False,True
3068,2012Hara22,2012Hara,114,1.0,True,True,10.1155/2012/482730,False,False,False,True
3069,2012Hara23,2012Hara,114,1.0,True,True,10.1155/2012/482730,False,False,False,True
3070,2012Hara24,2012Hara,114,1.0,True,True,10.1155/2012/482730,False,False,False,True
3071,2012Hara25,2012Hara,114,1.0,True,True,10.1155/2012/482730,False,False,False,True
3072,2012Hara26,2012Hara,114,1.0,True,True,10.1155/2012/482730,False,False,False,True
3073,2012Hara27,2012Hara,114,1.0,True,True,10.1155/2012/482730,False,False,False,True
3074,2012Hara28,2012Hara,114,1.0,True,True,10.1155/2012/482730,False,False,False,True
3075,2012Hara29,2012Hara,114,1.0,True,True,10.1155/2012/482730,False,False,False,True
3076,2012Hara30,2012Hara,114,1.0,True,True,10.1155/2012/482730,False,False,False,True
3077,2012Hara31,2012Hara,114,1.0,True,True,10.1155/2012/482730,False,False,False,True
3078,2012Hara32,2012Hara,114,1.0,True,True,10.1155/2012/482730,False,False,False,True
3079,2012Hara33,2012Hara,114,1.0,True,True,10.1155/2012/482730,False,False,False,True
3080,2012Hara34,2012Hara,114,1.0,True,True,10.1155/2012/482730,False,False,False,True
3081,2012Hara35,2012Hara,114,1.0,True,True,10.1155/2012/482730,False,False,False,True
3082,2012Hara36,2012Hara,114,1.0,True,True,10.1155/2012/482730,False,False,False,True
3083,2012Hara37,2012Hara,114,1.0,True,True,10.1155/2012/482730,False,False,False,True
3084,2012Hara38,2012Hara,114,1.0,True,True,10.1155/2012/482730,False,False,False,True
3085,2012Hara39,2012Hara,114,1.0,True,True,10.1155/2012/482730,False,False,False,True
3086,2012Hara40,2012Hara,114,1.0,True,True,10.1155/2012/482730,False,False,False,True
3087,2012Hara41,2012Hara,114,1.0,True,True,10.1155/2012/482730,False,False,False,True
3088,2012Hara42,2012Hara,114,1.0,True,True,10.1155/2012/482730,False,False,False,True
3089,2012Hara43,2012Hara,114,1.0,True,True,10.1155/2012/482730,False,False,False,True
3090,2012Hara44,2012Hara,114,1.0,True,True,10.1155/2012/482730,False,False,False,True
3091,2012Hara45,2012Hara,114,1.0,True,True,10.1155/2012/482730,False,False,False,True
3092,2012Hara46,2012Hara,114,1.0,True,True,10.1155/2012/482730,False,False,False,True
3093,2012Hara47,2012Hara,114,1.0,True,True,10.1155/2012/482730,False,False,False,True
3094,2012Hara48,2012Hara,114,1.0,True,True,10.1155/2012/482730,False,False,False,True
3095,2012Hara49,2012Hara,114,1.0,True,True,10.1155/2012/482730,False,False,False,True
3096,2012Hara50,2012Hara,114,1.0,True,True,10.1155/2012/482730,False,False,False,True
3097,2012Hara51,2012Hara,114,1.0,True,True,10.1155/2012/482730,False,False,False,True
3098,2012Hara52,2012Hara,114,1.0,True,True,10.1155/2012/482730,False,False,False,True
3099,2012Hara53,2012Hara,114,1.0,True,True,10.1155/2012/482730,False,False,False,True
3100,2012Hara54,2012Hara,114,1.0,True,True,10.1155/2012/482730,False,False,False,True
3101,2012Hara55,2012Hara,114,1.0,True,True,10.1155/2012/482730,False,False,False,True
3102,2012Hara56,2012Hara,114,1.0,True,True,10.1155/2012/482730,False,False,False,True
3103,2012Hara57,2012Hara,114,1.0,True,True,10.1155/2012/482730,False,False,False,True
3104,2012Hara58,2012Hara,114,1.0,True,True,10.1155/2012/482730,False,False,False,True
3105,2012Hara59,2012Hara,114,1.0,True,True,10.1155/2012/482730,False,False,False,True
3106,2012Hara60,2012Hara,114,1.0,True,True,10.1155/2012/482730,False,False,False,True
3107,2012Hara61,2012Hara,114,1.0,True,True,10.1155/2012/482730,False,False,False,True
3108,2012Hara62,2012Hara,114,1.0,True,True,10.1155/2012/482730,False,False,False,True
3109,2012Hara63,2012Hara,114,1.0,True,True,10.1155/2012/482730,False,False,False,True
3110,2012Hara64,2012Hara,114,1.0,True,True,10.1155/2012/482730,False,False,False,True
3111,2012Hara65,2012Hara,114,1.0,True,True,10.1155/2012/482730,False,False,False,True
3112,2012Hara66,2012Hara,114,1.0,True,True,10.1155/2012/482730,False,False,False,True
3113,2012Hara67,2012Hara,114,0.0,True,False,10.1155/2012/482730,False,False,False,False
3114,2013DeAngelis01,2013DeAngelis,115,1.0,True,True,,False,False,False,True
3115,2013DeAngelis02,2013DeAngelis,115,1.0,True,True,,False,False,False,True
3116,2013DeAngelis03,2013DeAngelis,115,1.0,True,True,,False,False,False,True
3117,2013DeAngelis04,2013DeAngelis,115,1.0,True,True,,False,False,False,True
3118,2013DeAngelis05,2013DeAngelis,115,1.0,True,True,,False,False,False,True
3119,2013DeAngelis06,2013DeAngelis,115,1.0,True,True,,False,False,False,True
3120,2013DeAngelis07,2013DeAngelis,115,1.0,True,True,,False,False,False,True
3121,2013DeAngelis08,2013DeAngelis,115,1.0,True,True,,False,False,False,True
3122,2013DeAngelis09,2013DeAngelis,115,1.0,True,True,,False,False,False,True
3123,2013DeAngelis10,2013DeAngelis,115,1.0,True,True,,False,False,False,True
3124,2013DeAngelis11,2013DeAngelis,115,1.0,True,True,,False,False,False,True
3125,2013DeAngelis12,2013DeAngelis,115,1.0,True,True,,False,False,False,True
3126,2013DeAngelis13,2013DeAngelis,115,1.0,True,True,,False,False,False,True
3127,2013DeAngelis14,2013DeAngelis,115,1.0,True,True,,False,False,False,True
3128,2013DeAngelis15,2013DeAngelis,115,1.0,True,True,,False,False,False,True
3129,2013DeAngelis16,2013DeAngelis,115,1.0,True,True,,False,False,False,True
3130,2013DeAngelis17,2013DeAngelis,115,1.0,True,True,,False,False,False,True
3131,2013Loto01,2013Loto,116,1.0,True,True,,False,False,False,True
3132,2013Loto10,2013Loto,116,1.0,True,True,,False,False,False,True
3133,2013Loto02,2013Loto,116,1.0,True,True,,False,False,False,True
3134,2013Loto03,2013Loto,116,1.0,True,True,,False,False,False,True
3135,2013Loto04,2013Loto,116,1.0,True,True,,False,False,False,True
3136,2013Loto05,2013Loto,116,1.0,True,True,,False,False,False,True
3137,2013Loto06,2013Loto,116,1.0,True,True,,False,False,False,True
3138,2013Loto07,2013Loto,116,1.0,True,True,,False,False,False,True
3139,2013Loto08,2013Loto,116,1.0,True,True,,False,False,False,True
3140,2013Loto09,2013Loto,116,1.0,True,True,,False,False,False,True
3141,2013Mesquita01,2013Mesquita,117,1.0,True,True,10.1590/s0370-44672013000200006,False,False,False,True
3142,2013Mesquita02,2013Mesquita,117,1.0,True,True,10.1590/s0370-44672013000200006,False,False,False,True
3143,2013Mesquita03,2013Mesquita,117,1.0,True,True,10.1590/s0370-44672013000200006,False,False,False,True
3144,2013Mesquita04,2013Mesquita,117,1.0,True,True,10.1590/s0370-44672013000200006,False,False,False,True
3145,2013Mesquita05,2013Mesquita,117,1.0,True,True,10.1590/s0370-44672013000200006,False,False,False,True
3146,2013Mesquita06,2013Mesquita,117,1.0,True,True,10.1590/s0370-44672013000200006,False,False,False,True
3147,2013Mesquita07,2013Mesquita,117,1.0,True,True,10.1590/s0370-44672013000200006,False,False,False,True
3148,2013Mesquita08,2013Mesquita,117,1.0,True,True,10.1590/s0370-44672013000200006,False,False,False,True
3149,2013Mesquita09,2013Mesquita,117,1.0,True,True,10.1590/s0370-44672013000200006,False,False,False,True
3150,2013Mesquita10,2013Mesquita,117,1.0,True,True,10.1590/s0370-44672013000200006,False,False,False,True
3151,2013Mesquita11,2013Mesquita,117,1.0,True,True,10.1590/s0370-44672013000200006,False,False,False,True
3152,2013Mesquita12,2013Mesquita,117,1.0,True,True,10.1590/s0370-44672013000200006,False,False,False,True
3153,2013Mesquita13,2013Mesquita,117,1.0,True,True,10.1590/s0370-44672013000200006,False,False,False,True
3154,2013Mesquita14,2013Mesquita,117,1.0,True,True,10.1590/s0370-44672013000200006,False,False,False,True
3155,2013Mesquita15,2013Mesquita,117,1.0,True,True,10.1590/s0370-44672013000200006,False,False,False,True
3156,2013Mesquita16,2013Mesquita,117,1.0,True,True,10.1590/s0370-44672013000200006,False,False,False,True
3157,2013Mesquita17,2013Mesquita,117,1.0,True,True,10.1590/s0370-44672013000200006,False,False,False,True
3158,2013Mesquita18,2013Mesquita,117,1.0,True,True,10.1590/s0370-44672013000200006,False,False,False,True
3159,2013Mesquita19,2013Mesquita,117,1.0,True,True,10.1590/s0370-44672013000200006,False,False,False,True
3160,2013Mesquita20,2013Mesquita,117,1.0,True,True,10.1590/s0370-44672013000200006,False,False,False,True
3161,2013Mesquita21,2013Mesquita,117,1.0,True,True,10.1590/s0370-44672013000200006,False,False,False,True
3162,2013Mesquita22,2013Mesquita,117,1.0,True,True,10.1590/s0370-44672013000200006,False,False,False,True
3163,2013Mesquita23,2013Mesquita,117,1.0,True,True,10.1590/s0370-44672013000200006,False,False,False,True
3164,2013Mesquita24,2013Mesquita,117,1.0,True,True,10.1590/s0370-44672013000200006,False,False,False,True
3165,2013Mesquita25,2013Mesquita,117,1.0,True,True,10.1590/s0370-44672013000200006,False,False,False,True
3166,2013Mesquita26,2013Mesquita,117,0.0,True,False,10.1590/s0370-44672013000200006,False,False,False,False
3167,2013Mesquita27,2013Mesquita,117,0.0,True,False,10.1590/s0370-44672013000200006,False,False,False,False
3168,2013Mesquita28,2013Mesquita,117,0.0,True,False,10.1590/s0370-44672013000200006,False,False,False,False
3169,2013Mesquita29,2013Mesquita,117,0.0,True,False,10.1590/s0370-44672013000200006,False,False,False,False
3170,2013Mesquita30,2013Mesquita,117,1.0,True,True,10.1590/s0370-44672013000200006,False,False,False,True
3171,2013Orlikowski01,2013Orlikowski,118,1.0,True,True,10.1016/j.engfailanal.2012.10.013,False,False,False,True
3172,2013Orlikowski02,2013Orlikowski,118,1.0,True,True,10.1016/j.engfailanal.2012.10.013,False,False,False,True
3173,2013Orlikowski03,2013Orlikowski,118,1.0,True,True,10.1016/j.engfailanal.2012.10.013,False,False,False,True
3174,2013Orlikowski04,2013Orlikowski,118,1.0,True,True,10.1016/j.engfailanal.2012.10.013,False,False,False,True
3175,2013Orlikowski05,2013Orlikowski,118,0.0,True,False,10.1016/j.engfailanal.2012.10.013,False,False,False,False
3176,2013Orlikowski06,2013Orlikowski,118,0.0,True,False,10.1016/j.engfailanal.2012.10.013,False,False,False,False
3177,2013Orlikowski07,2013Orlikowski,118,1.0,True,True,10.1016/j.engfailanal.2012.10.013,False,False,False,True
3178,2013Orlikowski08,2013Orlikowski,118,1.0,True,True,10.1016/j.engfailanal.2012.10.013,False,False,False,True
3179,2013Orlikowski09,2013Orlikowski,118,1.0,True,True,10.1016/j.engfailanal.2012.10.013,False,False,False,True
3180,2013Orlikowski10,2013Orlikowski,118,1.0,True,True,10.1016/j.engfailanal.2012.10.013,False,False,False,True
3181,2013Orlikowski11,2013Orlikowski,118,0.0,True,False,10.1016/j.engfailanal.2012.10.013,False,False,False,False
3182,2013Orlikowski12,2013Orlikowski,118,0.0,True,False,10.1016/j.engfailanal.2012.10.013,False,False,False,False
3183,2013Orlikowski13,2013Orlikowski,118,0.0,True,False,10.1016/j.engfailanal.2012.10.013,False,False,False,False
3184,2013Orlikowski14,2013Orlikowski,118,0.0,True,False,10.1016/j.engfailanal.2012.10.013,False,False,False,False
3185,2013Orlikowski15,2013Orlikowski,118,0.0,True,False,10.1016/j.engfailanal.2012.10.013,False,False,False,False
3186,2014Bikic01,2014Bikic,119,1.0,True,True,,False,False,False,True
3187,2014Bikic02,2014Bikic,119,1.0,True,True,,False,False,False,True
3188,2014Bikic03,2014Bikic,119,1.0,True,True,,False,False,False,True
3189,2014Bikic04,2014Bikic,119,1.0,True,True,,False,False,False,True
3190,2014Bikic05,2014Bikic,119,1.0,True,True,,False,False,False,True
3191,2014Bikic06,2014Bikic,119,1.0,True,True,,False,False,False,True
3192,2014Bikic07,2014Bikic,119,1.0,True,True,,False,False,False,True
3193,2014Bikic08,2014Bikic,119,1.0,True,True,,False,False,False,True
3194,2014Jimenez-Come01,2014Jimenez-Come,120,0.0,True,False,10.1016/j.jal.2012.07.005,False,False,False,False
3195,2014Jimenez-Come02,2014Jimenez-Come,120,1.0,True,True,10.1016/j.jal.2012.07.005,False,False,False,True
3196,2014Jimenez-Come03,2014Jimenez-Come,120,1.0,True,True,10.1016/j.jal.2012.07.005,False,False,False,True
3197,2014Jimenez-Come04,2014Jimenez-Come,120,0.0,True,False,10.1016/j.jal.2012.07.005,False,False,False,False
3198,2014Jimenez-Come05,2014Jimenez-Come,120,1.0,True,True,10.1016/j.jal.2012.07.005,False,False,False,True
3199,2014Jimenez-Come06,2014Jimenez-Come,120,1.0,True,True,10.1016/j.jal.2012.07.005,False,False,False,True
3200,2014Jimenez-Come07,2014Jimenez-Come,120,1.0,True,True,10.1016/j.jal.2012.07.005,False,False,False,True
3201,2014Jimenez-Come08,2014Jimenez-Come,120,1.0,True,True,10.1016/j.jal.2012.07.005,False,False,False,True
3202,2014Jimenez-Come09,2014Jimenez-Come,120,1.0,True,True,10.1016/j.jal.2012.07.005,False,False,False,True
3203,2014Jimenez-Come10,2014Jimenez-Come,120,1.0,True,True,10.1016/j.jal.2012.07.005,False,False,False,True
3204,2014Jimenez-Come11,2014Jimenez-Come,120,1.0,True,True,10.1016/j.jal.2012.07.005,False,False,False,True
3205,2014Jimenez-Come12,2014Jimenez-Come,120,1.0,True,True,10.1016/j.jal.2012.07.005,False,False,False,True
3206,2014Jimenez-Come13,2014Jimenez-Come,120,0.0,True,False,10.1016/j.jal.2012.07.005,False,False,False,False
3207,2014Jimenez-Come14,2014Jimenez-Come,120,1.0,True,True,10.1016/j.jal.2012.07.005,False,False,False,True
3208,2014Jimenez-Come15,2014Jimenez-Come,120,1.0,True,True,10.1016/j.jal.2012.07.005,False,False,False,True
3209,2014Jimenez-Come16,2014Jimenez-Come,120,1.0,True,True,10.1016/j.jal.2012.07.005,False,False,False,True
3210,2014Mameng01,2014Mameng,121,1.0,True,True,,False,False,False,True
3211,2014Mameng02,2014Mameng,121,1.0,True,True,,False,False,False,True
3212,2014Mameng03,2014Mameng,121,1.0,True,True,,False,False,False,True
3213,2014Mameng04,2014Mameng,121,1.0,True,True,,False,False,False,True
3214,2014Mameng05,2014Mameng,121,1.0,True,True,,False,False,False,True
3215,2014Mameng06,2014Mameng,121,1.0,True,True,,False,False,False,True
3216,2014Mameng07,2014Mameng,121,1.0,True,True,,False,False,False,True
3217,2014Mameng08,2014Mameng,121,1.0,True,True,,False,False,False,True
3218,2014Mameng09,2014Mameng,121,1.0,True,True,,False,False,False,True
3219,2014Mameng10,2014Mameng,121,1.0,True,True,,False,False,False,True
3220,2014Mameng11,2014Mameng,121,1.0,True,True,,False,False,False,True
3221,2014Mameng11,2014Mameng,121,1.0,True,True,,False,False,False,True
3222,2014Mameng12,2014Mameng,121,1.0,True,True,,False,False,False,True
3223,2014Mameng13,2014Mameng,121,1.0,True,True,,False,False,False,True
3224,2014Mameng14,2014Mameng,121,1.0,True,True,,False,False,False,True
3225,2014Mameng15,2014Mameng,121,1.0,True,True,,False,False,False,True
3226,2014Mameng16,2014Mameng,121,1.0,True,True,,False,False,False,True
3227,2014Mameng17,2014Mameng,121,1.0,True,True,,False,False,False,True
3228,2014Mameng18,2014Mameng,121,1.0,True,True,,False,False,False,True
3229,2014Mameng19,2014Mameng,121,1.0,True,True,,False,False,False,True
3230,2014Mameng20,2014Mameng,121,1.0,True,True,,False,False,False,True
3231,2014Mameng21,2014Mameng,121,1.0,True,True,,False,False,False,True
3232,2014Mameng22,2014Mameng,121,1.0,True,True,,False,False,False,True
3233,2014Mameng23,2014Mameng,121,1.0,True,True,,False,False,False,True
3234,2014Mameng24,2014Mameng,121,1.0,True,True,,False,False,False,True
3235,2014Mameng25,2014Mameng,121,1.0,True,True,,False,False,False,True
3236,2014Mameng26,2014Mameng,121,1.0,True,True,,False,False,False,True
3237,2014Mameng27,2014Mameng,121,1.0,True,True,,False,False,False,True
3238,2014Mameng28,2014Mameng,121,1.0,True,True,,False,False,False,True
3239,2014Mameng29,2014Mameng,121,1.0,True,True,,False,False,False,True
3240,2014Mameng30,2014Mameng,121,0.0,True,False,,False,False,False,False
3241,2014Mameng31,2014Mameng,121,0.0,True,False,,False,False,False,False
3242,2014Mameng32,2014Mameng,121,0.0,True,False,,False,False,False,False
3243,2014Mameng33,2014Mameng,121,1.0,True,True,,False,False,False,True
3244,2014Mameng34,2014Mameng,121,1.0,True,True,,False,False,False,True
3245,2014Mameng35,2014Mameng,121,1.0,True,True,,False,False,False,True
3246,2014Mameng36,2014Mameng,121,0.0,True,False,,False,False,False,False
3247,2014Mameng37,2014Mameng,121,0.0,True,False,,False,False,False,False
3248,2014Mameng38,2014Mameng,121,0.0,True,False,,False,False,False,False
3249,2014Mameng39,2014Mameng,121,0.0,True,False,,False,False,False,False
3250,2014Mameng40,2014Mameng,121,0.0,True,False,,False,False,False,False
3251,2014Mameng41,2014Mameng,121,0.0,True,False,,False,False,False,False
3252,2014Mameng2_001,2014Mameng2,122,0.0,True,False,,False,False,False,False
3253,2014Mameng2_002,2014Mameng2,122,0.0,True,False,,False,False,False,False
3254,2014Mameng2_003,2014Mameng2,122,0.0,True,False,,False,False,False,False
3255,2014Mameng2_004,2014Mameng2,122,0.0,True,False,,False,False,False,False
3256,2014Mameng2_005,2014Mameng2,122,0.0,True,False,,False,False,False,False
3257,2014Mameng2_006,2014Mameng2,122,0.0,True,False,,False,False,False,False
3258,2014Mameng2_007,2014Mameng2,122,0.0,True,False,,False,False,False,False
3259,2014Mameng2_008,2014Mameng2,122,0.0,True,False,,False,False,False,False
3260,2014Mameng2_009,2014Mameng2,122,0.0,True,False,,False,False,False,False
3261,2014Mameng2_010,2014Mameng2,122,0.0,True,False,,False,False,False,False
3262,2014Mameng2_011,2014Mameng2,122,0.0,True,False,,False,False,False,False
3263,2014Mameng2_012,2014Mameng2,122,0.0,True,False,,False,False,False,False
3264,2014Mameng2_013,2014Mameng2,122,0.0,True,False,,False,False,False,False
3265,2014Mameng2_014,2014Mameng2,122,0.0,True,False,,False,False,False,False
3266,2014Mameng2_015,2014Mameng2,122,1.0,True,True,,False,False,False,True
3267,2014Mameng2_016,2014Mameng2,122,1.0,True,True,,False,False,False,True
3268,2014Mameng2_017,2014Mameng2,122,0.0,True,False,,False,False,False,False
3269,2014Mameng2_018,2014Mameng2,122,0.0,True,False,,False,False,False,False
3270,2014Mameng2_019,2014Mameng2,122,0.0,True,False,,False,False,False,False
3271,2014Mameng2_020,2014Mameng2,122,0.0,True,False,,False,False,False,False
3272,2014Mameng2_021,2014Mameng2,122,0.0,True,False,,False,False,False,False
3273,2014Mameng2_022,2014Mameng2,122,0.0,True,False,,False,False,False,False
3274,2014Mameng2_023,2014Mameng2,122,1.0,True,True,,False,False,False,True
3275,2014Mameng2_024,2014Mameng2,122,1.0,True,True,,False,False,False,True
3276,2014Mameng2_025,2014Mameng2,122,1.0,True,True,,False,False,False,True
3277,2014Mameng2_026,2014Mameng2,122,1.0,True,True,,False,False,False,True
3278,2014Mameng2_027,2014Mameng2,122,1.0,True,True,,False,False,False,True
3279,2014Mameng2_028,2014Mameng2,122,1.0,True,True,,False,False,False,True
3280,2014Mameng2_029,2014Mameng2,122,1.0,True,True,,False,False,False,True
3281,2014Mameng2_030,2014Mameng2,122,1.0,True,True,,False,False,False,True
3282,2014Mameng2_031,2014Mameng2,122,1.0,True,True,,False,False,False,True
3283,2014Mameng2_032,2014Mameng2,122,1.0,True,True,,False,False,False,True
3284,2014Mameng2_033,2014Mameng2,122,1.0,True,True,,False,False,False,True
3285,2014Mameng2_034,2014Mameng2,122,1.0,True,True,,False,False,False,True
3286,2014Mameng2_035,2014Mameng2,122,1.0,True,True,,False,False,False,True
3287,2014Mameng2_036,2014Mameng2,122,1.0,True,True,,False,False,False,True
3288,2014Mameng2_037,2014Mameng2,122,1.0,True,True,,False,False,False,True
3289,2014Mameng2_038,2014Mameng2,122,1.0,True,True,,False,False,False,True
3290,2014Mameng2_039,2014Mameng2,122,1.0,True,True,,False,False,False,True
3291,2014Mameng2_040,2014Mameng2,122,1.0,True,True,,False,False,False,True
3292,2014Mameng2_041,2014Mameng2,122,1.0,True,True,,False,False,False,True
3293,2014Mameng2_042,2014Mameng2,122,1.0,True,True,,False,False,False,True
3294,2014Mameng2_043,2014Mameng2,122,1.0,True,True,,False,False,False,True
3295,2014Mameng2_044,2014Mameng2,122,1.0,True,True,,False,False,False,True
3296,2014Mameng2_045,2014Mameng2,122,1.0,True,True,,False,False,False,True
3297,2014Mameng2_046,2014Mameng2,122,1.0,True,True,,False,False,False,True
3298,2014Mameng2_047,2014Mameng2,122,1.0,True,True,,False,False,False,True
3299,2014Mameng2_048,2014Mameng2,122,1.0,True,True,,False,False,False,True
3300,2014Mameng2_049,2014Mameng2,122,1.0,True,True,,False,False,False,True
3301,2014Mameng2_050,2014Mameng2,122,1.0,True,True,,False,False,False,True
3302,2014Mameng2_051,2014Mameng2,122,1.0,True,True,,False,False,False,True
3303,2014Mameng2_052,2014Mameng2,122,1.0,True,True,,False,False,False,True
3304,2014Mameng2_053,2014Mameng2,122,1.0,True,True,,False,False,False,True
3305,2014Mameng2_054,2014Mameng2,122,1.0,True,True,,False,False,False,True
3306,2014Mameng2_055,2014Mameng2,122,1.0,True,True,,False,False,False,True
3307,2014Mameng2_056,2014Mameng2,122,1.0,True,True,,False,False,False,True
3308,2014Mameng2_057,2014Mameng2,122,1.0,True,True,,False,False,False,True
3309,2014Mameng2_058,2014Mameng2,122,1.0,True,True,,False,False,False,True
3310,2014Mameng2_059,2014Mameng2,122,1.0,True,True,,False,False,False,True
3311,2014Mameng2_060,2014Mameng2,122,1.0,True,True,,False,False,False,True
3312,2014Mameng2_061,2014Mameng2,122,1.0,True,True,,False,False,False,True
3313,2014Mameng2_062,2014Mameng2,122,1.0,True,True,,False,False,False,True
3314,2014Mameng2_063,2014Mameng2,122,1.0,True,True,,False,False,False,True
3315,2014Mameng2_064,2014Mameng2,122,1.0,True,True,,False,False,False,True
3316,2014Mameng2_065,2014Mameng2,122,1.0,True,True,,False,False,False,True
3317,2014Mameng2_066,2014Mameng2,122,1.0,True,True,,False,False,False,True
3318,2014Mameng2_067,2014Mameng2,122,1.0,True,True,,False,False,False,True
3319,2014Mameng2_068,2014Mameng2,122,1.0,True,True,,False,False,False,True
3320,2014Mameng2_069,2014Mameng2,122,1.0,True,True,,False,False,False,True
3321,2014Mameng2_070,2014Mameng2,122,1.0,True,True,,False,False,False,True
3322,2014Mameng2_071,2014Mameng2,122,1.0,True,True,,False,False,False,True
3323,2014Mameng2_072,2014Mameng2,122,1.0,True,True,,False,False,False,True
3324,2014Mameng2_073,2014Mameng2,122,1.0,True,True,,False,False,False,True
3325,2014Mameng2_074,2014Mameng2,122,1.0,True,True,,False,False,False,True
3326,2014Mameng2_075,2014Mameng2,122,1.0,True,True,,False,False,False,True
3327,2014Mameng2_076,2014Mameng2,122,1.0,True,True,,False,False,False,True
3328,2014Mameng2_077,2014Mameng2,122,1.0,True,True,,False,False,False,True
3329,2014Mameng2_078,2014Mameng2,122,1.0,True,True,,False,False,False,True
3330,2014Mameng2_079,2014Mameng2,122,1.0,True,True,,False,False,False,True
3331,2014Mameng2_080,2014Mameng2,122,1.0,True,True,,False,False,False,True
3332,2014Mameng2_081,2014Mameng2,122,1.0,True,True,,False,False,False,True
3333,2014Mameng2_082,2014Mameng2,122,1.0,True,True,,False,False,False,True
3334,2014Mameng2_083,2014Mameng2,122,1.0,True,True,,False,False,False,True
3335,2014Mameng2_084,2014Mameng2,122,1.0,True,True,,False,False,False,True
3336,2014Mameng2_085,2014Mameng2,122,1.0,True,True,,False,False,False,True
3337,2014Mameng2_086,2014Mameng2,122,1.0,True,True,,False,False,False,True
3338,2014Mameng2_087,2014Mameng2,122,1.0,True,True,,False,False,False,True
3339,2014Mameng2_088,2014Mameng2,122,1.0,True,True,,False,False,False,True
3340,2014Mameng2_089,2014Mameng2,122,1.0,True,True,,False,False,False,True
3341,2014Mameng2_090,2014Mameng2,122,1.0,True,True,,False,False,False,True
3342,2014Mameng2_091,2014Mameng2,122,1.0,True,True,,False,False,False,True
3343,2014Mameng2_092,2014Mameng2,122,1.0,True,True,,False,False,False,True
3344,2014Mameng2_093,2014Mameng2,122,1.0,True,True,,False,False,False,True
3345,2014Mameng2_094,2014Mameng2,122,1.0,True,True,,False,False,False,True
3346,2014Mameng2_095,2014Mameng2,122,1.0,True,True,,False,False,False,True
3347,2014Mameng2_096,2014Mameng2,122,1.0,True,True,,False,False,False,True
3348,2014Mameng2_097,2014Mameng2,122,1.0,True,True,,False,False,False,True
3349,2014Mameng2_098,2014Mameng2,122,1.0,True,True,,False,False,False,True
3350,2014Mameng2_099,2014Mameng2,122,1.0,True,True,,False,False,False,True
3351,2014Mameng2_100,2014Mameng2,122,1.0,True,True,,False,False,False,True
3352,2014Mameng2_101,2014Mameng2,122,1.0,True,True,,False,False,False,True
3353,2014Mameng2_102,2014Mameng2,122,1.0,True,True,,False,False,False,True
3354,2014Mameng2_103,2014Mameng2,122,1.0,True,True,,False,False,False,True
3355,2014Mameng2_104,2014Mameng2,122,1.0,True,True,,False,False,False,True
3356,2014Mameng2_105,2014Mameng2,122,1.0,True,True,,False,False,False,True
3357,2014Mameng2_106,2014Mameng2,122,1.0,True,True,,False,False,False,True
3358,2014Mameng2_107,2014Mameng2,122,1.0,True,True,,False,False,False,True
3359,2014Mameng2_108,2014Mameng2,122,1.0,True,True,,False,False,False,True
3360,2014Mameng2_109,2014Mameng2,122,1.0,True,True,,False,False,False,True
3361,2014Mameng2_110,2014Mameng2,122,1.0,True,True,,False,False,False,True
3362,2014Mameng2_111,2014Mameng2,122,1.0,True,True,,False,False,False,True
3363,2014Mameng2_112,2014Mameng2,122,1.0,True,True,,False,False,False,True
3364,2014Mameng2_113,2014Mameng2,122,1.0,True,True,,False,False,False,True
3365,2014Mameng2_114,2014Mameng2,122,1.0,True,True,,False,False,False,True
3366,2014Mameng2_115,2014Mameng2,122,1.0,True,True,,False,False,False,True
3367,2014Mameng2_116,2014Mameng2,122,1.0,True,True,,False,False,False,True
3368,2014Mameng2_117,2014Mameng2,122,1.0,True,True,,False,False,False,True
3369,2014Mameng2_118,2014Mameng2,122,1.0,True,True,,False,False,False,True
3370,2014Mameng2_119,2014Mameng2,122,1.0,True,True,,False,False,False,True
3371,2014Mameng2_120,2014Mameng2,122,1.0,True,True,,False,False,False,True
3372,2014Mameng2_121,2014Mameng2,122,0.0,True,False,,False,False,False,False
3373,2014Mameng2_122,2014Mameng2,122,0.0,True,False,,False,False,False,False
3374,2014Mameng2_123,2014Mameng2,122,0.0,True,False,,False,False,False,False
3375,2014Mameng2_124,2014Mameng2,122,0.0,True,False,,False,False,False,False
3376,2014Mameng2_125,2014Mameng2,122,0.0,True,False,,False,False,False,False
3377,2014Mameng2_126,2014Mameng2,122,0.0,True,False,,False,False,False,False
3378,2014Mameng2_127,2014Mameng2,122,0.0,True,False,,False,False,False,False
3379,2014Mameng2_128,2014Mameng2,122,1.0,True,True,,False,False,False,True
3380,2014Mameng2_129,2014Mameng2,122,0.0,True,False,,False,False,False,False
3381,2014Mameng2_130,2014Mameng2,122,1.0,True,True,,False,False,False,True
3382,2014Mameng2_131,2014Mameng2,122,1.0,True,True,,False,False,False,True
3383,2014Mameng2_132,2014Mameng2,122,1.0,True,True,,False,False,False,True
3384,2014Mameng2_133,2014Mameng2,122,1.0,True,True,,False,False,False,True
3385,2014Mameng2_134,2014Mameng2,122,1.0,True,True,,False,False,False,True
3386,2014Mameng2_135,2014Mameng2,122,1.0,True,True,,False,False,False,True
3387,2014Mameng2_136,2014Mameng2,122,1.0,True,True,,False,False,False,True
3388,2014Mameng2_137,2014Mameng2,122,0.0,True,False,,False,False,False,False
3389,2014Mameng2_138,2014Mameng2,122,0.0,True,False,,False,False,False,False
3390,2014Mameng2_139,2014Mameng2,122,0.0,True,False,,False,False,False,False
3391,2014Mameng2_140,2014Mameng2,122,1.0,True,True,,False,False,False,True
3392,2014Mameng2_141,2014Mameng2,122,1.0,True,True,,False,False,False,True
3393,2014Mameng2_142,2014Mameng2,122,1.0,True,True,,False,False,False,True
3394,2014Mameng2_143,2014Mameng2,122,1.0,True,True,,False,False,False,True
3395,2014Mameng2_144,2014Mameng2,122,1.0,True,True,,False,False,False,True
3396,2014Mameng2_145,2014Mameng2,122,1.0,True,True,,False,False,False,True
3397,2014Mameng2_146,2014Mameng2,122,1.0,True,True,,False,False,False,True
3398,2014Mameng2_147,2014Mameng2,122,1.0,True,True,,False,False,False,True
3399,2014Mameng2_148,2014Mameng2,122,1.0,True,True,,False,False,False,True
3400,2014Mameng2_149,2014Mameng2,122,1.0,True,True,,False,False,False,True
3401,2014Mameng2_150,2014Mameng2,122,1.0,True,True,,False,False,False,True
3402,2014Mameng2_151,2014Mameng2,122,1.0,True,True,,False,False,False,True
3403,2014Mameng2_152,2014Mameng2,122,1.0,True,True,,False,False,False,True
3404,2014Mameng2_153,2014Mameng2,122,0.0,True,False,,False,False,False,False
3405,2014Mameng2_154,2014Mameng2,122,0.0,True,False,,False,False,False,False
3406,2014Mameng2_155,2014Mameng2,122,1.0,True,True,,False,False,False,True
3407,2014Mameng2_156,2014Mameng2,122,1.0,True,True,,False,False,False,True
3408,2014Mameng2_157,2014Mameng2,122,1.0,True,True,,False,False,False,True
3409,2014Mameng2_158,2014Mameng2,122,1.0,True,True,,False,False,False,True
3410,2014Mameng2_159,2014Mameng2,122,1.0,True,True,,False,False,False,True
3411,2014Mameng2_160,2014Mameng2,122,1.0,True,True,,False,False,False,True
3412,2014Mameng2_161,2014Mameng2,122,1.0,True,True,,False,False,False,True
3413,2014Mameng2_162,2014Mameng2,122,1.0,True,True,,False,False,False,True
3414,2014Mameng2_163,2014Mameng2,122,1.0,True,True,,False,False,False,True
3415,2014Mameng2_164,2014Mameng2,122,1.0,True,True,,False,False,False,True
3416,2014Mameng2_165,2014Mameng2,122,1.0,True,True,,False,False,False,True
3417,2014Mameng2_166,2014Mameng2,122,1.0,True,True,,False,False,False,True
3418,2014Mameng2_167,2014Mameng2,122,1.0,True,True,,False,False,False,True
3419,2014Mameng2_168,2014Mameng2,122,1.0,True,True,,False,False,False,True
3420,2014Mameng2_169,2014Mameng2,122,0.0,True,False,,False,False,False,False
3421,2014Mameng2_170,2014Mameng2,122,0.0,True,False,,False,False,False,False
3422,2014Mameng2_171,2014Mameng2,122,1.0,True,True,,False,False,False,True
3423,2014Mameng2_172,2014Mameng2,122,1.0,True,True,,False,False,False,True
3424,2014Mameng2_173,2014Mameng2,122,1.0,True,True,,False,False,False,True
3425,2014Mameng2_174,2014Mameng2,122,1.0,True,True,,False,False,False,True
3426,2014Mameng2_175,2014Mameng2,122,1.0,True,True,,False,False,False,True
3427,2014Mameng2_176,2014Mameng2,122,1.0,True,True,,False,False,False,True
3428,2014Mameng2_177,2014Mameng2,122,1.0,True,True,,False,False,False,True
3429,2014Mameng2_178,2014Mameng2,122,1.0,True,True,,False,False,False,True
3430,2014Mameng2_179,2014Mameng2,122,1.0,True,True,,False,False,False,True
3431,2014Mameng2_180,2014Mameng2,122,1.0,True,True,,False,False,False,True
3432,2014Mameng2_181,2014Mameng2,122,1.0,True,True,,False,False,False,True
3433,2014Mameng2_182,2014Mameng2,122,1.0,True,True,,False,False,False,True
3434,2014Mameng2_183,2014Mameng2,122,1.0,True,True,,False,False,False,True
3435,2014Mameng2_184,2014Mameng2,122,1.0,True,True,,False,False,False,True
3436,2014Mameng2_185,2014Mameng2,122,0.0,True,False,,False,False,False,False
3437,2014Mameng2_186,2014Mameng2,122,0.0,True,False,,False,False,False,False
3438,2014Mameng2_187,2014Mameng2,122,1.0,True,True,,False,False,False,True
3439,2014Mameng2_188,2014Mameng2,122,1.0,True,True,,False,False,False,True
3440,2014Mameng2_189,2014Mameng2,122,1.0,True,True,,False,False,False,True
3441,2014Mameng2_190,2014Mameng2,122,1.0,True,True,,False,False,False,True
3442,2014Mameng2_191,2014Mameng2,122,1.0,True,True,,False,False,False,True
3443,2014Mameng2_192,2014Mameng2,122,1.0,True,True,,False,False,False,True
3444,2014Mameng2_193,2014Mameng2,122,1.0,True,True,,False,False,False,True
3445,2014Mameng2_194,2014Mameng2,122,1.0,True,True,,False,False,False,True
3446,2014Mameng2_195,2014Mameng2,122,1.0,True,True,,False,False,False,True
3447,2014Mameng2_196,2014Mameng2,122,1.0,True,True,,False,False,False,True
3448,2014Mameng2_197,2014Mameng2,122,1.0,True,True,,False,False,False,True
3449,2014Mameng2_198,2014Mameng2,122,1.0,True,True,,False,False,False,True
3450,2014Mameng2_199,2014Mameng2,122,1.0,True,True,,False,False,False,True
3451,2014Mameng2_200,2014Mameng2,122,1.0,True,True,,False,False,False,True
3452,2014Mameng2_201,2014Mameng2,122,1.0,True,True,,False,False,False,True
3453,2014Mameng2_202,2014Mameng2,122,1.0,True,True,,False,False,False,True
3454,2014Mameng2_203,2014Mameng2,122,1.0,True,True,,False,False,False,True
3455,2014Mameng2_204,2014Mameng2,122,1.0,True,True,,False,False,False,True
3456,2014Mameng2_205,2014Mameng2,122,1.0,True,True,,False,False,False,True
3457,2014Mameng2_206,2014Mameng2,122,1.0,True,True,,False,False,False,True
3458,2014Mameng2_207,2014Mameng2,122,1.0,True,True,,False,False,False,True
3459,2014Mameng2_208,2014Mameng2,122,1.0,True,True,,False,False,False,True
3460,2014Mameng2_209,2014Mameng2,122,1.0,True,True,,False,False,False,True
3461,2014Mameng2_210,2014Mameng2,122,1.0,True,True,,False,False,False,True
3462,2014Mameng2_211,2014Mameng2,122,1.0,True,True,,False,False,False,True
3463,2014Mameng2_212,2014Mameng2,122,1.0,True,True,,False,False,False,True
3464,2014Mameng2_213,2014Mameng2,122,1.0,True,True,,False,False,False,True
3465,2014Mameng2_214,2014Mameng2,122,1.0,True,True,,False,False,False,True
3466,2014Mameng2_215,2014Mameng2,122,1.0,True,True,,False,False,False,True
3467,2014Mameng2_216,2014Mameng2,122,1.0,True,True,,False,False,False,True
3468,2014Mameng2_217,2014Mameng2,122,1.0,True,True,,False,False,False,True
3469,2014Mameng2_218,2014Mameng2,122,1.0,True,True,,False,False,False,True
3470,2014Mameng2_219,2014Mameng2,122,1.0,True,True,,False,False,False,True
3471,2014Mameng2_220,2014Mameng2,122,1.0,True,True,,False,False,False,True
3472,2014Mameng2_221,2014Mameng2,122,1.0,True,True,,False,False,False,True
3473,2014Mameng2_222,2014Mameng2,122,1.0,True,True,,False,False,False,True
3474,2014Mameng2_223,2014Mameng2,122,1.0,True,True,,False,False,False,True
3475,2014Mameng2_224,2014Mameng2,122,1.0,True,True,,False,False,False,True
3476,2014Mameng2_225,2014Mameng2,122,1.0,True,True,,False,False,False,True
3477,2014Mameng2_226,2014Mameng2,122,1.0,True,True,,False,False,False,True
3478,2014Mameng2_227,2014Mameng2,122,1.0,True,True,,False,False,False,True
3479,2014Mameng2_228,2014Mameng2,122,1.0,True,True,,False,False,False,True
3480,2014Mameng2_229,2014Mameng2,122,1.0,True,True,,False,False,False,True
3481,2014Mameng2_230,2014Mameng2,122,1.0,True,True,,False,False,False,True
3482,2014Mameng2_231,2014Mameng2,122,1.0,True,True,,False,False,False,True
3483,2014Mameng2_232,2014Mameng2,122,1.0,True,True,,False,False,False,True
3484,2014Mameng2_233,2014Mameng2,122,1.0,True,True,,False,False,False,True
3485,2014Mameng2_234,2014Mameng2,122,1.0,True,True,,False,False,False,True
3486,2014Mameng2_235,2014Mameng2,122,1.0,True,True,,False,False,False,True
3487,2014Mameng2_236,2014Mameng2,122,1.0,True,True,,False,False,False,True
3488,2014Mameng2_237,2014Mameng2,122,1.0,True,True,,False,False,False,True
3489,2014Mameng2_238,2014Mameng2,122,1.0,True,True,,False,False,False,True
3490,2014Mameng2_239,2014Mameng2,122,1.0,True,True,,False,False,False,True
3491,2014Mameng2_240,2014Mameng2,122,1.0,True,True,,False,False,False,True
3492,2014Mameng2_241,2014Mameng2,122,1.0,True,True,,False,False,False,True
3493,2014Mendez01,2014Mendez,123,1.0,True,True,10.5772/57275,False,False,False,True
3494,2014Mendez02,2014Mendez,123,1.0,True,True,10.5772/57275,False,False,False,True
3495,2014Mendez03,2014Mendez,123,1.0,True,True,10.5772/57275,False,False,False,True
3496,2014Mendez04,2014Mendez,123,1.0,True,True,10.5772/57275,False,False,False,True
3497,2014Mendez05,2014Mendez,123,1.0,True,True,10.5772/57275,False,False,False,True
3498,2014Mendez06,2014Mendez,123,1.0,True,True,10.5772/57275,False,False,False,True
3499,2014Mendez07,2014Mendez,123,1.0,True,True,10.5772/57275,False,False,False,True
3500,2014Mendez08,2014Mendez,123,1.0,True,True,10.5772/57275,False,False,False,True
3501,2014Mendez09,2014Mendez,123,1.0,True,True,10.5772/57275,False,False,False,True
3502,2014Mendez10,2014Mendez,123,1.0,True,True,10.5772/57275,False,False,False,True
3503,2014Mendez11,2014Mendez,123,1.0,True,True,10.5772/57275,False,False,False,True
3504,2014Mendez12,2014Mendez,123,1.0,True,True,10.5772/57275,False,False,False,True
3505,2014Mendez13,2014Mendez,123,1.0,True,True,10.5772/57275,False,False,False,True
3506,2014Mendez14,2014Mendez,123,1.0,True,True,10.5772/57275,False,False,False,True
3507,2014Mendez15,2014Mendez,123,1.0,True,True,10.5772/57275,False,False,False,True
3508,2014Mendez16,2014Mendez,123,1.0,True,True,10.5772/57275,False,False,False,True
3509,2014Mendez17,2014Mendez,123,1.0,True,True,10.5772/57275,False,False,False,True
3510,2014Mendez18,2014Mendez,123,1.0,True,True,10.5772/57275,False,False,False,True
3511,2014Mendez19,2014Mendez,123,1.0,True,True,10.5772/57275,False,False,False,True
3512,2014Mendez20,2014Mendez,123,1.0,True,True,10.5772/57275,False,False,False,True
3513,2014Mendez21,2014Mendez,123,1.0,True,True,10.5772/57275,False,False,False,True
3514,2014Mendez22,2014Mendez,123,1.0,True,True,10.5772/57275,False,False,False,True
3515,2014Mendez23,2014Mendez,123,1.0,True,True,10.5772/57275,False,False,False,True
3516,2014Mendez24,2014Mendez,123,1.0,True,True,10.5772/57275,False,False,False,True
3517,2014Mendez25,2014Mendez,123,1.0,True,True,10.5772/57275,False,False,False,True
3518,2014Mendez26,2014Mendez,123,1.0,True,True,10.5772/57275,False,False,False,True
3519,2014Mendez27,2014Mendez,123,1.0,True,True,10.5772/57275,False,False,False,True
3520,2014Mendez28,2014Mendez,123,1.0,True,True,10.5772/57275,False,False,False,True
3521,2014Mendez29,2014Mendez,123,1.0,True,True,10.5772/57275,False,False,False,True
3522,2014Mendez30,2014Mendez,123,1.0,True,True,10.5772/57275,False,False,False,True
3523,2014Mendez31,2014Mendez,123,1.0,True,True,10.5772/57275,False,False,False,True
3524,2014Mendez32,2014Mendez,123,1.0,True,True,10.5772/57275,False,False,False,True
3525,2014Mendez33,2014Mendez,123,1.0,True,True,10.5772/57275,False,False,False,True
3526,2014Mendez34,2014Mendez,123,1.0,True,True,10.5772/57275,False,False,False,True
3527,2014Mendez35,2014Mendez,123,1.0,True,True,10.5772/57275,False,False,False,True
3528,2014Mendez36,2014Mendez,123,1.0,True,True,10.5772/57275,False,False,False,True
3529,2014Tang01,2014Tang,124,0.0,True,False,10.1016/j.corsci.2013.11.015,False,False,False,False
3530,2014Tang02,2014Tang,124,0.0,True,False,10.1016/j.corsci.2013.11.015,False,False,False,False
3531,2014Tang03,2014Tang,124,0.0,True,False,10.1016/j.corsci.2013.11.015,False,False,False,False
3532,2014Tang04,2014Tang,124,0.0,True,False,10.1016/j.corsci.2013.11.015,False,False,False,False
3533,2014Tang05,2014Tang,124,0.0,True,False,10.1016/j.corsci.2013.11.015,False,False,False,False
3534,2014Tang06,2014Tang,124,0.0,True,False,10.1016/j.corsci.2013.11.015,False,False,False,False
3535,2014Tang07,2014Tang,124,0.0,True,False,10.1016/j.corsci.2013.11.015,False,False,False,False
3536,2014Tang08,2014Tang,124,0.0,True,False,10.1016/j.corsci.2013.11.015,False,False,False,False
3537,2014Tang09,2014Tang,124,1.0,True,True,10.1016/j.corsci.2013.11.015,False,False,False,True
3538,2014Tang10,2014Tang,124,1.0,True,True,10.1016/j.corsci.2013.11.015,False,False,False,True
3539,2014Tang11,2014Tang,124,1.0,True,True,10.1016/j.corsci.2013.11.015,False,False,False,True
3540,2014Tang12,2014Tang,124,1.0,True,True,10.1016/j.corsci.2013.11.015,False,False,False,True
3541,2014Tang13,2014Tang,124,1.0,True,True,10.1016/j.corsci.2013.11.015,False,False,False,True
3542,2014Tang14,2014Tang,124,1.0,True,True,10.1016/j.corsci.2013.11.015,False,False,False,True
3543,2014Tang15,2014Tang,124,1.0,True,True,10.1016/j.corsci.2013.11.015,False,False,False,True
3544,2014Tang16,2014Tang,124,1.0,True,True,10.1016/j.corsci.2013.11.015,False,False,False,True
3545,2014Tang17,2014Tang,124,1.0,True,True,10.1016/j.corsci.2013.11.015,False,False,False,True
3546,2014Tang18,2014Tang,124,1.0,True,True,10.1016/j.corsci.2013.11.015,False,False,False,True
3547,2014Tang19,2014Tang,124,1.0,True,True,10.1016/j.corsci.2013.11.015,False,False,False,True
3548,2014Tang20,2014Tang,124,1.0,True,True,10.1016/j.corsci.2013.11.015,False,False,False,True
3549,2014Tang21,2014Tang,124,1.0,True,True,10.1016/j.corsci.2013.11.015,False,False,False,True
3550,2014Tang22,2014Tang,124,1.0,True,True,10.1016/j.corsci.2013.11.015,False,False,False,True
3551,2014Tang23,2014Tang,124,1.0,True,True,10.1016/j.corsci.2013.11.015,False,False,False,True
3552,2014Tang24,2014Tang,124,1.0,True,True,10.1016/j.corsci.2013.11.015,False,False,False,True
3553,2014Tang25,2014Tang,124,0.0,True,False,10.1016/j.corsci.2013.11.015,False,False,False,False
3554,2014Tang26,2014Tang,124,1.0,True,True,10.1016/j.corsci.2013.11.015,False,False,False,True
3555,2014Tang27,2014Tang,124,1.0,True,True,10.1016/j.corsci.2013.11.015,False,False,False,True
3556,2014Tang28,2014Tang,124,1.0,True,True,10.1016/j.corsci.2013.11.015,False,False,False,True
3557,2014Tang29,2014Tang,124,1.0,True,True,10.1016/j.corsci.2013.11.015,False,False,False,True
3558,2014Tang30,2014Tang,124,1.0,True,True,10.1016/j.corsci.2013.11.015,False,False,False,True
3559,2014Tang31,2014Tang,124,1.0,True,True,10.1016/j.corsci.2013.11.015,False,False,False,True
3560,2014Tang32,2014Tang,124,1.0,True,True,10.1016/j.corsci.2013.11.015,False,False,False,True
3561,2014Tang33,2014Tang,124,1.0,True,True,10.1016/j.corsci.2013.11.015,False,False,False,True
3562,2014Tang34,2014Tang,124,1.0,True,True,10.1016/j.corsci.2013.11.015,False,False,False,True
3563,2014Tang35,2014Tang,124,1.0,True,True,10.1016/j.corsci.2013.11.015,False,False,False,True
3564,2014Tang36,2014Tang,124,1.0,True,True,10.1016/j.corsci.2013.11.015,False,False,False,True
3565,2014Tang37,2014Tang,124,1.0,True,True,10.1016/j.corsci.2013.11.015,False,False,False,True
3566,2014Tang38,2014Tang,124,1.0,True,True,10.1016/j.corsci.2013.11.015,False,False,False,True
3567,2014Tang39,2014Tang,124,1.0,True,True,10.1016/j.corsci.2013.11.015,False,False,False,True
3568,2014Tang40,2014Tang,124,1.0,True,True,10.1016/j.corsci.2013.11.015,False,False,False,True
3569,2014Tang41,2014Tang,124,1.0,True,True,10.1016/j.corsci.2013.11.015,False,False,False,True
3570,2014Tang42,2014Tang,124,1.0,True,True,10.1016/j.corsci.2013.11.015,False,False,False,True
3571,2014Tang43,2014Tang,124,1.0,True,True,10.1016/j.corsci.2013.11.015,False,False,False,True
3572,2014Tang44,2014Tang,124,1.0,True,True,10.1016/j.corsci.2013.11.015,False,False,False,True
3573,2014Tang45,2014Tang,124,1.0,True,True,10.1016/j.corsci.2013.11.015,False,False,False,True
3574,2014Tang46,2014Tang,124,1.0,True,True,10.1016/j.corsci.2013.11.015,False,False,False,True
3575,2014Tang47,2014Tang,124,1.0,True,True,10.1016/j.corsci.2013.11.015,False,False,False,True
3576,2014Tang48,2014Tang,124,1.0,True,True,10.1016/j.corsci.2013.11.015,False,False,False,True
3577,2014Tang49,2014Tang,124,1.0,True,True,10.1016/j.corsci.2013.11.015,False,False,False,True
3578,2014Tang50,2014Tang,124,1.0,True,True,10.1016/j.corsci.2013.11.015,False,False,False,True
3579,2014Tang51,2014Tang,124,1.0,True,True,10.1016/j.corsci.2013.11.015,False,False,False,True
3580,2014Tang52,2014Tang,124,1.0,True,True,10.1016/j.corsci.2013.11.015,False,False,False,True
3581,2014Tang53,2014Tang,124,1.0,True,True,10.1016/j.corsci.2013.11.015,False,False,False,True
3582,2014Tang54,2014Tang,124,1.0,True,True,10.1016/j.corsci.2013.11.015,False,False,False,True
3583,2014Tang55,2014Tang,124,1.0,True,True,10.1016/j.corsci.2013.11.015,False,False,False,True
3584,2014Tang56,2014Tang,124,1.0,True,True,10.1016/j.corsci.2013.11.015,False,False,False,True
3585,2014Tang57,2014Tang,124,1.0,True,True,10.1016/j.corsci.2013.11.015,False,False,False,True
3586,2014Tang58,2014Tang,124,1.0,True,True,10.1016/j.corsci.2013.11.015,False,False,False,True
3587,2014Tang59,2014Tang,124,1.0,True,True,10.1016/j.corsci.2013.11.015,False,False,False,True
3588,2014Tang60,2014Tang,124,1.0,True,True,10.1016/j.corsci.2013.11.015,False,False,False,True
3589,2014Zhou01,2014Zhou,125,1.0,True,True,10.1038/srep03604,False,False,False,True
3590,2014Zhou10,2014Zhou,125,1.0,True,True,10.1038/srep03604,False,False,False,True
3591,2014Zhou11,2014Zhou,125,1.0,True,True,10.1038/srep03604,False,False,False,True
3592,2014Zhou12,2014Zhou,125,1.0,True,True,10.1038/srep03604,False,False,False,True
3593,2014Zhou13,2014Zhou,125,1.0,True,True,10.1038/srep03604,False,False,False,True
3594,2014Zhou14,2014Zhou,125,1.0,True,True,10.1038/srep03604,False,False,False,True
3595,2014Zhou15,2014Zhou,125,1.0,True,True,10.1038/srep03604,False,False,False,True
3596,2014Zhou16,2014Zhou,125,1.0,True,True,10.1038/srep03604,False,False,False,True
3597,2014Zhou17,2014Zhou,125,1.0,True,True,10.1038/srep03604,False,False,False,True
3598,2014Zhou18,2014Zhou,125,1.0,True,True,10.1038/srep03604,False,False,False,True
3599,2014Zhou19,2014Zhou,125,1.0,True,True,10.1038/srep03604,False,False,False,True
3600,2014Zhou02,2014Zhou,125,1.0,True,True,10.1038/srep03604,False,False,False,True
3601,2014Zhou20,2014Zhou,125,1.0,True,True,10.1038/srep03604,False,False,False,True
3602,2014Zhou21,2014Zhou,125,1.0,True,True,10.1038/srep03604,False,False,False,True
3603,2014Zhou22,2014Zhou,125,1.0,True,True,10.1038/srep03604,False,False,False,True
3604,2014Zhou23,2014Zhou,125,1.0,True,True,10.1038/srep03604,False,False,False,True
3605,2014Zhou24,2014Zhou,125,1.0,True,True,10.1038/srep03604,False,False,False,True
3606,2014Zhou25,2014Zhou,125,1.0,True,True,10.1038/srep03604,False,False,False,True
3607,2014Zhou26,2014Zhou,125,1.0,True,True,10.1038/srep03604,False,False,False,True
3608,2014Zhou27,2014Zhou,125,1.0,True,True,10.1038/srep03604,False,False,False,True
3609,2014Zhou28,2014Zhou,125,1.0,True,True,10.1038/srep03604,False,False,False,True
3610,2014Zhou29,2014Zhou,125,1.0,True,True,10.1038/srep03604,False,False,False,True
3611,2014Zhou03,2014Zhou,125,1.0,True,True,10.1038/srep03604,False,False,False,True
3612,2014Zhou30,2014Zhou,125,1.0,True,True,10.1038/srep03604,False,False,False,True
3613,2014Zhou31,2014Zhou,125,1.0,True,True,10.1038/srep03604,False,False,False,True
3614,2014Zhou32,2014Zhou,125,1.0,True,True,10.1038/srep03604,False,False,False,True
3615,2014Zhou33,2014Zhou,125,1.0,True,True,10.1038/srep03604,False,False,False,True
3616,2014Zhou34,2014Zhou,125,1.0,True,True,10.1038/srep03604,False,False,False,True
3617,2014Zhou35,2014Zhou,125,1.0,True,True,10.1038/srep03604,False,False,False,True
3618,2014Zhou36,2014Zhou,125,1.0,True,True,10.1038/srep03604,False,False,False,True
3619,2014Zhou37,2014Zhou,125,1.0,True,True,10.1038/srep03604,False,False,False,True
3620,2014Zhou38,2014Zhou,125,1.0,True,True,10.1038/srep03604,False,False,False,True
3621,2014Zhou39,2014Zhou,125,1.0,True,True,10.1038/srep03604,False,False,False,True
3622,2014Zhou04,2014Zhou,125,1.0,True,True,10.1038/srep03604,False,False,False,True
3623,2014Zhou40,2014Zhou,125,1.0,True,True,10.1038/srep03604,False,False,False,True
3624,2014Zhou41,2014Zhou,125,1.0,True,True,10.1038/srep03604,False,False,False,True
3625,2014Zhou42,2014Zhou,125,1.0,True,True,10.1038/srep03604,False,False,False,True
3626,2014Zhou43,2014Zhou,125,1.0,True,True,10.1038/srep03604,False,False,False,True
3627,2014Zhou44,2014Zhou,125,1.0,True,True,10.1038/srep03604,False,False,False,True
3628,2014Zhou45,2014Zhou,125,1.0,True,True,10.1038/srep03604,False,False,False,True
3629,2014Zhou46,2014Zhou,125,1.0,True,True,10.1038/srep03604,False,False,False,True
3630,2014Zhou47,2014Zhou,125,1.0,True,True,10.1038/srep03604,False,False,False,True
3631,2014Zhou48,2014Zhou,125,1.0,True,True,10.1038/srep03604,False,False,False,True
3632,2014Zhou49,2014Zhou,125,1.0,True,True,10.1038/srep03604,False,False,False,True
3633,2014Zhou05,2014Zhou,125,1.0,True,True,10.1038/srep03604,False,False,False,True
3634,2014Zhou50,2014Zhou,125,1.0,True,True,10.1038/srep03604,False,False,False,True
3635,2014Zhou51,2014Zhou,125,1.0,True,True,10.1038/srep03604,False,False,False,True
3636,2014Zhou52,2014Zhou,125,1.0,True,True,10.1038/srep03604,False,False,False,True
3637,2014Zhou53,2014Zhou,125,1.0,True,True,10.1038/srep03604,False,False,False,True
3638,2014Zhou54,2014Zhou,125,1.0,True,True,10.1038/srep03604,False,False,False,True
3639,2014Zhou55,2014Zhou,125,1.0,True,True,10.1038/srep03604,False,False,False,True
3640,2014Zhou56,2014Zhou,125,1.0,True,True,10.1038/srep03604,False,False,False,True
3641,2014Zhou57,2014Zhou,125,1.0,True,True,10.1038/srep03604,False,False,False,True
3642,2014Zhou58,2014Zhou,125,1.0,True,True,10.1038/srep03604,False,False,False,True
3643,2014Zhou59,2014Zhou,125,1.0,True,True,10.1038/srep03604,False,False,False,True
3644,2014Zhou06,2014Zhou,125,1.0,True,True,10.1038/srep03604,False,False,False,True
3645,2014Zhou60,2014Zhou,125,1.0,True,True,10.1038/srep03604,False,False,False,True
3646,2014Zhou61,2014Zhou,125,1.0,True,True,10.1038/srep03604,False,False,False,True
3647,2014Zhou62,2014Zhou,125,1.0,True,True,10.1038/srep03604,False,False,False,True
3648,2014Zhou63,2014Zhou,125,1.0,True,True,10.1038/srep03604,False,False,False,True
3649,2014Zhou64,2014Zhou,125,1.0,True,True,10.1038/srep03604,False,False,False,True
3650,2014Zhou65,2014Zhou,125,1.0,True,True,10.1038/srep03604,False,False,False,True
3651,2014Zhou66,2014Zhou,125,1.0,True,True,10.1038/srep03604,False,False,False,True
3652,2014Zhou67,2014Zhou,125,1.0,True,True,10.1038/srep03604,False,False,False,True
3653,2014Zhou68,2014Zhou,125,1.0,True,True,10.1038/srep03604,False,False,False,True
3654,2014Zhou69,2014Zhou,125,1.0,True,True,10.1038/srep03604,False,False,False,True
3655,2014Zhou07,2014Zhou,125,1.0,True,True,10.1038/srep03604,False,False,False,True
3656,2014Zhou70,2014Zhou,125,1.0,True,True,10.1038/srep03604,False,False,False,True
3657,2014Zhou71,2014Zhou,125,1.0,True,True,10.1038/srep03604,False,False,False,True
3658,2014Zhou72,2014Zhou,125,1.0,True,True,10.1038/srep03604,False,False,False,True
3659,2014Zhou73,2014Zhou,125,1.0,True,True,10.1038/srep03604,False,False,False,True
3660,2014Zhou74,2014Zhou,125,1.0,True,True,10.1038/srep03604,False,False,False,True
3661,2014Zhou75,2014Zhou,125,1.0,True,True,10.1038/srep03604,False,False,False,True
3662,2014Zhou76,2014Zhou,125,1.0,True,True,10.1038/srep03604,False,False,False,True
3663,2014Zhou77,2014Zhou,125,1.0,True,True,10.1038/srep03604,False,False,False,True
3664,2014Zhou78,2014Zhou,125,1.0,True,True,10.1038/srep03604,False,False,False,True
3665,2014Zhou79,2014Zhou,125,1.0,True,True,10.1038/srep03604,False,False,False,True
3666,2014Zhou08,2014Zhou,125,1.0,True,True,10.1038/srep03604,False,False,False,True
3667,2014Zhou80,2014Zhou,125,1.0,True,True,10.1038/srep03604,False,False,False,True
3668,2014Zhou81,2014Zhou,125,1.0,True,True,10.1038/srep03604,False,False,False,True
3669,2014Zhou82,2014Zhou,125,1.0,True,True,10.1038/srep03604,False,False,False,True
3670,2014Zhou83,2014Zhou,125,1.0,True,True,10.1038/srep03604,False,False,False,True
3671,2014Zhou84,2014Zhou,125,1.0,True,True,10.1038/srep03604,False,False,False,True
3672,2014Zhou85,2014Zhou,125,1.0,True,True,10.1038/srep03604,False,False,False,True
3673,2014Zhou86,2014Zhou,125,1.0,True,True,10.1038/srep03604,False,False,False,True
3674,2014Zhou87,2014Zhou,125,1.0,True,True,10.1038/srep03604,False,False,False,True
3675,2014Zhou09,2014Zhou,125,1.0,True,True,10.1038/srep03604,False,False,False,True
3676,2015AlAmeri01,2015AlAmeri,126,1.0,True,True,10.1016/j.corsci.2014.12.006,False,False,False,True
3677,2015AlAmeri02,2015AlAmeri,126,1.0,True,True,10.1016/j.corsci.2014.12.006,False,False,False,True
3678,2015AlAmeri03,2015AlAmeri,126,1.0,True,True,10.1016/j.corsci.2014.12.006,False,False,False,True
3679,2015AlAmeri04,2015AlAmeri,126,1.0,True,True,10.1016/j.corsci.2014.12.006,False,False,False,True
3680,2015AlAmeri05,2015AlAmeri,126,1.0,True,True,10.1016/j.corsci.2014.12.006,False,False,False,True
3681,2015AlAmeri06,2015AlAmeri,126,1.0,True,True,10.1016/j.corsci.2014.12.006,False,False,False,True
3682,2015AlAmeri07,2015AlAmeri,126,1.0,True,True,10.1016/j.corsci.2014.12.006,False,False,False,True
3683,2015AlAmeri08,2015AlAmeri,126,1.0,True,True,10.1016/j.corsci.2014.12.006,False,False,False,True
3684,2015AlAmeri09,2015AlAmeri,126,1.0,True,True,10.1016/j.corsci.2014.12.006,False,False,False,True
3685,2015AlAmeri10,2015AlAmeri,126,1.0,True,True,10.1016/j.corsci.2014.12.006,False,False,False,True
3686,2015AlAmeri11,2015AlAmeri,126,1.0,True,True,10.1016/j.corsci.2014.12.006,False,False,False,True
3687,2015AlAmeri12,2015AlAmeri,126,1.0,True,True,10.1016/j.corsci.2014.12.006,False,False,False,True
3688,2015AlAmeri13,2015AlAmeri,126,1.0,True,True,10.1016/j.corsci.2014.12.006,False,False,False,True
3689,2015Blackwood01,2015Blackwood,127,1.0,True,True,10.14773/cst.2015.14.6.25,False,False,False,True
3690,2015Blackwood02,2015Blackwood,127,1.0,True,True,10.14773/cst.2015.14.6.25,False,False,False,True
3691,2015Blackwood03,2015Blackwood,127,1.0,True,True,10.14773/cst.2015.14.6.25,False,False,False,True
3692,2015Blackwood04,2015Blackwood,127,1.0,True,True,10.14773/cst.2015.14.6.25,False,False,False,True
3693,2015Blackwood05,2015Blackwood,127,1.0,True,True,10.14773/cst.2015.14.6.25,False,False,False,True
3694,2015Blackwood06,2015Blackwood,127,1.0,True,True,10.14773/cst.2015.14.6.25,False,False,False,True
3695,2015Blackwood07,2015Blackwood,127,1.0,True,True,10.14773/cst.2015.14.6.25,False,False,False,True
3696,2015Blackwood08,2015Blackwood,127,1.0,True,True,10.14773/cst.2015.14.6.25,False,False,False,True
3697,2015Blackwood09,2015Blackwood,127,1.0,True,True,10.14773/cst.2015.14.6.25,False,False,False,True
3698,2015Blackwood10,2015Blackwood,127,1.0,True,True,10.14773/cst.2015.14.6.25,False,False,False,True
3699,2015Blackwood11,2015Blackwood,127,1.0,True,True,10.14773/cst.2015.14.6.25,False,False,False,True
3700,2015Blackwood12,2015Blackwood,127,1.0,True,True,10.14773/cst.2015.14.6.25,False,False,False,True
3701,2015Blackwood13,2015Blackwood,127,1.0,True,True,10.14773/cst.2015.14.6.25,False,False,False,True
3702,2015Blackwood14,2015Blackwood,127,1.0,True,True,10.14773/cst.2015.14.6.25,False,False,False,True
3703,2015Blackwood15,2015Blackwood,127,1.0,True,True,10.14773/cst.2015.14.6.25,False,False,False,True
3704,2015Blackwood16,2015Blackwood,127,1.0,True,True,10.14773/cst.2015.14.6.25,False,False,False,True
3705,2015Blackwood17,2015Blackwood,127,1.0,True,True,10.14773/cst.2015.14.6.25,False,False,False,True
3706,2015Blackwood18,2015Blackwood,127,1.0,True,True,10.14773/cst.2015.14.6.25,False,False,False,True
3707,2015Blackwood19,2015Blackwood,127,1.0,True,True,10.14773/cst.2015.14.6.25,False,False,False,True
3708,2015Hernandez01,2015Hernandez,128,1.0,True,True,10.1590/0370-44672015680002,False,False,False,True
3709,2015Hernandez02,2015Hernandez,128,1.0,True,True,10.1590/0370-44672015680002,False,False,False,True
3710,2015Hernandez03,2015Hernandez,128,1.0,True,True,10.1590/0370-44672015680002,False,False,False,True
3711,2015Hernandez04,2015Hernandez,128,1.0,True,True,10.1590/0370-44672015680002,False,False,False,True
3712,2015Hernandez05,2015Hernandez,128,1.0,True,True,10.1590/0370-44672015680002,False,False,False,True
3713,2015Hernandez06,2015Hernandez,128,1.0,True,True,10.1590/0370-44672015680002,False,False,False,True
3714,2015Hernandez07,2015Hernandez,128,1.0,True,True,10.1590/0370-44672015680002,False,False,False,True
3715,2015Hernandez08,2015Hernandez,128,1.0,True,True,10.1590/0370-44672015680002,False,False,False,True
3716,2015Hernandez09,2015Hernandez,128,1.0,True,True,10.1590/0370-44672015680002,False,False,False,True
3717,2015Hernandez10,2015Hernandez,128,1.0,True,True,10.1590/0370-44672015680002,False,False,False,True
3718,2015Hernandez11,2015Hernandez,128,1.0,True,True,10.1590/0370-44672015680002,False,False,False,True
3719,2015Hernandez12,2015Hernandez,128,1.0,True,True,10.1590/0370-44672015680002,False,False,False,True
3720,2015Hernandez13,2015Hernandez,128,1.0,True,True,10.1590/0370-44672015680002,False,False,False,True
3721,2015Hernandez14,2015Hernandez,128,1.0,True,True,10.1590/0370-44672015680002,False,False,False,True
3722,2015Hernandez15,2015Hernandez,128,1.0,True,True,10.1590/0370-44672015680002,False,False,False,True
3723,2015Hernandez16,2015Hernandez,128,1.0,True,True,10.1590/0370-44672015680002,False,False,False,True
3724,2015Hernandez17,2015Hernandez,128,1.0,True,True,10.1590/0370-44672015680002,False,False,False,True
3725,2015Hernandez18,2015Hernandez,128,1.0,True,True,10.1590/0370-44672015680002,False,False,False,True
3726,2015Hernandez19,2015Hernandez,128,1.0,True,True,10.1590/0370-44672015680002,False,False,False,True
3727,2015Hernandez20,2015Hernandez,128,1.0,True,True,10.1590/0370-44672015680002,False,False,False,True
3728,2015Hernandez21,2015Hernandez,128,1.0,True,True,10.1590/0370-44672015680002,False,False,False,True
3729,2015Hernandez22,2015Hernandez,128,1.0,True,True,10.1590/0370-44672015680002,False,False,False,True
3730,2015Hernandez23,2015Hernandez,128,1.0,True,True,10.1590/0370-44672015680002,False,False,False,True
3731,2015Hernandez24,2015Hernandez,128,1.0,True,True,10.1590/0370-44672015680002,False,False,False,True
3732,2015Hernandez25,2015Hernandez,128,1.0,True,True,10.1590/0370-44672015680002,False,False,False,True
3733,2015Hernandez26,2015Hernandez,128,1.0,True,True,10.1590/0370-44672015680002,False,False,False,True
3734,2015Hernandez27,2015Hernandez,128,1.0,True,True,10.1590/0370-44672015680002,False,False,False,True
3735,2015Hernandez28,2015Hernandez,128,1.0,True,True,10.1590/0370-44672015680002,False,False,False,True
3736,2015Hernandez29,2015Hernandez,128,1.0,True,True,10.1590/0370-44672015680002,False,False,False,True
3737,2015Hernandez30,2015Hernandez,128,1.0,True,True,10.1590/0370-44672015680002,False,False,False,True
3738,2015Wu01,2015Wu,129,1.0,True,True,10.2320/matertrans.m2014389,False,False,False,True
3739,2015Wu02,2015Wu,129,1.0,True,True,10.2320/matertrans.m2014389,False,False,False,True
3740,2015Wu03,2015Wu,129,1.0,True,True,10.2320/matertrans.m2014389,False,False,False,True
3741,2015Wu04,2015Wu,129,1.0,True,True,10.2320/matertrans.m2014389,False,False,False,True
3742,2015Wu05,2015Wu,129,1.0,True,True,10.2320/matertrans.m2014389,False,False,False,True
3743,2016Alar01,2016Alar,130,1.0,True,True,10.20964/2016.09.26,False,False,False,True
3744,2016Alar02,2016Alar,130,1.0,True,True,10.20964/2016.09.26,False,False,False,True
3745,2016Alar03,2016Alar,130,1.0,True,True,10.20964/2016.09.26,False,False,False,True
3746,2016Alar04,2016Alar,130,1.0,True,True,10.20964/2016.09.26,False,False,False,True
3747,2016Alar05,2016Alar,130,1.0,True,True,10.20964/2016.09.26,False,False,False,True
3748,2016Alar06,2016Alar,130,1.0,True,True,10.20964/2016.09.26,False,False,False,True
3749,2016Alar07,2016Alar,130,1.0,True,True,10.20964/2016.09.26,False,False,False,True
3750,2016Alar08,2016Alar,130,1.0,True,True,10.20964/2016.09.26,False,False,False,True
3751,2016Alar09,2016Alar,130,1.0,True,True,10.20964/2016.09.26,False,False,False,True
3752,2016Alar10,2016Alar,130,1.0,True,True,10.20964/2016.09.26,False,False,False,True
3753,2016Alar11,2016Alar,130,1.0,True,True,10.20964/2016.09.26,False,False,False,True
3754,2016Alar12,2016Alar,130,1.0,True,True,10.20964/2016.09.26,False,False,False,True
3755,2016Alar13,2016Alar,130,0.0,True,False,10.20964/2016.09.26,False,False,False,False
3756,2016Alar14,2016Alar,130,0.0,True,False,10.20964/2016.09.26,False,False,False,False
3757,2016Alar15,2016Alar,130,0.0,True,False,10.20964/2016.09.26,False,False,False,False
3758,2016Alar16,2016Alar,130,0.0,True,False,10.20964/2016.09.26,False,False,False,False
3759,2016Alar17,2016Alar,130,0.0,True,False,10.20964/2016.09.26,False,False,False,False
3760,2016Alar18,2016Alar,130,0.0,True,False,10.20964/2016.09.26,False,False,False,False
3761,2016Alar19,2016Alar,130,1.0,True,True,10.20964/2016.09.26,False,False,False,True
3762,2016Alar20,2016Alar,130,1.0,True,True,10.20964/2016.09.26,False,False,False,True
3763,2016Alar21,2016Alar,130,1.0,True,True,10.20964/2016.09.26,False,False,False,True
3764,2016Alar22,2016Alar,130,1.0,True,True,10.20964/2016.09.26,False,False,False,True
3765,2016Alar23,2016Alar,130,1.0,True,True,10.20964/2016.09.26,False,False,False,True
3766,2016Alar24,2016Alar,130,1.0,True,True,10.20964/2016.09.26,False,False,False,True
3767,2016Alar25,2016Alar,130,1.0,True,True,10.20964/2016.09.26,False,False,False,True
3768,2016Alar26,2016Alar,130,1.0,True,True,10.20964/2016.09.26,False,False,False,True
3769,2016Alar27,2016Alar,130,1.0,True,True,10.20964/2016.09.26,False,False,False,True
3770,2016Alar28,2016Alar,130,1.0,True,True,10.20964/2016.09.26,False,False,False,True
3771,2016Alar29,2016Alar,130,1.0,True,True,10.20964/2016.09.26,False,False,False,True
3772,2016Alar30,2016Alar,130,1.0,True,True,10.20964/2016.09.26,False,False,False,True
3773,2016Alar31,2016Alar,130,1.0,True,True,10.20964/2016.09.26,False,False,False,True
3774,2016Alar32,2016Alar,130,1.0,True,True,10.20964/2016.09.26,False,False,False,True
3775,2016Alar33,2016Alar,130,1.0,True,True,10.20964/2016.09.26,False,False,False,True
3776,2016Alar34,2016Alar,130,1.0,True,True,10.20964/2016.09.26,False,False,False,True
3777,2016Alar35,2016Alar,130,1.0,True,True,10.20964/2016.09.26,False,False,False,True
3778,2016Alar36,2016Alar,130,1.0,True,True,10.20964/2016.09.26,False,False,False,True
3779,2016Alar37,2016Alar,130,1.0,True,True,10.20964/2016.09.26,False,False,False,True
3780,2016Alar38,2016Alar,130,1.0,True,True,10.20964/2016.09.26,False,False,False,True
3781,2016Alar39,2016Alar,130,1.0,True,True,10.20964/2016.09.26,False,False,False,True
3782,2016Alar40,2016Alar,130,1.0,True,True,10.20964/2016.09.26,False,False,False,True
3783,2016Alar41,2016Alar,130,1.0,True,True,10.20964/2016.09.26,False,False,False,True
3784,2016Alar42,2016Alar,130,1.0,True,True,10.20964/2016.09.26,False,False,False,True
3785,2016Alar43,2016Alar,130,1.0,True,True,10.20964/2016.09.26,False,False,False,True
3786,2016Alar44,2016Alar,130,1.0,True,True,10.20964/2016.09.26,False,False,False,True
3787,2016Alar45,2016Alar,130,1.0,True,True,10.20964/2016.09.26,False,False,False,True
3788,2016Alar46,2016Alar,130,1.0,True,True,10.20964/2016.09.26,False,False,False,True
3789,2016Alar47,2016Alar,130,1.0,True,True,10.20964/2016.09.26,False,False,False,True
3790,2016Alar48,2016Alar,130,1.0,True,True,10.20964/2016.09.26,False,False,False,True
3791,2016Alar49,2016Alar,130,1.0,True,True,10.20964/2016.09.26,False,False,False,True
3792,2016Alar50,2016Alar,130,1.0,True,True,10.20964/2016.09.26,False,False,False,True
3793,2016Alar51,2016Alar,130,1.0,True,True,10.20964/2016.09.26,False,False,False,True
3794,2016Alar52,2016Alar,130,1.0,True,True,10.20964/2016.09.26,False,False,False,True
3795,2016Alar53,2016Alar,130,1.0,True,True,10.20964/2016.09.26,False,False,False,True
3796,2016Alar54,2016Alar,130,1.0,True,True,10.20964/2016.09.26,False,False,False,True
3797,2016Alar55,2016Alar,130,1.0,True,True,10.20964/2016.09.26,False,False,False,True
3798,2016Alar56,2016Alar,130,1.0,True,True,10.20964/2016.09.26,False,False,False,True
3799,2016Alar57,2016Alar,130,1.0,True,True,10.20964/2016.09.26,False,False,False,True
3800,2016Alar58,2016Alar,130,1.0,True,True,10.20964/2016.09.26,False,False,False,True
3801,2016Alar59,2016Alar,130,1.0,True,True,10.20964/2016.09.26,False,False,False,True
3802,2016Alar60,2016Alar,130,1.0,True,True,10.20964/2016.09.26,False,False,False,True
3803,2016Alar61,2016Alar,130,1.0,True,True,10.20964/2016.09.26,False,False,False,True
3804,2016Alar62,2016Alar,130,1.0,True,True,10.20964/2016.09.26,False,False,False,True
3805,2016Alar63,2016Alar,130,1.0,True,True,10.20964/2016.09.26,False,False,False,True
3806,2016Alar64,2016Alar,130,1.0,True,True,10.20964/2016.09.26,False,False,False,True
3807,2016Alar65,2016Alar,130,1.0,True,True,10.20964/2016.09.26,False,False,False,True
3808,2016Alar66,2016Alar,130,1.0,True,True,10.20964/2016.09.26,False,False,False,True
3809,2016Alar67,2016Alar,130,1.0,True,True,10.20964/2016.09.26,False,False,False,True
3810,2016Alar68,2016Alar,130,1.0,True,True,10.20964/2016.09.26,False,False,False,True
3811,2016Alar69,2016Alar,130,1.0,True,True,10.20964/2016.09.26,False,False,False,True
3812,2016Alar70,2016Alar,130,1.0,True,True,10.20964/2016.09.26,False,False,False,True
3813,2016Alar71,2016Alar,130,1.0,True,True,10.20964/2016.09.26,False,False,False,True
3814,2016Alar72,2016Alar,130,1.0,True,True,10.20964/2016.09.26,False,False,False,True
3815,2017Haugan01,2017Haugan,131,0.0,True,False,10.5006/2185,False,False,False,False
3816,2017Haugan02,2017Haugan,131,0.0,True,False,10.5006/2185,False,False,False,False
3817,2017Haugan03,2017Haugan,131,0.0,True,False,10.5006/2185,False,False,False,False
3818,2017Haugan04,2017Haugan,131,0.0,True,False,10.5006/2185,False,False,False,False
3819,2017Haugan05,2017Haugan,131,0.0,True,False,10.5006/2185,False,False,False,False
3820,2017Haugan06,2017Haugan,131,0.0,True,False,10.5006/2185,False,False,False,False
3821,2017Haugan07,2017Haugan,131,0.0,True,False,10.5006/2185,False,False,False,False
3822,2017Haugan08,2017Haugan,131,0.0,True,False,10.5006/2185,False,False,False,False
3823,2017Haugan09,2017Haugan,131,0.0,True,False,10.5006/2185,False,False,False,False
3824,2017Haugan10,2017Haugan,131,0.0,True,False,10.5006/2185,False,False,False,False
3825,2017Haugan11,2017Haugan,131,0.0,True,False,10.5006/2185,False,False,False,False
3826,2017Haugan12,2017Haugan,131,0.0,True,False,10.5006/2185,False,False,False,False
3827,2017Haugan13,2017Haugan,131,0.0,True,False,10.5006/2185,False,False,False,False
3828,2017Haugan14,2017Haugan,131,1.0,True,True,10.5006/2185,False,False,False,True
3829,2017Haugan15,2017Haugan,131,1.0,True,True,10.5006/2185,False,False,False,True
3830,2017Haugan16,2017Haugan,131,1.0,True,True,10.5006/2185,False,False,False,True
3831,2017Karlsson1,2017Karlsson,132,1.0,True,True,,False,False,False,True
3832,2017Karlsson10,2017Karlsson,132,1.0,True,True,,False,False,False,True
3833,2017Karlsson11,2017Karlsson,132,1.0,True,True,,False,False,False,True
3834,2017Karlsson12,2017Karlsson,132,0.0,True,False,,False,False,False,False
3835,2017Karlsson13,2017Karlsson,132,1.0,True,True,,False,False,False,True
3836,2017Karlsson14,2017Karlsson,132,1.0,True,True,,False,False,False,True
3837,2017Karlsson15,2017Karlsson,132,1.0,True,True,,False,False,False,True
3838,2017Karlsson16,2017Karlsson,132,1.0,True,True,,False,False,False,True
3839,2017Karlsson17,2017Karlsson,132,1.0,True,True,,False,False,False,True
3840,2017Karlsson18,2017Karlsson,132,1.0,True,True,,False,False,False,True
3841,2017Karlsson19,2017Karlsson,132,1.0,True,True,,False,False,False,True
3842,2017Karlsson2,2017Karlsson,132,0.0,True,False,,False,False,False,False
3843,2017Karlsson3,2017Karlsson,132,1.0,True,True,,False,False,False,True
3844,2017Karlsson4,2017Karlsson,132,1.0,True,True,,False,False,False,True
3845,2017Karlsson5,2017Karlsson,132,0.0,True,False,,False,False,False,False
3846,2017Karlsson6,2017Karlsson,132,1.0,True,True,,False,False,False,True
3847,2017Karlsson7,2017Karlsson,132,1.0,True,True,,False,False,False,True
3848,2017Karlsson8,2017Karlsson,132,1.0,True,True,,False,False,False,True
3849,2017Karlsson9,2017Karlsson,132,1.0,True,True,,False,False,False,True
3850,2017Loto01,2017Loto,133,0.0,True,False,10.5772/intechopen.70579,False,False,False,False
3851,2017Loto02,2017Loto,133,0.0,True,False,10.5772/intechopen.70579,False,False,False,False
3852,2017Loto03,2017Loto,133,0.0,True,False,10.5772/intechopen.70579,False,False,False,False
3853,2017Loto04,2017Loto,133,0.0,True,False,10.5772/intechopen.70579,False,False,False,False
3854,2017Loto05,2017Loto,133,0.0,True,False,10.5772/intechopen.70579,False,False,False,False
3855,2017Loto06,2017Loto,133,0.0,True,False,10.5772/intechopen.70579,False,False,False,False
3856,2017Loto07,2017Loto,133,0.0,True,False,10.5772/intechopen.70579,False,False,False,False
3857,2017Loto08,2017Loto,133,0.0,True,False,10.5772/intechopen.70579,False,False,False,False
3858,2017Loto09,2017Loto,133,0.0,True,False,10.5772/intechopen.70579,False,False,False,False
3859,2017Loto10,2017Loto,133,0.0,True,False,10.5772/intechopen.70579,False,False,False,False
3860,2017Loto11,2017Loto,133,0.0,True,False,10.5772/intechopen.70579,False,False,False,False
3861,2017Loto12,2017Loto,133,0.0,True,False,10.5772/intechopen.70579,False,False,False,False
3862,2017Loto13,2017Loto,133,0.0,True,False,10.5772/intechopen.70579,False,False,False,False
3863,2017Loto14,2017Loto,133,1.0,True,True,10.5772/intechopen.70579,False,False,False,True
3864,2017Loto15,2017Loto,133,1.0,True,True,10.5772/intechopen.70579,False,False,False,True
3865,2017Loto16,2017Loto,133,0.0,True,False,10.5772/intechopen.70579,False,False,False,False
3866,2017Loto17,2017Loto,133,0.0,True,False,10.5772/intechopen.70579,False,False,False,False
3867,2017Luo01,2017Luo,134,1.0,True,True,10.1016/j.apsusc.2016.12.180,False,False,False,True
3868,2017Luo02,2017Luo,134,0.0,True,False,10.1016/j.apsusc.2016.12.180,False,False,False,False
3869,2017Luo03,2017Luo,134,0.0,True,False,10.1016/j.apsusc.2016.12.180,False,False,False,False
3870,2017Luo04,2017Luo,134,0.0,True,False,10.1016/j.apsusc.2016.12.180,False,False,False,False
3871,2017Mameng01,2017Mameng,135,0.0,True,False,10.1002/maco.201609061,False,False,False,False
3872,2017Mameng10,2017Mameng,135,1.0,True,True,10.1002/maco.201609061,False,False,False,True
3873,2017Mameng11,2017Mameng,135,1.0,True,True,10.1002/maco.201609061,False,False,False,True
3874,2017Mameng12,2017Mameng,135,1.0,True,True,10.1002/maco.201609061,False,False,False,True
3875,2017Mameng13,2017Mameng,135,1.0,True,True,10.1002/maco.201609061,False,False,False,True
3876,2017Mameng14,2017Mameng,135,1.0,True,True,10.1002/maco.201609061,False,False,False,True
3877,2017Mameng15,2017Mameng,135,1.0,True,True,10.1002/maco.201609061,False,False,False,True
3878,2017Mameng16,2017Mameng,135,1.0,True,True,10.1002/maco.201609061,False,False,False,True
3879,2017Mameng17,2017Mameng,135,0.0,True,False,10.1002/maco.201609061,False,False,False,False
3880,2017Mameng18,2017Mameng,135,1.0,True,True,10.1002/maco.201609061,False,False,False,True
3881,2017Mameng19,2017Mameng,135,1.0,True,True,10.1002/maco.201609061,False,False,False,True
3882,2017Mameng2,2017Mameng,135,1.0,True,True,10.1002/maco.201609061,False,False,False,True
3883,2017Mameng20,2017Mameng,135,1.0,True,True,10.1002/maco.201609061,False,False,False,True
3884,2017Mameng21,2017Mameng,135,1.0,True,True,10.1002/maco.201609061,False,False,False,True
3885,2017Mameng22,2017Mameng,135,1.0,True,True,10.1002/maco.201609061,False,False,False,True
3886,2017Mameng23,2017Mameng,135,1.0,True,True,10.1002/maco.201609061,False,False,False,True
3887,2017Mameng24,2017Mameng,135,1.0,True,True,10.1002/maco.201609061,False,False,False,True
3888,2017Mameng25,2017Mameng,135,0.0,True,False,10.1002/maco.201609061,False,False,False,False
3889,2017Mameng26,2017Mameng,135,1.0,True,True,10.1002/maco.201609061,False,False,False,True
3890,2017Mameng27,2017Mameng,135,1.0,True,True,10.1002/maco.201609061,False,False,False,True
3891,2017Mameng28,2017Mameng,135,1.0,True,True,10.1002/maco.201609061,False,False,False,True
3892,2017Mameng29,2017Mameng,135,1.0,True,True,10.1002/maco.201609061,False,False,False,True
3893,2017Mameng03,2017Mameng,135,1.0,True,True,10.1002/maco.201609061,False,False,False,True
3894,2017Mameng30,2017Mameng,135,1.0,True,True,10.1002/maco.201609061,False,False,False,True
3895,2017Mameng31,2017Mameng,135,1.0,True,True,10.1002/maco.201609061,False,False,False,True
3896,2017Mameng32,2017Mameng,135,1.0,True,True,10.1002/maco.201609061,False,False,False,True
3897,2017Mameng33,2017Mameng,135,0.0,True,False,10.1002/maco.201609061,False,False,False,False
3898,2017Mameng34,2017Mameng,135,1.0,True,True,10.1002/maco.201609061,False,False,False,True
3899,2017Mameng35,2017Mameng,135,1.0,True,True,10.1002/maco.201609061,False,False,False,True
3900,2017Mameng36,2017Mameng,135,1.0,True,True,10.1002/maco.201609061,False,False,False,True
3901,2017Mameng37,2017Mameng,135,1.0,True,True,10.1002/maco.201609061,False,False,False,True
3902,2017Mameng38,2017Mameng,135,1.0,True,True,10.1002/maco.201609061,False,False,False,True
3903,2017Mameng39,2017Mameng,135,1.0,True,True,10.1002/maco.201609061,False,False,False,True
3904,2017Mameng04,2017Mameng,135,1.0,True,True,10.1002/maco.201609061,False,False,False,True
3905,2017Mameng40,2017Mameng,135,1.0,True,True,10.1002/maco.201609061,False,False,False,True
3906,2017Mameng41,2017Mameng,135,1.0,True,True,10.1002/maco.201609061,False,False,False,True
3907,2017Mameng42,2017Mameng,135,1.0,True,True,10.1002/maco.201609061,False,False,False,True
3908,2017Mameng43,2017Mameng,135,1.0,True,True,10.1002/maco.201609061,False,False,False,True
3909,2017Mameng44,2017Mameng,135,1.0,True,True,10.1002/maco.201609061,False,False,False,True
3910,2017Mameng45,2017Mameng,135,1.0,True,True,10.1002/maco.201609061,False,False,False,True
3911,2017Mameng46,2017Mameng,135,1.0,True,True,10.1002/maco.201609061,False,False,False,True
3912,2017Mameng47,2017Mameng,135,1.0,True,True,10.1002/maco.201609061,False,False,False,True
3913,2017Mameng48,2017Mameng,135,1.0,True,True,10.1002/maco.201609061,False,False,False,True
3914,2017Mameng49,2017Mameng,135,1.0,True,True,10.1002/maco.201609061,False,False,False,True
3915,2017Mameng05,2017Mameng,135,1.0,True,True,10.1002/maco.201609061,False,False,False,True
3916,2017Mameng50,2017Mameng,135,1.0,True,True,10.1002/maco.201609061,False,False,False,True
3917,2017Mameng51,2017Mameng,135,1.0,True,True,10.1002/maco.201609061,False,False,False,True
3918,2017Mameng52,2017Mameng,135,1.0,True,True,10.1002/maco.201609061,False,False,False,True
3919,2017Mameng53,2017Mameng,135,1.0,True,True,10.1002/maco.201609061,False,False,False,True
3920,2017Mameng54,2017Mameng,135,1.0,True,True,10.1002/maco.201609061,False,False,False,True
3921,2017Mameng55,2017Mameng,135,1.0,True,True,10.1002/maco.201609061,False,False,False,True
3922,2017Mameng56,2017Mameng,135,1.0,True,True,10.1002/maco.201609061,False,False,False,True
3923,2017Mameng57,2017Mameng,135,1.0,True,True,10.1002/maco.201609061,False,False,False,True
3924,2017Mameng58,2017Mameng,135,1.0,True,True,10.1002/maco.201609061,False,False,False,True
3925,2017Mameng59,2017Mameng,135,1.0,True,True,10.1002/maco.201609061,False,False,False,True
3926,2017Mameng06,2017Mameng,135,1.0,True,True,10.1002/maco.201609061,False,False,False,True
3927,2017Mameng60,2017Mameng,135,1.0,True,True,10.1002/maco.201609061,False,False,False,True
3928,2017Mameng61,2017Mameng,135,1.0,True,True,10.1002/maco.201609061,False,False,False,True
3929,2017Mameng62,2017Mameng,135,1.0,True,True,10.1002/maco.201609061,False,False,False,True
3930,2017Mameng63,2017Mameng,135,1.0,True,True,10.1002/maco.201609061,False,False,False,True
3931,2017Mameng64,2017Mameng,135,1.0,True,True,10.1002/maco.201609061,False,False,False,True
3932,2017Mameng07,2017Mameng,135,1.0,True,True,10.1002/maco.201609061,False,False,False,True
3933,2017Mameng08,2017Mameng,135,1.0,True,True,10.1002/maco.201609061,False,False,False,True
3934,2017Mameng09,2017Mameng,135,0.0,True,False,10.1002/maco.201609061,False,False,False,False
3935,2017Salih01,2017Salih,136,1.0,True,True,10.4236/msa.2017.812065,False,False,False,True
3936,2017Salih01,2017Salih,136,1.0,True,True,10.4236/msa.2017.812065,False,False,False,True
3937,2017Salih02,2017Salih,136,1.0,True,True,10.4236/msa.2017.812065,False,False,False,True
3938,2017Salih03,2017Salih,136,1.0,True,True,10.4236/msa.2017.812065,False,False,False,True
3939,2017Salih04,2017Salih,136,1.0,True,True,10.4236/msa.2017.812065,False,False,False,True
3940,2017Salih05,2017Salih,136,1.0,True,True,10.4236/msa.2017.812065,False,False,False,True
3941,2017Salih06,2017Salih,136,1.0,True,True,10.4236/msa.2017.812065,False,False,False,True
3942,2017Salih07,2017Salih,136,1.0,True,True,10.4236/msa.2017.812065,False,False,False,True
3943,2018Ha01,2018Ha,137,1.0,True,True,10.3390/met8080653,False,False,False,True
3944,2018Ha02,2018Ha,137,1.0,True,True,10.3390/met8080653,False,False,False,True
3945,2018Ha03,2018Ha,137,1.0,True,True,10.3390/met8080653,False,False,False,True
3946,2018Ha04,2018Ha,137,0.0,True,False,10.3390/met8080653,False,False,False,False
3947,2018Ha05,2018Ha,137,0.0,True,False,10.3390/met8080653,False,False,False,False
3948,2018Ha06,2018Ha,137,1.0,True,True,10.3390/met8080653,False,False,False,True
3949,2018Ha07,2018Ha,137,1.0,True,True,10.3390/met8080653,False,False,False,True
3950,2018Ha08,2018Ha,137,1.0,True,True,10.3390/met8080653,False,False,False,True
3951,2018Ha09,2018Ha,137,1.0,True,True,10.3390/met8080653,False,False,False,True
3952,2018Ha10,2018Ha,137,1.0,True,True,10.3390/met8080653,False,False,False,True
3953,2018Ha11,2018Ha,137,1.0,True,True,10.3390/met8080653,False,False,False,True
3954,2018Ha12,2018Ha,137,1.0,True,True,10.3390/met8080653,False,False,False,True
3955,2018Ha13,2018Ha,137,1.0,True,True,10.3390/met8080653,False,False,False,True
3956,2018Ha14,2018Ha,137,1.0,True,True,10.3390/met8080653,False,False,False,True
3957,2018Ha15,2018Ha,137,1.0,True,True,10.3390/met8080653,False,False,False,True
3958,2018Ha16,2018Ha,137,1.0,True,True,10.3390/met8080653,False,False,False,True
3959,2018Ha17,2018Ha,137,1.0,True,True,10.3390/met8080653,False,False,False,True
3960,2018Ha18,2018Ha,137,1.0,True,True,10.3390/met8080653,False,False,False,True
3961,2018Ha19,2018Ha,137,1.0,True,True,10.3390/met8080653,False,False,False,True
3962,2018Ha20,2018Ha,137,1.0,True,True,10.3390/met8080653,False,False,False,True
3963,2018Ha21,2018Ha,137,0.0,True,False,10.3390/met8080653,False,False,False,False
3964,2018Ha22,2018Ha,137,0.0,True,False,10.3390/met8080653,False,False,False,False
3965,2018Ha23,2018Ha,137,0.0,True,False,10.3390/met8080653,False,False,False,False
3966,2018Ha24,2018Ha,137,1.0,True,True,10.3390/met8080653,False,False,False,True
3967,2018Ha25,2018Ha,137,1.0,True,True,10.3390/met8080653,False,False,False,True
3968,2018Ha26,2018Ha,137,1.0,True,True,10.3390/met8080653,False,False,False,True
3969,2018Ha27,2018Ha,137,1.0,True,True,10.3390/met8080653,False,False,False,True
3970,2018Ha28,2018Ha,137,1.0,True,True,10.3390/met8080653,False,False,False,True
3971,2018Ha29,2018Ha,137,1.0,True,True,10.3390/met8080653,False,False,False,True
3972,2018Ha30,2018Ha,137,1.0,True,True,10.3390/met8080653,False,False,False,True
3973,2018Ha31,2018Ha,137,1.0,True,True,10.3390/met8080653,False,False,False,True
3974,2018Ha32,2018Ha,137,1.0,True,True,10.3390/met8080653,False,False,False,True
3975,2018Huang01,2018Huang,138,0.0,True,False,10.1080/1478422x.2017.1394020,False,False,False,False
3976,2018Huang02,2018Huang,138,0.0,True,False,10.1080/1478422x.2017.1394020,False,False,False,False
3977,2018Huang03,2018Huang,138,0.0,True,False,10.1080/1478422x.2017.1394020,False,False,False,False
3978,2018Huang04,2018Huang,138,1.0,True,True,10.1080/1478422x.2017.1394020,False,False,False,True
3979,2018Huang05,2018Huang,138,1.0,True,True,10.1080/1478422x.2017.1394020,False,False,False,True
3980,2018Huang06,2018Huang,138,1.0,True,True,10.1080/1478422x.2017.1394020,False,False,False,True
3981,2018Huang07,2018Huang,138,1.0,True,True,10.1080/1478422x.2017.1394020,False,False,False,True
3982,2018Huang08,2018Huang,138,1.0,True,True,10.1080/1478422x.2017.1394020,False,False,False,True
3983,2018Huang09,2018Huang,138,1.0,True,True,10.1080/1478422x.2017.1394020,False,False,False,True
3984,2018Huang10,2018Huang,138,1.0,True,True,10.1080/1478422x.2017.1394020,False,False,False,True
3985,2018Huang11,2018Huang,138,1.0,True,True,10.1080/1478422x.2017.1394020,False,False,False,True
3986,2018Huang12,2018Huang,138,1.0,True,True,10.1080/1478422x.2017.1394020,False,False,False,True
3987,2018Huang13,2018Huang,138,0.0,True,False,10.1080/1478422x.2017.1394020,False,False,False,False
3988,2018Huang14,2018Huang,138,0.0,True,False,10.1080/1478422x.2017.1394020,False,False,False,False
3989,2018Huang15,2018Huang,138,0.0,True,False,10.1080/1478422x.2017.1394020,False,False,False,False
3990,2018Huang16,2018Huang,138,0.0,True,False,10.1080/1478422x.2017.1394020,False,False,False,False
3991,2018Huang17,2018Huang,138,0.0,True,False,10.1080/1478422x.2017.1394020,False,False,False,False
3992,2018Huang18,2018Huang,138,0.0,True,False,10.1080/1478422x.2017.1394020,False,False,False,False
3993,2018Huang19,2018Huang,138,1.0,True,True,10.1080/1478422x.2017.1394020,False,False,False,True
3994,2018Huang20,2018Huang,138,1.0,True,True,10.1080/1478422x.2017.1394020,False,False,False,True
3995,2018Huang21,2018Huang,138,1.0,True,True,10.1080/1478422x.2017.1394020,False,False,False,True
3996,2018Huang22,2018Huang,138,1.0,True,True,10.1080/1478422x.2017.1394020,False,False,False,True
3997,2018Huang23,2018Huang,138,1.0,True,True,10.1080/1478422x.2017.1394020,False,False,False,True
3998,2018Huang24,2018Huang,138,1.0,True,True,10.1080/1478422x.2017.1394020,False,False,False,True
3999,2018Shakir1,2018Shakir,139,1.0,True,True,10.31026/j.eng.2018.01.04,False,False,False,True
4000,2018Shakir2,2018Shakir,139,1.0,True,True,10.31026/j.eng.2018.01.04,False,False,False,True
4001,2018Shakir3,2018Shakir,139,1.0,True,True,10.31026/j.eng.2018.01.04,False,False,False,True
4002,2018Shakir4,2018Shakir,139,1.0,True,True,10.31026/j.eng.2018.01.04,False,False,False,True
4003,2018Shakir5,2018Shakir,139,1.0,True,True,10.31026/j.eng.2018.01.04,False,False,False,True
4004,2018Shakir6,2018Shakir,139,1.0,True,True,10.31026/j.eng.2018.01.04,False,False,False,True
4005,2018Shakir7,2018Shakir,139,1.0,True,True,10.31026/j.eng.2018.01.04,False,False,False,True
4006,2018Shakir8,2018Shakir,139,1.0,True,True,10.31026/j.eng.2018.01.04,False,False,False,True
4007,2018Shi01,2018Shi,140,1.0,True,True,10.1038/s41598-018-23273-x,False,False,False,True
4008,2018Shi02,2018Shi,140,1.0,True,True,10.1038/s41598-018-23273-x,False,False,False,True
4009,2018Shi03,2018Shi,140,1.0,True,True,10.1038/s41598-018-23273-x,False,False,False,True
4010,2018Shi04,2018Shi,140,0.0,True,False,10.1038/s41598-018-23273-x,False,False,False,False
4011,2018Shi05,2018Shi,140,1.0,True,True,10.1038/s41598-018-23273-x,False,False,False,True
4012,2019Calderon-Hernandez001,2019Calderon-Hernandez,141,1.0,True,True,10.1590/0370-44672017720018,False,False,False,True
4013,2019Calderon-Hernandez010,2019Calderon-Hernandez,141,1.0,True,True,10.1590/0370-44672017720018,False,False,False,True
4014,2019Calderon-Hernandez100,2019Calderon-Hernandez,141,1.0,True,True,10.1590/0370-44672017720018,False,False,False,True
4015,2019Calderon-Hernandez101,2019Calderon-Hernandez,141,1.0,True,True,10.1590/0370-44672017720018,False,False,False,True
4016,2019Calderon-Hernandez102,2019Calderon-Hernandez,141,1.0,True,True,10.1590/0370-44672017720018,False,False,False,True
4017,2019Calderon-Hernandez103,2019Calderon-Hernandez,141,1.0,True,True,10.1590/0370-44672017720018,False,False,False,True
4018,2019Calderon-Hernandez104,2019Calderon-Hernandez,141,1.0,True,True,10.1590/0370-44672017720018,False,False,False,True
4019,2019Calderon-Hernandez105,2019Calderon-Hernandez,141,1.0,True,True,10.1590/0370-44672017720018,False,False,False,True
4020,2019Calderon-Hernandez106,2019Calderon-Hernandez,141,1.0,True,True,10.1590/0370-44672017720018,False,False,False,True
4021,2019Calderon-Hernandez107,2019Calderon-Hernandez,141,1.0,True,True,10.1590/0370-44672017720018,False,False,False,True
4022,2019Calderon-Hernandez108,2019Calderon-Hernandez,141,1.0,True,True,10.1590/0370-44672017720018,False,False,False,True
4023,2019Calderon-Hernandez109,2019Calderon-Hernandez,141,1.0,True,True,10.1590/0370-44672017720018,False,False,False,True
4024,2019Calderon-Hernandez011,2019Calderon-Hernandez,141,1.0,True,True,10.1590/0370-44672017720018,False,False,False,True
4025,2019Calderon-Hernandez110,2019Calderon-Hernandez,141,1.0,True,True,10.1590/0370-44672017720018,False,False,False,True
4026,2019Calderon-Hernandez111,2019Calderon-Hernandez,141,1.0,True,True,10.1590/0370-44672017720018,False,False,False,True
4027,2019Calderon-Hernandez112,2019Calderon-Hernandez,141,1.0,True,True,10.1590/0370-44672017720018,False,False,False,True
4028,2019Calderon-Hernandez113,2019Calderon-Hernandez,141,1.0,True,True,10.1590/0370-44672017720018,False,False,False,True
4029,2019Calderon-Hernandez114,2019Calderon-Hernandez,141,1.0,True,True,10.1590/0370-44672017720018,False,False,False,True
4030,2019Calderon-Hernandez115,2019Calderon-Hernandez,141,1.0,True,True,10.1590/0370-44672017720018,False,False,False,True
4031,2019Calderon-Hernandez116,2019Calderon-Hernandez,141,1.0,True,True,10.1590/0370-44672017720018,False,False,False,True
4032,2019Calderon-Hernandez117,2019Calderon-Hernandez,141,1.0,True,True,10.1590/0370-44672017720018,False,False,False,True
4033,2019Calderon-Hernandez118,2019Calderon-Hernandez,141,1.0,True,True,10.1590/0370-44672017720018,False,False,False,True
4034,2019Calderon-Hernandez119,2019Calderon-Hernandez,141,1.0,True,True,10.1590/0370-44672017720018,False,False,False,True
4035,2019Calderon-Hernandez012,2019Calderon-Hernandez,141,1.0,True,True,10.1590/0370-44672017720018,False,False,False,True
4036,2019Calderon-Hernandez120,2019Calderon-Hernandez,141,1.0,True,True,10.1590/0370-44672017720018,False,False,False,True
4037,2019Calderon-Hernandez013,2019Calderon-Hernandez,141,1.0,True,True,10.1590/0370-44672017720018,False,False,False,True
4038,2019Calderon-Hernandez014,2019Calderon-Hernandez,141,1.0,True,True,10.1590/0370-44672017720018,False,False,False,True
4039,2019Calderon-Hernandez015,2019Calderon-Hernandez,141,1.0,True,True,10.1590/0370-44672017720018,False,False,False,True
4040,2019Calderon-Hernandez016,2019Calderon-Hernandez,141,1.0,True,True,10.1590/0370-44672017720018,False,False,False,True
4041,2019Calderon-Hernandez017,2019Calderon-Hernandez,141,1.0,True,True,10.1590/0370-44672017720018,False,False,False,True
4042,2019Calderon-Hernandez018,2019Calderon-Hernandez,141,1.0,True,True,10.1590/0370-44672017720018,False,False,False,True
4043,2019Calderon-Hernandez019,2019Calderon-Hernandez,141,1.0,True,True,10.1590/0370-44672017720018,False,False,False,True
4044,2019Calderon-Hernandez002,2019Calderon-Hernandez,141,1.0,True,True,10.1590/0370-44672017720018,False,False,False,True
4045,2019Calderon-Hernandez020,2019Calderon-Hernandez,141,1.0,True,True,10.1590/0370-44672017720018,False,False,False,True
4046,2019Calderon-Hernandez021,2019Calderon-Hernandez,141,1.0,True,True,10.1590/0370-44672017720018,False,False,False,True
4047,2019Calderon-Hernandez022,2019Calderon-Hernandez,141,1.0,True,True,10.1590/0370-44672017720018,False,False,False,True
4048,2019Calderon-Hernandez023,2019Calderon-Hernandez,141,1.0,True,True,10.1590/0370-44672017720018,False,False,False,True
4049,2019Calderon-Hernandez024,2019Calderon-Hernandez,141,1.0,True,True,10.1590/0370-44672017720018,False,False,False,True
4050,2019Calderon-Hernandez025,2019Calderon-Hernandez,141,1.0,True,True,10.1590/0370-44672017720018,False,False,False,True
4051,2019Calderon-Hernandez026,2019Calderon-Hernandez,141,1.0,True,True,10.1590/0370-44672017720018,False,False,False,True
4052,2019Calderon-Hernandez027,2019Calderon-Hernandez,141,1.0,True,True,10.1590/0370-44672017720018,False,False,False,True
4053,2019Calderon-Hernandez028,2019Calderon-Hernandez,141,1.0,True,True,10.1590/0370-44672017720018,False,False,False,True
4054,2019Calderon-Hernandez029,2019Calderon-Hernandez,141,1.0,True,True,10.1590/0370-44672017720018,False,False,False,True
4055,2019Calderon-Hernandez003,2019Calderon-Hernandez,141,1.0,True,True,10.1590/0370-44672017720018,False,False,False,True
4056,2019Calderon-Hernandez030,2019Calderon-Hernandez,141,1.0,True,True,10.1590/0370-44672017720018,False,False,False,True
4057,2019Calderon-Hernandez031,2019Calderon-Hernandez,141,1.0,True,True,10.1590/0370-44672017720018,False,False,False,True
4058,2019Calderon-Hernandez032,2019Calderon-Hernandez,141,1.0,True,True,10.1590/0370-44672017720018,False,False,False,True
4059,2019Calderon-Hernandez033,2019Calderon-Hernandez,141,1.0,True,True,10.1590/0370-44672017720018,False,False,False,True
4060,2019Calderon-Hernandez034,2019Calderon-Hernandez,141,1.0,True,True,10.1590/0370-44672017720018,False,False,False,True
4061,2019Calderon-Hernandez035,2019Calderon-Hernandez,141,1.0,True,True,10.1590/0370-44672017720018,False,False,False,True
4062,2019Calderon-Hernandez036,2019Calderon-Hernandez,141,1.0,True,True,10.1590/0370-44672017720018,False,False,False,True
4063,2019Calderon-Hernandez037,2019Calderon-Hernandez,141,1.0,True,True,10.1590/0370-44672017720018,False,False,False,True
4064,2019Calderon-Hernandez038,2019Calderon-Hernandez,141,1.0,True,True,10.1590/0370-44672017720018,False,False,False,True
4065,2019Calderon-Hernandez039,2019Calderon-Hernandez,141,1.0,True,True,10.1590/0370-44672017720018,False,False,False,True
4066,2019Calderon-Hernandez004,2019Calderon-Hernandez,141,1.0,True,True,10.1590/0370-44672017720018,False,False,False,True
4067,2019Calderon-Hernandez040,2019Calderon-Hernandez,141,1.0,True,True,10.1590/0370-44672017720018,False,False,False,True
4068,2019Calderon-Hernandez041,2019Calderon-Hernandez,141,1.0,True,True,10.1590/0370-44672017720018,False,False,False,True
4069,2019Calderon-Hernandez042,2019Calderon-Hernandez,141,1.0,True,True,10.1590/0370-44672017720018,False,False,False,True
4070,2019Calderon-Hernandez043,2019Calderon-Hernandez,141,1.0,True,True,10.1590/0370-44672017720018,False,False,False,True
4071,2019Calderon-Hernandez044,2019Calderon-Hernandez,141,1.0,True,True,10.1590/0370-44672017720018,False,False,False,True
4072,2019Calderon-Hernandez045,2019Calderon-Hernandez,141,1.0,True,True,10.1590/0370-44672017720018,False,False,False,True
4073,2019Calderon-Hernandez046,2019Calderon-Hernandez,141,1.0,True,True,10.1590/0370-44672017720018,False,False,False,True
4074,2019Calderon-Hernandez047,2019Calderon-Hernandez,141,1.0,True,True,10.1590/0370-44672017720018,False,False,False,True
4075,2019Calderon-Hernandez048,2019Calderon-Hernandez,141,1.0,True,True,10.1590/0370-44672017720018,False,False,False,True
4076,2019Calderon-Hernandez049,2019Calderon-Hernandez,141,1.0,True,True,10.1590/0370-44672017720018,False,False,False,True
4077,2019Calderon-Hernandez005,2019Calderon-Hernandez,141,1.0,True,True,10.1590/0370-44672017720018,False,False,False,True
4078,2019Calderon-Hernandez050,2019Calderon-Hernandez,141,1.0,True,True,10.1590/0370-44672017720018,False,False,False,True
4079,2019Calderon-Hernandez051,2019Calderon-Hernandez,141,1.0,True,True,10.1590/0370-44672017720018,False,False,False,True
4080,2019Calderon-Hernandez052,2019Calderon-Hernandez,141,1.0,True,True,10.1590/0370-44672017720018,False,False,False,True
4081,2019Calderon-Hernandez053,2019Calderon-Hernandez,141,1.0,True,True,10.1590/0370-44672017720018,False,False,False,True
4082,2019Calderon-Hernandez054,2019Calderon-Hernandez,141,1.0,True,True,10.1590/0370-44672017720018,False,False,False,True
4083,2019Calderon-Hernandez055,2019Calderon-Hernandez,141,1.0,True,True,10.1590/0370-44672017720018,False,False,False,True
4084,2019Calderon-Hernandez056,2019Calderon-Hernandez,141,1.0,True,True,10.1590/0370-44672017720018,False,False,False,True
4085,2019Calderon-Hernandez057,2019Calderon-Hernandez,141,1.0,True,True,10.1590/0370-44672017720018,False,False,False,True
4086,2019Calderon-Hernandez058,2019Calderon-Hernandez,141,1.0,True,True,10.1590/0370-44672017720018,False,False,False,True
4087,2019Calderon-Hernandez059,2019Calderon-Hernandez,141,1.0,True,True,10.1590/0370-44672017720018,False,False,False,True
4088,2019Calderon-Hernandez006,2019Calderon-Hernandez,141,1.0,True,True,10.1590/0370-44672017720018,False,False,False,True
4089,2019Calderon-Hernandez060,2019Calderon-Hernandez,141,1.0,True,True,10.1590/0370-44672017720018,False,False,False,True
4090,2019Calderon-Hernandez061,2019Calderon-Hernandez,141,1.0,True,True,10.1590/0370-44672017720018,False,False,False,True
4091,2019Calderon-Hernandez062,2019Calderon-Hernandez,141,1.0,True,True,10.1590/0370-44672017720018,False,False,False,True
4092,2019Calderon-Hernandez063,2019Calderon-Hernandez,141,1.0,True,True,10.1590/0370-44672017720018,False,False,False,True
4093,2019Calderon-Hernandez064,2019Calderon-Hernandez,141,1.0,True,True,10.1590/0370-44672017720018,False,False,False,True
4094,2019Calderon-Hernandez065,2019Calderon-Hernandez,141,1.0,True,True,10.1590/0370-44672017720018,False,False,False,True
4095,2019Calderon-Hernandez066,2019Calderon-Hernandez,141,1.0,True,True,10.1590/0370-44672017720018,False,False,False,True
4096,2019Calderon-Hernandez067,2019Calderon-Hernandez,141,1.0,True,True,10.1590/0370-44672017720018,False,False,False,True
4097,2019Calderon-Hernandez068,2019Calderon-Hernandez,141,1.0,True,True,10.1590/0370-44672017720018,False,False,False,True
4098,2019Calderon-Hernandez069,2019Calderon-Hernandez,141,1.0,True,True,10.1590/0370-44672017720018,False,False,False,True
4099,2019Calderon-Hernandez007,2019Calderon-Hernandez,141,1.0,True,True,10.1590/0370-44672017720018,False,False,False,True
4100,2019Calderon-Hernandez070,2019Calderon-Hernandez,141,1.0,True,True,10.1590/0370-44672017720018,False,False,False,True
4101,2019Calderon-Hernandez071,2019Calderon-Hernandez,141,1.0,True,True,10.1590/0370-44672017720018,False,False,False,True
4102,2019Calderon-Hernandez072,2019Calderon-Hernandez,141,1.0,True,True,10.1590/0370-44672017720018,False,False,False,True
4103,2019Calderon-Hernandez073,2019Calderon-Hernandez,141,1.0,True,True,10.1590/0370-44672017720018,False,False,False,True
4104,2019Calderon-Hernandez074,2019Calderon-Hernandez,141,1.0,True,True,10.1590/0370-44672017720018,False,False,False,True
4105,2019Calderon-Hernandez075,2019Calderon-Hernandez,141,1.0,True,True,10.1590/0370-44672017720018,False,False,False,True
4106,2019Calderon-Hernandez076,2019Calderon-Hernandez,141,1.0,True,True,10.1590/0370-44672017720018,False,False,False,True
4107,2019Calderon-Hernandez077,2019Calderon-Hernandez,141,1.0,True,True,10.1590/0370-44672017720018,False,False,False,True
4108,2019Calderon-Hernandez078,2019Calderon-Hernandez,141,1.0,True,True,10.1590/0370-44672017720018,False,False,False,True
4109,2019Calderon-Hernandez079,2019Calderon-Hernandez,141,1.0,True,True,10.1590/0370-44672017720018,False,False,False,True
4110,2019Calderon-Hernandez008,2019Calderon-Hernandez,141,1.0,True,True,10.1590/0370-44672017720018,False,False,False,True
4111,2019Calderon-Hernandez080,2019Calderon-Hernandez,141,1.0,True,True,10.1590/0370-44672017720018,False,False,False,True
4112,2019Calderon-Hernandez081,2019Calderon-Hernandez,141,1.0,True,True,10.1590/0370-44672017720018,False,False,False,True
4113,2019Calderon-Hernandez082,2019Calderon-Hernandez,141,1.0,True,True,10.1590/0370-44672017720018,False,False,False,True
4114,2019Calderon-Hernandez083,2019Calderon-Hernandez,141,1.0,True,True,10.1590/0370-44672017720018,False,False,False,True
4115,2019Calderon-Hernandez084,2019Calderon-Hernandez,141,1.0,True,True,10.1590/0370-44672017720018,False,False,False,True
4116,2019Calderon-Hernandez085,2019Calderon-Hernandez,141,1.0,True,True,10.1590/0370-44672017720018,False,False,False,True
4117,2019Calderon-Hernandez086,2019Calderon-Hernandez,141,1.0,True,True,10.1590/0370-44672017720018,False,False,False,True
4118,2019Calderon-Hernandez087,2019Calderon-Hernandez,141,1.0,True,True,10.1590/0370-44672017720018,False,False,False,True
4119,2019Calderon-Hernandez088,2019Calderon-Hernandez,141,1.0,True,True,10.1590/0370-44672017720018,False,False,False,True
4120,2019Calderon-Hernandez089,2019Calderon-Hernandez,141,1.0,True,True,10.1590/0370-44672017720018,False,False,False,True
4121,2019Calderon-Hernandez009,2019Calderon-Hernandez,141,1.0,True,True,10.1590/0370-44672017720018,False,False,False,True
4122,2019Calderon-Hernandez090,2019Calderon-Hernandez,141,1.0,True,True,10.1590/0370-44672017720018,False,False,False,True
4123,2019Calderon-Hernandez091,2019Calderon-Hernandez,141,1.0,True,True,10.1590/0370-44672017720018,False,False,False,True
4124,2019Calderon-Hernandez092,2019Calderon-Hernandez,141,1.0,True,True,10.1590/0370-44672017720018,False,False,False,True
4125,2019Calderon-Hernandez093,2019Calderon-Hernandez,141,1.0,True,True,10.1590/0370-44672017720018,False,False,False,True
4126,2019Calderon-Hernandez094,2019Calderon-Hernandez,141,1.0,True,True,10.1590/0370-44672017720018,False,False,False,True
4127,2019Calderon-Hernandez095,2019Calderon-Hernandez,141,1.0,True,True,10.1590/0370-44672017720018,False,False,False,True
4128,2019Calderon-Hernandez096,2019Calderon-Hernandez,141,1.0,True,True,10.1590/0370-44672017720018,False,False,False,True
4129,2019Calderon-Hernandez097,2019Calderon-Hernandez,141,1.0,True,True,10.1590/0370-44672017720018,False,False,False,True
4130,2019Calderon-Hernandez098,2019Calderon-Hernandez,141,1.0,True,True,10.1590/0370-44672017720018,False,False,False,True
4131,2019Calderon-Hernandez099,2019Calderon-Hernandez,141,1.0,True,True,10.1590/0370-44672017720018,False,False,False,True
4132,2019Dastgerdi1_01,2019Dastgerdi1,142,1.0,True,True,10.1016/j.corsci.2019.108160,False,False,False,True
4133,2019Dastgerdi1_02,2019Dastgerdi1,142,1.0,True,True,10.1016/j.corsci.2019.108160,False,False,False,True
4134,2019Dastgerdi1_03,2019Dastgerdi1,142,1.0,True,True,10.1016/j.corsci.2019.108160,False,False,False,True
4135,2019Dastgerdi1_04,2019Dastgerdi1,142,1.0,True,True,10.1016/j.corsci.2019.108160,False,False,False,True
4136,2019Dastgerdi1_05,2019Dastgerdi1,142,1.0,True,True,10.1016/j.corsci.2019.108160,False,False,False,True
4137,2019Dastgerdi1_06,2019Dastgerdi1,142,1.0,True,True,10.1016/j.corsci.2019.108160,False,False,False,True
4138,2019Dastgerdi1_07,2019Dastgerdi1,142,1.0,True,True,10.1016/j.corsci.2019.108160,False,False,False,True
4139,2019Dastgerdi1_08,2019Dastgerdi1,142,1.0,True,True,10.1016/j.corsci.2019.108160,False,False,False,True
4140,2019Dastgerdi1_09,2019Dastgerdi1,142,1.0,True,True,10.1016/j.corsci.2019.108160,False,False,False,True
4141,2019Dastgerdi1_10,2019Dastgerdi1,142,1.0,True,True,10.1016/j.corsci.2019.108160,False,False,False,True
4142,2019Dastgerdi1_11,2019Dastgerdi1,142,1.0,True,True,10.1016/j.corsci.2019.108160,False,False,False,True
4143,2019Dastgerdi1_12,2019Dastgerdi1,142,1.0,True,True,10.1016/j.corsci.2019.108160,False,False,False,True
4144,2019Dastgerdi1_13,2019Dastgerdi1,142,1.0,True,True,10.1016/j.corsci.2019.108160,False,False,False,True
4145,2019Dastgerdi1_14,2019Dastgerdi1,142,1.0,True,True,10.1016/j.corsci.2019.108160,False,False,False,True
4146,2019Dastgerdi1_15,2019Dastgerdi1,142,1.0,True,True,10.1016/j.corsci.2019.108160,False,False,False,True
4147,2019Dastgerdi1_16,2019Dastgerdi1,142,1.0,True,True,10.1016/j.corsci.2019.108160,False,False,False,True
4148,2019Dastgerdi1_17,2019Dastgerdi1,142,1.0,True,True,10.1016/j.corsci.2019.108160,False,False,False,True
4149,2019Dastgerdi1_18,2019Dastgerdi1,142,1.0,True,True,10.1016/j.corsci.2019.108160,False,False,False,True
4150,2019Dastgerdi1_19,2019Dastgerdi1,142,1.0,True,True,10.1016/j.corsci.2019.108160,False,False,False,True
4151,2019Dastgerdi1_20,2019Dastgerdi1,142,1.0,True,True,10.1016/j.corsci.2019.108160,False,False,False,True
4152,2019Dastgerdi1_21,2019Dastgerdi1,142,1.0,True,True,10.1016/j.corsci.2019.108160,False,False,False,True
4153,2019Dastgerdi1_22,2019Dastgerdi1,142,1.0,True,True,10.1016/j.corsci.2019.108160,False,False,False,True
4154,2019Dastgerdi1_23,2019Dastgerdi1,142,1.0,True,True,10.1016/j.corsci.2019.108160,False,False,False,True
4155,2019Dastgerdi1_24,2019Dastgerdi1,142,1.0,True,True,10.1016/j.corsci.2019.108160,False,False,False,True
4156,2019Dastgerdi1_25,2019Dastgerdi1,142,1.0,True,True,10.1016/j.corsci.2019.108160,False,False,False,True
4157,2019Dastgerdi1_26,2019Dastgerdi1,142,1.0,True,True,10.1016/j.corsci.2019.108160,False,False,False,True
4158,2019Dastgerdi1_27,2019Dastgerdi1,142,1.0,True,True,10.1016/j.corsci.2019.108160,False,False,False,True
4159,2019Dastgerdi1_28,2019Dastgerdi1,142,1.0,True,True,10.1016/j.corsci.2019.108160,False,False,False,True
4160,2019Dastgerdi1_29,2019Dastgerdi1,142,1.0,True,True,10.1016/j.corsci.2019.108160,False,False,False,True
4161,2019Dastgerdi2_01,2019Dastgerdi2,143,1.0,True,True,10.1016/j.corsci.2019.108160,False,False,False,True
4162,2019Dastgerdi2_02,2019Dastgerdi2,143,1.0,True,True,10.1016/j.corsci.2019.108160,False,False,False,True
4163,2019Dastgerdi2_03,2019Dastgerdi2,143,1.0,True,True,10.1016/j.corsci.2019.108160,False,False,False,True
4164,2019Dastgerdi2_04,2019Dastgerdi2,143,1.0,True,True,10.1016/j.corsci.2019.108160,False,False,False,True
4165,2019Dastgerdi2_05,2019Dastgerdi2,143,1.0,True,True,10.1016/j.corsci.2019.108160,False,False,False,True
4166,2019Dastgerdi2_06,2019Dastgerdi2,143,1.0,True,True,10.1016/j.corsci.2019.108160,False,False,False,True
4167,2019Dastgerdi2_07,2019Dastgerdi2,143,1.0,True,True,10.1016/j.corsci.2019.108160,False,False,False,True
4168,2019Dastgerdi2_08,2019Dastgerdi2,143,1.0,True,True,10.1016/j.corsci.2019.108160,False,False,False,True
4169,2019Dastgerdi2_09,2019Dastgerdi2,143,1.0,True,True,10.1016/j.corsci.2019.108160,False,False,False,True
4170,2019Dastgerdi2_10,2019Dastgerdi2,143,1.0,True,True,10.1016/j.corsci.2019.108160,False,False,False,True
4171,2019Dastgerdi2_11,2019Dastgerdi2,143,1.0,True,True,10.1016/j.corsci.2019.108160,False,False,False,True
4172,2019Dastgerdi2_12,2019Dastgerdi2,143,1.0,True,True,10.1016/j.corsci.2019.108160,False,False,False,True
4173,2019Dastgerdi2_13,2019Dastgerdi2,143,1.0,True,True,10.1016/j.corsci.2019.108160,False,False,False,True
4174,2019Dastgerdi2_14,2019Dastgerdi2,143,1.0,True,True,10.1016/j.corsci.2019.108160,False,False,False,True
4175,2019Dastgerdi2_15,2019Dastgerdi2,143,1.0,True,True,10.1016/j.corsci.2019.108160,False,False,False,True
4176,2019Dastgerdi2_16,2019Dastgerdi2,143,1.0,True,True,10.1016/j.corsci.2019.108160,False,False,False,True
4177,2019Dastgerdi2_17,2019Dastgerdi2,143,1.0,True,True,10.1016/j.corsci.2019.108160,False,False,False,True
4178,2019Dastgerdi2_18,2019Dastgerdi2,143,1.0,True,True,10.1016/j.corsci.2019.108160,False,False,False,True
4179,2019Dastgerdi2_19,2019Dastgerdi2,143,1.0,True,True,10.1016/j.corsci.2019.108160,False,False,False,True
4180,2019Dastgerdi2_20,2019Dastgerdi2,143,1.0,True,True,10.1016/j.corsci.2019.108160,False,False,False,True
4181,2019Dastgerdi2_21,2019Dastgerdi2,143,1.0,True,True,10.1016/j.corsci.2019.108160,False,False,False,True
4182,2019Dastgerdi2_22,2019Dastgerdi2,143,1.0,True,True,10.1016/j.corsci.2019.108160,False,False,False,True
4183,2019Dastgerdi2_23,2019Dastgerdi2,143,1.0,True,True,10.1016/j.corsci.2019.108160,False,False,False,True
4184,2019Dastgerdi2_24,2019Dastgerdi2,143,1.0,True,True,10.1016/j.corsci.2019.108160,False,False,False,True
4185,2019Dastgerdi2_25,2019Dastgerdi2,143,1.0,True,True,10.1016/j.corsci.2019.108160,False,False,False,True
4186,2019Dastgerdi2_26,2019Dastgerdi2,143,1.0,True,True,10.1016/j.corsci.2019.108160,False,False,False,True
4187,2019Dastgerdi2_27,2019Dastgerdi2,143,1.0,True,True,10.1016/j.corsci.2019.108160,False,False,False,True
4188,2019Dastgerdi2_28,2019Dastgerdi2,143,1.0,True,True,10.1016/j.corsci.2019.108160,False,False,False,True
4189,2019Dastgerdi2_29,2019Dastgerdi2,143,1.0,True,True,10.1016/j.corsci.2019.108160,False,False,False,True
4190,2019Dastgerdi2_30,2019Dastgerdi2,143,1.0,True,True,10.1016/j.corsci.2019.108160,False,False,False,True
4191,2019Dastgerdi2_31,2019Dastgerdi2,143,1.0,True,True,10.1016/j.corsci.2019.108160,False,False,False,True
4192,2019Dastgerdi2_32,2019Dastgerdi2,143,1.0,True,True,10.1016/j.corsci.2019.108160,False,False,False,True
4193,2019Dastgerdi2_33,2019Dastgerdi2,143,1.0,True,True,10.1016/j.corsci.2019.108160,False,False,False,True
4194,2019Dastgerdi2_34,2019Dastgerdi2,143,1.0,True,True,10.1016/j.corsci.2019.108160,False,False,False,True
4195,2019Dastgerdi2_35,2019Dastgerdi2,143,1.0,True,True,10.1016/j.corsci.2019.108160,False,False,False,True
4196,2019Dastgerdi2_36,2019Dastgerdi2,143,1.0,True,True,10.1016/j.corsci.2019.108160,False,False,False,True
4197,2019Dastgerdi2_37,2019Dastgerdi2,143,1.0,True,True,10.1016/j.corsci.2019.108160,False,False,False,True
4198,2019Dastgerdi2_38,2019Dastgerdi2,143,1.0,True,True,10.1016/j.corsci.2019.108160,False,False,False,True
4199,2019Dastgerdi2_39,2019Dastgerdi2,143,1.0,True,True,10.1016/j.corsci.2019.108160,False,False,False,True
4200,2019Dastgerdi2_40,2019Dastgerdi2,143,1.0,True,True,10.1016/j.corsci.2019.108160,False,False,False,True
4201,2019Dastgerdi2_41,2019Dastgerdi2,143,1.0,True,True,10.1016/j.corsci.2019.108160,False,False,False,True
4202,2019Dastgerdi2_42,2019Dastgerdi2,143,1.0,True,True,10.1016/j.corsci.2019.108160,False,False,False,True
4203,2019Dastgerdi2_43,2019Dastgerdi2,143,1.0,True,True,10.1016/j.corsci.2019.108160,False,False,False,True
4204,2019Dastgerdi2_44,2019Dastgerdi2,143,1.0,True,True,10.1016/j.corsci.2019.108160,False,False,False,True
4205,2019Dastgerdi2_45,2019Dastgerdi2,143,1.0,True,True,10.1016/j.corsci.2019.108160,False,False,False,True
4206,2019Dastgerdi2_46,2019Dastgerdi2,143,1.0,True,True,10.1016/j.corsci.2019.108160,False,False,False,True
4207,2019Dastgerdi2_47,2019Dastgerdi2,143,1.0,True,True,10.1016/j.corsci.2019.108160,False,False,False,True
4208,2019Dastgerdi2_48,2019Dastgerdi2,143,1.0,True,True,10.1016/j.corsci.2019.108160,False,False,False,True
4209,2019Dastgerdi2_49,2019Dastgerdi2,143,1.0,True,True,10.1016/j.corsci.2019.108160,False,False,False,True
4210,2019Dastgerdi2_50,2019Dastgerdi2,143,1.0,True,True,10.1016/j.corsci.2019.108160,False,False,False,True
4211,2019Dastgerdi2_51,2019Dastgerdi2,143,1.0,True,True,10.1016/j.corsci.2019.108160,False,False,False,True
4212,2019Dastgerdi2_52,2019Dastgerdi2,143,1.0,True,True,10.1016/j.corsci.2019.108160,False,False,False,True
4213,2019Dastgerdi2_53,2019Dastgerdi2,143,1.0,True,True,10.1016/j.corsci.2019.108160,False,False,False,True
4214,2019Dastgerdi2_54,2019Dastgerdi2,143,1.0,True,True,10.1016/j.corsci.2019.108160,False,False,False,True
4215,2019Dastgerdi2_55,2019Dastgerdi2,143,1.0,True,True,10.1016/j.corsci.2019.108160,False,False,False,True
4216,2019Dastgerdi2_56,2019Dastgerdi2,143,1.0,True,True,10.1016/j.corsci.2019.108160,False,False,False,True
4217,2019Dastgerdi2_57,2019Dastgerdi2,143,1.0,True,True,10.1016/j.corsci.2019.108160,False,False,False,True
4218,2019Dastgerdi2_58,2019Dastgerdi2,143,1.0,True,True,10.1016/j.corsci.2019.108160,False,False,False,True
4219,2019Dastgerdi2_59,2019Dastgerdi2,143,1.0,True,True,10.1016/j.corsci.2019.108160,False,False,False,True
4220,2019Dastgerdi2_60,2019Dastgerdi2,143,1.0,True,True,10.1016/j.corsci.2019.108160,False,False,False,True
4221,2019Dastgerdi2_61,2019Dastgerdi2,143,1.0,True,True,10.1016/j.corsci.2019.108160,False,False,False,True
4222,2019Dastgerdi2_62,2019Dastgerdi2,143,1.0,True,True,10.1016/j.corsci.2019.108160,False,False,False,True
4223,2019Dastgerdi2_63,2019Dastgerdi2,143,1.0,True,True,10.1016/j.corsci.2019.108160,False,False,False,True
4224,2019Dastgerdi2_64,2019Dastgerdi2,143,1.0,True,True,10.1016/j.corsci.2019.108160,False,False,False,True
4225,2019Dastgerdi2_65,2019Dastgerdi2,143,1.0,True,True,10.1016/j.corsci.2019.108160,False,False,False,True
4226,2019Dastgerdi2_66,2019Dastgerdi2,143,1.0,True,True,10.1016/j.corsci.2019.108160,False,False,False,True
4227,2019Dastgerdi2_67,2019Dastgerdi2,143,1.0,True,True,10.1016/j.corsci.2019.108160,False,False,False,True
4228,2019Dastgerdi2_68,2019Dastgerdi2,143,1.0,True,True,10.1016/j.corsci.2019.108160,False,False,False,True
4229,2019Dastgerdi2_69,2019Dastgerdi2,143,1.0,True,True,10.1016/j.corsci.2019.108160,False,False,False,True
4230,2019Dastgerdi2_70,2019Dastgerdi2,143,1.0,True,True,10.1016/j.corsci.2019.108160,False,False,False,True
4231,2019Dastgerdi2_71,2019Dastgerdi2,143,1.0,True,True,10.1016/j.corsci.2019.108160,False,False,False,True
4232,2019Dastgerdi2_72,2019Dastgerdi2,143,1.0,True,True,10.1016/j.corsci.2019.108160,False,False,False,True
4233,2019Dastgerdi2_73,2019Dastgerdi2,143,1.0,True,True,10.1016/j.corsci.2019.108160,False,False,False,True
4234,2019Dastgerdi2_74,2019Dastgerdi2,143,1.0,True,True,10.1016/j.corsci.2019.108160,False,False,False,True
4235,2019Dastgerdi2_75,2019Dastgerdi2,143,1.0,True,True,10.1016/j.corsci.2019.108160,False,False,False,True
4236,2019Dastgerdi2_76,2019Dastgerdi2,143,1.0,True,True,10.1016/j.corsci.2019.108160,False,False,False,True
4237,2019Dastgerdi2_77,2019Dastgerdi2,143,1.0,True,True,10.1016/j.corsci.2019.108160,False,False,False,True
4238,2019Dastgerdi2_78,2019Dastgerdi2,143,1.0,True,True,10.1016/j.corsci.2019.108160,False,False,False,True
4239,2019Dastgerdi2_79,2019Dastgerdi2,143,1.0,True,True,10.1016/j.corsci.2019.108160,False,False,False,True
4240,2019Dastgerdi2_80,2019Dastgerdi2,143,1.0,True,True,10.1016/j.corsci.2019.108160,False,False,False,True
4241,2019Dastgerdi2_81,2019Dastgerdi2,143,1.0,True,True,10.1016/j.corsci.2019.108160,False,False,False,True
4242,2019Ha01,2019Ha,144,1.0,True,True,10.1016/j.corsci.2019.01.001,False,False,False,True
4243,2019Ha02,2019Ha,144,1.0,True,True,10.1016/j.corsci.2019.01.001,False,False,False,True
4244,2019Ha03,2019Ha,144,1.0,True,True,10.1016/j.corsci.2019.01.001,False,False,False,True
4245,2019Ha04,2019Ha,144,1.0,True,True,10.1016/j.corsci.2019.01.001,False,False,False,True
4246,2019Ha05,2019Ha,144,1.0,True,True,10.1016/j.corsci.2019.01.001,False,False,False,True
4247,2019Ha06,2019Ha,144,1.0,True,True,10.1016/j.corsci.2019.01.001,False,False,False,True
4248,2019Ha07,2019Ha,144,1.0,True,True,10.1016/j.corsci.2019.01.001,False,False,False,True
4249,2019Ha08,2019Ha,144,1.0,True,True,10.1016/j.corsci.2019.01.001,False,False,False,True
4250,2019Ha09,2019Ha,144,1.0,True,True,10.1016/j.corsci.2019.01.001,False,False,False,True
4251,2019Ha10,2019Ha,144,1.0,True,True,10.1016/j.corsci.2019.01.001,False,False,False,True
4252,2019Ha11,2019Ha,144,1.0,True,True,10.1016/j.corsci.2019.01.001,False,False,False,True
4253,2019Ha12,2019Ha,144,1.0,True,True,10.1016/j.corsci.2019.01.001,False,False,False,True
4254,2019Ha13,2019Ha,144,1.0,True,True,10.1016/j.corsci.2019.01.001,False,False,False,True
4255,2019Ha14,2019Ha,144,1.0,True,True,10.1016/j.corsci.2019.01.001,False,False,False,True
4256,2019Ha15,2019Ha,144,1.0,True,True,10.1016/j.corsci.2019.01.001,False,False,False,True
4257,2019Ha16,2019Ha,144,1.0,True,True,10.1016/j.corsci.2019.01.001,False,False,False,True
4258,2019Ha17,2019Ha,144,1.0,True,True,10.1016/j.corsci.2019.01.001,False,False,False,True
4259,2019Ha18,2019Ha,144,1.0,True,True,10.1016/j.corsci.2019.01.001,False,False,False,True
4260,2019Ha19,2019Ha,144,1.0,True,True,10.1016/j.corsci.2019.01.001,False,False,False,True
4261,2019Ha20,2019Ha,144,1.0,True,True,10.1016/j.corsci.2019.01.001,False,False,False,True
4262,2019Ha21,2019Ha,144,1.0,True,True,10.1016/j.corsci.2019.01.001,False,False,False,True
4263,2019Ha22,2019Ha,144,1.0,True,True,10.1016/j.corsci.2019.01.001,False,False,False,True
4264,2019Ha23,2019Ha,144,1.0,True,True,10.1016/j.corsci.2019.01.001,False,False,False,True
4265,2019Ha24,2019Ha,144,1.0,True,True,10.1016/j.corsci.2019.01.001,False,False,False,True
4266,2019Li01,2019Li,145,1.0,True,True,10.1149/2.0401915jes,False,False,False,True
4267,2019Li02,2019Li,145,1.0,True,True,10.1149/2.0401915jes,False,False,False,True
4268,2019Li03,2019Li,145,1.0,True,True,10.1149/2.0401915jes,False,False,False,True
4269,2019Li04,2019Li,145,1.0,True,True,10.1149/2.0401915jes,False,False,False,True
4270,2019Yoon01,2019Yoon,146,1.0,True,True,10.3390/met9090930,False,False,False,True
4271,2019Yoon10,2019Yoon,146,1.0,True,True,10.3390/met9090930,False,False,False,True
4272,2019Yoon11,2019Yoon,146,1.0,True,True,10.3390/met9090930,False,False,False,True
4273,2019Yoon12,2019Yoon,146,1.0,True,True,10.3390/met9090930,False,False,False,True
4274,2019Yoon13,2019Yoon,146,1.0,True,True,10.3390/met9090930,False,False,False,True
4275,2019Yoon14,2019Yoon,146,1.0,True,True,10.3390/met9090930,False,False,False,True
4276,2019Yoon15,2019Yoon,146,1.0,True,True,10.3390/met9090930,False,False,False,True
4277,2019Yoon16,2019Yoon,146,1.0,True,True,10.3390/met9090930,False,False,False,True
4278,2019Yoon17,2019Yoon,146,1.0,True,True,10.3390/met9090930,False,False,False,True
4279,2019Yoon18,2019Yoon,146,1.0,True,True,10.3390/met9090930,False,False,False,True
4280,2019Yoon19,2019Yoon,146,1.0,True,True,10.3390/met9090930,False,False,False,True
4281,2019Yoon02,2019Yoon,146,1.0,True,True,10.3390/met9090930,False,False,False,True
4282,2019Yoon20,2019Yoon,146,1.0,True,True,10.3390/met9090930,False,False,False,True
4283,2019Yoon03,2019Yoon,146,1.0,True,True,10.3390/met9090930,False,False,False,True
4284,2019Yoon04,2019Yoon,146,1.0,True,True,10.3390/met9090930,False,False,False,True
4285,2019Yoon05,2019Yoon,146,1.0,True,True,10.3390/met9090930,False,False,False,True
4286,2019Yoon06,2019Yoon,146,1.0,True,True,10.3390/met9090930,False,False,False,True
4287,2019Yoon07,2019Yoon,146,1.0,True,True,10.3390/met9090930,False,False,False,True
4288,2019Yoon08,2019Yoon,146,1.0,True,True,10.3390/met9090930,False,False,False,True
4289,2019Yoon09,2019Yoon,146,1.0,True,True,10.3390/met9090930,False,False,False,True
4290,2019Zatkalikova01,2019Zatkalikova,147,1.0,True,True,10.30657/pea.2019.25.08,False,False,False,True
4291,2019Zatkalikova02,2019Zatkalikova,147,1.0,True,True,10.30657/pea.2019.25.08,False,False,False,True
4292,2020Elsener01,2020Elsener,148,0.0,True,False,10.1002/maco.202011557,False,False,False,False
4293,2020Elsener02,2020Elsener,148,0.0,True,False,10.1002/maco.202011557,False,False,False,False
4294,2020Elsener03,2020Elsener,148,0.0,True,False,10.1002/maco.202011557,False,False,False,False
4295,2020Elsener04,2020Elsener,148,0.0,True,False,10.1002/maco.202011557,False,False,False,False
4296,2020Elsener05,2020Elsener,148,0.0,True,False,10.1002/maco.202011557,False,False,False,False
4297,2020Elsener06,2020Elsener,148,0.0,True,False,10.1002/maco.202011557,False,False,False,False
4298,2020Elsener07,2020Elsener,148,0.0,True,False,10.1002/maco.202011557,False,False,False,False
4299,2020Elsener08,2020Elsener,148,0.0,True,False,10.1002/maco.202011557,False,False,False,False
4300,2020Heyn01,2020Heyn,149,1.0,True,True,10.1088/1757-899x/882/1/012010,False,False,False,True
4301,2020Heyn02,2020Heyn,149,1.0,True,True,10.1088/1757-899x/882/1/012010,False,False,False,True
4302,2020Heyn03,2020Heyn,149,1.0,True,True,10.1088/1757-899x/882/1/012010,False,False,False,True
4303,2020Heyn04,2020Heyn,149,1.0,True,True,10.1088/1757-899x/882/1/012010,False,False,False,True
4304,2020Heyn05,2020Heyn,149,1.0,True,True,10.1088/1757-899x/882/1/012010,False,False,False,True
4305,2020Heyn06,2020Heyn,149,1.0,True,True,10.1088/1757-899x/882/1/012010,False,False,False,True
4306,2020Heyn07,2020Heyn,149,1.0,True,True,10.1088/1757-899x/882/1/012010,False,False,False,True
4307,2020Heyn08,2020Heyn,149,1.0,True,True,10.1088/1757-899x/882/1/012010,False,False,False,True
4308,2020Heyn09,2020Heyn,149,1.0,True,True,10.1088/1757-899x/882/1/012010,False,False,False,True
4309,2020Heyn10,2020Heyn,149,1.0,True,True,10.1088/1757-899x/882/1/012010,False,False,False,True
4310,2020Heyn11,2020Heyn,149,1.0,True,True,10.1088/1757-899x/882/1/012010,False,False,False,True
4311,2020Melia001,2020Melia,150,1.0,True,True,10.1038/s41529-020-00126-5,False,False,False,True
4312,2020Melia010,2020Melia,150,1.0,True,True,10.1038/s41529-020-00126-5,False,False,False,True
4313,2020Melia100,2020Melia,150,1.0,True,True,10.1038/s41529-020-00126-5,False,False,False,True
4314,2020Melia101,2020Melia,150,1.0,True,True,10.1038/s41529-020-00126-5,False,False,False,True
4315,2020Melia102,2020Melia,150,0.0,True,False,10.1038/s41529-020-00126-5,False,False,False,False
4316,2020Melia103,2020Melia,150,0.0,True,False,10.1038/s41529-020-00126-5,False,False,False,False
4317,2020Melia104,2020Melia,150,1.0,True,True,10.1038/s41529-020-00126-5,False,False,False,True
4318,2020Melia105,2020Melia,150,1.0,True,True,10.1038/s41529-020-00126-5,False,False,False,True
4319,2020Melia106,2020Melia,150,1.0,True,True,10.1038/s41529-020-00126-5,False,False,False,True
4320,2020Melia107,2020Melia,150,1.0,True,True,10.1038/s41529-020-00126-5,False,False,False,True
4321,2020Melia108,2020Melia,150,1.0,True,True,10.1038/s41529-020-00126-5,False,False,False,True
4322,2020Melia109,2020Melia,150,0.0,True,False,10.1038/s41529-020-00126-5,False,False,False,False
4323,2020Melia011,2020Melia,150,1.0,True,True,10.1038/s41529-020-00126-5,False,False,False,True
4324,2020Melia110,2020Melia,150,0.0,True,False,10.1038/s41529-020-00126-5,False,False,False,False
4325,2020Melia111,2020Melia,150,1.0,True,True,10.1038/s41529-020-00126-5,False,False,False,True
4326,2020Melia112,2020Melia,150,1.0,True,True,10.1038/s41529-020-00126-5,False,False,False,True
4327,2020Melia113,2020Melia,150,1.0,True,True,10.1038/s41529-020-00126-5,False,False,False,True
4328,2020Melia114,2020Melia,150,1.0,True,True,10.1038/s41529-020-00126-5,False,False,False,True
4329,2020Melia115,2020Melia,150,1.0,True,True,10.1038/s41529-020-00126-5,False,False,False,True
4330,2020Melia116,2020Melia,150,1.0,True,True,10.1038/s41529-020-00126-5,False,False,False,True
4331,2020Melia117,2020Melia,150,1.0,True,True,10.1038/s41529-020-00126-5,False,False,False,True
4332,2020Melia118,2020Melia,150,1.0,True,True,10.1038/s41529-020-00126-5,False,False,False,True
4333,2020Melia119,2020Melia,150,0.0,True,False,10.1038/s41529-020-00126-5,False,False,False,False
4334,2020Melia012,2020Melia,150,1.0,True,True,10.1038/s41529-020-00126-5,False,False,False,True
4335,2020Melia120,2020Melia,150,0.0,True,False,10.1038/s41529-020-00126-5,False,False,False,False
4336,2020Melia121,2020Melia,150,1.0,True,True,10.1038/s41529-020-00126-5,False,False,False,True
4337,2020Melia122,2020Melia,150,1.0,True,True,10.1038/s41529-020-00126-5,False,False,False,True
4338,2020Melia123,2020Melia,150,1.0,True,True,10.1038/s41529-020-00126-5,False,False,False,True
4339,2020Melia013,2020Melia,150,1.0,True,True,10.1038/s41529-020-00126-5,False,False,False,True
4340,2020Melia014,2020Melia,150,1.0,True,True,10.1038/s41529-020-00126-5,False,False,False,True
4341,2020Melia015,2020Melia,150,1.0,True,True,10.1038/s41529-020-00126-5,False,False,False,True
4342,2020Melia016,2020Melia,150,1.0,True,True,10.1038/s41529-020-00126-5,False,False,False,True
4343,2020Melia017,2020Melia,150,1.0,True,True,10.1038/s41529-020-00126-5,False,False,False,True
4344,2020Melia018,2020Melia,150,1.0,True,True,10.1038/s41529-020-00126-5,False,False,False,True
4345,2020Melia019,2020Melia,150,1.0,True,True,10.1038/s41529-020-00126-5,False,False,False,True
4346,2020Melia002,2020Melia,150,1.0,True,True,10.1038/s41529-020-00126-5,False,False,False,True
4347,2020Melia020,2020Melia,150,1.0,True,True,10.1038/s41529-020-00126-5,False,False,False,True
4348,2020Melia021,2020Melia,150,1.0,True,True,10.1038/s41529-020-00126-5,False,False,False,True
4349,2020Melia022,2020Melia,150,1.0,True,True,10.1038/s41529-020-00126-5,False,False,False,True
4350,2020Melia023,2020Melia,150,1.0,True,True,10.1038/s41529-020-00126-5,False,False,False,True
4351,2020Melia024,2020Melia,150,1.0,True,True,10.1038/s41529-020-00126-5,False,False,False,True
4352,2020Melia025,2020Melia,150,1.0,True,True,10.1038/s41529-020-00126-5,False,False,False,True
4353,2020Melia026,2020Melia,150,1.0,True,True,10.1038/s41529-020-00126-5,False,False,False,True
4354,2020Melia027,2020Melia,150,1.0,True,True,10.1038/s41529-020-00126-5,False,False,False,True
4355,2020Melia028,2020Melia,150,1.0,True,True,10.1038/s41529-020-00126-5,False,False,False,True
4356,2020Melia029,2020Melia,150,1.0,True,True,10.1038/s41529-020-00126-5,False,False,False,True
4357,2020Melia003,2020Melia,150,1.0,True,True,10.1038/s41529-020-00126-5,False,False,False,True
4358,2020Melia030,2020Melia,150,1.0,True,True,10.1038/s41529-020-00126-5,False,False,False,True
4359,2020Melia031,2020Melia,150,1.0,True,True,10.1038/s41529-020-00126-5,False,False,False,True
4360,2020Melia032,2020Melia,150,1.0,True,True,10.1038/s41529-020-00126-5,False,False,False,True
4361,2020Melia033,2020Melia,150,1.0,True,True,10.1038/s41529-020-00126-5,False,False,False,True
4362,2020Melia034,2020Melia,150,1.0,True,True,10.1038/s41529-020-00126-5,False,False,False,True
4363,2020Melia035,2020Melia,150,1.0,True,True,10.1038/s41529-020-00126-5,False,False,False,True
4364,2020Melia036,2020Melia,150,1.0,True,True,10.1038/s41529-020-00126-5,False,False,False,True
4365,2020Melia037,2020Melia,150,1.0,True,True,10.1038/s41529-020-00126-5,False,False,False,True
4366,2020Melia038,2020Melia,150,1.0,True,True,10.1038/s41529-020-00126-5,False,False,False,True
4367,2020Melia039,2020Melia,150,1.0,True,True,10.1038/s41529-020-00126-5,False,False,False,True
4368,2020Melia004,2020Melia,150,1.0,True,True,10.1038/s41529-020-00126-5,False,False,False,True
4369,2020Melia040,2020Melia,150,1.0,True,True,10.1038/s41529-020-00126-5,False,False,False,True
4370,2020Melia041,2020Melia,150,1.0,True,True,10.1038/s41529-020-00126-5,False,False,False,True
4371,2020Melia042,2020Melia,150,1.0,True,True,10.1038/s41529-020-00126-5,False,False,False,True
4372,2020Melia043,2020Melia,150,1.0,True,True,10.1038/s41529-020-00126-5,False,False,False,True
4373,2020Melia044,2020Melia,150,1.0,True,True,10.1038/s41529-020-00126-5,False,False,False,True
4374,2020Melia045,2020Melia,150,1.0,True,True,10.1038/s41529-020-00126-5,False,False,False,True
4375,2020Melia046,2020Melia,150,1.0,True,True,10.1038/s41529-020-00126-5,False,False,False,True
4376,2020Melia047,2020Melia,150,1.0,True,True,10.1038/s41529-020-00126-5,False,False,False,True
4377,2020Melia048,2020Melia,150,0.0,True,False,10.1038/s41529-020-00126-5,False,False,False,False
4378,2020Melia049,2020Melia,150,1.0,True,True,10.1038/s41529-020-00126-5,False,False,False,True
4379,2020Melia005,2020Melia,150,1.0,True,True,10.1038/s41529-020-00126-5,False,False,False,True
4380,2020Melia050,2020Melia,150,1.0,True,True,10.1038/s41529-020-00126-5,False,False,False,True
4381,2020Melia051,2020Melia,150,1.0,True,True,10.1038/s41529-020-00126-5,False,False,False,True
4382,2020Melia052,2020Melia,150,1.0,True,True,10.1038/s41529-020-00126-5,False,False,False,True
4383,2020Melia053,2020Melia,150,1.0,True,True,10.1038/s41529-020-00126-5,False,False,False,True
4384,2020Melia054,2020Melia,150,1.0,True,True,10.1038/s41529-020-00126-5,False,False,False,True
4385,2020Melia055,2020Melia,150,1.0,True,True,10.1038/s41529-020-00126-5,False,False,False,True
4386,2020Melia056,2020Melia,150,1.0,True,True,10.1038/s41529-020-00126-5,False,False,False,True
4387,2020Melia057,2020Melia,150,1.0,True,True,10.1038/s41529-020-00126-5,False,False,False,True
4388,2020Melia058,2020Melia,150,1.0,True,True,10.1038/s41529-020-00126-5,False,False,False,True
4389,2020Melia059,2020Melia,150,1.0,True,True,10.1038/s41529-020-00126-5,False,False,False,True
4390,2020Melia006,2020Melia,150,1.0,True,True,10.1038/s41529-020-00126-5,False,False,False,True
4391,2020Melia060,2020Melia,150,1.0,True,True,10.1038/s41529-020-00126-5,False,False,False,True
4392,2020Melia061,2020Melia,150,1.0,True,True,10.1038/s41529-020-00126-5,False,False,False,True
4393,2020Melia062,2020Melia,150,1.0,True,True,10.1038/s41529-020-00126-5,False,False,False,True
4394,2020Melia063,2020Melia,150,1.0,True,True,10.1038/s41529-020-00126-5,False,False,False,True
4395,2020Melia064,2020Melia,150,1.0,True,True,10.1038/s41529-020-00126-5,False,False,False,True
4396,2020Melia065,2020Melia,150,1.0,True,True,10.1038/s41529-020-00126-5,False,False,False,True
4397,2020Melia066,2020Melia,150,1.0,True,True,10.1038/s41529-020-00126-5,False,False,False,True
4398,2020Melia067,2020Melia,150,1.0,True,True,10.1038/s41529-020-00126-5,False,False,False,True
4399,2020Melia068,2020Melia,150,1.0,True,True,10.1038/s41529-020-00126-5,False,False,False,True
4400,2020Melia069,2020Melia,150,1.0,True,True,10.1038/s41529-020-00126-5,False,False,False,True
4401,2020Melia007,2020Melia,150,1.0,True,True,10.1038/s41529-020-00126-5,False,False,False,True
4402,2020Melia070,2020Melia,150,1.0,True,True,10.1038/s41529-020-00126-5,False,False,False,True
4403,2020Melia071,2020Melia,150,1.0,True,True,10.1038/s41529-020-00126-5,False,False,False,True
4404,2020Melia072,2020Melia,150,1.0,True,True,10.1038/s41529-020-00126-5,False,False,False,True
4405,2020Melia073,2020Melia,150,1.0,True,True,10.1038/s41529-020-00126-5,False,False,False,True
4406,2020Melia074,2020Melia,150,1.0,True,True,10.1038/s41529-020-00126-5,False,False,False,True
4407,2020Melia075,2020Melia,150,1.0,True,True,10.1038/s41529-020-00126-5,False,False,False,True
4408,2020Melia076,2020Melia,150,1.0,True,True,10.1038/s41529-020-00126-5,False,False,False,True
4409,2020Melia077,2020Melia,150,1.0,True,True,10.1038/s41529-020-00126-5,False,False,False,True
4410,2020Melia078,2020Melia,150,1.0,True,True,10.1038/s41529-020-00126-5,False,False,False,True
4411,2020Melia079,2020Melia,150,1.0,True,True,10.1038/s41529-020-00126-5,False,False,False,True
4412,2020Melia008,2020Melia,150,1.0,True,True,10.1038/s41529-020-00126-5,False,False,False,True
4413,2020Melia080,2020Melia,150,1.0,True,True,10.1038/s41529-020-00126-5,False,False,False,True
4414,2020Melia081,2020Melia,150,1.0,True,True,10.1038/s41529-020-00126-5,False,False,False,True
4415,2020Melia082,2020Melia,150,1.0,True,True,10.1038/s41529-020-00126-5,False,False,False,True
4416,2020Melia083,2020Melia,150,1.0,True,True,10.1038/s41529-020-00126-5,False,False,False,True
4417,2020Melia084,2020Melia,150,1.0,True,True,10.1038/s41529-020-00126-5,False,False,False,True
4418,2020Melia085,2020Melia,150,1.0,True,True,10.1038/s41529-020-00126-5,False,False,False,True
4419,2020Melia086,2020Melia,150,1.0,True,True,10.1038/s41529-020-00126-5,False,False,False,True
4420,2020Melia087,2020Melia,150,1.0,True,True,10.1038/s41529-020-00126-5,False,False,False,True
4421,2020Melia088,2020Melia,150,1.0,True,True,10.1038/s41529-020-00126-5,False,False,False,True
4422,2020Melia089,2020Melia,150,1.0,True,True,10.1038/s41529-020-00126-5,False,False,False,True
4423,2020Melia009,2020Melia,150,1.0,True,True,10.1038/s41529-020-00126-5,False,False,False,True
4424,2020Melia090,2020Melia,150,1.0,True,True,10.1038/s41529-020-00126-5,False,False,False,True
4425,2020Melia091,2020Melia,150,1.0,True,True,10.1038/s41529-020-00126-5,False,False,False,True
4426,2020Melia092,2020Melia,150,1.0,True,True,10.1038/s41529-020-00126-5,False,False,False,True
4427,2020Melia093,2020Melia,150,1.0,True,True,10.1038/s41529-020-00126-5,False,False,False,True
4428,2020Melia094,2020Melia,150,1.0,True,True,10.1038/s41529-020-00126-5,False,False,False,True
4429,2020Melia095,2020Melia,150,1.0,True,True,10.1038/s41529-020-00126-5,False,False,False,True
4430,2020Melia096,2020Melia,150,0.0,True,False,10.1038/s41529-020-00126-5,False,False,False,False
4431,2020Melia097,2020Melia,150,0.0,True,False,10.1038/s41529-020-00126-5,False,False,False,False
4432,2020Melia098,2020Melia,150,0.0,True,False,10.1038/s41529-020-00126-5,False,False,False,False
4433,2020Melia099,2020Melia,150,0.0,True,False,10.1038/s41529-020-00126-5,False,False,False,False
4434,2020Sander1,2020Sander,151,1.0,True,True,10.1016/j.corsci.2020.109004,False,False,False,True
4435,2020Sander2,2020Sander,151,1.0,True,True,10.1016/j.corsci.2020.109004,False,False,False,True
4436,2020Sander3,2020Sander,151,1.0,True,True,10.1016/j.corsci.2020.109004,False,False,False,True
4437,2021Ornek01,2021Ornek,152,1.0,True,True,10.3390/cmd2030021,False,False,False,True
4438,2021Ornek02,2021Ornek,152,1.0,True,True,10.3390/cmd2030021,False,False,False,True
4439,2021Ornek03,2021Ornek,152,1.0,True,True,10.3390/cmd2030021,False,False,False,True
4440,2021Vignal1,2021Vignal,153,1.0,True,True,10.1007/s11665-021-05621-7,False,False,False,True
4441,2021Vignal2,2021Vignal,153,1.0,True,True,10.1007/s11665-021-05621-7,False,False,False,True
4442,2021Vignal3,2021Vignal,153,1.0,True,True,10.1007/s11665-021-05621-7,False,False,False,True
4443,2021Vignal4,2021Vignal,153,1.0,True,True,10.1007/s11665-021-05621-7,False,False,False,True
4444,2021Vignal5,2021Vignal,153,1.0,True,True,10.1007/s11665-021-05621-7,False,False,False,True
4445,2021Vignal6,2021Vignal,153,0.0,True,False,10.1007/s11665-021-05621-7,False,False,False,False
4446,2021Vignal7,2021Vignal,153,0.0,True,False,10.1007/s11665-021-05621-7,False,False,False,False
4447,2022Vasyliev01,2022Vasyliev,154,1.0,True,True,10.1016/j.tsep.2022.101278,False,False,False,True
4448,2022Vasyliev02,2022Vasyliev,154,1.0,True,True,10.1016/j.tsep.2022.101278,False,False,False,True
4449,2022Vasyliev03,2022Vasyliev,154,1.0,True,True,10.1016/j.tsep.2022.101278,False,False,False,True
4450,2022Vasyliev04,2022Vasyliev,154,1.0,True,True,10.1016/j.tsep.2022.101278,False,False,False,True
4451,2022Vasyliev05,2022Vasyliev,154,1.0,True,True,10.1016/j.tsep.2022.101278,False,False,False,True
4452,2022Vasyliev06,2022Vasyliev,154,1.0,True,True,10.1016/j.tsep.2022.101278,False,False,False,True
4453,2022Vasyliev07,2022Vasyliev,154,1.0,True,True,10.1016/j.tsep.2022.101278,False,False,False,True
4454,2022Vasyliev08,2022Vasyliev,154,1.0,True,True,10.1016/j.tsep.2022.101278,False,False,False,True
4455,2022Vasyliev09,2022Vasyliev,154,1.0,True,True,10.1016/j.tsep.2022.101278,False,False,False,True
4456,2022Vasyliev09,2022Vasyliev,154,1.0,True,True,10.1016/j.tsep.2022.101278,False,False,False,True
4457,2022Vasyliev09,2022Vasyliev,154,1.0,True,True,10.1016/j.tsep.2022.101278,False,False,False,True
4458,2022Vasyliev09,2022Vasyliev,154,1.0,True,True,10.1016/j.tsep.2022.101278,False,False,False,True
4459,2022Vasyliev09,2022Vasyliev,154,1.0,True,True,10.1016/j.tsep.2022.101278,False,False,False,True
4460,2022Vasyliev09,2022Vasyliev,154,1.0,True,True,10.1016/j.tsep.2022.101278,False,False,False,True
4461,2022Vasyliev09,2022Vasyliev,154,1.0,True,True,10.1016/j.tsep.2022.101278,False,False,False,True
