optuna_validation_fold,model,model_kind,model_source,task_id,dataset,table,target,target_threshold_median,target_binning,target_bins,target_bin_edges,regression_output,regression_uncertainty,regression_quantile_alphas,n_samples,n_train,n_test,n_features,pitting_magpie_features,n_classes,class_labels,class_counts,positive_label,positive_rate,split_strategy,split_group_count,split_train_group_count,split_test_group_count,split_group_overlap_count,include_in_summary,summary_exclusion_reason,task_quality_flags,task_family,test_mae,test_rmse,test_r2,test_spearman,test_pearson,test_nmae_iqr,test_nrmse_iqr,feature_groups,feature_group_counts,dropped_feature_columns,test_pinball_loss,test_npinball_iqr,test_quantile_calibration_mae,test_quantile_calibration_max_error,test_interval_50_coverage,test_interval_50_coverage_error,test_interval_50_mean_width,test_interval_50_nwidth_iqr,test_interval_50_winkler,test_interval_50_nwinkler_iqr,test_interval_80_coverage,test_interval_80_coverage_error,test_interval_80_mean_width,test_interval_80_nwidth_iqr,test_interval_80_winkler,test_interval_80_nwinkler_iqr,test_interval_90_coverage,test_interval_90_coverage_error,test_interval_90_mean_width,test_interval_90_nwidth_iqr,test_interval_90_winkler,test_interval_90_nwinkler_iqr,checkpoint_name,checkpoint_step
1,generic_baseline,local_tabicl_regressor,/home/fcolanto/projects/tabicl/checkpoints/tabicl_s1_regression_baseline/step-500.ckpt,electrochemical_metrics_alloys__pitting_potential__epit_mv_sce_avg,electrochemical_metrics_alloys,Pitting Potential,"Epit, mV (SCE) Avg.",,continuous,0,,median,False,,608,486,122,21,False,0,,,,,epit_pipeline_development_fold_1,0,0,0,0,True,,,normal_corrosion,248.19386855397136,314.8301756962698,0.2601112261189677,0.5457378431700151,0.5517516913985722,0.498028741812214,0.6317419410884261,"environment,material,process_history","{""environment"": 3, ""material"": 17, ""process_history"": 1}","Composition, wt.% N:numeric_sparse_0.34;Composition, wt.% C:numeric_sparse_0.45;Composition, wt.% Si:numeric_sparse_0.44;Composition, wt.% Mn:numeric_sparse_0.41;Composition, wt.% Cu:numeric_sparse_0.19;Composition, wt.% P:numeric_sparse_0.23;Composition, wt.% S:numeric_sparse_0.25;Test Solution:high_cardinality;Heat treatment:categorical_sparse_0.54;Microstructures:categorical_sparse_0.28",,,,,,,,,,,,,,,,,,,,,,,step-500,500
1,trial_0025,local_tabicl_regressor,/home/fcolanto/projects/tabicl/checkpoints/epit_pipeline_final_v1/final_epit_pipeline_optuna_fe_ni_v4_trial_0025/step-500.ckpt,electrochemical_metrics_alloys__pitting_potential__epit_mv_sce_avg,electrochemical_metrics_alloys,Pitting Potential,"Epit, mV (SCE) Avg.",,continuous,0,,median,False,,608,486,122,31,True,0,,,,,epit_pipeline_development_fold_1,0,0,0,0,True,,,normal_corrosion,306.97243653583007,470.5638044369885,-0.6529159529444315,0.3336032121737707,0.1757348259969815,0.6159745090790758,0.9442388759702992,"environment,material,material_descriptor,process_history","{""environment"": 3, ""material"": 17, ""material_descriptor"": 10, ""process_history"": 1}","Composition, wt.% N:numeric_sparse_0.34;Composition, wt.% C:numeric_sparse_0.45;Composition, wt.% Si:numeric_sparse_0.44;Composition, wt.% Mn:numeric_sparse_0.41;Composition, wt.% Cu:numeric_sparse_0.19;Composition, wt.% P:numeric_sparse_0.23;Composition, wt.% S:numeric_sparse_0.25;Test Solution:high_cardinality;Heat treatment:categorical_sparse_0.54;Microstructures:categorical_sparse_0.28",,,,,,,,,,,,,,,,,,,,,,,step-500,500
1,pretrained_tabicl_v2,pretrained_tabicl_regressor,/home/fcolanto/.cache/huggingface/hub/models--jingang--TabICL/snapshots/4dcd344ece2c00be9e831fdd35bed57b5ad83e19/tabicl-regressor-v2-20260212.ckpt,electrochemical_metrics_alloys__pitting_potential__epit_mv_sce_avg,electrochemical_metrics_alloys,Pitting Potential,"Epit, mV (SCE) Avg.",,continuous,0,,median,False,,608,486,122,21,False,0,,,,,epit_pipeline_development_fold_1,0,0,0,0,True,,,normal_corrosion,247.5178470109265,504.15891098827655,-0.8973551477817541,0.4972654121034983,0.2579260068849429,0.4966722290164623,1.011651212722474,"environment,material,process_history","{""environment"": 3, ""material"": 17, ""process_history"": 1}","Composition, wt.% N:numeric_sparse_0.34;Composition, wt.% C:numeric_sparse_0.45;Composition, wt.% Si:numeric_sparse_0.44;Composition, wt.% Mn:numeric_sparse_0.41;Composition, wt.% Cu:numeric_sparse_0.19;Composition, wt.% P:numeric_sparse_0.23;Composition, wt.% S:numeric_sparse_0.25;Test Solution:high_cardinality;Heat treatment:categorical_sparse_0.54;Microstructures:categorical_sparse_0.28",,,,,,,,,,,,,,,,,,,,,,,step-500,500
1,catboost,catboost_regressor,catboost==1.2.10;iterations=1000;depth=6;learning_rate=0.03;l2_leaf_reg=3;thread_count=8,electrochemical_metrics_alloys__pitting_potential__epit_mv_sce_avg,electrochemical_metrics_alloys,Pitting Potential,"Epit, mV (SCE) Avg.",,continuous,0,,median,False,,608,486,122,21,False,0,,,,,epit_pipeline_development_fold_1,0,0,0,0,True,,,normal_corrosion,217.56468986329372,340.6674030557137,0.1336868750181218,0.4787131740337256,0.4886175443365949,0.4365678708610748,0.6835872260211673,"environment,material,process_history","{""environment"": 3, ""material"": 17, ""process_history"": 1}","Composition, wt.% N:numeric_sparse_0.34;Composition, wt.% C:numeric_sparse_0.45;Composition, wt.% Si:numeric_sparse_0.44;Composition, wt.% Mn:numeric_sparse_0.41;Composition, wt.% Cu:numeric_sparse_0.19;Composition, wt.% P:numeric_sparse_0.23;Composition, wt.% S:numeric_sparse_0.25;Test Solution:high_cardinality;Heat treatment:categorical_sparse_0.54;Microstructures:categorical_sparse_0.28",,,,,,,,,,,,,,,,,,,,,,,step-500,500
1,generic_baseline,local_tabicl_regressor,/home/fcolanto/projects/tabicl/checkpoints/tabicl_s1_regression_baseline/step-1000.ckpt,electrochemical_metrics_alloys__pitting_potential__epit_mv_sce_avg,electrochemical_metrics_alloys,Pitting Potential,"Epit, mV (SCE) Avg.",,continuous,0,,median,False,,608,486,122,21,False,0,,,,,epit_pipeline_development_fold_1,0,0,0,0,True,,,normal_corrosion,253.8025069563923,380.7803942623566,-0.0823379661941876,0.3531402323854729,0.4140205364812012,0.509283101732995,0.7640784269414855,"environment,material,process_history","{""environment"": 3, ""material"": 17, ""process_history"": 1}","Composition, wt.% N:numeric_sparse_0.34;Composition, wt.% C:numeric_sparse_0.45;Composition, wt.% Si:numeric_sparse_0.44;Composition, wt.% Mn:numeric_sparse_0.41;Composition, wt.% Cu:numeric_sparse_0.19;Composition, wt.% P:numeric_sparse_0.23;Composition, wt.% S:numeric_sparse_0.25;Test Solution:high_cardinality;Heat treatment:categorical_sparse_0.54;Microstructures:categorical_sparse_0.28",,,,,,,,,,,,,,,,,,,,,,,step-1000,1000
1,trial_0025,local_tabicl_regressor,/home/fcolanto/projects/tabicl/checkpoints/epit_pipeline_final_v1/final_epit_pipeline_optuna_fe_ni_v4_trial_0025/step-1000.ckpt,electrochemical_metrics_alloys__pitting_potential__epit_mv_sce_avg,electrochemical_metrics_alloys,Pitting Potential,"Epit, mV (SCE) Avg.",,continuous,0,,median,False,,608,486,122,31,True,0,,,,,epit_pipeline_development_fold_1,0,0,0,0,True,,,normal_corrosion,255.0564602227726,427.5393907718107,-0.3644763185158191,0.4260735943733394,0.3063743710838779,0.5117992991361991,0.8579055804311422,"environment,material,material_descriptor,process_history","{""environment"": 3, ""material"": 17, ""material_descriptor"": 10, ""process_history"": 1}","Composition, wt.% N:numeric_sparse_0.34;Composition, wt.% C:numeric_sparse_0.45;Composition, wt.% Si:numeric_sparse_0.44;Composition, wt.% Mn:numeric_sparse_0.41;Composition, wt.% Cu:numeric_sparse_0.19;Composition, wt.% P:numeric_sparse_0.23;Composition, wt.% S:numeric_sparse_0.25;Test Solution:high_cardinality;Heat treatment:categorical_sparse_0.54;Microstructures:categorical_sparse_0.28",,,,,,,,,,,,,,,,,,,,,,,step-1000,1000
1,pretrained_tabicl_v2,pretrained_tabicl_regressor,/home/fcolanto/.cache/huggingface/hub/models--jingang--TabICL/snapshots/4dcd344ece2c00be9e831fdd35bed57b5ad83e19/tabicl-regressor-v2-20260212.ckpt,electrochemical_metrics_alloys__pitting_potential__epit_mv_sce_avg,electrochemical_metrics_alloys,Pitting Potential,"Epit, mV (SCE) Avg.",,continuous,0,,median,False,,608,486,122,21,False,0,,,,,epit_pipeline_development_fold_1,0,0,0,0,True,,,normal_corrosion,247.5178470109265,504.15891098827655,-0.8973551477817541,0.4972654121034983,0.2579260068849429,0.4966722290164623,1.011651212722474,"environment,material,process_history","{""environment"": 3, ""material"": 17, ""process_history"": 1}","Composition, wt.% N:numeric_sparse_0.34;Composition, wt.% C:numeric_sparse_0.45;Composition, wt.% Si:numeric_sparse_0.44;Composition, wt.% Mn:numeric_sparse_0.41;Composition, wt.% Cu:numeric_sparse_0.19;Composition, wt.% P:numeric_sparse_0.23;Composition, wt.% S:numeric_sparse_0.25;Test Solution:high_cardinality;Heat treatment:categorical_sparse_0.54;Microstructures:categorical_sparse_0.28",,,,,,,,,,,,,,,,,,,,,,,step-1000,1000
1,catboost,catboost_regressor,catboost==1.2.10;iterations=1000;depth=6;learning_rate=0.03;l2_leaf_reg=3;thread_count=8,electrochemical_metrics_alloys__pitting_potential__epit_mv_sce_avg,electrochemical_metrics_alloys,Pitting Potential,"Epit, mV (SCE) Avg.",,continuous,0,,median,False,,608,486,122,21,False,0,,,,,epit_pipeline_development_fold_1,0,0,0,0,True,,,normal_corrosion,217.56468986329372,340.6674030557137,0.1336868750181218,0.4787131740337256,0.4886175443365949,0.4365678708610748,0.6835872260211673,"environment,material,process_history","{""environment"": 3, ""material"": 17, ""process_history"": 1}","Composition, wt.% N:numeric_sparse_0.34;Composition, wt.% C:numeric_sparse_0.45;Composition, wt.% Si:numeric_sparse_0.44;Composition, wt.% Mn:numeric_sparse_0.41;Composition, wt.% Cu:numeric_sparse_0.19;Composition, wt.% P:numeric_sparse_0.23;Composition, wt.% S:numeric_sparse_0.25;Test Solution:high_cardinality;Heat treatment:categorical_sparse_0.54;Microstructures:categorical_sparse_0.28",,,,,,,,,,,,,,,,,,,,,,,step-1000,1000
1,generic_baseline,local_tabicl_regressor,/home/fcolanto/projects/tabicl/checkpoints/tabicl_s1_regression_baseline/step-1500.ckpt,electrochemical_metrics_alloys__pitting_potential__epit_mv_sce_avg,electrochemical_metrics_alloys,Pitting Potential,"Epit, mV (SCE) Avg.",,continuous,0,,median,False,,608,486,122,21,False,0,,,,,epit_pipeline_development_fold_1,0,0,0,0,True,,,normal_corrosion,238.61725003496747,397.7377024549093,-0.1808840476998481,0.4226830357236089,0.3956189280533832,0.4788121862235416,0.7981051614166867,"environment,material,process_history","{""environment"": 3, ""material"": 17, ""process_history"": 1}","Composition, wt.% N:numeric_sparse_0.34;Composition, wt.% C:numeric_sparse_0.45;Composition, wt.% Si:numeric_sparse_0.44;Composition, wt.% Mn:numeric_sparse_0.41;Composition, wt.% Cu:numeric_sparse_0.19;Composition, wt.% P:numeric_sparse_0.23;Composition, wt.% S:numeric_sparse_0.25;Test Solution:high_cardinality;Heat treatment:categorical_sparse_0.54;Microstructures:categorical_sparse_0.28",,,,,,,,,,,,,,,,,,,,,,,step-1500,1500
1,trial_0025,local_tabicl_regressor,/home/fcolanto/projects/tabicl/checkpoints/epit_pipeline_final_v1/final_epit_pipeline_optuna_fe_ni_v4_trial_0025/step-1500.ckpt,electrochemical_metrics_alloys__pitting_potential__epit_mv_sce_avg,electrochemical_metrics_alloys,Pitting Potential,"Epit, mV (SCE) Avg.",,continuous,0,,median,False,,608,486,122,31,True,0,,,,,epit_pipeline_development_fold_1,0,0,0,0,True,,,normal_corrosion,251.57301428461332,439.13289096466207,-0.4394801095293397,0.4174749261407871,0.3068922124409899,0.5048093754613721,0.8811692345571902,"environment,material,material_descriptor,process_history","{""environment"": 3, ""material"": 17, ""material_descriptor"": 10, ""process_history"": 1}","Composition, wt.% N:numeric_sparse_0.34;Composition, wt.% C:numeric_sparse_0.45;Composition, wt.% Si:numeric_sparse_0.44;Composition, wt.% Mn:numeric_sparse_0.41;Composition, wt.% Cu:numeric_sparse_0.19;Composition, wt.% P:numeric_sparse_0.23;Composition, wt.% S:numeric_sparse_0.25;Test Solution:high_cardinality;Heat treatment:categorical_sparse_0.54;Microstructures:categorical_sparse_0.28",,,,,,,,,,,,,,,,,,,,,,,step-1500,1500
1,pretrained_tabicl_v2,pretrained_tabicl_regressor,/home/fcolanto/.cache/huggingface/hub/models--jingang--TabICL/snapshots/4dcd344ece2c00be9e831fdd35bed57b5ad83e19/tabicl-regressor-v2-20260212.ckpt,electrochemical_metrics_alloys__pitting_potential__epit_mv_sce_avg,electrochemical_metrics_alloys,Pitting Potential,"Epit, mV (SCE) Avg.",,continuous,0,,median,False,,608,486,122,21,False,0,,,,,epit_pipeline_development_fold_1,0,0,0,0,True,,,normal_corrosion,247.5178470109265,504.15891098827655,-0.8973551477817541,0.4972654121034983,0.2579260068849429,0.4966722290164623,1.011651212722474,"environment,material,process_history","{""environment"": 3, ""material"": 17, ""process_history"": 1}","Composition, wt.% N:numeric_sparse_0.34;Composition, wt.% C:numeric_sparse_0.45;Composition, wt.% Si:numeric_sparse_0.44;Composition, wt.% Mn:numeric_sparse_0.41;Composition, wt.% Cu:numeric_sparse_0.19;Composition, wt.% P:numeric_sparse_0.23;Composition, wt.% S:numeric_sparse_0.25;Test Solution:high_cardinality;Heat treatment:categorical_sparse_0.54;Microstructures:categorical_sparse_0.28",,,,,,,,,,,,,,,,,,,,,,,step-1500,1500
1,catboost,catboost_regressor,catboost==1.2.10;iterations=1000;depth=6;learning_rate=0.03;l2_leaf_reg=3;thread_count=8,electrochemical_metrics_alloys__pitting_potential__epit_mv_sce_avg,electrochemical_metrics_alloys,Pitting Potential,"Epit, mV (SCE) Avg.",,continuous,0,,median,False,,608,486,122,21,False,0,,,,,epit_pipeline_development_fold_1,0,0,0,0,True,,,normal_corrosion,217.56468986329372,340.6674030557137,0.1336868750181218,0.4787131740337256,0.4886175443365949,0.4365678708610748,0.6835872260211673,"environment,material,process_history","{""environment"": 3, ""material"": 17, ""process_history"": 1}","Composition, wt.% N:numeric_sparse_0.34;Composition, wt.% C:numeric_sparse_0.45;Composition, wt.% Si:numeric_sparse_0.44;Composition, wt.% Mn:numeric_sparse_0.41;Composition, wt.% Cu:numeric_sparse_0.19;Composition, wt.% P:numeric_sparse_0.23;Composition, wt.% S:numeric_sparse_0.25;Test Solution:high_cardinality;Heat treatment:categorical_sparse_0.54;Microstructures:categorical_sparse_0.28",,,,,,,,,,,,,,,,,,,,,,,step-1500,1500
1,generic_baseline,local_tabicl_regressor,/home/fcolanto/projects/tabicl/checkpoints/tabicl_s1_regression_baseline/step-2000.ckpt,electrochemical_metrics_alloys__pitting_potential__epit_mv_sce_avg,electrochemical_metrics_alloys,Pitting Potential,"Epit, mV (SCE) Avg.",,continuous,0,,median,False,,608,486,122,21,False,0,,,,,epit_pipeline_development_fold_1,0,0,0,0,True,,,normal_corrosion,239.2264430752596,426.9828659493052,-0.3609263732825758,0.4223393533653516,0.3497104647571358,0.4800346001580399,0.8567888511631934,"environment,material,process_history","{""environment"": 3, ""material"": 17, ""process_history"": 1}","Composition, wt.% N:numeric_sparse_0.34;Composition, wt.% C:numeric_sparse_0.45;Composition, wt.% Si:numeric_sparse_0.44;Composition, wt.% Mn:numeric_sparse_0.41;Composition, wt.% Cu:numeric_sparse_0.19;Composition, wt.% P:numeric_sparse_0.23;Composition, wt.% S:numeric_sparse_0.25;Test Solution:high_cardinality;Heat treatment:categorical_sparse_0.54;Microstructures:categorical_sparse_0.28",,,,,,,,,,,,,,,,,,,,,,,step-2000,2000
1,trial_0025,local_tabicl_regressor,/home/fcolanto/projects/tabicl/checkpoints/epit_pipeline_final_v1/final_epit_pipeline_optuna_fe_ni_v4_trial_0025/step-2000.ckpt,electrochemical_metrics_alloys__pitting_potential__epit_mv_sce_avg,electrochemical_metrics_alloys,Pitting Potential,"Epit, mV (SCE) Avg.",,continuous,0,,median,False,,608,486,122,31,True,0,,,,,epit_pipeline_development_fold_1,0,0,0,0,True,,,normal_corrosion,233.8256387786208,389.35684272804014,-0.1316427818480328,0.4476099206114419,0.3970504168383565,0.4691972826034199,0.7812880295133269,"environment,material,material_descriptor,process_history","{""environment"": 3, ""material"": 17, ""material_descriptor"": 10, ""process_history"": 1}","Composition, wt.% N:numeric_sparse_0.34;Composition, wt.% C:numeric_sparse_0.45;Composition, wt.% Si:numeric_sparse_0.44;Composition, wt.% Mn:numeric_sparse_0.41;Composition, wt.% Cu:numeric_sparse_0.19;Composition, wt.% P:numeric_sparse_0.23;Composition, wt.% S:numeric_sparse_0.25;Test Solution:high_cardinality;Heat treatment:categorical_sparse_0.54;Microstructures:categorical_sparse_0.28",,,,,,,,,,,,,,,,,,,,,,,step-2000,2000
1,pretrained_tabicl_v2,pretrained_tabicl_regressor,/home/fcolanto/.cache/huggingface/hub/models--jingang--TabICL/snapshots/4dcd344ece2c00be9e831fdd35bed57b5ad83e19/tabicl-regressor-v2-20260212.ckpt,electrochemical_metrics_alloys__pitting_potential__epit_mv_sce_avg,electrochemical_metrics_alloys,Pitting Potential,"Epit, mV (SCE) Avg.",,continuous,0,,median,False,,608,486,122,21,False,0,,,,,epit_pipeline_development_fold_1,0,0,0,0,True,,,normal_corrosion,247.5178470109265,504.15891098827655,-0.8973551477817541,0.4972654121034983,0.2579260068849429,0.4966722290164623,1.011651212722474,"environment,material,process_history","{""environment"": 3, ""material"": 17, ""process_history"": 1}","Composition, wt.% N:numeric_sparse_0.34;Composition, wt.% C:numeric_sparse_0.45;Composition, wt.% Si:numeric_sparse_0.44;Composition, wt.% Mn:numeric_sparse_0.41;Composition, wt.% Cu:numeric_sparse_0.19;Composition, wt.% P:numeric_sparse_0.23;Composition, wt.% S:numeric_sparse_0.25;Test Solution:high_cardinality;Heat treatment:categorical_sparse_0.54;Microstructures:categorical_sparse_0.28",,,,,,,,,,,,,,,,,,,,,,,step-2000,2000
1,catboost,catboost_regressor,catboost==1.2.10;iterations=1000;depth=6;learning_rate=0.03;l2_leaf_reg=3;thread_count=8,electrochemical_metrics_alloys__pitting_potential__epit_mv_sce_avg,electrochemical_metrics_alloys,Pitting Potential,"Epit, mV (SCE) Avg.",,continuous,0,,median,False,,608,486,122,21,False,0,,,,,epit_pipeline_development_fold_1,0,0,0,0,True,,,normal_corrosion,217.56468986329372,340.6674030557137,0.1336868750181218,0.4787131740337256,0.4886175443365949,0.4365678708610748,0.6835872260211673,"environment,material,process_history","{""environment"": 3, ""material"": 17, ""process_history"": 1}","Composition, wt.% N:numeric_sparse_0.34;Composition, wt.% C:numeric_sparse_0.45;Composition, wt.% Si:numeric_sparse_0.44;Composition, wt.% Mn:numeric_sparse_0.41;Composition, wt.% Cu:numeric_sparse_0.19;Composition, wt.% P:numeric_sparse_0.23;Composition, wt.% S:numeric_sparse_0.25;Test Solution:high_cardinality;Heat treatment:categorical_sparse_0.54;Microstructures:categorical_sparse_0.28",,,,,,,,,,,,,,,,,,,,,,,step-2000,2000
1,generic_baseline,local_tabicl_regressor,/home/fcolanto/projects/tabicl/checkpoints/tabicl_s1_regression_baseline/step-2500.ckpt,electrochemical_metrics_alloys__pitting_potential__epit_mv_sce_avg,electrochemical_metrics_alloys,Pitting Potential,"Epit, mV (SCE) Avg.",,continuous,0,,median,False,,608,486,122,21,False,0,,,,,epit_pipeline_development_fold_1,0,0,0,0,True,,,normal_corrosion,257.5563063078187,464.32268054530965,-0.609361213523983,0.4359379389829352,0.3207273341682393,0.5168155197532244,0.9317153632124044,"environment,material,process_history","{""environment"": 3, ""material"": 17, ""process_history"": 1}","Composition, wt.% N:numeric_sparse_0.34;Composition, wt.% C:numeric_sparse_0.45;Composition, wt.% Si:numeric_sparse_0.44;Composition, wt.% Mn:numeric_sparse_0.41;Composition, wt.% Cu:numeric_sparse_0.19;Composition, wt.% P:numeric_sparse_0.23;Composition, wt.% S:numeric_sparse_0.25;Test Solution:high_cardinality;Heat treatment:categorical_sparse_0.54;Microstructures:categorical_sparse_0.28",,,,,,,,,,,,,,,,,,,,,,,step-2500,2500
1,trial_0025,local_tabicl_regressor,/home/fcolanto/projects/tabicl/checkpoints/epit_pipeline_final_v1/final_epit_pipeline_optuna_fe_ni_v4_trial_0025/step-2500.ckpt,electrochemical_metrics_alloys__pitting_potential__epit_mv_sce_avg,electrochemical_metrics_alloys,Pitting Potential,"Epit, mV (SCE) Avg.",,continuous,0,,median,False,,608,486,122,31,True,0,,,,,epit_pipeline_development_fold_1,0,0,0,0,True,,,normal_corrosion,247.1885103021256,379.28926447447503,-0.073877728268402,0.4314568497733499,0.4011489767035786,0.4960113780950745,0.7610863083349138,"environment,material,material_descriptor,process_history","{""environment"": 3, ""material"": 17, ""material_descriptor"": 10, ""process_history"": 1}","Composition, wt.% N:numeric_sparse_0.34;Composition, wt.% C:numeric_sparse_0.45;Composition, wt.% Si:numeric_sparse_0.44;Composition, wt.% Mn:numeric_sparse_0.41;Composition, wt.% Cu:numeric_sparse_0.19;Composition, wt.% P:numeric_sparse_0.23;Composition, wt.% S:numeric_sparse_0.25;Test Solution:high_cardinality;Heat treatment:categorical_sparse_0.54;Microstructures:categorical_sparse_0.28",,,,,,,,,,,,,,,,,,,,,,,step-2500,2500
1,pretrained_tabicl_v2,pretrained_tabicl_regressor,/home/fcolanto/.cache/huggingface/hub/models--jingang--TabICL/snapshots/4dcd344ece2c00be9e831fdd35bed57b5ad83e19/tabicl-regressor-v2-20260212.ckpt,electrochemical_metrics_alloys__pitting_potential__epit_mv_sce_avg,electrochemical_metrics_alloys,Pitting Potential,"Epit, mV (SCE) Avg.",,continuous,0,,median,False,,608,486,122,21,False,0,,,,,epit_pipeline_development_fold_1,0,0,0,0,True,,,normal_corrosion,247.5178470109265,504.15891098827655,-0.8973551477817541,0.4972654121034983,0.2579260068849429,0.4966722290164623,1.011651212722474,"environment,material,process_history","{""environment"": 3, ""material"": 17, ""process_history"": 1}","Composition, wt.% N:numeric_sparse_0.34;Composition, wt.% C:numeric_sparse_0.45;Composition, wt.% Si:numeric_sparse_0.44;Composition, wt.% Mn:numeric_sparse_0.41;Composition, wt.% Cu:numeric_sparse_0.19;Composition, wt.% P:numeric_sparse_0.23;Composition, wt.% S:numeric_sparse_0.25;Test Solution:high_cardinality;Heat treatment:categorical_sparse_0.54;Microstructures:categorical_sparse_0.28",,,,,,,,,,,,,,,,,,,,,,,step-2500,2500
1,catboost,catboost_regressor,catboost==1.2.10;iterations=1000;depth=6;learning_rate=0.03;l2_leaf_reg=3;thread_count=8,electrochemical_metrics_alloys__pitting_potential__epit_mv_sce_avg,electrochemical_metrics_alloys,Pitting Potential,"Epit, mV (SCE) Avg.",,continuous,0,,median,False,,608,486,122,21,False,0,,,,,epit_pipeline_development_fold_1,0,0,0,0,True,,,normal_corrosion,217.56468986329372,340.6674030557137,0.1336868750181218,0.4787131740337256,0.4886175443365949,0.4365678708610748,0.6835872260211673,"environment,material,process_history","{""environment"": 3, ""material"": 17, ""process_history"": 1}","Composition, wt.% N:numeric_sparse_0.34;Composition, wt.% C:numeric_sparse_0.45;Composition, wt.% Si:numeric_sparse_0.44;Composition, wt.% Mn:numeric_sparse_0.41;Composition, wt.% Cu:numeric_sparse_0.19;Composition, wt.% P:numeric_sparse_0.23;Composition, wt.% S:numeric_sparse_0.25;Test Solution:high_cardinality;Heat treatment:categorical_sparse_0.54;Microstructures:categorical_sparse_0.28",,,,,,,,,,,,,,,,,,,,,,,step-2500,2500
1,generic_baseline,local_tabicl_regressor,/home/fcolanto/projects/tabicl/checkpoints/tabicl_s1_regression_baseline/step-3000.ckpt,electrochemical_metrics_alloys__pitting_potential__epit_mv_sce_avg,electrochemical_metrics_alloys,Pitting Potential,"Epit, mV (SCE) Avg.",,continuous,0,,median,False,,608,486,122,21,False,0,,,,,epit_pipeline_development_fold_1,0,0,0,0,True,,,normal_corrosion,258.7539744896915,452.960279169091,-0.5315598538569388,0.4310569885680699,0.3297152357062977,0.519218774842489,0.9089154346955038,"environment,material,process_history","{""environment"": 3, ""material"": 17, ""process_history"": 1}","Composition, wt.% N:numeric_sparse_0.34;Composition, wt.% C:numeric_sparse_0.45;Composition, wt.% Si:numeric_sparse_0.44;Composition, wt.% Mn:numeric_sparse_0.41;Composition, wt.% Cu:numeric_sparse_0.19;Composition, wt.% P:numeric_sparse_0.23;Composition, wt.% S:numeric_sparse_0.25;Test Solution:high_cardinality;Heat treatment:categorical_sparse_0.54;Microstructures:categorical_sparse_0.28",,,,,,,,,,,,,,,,,,,,,,,step-3000,3000
1,trial_0025,local_tabicl_regressor,/home/fcolanto/projects/tabicl/checkpoints/epit_pipeline_final_v1/final_epit_pipeline_optuna_fe_ni_v4_trial_0025/step-3000.ckpt,electrochemical_metrics_alloys__pitting_potential__epit_mv_sce_avg,electrochemical_metrics_alloys,Pitting Potential,"Epit, mV (SCE) Avg.",,continuous,0,,median,False,,608,486,122,31,True,0,,,,,epit_pipeline_development_fold_1,0,0,0,0,True,,,normal_corrosion,233.19781590973068,362.1271467448733,0.0211054737559674,0.4423654600099583,0.4562701376903495,0.4679374858352887,0.7266486006288185,"environment,material,material_descriptor,process_history","{""environment"": 3, ""material"": 17, ""material_descriptor"": 10, ""process_history"": 1}","Composition, wt.% N:numeric_sparse_0.34;Composition, wt.% C:numeric_sparse_0.45;Composition, wt.% Si:numeric_sparse_0.44;Composition, wt.% Mn:numeric_sparse_0.41;Composition, wt.% Cu:numeric_sparse_0.19;Composition, wt.% P:numeric_sparse_0.23;Composition, wt.% S:numeric_sparse_0.25;Test Solution:high_cardinality;Heat treatment:categorical_sparse_0.54;Microstructures:categorical_sparse_0.28",,,,,,,,,,,,,,,,,,,,,,,step-3000,3000
1,pretrained_tabicl_v2,pretrained_tabicl_regressor,/home/fcolanto/.cache/huggingface/hub/models--jingang--TabICL/snapshots/4dcd344ece2c00be9e831fdd35bed57b5ad83e19/tabicl-regressor-v2-20260212.ckpt,electrochemical_metrics_alloys__pitting_potential__epit_mv_sce_avg,electrochemical_metrics_alloys,Pitting Potential,"Epit, mV (SCE) Avg.",,continuous,0,,median,False,,608,486,122,21,False,0,,,,,epit_pipeline_development_fold_1,0,0,0,0,True,,,normal_corrosion,247.5178470109265,504.15891098827655,-0.8973551477817541,0.4972654121034983,0.2579260068849429,0.4966722290164623,1.011651212722474,"environment,material,process_history","{""environment"": 3, ""material"": 17, ""process_history"": 1}","Composition, wt.% N:numeric_sparse_0.34;Composition, wt.% C:numeric_sparse_0.45;Composition, wt.% Si:numeric_sparse_0.44;Composition, wt.% Mn:numeric_sparse_0.41;Composition, wt.% Cu:numeric_sparse_0.19;Composition, wt.% P:numeric_sparse_0.23;Composition, wt.% S:numeric_sparse_0.25;Test Solution:high_cardinality;Heat treatment:categorical_sparse_0.54;Microstructures:categorical_sparse_0.28",,,,,,,,,,,,,,,,,,,,,,,step-3000,3000
1,catboost,catboost_regressor,catboost==1.2.10;iterations=1000;depth=6;learning_rate=0.03;l2_leaf_reg=3;thread_count=8,electrochemical_metrics_alloys__pitting_potential__epit_mv_sce_avg,electrochemical_metrics_alloys,Pitting Potential,"Epit, mV (SCE) Avg.",,continuous,0,,median,False,,608,486,122,21,False,0,,,,,epit_pipeline_development_fold_1,0,0,0,0,True,,,normal_corrosion,217.56468986329372,340.6674030557137,0.1336868750181218,0.4787131740337256,0.4886175443365949,0.4365678708610748,0.6835872260211673,"environment,material,process_history","{""environment"": 3, ""material"": 17, ""process_history"": 1}","Composition, wt.% N:numeric_sparse_0.34;Composition, wt.% C:numeric_sparse_0.45;Composition, wt.% Si:numeric_sparse_0.44;Composition, wt.% Mn:numeric_sparse_0.41;Composition, wt.% Cu:numeric_sparse_0.19;Composition, wt.% P:numeric_sparse_0.23;Composition, wt.% S:numeric_sparse_0.25;Test Solution:high_cardinality;Heat treatment:categorical_sparse_0.54;Microstructures:categorical_sparse_0.28",,,,,,,,,,,,,,,,,,,,,,,step-3000,3000
1,generic_baseline,local_tabicl_regressor,/home/fcolanto/projects/tabicl/checkpoints/tabicl_s1_regression_baseline/step-3500.ckpt,electrochemical_metrics_alloys__pitting_potential__epit_mv_sce_avg,electrochemical_metrics_alloys,Pitting Potential,"Epit, mV (SCE) Avg.",,continuous,0,,median,False,,608,486,122,21,False,0,,,,,epit_pipeline_development_fold_1,0,0,0,0,True,,,normal_corrosion,265.6700002552561,460.4483618832503,-0.5826161708554396,0.4560202244745648,0.2857308070352088,0.5330965536548049,0.9239411097230382,"environment,material,process_history","{""environment"": 3, ""material"": 17, ""process_history"": 1}","Composition, wt.% N:numeric_sparse_0.34;Composition, wt.% C:numeric_sparse_0.45;Composition, wt.% Si:numeric_sparse_0.44;Composition, wt.% Mn:numeric_sparse_0.41;Composition, wt.% Cu:numeric_sparse_0.19;Composition, wt.% P:numeric_sparse_0.23;Composition, wt.% S:numeric_sparse_0.25;Test Solution:high_cardinality;Heat treatment:categorical_sparse_0.54;Microstructures:categorical_sparse_0.28",,,,,,,,,,,,,,,,,,,,,,,step-3500,3500
1,trial_0025,local_tabicl_regressor,/home/fcolanto/projects/tabicl/checkpoints/epit_pipeline_final_v1/final_epit_pipeline_optuna_fe_ni_v4_trial_0025/step-3500.ckpt,electrochemical_metrics_alloys__pitting_potential__epit_mv_sce_avg,electrochemical_metrics_alloys,Pitting Potential,"Epit, mV (SCE) Avg.",,continuous,0,,median,False,,608,486,122,31,True,0,,,,,epit_pipeline_development_fold_1,0,0,0,0,True,,,normal_corrosion,236.5974848964919,346.4095503662292,0.1042363225945152,0.4544670445862868,0.4758713097613148,0.4747593016920592,0.6951094864904446,"environment,material,material_descriptor,process_history","{""environment"": 3, ""material"": 17, ""material_descriptor"": 10, ""process_history"": 1}","Composition, wt.% N:numeric_sparse_0.34;Composition, wt.% C:numeric_sparse_0.45;Composition, wt.% Si:numeric_sparse_0.44;Composition, wt.% Mn:numeric_sparse_0.41;Composition, wt.% Cu:numeric_sparse_0.19;Composition, wt.% P:numeric_sparse_0.23;Composition, wt.% S:numeric_sparse_0.25;Test Solution:high_cardinality;Heat treatment:categorical_sparse_0.54;Microstructures:categorical_sparse_0.28",,,,,,,,,,,,,,,,,,,,,,,step-3500,3500
1,pretrained_tabicl_v2,pretrained_tabicl_regressor,/home/fcolanto/.cache/huggingface/hub/models--jingang--TabICL/snapshots/4dcd344ece2c00be9e831fdd35bed57b5ad83e19/tabicl-regressor-v2-20260212.ckpt,electrochemical_metrics_alloys__pitting_potential__epit_mv_sce_avg,electrochemical_metrics_alloys,Pitting Potential,"Epit, mV (SCE) Avg.",,continuous,0,,median,False,,608,486,122,21,False,0,,,,,epit_pipeline_development_fold_1,0,0,0,0,True,,,normal_corrosion,247.5178470109265,504.15891098827655,-0.8973551477817541,0.4972654121034983,0.2579260068849429,0.4966722290164623,1.011651212722474,"environment,material,process_history","{""environment"": 3, ""material"": 17, ""process_history"": 1}","Composition, wt.% N:numeric_sparse_0.34;Composition, wt.% C:numeric_sparse_0.45;Composition, wt.% Si:numeric_sparse_0.44;Composition, wt.% Mn:numeric_sparse_0.41;Composition, wt.% Cu:numeric_sparse_0.19;Composition, wt.% P:numeric_sparse_0.23;Composition, wt.% S:numeric_sparse_0.25;Test Solution:high_cardinality;Heat treatment:categorical_sparse_0.54;Microstructures:categorical_sparse_0.28",,,,,,,,,,,,,,,,,,,,,,,step-3500,3500
1,catboost,catboost_regressor,catboost==1.2.10;iterations=1000;depth=6;learning_rate=0.03;l2_leaf_reg=3;thread_count=8,electrochemical_metrics_alloys__pitting_potential__epit_mv_sce_avg,electrochemical_metrics_alloys,Pitting Potential,"Epit, mV (SCE) Avg.",,continuous,0,,median,False,,608,486,122,21,False,0,,,,,epit_pipeline_development_fold_1,0,0,0,0,True,,,normal_corrosion,217.56468986329372,340.6674030557137,0.1336868750181218,0.4787131740337256,0.4886175443365949,0.4365678708610748,0.6835872260211673,"environment,material,process_history","{""environment"": 3, ""material"": 17, ""process_history"": 1}","Composition, wt.% N:numeric_sparse_0.34;Composition, wt.% C:numeric_sparse_0.45;Composition, wt.% Si:numeric_sparse_0.44;Composition, wt.% Mn:numeric_sparse_0.41;Composition, wt.% Cu:numeric_sparse_0.19;Composition, wt.% P:numeric_sparse_0.23;Composition, wt.% S:numeric_sparse_0.25;Test Solution:high_cardinality;Heat treatment:categorical_sparse_0.54;Microstructures:categorical_sparse_0.28",,,,,,,,,,,,,,,,,,,,,,,step-3500,3500
1,generic_baseline,local_tabicl_regressor,/home/fcolanto/projects/tabicl/checkpoints/tabicl_s1_regression_baseline/step-4000.ckpt,electrochemical_metrics_alloys__pitting_potential__epit_mv_sce_avg,electrochemical_metrics_alloys,Pitting Potential,"Epit, mV (SCE) Avg.",,continuous,0,,median,False,,608,486,122,21,False,0,,,,,epit_pipeline_development_fold_1,0,0,0,0,True,,,normal_corrosion,260.62478614401044,472.993810134102,-0.6700314473957505,0.4530460502204153,0.3182485496028325,0.5229727675571217,0.9491149540417718,"environment,material,process_history","{""environment"": 3, ""material"": 17, ""process_history"": 1}","Composition, wt.% N:numeric_sparse_0.34;Composition, wt.% C:numeric_sparse_0.45;Composition, wt.% Si:numeric_sparse_0.44;Composition, wt.% Mn:numeric_sparse_0.41;Composition, wt.% Cu:numeric_sparse_0.19;Composition, wt.% P:numeric_sparse_0.23;Composition, wt.% S:numeric_sparse_0.25;Test Solution:high_cardinality;Heat treatment:categorical_sparse_0.54;Microstructures:categorical_sparse_0.28",,,,,,,,,,,,,,,,,,,,,,,step-4000,4000
1,trial_0025,local_tabicl_regressor,/home/fcolanto/projects/tabicl/checkpoints/epit_pipeline_final_v1/final_epit_pipeline_optuna_fe_ni_v4_trial_0025/step-4000.ckpt,electrochemical_metrics_alloys__pitting_potential__epit_mv_sce_avg,electrochemical_metrics_alloys,Pitting Potential,"Epit, mV (SCE) Avg.",,continuous,0,,median,False,,608,486,122,31,True,0,,,,,epit_pipeline_development_fold_1,0,0,0,0,True,,,normal_corrosion,245.470467143266,359.44542991374635,0.0355501120667608,0.4281026421422813,0.4276361756738343,0.4925639324439348,0.7212674360292091,"environment,material,material_descriptor,process_history","{""environment"": 3, ""material"": 17, ""material_descriptor"": 10, ""process_history"": 1}","Composition, wt.% N:numeric_sparse_0.34;Composition, wt.% C:numeric_sparse_0.45;Composition, wt.% Si:numeric_sparse_0.44;Composition, wt.% Mn:numeric_sparse_0.41;Composition, wt.% Cu:numeric_sparse_0.19;Composition, wt.% P:numeric_sparse_0.23;Composition, wt.% S:numeric_sparse_0.25;Test Solution:high_cardinality;Heat treatment:categorical_sparse_0.54;Microstructures:categorical_sparse_0.28",,,,,,,,,,,,,,,,,,,,,,,step-4000,4000
1,pretrained_tabicl_v2,pretrained_tabicl_regressor,/home/fcolanto/.cache/huggingface/hub/models--jingang--TabICL/snapshots/4dcd344ece2c00be9e831fdd35bed57b5ad83e19/tabicl-regressor-v2-20260212.ckpt,electrochemical_metrics_alloys__pitting_potential__epit_mv_sce_avg,electrochemical_metrics_alloys,Pitting Potential,"Epit, mV (SCE) Avg.",,continuous,0,,median,False,,608,486,122,21,False,0,,,,,epit_pipeline_development_fold_1,0,0,0,0,True,,,normal_corrosion,247.5178470109265,504.15891098827655,-0.8973551477817541,0.4972654121034983,0.2579260068849429,0.4966722290164623,1.011651212722474,"environment,material,process_history","{""environment"": 3, ""material"": 17, ""process_history"": 1}","Composition, wt.% N:numeric_sparse_0.34;Composition, wt.% C:numeric_sparse_0.45;Composition, wt.% Si:numeric_sparse_0.44;Composition, wt.% Mn:numeric_sparse_0.41;Composition, wt.% Cu:numeric_sparse_0.19;Composition, wt.% P:numeric_sparse_0.23;Composition, wt.% S:numeric_sparse_0.25;Test Solution:high_cardinality;Heat treatment:categorical_sparse_0.54;Microstructures:categorical_sparse_0.28",,,,,,,,,,,,,,,,,,,,,,,step-4000,4000
1,catboost,catboost_regressor,catboost==1.2.10;iterations=1000;depth=6;learning_rate=0.03;l2_leaf_reg=3;thread_count=8,electrochemical_metrics_alloys__pitting_potential__epit_mv_sce_avg,electrochemical_metrics_alloys,Pitting Potential,"Epit, mV (SCE) Avg.",,continuous,0,,median,False,,608,486,122,21,False,0,,,,,epit_pipeline_development_fold_1,0,0,0,0,True,,,normal_corrosion,217.56468986329372,340.6674030557137,0.1336868750181218,0.4787131740337256,0.4886175443365949,0.4365678708610748,0.6835872260211673,"environment,material,process_history","{""environment"": 3, ""material"": 17, ""process_history"": 1}","Composition, wt.% N:numeric_sparse_0.34;Composition, wt.% C:numeric_sparse_0.45;Composition, wt.% Si:numeric_sparse_0.44;Composition, wt.% Mn:numeric_sparse_0.41;Composition, wt.% Cu:numeric_sparse_0.19;Composition, wt.% P:numeric_sparse_0.23;Composition, wt.% S:numeric_sparse_0.25;Test Solution:high_cardinality;Heat treatment:categorical_sparse_0.54;Microstructures:categorical_sparse_0.28",,,,,,,,,,,,,,,,,,,,,,,step-4000,4000
1,generic_baseline,local_tabicl_regressor,/home/fcolanto/projects/tabicl/checkpoints/tabicl_s1_regression_baseline/step-4500.ckpt,electrochemical_metrics_alloys__pitting_potential__epit_mv_sce_avg,electrochemical_metrics_alloys,Pitting Potential,"Epit, mV (SCE) Avg.",,continuous,0,,median,False,,608,486,122,21,False,0,,,,,epit_pipeline_development_fold_1,0,0,0,0,True,,,normal_corrosion,253.0569506636914,440.9000606829258,-0.4510890057686212,0.4534161696831539,0.3373635975293115,0.5077870596890584,0.8847152581414278,"environment,material,process_history","{""environment"": 3, ""material"": 17, ""process_history"": 1}","Composition, wt.% N:numeric_sparse_0.34;Composition, wt.% C:numeric_sparse_0.45;Composition, wt.% Si:numeric_sparse_0.44;Composition, wt.% Mn:numeric_sparse_0.41;Composition, wt.% Cu:numeric_sparse_0.19;Composition, wt.% P:numeric_sparse_0.23;Composition, wt.% S:numeric_sparse_0.25;Test Solution:high_cardinality;Heat treatment:categorical_sparse_0.54;Microstructures:categorical_sparse_0.28",,,,,,,,,,,,,,,,,,,,,,,step-4500,4500
1,trial_0025,local_tabicl_regressor,/home/fcolanto/projects/tabicl/checkpoints/epit_pipeline_final_v1/final_epit_pipeline_optuna_fe_ni_v4_trial_0025/step-4500.ckpt,electrochemical_metrics_alloys__pitting_potential__epit_mv_sce_avg,electrochemical_metrics_alloys,Pitting Potential,"Epit, mV (SCE) Avg.",,continuous,0,,median,False,,608,486,122,31,True,0,,,,,epit_pipeline_development_fold_1,0,0,0,0,True,,,normal_corrosion,248.08411512241963,349.45109192827243,0.0884373166151294,0.4122734258340856,0.4546466205009636,0.4978085092829266,0.7012126796359455,"environment,material,material_descriptor,process_history","{""environment"": 3, ""material"": 17, ""material_descriptor"": 10, ""process_history"": 1}","Composition, wt.% N:numeric_sparse_0.34;Composition, wt.% C:numeric_sparse_0.45;Composition, wt.% Si:numeric_sparse_0.44;Composition, wt.% Mn:numeric_sparse_0.41;Composition, wt.% Cu:numeric_sparse_0.19;Composition, wt.% P:numeric_sparse_0.23;Composition, wt.% S:numeric_sparse_0.25;Test Solution:high_cardinality;Heat treatment:categorical_sparse_0.54;Microstructures:categorical_sparse_0.28",,,,,,,,,,,,,,,,,,,,,,,step-4500,4500
1,pretrained_tabicl_v2,pretrained_tabicl_regressor,/home/fcolanto/.cache/huggingface/hub/models--jingang--TabICL/snapshots/4dcd344ece2c00be9e831fdd35bed57b5ad83e19/tabicl-regressor-v2-20260212.ckpt,electrochemical_metrics_alloys__pitting_potential__epit_mv_sce_avg,electrochemical_metrics_alloys,Pitting Potential,"Epit, mV (SCE) Avg.",,continuous,0,,median,False,,608,486,122,21,False,0,,,,,epit_pipeline_development_fold_1,0,0,0,0,True,,,normal_corrosion,247.5178470109265,504.15891098827655,-0.8973551477817541,0.4972654121034983,0.2579260068849429,0.4966722290164623,1.011651212722474,"environment,material,process_history","{""environment"": 3, ""material"": 17, ""process_history"": 1}","Composition, wt.% N:numeric_sparse_0.34;Composition, wt.% C:numeric_sparse_0.45;Composition, wt.% Si:numeric_sparse_0.44;Composition, wt.% Mn:numeric_sparse_0.41;Composition, wt.% Cu:numeric_sparse_0.19;Composition, wt.% P:numeric_sparse_0.23;Composition, wt.% S:numeric_sparse_0.25;Test Solution:high_cardinality;Heat treatment:categorical_sparse_0.54;Microstructures:categorical_sparse_0.28",,,,,,,,,,,,,,,,,,,,,,,step-4500,4500
1,catboost,catboost_regressor,catboost==1.2.10;iterations=1000;depth=6;learning_rate=0.03;l2_leaf_reg=3;thread_count=8,electrochemical_metrics_alloys__pitting_potential__epit_mv_sce_avg,electrochemical_metrics_alloys,Pitting Potential,"Epit, mV (SCE) Avg.",,continuous,0,,median,False,,608,486,122,21,False,0,,,,,epit_pipeline_development_fold_1,0,0,0,0,True,,,normal_corrosion,217.56468986329372,340.6674030557137,0.1336868750181218,0.4787131740337256,0.4886175443365949,0.4365678708610748,0.6835872260211673,"environment,material,process_history","{""environment"": 3, ""material"": 17, ""process_history"": 1}","Composition, wt.% N:numeric_sparse_0.34;Composition, wt.% C:numeric_sparse_0.45;Composition, wt.% Si:numeric_sparse_0.44;Composition, wt.% Mn:numeric_sparse_0.41;Composition, wt.% Cu:numeric_sparse_0.19;Composition, wt.% P:numeric_sparse_0.23;Composition, wt.% S:numeric_sparse_0.25;Test Solution:high_cardinality;Heat treatment:categorical_sparse_0.54;Microstructures:categorical_sparse_0.28",,,,,,,,,,,,,,,,,,,,,,,step-4500,4500
1,generic_baseline,local_tabicl_regressor,/home/fcolanto/projects/tabicl/checkpoints/tabicl_s1_regression_baseline/step-5000.ckpt,electrochemical_metrics_alloys__pitting_potential__epit_mv_sce_avg,electrochemical_metrics_alloys,Pitting Potential,"Epit, mV (SCE) Avg.",,continuous,0,,median,False,,608,486,122,21,False,0,,,,,epit_pipeline_development_fold_1,0,0,0,0,True,,,normal_corrosion,266.65636472619144,438.4633030689357,-0.4350936304760349,0.4635944549084656,0.3458832193992664,0.5350758042273119,0.8798256315939738,"environment,material,process_history","{""environment"": 3, ""material"": 17, ""process_history"": 1}","Composition, wt.% N:numeric_sparse_0.34;Composition, wt.% C:numeric_sparse_0.45;Composition, wt.% Si:numeric_sparse_0.44;Composition, wt.% Mn:numeric_sparse_0.41;Composition, wt.% Cu:numeric_sparse_0.19;Composition, wt.% P:numeric_sparse_0.23;Composition, wt.% S:numeric_sparse_0.25;Test Solution:high_cardinality;Heat treatment:categorical_sparse_0.54;Microstructures:categorical_sparse_0.28",,,,,,,,,,,,,,,,,,,,,,,step-5000,5000
1,trial_0025,local_tabicl_regressor,/home/fcolanto/projects/tabicl/checkpoints/epit_pipeline_final_v1/final_epit_pipeline_optuna_fe_ni_v4_trial_0025/step-5000.ckpt,electrochemical_metrics_alloys__pitting_potential__epit_mv_sce_avg,electrochemical_metrics_alloys,Pitting Potential,"Epit, mV (SCE) Avg.",,continuous,0,,median,False,,608,486,122,31,True,0,,,,,epit_pipeline_development_fold_1,0,0,0,0,True,,,normal_corrosion,247.36890910232725,354.55378818889324,0.0616216176393344,0.3995043043696036,0.4341695185249475,0.4963733684537095,0.7114518100920398,"environment,material,material_descriptor,process_history","{""environment"": 3, ""material"": 17, ""material_descriptor"": 10, ""process_history"": 1}","Composition, wt.% N:numeric_sparse_0.34;Composition, wt.% C:numeric_sparse_0.45;Composition, wt.% Si:numeric_sparse_0.44;Composition, wt.% Mn:numeric_sparse_0.41;Composition, wt.% Cu:numeric_sparse_0.19;Composition, wt.% P:numeric_sparse_0.23;Composition, wt.% S:numeric_sparse_0.25;Test Solution:high_cardinality;Heat treatment:categorical_sparse_0.54;Microstructures:categorical_sparse_0.28",,,,,,,,,,,,,,,,,,,,,,,step-5000,5000
1,pretrained_tabicl_v2,pretrained_tabicl_regressor,/home/fcolanto/.cache/huggingface/hub/models--jingang--TabICL/snapshots/4dcd344ece2c00be9e831fdd35bed57b5ad83e19/tabicl-regressor-v2-20260212.ckpt,electrochemical_metrics_alloys__pitting_potential__epit_mv_sce_avg,electrochemical_metrics_alloys,Pitting Potential,"Epit, mV (SCE) Avg.",,continuous,0,,median,False,,608,486,122,21,False,0,,,,,epit_pipeline_development_fold_1,0,0,0,0,True,,,normal_corrosion,247.5178470109265,504.15891098827655,-0.8973551477817541,0.4972654121034983,0.2579260068849429,0.4966722290164623,1.011651212722474,"environment,material,process_history","{""environment"": 3, ""material"": 17, ""process_history"": 1}","Composition, wt.% N:numeric_sparse_0.34;Composition, wt.% C:numeric_sparse_0.45;Composition, wt.% Si:numeric_sparse_0.44;Composition, wt.% Mn:numeric_sparse_0.41;Composition, wt.% Cu:numeric_sparse_0.19;Composition, wt.% P:numeric_sparse_0.23;Composition, wt.% S:numeric_sparse_0.25;Test Solution:high_cardinality;Heat treatment:categorical_sparse_0.54;Microstructures:categorical_sparse_0.28",,,,,,,,,,,,,,,,,,,,,,,step-5000,5000
1,catboost,catboost_regressor,catboost==1.2.10;iterations=1000;depth=6;learning_rate=0.03;l2_leaf_reg=3;thread_count=8,electrochemical_metrics_alloys__pitting_potential__epit_mv_sce_avg,electrochemical_metrics_alloys,Pitting Potential,"Epit, mV (SCE) Avg.",,continuous,0,,median,False,,608,486,122,21,False,0,,,,,epit_pipeline_development_fold_1,0,0,0,0,True,,,normal_corrosion,217.56468986329372,340.6674030557137,0.1336868750181218,0.4787131740337256,0.4886175443365949,0.4365678708610748,0.6835872260211673,"environment,material,process_history","{""environment"": 3, ""material"": 17, ""process_history"": 1}","Composition, wt.% N:numeric_sparse_0.34;Composition, wt.% C:numeric_sparse_0.45;Composition, wt.% Si:numeric_sparse_0.44;Composition, wt.% Mn:numeric_sparse_0.41;Composition, wt.% Cu:numeric_sparse_0.19;Composition, wt.% P:numeric_sparse_0.23;Composition, wt.% S:numeric_sparse_0.25;Test Solution:high_cardinality;Heat treatment:categorical_sparse_0.54;Microstructures:categorical_sparse_0.28",,,,,,,,,,,,,,,,,,,,,,,step-5000,5000
1,generic_baseline,local_tabicl_regressor,/home/fcolanto/projects/tabicl/checkpoints/tabicl_s1_regression_baseline/step-5500.ckpt,electrochemical_metrics_alloys__pitting_potential__epit_mv_sce_avg,electrochemical_metrics_alloys,Pitting Potential,"Epit, mV (SCE) Avg.",,continuous,0,,median,False,,608,486,122,21,False,0,,,,,epit_pipeline_development_fold_1,0,0,0,0,True,,,normal_corrosion,246.96431044320076,435.99043618450105,-0.4189518546219319,0.4515721816455812,0.3280228360382223,0.4955614960157735,0.8748635477588678,"environment,material,process_history","{""environment"": 3, ""material"": 17, ""process_history"": 1}","Composition, wt.% N:numeric_sparse_0.34;Composition, wt.% C:numeric_sparse_0.45;Composition, wt.% Si:numeric_sparse_0.44;Composition, wt.% Mn:numeric_sparse_0.41;Composition, wt.% Cu:numeric_sparse_0.19;Composition, wt.% P:numeric_sparse_0.23;Composition, wt.% S:numeric_sparse_0.25;Test Solution:high_cardinality;Heat treatment:categorical_sparse_0.54;Microstructures:categorical_sparse_0.28",,,,,,,,,,,,,,,,,,,,,,,step-5500,5500
1,trial_0025,local_tabicl_regressor,/home/fcolanto/projects/tabicl/checkpoints/epit_pipeline_final_v1/final_epit_pipeline_optuna_fe_ni_v4_trial_0025/step-5500.ckpt,electrochemical_metrics_alloys__pitting_potential__epit_mv_sce_avg,electrochemical_metrics_alloys,Pitting Potential,"Epit, mV (SCE) Avg.",,continuous,0,,median,False,,608,486,122,31,True,0,,,,,epit_pipeline_development_fold_1,0,0,0,0,True,,,normal_corrosion,267.2580094401218,383.7753536913142,-0.0994307907824165,0.343636093324435,0.3453208141280687,0.5362830716011695,0.7700881478297275,"environment,material,material_descriptor,process_history","{""environment"": 3, ""material"": 17, ""material_descriptor"": 10, ""process_history"": 1}","Composition, wt.% N:numeric_sparse_0.34;Composition, wt.% C:numeric_sparse_0.45;Composition, wt.% Si:numeric_sparse_0.44;Composition, wt.% Mn:numeric_sparse_0.41;Composition, wt.% Cu:numeric_sparse_0.19;Composition, wt.% P:numeric_sparse_0.23;Composition, wt.% S:numeric_sparse_0.25;Test Solution:high_cardinality;Heat treatment:categorical_sparse_0.54;Microstructures:categorical_sparse_0.28",,,,,,,,,,,,,,,,,,,,,,,step-5500,5500
1,pretrained_tabicl_v2,pretrained_tabicl_regressor,/home/fcolanto/.cache/huggingface/hub/models--jingang--TabICL/snapshots/4dcd344ece2c00be9e831fdd35bed57b5ad83e19/tabicl-regressor-v2-20260212.ckpt,electrochemical_metrics_alloys__pitting_potential__epit_mv_sce_avg,electrochemical_metrics_alloys,Pitting Potential,"Epit, mV (SCE) Avg.",,continuous,0,,median,False,,608,486,122,21,False,0,,,,,epit_pipeline_development_fold_1,0,0,0,0,True,,,normal_corrosion,247.5178470109265,504.15891098827655,-0.8973551477817541,0.4972654121034983,0.2579260068849429,0.4966722290164623,1.011651212722474,"environment,material,process_history","{""environment"": 3, ""material"": 17, ""process_history"": 1}","Composition, wt.% N:numeric_sparse_0.34;Composition, wt.% C:numeric_sparse_0.45;Composition, wt.% Si:numeric_sparse_0.44;Composition, wt.% Mn:numeric_sparse_0.41;Composition, wt.% Cu:numeric_sparse_0.19;Composition, wt.% P:numeric_sparse_0.23;Composition, wt.% S:numeric_sparse_0.25;Test Solution:high_cardinality;Heat treatment:categorical_sparse_0.54;Microstructures:categorical_sparse_0.28",,,,,,,,,,,,,,,,,,,,,,,step-5500,5500
1,catboost,catboost_regressor,catboost==1.2.10;iterations=1000;depth=6;learning_rate=0.03;l2_leaf_reg=3;thread_count=8,electrochemical_metrics_alloys__pitting_potential__epit_mv_sce_avg,electrochemical_metrics_alloys,Pitting Potential,"Epit, mV (SCE) Avg.",,continuous,0,,median,False,,608,486,122,21,False,0,,,,,epit_pipeline_development_fold_1,0,0,0,0,True,,,normal_corrosion,217.56468986329372,340.6674030557137,0.1336868750181218,0.4787131740337256,0.4886175443365949,0.4365678708610748,0.6835872260211673,"environment,material,process_history","{""environment"": 3, ""material"": 17, ""process_history"": 1}","Composition, wt.% N:numeric_sparse_0.34;Composition, wt.% C:numeric_sparse_0.45;Composition, wt.% Si:numeric_sparse_0.44;Composition, wt.% Mn:numeric_sparse_0.41;Composition, wt.% Cu:numeric_sparse_0.19;Composition, wt.% P:numeric_sparse_0.23;Composition, wt.% S:numeric_sparse_0.25;Test Solution:high_cardinality;Heat treatment:categorical_sparse_0.54;Microstructures:categorical_sparse_0.28",,,,,,,,,,,,,,,,,,,,,,,step-5500,5500
1,generic_baseline,local_tabicl_regressor,/home/fcolanto/projects/tabicl/checkpoints/tabicl_s1_regression_baseline/step-6000.ckpt,electrochemical_metrics_alloys__pitting_potential__epit_mv_sce_avg,electrochemical_metrics_alloys,Pitting Potential,"Epit, mV (SCE) Avg.",,continuous,0,,median,False,,608,486,122,21,False,0,,,,,epit_pipeline_development_fold_1,0,0,0,0,True,,,normal_corrosion,257.8257523337296,460.2091109028381,-0.5809719295911022,0.4475933974211412,0.2515992996793605,0.5173561933244635,0.9234610258859708,"environment,material,process_history","{""environment"": 3, ""material"": 17, ""process_history"": 1}","Composition, wt.% N:numeric_sparse_0.34;Composition, wt.% C:numeric_sparse_0.45;Composition, wt.% Si:numeric_sparse_0.44;Composition, wt.% Mn:numeric_sparse_0.41;Composition, wt.% Cu:numeric_sparse_0.19;Composition, wt.% P:numeric_sparse_0.23;Composition, wt.% S:numeric_sparse_0.25;Test Solution:high_cardinality;Heat treatment:categorical_sparse_0.54;Microstructures:categorical_sparse_0.28",,,,,,,,,,,,,,,,,,,,,,,step-6000,6000
1,trial_0025,local_tabicl_regressor,/home/fcolanto/projects/tabicl/checkpoints/epit_pipeline_final_v1/final_epit_pipeline_optuna_fe_ni_v4_trial_0025/step-6000.ckpt,electrochemical_metrics_alloys__pitting_potential__epit_mv_sce_avg,electrochemical_metrics_alloys,Pitting Potential,"Epit, mV (SCE) Avg.",,continuous,0,,median,False,,608,486,122,31,True,0,,,,,epit_pipeline_development_fold_1,0,0,0,0,True,,,normal_corrosion,268.8499101589358,364.09251486286166,0.0104511560283832,0.366490970148544,0.3907656810785033,0.5394773983454199,0.7305923314578772,"environment,material,material_descriptor,process_history","{""environment"": 3, ""material"": 17, ""material_descriptor"": 10, ""process_history"": 1}","Composition, wt.% N:numeric_sparse_0.34;Composition, wt.% C:numeric_sparse_0.45;Composition, wt.% Si:numeric_sparse_0.44;Composition, wt.% Mn:numeric_sparse_0.41;Composition, wt.% Cu:numeric_sparse_0.19;Composition, wt.% P:numeric_sparse_0.23;Composition, wt.% S:numeric_sparse_0.25;Test Solution:high_cardinality;Heat treatment:categorical_sparse_0.54;Microstructures:categorical_sparse_0.28",,,,,,,,,,,,,,,,,,,,,,,step-6000,6000
1,pretrained_tabicl_v2,pretrained_tabicl_regressor,/home/fcolanto/.cache/huggingface/hub/models--jingang--TabICL/snapshots/4dcd344ece2c00be9e831fdd35bed57b5ad83e19/tabicl-regressor-v2-20260212.ckpt,electrochemical_metrics_alloys__pitting_potential__epit_mv_sce_avg,electrochemical_metrics_alloys,Pitting Potential,"Epit, mV (SCE) Avg.",,continuous,0,,median,False,,608,486,122,21,False,0,,,,,epit_pipeline_development_fold_1,0,0,0,0,True,,,normal_corrosion,247.5178470109265,504.15891098827655,-0.8973551477817541,0.4972654121034983,0.2579260068849429,0.4966722290164623,1.011651212722474,"environment,material,process_history","{""environment"": 3, ""material"": 17, ""process_history"": 1}","Composition, wt.% N:numeric_sparse_0.34;Composition, wt.% C:numeric_sparse_0.45;Composition, wt.% Si:numeric_sparse_0.44;Composition, wt.% Mn:numeric_sparse_0.41;Composition, wt.% Cu:numeric_sparse_0.19;Composition, wt.% P:numeric_sparse_0.23;Composition, wt.% S:numeric_sparse_0.25;Test Solution:high_cardinality;Heat treatment:categorical_sparse_0.54;Microstructures:categorical_sparse_0.28",,,,,,,,,,,,,,,,,,,,,,,step-6000,6000
1,catboost,catboost_regressor,catboost==1.2.10;iterations=1000;depth=6;learning_rate=0.03;l2_leaf_reg=3;thread_count=8,electrochemical_metrics_alloys__pitting_potential__epit_mv_sce_avg,electrochemical_metrics_alloys,Pitting Potential,"Epit, mV (SCE) Avg.",,continuous,0,,median,False,,608,486,122,21,False,0,,,,,epit_pipeline_development_fold_1,0,0,0,0,True,,,normal_corrosion,217.56468986329372,340.6674030557137,0.1336868750181218,0.4787131740337256,0.4886175443365949,0.4365678708610748,0.6835872260211673,"environment,material,process_history","{""environment"": 3, ""material"": 17, ""process_history"": 1}","Composition, wt.% N:numeric_sparse_0.34;Composition, wt.% C:numeric_sparse_0.45;Composition, wt.% Si:numeric_sparse_0.44;Composition, wt.% Mn:numeric_sparse_0.41;Composition, wt.% Cu:numeric_sparse_0.19;Composition, wt.% P:numeric_sparse_0.23;Composition, wt.% S:numeric_sparse_0.25;Test Solution:high_cardinality;Heat treatment:categorical_sparse_0.54;Microstructures:categorical_sparse_0.28",,,,,,,,,,,,,,,,,,,,,,,step-6000,6000
1,generic_baseline,local_tabicl_regressor,/home/fcolanto/projects/tabicl/checkpoints/tabicl_s1_regression_baseline/step-6500.ckpt,electrochemical_metrics_alloys__pitting_potential__epit_mv_sce_avg,electrochemical_metrics_alloys,Pitting Potential,"Epit, mV (SCE) Avg.",,continuous,0,,median,False,,608,486,122,21,False,0,,,,,epit_pipeline_development_fold_1,0,0,0,0,True,,,normal_corrosion,256.2445710107876,453.9620175037462,-0.5383415465682979,0.4513111152388281,0.2760154102050497,0.5141833762463068,0.910925534644145,"environment,material,process_history","{""environment"": 3, ""material"": 17, ""process_history"": 1}","Composition, wt.% N:numeric_sparse_0.34;Composition, wt.% C:numeric_sparse_0.45;Composition, wt.% Si:numeric_sparse_0.44;Composition, wt.% Mn:numeric_sparse_0.41;Composition, wt.% Cu:numeric_sparse_0.19;Composition, wt.% P:numeric_sparse_0.23;Composition, wt.% S:numeric_sparse_0.25;Test Solution:high_cardinality;Heat treatment:categorical_sparse_0.54;Microstructures:categorical_sparse_0.28",,,,,,,,,,,,,,,,,,,,,,,step-6500,6500
1,trial_0025,local_tabicl_regressor,/home/fcolanto/projects/tabicl/checkpoints/epit_pipeline_final_v1/final_epit_pipeline_optuna_fe_ni_v4_trial_0025/step-6500.ckpt,electrochemical_metrics_alloys__pitting_potential__epit_mv_sce_avg,electrochemical_metrics_alloys,Pitting Potential,"Epit, mV (SCE) Avg.",,continuous,0,,median,False,,608,486,122,31,True,0,,,,,epit_pipeline_development_fold_1,0,0,0,0,True,,,normal_corrosion,266.20430589087744,358.5806210926748,0.0401853715020261,0.3650303201259506,0.406236215826411,0.5341686976404804,0.7195321004563534,"environment,material,material_descriptor,process_history","{""environment"": 3, ""material"": 17, ""material_descriptor"": 10, ""process_history"": 1}","Composition, wt.% N:numeric_sparse_0.34;Composition, wt.% C:numeric_sparse_0.45;Composition, wt.% Si:numeric_sparse_0.44;Composition, wt.% Mn:numeric_sparse_0.41;Composition, wt.% Cu:numeric_sparse_0.19;Composition, wt.% P:numeric_sparse_0.23;Composition, wt.% S:numeric_sparse_0.25;Test Solution:high_cardinality;Heat treatment:categorical_sparse_0.54;Microstructures:categorical_sparse_0.28",,,,,,,,,,,,,,,,,,,,,,,step-6500,6500
1,pretrained_tabicl_v2,pretrained_tabicl_regressor,/home/fcolanto/.cache/huggingface/hub/models--jingang--TabICL/snapshots/4dcd344ece2c00be9e831fdd35bed57b5ad83e19/tabicl-regressor-v2-20260212.ckpt,electrochemical_metrics_alloys__pitting_potential__epit_mv_sce_avg,electrochemical_metrics_alloys,Pitting Potential,"Epit, mV (SCE) Avg.",,continuous,0,,median,False,,608,486,122,21,False,0,,,,,epit_pipeline_development_fold_1,0,0,0,0,True,,,normal_corrosion,247.5178470109265,504.15891098827655,-0.8973551477817541,0.4972654121034983,0.2579260068849429,0.4966722290164623,1.011651212722474,"environment,material,process_history","{""environment"": 3, ""material"": 17, ""process_history"": 1}","Composition, wt.% N:numeric_sparse_0.34;Composition, wt.% C:numeric_sparse_0.45;Composition, wt.% Si:numeric_sparse_0.44;Composition, wt.% Mn:numeric_sparse_0.41;Composition, wt.% Cu:numeric_sparse_0.19;Composition, wt.% P:numeric_sparse_0.23;Composition, wt.% S:numeric_sparse_0.25;Test Solution:high_cardinality;Heat treatment:categorical_sparse_0.54;Microstructures:categorical_sparse_0.28",,,,,,,,,,,,,,,,,,,,,,,step-6500,6500
1,catboost,catboost_regressor,catboost==1.2.10;iterations=1000;depth=6;learning_rate=0.03;l2_leaf_reg=3;thread_count=8,electrochemical_metrics_alloys__pitting_potential__epit_mv_sce_avg,electrochemical_metrics_alloys,Pitting Potential,"Epit, mV (SCE) Avg.",,continuous,0,,median,False,,608,486,122,21,False,0,,,,,epit_pipeline_development_fold_1,0,0,0,0,True,,,normal_corrosion,217.56468986329372,340.6674030557137,0.1336868750181218,0.4787131740337256,0.4886175443365949,0.4365678708610748,0.6835872260211673,"environment,material,process_history","{""environment"": 3, ""material"": 17, ""process_history"": 1}","Composition, wt.% N:numeric_sparse_0.34;Composition, wt.% C:numeric_sparse_0.45;Composition, wt.% Si:numeric_sparse_0.44;Composition, wt.% Mn:numeric_sparse_0.41;Composition, wt.% Cu:numeric_sparse_0.19;Composition, wt.% P:numeric_sparse_0.23;Composition, wt.% S:numeric_sparse_0.25;Test Solution:high_cardinality;Heat treatment:categorical_sparse_0.54;Microstructures:categorical_sparse_0.28",,,,,,,,,,,,,,,,,,,,,,,step-6500,6500
1,generic_baseline,local_tabicl_regressor,/home/fcolanto/projects/tabicl/checkpoints/tabicl_s1_regression_baseline/step-7000.ckpt,electrochemical_metrics_alloys__pitting_potential__epit_mv_sce_avg,electrochemical_metrics_alloys,Pitting Potential,"Epit, mV (SCE) Avg.",,continuous,0,,median,False,,608,486,122,21,False,0,,,,,epit_pipeline_development_fold_1,0,0,0,0,True,,,normal_corrosion,257.7624442432695,457.1053784393774,-0.5597191241431847,0.4560598801312867,0.2750453570428013,0.5172291585640075,0.9172330397447136,"environment,material,process_history","{""environment"": 3, ""material"": 17, ""process_history"": 1}","Composition, wt.% N:numeric_sparse_0.34;Composition, wt.% C:numeric_sparse_0.45;Composition, wt.% Si:numeric_sparse_0.44;Composition, wt.% Mn:numeric_sparse_0.41;Composition, wt.% Cu:numeric_sparse_0.19;Composition, wt.% P:numeric_sparse_0.23;Composition, wt.% S:numeric_sparse_0.25;Test Solution:high_cardinality;Heat treatment:categorical_sparse_0.54;Microstructures:categorical_sparse_0.28",,,,,,,,,,,,,,,,,,,,,,,step-7000,7000
1,trial_0025,local_tabicl_regressor,/home/fcolanto/projects/tabicl/checkpoints/epit_pipeline_final_v1/final_epit_pipeline_optuna_fe_ni_v4_trial_0025/step-7000.ckpt,electrochemical_metrics_alloys__pitting_potential__epit_mv_sce_avg,electrochemical_metrics_alloys,Pitting Potential,"Epit, mV (SCE) Avg.",,continuous,0,,median,False,,608,486,122,31,True,0,,,,,epit_pipeline_development_fold_1,0,0,0,0,True,,,normal_corrosion,263.5487374334459,353.242630383841,0.0685491260196509,0.3682556468726727,0.4340384119943417,0.5288400026757084,0.7088208253873334,"environment,material,material_descriptor,process_history","{""environment"": 3, ""material"": 17, ""material_descriptor"": 10, ""process_history"": 1}","Composition, wt.% N:numeric_sparse_0.34;Composition, wt.% C:numeric_sparse_0.45;Composition, wt.% Si:numeric_sparse_0.44;Composition, wt.% Mn:numeric_sparse_0.41;Composition, wt.% Cu:numeric_sparse_0.19;Composition, wt.% P:numeric_sparse_0.23;Composition, wt.% S:numeric_sparse_0.25;Test Solution:high_cardinality;Heat treatment:categorical_sparse_0.54;Microstructures:categorical_sparse_0.28",,,,,,,,,,,,,,,,,,,,,,,step-7000,7000
1,pretrained_tabicl_v2,pretrained_tabicl_regressor,/home/fcolanto/.cache/huggingface/hub/models--jingang--TabICL/snapshots/4dcd344ece2c00be9e831fdd35bed57b5ad83e19/tabicl-regressor-v2-20260212.ckpt,electrochemical_metrics_alloys__pitting_potential__epit_mv_sce_avg,electrochemical_metrics_alloys,Pitting Potential,"Epit, mV (SCE) Avg.",,continuous,0,,median,False,,608,486,122,21,False,0,,,,,epit_pipeline_development_fold_1,0,0,0,0,True,,,normal_corrosion,247.5178470109265,504.15891098827655,-0.8973551477817541,0.4972654121034983,0.2579260068849429,0.4966722290164623,1.011651212722474,"environment,material,process_history","{""environment"": 3, ""material"": 17, ""process_history"": 1}","Composition, wt.% N:numeric_sparse_0.34;Composition, wt.% C:numeric_sparse_0.45;Composition, wt.% Si:numeric_sparse_0.44;Composition, wt.% Mn:numeric_sparse_0.41;Composition, wt.% Cu:numeric_sparse_0.19;Composition, wt.% P:numeric_sparse_0.23;Composition, wt.% S:numeric_sparse_0.25;Test Solution:high_cardinality;Heat treatment:categorical_sparse_0.54;Microstructures:categorical_sparse_0.28",,,,,,,,,,,,,,,,,,,,,,,step-7000,7000
1,catboost,catboost_regressor,catboost==1.2.10;iterations=1000;depth=6;learning_rate=0.03;l2_leaf_reg=3;thread_count=8,electrochemical_metrics_alloys__pitting_potential__epit_mv_sce_avg,electrochemical_metrics_alloys,Pitting Potential,"Epit, mV (SCE) Avg.",,continuous,0,,median,False,,608,486,122,21,False,0,,,,,epit_pipeline_development_fold_1,0,0,0,0,True,,,normal_corrosion,217.56468986329372,340.6674030557137,0.1336868750181218,0.4787131740337256,0.4886175443365949,0.4365678708610748,0.6835872260211673,"environment,material,process_history","{""environment"": 3, ""material"": 17, ""process_history"": 1}","Composition, wt.% N:numeric_sparse_0.34;Composition, wt.% C:numeric_sparse_0.45;Composition, wt.% Si:numeric_sparse_0.44;Composition, wt.% Mn:numeric_sparse_0.41;Composition, wt.% Cu:numeric_sparse_0.19;Composition, wt.% P:numeric_sparse_0.23;Composition, wt.% S:numeric_sparse_0.25;Test Solution:high_cardinality;Heat treatment:categorical_sparse_0.54;Microstructures:categorical_sparse_0.28",,,,,,,,,,,,,,,,,,,,,,,step-7000,7000
1,generic_baseline,local_tabicl_regressor,/home/fcolanto/projects/tabicl/checkpoints/tabicl_s1_regression_baseline/step-7500.ckpt,electrochemical_metrics_alloys__pitting_potential__epit_mv_sce_avg,electrochemical_metrics_alloys,Pitting Potential,"Epit, mV (SCE) Avg.",,continuous,0,,median,False,,608,486,122,21,False,0,,,,,epit_pipeline_development_fold_1,0,0,0,0,True,,,normal_corrosion,255.5815512739192,453.2676842505971,-0.5336393697111523,0.4595760150273036,0.2823387598881832,0.512852953028066,0.9095322773550794,"environment,material,process_history","{""environment"": 3, ""material"": 17, ""process_history"": 1}","Composition, wt.% N:numeric_sparse_0.34;Composition, wt.% C:numeric_sparse_0.45;Composition, wt.% Si:numeric_sparse_0.44;Composition, wt.% Mn:numeric_sparse_0.41;Composition, wt.% Cu:numeric_sparse_0.19;Composition, wt.% P:numeric_sparse_0.23;Composition, wt.% S:numeric_sparse_0.25;Test Solution:high_cardinality;Heat treatment:categorical_sparse_0.54;Microstructures:categorical_sparse_0.28",,,,,,,,,,,,,,,,,,,,,,,step-7500,7500
1,trial_0025,local_tabicl_regressor,/home/fcolanto/projects/tabicl/checkpoints/epit_pipeline_final_v1/final_epit_pipeline_optuna_fe_ni_v4_trial_0025/step-7500.ckpt,electrochemical_metrics_alloys__pitting_potential__epit_mv_sce_avg,electrochemical_metrics_alloys,Pitting Potential,"Epit, mV (SCE) Avg.",,continuous,0,,median,False,,608,486,122,31,True,0,,,,,epit_pipeline_development_fold_1,0,0,0,0,True,,,normal_corrosion,261.76044925445484,364.6159857951177,0.0076036795777322,0.3631565903458364,0.3992199021550124,0.5252516025392767,0.7316427344000838,"environment,material,material_descriptor,process_history","{""environment"": 3, ""material"": 17, ""material_descriptor"": 10, ""process_history"": 1}","Composition, wt.% N:numeric_sparse_0.34;Composition, wt.% C:numeric_sparse_0.45;Composition, wt.% Si:numeric_sparse_0.44;Composition, wt.% Mn:numeric_sparse_0.41;Composition, wt.% Cu:numeric_sparse_0.19;Composition, wt.% P:numeric_sparse_0.23;Composition, wt.% S:numeric_sparse_0.25;Test Solution:high_cardinality;Heat treatment:categorical_sparse_0.54;Microstructures:categorical_sparse_0.28",,,,,,,,,,,,,,,,,,,,,,,step-7500,7500
1,pretrained_tabicl_v2,pretrained_tabicl_regressor,/home/fcolanto/.cache/huggingface/hub/models--jingang--TabICL/snapshots/4dcd344ece2c00be9e831fdd35bed57b5ad83e19/tabicl-regressor-v2-20260212.ckpt,electrochemical_metrics_alloys__pitting_potential__epit_mv_sce_avg,electrochemical_metrics_alloys,Pitting Potential,"Epit, mV (SCE) Avg.",,continuous,0,,median,False,,608,486,122,21,False,0,,,,,epit_pipeline_development_fold_1,0,0,0,0,True,,,normal_corrosion,247.5178470109265,504.15891098827655,-0.8973551477817541,0.4972654121034983,0.2579260068849429,0.4966722290164623,1.011651212722474,"environment,material,process_history","{""environment"": 3, ""material"": 17, ""process_history"": 1}","Composition, wt.% N:numeric_sparse_0.34;Composition, wt.% C:numeric_sparse_0.45;Composition, wt.% Si:numeric_sparse_0.44;Composition, wt.% Mn:numeric_sparse_0.41;Composition, wt.% Cu:numeric_sparse_0.19;Composition, wt.% P:numeric_sparse_0.23;Composition, wt.% S:numeric_sparse_0.25;Test Solution:high_cardinality;Heat treatment:categorical_sparse_0.54;Microstructures:categorical_sparse_0.28",,,,,,,,,,,,,,,,,,,,,,,step-7500,7500
1,catboost,catboost_regressor,catboost==1.2.10;iterations=1000;depth=6;learning_rate=0.03;l2_leaf_reg=3;thread_count=8,electrochemical_metrics_alloys__pitting_potential__epit_mv_sce_avg,electrochemical_metrics_alloys,Pitting Potential,"Epit, mV (SCE) Avg.",,continuous,0,,median,False,,608,486,122,21,False,0,,,,,epit_pipeline_development_fold_1,0,0,0,0,True,,,normal_corrosion,217.56468986329372,340.6674030557137,0.1336868750181218,0.4787131740337256,0.4886175443365949,0.4365678708610748,0.6835872260211673,"environment,material,process_history","{""environment"": 3, ""material"": 17, ""process_history"": 1}","Composition, wt.% N:numeric_sparse_0.34;Composition, wt.% C:numeric_sparse_0.45;Composition, wt.% Si:numeric_sparse_0.44;Composition, wt.% Mn:numeric_sparse_0.41;Composition, wt.% Cu:numeric_sparse_0.19;Composition, wt.% P:numeric_sparse_0.23;Composition, wt.% S:numeric_sparse_0.25;Test Solution:high_cardinality;Heat treatment:categorical_sparse_0.54;Microstructures:categorical_sparse_0.28",,,,,,,,,,,,,,,,,,,,,,,step-7500,7500
1,generic_baseline,local_tabicl_regressor,/home/fcolanto/projects/tabicl/checkpoints/tabicl_s1_regression_baseline/step-8000.ckpt,electrochemical_metrics_alloys__pitting_potential__epit_mv_sce_avg,electrochemical_metrics_alloys,Pitting Potential,"Epit, mV (SCE) Avg.",,continuous,0,,median,False,,608,486,122,21,False,0,,,,,epit_pipeline_development_fold_1,0,0,0,0,True,,,normal_corrosion,265.0418462885714,467.4933660738642,-0.6314157071104038,0.4571305828627806,0.2597190267334969,0.5318360925019368,0.9380776981631762,"environment,material,process_history","{""environment"": 3, ""material"": 17, ""process_history"": 1}","Composition, wt.% N:numeric_sparse_0.34;Composition, wt.% C:numeric_sparse_0.45;Composition, wt.% Si:numeric_sparse_0.44;Composition, wt.% Mn:numeric_sparse_0.41;Composition, wt.% Cu:numeric_sparse_0.19;Composition, wt.% P:numeric_sparse_0.23;Composition, wt.% S:numeric_sparse_0.25;Test Solution:high_cardinality;Heat treatment:categorical_sparse_0.54;Microstructures:categorical_sparse_0.28",,,,,,,,,,,,,,,,,,,,,,,step-8000,8000
1,trial_0025,local_tabicl_regressor,/home/fcolanto/projects/tabicl/checkpoints/epit_pipeline_final_v1/final_epit_pipeline_optuna_fe_ni_v4_trial_0025/step-8000.ckpt,electrochemical_metrics_alloys__pitting_potential__epit_mv_sce_avg,electrochemical_metrics_alloys,Pitting Potential,"Epit, mV (SCE) Avg.",,continuous,0,,median,False,,608,486,122,31,True,0,,,,,epit_pipeline_development_fold_1,0,0,0,0,True,,,normal_corrosion,263.3853172784367,357.9280103485271,0.043675885471303,0.3790717272435965,0.4374030783052439,0.528512081866624,0.7182225640455845,"environment,material,material_descriptor,process_history","{""environment"": 3, ""material"": 17, ""material_descriptor"": 10, ""process_history"": 1}","Composition, wt.% N:numeric_sparse_0.34;Composition, wt.% C:numeric_sparse_0.45;Composition, wt.% Si:numeric_sparse_0.44;Composition, wt.% Mn:numeric_sparse_0.41;Composition, wt.% Cu:numeric_sparse_0.19;Composition, wt.% P:numeric_sparse_0.23;Composition, wt.% S:numeric_sparse_0.25;Test Solution:high_cardinality;Heat treatment:categorical_sparse_0.54;Microstructures:categorical_sparse_0.28",,,,,,,,,,,,,,,,,,,,,,,step-8000,8000
1,pretrained_tabicl_v2,pretrained_tabicl_regressor,/home/fcolanto/.cache/huggingface/hub/models--jingang--TabICL/snapshots/4dcd344ece2c00be9e831fdd35bed57b5ad83e19/tabicl-regressor-v2-20260212.ckpt,electrochemical_metrics_alloys__pitting_potential__epit_mv_sce_avg,electrochemical_metrics_alloys,Pitting Potential,"Epit, mV (SCE) Avg.",,continuous,0,,median,False,,608,486,122,21,False,0,,,,,epit_pipeline_development_fold_1,0,0,0,0,True,,,normal_corrosion,247.5178470109265,504.15891098827655,-0.8973551477817541,0.4972654121034983,0.2579260068849429,0.4966722290164623,1.011651212722474,"environment,material,process_history","{""environment"": 3, ""material"": 17, ""process_history"": 1}","Composition, wt.% N:numeric_sparse_0.34;Composition, wt.% C:numeric_sparse_0.45;Composition, wt.% Si:numeric_sparse_0.44;Composition, wt.% Mn:numeric_sparse_0.41;Composition, wt.% Cu:numeric_sparse_0.19;Composition, wt.% P:numeric_sparse_0.23;Composition, wt.% S:numeric_sparse_0.25;Test Solution:high_cardinality;Heat treatment:categorical_sparse_0.54;Microstructures:categorical_sparse_0.28",,,,,,,,,,,,,,,,,,,,,,,step-8000,8000
1,catboost,catboost_regressor,catboost==1.2.10;iterations=1000;depth=6;learning_rate=0.03;l2_leaf_reg=3;thread_count=8,electrochemical_metrics_alloys__pitting_potential__epit_mv_sce_avg,electrochemical_metrics_alloys,Pitting Potential,"Epit, mV (SCE) Avg.",,continuous,0,,median,False,,608,486,122,21,False,0,,,,,epit_pipeline_development_fold_1,0,0,0,0,True,,,normal_corrosion,217.56468986329372,340.6674030557137,0.1336868750181218,0.4787131740337256,0.4886175443365949,0.4365678708610748,0.6835872260211673,"environment,material,process_history","{""environment"": 3, ""material"": 17, ""process_history"": 1}","Composition, wt.% N:numeric_sparse_0.34;Composition, wt.% C:numeric_sparse_0.45;Composition, wt.% Si:numeric_sparse_0.44;Composition, wt.% Mn:numeric_sparse_0.41;Composition, wt.% Cu:numeric_sparse_0.19;Composition, wt.% P:numeric_sparse_0.23;Composition, wt.% S:numeric_sparse_0.25;Test Solution:high_cardinality;Heat treatment:categorical_sparse_0.54;Microstructures:categorical_sparse_0.28",,,,,,,,,,,,,,,,,,,,,,,step-8000,8000
1,generic_baseline,local_tabicl_regressor,/home/fcolanto/projects/tabicl/checkpoints/tabicl_s1_regression_baseline/step-8500.ckpt,electrochemical_metrics_alloys__pitting_potential__epit_mv_sce_avg,electrochemical_metrics_alloys,Pitting Potential,"Epit, mV (SCE) Avg.",,continuous,0,,median,False,,608,486,122,21,False,0,,,,,epit_pipeline_development_fold_1,0,0,0,0,True,,,normal_corrosion,257.3620490906616,465.4046836895788,-0.6168704861334462,0.4534260835973344,0.2608578146909783,0.5164257209317936,0.9338865234740044,"environment,material,process_history","{""environment"": 3, ""material"": 17, ""process_history"": 1}","Composition, wt.% N:numeric_sparse_0.34;Composition, wt.% C:numeric_sparse_0.45;Composition, wt.% Si:numeric_sparse_0.44;Composition, wt.% Mn:numeric_sparse_0.41;Composition, wt.% Cu:numeric_sparse_0.19;Composition, wt.% P:numeric_sparse_0.23;Composition, wt.% S:numeric_sparse_0.25;Test Solution:high_cardinality;Heat treatment:categorical_sparse_0.54;Microstructures:categorical_sparse_0.28",,,,,,,,,,,,,,,,,,,,,,,step-8500,8500
1,trial_0025,local_tabicl_regressor,/home/fcolanto/projects/tabicl/checkpoints/epit_pipeline_final_v1/final_epit_pipeline_optuna_fe_ni_v4_trial_0025/step-8500.ckpt,electrochemical_metrics_alloys__pitting_potential__epit_mv_sce_avg,electrochemical_metrics_alloys,Pitting Potential,"Epit, mV (SCE) Avg.",,continuous,0,,median,False,,608,486,122,31,True,0,,,,,epit_pipeline_development_fold_1,0,0,0,0,True,,,normal_corrosion,263.37776235179894,357.6455293178676,0.0451847744853682,0.3757770030976108,0.4313028225083438,0.5284969220617916,0.7176557342801886,"environment,material,material_descriptor,process_history","{""environment"": 3, ""material"": 17, ""material_descriptor"": 10, ""process_history"": 1}","Composition, wt.% N:numeric_sparse_0.34;Composition, wt.% C:numeric_sparse_0.45;Composition, wt.% Si:numeric_sparse_0.44;Composition, wt.% Mn:numeric_sparse_0.41;Composition, wt.% Cu:numeric_sparse_0.19;Composition, wt.% P:numeric_sparse_0.23;Composition, wt.% S:numeric_sparse_0.25;Test Solution:high_cardinality;Heat treatment:categorical_sparse_0.54;Microstructures:categorical_sparse_0.28",,,,,,,,,,,,,,,,,,,,,,,step-8500,8500
1,pretrained_tabicl_v2,pretrained_tabicl_regressor,/home/fcolanto/.cache/huggingface/hub/models--jingang--TabICL/snapshots/4dcd344ece2c00be9e831fdd35bed57b5ad83e19/tabicl-regressor-v2-20260212.ckpt,electrochemical_metrics_alloys__pitting_potential__epit_mv_sce_avg,electrochemical_metrics_alloys,Pitting Potential,"Epit, mV (SCE) Avg.",,continuous,0,,median,False,,608,486,122,21,False,0,,,,,epit_pipeline_development_fold_1,0,0,0,0,True,,,normal_corrosion,247.5178470109265,504.15891098827655,-0.8973551477817541,0.4972654121034983,0.2579260068849429,0.4966722290164623,1.011651212722474,"environment,material,process_history","{""environment"": 3, ""material"": 17, ""process_history"": 1}","Composition, wt.% N:numeric_sparse_0.34;Composition, wt.% C:numeric_sparse_0.45;Composition, wt.% Si:numeric_sparse_0.44;Composition, wt.% Mn:numeric_sparse_0.41;Composition, wt.% Cu:numeric_sparse_0.19;Composition, wt.% P:numeric_sparse_0.23;Composition, wt.% S:numeric_sparse_0.25;Test Solution:high_cardinality;Heat treatment:categorical_sparse_0.54;Microstructures:categorical_sparse_0.28",,,,,,,,,,,,,,,,,,,,,,,step-8500,8500
1,catboost,catboost_regressor,catboost==1.2.10;iterations=1000;depth=6;learning_rate=0.03;l2_leaf_reg=3;thread_count=8,electrochemical_metrics_alloys__pitting_potential__epit_mv_sce_avg,electrochemical_metrics_alloys,Pitting Potential,"Epit, mV (SCE) Avg.",,continuous,0,,median,False,,608,486,122,21,False,0,,,,,epit_pipeline_development_fold_1,0,0,0,0,True,,,normal_corrosion,217.56468986329372,340.6674030557137,0.1336868750181218,0.4787131740337256,0.4886175443365949,0.4365678708610748,0.6835872260211673,"environment,material,process_history","{""environment"": 3, ""material"": 17, ""process_history"": 1}","Composition, wt.% N:numeric_sparse_0.34;Composition, wt.% C:numeric_sparse_0.45;Composition, wt.% Si:numeric_sparse_0.44;Composition, wt.% Mn:numeric_sparse_0.41;Composition, wt.% Cu:numeric_sparse_0.19;Composition, wt.% P:numeric_sparse_0.23;Composition, wt.% S:numeric_sparse_0.25;Test Solution:high_cardinality;Heat treatment:categorical_sparse_0.54;Microstructures:categorical_sparse_0.28",,,,,,,,,,,,,,,,,,,,,,,step-8500,8500
1,generic_baseline,local_tabicl_regressor,/home/fcolanto/projects/tabicl/checkpoints/tabicl_s1_regression_baseline/step-9000.ckpt,electrochemical_metrics_alloys__pitting_potential__epit_mv_sce_avg,electrochemical_metrics_alloys,Pitting Potential,"Epit, mV (SCE) Avg.",,continuous,0,,median,False,,608,486,122,21,False,0,,,,,epit_pipeline_development_fold_1,0,0,0,0,True,,,normal_corrosion,259.48495217650185,466.389083779501,-0.6237175626381053,0.4709208374878538,0.2616592247157915,0.5206855632840247,0.9358618322964188,"environment,material,process_history","{""environment"": 3, ""material"": 17, ""process_history"": 1}","Composition, wt.% N:numeric_sparse_0.34;Composition, wt.% C:numeric_sparse_0.45;Composition, wt.% Si:numeric_sparse_0.44;Composition, wt.% Mn:numeric_sparse_0.41;Composition, wt.% Cu:numeric_sparse_0.19;Composition, wt.% P:numeric_sparse_0.23;Composition, wt.% S:numeric_sparse_0.25;Test Solution:high_cardinality;Heat treatment:categorical_sparse_0.54;Microstructures:categorical_sparse_0.28",,,,,,,,,,,,,,,,,,,,,,,step-9000,9000
1,trial_0025,local_tabicl_regressor,/home/fcolanto/projects/tabicl/checkpoints/epit_pipeline_final_v1/final_epit_pipeline_optuna_fe_ni_v4_trial_0025/step-9000.ckpt,electrochemical_metrics_alloys__pitting_potential__epit_mv_sce_avg,electrochemical_metrics_alloys,Pitting Potential,"Epit, mV (SCE) Avg.",,continuous,0,,median,False,,608,486,122,31,True,0,,,,,epit_pipeline_development_fold_1,0,0,0,0,True,,,normal_corrosion,265.35220332980225,359.1997176310238,0.0368682325186568,0.3664942747866042,0.4299154358105058,0.5324588585986872,0.7207743868667738,"environment,material,material_descriptor,process_history","{""environment"": 3, ""material"": 17, ""material_descriptor"": 10, ""process_history"": 1}","Composition, wt.% N:numeric_sparse_0.34;Composition, wt.% C:numeric_sparse_0.45;Composition, wt.% Si:numeric_sparse_0.44;Composition, wt.% Mn:numeric_sparse_0.41;Composition, wt.% Cu:numeric_sparse_0.19;Composition, wt.% P:numeric_sparse_0.23;Composition, wt.% S:numeric_sparse_0.25;Test Solution:high_cardinality;Heat treatment:categorical_sparse_0.54;Microstructures:categorical_sparse_0.28",,,,,,,,,,,,,,,,,,,,,,,step-9000,9000
1,pretrained_tabicl_v2,pretrained_tabicl_regressor,/home/fcolanto/.cache/huggingface/hub/models--jingang--TabICL/snapshots/4dcd344ece2c00be9e831fdd35bed57b5ad83e19/tabicl-regressor-v2-20260212.ckpt,electrochemical_metrics_alloys__pitting_potential__epit_mv_sce_avg,electrochemical_metrics_alloys,Pitting Potential,"Epit, mV (SCE) Avg.",,continuous,0,,median,False,,608,486,122,21,False,0,,,,,epit_pipeline_development_fold_1,0,0,0,0,True,,,normal_corrosion,247.5178470109265,504.15891098827655,-0.8973551477817541,0.4972654121034983,0.2579260068849429,0.4966722290164623,1.011651212722474,"environment,material,process_history","{""environment"": 3, ""material"": 17, ""process_history"": 1}","Composition, wt.% N:numeric_sparse_0.34;Composition, wt.% C:numeric_sparse_0.45;Composition, wt.% Si:numeric_sparse_0.44;Composition, wt.% Mn:numeric_sparse_0.41;Composition, wt.% Cu:numeric_sparse_0.19;Composition, wt.% P:numeric_sparse_0.23;Composition, wt.% S:numeric_sparse_0.25;Test Solution:high_cardinality;Heat treatment:categorical_sparse_0.54;Microstructures:categorical_sparse_0.28",,,,,,,,,,,,,,,,,,,,,,,step-9000,9000
1,catboost,catboost_regressor,catboost==1.2.10;iterations=1000;depth=6;learning_rate=0.03;l2_leaf_reg=3;thread_count=8,electrochemical_metrics_alloys__pitting_potential__epit_mv_sce_avg,electrochemical_metrics_alloys,Pitting Potential,"Epit, mV (SCE) Avg.",,continuous,0,,median,False,,608,486,122,21,False,0,,,,,epit_pipeline_development_fold_1,0,0,0,0,True,,,normal_corrosion,217.56468986329372,340.6674030557137,0.1336868750181218,0.4787131740337256,0.4886175443365949,0.4365678708610748,0.6835872260211673,"environment,material,process_history","{""environment"": 3, ""material"": 17, ""process_history"": 1}","Composition, wt.% N:numeric_sparse_0.34;Composition, wt.% C:numeric_sparse_0.45;Composition, wt.% Si:numeric_sparse_0.44;Composition, wt.% Mn:numeric_sparse_0.41;Composition, wt.% Cu:numeric_sparse_0.19;Composition, wt.% P:numeric_sparse_0.23;Composition, wt.% S:numeric_sparse_0.25;Test Solution:high_cardinality;Heat treatment:categorical_sparse_0.54;Microstructures:categorical_sparse_0.28",,,,,,,,,,,,,,,,,,,,,,,step-9000,9000
1,generic_baseline,local_tabicl_regressor,/home/fcolanto/projects/tabicl/checkpoints/tabicl_s1_regression_baseline/step-9500.ckpt,electrochemical_metrics_alloys__pitting_potential__epit_mv_sce_avg,electrochemical_metrics_alloys,Pitting Potential,"Epit, mV (SCE) Avg.",,continuous,0,,median,False,,608,486,122,21,False,0,,,,,epit_pipeline_development_fold_1,0,0,0,0,True,,,normal_corrosion,262.9433335701846,466.2953778103256,-0.6230651599634995,0.4446324417192323,0.2512791893964309,0.5276251921484987,0.9356738007942684,"environment,material,process_history","{""environment"": 3, ""material"": 17, ""process_history"": 1}","Composition, wt.% N:numeric_sparse_0.34;Composition, wt.% C:numeric_sparse_0.45;Composition, wt.% Si:numeric_sparse_0.44;Composition, wt.% Mn:numeric_sparse_0.41;Composition, wt.% Cu:numeric_sparse_0.19;Composition, wt.% P:numeric_sparse_0.23;Composition, wt.% S:numeric_sparse_0.25;Test Solution:high_cardinality;Heat treatment:categorical_sparse_0.54;Microstructures:categorical_sparse_0.28",,,,,,,,,,,,,,,,,,,,,,,step-9500,9500
1,trial_0025,local_tabicl_regressor,/home/fcolanto/projects/tabicl/checkpoints/epit_pipeline_final_v1/final_epit_pipeline_optuna_fe_ni_v4_trial_0025/step-9500.ckpt,electrochemical_metrics_alloys__pitting_potential__epit_mv_sce_avg,electrochemical_metrics_alloys,Pitting Potential,"Epit, mV (SCE) Avg.",,continuous,0,,median,False,,608,486,122,31,True,0,,,,,epit_pipeline_development_fold_1,0,0,0,0,True,,,normal_corrosion,263.6942303373586,356.175548446279,0.0530175338699332,0.3708134367312413,0.4464214852649968,0.5291319504514548,0.7147060533383078,"environment,material,material_descriptor,process_history","{""environment"": 3, ""material"": 17, ""material_descriptor"": 10, ""process_history"": 1}","Composition, wt.% N:numeric_sparse_0.34;Composition, wt.% C:numeric_sparse_0.45;Composition, wt.% Si:numeric_sparse_0.44;Composition, wt.% Mn:numeric_sparse_0.41;Composition, wt.% Cu:numeric_sparse_0.19;Composition, wt.% P:numeric_sparse_0.23;Composition, wt.% S:numeric_sparse_0.25;Test Solution:high_cardinality;Heat treatment:categorical_sparse_0.54;Microstructures:categorical_sparse_0.28",,,,,,,,,,,,,,,,,,,,,,,step-9500,9500
1,pretrained_tabicl_v2,pretrained_tabicl_regressor,/home/fcolanto/.cache/huggingface/hub/models--jingang--TabICL/snapshots/4dcd344ece2c00be9e831fdd35bed57b5ad83e19/tabicl-regressor-v2-20260212.ckpt,electrochemical_metrics_alloys__pitting_potential__epit_mv_sce_avg,electrochemical_metrics_alloys,Pitting Potential,"Epit, mV (SCE) Avg.",,continuous,0,,median,False,,608,486,122,21,False,0,,,,,epit_pipeline_development_fold_1,0,0,0,0,True,,,normal_corrosion,247.5178470109265,504.15891098827655,-0.8973551477817541,0.4972654121034983,0.2579260068849429,0.4966722290164623,1.011651212722474,"environment,material,process_history","{""environment"": 3, ""material"": 17, ""process_history"": 1}","Composition, wt.% N:numeric_sparse_0.34;Composition, wt.% C:numeric_sparse_0.45;Composition, wt.% Si:numeric_sparse_0.44;Composition, wt.% Mn:numeric_sparse_0.41;Composition, wt.% Cu:numeric_sparse_0.19;Composition, wt.% P:numeric_sparse_0.23;Composition, wt.% S:numeric_sparse_0.25;Test Solution:high_cardinality;Heat treatment:categorical_sparse_0.54;Microstructures:categorical_sparse_0.28",,,,,,,,,,,,,,,,,,,,,,,step-9500,9500
1,catboost,catboost_regressor,catboost==1.2.10;iterations=1000;depth=6;learning_rate=0.03;l2_leaf_reg=3;thread_count=8,electrochemical_metrics_alloys__pitting_potential__epit_mv_sce_avg,electrochemical_metrics_alloys,Pitting Potential,"Epit, mV (SCE) Avg.",,continuous,0,,median,False,,608,486,122,21,False,0,,,,,epit_pipeline_development_fold_1,0,0,0,0,True,,,normal_corrosion,217.56468986329372,340.6674030557137,0.1336868750181218,0.4787131740337256,0.4886175443365949,0.4365678708610748,0.6835872260211673,"environment,material,process_history","{""environment"": 3, ""material"": 17, ""process_history"": 1}","Composition, wt.% N:numeric_sparse_0.34;Composition, wt.% C:numeric_sparse_0.45;Composition, wt.% Si:numeric_sparse_0.44;Composition, wt.% Mn:numeric_sparse_0.41;Composition, wt.% Cu:numeric_sparse_0.19;Composition, wt.% P:numeric_sparse_0.23;Composition, wt.% S:numeric_sparse_0.25;Test Solution:high_cardinality;Heat treatment:categorical_sparse_0.54;Microstructures:categorical_sparse_0.28",,,,,,,,,,,,,,,,,,,,,,,step-9500,9500
1,generic_baseline,local_tabicl_regressor,/home/fcolanto/projects/tabicl/checkpoints/tabicl_s1_regression_baseline/step-10000.ckpt,electrochemical_metrics_alloys__pitting_potential__epit_mv_sce_avg,electrochemical_metrics_alloys,Pitting Potential,"Epit, mV (SCE) Avg.",,continuous,0,,median,False,,608,486,122,21,False,0,,,,,epit_pipeline_development_fold_1,0,0,0,0,True,,,normal_corrosion,263.04057408071867,466.10397632272816,-0.6217329857977234,0.4489251665593881,0.2517190769877522,0.5278203161029968,0.9352897323134292,"environment,material,process_history","{""environment"": 3, ""material"": 17, ""process_history"": 1}","Composition, wt.% N:numeric_sparse_0.34;Composition, wt.% C:numeric_sparse_0.45;Composition, wt.% Si:numeric_sparse_0.44;Composition, wt.% Mn:numeric_sparse_0.41;Composition, wt.% Cu:numeric_sparse_0.19;Composition, wt.% P:numeric_sparse_0.23;Composition, wt.% S:numeric_sparse_0.25;Test Solution:high_cardinality;Heat treatment:categorical_sparse_0.54;Microstructures:categorical_sparse_0.28",,,,,,,,,,,,,,,,,,,,,,,step-10000,10000
1,trial_0025,local_tabicl_regressor,/home/fcolanto/projects/tabicl/checkpoints/epit_pipeline_final_v1/final_epit_pipeline_optuna_fe_ni_v4_trial_0025/step-10000.ckpt,electrochemical_metrics_alloys__pitting_potential__epit_mv_sce_avg,electrochemical_metrics_alloys,Pitting Potential,"Epit, mV (SCE) Avg.",,continuous,0,,median,False,,608,486,122,31,True,0,,,,,epit_pipeline_development_fold_1,0,0,0,0,True,,,normal_corrosion,263.9103882192986,356.72452618867663,0.0500960927918476,0.372459146485204,0.4431546955536342,0.5295656954049567,0.7158076385463636,"environment,material,material_descriptor,process_history","{""environment"": 3, ""material"": 17, ""material_descriptor"": 10, ""process_history"": 1}","Composition, wt.% N:numeric_sparse_0.34;Composition, wt.% C:numeric_sparse_0.45;Composition, wt.% Si:numeric_sparse_0.44;Composition, wt.% Mn:numeric_sparse_0.41;Composition, wt.% Cu:numeric_sparse_0.19;Composition, wt.% P:numeric_sparse_0.23;Composition, wt.% S:numeric_sparse_0.25;Test Solution:high_cardinality;Heat treatment:categorical_sparse_0.54;Microstructures:categorical_sparse_0.28",,,,,,,,,,,,,,,,,,,,,,,step-10000,10000
1,pretrained_tabicl_v2,pretrained_tabicl_regressor,/home/fcolanto/.cache/huggingface/hub/models--jingang--TabICL/snapshots/4dcd344ece2c00be9e831fdd35bed57b5ad83e19/tabicl-regressor-v2-20260212.ckpt,electrochemical_metrics_alloys__pitting_potential__epit_mv_sce_avg,electrochemical_metrics_alloys,Pitting Potential,"Epit, mV (SCE) Avg.",,continuous,0,,median,False,,608,486,122,21,False,0,,,,,epit_pipeline_development_fold_1,0,0,0,0,True,,,normal_corrosion,247.5178470109265,504.15891098827655,-0.8973551477817541,0.4972654121034983,0.2579260068849429,0.4966722290164623,1.011651212722474,"environment,material,process_history","{""environment"": 3, ""material"": 17, ""process_history"": 1}","Composition, wt.% N:numeric_sparse_0.34;Composition, wt.% C:numeric_sparse_0.45;Composition, wt.% Si:numeric_sparse_0.44;Composition, wt.% Mn:numeric_sparse_0.41;Composition, wt.% Cu:numeric_sparse_0.19;Composition, wt.% P:numeric_sparse_0.23;Composition, wt.% S:numeric_sparse_0.25;Test Solution:high_cardinality;Heat treatment:categorical_sparse_0.54;Microstructures:categorical_sparse_0.28",,,,,,,,,,,,,,,,,,,,,,,step-10000,10000
1,catboost,catboost_regressor,catboost==1.2.10;iterations=1000;depth=6;learning_rate=0.03;l2_leaf_reg=3;thread_count=8,electrochemical_metrics_alloys__pitting_potential__epit_mv_sce_avg,electrochemical_metrics_alloys,Pitting Potential,"Epit, mV (SCE) Avg.",,continuous,0,,median,False,,608,486,122,21,False,0,,,,,epit_pipeline_development_fold_1,0,0,0,0,True,,,normal_corrosion,217.56468986329372,340.6674030557137,0.1336868750181218,0.4787131740337256,0.4886175443365949,0.4365678708610748,0.6835872260211673,"environment,material,process_history","{""environment"": 3, ""material"": 17, ""process_history"": 1}","Composition, wt.% N:numeric_sparse_0.34;Composition, wt.% C:numeric_sparse_0.45;Composition, wt.% Si:numeric_sparse_0.44;Composition, wt.% Mn:numeric_sparse_0.41;Composition, wt.% Cu:numeric_sparse_0.19;Composition, wt.% P:numeric_sparse_0.23;Composition, wt.% S:numeric_sparse_0.25;Test Solution:high_cardinality;Heat treatment:categorical_sparse_0.54;Microstructures:categorical_sparse_0.28",,,,,,,,,,,,,,,,,,,,,,,step-10000,10000
2,generic_baseline,local_tabicl_regressor,/home/fcolanto/projects/tabicl/checkpoints/tabicl_s1_regression_baseline/step-500.ckpt,electrochemical_metrics_alloys__pitting_potential__epit_mv_sce_avg,electrochemical_metrics_alloys,Pitting Potential,"Epit, mV (SCE) Avg.",,continuous,0,,median,False,,608,486,122,21,False,0,,,,,epit_pipeline_development_fold_2,0,0,0,0,True,,,normal_corrosion,245.47760777336663,344.52871639590853,0.1533150407731099,0.4065851473855655,0.4906037753503406,0.4822813848403789,0.6768836798104264,"environment,material,process_history","{""environment"": 3, ""material"": 17, ""process_history"": 1}","Composition, wt.% N:numeric_sparse_0.34;Composition, wt.% C:numeric_sparse_0.45;Composition, wt.% Si:numeric_sparse_0.44;Composition, wt.% Mn:numeric_sparse_0.41;Composition, wt.% Cu:numeric_sparse_0.19;Composition, wt.% P:numeric_sparse_0.23;Composition, wt.% S:numeric_sparse_0.25;Test Solution:high_cardinality;Heat treatment:categorical_sparse_0.54;Microstructures:categorical_sparse_0.28",,,,,,,,,,,,,,,,,,,,,,,step-500,500
2,trial_0025,local_tabicl_regressor,/home/fcolanto/projects/tabicl/checkpoints/epit_pipeline_final_v1/final_epit_pipeline_optuna_fe_ni_v4_trial_0025/step-500.ckpt,electrochemical_metrics_alloys__pitting_potential__epit_mv_sce_avg,electrochemical_metrics_alloys,Pitting Potential,"Epit, mV (SCE) Avg.",,continuous,0,,median,False,,608,486,122,31,True,0,,,,,epit_pipeline_development_fold_2,0,0,0,0,True,,,normal_corrosion,218.64738019728284,297.74806489414925,0.3676334518326944,0.6049591058201917,0.6079949178250446,0.4295689626021657,0.5849753481517885,"environment,material,material_descriptor,process_history","{""environment"": 3, ""material"": 17, ""material_descriptor"": 10, ""process_history"": 1}","Composition, wt.% N:numeric_sparse_0.34;Composition, wt.% C:numeric_sparse_0.45;Composition, wt.% Si:numeric_sparse_0.44;Composition, wt.% Mn:numeric_sparse_0.41;Composition, wt.% Cu:numeric_sparse_0.19;Composition, wt.% P:numeric_sparse_0.23;Composition, wt.% S:numeric_sparse_0.25;Test Solution:high_cardinality;Heat treatment:categorical_sparse_0.54;Microstructures:categorical_sparse_0.28",,,,,,,,,,,,,,,,,,,,,,,step-500,500
2,pretrained_tabicl_v2,pretrained_tabicl_regressor,/home/fcolanto/.cache/huggingface/hub/models--jingang--TabICL/snapshots/4dcd344ece2c00be9e831fdd35bed57b5ad83e19/tabicl-regressor-v2-20260212.ckpt,electrochemical_metrics_alloys__pitting_potential__epit_mv_sce_avg,electrochemical_metrics_alloys,Pitting Potential,"Epit, mV (SCE) Avg.",,continuous,0,,median,False,,608,486,122,21,False,0,,,,,epit_pipeline_development_fold_2,0,0,0,0,True,,,normal_corrosion,207.80827415220085,285.3713058802669,0.4191130793881557,0.5600380115222819,0.6642602160311927,0.4082737450005664,0.5606591568250354,"environment,material,process_history","{""environment"": 3, ""material"": 17, ""process_history"": 1}","Composition, wt.% N:numeric_sparse_0.34;Composition, wt.% C:numeric_sparse_0.45;Composition, wt.% Si:numeric_sparse_0.44;Composition, wt.% Mn:numeric_sparse_0.41;Composition, wt.% Cu:numeric_sparse_0.19;Composition, wt.% P:numeric_sparse_0.23;Composition, wt.% S:numeric_sparse_0.25;Test Solution:high_cardinality;Heat treatment:categorical_sparse_0.54;Microstructures:categorical_sparse_0.28",,,,,,,,,,,,,,,,,,,,,,,step-500,500
2,catboost,catboost_regressor,catboost==1.2.10;iterations=1000;depth=6;learning_rate=0.03;l2_leaf_reg=3;thread_count=8,electrochemical_metrics_alloys__pitting_potential__epit_mv_sce_avg,electrochemical_metrics_alloys,Pitting Potential,"Epit, mV (SCE) Avg.",,continuous,0,,median,False,,608,486,122,21,False,0,,,,,epit_pipeline_development_fold_2,0,0,0,0,True,,,normal_corrosion,220.3852586003285,305.6460507027,0.3336405365220811,0.4912719438106525,0.5955699014113132,0.4329833123284302,0.600492248319376,"environment,material,process_history","{""environment"": 3, ""material"": 17, ""process_history"": 1}","Composition, wt.% N:numeric_sparse_0.34;Composition, wt.% C:numeric_sparse_0.45;Composition, wt.% Si:numeric_sparse_0.44;Composition, wt.% Mn:numeric_sparse_0.41;Composition, wt.% Cu:numeric_sparse_0.19;Composition, wt.% P:numeric_sparse_0.23;Composition, wt.% S:numeric_sparse_0.25;Test Solution:high_cardinality;Heat treatment:categorical_sparse_0.54;Microstructures:categorical_sparse_0.28",,,,,,,,,,,,,,,,,,,,,,,step-500,500
2,generic_baseline,local_tabicl_regressor,/home/fcolanto/projects/tabicl/checkpoints/tabicl_s1_regression_baseline/step-1000.ckpt,electrochemical_metrics_alloys__pitting_potential__epit_mv_sce_avg,electrochemical_metrics_alloys,Pitting Potential,"Epit, mV (SCE) Avg.",,continuous,0,,median,False,,608,486,122,21,False,0,,,,,epit_pipeline_development_fold_2,0,0,0,0,True,,,normal_corrosion,237.52264599538256,321.0917896432911,0.2645902317682247,0.4400049609185602,0.5373367467233937,0.4666525459518215,0.6308379586011407,"environment,material,process_history","{""environment"": 3, ""material"": 17, ""process_history"": 1}","Composition, wt.% N:numeric_sparse_0.34;Composition, wt.% C:numeric_sparse_0.45;Composition, wt.% Si:numeric_sparse_0.44;Composition, wt.% Mn:numeric_sparse_0.41;Composition, wt.% Cu:numeric_sparse_0.19;Composition, wt.% P:numeric_sparse_0.23;Composition, wt.% S:numeric_sparse_0.25;Test Solution:high_cardinality;Heat treatment:categorical_sparse_0.54;Microstructures:categorical_sparse_0.28",,,,,,,,,,,,,,,,,,,,,,,step-1000,1000
2,trial_0025,local_tabicl_regressor,/home/fcolanto/projects/tabicl/checkpoints/epit_pipeline_final_v1/final_epit_pipeline_optuna_fe_ni_v4_trial_0025/step-1000.ckpt,electrochemical_metrics_alloys__pitting_potential__epit_mv_sce_avg,electrochemical_metrics_alloys,Pitting Potential,"Epit, mV (SCE) Avg.",,continuous,0,,median,False,,608,486,122,31,True,0,,,,,epit_pipeline_development_fold_2,0,0,0,0,True,,,normal_corrosion,194.6513823300113,289.9535869696337,0.4003084021168509,0.6710617255268201,0.6433352808000856,0.3824248536668247,0.5696618063520261,"environment,material,material_descriptor,process_history","{""environment"": 3, ""material"": 17, ""material_descriptor"": 10, ""process_history"": 1}","Composition, wt.% N:numeric_sparse_0.34;Composition, wt.% C:numeric_sparse_0.45;Composition, wt.% Si:numeric_sparse_0.44;Composition, wt.% Mn:numeric_sparse_0.41;Composition, wt.% Cu:numeric_sparse_0.19;Composition, wt.% P:numeric_sparse_0.23;Composition, wt.% S:numeric_sparse_0.25;Test Solution:high_cardinality;Heat treatment:categorical_sparse_0.54;Microstructures:categorical_sparse_0.28",,,,,,,,,,,,,,,,,,,,,,,step-1000,1000
2,pretrained_tabicl_v2,pretrained_tabicl_regressor,/home/fcolanto/.cache/huggingface/hub/models--jingang--TabICL/snapshots/4dcd344ece2c00be9e831fdd35bed57b5ad83e19/tabicl-regressor-v2-20260212.ckpt,electrochemical_metrics_alloys__pitting_potential__epit_mv_sce_avg,electrochemical_metrics_alloys,Pitting Potential,"Epit, mV (SCE) Avg.",,continuous,0,,median,False,,608,486,122,21,False,0,,,,,epit_pipeline_development_fold_2,0,0,0,0,True,,,normal_corrosion,207.80827415220085,285.3713058802669,0.4191130793881557,0.5600380115222819,0.6642602160311927,0.4082737450005664,0.5606591568250354,"environment,material,process_history","{""environment"": 3, ""material"": 17, ""process_history"": 1}","Composition, wt.% N:numeric_sparse_0.34;Composition, wt.% C:numeric_sparse_0.45;Composition, wt.% Si:numeric_sparse_0.44;Composition, wt.% Mn:numeric_sparse_0.41;Composition, wt.% Cu:numeric_sparse_0.19;Composition, wt.% P:numeric_sparse_0.23;Composition, wt.% S:numeric_sparse_0.25;Test Solution:high_cardinality;Heat treatment:categorical_sparse_0.54;Microstructures:categorical_sparse_0.28",,,,,,,,,,,,,,,,,,,,,,,step-1000,1000
2,catboost,catboost_regressor,catboost==1.2.10;iterations=1000;depth=6;learning_rate=0.03;l2_leaf_reg=3;thread_count=8,electrochemical_metrics_alloys__pitting_potential__epit_mv_sce_avg,electrochemical_metrics_alloys,Pitting Potential,"Epit, mV (SCE) Avg.",,continuous,0,,median,False,,608,486,122,21,False,0,,,,,epit_pipeline_development_fold_2,0,0,0,0,True,,,normal_corrosion,220.3852586003285,305.6460507027,0.3336405365220811,0.4912719438106525,0.5955699014113132,0.4329833123284302,0.600492248319376,"environment,material,process_history","{""environment"": 3, ""material"": 17, ""process_history"": 1}","Composition, wt.% N:numeric_sparse_0.34;Composition, wt.% C:numeric_sparse_0.45;Composition, wt.% Si:numeric_sparse_0.44;Composition, wt.% Mn:numeric_sparse_0.41;Composition, wt.% Cu:numeric_sparse_0.19;Composition, wt.% P:numeric_sparse_0.23;Composition, wt.% S:numeric_sparse_0.25;Test Solution:high_cardinality;Heat treatment:categorical_sparse_0.54;Microstructures:categorical_sparse_0.28",,,,,,,,,,,,,,,,,,,,,,,step-1000,1000
2,generic_baseline,local_tabicl_regressor,/home/fcolanto/projects/tabicl/checkpoints/tabicl_s1_regression_baseline/step-1500.ckpt,electrochemical_metrics_alloys__pitting_potential__epit_mv_sce_avg,electrochemical_metrics_alloys,Pitting Potential,"Epit, mV (SCE) Avg.",,continuous,0,,median,False,,608,486,122,21,False,0,,,,,epit_pipeline_development_fold_2,0,0,0,0,True,,,normal_corrosion,231.82279830811467,316.11679091369587,0.2872025756876649,0.4981789678220187,0.5683708129035627,0.4554542518958818,0.6210637502786305,"environment,material,process_history","{""environment"": 3, ""material"": 17, ""process_history"": 1}","Composition, wt.% N:numeric_sparse_0.34;Composition, wt.% C:numeric_sparse_0.45;Composition, wt.% Si:numeric_sparse_0.44;Composition, wt.% Mn:numeric_sparse_0.41;Composition, wt.% Cu:numeric_sparse_0.19;Composition, wt.% P:numeric_sparse_0.23;Composition, wt.% S:numeric_sparse_0.25;Test Solution:high_cardinality;Heat treatment:categorical_sparse_0.54;Microstructures:categorical_sparse_0.28",,,,,,,,,,,,,,,,,,,,,,,step-1500,1500
2,trial_0025,local_tabicl_regressor,/home/fcolanto/projects/tabicl/checkpoints/epit_pipeline_final_v1/final_epit_pipeline_optuna_fe_ni_v4_trial_0025/step-1500.ckpt,electrochemical_metrics_alloys__pitting_potential__epit_mv_sce_avg,electrochemical_metrics_alloys,Pitting Potential,"Epit, mV (SCE) Avg.",,continuous,0,,median,False,,608,486,122,31,True,0,,,,,epit_pipeline_development_fold_2,0,0,0,0,True,,,normal_corrosion,200.186003744446,279.3550989316255,0.4433474560749674,0.6350475138902454,0.6698513890936373,0.393298533366299,0.5488393226454721,"environment,material,material_descriptor,process_history","{""environment"": 3, ""material"": 17, ""material_descriptor"": 10, ""process_history"": 1}","Composition, wt.% N:numeric_sparse_0.34;Composition, wt.% C:numeric_sparse_0.45;Composition, wt.% Si:numeric_sparse_0.44;Composition, wt.% Mn:numeric_sparse_0.41;Composition, wt.% Cu:numeric_sparse_0.19;Composition, wt.% P:numeric_sparse_0.23;Composition, wt.% S:numeric_sparse_0.25;Test Solution:high_cardinality;Heat treatment:categorical_sparse_0.54;Microstructures:categorical_sparse_0.28",,,,,,,,,,,,,,,,,,,,,,,step-1500,1500
2,pretrained_tabicl_v2,pretrained_tabicl_regressor,/home/fcolanto/.cache/huggingface/hub/models--jingang--TabICL/snapshots/4dcd344ece2c00be9e831fdd35bed57b5ad83e19/tabicl-regressor-v2-20260212.ckpt,electrochemical_metrics_alloys__pitting_potential__epit_mv_sce_avg,electrochemical_metrics_alloys,Pitting Potential,"Epit, mV (SCE) Avg.",,continuous,0,,median,False,,608,486,122,21,False,0,,,,,epit_pipeline_development_fold_2,0,0,0,0,True,,,normal_corrosion,207.80827415220085,285.3713058802669,0.4191130793881557,0.5600380115222819,0.6642602160311927,0.4082737450005664,0.5606591568250354,"environment,material,process_history","{""environment"": 3, ""material"": 17, ""process_history"": 1}","Composition, wt.% N:numeric_sparse_0.34;Composition, wt.% C:numeric_sparse_0.45;Composition, wt.% Si:numeric_sparse_0.44;Composition, wt.% Mn:numeric_sparse_0.41;Composition, wt.% Cu:numeric_sparse_0.19;Composition, wt.% P:numeric_sparse_0.23;Composition, wt.% S:numeric_sparse_0.25;Test Solution:high_cardinality;Heat treatment:categorical_sparse_0.54;Microstructures:categorical_sparse_0.28",,,,,,,,,,,,,,,,,,,,,,,step-1500,1500
2,catboost,catboost_regressor,catboost==1.2.10;iterations=1000;depth=6;learning_rate=0.03;l2_leaf_reg=3;thread_count=8,electrochemical_metrics_alloys__pitting_potential__epit_mv_sce_avg,electrochemical_metrics_alloys,Pitting Potential,"Epit, mV (SCE) Avg.",,continuous,0,,median,False,,608,486,122,21,False,0,,,,,epit_pipeline_development_fold_2,0,0,0,0,True,,,normal_corrosion,220.3852586003285,305.6460507027,0.3336405365220811,0.4912719438106525,0.5955699014113132,0.4329833123284302,0.600492248319376,"environment,material,process_history","{""environment"": 3, ""material"": 17, ""process_history"": 1}","Composition, wt.% N:numeric_sparse_0.34;Composition, wt.% C:numeric_sparse_0.45;Composition, wt.% Si:numeric_sparse_0.44;Composition, wt.% Mn:numeric_sparse_0.41;Composition, wt.% Cu:numeric_sparse_0.19;Composition, wt.% P:numeric_sparse_0.23;Composition, wt.% S:numeric_sparse_0.25;Test Solution:high_cardinality;Heat treatment:categorical_sparse_0.54;Microstructures:categorical_sparse_0.28",,,,,,,,,,,,,,,,,,,,,,,step-1500,1500
2,generic_baseline,local_tabicl_regressor,/home/fcolanto/projects/tabicl/checkpoints/tabicl_s1_regression_baseline/step-2000.ckpt,electrochemical_metrics_alloys__pitting_potential__epit_mv_sce_avg,electrochemical_metrics_alloys,Pitting Potential,"Epit, mV (SCE) Avg.",,continuous,0,,median,False,,608,486,122,21,False,0,,,,,epit_pipeline_development_fold_2,0,0,0,0,True,,,normal_corrosion,230.8069627868544,324.0048675840316,0.2511858160404883,0.5320019871749327,0.5679061132655667,0.4534584749025857,0.6365611823043199,"environment,material,process_history","{""environment"": 3, ""material"": 17, ""process_history"": 1}","Composition, wt.% N:numeric_sparse_0.34;Composition, wt.% C:numeric_sparse_0.45;Composition, wt.% Si:numeric_sparse_0.44;Composition, wt.% Mn:numeric_sparse_0.41;Composition, wt.% Cu:numeric_sparse_0.19;Composition, wt.% P:numeric_sparse_0.23;Composition, wt.% S:numeric_sparse_0.25;Test Solution:high_cardinality;Heat treatment:categorical_sparse_0.54;Microstructures:categorical_sparse_0.28",,,,,,,,,,,,,,,,,,,,,,,step-2000,2000
2,trial_0025,local_tabicl_regressor,/home/fcolanto/projects/tabicl/checkpoints/epit_pipeline_final_v1/final_epit_pipeline_optuna_fe_ni_v4_trial_0025/step-2000.ckpt,electrochemical_metrics_alloys__pitting_potential__epit_mv_sce_avg,electrochemical_metrics_alloys,Pitting Potential,"Epit, mV (SCE) Avg.",,continuous,0,,median,False,,608,486,122,31,True,0,,,,,epit_pipeline_development_fold_2,0,0,0,0,True,,,normal_corrosion,178.29854023546486,249.5305518551078,0.5558614740726839,0.6599603456160874,0.7486798283423799,0.3502969891215781,0.4902440642153033,"environment,material,material_descriptor,process_history","{""environment"": 3, ""material"": 17, ""material_descriptor"": 10, ""process_history"": 1}","Composition, wt.% N:numeric_sparse_0.34;Composition, wt.% C:numeric_sparse_0.45;Composition, wt.% Si:numeric_sparse_0.44;Composition, wt.% Mn:numeric_sparse_0.41;Composition, wt.% Cu:numeric_sparse_0.19;Composition, wt.% P:numeric_sparse_0.23;Composition, wt.% S:numeric_sparse_0.25;Test Solution:high_cardinality;Heat treatment:categorical_sparse_0.54;Microstructures:categorical_sparse_0.28",,,,,,,,,,,,,,,,,,,,,,,step-2000,2000
2,pretrained_tabicl_v2,pretrained_tabicl_regressor,/home/fcolanto/.cache/huggingface/hub/models--jingang--TabICL/snapshots/4dcd344ece2c00be9e831fdd35bed57b5ad83e19/tabicl-regressor-v2-20260212.ckpt,electrochemical_metrics_alloys__pitting_potential__epit_mv_sce_avg,electrochemical_metrics_alloys,Pitting Potential,"Epit, mV (SCE) Avg.",,continuous,0,,median,False,,608,486,122,21,False,0,,,,,epit_pipeline_development_fold_2,0,0,0,0,True,,,normal_corrosion,207.80827415220085,285.3713058802669,0.4191130793881557,0.5600380115222819,0.6642602160311927,0.4082737450005664,0.5606591568250354,"environment,material,process_history","{""environment"": 3, ""material"": 17, ""process_history"": 1}","Composition, wt.% N:numeric_sparse_0.34;Composition, wt.% C:numeric_sparse_0.45;Composition, wt.% Si:numeric_sparse_0.44;Composition, wt.% Mn:numeric_sparse_0.41;Composition, wt.% Cu:numeric_sparse_0.19;Composition, wt.% P:numeric_sparse_0.23;Composition, wt.% S:numeric_sparse_0.25;Test Solution:high_cardinality;Heat treatment:categorical_sparse_0.54;Microstructures:categorical_sparse_0.28",,,,,,,,,,,,,,,,,,,,,,,step-2000,2000
2,catboost,catboost_regressor,catboost==1.2.10;iterations=1000;depth=6;learning_rate=0.03;l2_leaf_reg=3;thread_count=8,electrochemical_metrics_alloys__pitting_potential__epit_mv_sce_avg,electrochemical_metrics_alloys,Pitting Potential,"Epit, mV (SCE) Avg.",,continuous,0,,median,False,,608,486,122,21,False,0,,,,,epit_pipeline_development_fold_2,0,0,0,0,True,,,normal_corrosion,220.3852586003285,305.6460507027,0.3336405365220811,0.4912719438106525,0.5955699014113132,0.4329833123284302,0.600492248319376,"environment,material,process_history","{""environment"": 3, ""material"": 17, ""process_history"": 1}","Composition, wt.% N:numeric_sparse_0.34;Composition, wt.% C:numeric_sparse_0.45;Composition, wt.% Si:numeric_sparse_0.44;Composition, wt.% Mn:numeric_sparse_0.41;Composition, wt.% Cu:numeric_sparse_0.19;Composition, wt.% P:numeric_sparse_0.23;Composition, wt.% S:numeric_sparse_0.25;Test Solution:high_cardinality;Heat treatment:categorical_sparse_0.54;Microstructures:categorical_sparse_0.28",,,,,,,,,,,,,,,,,,,,,,,step-2000,2000
2,generic_baseline,local_tabicl_regressor,/home/fcolanto/projects/tabicl/checkpoints/tabicl_s1_regression_baseline/step-2500.ckpt,electrochemical_metrics_alloys__pitting_potential__epit_mv_sce_avg,electrochemical_metrics_alloys,Pitting Potential,"Epit, mV (SCE) Avg.",,continuous,0,,median,False,,608,486,122,21,False,0,,,,,epit_pipeline_development_fold_2,0,0,0,0,True,,,normal_corrosion,245.5427571544101,333.7054945015341,0.2056759581978939,0.4790663509646899,0.5483232046911684,0.4824093815810844,0.6556196692515784,"environment,material,process_history","{""environment"": 3, ""material"": 17, ""process_history"": 1}","Composition, wt.% N:numeric_sparse_0.34;Composition, wt.% C:numeric_sparse_0.45;Composition, wt.% Si:numeric_sparse_0.44;Composition, wt.% Mn:numeric_sparse_0.41;Composition, wt.% Cu:numeric_sparse_0.19;Composition, wt.% P:numeric_sparse_0.23;Composition, wt.% S:numeric_sparse_0.25;Test Solution:high_cardinality;Heat treatment:categorical_sparse_0.54;Microstructures:categorical_sparse_0.28",,,,,,,,,,,,,,,,,,,,,,,step-2500,2500
2,trial_0025,local_tabicl_regressor,/home/fcolanto/projects/tabicl/checkpoints/epit_pipeline_final_v1/final_epit_pipeline_optuna_fe_ni_v4_trial_0025/step-2500.ckpt,electrochemical_metrics_alloys__pitting_potential__epit_mv_sce_avg,electrochemical_metrics_alloys,Pitting Potential,"Epit, mV (SCE) Avg.",,continuous,0,,median,False,,608,486,122,31,True,0,,,,,epit_pipeline_development_fold_2,0,0,0,0,True,,,normal_corrosion,191.2395510526956,263.0080289555886,0.5065887971821855,0.6435677155603463,0.7171804755489556,0.3757217464946842,0.516722798382272,"environment,material,material_descriptor,process_history","{""environment"": 3, ""material"": 17, ""material_descriptor"": 10, ""process_history"": 1}","Composition, wt.% N:numeric_sparse_0.34;Composition, wt.% C:numeric_sparse_0.45;Composition, wt.% Si:numeric_sparse_0.44;Composition, wt.% Mn:numeric_sparse_0.41;Composition, wt.% Cu:numeric_sparse_0.19;Composition, wt.% P:numeric_sparse_0.23;Composition, wt.% S:numeric_sparse_0.25;Test Solution:high_cardinality;Heat treatment:categorical_sparse_0.54;Microstructures:categorical_sparse_0.28",,,,,,,,,,,,,,,,,,,,,,,step-2500,2500
2,pretrained_tabicl_v2,pretrained_tabicl_regressor,/home/fcolanto/.cache/huggingface/hub/models--jingang--TabICL/snapshots/4dcd344ece2c00be9e831fdd35bed57b5ad83e19/tabicl-regressor-v2-20260212.ckpt,electrochemical_metrics_alloys__pitting_potential__epit_mv_sce_avg,electrochemical_metrics_alloys,Pitting Potential,"Epit, mV (SCE) Avg.",,continuous,0,,median,False,,608,486,122,21,False,0,,,,,epit_pipeline_development_fold_2,0,0,0,0,True,,,normal_corrosion,207.80827415220085,285.3713058802669,0.4191130793881557,0.5600380115222819,0.6642602160311927,0.4082737450005664,0.5606591568250354,"environment,material,process_history","{""environment"": 3, ""material"": 17, ""process_history"": 1}","Composition, wt.% N:numeric_sparse_0.34;Composition, wt.% C:numeric_sparse_0.45;Composition, wt.% Si:numeric_sparse_0.44;Composition, wt.% Mn:numeric_sparse_0.41;Composition, wt.% Cu:numeric_sparse_0.19;Composition, wt.% P:numeric_sparse_0.23;Composition, wt.% S:numeric_sparse_0.25;Test Solution:high_cardinality;Heat treatment:categorical_sparse_0.54;Microstructures:categorical_sparse_0.28",,,,,,,,,,,,,,,,,,,,,,,step-2500,2500
2,catboost,catboost_regressor,catboost==1.2.10;iterations=1000;depth=6;learning_rate=0.03;l2_leaf_reg=3;thread_count=8,electrochemical_metrics_alloys__pitting_potential__epit_mv_sce_avg,electrochemical_metrics_alloys,Pitting Potential,"Epit, mV (SCE) Avg.",,continuous,0,,median,False,,608,486,122,21,False,0,,,,,epit_pipeline_development_fold_2,0,0,0,0,True,,,normal_corrosion,220.3852586003285,305.6460507027,0.3336405365220811,0.4912719438106525,0.5955699014113132,0.4329833123284302,0.600492248319376,"environment,material,process_history","{""environment"": 3, ""material"": 17, ""process_history"": 1}","Composition, wt.% N:numeric_sparse_0.34;Composition, wt.% C:numeric_sparse_0.45;Composition, wt.% Si:numeric_sparse_0.44;Composition, wt.% Mn:numeric_sparse_0.41;Composition, wt.% Cu:numeric_sparse_0.19;Composition, wt.% P:numeric_sparse_0.23;Composition, wt.% S:numeric_sparse_0.25;Test Solution:high_cardinality;Heat treatment:categorical_sparse_0.54;Microstructures:categorical_sparse_0.28",,,,,,,,,,,,,,,,,,,,,,,step-2500,2500
2,generic_baseline,local_tabicl_regressor,/home/fcolanto/projects/tabicl/checkpoints/tabicl_s1_regression_baseline/step-3000.ckpt,electrochemical_metrics_alloys__pitting_potential__epit_mv_sce_avg,electrochemical_metrics_alloys,Pitting Potential,"Epit, mV (SCE) Avg.",,continuous,0,,median,False,,608,486,122,21,False,0,,,,,epit_pipeline_development_fold_2,0,0,0,0,True,,,normal_corrosion,224.5487511569556,315.2864719000617,0.2909421554215735,0.5221432743813289,0.5611503681844319,0.4411631824770612,0.6194324511659045,"environment,material,process_history","{""environment"": 3, ""material"": 17, ""process_history"": 1}","Composition, wt.% N:numeric_sparse_0.34;Composition, wt.% C:numeric_sparse_0.45;Composition, wt.% Si:numeric_sparse_0.44;Composition, wt.% Mn:numeric_sparse_0.41;Composition, wt.% Cu:numeric_sparse_0.19;Composition, wt.% P:numeric_sparse_0.23;Composition, wt.% S:numeric_sparse_0.25;Test Solution:high_cardinality;Heat treatment:categorical_sparse_0.54;Microstructures:categorical_sparse_0.28",,,,,,,,,,,,,,,,,,,,,,,step-3000,3000
2,trial_0025,local_tabicl_regressor,/home/fcolanto/projects/tabicl/checkpoints/epit_pipeline_final_v1/final_epit_pipeline_optuna_fe_ni_v4_trial_0025/step-3000.ckpt,electrochemical_metrics_alloys__pitting_potential__epit_mv_sce_avg,electrochemical_metrics_alloys,Pitting Potential,"Epit, mV (SCE) Avg.",,continuous,0,,median,False,,608,486,122,31,True,0,,,,,epit_pipeline_development_fold_2,0,0,0,0,True,,,normal_corrosion,191.48140588107668,266.2424900012445,0.4943782757485382,0.6397636999970081,0.7057690149193662,0.3761969103298705,0.5230774323811146,"environment,material,material_descriptor,process_history","{""environment"": 3, ""material"": 17, ""material_descriptor"": 10, ""process_history"": 1}","Composition, wt.% N:numeric_sparse_0.34;Composition, wt.% C:numeric_sparse_0.45;Composition, wt.% Si:numeric_sparse_0.44;Composition, wt.% Mn:numeric_sparse_0.41;Composition, wt.% Cu:numeric_sparse_0.19;Composition, wt.% P:numeric_sparse_0.23;Composition, wt.% S:numeric_sparse_0.25;Test Solution:high_cardinality;Heat treatment:categorical_sparse_0.54;Microstructures:categorical_sparse_0.28",,,,,,,,,,,,,,,,,,,,,,,step-3000,3000
2,pretrained_tabicl_v2,pretrained_tabicl_regressor,/home/fcolanto/.cache/huggingface/hub/models--jingang--TabICL/snapshots/4dcd344ece2c00be9e831fdd35bed57b5ad83e19/tabicl-regressor-v2-20260212.ckpt,electrochemical_metrics_alloys__pitting_potential__epit_mv_sce_avg,electrochemical_metrics_alloys,Pitting Potential,"Epit, mV (SCE) Avg.",,continuous,0,,median,False,,608,486,122,21,False,0,,,,,epit_pipeline_development_fold_2,0,0,0,0,True,,,normal_corrosion,207.80827415220085,285.3713058802669,0.4191130793881557,0.5600380115222819,0.6642602160311927,0.4082737450005664,0.5606591568250354,"environment,material,process_history","{""environment"": 3, ""material"": 17, ""process_history"": 1}","Composition, wt.% N:numeric_sparse_0.34;Composition, wt.% C:numeric_sparse_0.45;Composition, wt.% Si:numeric_sparse_0.44;Composition, wt.% Mn:numeric_sparse_0.41;Composition, wt.% Cu:numeric_sparse_0.19;Composition, wt.% P:numeric_sparse_0.23;Composition, wt.% S:numeric_sparse_0.25;Test Solution:high_cardinality;Heat treatment:categorical_sparse_0.54;Microstructures:categorical_sparse_0.28",,,,,,,,,,,,,,,,,,,,,,,step-3000,3000
2,catboost,catboost_regressor,catboost==1.2.10;iterations=1000;depth=6;learning_rate=0.03;l2_leaf_reg=3;thread_count=8,electrochemical_metrics_alloys__pitting_potential__epit_mv_sce_avg,electrochemical_metrics_alloys,Pitting Potential,"Epit, mV (SCE) Avg.",,continuous,0,,median,False,,608,486,122,21,False,0,,,,,epit_pipeline_development_fold_2,0,0,0,0,True,,,normal_corrosion,220.3852586003285,305.6460507027,0.3336405365220811,0.4912719438106525,0.5955699014113132,0.4329833123284302,0.600492248319376,"environment,material,process_history","{""environment"": 3, ""material"": 17, ""process_history"": 1}","Composition, wt.% N:numeric_sparse_0.34;Composition, wt.% C:numeric_sparse_0.45;Composition, wt.% Si:numeric_sparse_0.44;Composition, wt.% Mn:numeric_sparse_0.41;Composition, wt.% Cu:numeric_sparse_0.19;Composition, wt.% P:numeric_sparse_0.23;Composition, wt.% S:numeric_sparse_0.25;Test Solution:high_cardinality;Heat treatment:categorical_sparse_0.54;Microstructures:categorical_sparse_0.28",,,,,,,,,,,,,,,,,,,,,,,step-3000,3000
2,generic_baseline,local_tabicl_regressor,/home/fcolanto/projects/tabicl/checkpoints/tabicl_s1_regression_baseline/step-3500.ckpt,electrochemical_metrics_alloys__pitting_potential__epit_mv_sce_avg,electrochemical_metrics_alloys,Pitting Potential,"Epit, mV (SCE) Avg.",,continuous,0,,median,False,,608,486,122,21,False,0,,,,,epit_pipeline_development_fold_2,0,0,0,0,True,,,normal_corrosion,232.63859131488655,312.3597576590297,0.3040450195543525,0.590899781574804,0.5870491676041288,0.4570570122642014,0.6136824366941157,"environment,material,process_history","{""environment"": 3, ""material"": 17, ""process_history"": 1}","Composition, wt.% N:numeric_sparse_0.34;Composition, wt.% C:numeric_sparse_0.45;Composition, wt.% Si:numeric_sparse_0.44;Composition, wt.% Mn:numeric_sparse_0.41;Composition, wt.% Cu:numeric_sparse_0.19;Composition, wt.% P:numeric_sparse_0.23;Composition, wt.% S:numeric_sparse_0.25;Test Solution:high_cardinality;Heat treatment:categorical_sparse_0.54;Microstructures:categorical_sparse_0.28",,,,,,,,,,,,,,,,,,,,,,,step-3500,3500
2,trial_0025,local_tabicl_regressor,/home/fcolanto/projects/tabicl/checkpoints/epit_pipeline_final_v1/final_epit_pipeline_optuna_fe_ni_v4_trial_0025/step-3500.ckpt,electrochemical_metrics_alloys__pitting_potential__epit_mv_sce_avg,electrochemical_metrics_alloys,Pitting Potential,"Epit, mV (SCE) Avg.",,continuous,0,,median,False,,608,486,122,31,True,0,,,,,epit_pipeline_development_fold_2,0,0,0,0,True,,,normal_corrosion,193.79577003983212,265.39196727213795,0.4976035751666071,0.6175675501070167,0.7055149386435157,0.3807438617265129,0.5214064397258071,"environment,material,material_descriptor,process_history","{""environment"": 3, ""material"": 17, ""material_descriptor"": 10, ""process_history"": 1}","Composition, wt.% N:numeric_sparse_0.34;Composition, wt.% C:numeric_sparse_0.45;Composition, wt.% Si:numeric_sparse_0.44;Composition, wt.% Mn:numeric_sparse_0.41;Composition, wt.% Cu:numeric_sparse_0.19;Composition, wt.% P:numeric_sparse_0.23;Composition, wt.% S:numeric_sparse_0.25;Test Solution:high_cardinality;Heat treatment:categorical_sparse_0.54;Microstructures:categorical_sparse_0.28",,,,,,,,,,,,,,,,,,,,,,,step-3500,3500
2,pretrained_tabicl_v2,pretrained_tabicl_regressor,/home/fcolanto/.cache/huggingface/hub/models--jingang--TabICL/snapshots/4dcd344ece2c00be9e831fdd35bed57b5ad83e19/tabicl-regressor-v2-20260212.ckpt,electrochemical_metrics_alloys__pitting_potential__epit_mv_sce_avg,electrochemical_metrics_alloys,Pitting Potential,"Epit, mV (SCE) Avg.",,continuous,0,,median,False,,608,486,122,21,False,0,,,,,epit_pipeline_development_fold_2,0,0,0,0,True,,,normal_corrosion,207.80827415220085,285.3713058802669,0.4191130793881557,0.5600380115222819,0.6642602160311927,0.4082737450005664,0.5606591568250354,"environment,material,process_history","{""environment"": 3, ""material"": 17, ""process_history"": 1}","Composition, wt.% N:numeric_sparse_0.34;Composition, wt.% C:numeric_sparse_0.45;Composition, wt.% Si:numeric_sparse_0.44;Composition, wt.% Mn:numeric_sparse_0.41;Composition, wt.% Cu:numeric_sparse_0.19;Composition, wt.% P:numeric_sparse_0.23;Composition, wt.% S:numeric_sparse_0.25;Test Solution:high_cardinality;Heat treatment:categorical_sparse_0.54;Microstructures:categorical_sparse_0.28",,,,,,,,,,,,,,,,,,,,,,,step-3500,3500
2,catboost,catboost_regressor,catboost==1.2.10;iterations=1000;depth=6;learning_rate=0.03;l2_leaf_reg=3;thread_count=8,electrochemical_metrics_alloys__pitting_potential__epit_mv_sce_avg,electrochemical_metrics_alloys,Pitting Potential,"Epit, mV (SCE) Avg.",,continuous,0,,median,False,,608,486,122,21,False,0,,,,,epit_pipeline_development_fold_2,0,0,0,0,True,,,normal_corrosion,220.3852586003285,305.6460507027,0.3336405365220811,0.4912719438106525,0.5955699014113132,0.4329833123284302,0.600492248319376,"environment,material,process_history","{""environment"": 3, ""material"": 17, ""process_history"": 1}","Composition, wt.% N:numeric_sparse_0.34;Composition, wt.% C:numeric_sparse_0.45;Composition, wt.% Si:numeric_sparse_0.44;Composition, wt.% Mn:numeric_sparse_0.41;Composition, wt.% Cu:numeric_sparse_0.19;Composition, wt.% P:numeric_sparse_0.23;Composition, wt.% S:numeric_sparse_0.25;Test Solution:high_cardinality;Heat treatment:categorical_sparse_0.54;Microstructures:categorical_sparse_0.28",,,,,,,,,,,,,,,,,,,,,,,step-3500,3500
2,generic_baseline,local_tabicl_regressor,/home/fcolanto/projects/tabicl/checkpoints/tabicl_s1_regression_baseline/step-4000.ckpt,electrochemical_metrics_alloys__pitting_potential__epit_mv_sce_avg,electrochemical_metrics_alloys,Pitting Potential,"Epit, mV (SCE) Avg.",,continuous,0,,median,False,,608,486,122,21,False,0,,,,,epit_pipeline_development_fold_2,0,0,0,0,True,,,normal_corrosion,246.6336895164507,333.55387701871894,0.2063975888247279,0.5984681531126362,0.5828158528722267,0.4845526987459553,0.6553217916152377,"environment,material,process_history","{""environment"": 3, ""material"": 17, ""process_history"": 1}","Composition, wt.% N:numeric_sparse_0.34;Composition, wt.% C:numeric_sparse_0.45;Composition, wt.% Si:numeric_sparse_0.44;Composition, wt.% Mn:numeric_sparse_0.41;Composition, wt.% Cu:numeric_sparse_0.19;Composition, wt.% P:numeric_sparse_0.23;Composition, wt.% S:numeric_sparse_0.25;Test Solution:high_cardinality;Heat treatment:categorical_sparse_0.54;Microstructures:categorical_sparse_0.28",,,,,,,,,,,,,,,,,,,,,,,step-4000,4000
2,trial_0025,local_tabicl_regressor,/home/fcolanto/projects/tabicl/checkpoints/epit_pipeline_final_v1/final_epit_pipeline_optuna_fe_ni_v4_trial_0025/step-4000.ckpt,electrochemical_metrics_alloys__pitting_potential__epit_mv_sce_avg,electrochemical_metrics_alloys,Pitting Potential,"Epit, mV (SCE) Avg.",,continuous,0,,median,False,,608,486,122,31,True,0,,,,,epit_pipeline_development_fold_2,0,0,0,0,True,,,normal_corrosion,195.8224689183862,262.30497046471146,0.5092231903919786,0.6439477866201064,0.7163097206907585,0.3847256470741438,0.5153415236269914,"environment,material,material_descriptor,process_history","{""environment"": 3, ""material"": 17, ""material_descriptor"": 10, ""process_history"": 1}","Composition, wt.% N:numeric_sparse_0.34;Composition, wt.% C:numeric_sparse_0.45;Composition, wt.% Si:numeric_sparse_0.44;Composition, wt.% Mn:numeric_sparse_0.41;Composition, wt.% Cu:numeric_sparse_0.19;Composition, wt.% P:numeric_sparse_0.23;Composition, wt.% S:numeric_sparse_0.25;Test Solution:high_cardinality;Heat treatment:categorical_sparse_0.54;Microstructures:categorical_sparse_0.28",,,,,,,,,,,,,,,,,,,,,,,step-4000,4000
2,pretrained_tabicl_v2,pretrained_tabicl_regressor,/home/fcolanto/.cache/huggingface/hub/models--jingang--TabICL/snapshots/4dcd344ece2c00be9e831fdd35bed57b5ad83e19/tabicl-regressor-v2-20260212.ckpt,electrochemical_metrics_alloys__pitting_potential__epit_mv_sce_avg,electrochemical_metrics_alloys,Pitting Potential,"Epit, mV (SCE) Avg.",,continuous,0,,median,False,,608,486,122,21,False,0,,,,,epit_pipeline_development_fold_2,0,0,0,0,True,,,normal_corrosion,207.80827415220085,285.3713058802669,0.4191130793881557,0.5600380115222819,0.6642602160311927,0.4082737450005664,0.5606591568250354,"environment,material,process_history","{""environment"": 3, ""material"": 17, ""process_history"": 1}","Composition, wt.% N:numeric_sparse_0.34;Composition, wt.% C:numeric_sparse_0.45;Composition, wt.% Si:numeric_sparse_0.44;Composition, wt.% Mn:numeric_sparse_0.41;Composition, wt.% Cu:numeric_sparse_0.19;Composition, wt.% P:numeric_sparse_0.23;Composition, wt.% S:numeric_sparse_0.25;Test Solution:high_cardinality;Heat treatment:categorical_sparse_0.54;Microstructures:categorical_sparse_0.28",,,,,,,,,,,,,,,,,,,,,,,step-4000,4000
2,catboost,catboost_regressor,catboost==1.2.10;iterations=1000;depth=6;learning_rate=0.03;l2_leaf_reg=3;thread_count=8,electrochemical_metrics_alloys__pitting_potential__epit_mv_sce_avg,electrochemical_metrics_alloys,Pitting Potential,"Epit, mV (SCE) Avg.",,continuous,0,,median,False,,608,486,122,21,False,0,,,,,epit_pipeline_development_fold_2,0,0,0,0,True,,,normal_corrosion,220.3852586003285,305.6460507027,0.3336405365220811,0.4912719438106525,0.5955699014113132,0.4329833123284302,0.600492248319376,"environment,material,process_history","{""environment"": 3, ""material"": 17, ""process_history"": 1}","Composition, wt.% N:numeric_sparse_0.34;Composition, wt.% C:numeric_sparse_0.45;Composition, wt.% Si:numeric_sparse_0.44;Composition, wt.% Mn:numeric_sparse_0.41;Composition, wt.% Cu:numeric_sparse_0.19;Composition, wt.% P:numeric_sparse_0.23;Composition, wt.% S:numeric_sparse_0.25;Test Solution:high_cardinality;Heat treatment:categorical_sparse_0.54;Microstructures:categorical_sparse_0.28",,,,,,,,,,,,,,,,,,,,,,,step-4000,4000
2,generic_baseline,local_tabicl_regressor,/home/fcolanto/projects/tabicl/checkpoints/tabicl_s1_regression_baseline/step-4500.ckpt,electrochemical_metrics_alloys__pitting_potential__epit_mv_sce_avg,electrochemical_metrics_alloys,Pitting Potential,"Epit, mV (SCE) Avg.",,continuous,0,,median,False,,608,486,122,21,False,0,,,,,epit_pipeline_development_fold_2,0,0,0,0,True,,,normal_corrosion,221.51677181435423,313.8370837943793,0.2974463216494238,0.626335624207396,0.5914241708641655,0.4352063572927974,0.6165848883713989,"environment,material,process_history","{""environment"": 3, ""material"": 17, ""process_history"": 1}","Composition, wt.% N:numeric_sparse_0.34;Composition, wt.% C:numeric_sparse_0.45;Composition, wt.% Si:numeric_sparse_0.44;Composition, wt.% Mn:numeric_sparse_0.41;Composition, wt.% Cu:numeric_sparse_0.19;Composition, wt.% P:numeric_sparse_0.23;Composition, wt.% S:numeric_sparse_0.25;Test Solution:high_cardinality;Heat treatment:categorical_sparse_0.54;Microstructures:categorical_sparse_0.28",,,,,,,,,,,,,,,,,,,,,,,step-4500,4500
2,trial_0025,local_tabicl_regressor,/home/fcolanto/projects/tabicl/checkpoints/epit_pipeline_final_v1/final_epit_pipeline_optuna_fe_ni_v4_trial_0025/step-4500.ckpt,electrochemical_metrics_alloys__pitting_potential__epit_mv_sce_avg,electrochemical_metrics_alloys,Pitting Potential,"Epit, mV (SCE) Avg.",,continuous,0,,median,False,,608,486,122,31,True,0,,,,,epit_pipeline_development_fold_2,0,0,0,0,True,,,normal_corrosion,200.015920188818,274.6590136809198,0.4619053117470767,0.652659676302956,0.6812430671675022,0.3929643760739459,0.5396130860099506,"environment,material,material_descriptor,process_history","{""environment"": 3, ""material"": 17, ""material_descriptor"": 10, ""process_history"": 1}","Composition, wt.% N:numeric_sparse_0.34;Composition, wt.% C:numeric_sparse_0.45;Composition, wt.% Si:numeric_sparse_0.44;Composition, wt.% Mn:numeric_sparse_0.41;Composition, wt.% Cu:numeric_sparse_0.19;Composition, wt.% P:numeric_sparse_0.23;Composition, wt.% S:numeric_sparse_0.25;Test Solution:high_cardinality;Heat treatment:categorical_sparse_0.54;Microstructures:categorical_sparse_0.28",,,,,,,,,,,,,,,,,,,,,,,step-4500,4500
2,pretrained_tabicl_v2,pretrained_tabicl_regressor,/home/fcolanto/.cache/huggingface/hub/models--jingang--TabICL/snapshots/4dcd344ece2c00be9e831fdd35bed57b5ad83e19/tabicl-regressor-v2-20260212.ckpt,electrochemical_metrics_alloys__pitting_potential__epit_mv_sce_avg,electrochemical_metrics_alloys,Pitting Potential,"Epit, mV (SCE) Avg.",,continuous,0,,median,False,,608,486,122,21,False,0,,,,,epit_pipeline_development_fold_2,0,0,0,0,True,,,normal_corrosion,207.80827415220085,285.3713058802669,0.4191130793881557,0.5600380115222819,0.6642602160311927,0.4082737450005664,0.5606591568250354,"environment,material,process_history","{""environment"": 3, ""material"": 17, ""process_history"": 1}","Composition, wt.% N:numeric_sparse_0.34;Composition, wt.% C:numeric_sparse_0.45;Composition, wt.% Si:numeric_sparse_0.44;Composition, wt.% Mn:numeric_sparse_0.41;Composition, wt.% Cu:numeric_sparse_0.19;Composition, wt.% P:numeric_sparse_0.23;Composition, wt.% S:numeric_sparse_0.25;Test Solution:high_cardinality;Heat treatment:categorical_sparse_0.54;Microstructures:categorical_sparse_0.28",,,,,,,,,,,,,,,,,,,,,,,step-4500,4500
2,catboost,catboost_regressor,catboost==1.2.10;iterations=1000;depth=6;learning_rate=0.03;l2_leaf_reg=3;thread_count=8,electrochemical_metrics_alloys__pitting_potential__epit_mv_sce_avg,electrochemical_metrics_alloys,Pitting Potential,"Epit, mV (SCE) Avg.",,continuous,0,,median,False,,608,486,122,21,False,0,,,,,epit_pipeline_development_fold_2,0,0,0,0,True,,,normal_corrosion,220.3852586003285,305.6460507027,0.3336405365220811,0.4912719438106525,0.5955699014113132,0.4329833123284302,0.600492248319376,"environment,material,process_history","{""environment"": 3, ""material"": 17, ""process_history"": 1}","Composition, wt.% N:numeric_sparse_0.34;Composition, wt.% C:numeric_sparse_0.45;Composition, wt.% Si:numeric_sparse_0.44;Composition, wt.% Mn:numeric_sparse_0.41;Composition, wt.% Cu:numeric_sparse_0.19;Composition, wt.% P:numeric_sparse_0.23;Composition, wt.% S:numeric_sparse_0.25;Test Solution:high_cardinality;Heat treatment:categorical_sparse_0.54;Microstructures:categorical_sparse_0.28",,,,,,,,,,,,,,,,,,,,,,,step-4500,4500
2,generic_baseline,local_tabicl_regressor,/home/fcolanto/projects/tabicl/checkpoints/tabicl_s1_regression_baseline/step-5000.ckpt,electrochemical_metrics_alloys__pitting_potential__epit_mv_sce_avg,electrochemical_metrics_alloys,Pitting Potential,"Epit, mV (SCE) Avg.",,continuous,0,,median,False,,608,486,122,21,False,0,,,,,epit_pipeline_development_fold_2,0,0,0,0,True,,,normal_corrosion,248.08467555440853,325.1629054580084,0.2458235209743121,0.5667570068656935,0.5709284396592638,0.4874034009428596,0.6388363393527574,"environment,material,process_history","{""environment"": 3, ""material"": 17, ""process_history"": 1}","Composition, wt.% N:numeric_sparse_0.34;Composition, wt.% C:numeric_sparse_0.45;Composition, wt.% Si:numeric_sparse_0.44;Composition, wt.% Mn:numeric_sparse_0.41;Composition, wt.% Cu:numeric_sparse_0.19;Composition, wt.% P:numeric_sparse_0.23;Composition, wt.% S:numeric_sparse_0.25;Test Solution:high_cardinality;Heat treatment:categorical_sparse_0.54;Microstructures:categorical_sparse_0.28",,,,,,,,,,,,,,,,,,,,,,,step-5000,5000
2,trial_0025,local_tabicl_regressor,/home/fcolanto/projects/tabicl/checkpoints/epit_pipeline_final_v1/final_epit_pipeline_optuna_fe_ni_v4_trial_0025/step-5000.ckpt,electrochemical_metrics_alloys__pitting_potential__epit_mv_sce_avg,electrochemical_metrics_alloys,Pitting Potential,"Epit, mV (SCE) Avg.",,continuous,0,,median,False,,608,486,122,31,True,0,,,,,epit_pipeline_development_fold_2,0,0,0,0,True,,,normal_corrosion,191.8247502224173,269.1104925548886,0.4834263433876435,0.672601839560283,0.6981644965460135,0.3768714671088813,0.5287120980267658,"environment,material,material_descriptor,process_history","{""environment"": 3, ""material"": 17, ""material_descriptor"": 10, ""process_history"": 1}","Composition, wt.% N:numeric_sparse_0.34;Composition, wt.% C:numeric_sparse_0.45;Composition, wt.% Si:numeric_sparse_0.44;Composition, wt.% Mn:numeric_sparse_0.41;Composition, wt.% Cu:numeric_sparse_0.19;Composition, wt.% P:numeric_sparse_0.23;Composition, wt.% S:numeric_sparse_0.25;Test Solution:high_cardinality;Heat treatment:categorical_sparse_0.54;Microstructures:categorical_sparse_0.28",,,,,,,,,,,,,,,,,,,,,,,step-5000,5000
2,pretrained_tabicl_v2,pretrained_tabicl_regressor,/home/fcolanto/.cache/huggingface/hub/models--jingang--TabICL/snapshots/4dcd344ece2c00be9e831fdd35bed57b5ad83e19/tabicl-regressor-v2-20260212.ckpt,electrochemical_metrics_alloys__pitting_potential__epit_mv_sce_avg,electrochemical_metrics_alloys,Pitting Potential,"Epit, mV (SCE) Avg.",,continuous,0,,median,False,,608,486,122,21,False,0,,,,,epit_pipeline_development_fold_2,0,0,0,0,True,,,normal_corrosion,207.80827415220085,285.3713058802669,0.4191130793881557,0.5600380115222819,0.6642602160311927,0.4082737450005664,0.5606591568250354,"environment,material,process_history","{""environment"": 3, ""material"": 17, ""process_history"": 1}","Composition, wt.% N:numeric_sparse_0.34;Composition, wt.% C:numeric_sparse_0.45;Composition, wt.% Si:numeric_sparse_0.44;Composition, wt.% Mn:numeric_sparse_0.41;Composition, wt.% Cu:numeric_sparse_0.19;Composition, wt.% P:numeric_sparse_0.23;Composition, wt.% S:numeric_sparse_0.25;Test Solution:high_cardinality;Heat treatment:categorical_sparse_0.54;Microstructures:categorical_sparse_0.28",,,,,,,,,,,,,,,,,,,,,,,step-5000,5000
2,catboost,catboost_regressor,catboost==1.2.10;iterations=1000;depth=6;learning_rate=0.03;l2_leaf_reg=3;thread_count=8,electrochemical_metrics_alloys__pitting_potential__epit_mv_sce_avg,electrochemical_metrics_alloys,Pitting Potential,"Epit, mV (SCE) Avg.",,continuous,0,,median,False,,608,486,122,21,False,0,,,,,epit_pipeline_development_fold_2,0,0,0,0,True,,,normal_corrosion,220.3852586003285,305.6460507027,0.3336405365220811,0.4912719438106525,0.5955699014113132,0.4329833123284302,0.600492248319376,"environment,material,process_history","{""environment"": 3, ""material"": 17, ""process_history"": 1}","Composition, wt.% N:numeric_sparse_0.34;Composition, wt.% C:numeric_sparse_0.45;Composition, wt.% Si:numeric_sparse_0.44;Composition, wt.% Mn:numeric_sparse_0.41;Composition, wt.% Cu:numeric_sparse_0.19;Composition, wt.% P:numeric_sparse_0.23;Composition, wt.% S:numeric_sparse_0.25;Test Solution:high_cardinality;Heat treatment:categorical_sparse_0.54;Microstructures:categorical_sparse_0.28",,,,,,,,,,,,,,,,,,,,,,,step-5000,5000
2,generic_baseline,local_tabicl_regressor,/home/fcolanto/projects/tabicl/checkpoints/tabicl_s1_regression_baseline/step-5500.ckpt,electrochemical_metrics_alloys__pitting_potential__epit_mv_sce_avg,electrochemical_metrics_alloys,Pitting Potential,"Epit, mV (SCE) Avg.",,continuous,0,,median,False,,608,486,122,21,False,0,,,,,epit_pipeline_development_fold_2,0,0,0,0,True,,,normal_corrosion,236.6607972555084,314.1095453339261,0.296225930828655,0.5892572136034928,0.6039328574123813,0.4649593014740066,0.6171201841558099,"environment,material,process_history","{""environment"": 3, ""material"": 17, ""process_history"": 1}","Composition, wt.% N:numeric_sparse_0.34;Composition, wt.% C:numeric_sparse_0.45;Composition, wt.% Si:numeric_sparse_0.44;Composition, wt.% Mn:numeric_sparse_0.41;Composition, wt.% Cu:numeric_sparse_0.19;Composition, wt.% P:numeric_sparse_0.23;Composition, wt.% S:numeric_sparse_0.25;Test Solution:high_cardinality;Heat treatment:categorical_sparse_0.54;Microstructures:categorical_sparse_0.28",,,,,,,,,,,,,,,,,,,,,,,step-5500,5500
2,trial_0025,local_tabicl_regressor,/home/fcolanto/projects/tabicl/checkpoints/epit_pipeline_final_v1/final_epit_pipeline_optuna_fe_ni_v4_trial_0025/step-5500.ckpt,electrochemical_metrics_alloys__pitting_potential__epit_mv_sce_avg,electrochemical_metrics_alloys,Pitting Potential,"Epit, mV (SCE) Avg.",,continuous,0,,median,False,,608,486,122,31,True,0,,,,,epit_pipeline_development_fold_2,0,0,0,0,True,,,normal_corrosion,200.35603506748808,274.9753859316033,0.4606649645127834,0.6526464564400076,0.6858723231317637,0.393632588039093,0.5402346516532233,"environment,material,material_descriptor,process_history","{""environment"": 3, ""material"": 17, ""material_descriptor"": 10, ""process_history"": 1}","Composition, wt.% N:numeric_sparse_0.34;Composition, wt.% C:numeric_sparse_0.45;Composition, wt.% Si:numeric_sparse_0.44;Composition, wt.% Mn:numeric_sparse_0.41;Composition, wt.% Cu:numeric_sparse_0.19;Composition, wt.% P:numeric_sparse_0.23;Composition, wt.% S:numeric_sparse_0.25;Test Solution:high_cardinality;Heat treatment:categorical_sparse_0.54;Microstructures:categorical_sparse_0.28",,,,,,,,,,,,,,,,,,,,,,,step-5500,5500
2,pretrained_tabicl_v2,pretrained_tabicl_regressor,/home/fcolanto/.cache/huggingface/hub/models--jingang--TabICL/snapshots/4dcd344ece2c00be9e831fdd35bed57b5ad83e19/tabicl-regressor-v2-20260212.ckpt,electrochemical_metrics_alloys__pitting_potential__epit_mv_sce_avg,electrochemical_metrics_alloys,Pitting Potential,"Epit, mV (SCE) Avg.",,continuous,0,,median,False,,608,486,122,21,False,0,,,,,epit_pipeline_development_fold_2,0,0,0,0,True,,,normal_corrosion,207.80827415220085,285.3713058802669,0.4191130793881557,0.5600380115222819,0.6642602160311927,0.4082737450005664,0.5606591568250354,"environment,material,process_history","{""environment"": 3, ""material"": 17, ""process_history"": 1}","Composition, wt.% N:numeric_sparse_0.34;Composition, wt.% C:numeric_sparse_0.45;Composition, wt.% Si:numeric_sparse_0.44;Composition, wt.% Mn:numeric_sparse_0.41;Composition, wt.% Cu:numeric_sparse_0.19;Composition, wt.% P:numeric_sparse_0.23;Composition, wt.% S:numeric_sparse_0.25;Test Solution:high_cardinality;Heat treatment:categorical_sparse_0.54;Microstructures:categorical_sparse_0.28",,,,,,,,,,,,,,,,,,,,,,,step-5500,5500
2,catboost,catboost_regressor,catboost==1.2.10;iterations=1000;depth=6;learning_rate=0.03;l2_leaf_reg=3;thread_count=8,electrochemical_metrics_alloys__pitting_potential__epit_mv_sce_avg,electrochemical_metrics_alloys,Pitting Potential,"Epit, mV (SCE) Avg.",,continuous,0,,median,False,,608,486,122,21,False,0,,,,,epit_pipeline_development_fold_2,0,0,0,0,True,,,normal_corrosion,220.3852586003285,305.6460507027,0.3336405365220811,0.4912719438106525,0.5955699014113132,0.4329833123284302,0.600492248319376,"environment,material,process_history","{""environment"": 3, ""material"": 17, ""process_history"": 1}","Composition, wt.% N:numeric_sparse_0.34;Composition, wt.% C:numeric_sparse_0.45;Composition, wt.% Si:numeric_sparse_0.44;Composition, wt.% Mn:numeric_sparse_0.41;Composition, wt.% Cu:numeric_sparse_0.19;Composition, wt.% P:numeric_sparse_0.23;Composition, wt.% S:numeric_sparse_0.25;Test Solution:high_cardinality;Heat treatment:categorical_sparse_0.54;Microstructures:categorical_sparse_0.28",,,,,,,,,,,,,,,,,,,,,,,step-5500,5500
2,generic_baseline,local_tabicl_regressor,/home/fcolanto/projects/tabicl/checkpoints/tabicl_s1_regression_baseline/step-6000.ckpt,electrochemical_metrics_alloys__pitting_potential__epit_mv_sce_avg,electrochemical_metrics_alloys,Pitting Potential,"Epit, mV (SCE) Avg.",,continuous,0,,median,False,,608,486,122,21,False,0,,,,,epit_pipeline_development_fold_2,0,0,0,0,True,,,normal_corrosion,216.10923869277624,287.7642729053516,0.4093302365644992,0.6495596184416081,0.657633235279302,0.4245823635766268,0.5653605365606597,"environment,material,process_history","{""environment"": 3, ""material"": 17, ""process_history"": 1}","Composition, wt.% N:numeric_sparse_0.34;Composition, wt.% C:numeric_sparse_0.45;Composition, wt.% Si:numeric_sparse_0.44;Composition, wt.% Mn:numeric_sparse_0.41;Composition, wt.% Cu:numeric_sparse_0.19;Composition, wt.% P:numeric_sparse_0.23;Composition, wt.% S:numeric_sparse_0.25;Test Solution:high_cardinality;Heat treatment:categorical_sparse_0.54;Microstructures:categorical_sparse_0.28",,,,,,,,,,,,,,,,,,,,,,,step-6000,6000
2,trial_0025,local_tabicl_regressor,/home/fcolanto/projects/tabicl/checkpoints/epit_pipeline_final_v1/final_epit_pipeline_optuna_fe_ni_v4_trial_0025/step-6000.ckpt,electrochemical_metrics_alloys__pitting_potential__epit_mv_sce_avg,electrochemical_metrics_alloys,Pitting Potential,"Epit, mV (SCE) Avg.",,continuous,0,,median,False,,608,486,122,31,True,0,,,,,epit_pipeline_development_fold_2,0,0,0,0,True,,,normal_corrosion,203.3568485210373,274.90701821317475,0.4609331232194276,0.6440965100782734,0.6850880854514774,0.3995281826766353,0.5401003319561186,"environment,material,material_descriptor,process_history","{""environment"": 3, ""material"": 17, ""material_descriptor"": 10, ""process_history"": 1}","Composition, wt.% N:numeric_sparse_0.34;Composition, wt.% C:numeric_sparse_0.45;Composition, wt.% Si:numeric_sparse_0.44;Composition, wt.% Mn:numeric_sparse_0.41;Composition, wt.% Cu:numeric_sparse_0.19;Composition, wt.% P:numeric_sparse_0.23;Composition, wt.% S:numeric_sparse_0.25;Test Solution:high_cardinality;Heat treatment:categorical_sparse_0.54;Microstructures:categorical_sparse_0.28",,,,,,,,,,,,,,,,,,,,,,,step-6000,6000
2,pretrained_tabicl_v2,pretrained_tabicl_regressor,/home/fcolanto/.cache/huggingface/hub/models--jingang--TabICL/snapshots/4dcd344ece2c00be9e831fdd35bed57b5ad83e19/tabicl-regressor-v2-20260212.ckpt,electrochemical_metrics_alloys__pitting_potential__epit_mv_sce_avg,electrochemical_metrics_alloys,Pitting Potential,"Epit, mV (SCE) Avg.",,continuous,0,,median,False,,608,486,122,21,False,0,,,,,epit_pipeline_development_fold_2,0,0,0,0,True,,,normal_corrosion,207.80827415220085,285.3713058802669,0.4191130793881557,0.5600380115222819,0.6642602160311927,0.4082737450005664,0.5606591568250354,"environment,material,process_history","{""environment"": 3, ""material"": 17, ""process_history"": 1}","Composition, wt.% N:numeric_sparse_0.34;Composition, wt.% C:numeric_sparse_0.45;Composition, wt.% Si:numeric_sparse_0.44;Composition, wt.% Mn:numeric_sparse_0.41;Composition, wt.% Cu:numeric_sparse_0.19;Composition, wt.% P:numeric_sparse_0.23;Composition, wt.% S:numeric_sparse_0.25;Test Solution:high_cardinality;Heat treatment:categorical_sparse_0.54;Microstructures:categorical_sparse_0.28",,,,,,,,,,,,,,,,,,,,,,,step-6000,6000
2,catboost,catboost_regressor,catboost==1.2.10;iterations=1000;depth=6;learning_rate=0.03;l2_leaf_reg=3;thread_count=8,electrochemical_metrics_alloys__pitting_potential__epit_mv_sce_avg,electrochemical_metrics_alloys,Pitting Potential,"Epit, mV (SCE) Avg.",,continuous,0,,median,False,,608,486,122,21,False,0,,,,,epit_pipeline_development_fold_2,0,0,0,0,True,,,normal_corrosion,220.3852586003285,305.6460507027,0.3336405365220811,0.4912719438106525,0.5955699014113132,0.4329833123284302,0.600492248319376,"environment,material,process_history","{""environment"": 3, ""material"": 17, ""process_history"": 1}","Composition, wt.% N:numeric_sparse_0.34;Composition, wt.% C:numeric_sparse_0.45;Composition, wt.% Si:numeric_sparse_0.44;Composition, wt.% Mn:numeric_sparse_0.41;Composition, wt.% Cu:numeric_sparse_0.19;Composition, wt.% P:numeric_sparse_0.23;Composition, wt.% S:numeric_sparse_0.25;Test Solution:high_cardinality;Heat treatment:categorical_sparse_0.54;Microstructures:categorical_sparse_0.28",,,,,,,,,,,,,,,,,,,,,,,step-6000,6000
2,generic_baseline,local_tabicl_regressor,/home/fcolanto/projects/tabicl/checkpoints/tabicl_s1_regression_baseline/step-6500.ckpt,electrochemical_metrics_alloys__pitting_potential__epit_mv_sce_avg,electrochemical_metrics_alloys,Pitting Potential,"Epit, mV (SCE) Avg.",,continuous,0,,median,False,,608,486,122,21,False,0,,,,,epit_pipeline_development_fold_2,0,0,0,0,True,,,normal_corrosion,222.03717975182624,300.2078713264713,0.3571418667427447,0.6182979475349035,0.61748932570572,0.4362287848088649,0.5898080449642603,"environment,material,process_history","{""environment"": 3, ""material"": 17, ""process_history"": 1}","Composition, wt.% N:numeric_sparse_0.34;Composition, wt.% C:numeric_sparse_0.45;Composition, wt.% Si:numeric_sparse_0.44;Composition, wt.% Mn:numeric_sparse_0.41;Composition, wt.% Cu:numeric_sparse_0.19;Composition, wt.% P:numeric_sparse_0.23;Composition, wt.% S:numeric_sparse_0.25;Test Solution:high_cardinality;Heat treatment:categorical_sparse_0.54;Microstructures:categorical_sparse_0.28",,,,,,,,,,,,,,,,,,,,,,,step-6500,6500
2,trial_0025,local_tabicl_regressor,/home/fcolanto/projects/tabicl/checkpoints/epit_pipeline_final_v1/final_epit_pipeline_optuna_fe_ni_v4_trial_0025/step-6500.ckpt,electrochemical_metrics_alloys__pitting_potential__epit_mv_sce_avg,electrochemical_metrics_alloys,Pitting Potential,"Epit, mV (SCE) Avg.",,continuous,0,,median,False,,608,486,122,31,True,0,,,,,epit_pipeline_development_fold_2,0,0,0,0,True,,,normal_corrosion,202.58982684154995,271.9889553394715,0.4723164804173443,0.6432570487810642,0.69648867338578,0.3980212416519888,0.5343673145271717,"environment,material,material_descriptor,process_history","{""environment"": 3, ""material"": 17, ""material_descriptor"": 10, ""process_history"": 1}","Composition, wt.% N:numeric_sparse_0.34;Composition, wt.% C:numeric_sparse_0.45;Composition, wt.% Si:numeric_sparse_0.44;Composition, wt.% Mn:numeric_sparse_0.41;Composition, wt.% Cu:numeric_sparse_0.19;Composition, wt.% P:numeric_sparse_0.23;Composition, wt.% S:numeric_sparse_0.25;Test Solution:high_cardinality;Heat treatment:categorical_sparse_0.54;Microstructures:categorical_sparse_0.28",,,,,,,,,,,,,,,,,,,,,,,step-6500,6500
2,pretrained_tabicl_v2,pretrained_tabicl_regressor,/home/fcolanto/.cache/huggingface/hub/models--jingang--TabICL/snapshots/4dcd344ece2c00be9e831fdd35bed57b5ad83e19/tabicl-regressor-v2-20260212.ckpt,electrochemical_metrics_alloys__pitting_potential__epit_mv_sce_avg,electrochemical_metrics_alloys,Pitting Potential,"Epit, mV (SCE) Avg.",,continuous,0,,median,False,,608,486,122,21,False,0,,,,,epit_pipeline_development_fold_2,0,0,0,0,True,,,normal_corrosion,207.80827415220085,285.3713058802669,0.4191130793881557,0.5600380115222819,0.6642602160311927,0.4082737450005664,0.5606591568250354,"environment,material,process_history","{""environment"": 3, ""material"": 17, ""process_history"": 1}","Composition, wt.% N:numeric_sparse_0.34;Composition, wt.% C:numeric_sparse_0.45;Composition, wt.% Si:numeric_sparse_0.44;Composition, wt.% Mn:numeric_sparse_0.41;Composition, wt.% Cu:numeric_sparse_0.19;Composition, wt.% P:numeric_sparse_0.23;Composition, wt.% S:numeric_sparse_0.25;Test Solution:high_cardinality;Heat treatment:categorical_sparse_0.54;Microstructures:categorical_sparse_0.28",,,,,,,,,,,,,,,,,,,,,,,step-6500,6500
2,catboost,catboost_regressor,catboost==1.2.10;iterations=1000;depth=6;learning_rate=0.03;l2_leaf_reg=3;thread_count=8,electrochemical_metrics_alloys__pitting_potential__epit_mv_sce_avg,electrochemical_metrics_alloys,Pitting Potential,"Epit, mV (SCE) Avg.",,continuous,0,,median,False,,608,486,122,21,False,0,,,,,epit_pipeline_development_fold_2,0,0,0,0,True,,,normal_corrosion,220.3852586003285,305.6460507027,0.3336405365220811,0.4912719438106525,0.5955699014113132,0.4329833123284302,0.600492248319376,"environment,material,process_history","{""environment"": 3, ""material"": 17, ""process_history"": 1}","Composition, wt.% N:numeric_sparse_0.34;Composition, wt.% C:numeric_sparse_0.45;Composition, wt.% Si:numeric_sparse_0.44;Composition, wt.% Mn:numeric_sparse_0.41;Composition, wt.% Cu:numeric_sparse_0.19;Composition, wt.% P:numeric_sparse_0.23;Composition, wt.% S:numeric_sparse_0.25;Test Solution:high_cardinality;Heat treatment:categorical_sparse_0.54;Microstructures:categorical_sparse_0.28",,,,,,,,,,,,,,,,,,,,,,,step-6500,6500
2,generic_baseline,local_tabicl_regressor,/home/fcolanto/projects/tabicl/checkpoints/tabicl_s1_regression_baseline/step-7000.ckpt,electrochemical_metrics_alloys__pitting_potential__epit_mv_sce_avg,electrochemical_metrics_alloys,Pitting Potential,"Epit, mV (SCE) Avg.",,continuous,0,,median,False,,608,486,122,21,False,0,,,,,epit_pipeline_development_fold_2,0,0,0,0,True,,,normal_corrosion,217.38400542591447,288.3835675956118,0.4067851515867813,0.6414029630025821,0.6470789802974611,0.4270868537864791,0.5665772434674612,"environment,material,process_history","{""environment"": 3, ""material"": 17, ""process_history"": 1}","Composition, wt.% N:numeric_sparse_0.34;Composition, wt.% C:numeric_sparse_0.45;Composition, wt.% Si:numeric_sparse_0.44;Composition, wt.% Mn:numeric_sparse_0.41;Composition, wt.% Cu:numeric_sparse_0.19;Composition, wt.% P:numeric_sparse_0.23;Composition, wt.% S:numeric_sparse_0.25;Test Solution:high_cardinality;Heat treatment:categorical_sparse_0.54;Microstructures:categorical_sparse_0.28",,,,,,,,,,,,,,,,,,,,,,,step-7000,7000
2,trial_0025,local_tabicl_regressor,/home/fcolanto/projects/tabicl/checkpoints/epit_pipeline_final_v1/final_epit_pipeline_optuna_fe_ni_v4_trial_0025/step-7000.ckpt,electrochemical_metrics_alloys__pitting_potential__epit_mv_sce_avg,electrochemical_metrics_alloys,Pitting Potential,"Epit, mV (SCE) Avg.",,continuous,0,,median,False,,608,486,122,31,True,0,,,,,epit_pipeline_development_fold_2,0,0,0,0,True,,,normal_corrosion,201.2920042907607,272.2388008268208,0.4713465888355418,0.654150215850363,0.6949664815768416,0.3954714544728275,0.5348581773342844,"environment,material,material_descriptor,process_history","{""environment"": 3, ""material"": 17, ""material_descriptor"": 10, ""process_history"": 1}","Composition, wt.% N:numeric_sparse_0.34;Composition, wt.% C:numeric_sparse_0.45;Composition, wt.% Si:numeric_sparse_0.44;Composition, wt.% Mn:numeric_sparse_0.41;Composition, wt.% Cu:numeric_sparse_0.19;Composition, wt.% P:numeric_sparse_0.23;Composition, wt.% S:numeric_sparse_0.25;Test Solution:high_cardinality;Heat treatment:categorical_sparse_0.54;Microstructures:categorical_sparse_0.28",,,,,,,,,,,,,,,,,,,,,,,step-7000,7000
2,pretrained_tabicl_v2,pretrained_tabicl_regressor,/home/fcolanto/.cache/huggingface/hub/models--jingang--TabICL/snapshots/4dcd344ece2c00be9e831fdd35bed57b5ad83e19/tabicl-regressor-v2-20260212.ckpt,electrochemical_metrics_alloys__pitting_potential__epit_mv_sce_avg,electrochemical_metrics_alloys,Pitting Potential,"Epit, mV (SCE) Avg.",,continuous,0,,median,False,,608,486,122,21,False,0,,,,,epit_pipeline_development_fold_2,0,0,0,0,True,,,normal_corrosion,207.80827415220085,285.3713058802669,0.4191130793881557,0.5600380115222819,0.6642602160311927,0.4082737450005664,0.5606591568250354,"environment,material,process_history","{""environment"": 3, ""material"": 17, ""process_history"": 1}","Composition, wt.% N:numeric_sparse_0.34;Composition, wt.% C:numeric_sparse_0.45;Composition, wt.% Si:numeric_sparse_0.44;Composition, wt.% Mn:numeric_sparse_0.41;Composition, wt.% Cu:numeric_sparse_0.19;Composition, wt.% P:numeric_sparse_0.23;Composition, wt.% S:numeric_sparse_0.25;Test Solution:high_cardinality;Heat treatment:categorical_sparse_0.54;Microstructures:categorical_sparse_0.28",,,,,,,,,,,,,,,,,,,,,,,step-7000,7000
2,catboost,catboost_regressor,catboost==1.2.10;iterations=1000;depth=6;learning_rate=0.03;l2_leaf_reg=3;thread_count=8,electrochemical_metrics_alloys__pitting_potential__epit_mv_sce_avg,electrochemical_metrics_alloys,Pitting Potential,"Epit, mV (SCE) Avg.",,continuous,0,,median,False,,608,486,122,21,False,0,,,,,epit_pipeline_development_fold_2,0,0,0,0,True,,,normal_corrosion,220.3852586003285,305.6460507027,0.3336405365220811,0.4912719438106525,0.5955699014113132,0.4329833123284302,0.600492248319376,"environment,material,process_history","{""environment"": 3, ""material"": 17, ""process_history"": 1}","Composition, wt.% N:numeric_sparse_0.34;Composition, wt.% C:numeric_sparse_0.45;Composition, wt.% Si:numeric_sparse_0.44;Composition, wt.% Mn:numeric_sparse_0.41;Composition, wt.% Cu:numeric_sparse_0.19;Composition, wt.% P:numeric_sparse_0.23;Composition, wt.% S:numeric_sparse_0.25;Test Solution:high_cardinality;Heat treatment:categorical_sparse_0.54;Microstructures:categorical_sparse_0.28",,,,,,,,,,,,,,,,,,,,,,,step-7000,7000
2,generic_baseline,local_tabicl_regressor,/home/fcolanto/projects/tabicl/checkpoints/tabicl_s1_regression_baseline/step-7500.ckpt,electrochemical_metrics_alloys__pitting_potential__epit_mv_sce_avg,electrochemical_metrics_alloys,Pitting Potential,"Epit, mV (SCE) Avg.",,continuous,0,,median,False,,608,486,122,21,False,0,,,,,epit_pipeline_development_fold_2,0,0,0,0,True,,,normal_corrosion,215.962089629916,293.3471705179785,0.386188812348419,0.6184830256161781,0.6381095399578695,0.4242932648907714,0.5763290628407659,"environment,material,process_history","{""environment"": 3, ""material"": 17, ""process_history"": 1}","Composition, wt.% N:numeric_sparse_0.34;Composition, wt.% C:numeric_sparse_0.45;Composition, wt.% Si:numeric_sparse_0.44;Composition, wt.% Mn:numeric_sparse_0.41;Composition, wt.% Cu:numeric_sparse_0.19;Composition, wt.% P:numeric_sparse_0.23;Composition, wt.% S:numeric_sparse_0.25;Test Solution:high_cardinality;Heat treatment:categorical_sparse_0.54;Microstructures:categorical_sparse_0.28",,,,,,,,,,,,,,,,,,,,,,,step-7500,7500
2,trial_0025,local_tabicl_regressor,/home/fcolanto/projects/tabicl/checkpoints/epit_pipeline_final_v1/final_epit_pipeline_optuna_fe_ni_v4_trial_0025/step-7500.ckpt,electrochemical_metrics_alloys__pitting_potential__epit_mv_sce_avg,electrochemical_metrics_alloys,Pitting Potential,"Epit, mV (SCE) Avg.",,continuous,0,,median,False,,608,486,122,31,True,0,,,,,epit_pipeline_development_fold_2,0,0,0,0,True,,,normal_corrosion,191.4371559981441,261.9071718145872,0.5107106369601144,0.683951091901294,0.724343389618058,0.3761099741118859,0.5145599823466694,"environment,material,material_descriptor,process_history","{""environment"": 3, ""material"": 17, ""material_descriptor"": 10, ""process_history"": 1}","Composition, wt.% N:numeric_sparse_0.34;Composition, wt.% C:numeric_sparse_0.45;Composition, wt.% Si:numeric_sparse_0.44;Composition, wt.% Mn:numeric_sparse_0.41;Composition, wt.% Cu:numeric_sparse_0.19;Composition, wt.% P:numeric_sparse_0.23;Composition, wt.% S:numeric_sparse_0.25;Test Solution:high_cardinality;Heat treatment:categorical_sparse_0.54;Microstructures:categorical_sparse_0.28",,,,,,,,,,,,,,,,,,,,,,,step-7500,7500
2,pretrained_tabicl_v2,pretrained_tabicl_regressor,/home/fcolanto/.cache/huggingface/hub/models--jingang--TabICL/snapshots/4dcd344ece2c00be9e831fdd35bed57b5ad83e19/tabicl-regressor-v2-20260212.ckpt,electrochemical_metrics_alloys__pitting_potential__epit_mv_sce_avg,electrochemical_metrics_alloys,Pitting Potential,"Epit, mV (SCE) Avg.",,continuous,0,,median,False,,608,486,122,21,False,0,,,,,epit_pipeline_development_fold_2,0,0,0,0,True,,,normal_corrosion,207.80827415220085,285.3713058802669,0.4191130793881557,0.5600380115222819,0.6642602160311927,0.4082737450005664,0.5606591568250354,"environment,material,process_history","{""environment"": 3, ""material"": 17, ""process_history"": 1}","Composition, wt.% N:numeric_sparse_0.34;Composition, wt.% C:numeric_sparse_0.45;Composition, wt.% Si:numeric_sparse_0.44;Composition, wt.% Mn:numeric_sparse_0.41;Composition, wt.% Cu:numeric_sparse_0.19;Composition, wt.% P:numeric_sparse_0.23;Composition, wt.% S:numeric_sparse_0.25;Test Solution:high_cardinality;Heat treatment:categorical_sparse_0.54;Microstructures:categorical_sparse_0.28",,,,,,,,,,,,,,,,,,,,,,,step-7500,7500
2,catboost,catboost_regressor,catboost==1.2.10;iterations=1000;depth=6;learning_rate=0.03;l2_leaf_reg=3;thread_count=8,electrochemical_metrics_alloys__pitting_potential__epit_mv_sce_avg,electrochemical_metrics_alloys,Pitting Potential,"Epit, mV (SCE) Avg.",,continuous,0,,median,False,,608,486,122,21,False,0,,,,,epit_pipeline_development_fold_2,0,0,0,0,True,,,normal_corrosion,220.3852586003285,305.6460507027,0.3336405365220811,0.4912719438106525,0.5955699014113132,0.4329833123284302,0.600492248319376,"environment,material,process_history","{""environment"": 3, ""material"": 17, ""process_history"": 1}","Composition, wt.% N:numeric_sparse_0.34;Composition, wt.% C:numeric_sparse_0.45;Composition, wt.% Si:numeric_sparse_0.44;Composition, wt.% Mn:numeric_sparse_0.41;Composition, wt.% Cu:numeric_sparse_0.19;Composition, wt.% P:numeric_sparse_0.23;Composition, wt.% S:numeric_sparse_0.25;Test Solution:high_cardinality;Heat treatment:categorical_sparse_0.54;Microstructures:categorical_sparse_0.28",,,,,,,,,,,,,,,,,,,,,,,step-7500,7500
2,generic_baseline,local_tabicl_regressor,/home/fcolanto/projects/tabicl/checkpoints/tabicl_s1_regression_baseline/step-8000.ckpt,electrochemical_metrics_alloys__pitting_potential__epit_mv_sce_avg,electrochemical_metrics_alloys,Pitting Potential,"Epit, mV (SCE) Avg.",,continuous,0,,median,False,,608,486,122,21,False,0,,,,,epit_pipeline_development_fold_2,0,0,0,0,True,,,normal_corrosion,229.58174618459157,296.4092724473166,0.3733074045301139,0.5977675003763827,0.626143140112305,0.4510513341249458,0.5823450688316951,"environment,material,process_history","{""environment"": 3, ""material"": 17, ""process_history"": 1}","Composition, wt.% N:numeric_sparse_0.34;Composition, wt.% C:numeric_sparse_0.45;Composition, wt.% Si:numeric_sparse_0.44;Composition, wt.% Mn:numeric_sparse_0.41;Composition, wt.% Cu:numeric_sparse_0.19;Composition, wt.% P:numeric_sparse_0.23;Composition, wt.% S:numeric_sparse_0.25;Test Solution:high_cardinality;Heat treatment:categorical_sparse_0.54;Microstructures:categorical_sparse_0.28",,,,,,,,,,,,,,,,,,,,,,,step-8000,8000
2,trial_0025,local_tabicl_regressor,/home/fcolanto/projects/tabicl/checkpoints/epit_pipeline_final_v1/final_epit_pipeline_optuna_fe_ni_v4_trial_0025/step-8000.ckpt,electrochemical_metrics_alloys__pitting_potential__epit_mv_sce_avg,electrochemical_metrics_alloys,Pitting Potential,"Epit, mV (SCE) Avg.",,continuous,0,,median,False,,608,486,122,31,True,0,,,,,epit_pipeline_development_fold_2,0,0,0,0,True,,,normal_corrosion,198.6656934557197,265.704259222501,0.4964205199948905,0.6762472167682431,0.7131395624469548,0.3903116322062106,0.5220199889438468,"environment,material,material_descriptor,process_history","{""environment"": 3, ""material"": 17, ""material_descriptor"": 10, ""process_history"": 1}","Composition, wt.% N:numeric_sparse_0.34;Composition, wt.% C:numeric_sparse_0.45;Composition, wt.% Si:numeric_sparse_0.44;Composition, wt.% Mn:numeric_sparse_0.41;Composition, wt.% Cu:numeric_sparse_0.19;Composition, wt.% P:numeric_sparse_0.23;Composition, wt.% S:numeric_sparse_0.25;Test Solution:high_cardinality;Heat treatment:categorical_sparse_0.54;Microstructures:categorical_sparse_0.28",,,,,,,,,,,,,,,,,,,,,,,step-8000,8000
2,pretrained_tabicl_v2,pretrained_tabicl_regressor,/home/fcolanto/.cache/huggingface/hub/models--jingang--TabICL/snapshots/4dcd344ece2c00be9e831fdd35bed57b5ad83e19/tabicl-regressor-v2-20260212.ckpt,electrochemical_metrics_alloys__pitting_potential__epit_mv_sce_avg,electrochemical_metrics_alloys,Pitting Potential,"Epit, mV (SCE) Avg.",,continuous,0,,median,False,,608,486,122,21,False,0,,,,,epit_pipeline_development_fold_2,0,0,0,0,True,,,normal_corrosion,207.80827415220085,285.3713058802669,0.4191130793881557,0.5600380115222819,0.6642602160311927,0.4082737450005664,0.5606591568250354,"environment,material,process_history","{""environment"": 3, ""material"": 17, ""process_history"": 1}","Composition, wt.% N:numeric_sparse_0.34;Composition, wt.% C:numeric_sparse_0.45;Composition, wt.% Si:numeric_sparse_0.44;Composition, wt.% Mn:numeric_sparse_0.41;Composition, wt.% Cu:numeric_sparse_0.19;Composition, wt.% P:numeric_sparse_0.23;Composition, wt.% S:numeric_sparse_0.25;Test Solution:high_cardinality;Heat treatment:categorical_sparse_0.54;Microstructures:categorical_sparse_0.28",,,,,,,,,,,,,,,,,,,,,,,step-8000,8000
2,catboost,catboost_regressor,catboost==1.2.10;iterations=1000;depth=6;learning_rate=0.03;l2_leaf_reg=3;thread_count=8,electrochemical_metrics_alloys__pitting_potential__epit_mv_sce_avg,electrochemical_metrics_alloys,Pitting Potential,"Epit, mV (SCE) Avg.",,continuous,0,,median,False,,608,486,122,21,False,0,,,,,epit_pipeline_development_fold_2,0,0,0,0,True,,,normal_corrosion,220.3852586003285,305.6460507027,0.3336405365220811,0.4912719438106525,0.5955699014113132,0.4329833123284302,0.600492248319376,"environment,material,process_history","{""environment"": 3, ""material"": 17, ""process_history"": 1}","Composition, wt.% N:numeric_sparse_0.34;Composition, wt.% C:numeric_sparse_0.45;Composition, wt.% Si:numeric_sparse_0.44;Composition, wt.% Mn:numeric_sparse_0.41;Composition, wt.% Cu:numeric_sparse_0.19;Composition, wt.% P:numeric_sparse_0.23;Composition, wt.% S:numeric_sparse_0.25;Test Solution:high_cardinality;Heat treatment:categorical_sparse_0.54;Microstructures:categorical_sparse_0.28",,,,,,,,,,,,,,,,,,,,,,,step-8000,8000
2,generic_baseline,local_tabicl_regressor,/home/fcolanto/projects/tabicl/checkpoints/tabicl_s1_regression_baseline/step-8500.ckpt,electrochemical_metrics_alloys__pitting_potential__epit_mv_sce_avg,electrochemical_metrics_alloys,Pitting Potential,"Epit, mV (SCE) Avg.",,continuous,0,,median,False,,608,486,122,21,False,0,,,,,epit_pipeline_development_fold_2,0,0,0,0,True,,,normal_corrosion,227.92402092734332,301.73618057152777,0.3505798344954003,0.5937585769373476,0.6089221452172217,0.4477944585182362,0.5928106613978158,"environment,material,process_history","{""environment"": 3, ""material"": 17, ""process_history"": 1}","Composition, wt.% N:numeric_sparse_0.34;Composition, wt.% C:numeric_sparse_0.45;Composition, wt.% Si:numeric_sparse_0.44;Composition, wt.% Mn:numeric_sparse_0.41;Composition, wt.% Cu:numeric_sparse_0.19;Composition, wt.% P:numeric_sparse_0.23;Composition, wt.% S:numeric_sparse_0.25;Test Solution:high_cardinality;Heat treatment:categorical_sparse_0.54;Microstructures:categorical_sparse_0.28",,,,,,,,,,,,,,,,,,,,,,,step-8500,8500
2,trial_0025,local_tabicl_regressor,/home/fcolanto/projects/tabicl/checkpoints/epit_pipeline_final_v1/final_epit_pipeline_optuna_fe_ni_v4_trial_0025/step-8500.ckpt,electrochemical_metrics_alloys__pitting_potential__epit_mv_sce_avg,electrochemical_metrics_alloys,Pitting Potential,"Epit, mV (SCE) Avg.",,continuous,0,,median,False,,608,486,122,31,True,0,,,,,epit_pipeline_development_fold_2,0,0,0,0,True,,,normal_corrosion,199.2855771162081,268.1028982350069,0.4872873765589328,0.6566785146392021,0.7055279806473649,0.3915294962424949,0.5267325122374236,"environment,material,material_descriptor,process_history","{""environment"": 3, ""material"": 17, ""material_descriptor"": 10, ""process_history"": 1}","Composition, wt.% N:numeric_sparse_0.34;Composition, wt.% C:numeric_sparse_0.45;Composition, wt.% Si:numeric_sparse_0.44;Composition, wt.% Mn:numeric_sparse_0.41;Composition, wt.% Cu:numeric_sparse_0.19;Composition, wt.% P:numeric_sparse_0.23;Composition, wt.% S:numeric_sparse_0.25;Test Solution:high_cardinality;Heat treatment:categorical_sparse_0.54;Microstructures:categorical_sparse_0.28",,,,,,,,,,,,,,,,,,,,,,,step-8500,8500
2,pretrained_tabicl_v2,pretrained_tabicl_regressor,/home/fcolanto/.cache/huggingface/hub/models--jingang--TabICL/snapshots/4dcd344ece2c00be9e831fdd35bed57b5ad83e19/tabicl-regressor-v2-20260212.ckpt,electrochemical_metrics_alloys__pitting_potential__epit_mv_sce_avg,electrochemical_metrics_alloys,Pitting Potential,"Epit, mV (SCE) Avg.",,continuous,0,,median,False,,608,486,122,21,False,0,,,,,epit_pipeline_development_fold_2,0,0,0,0,True,,,normal_corrosion,207.80827415220085,285.3713058802669,0.4191130793881557,0.5600380115222819,0.6642602160311927,0.4082737450005664,0.5606591568250354,"environment,material,process_history","{""environment"": 3, ""material"": 17, ""process_history"": 1}","Composition, wt.% N:numeric_sparse_0.34;Composition, wt.% C:numeric_sparse_0.45;Composition, wt.% Si:numeric_sparse_0.44;Composition, wt.% Mn:numeric_sparse_0.41;Composition, wt.% Cu:numeric_sparse_0.19;Composition, wt.% P:numeric_sparse_0.23;Composition, wt.% S:numeric_sparse_0.25;Test Solution:high_cardinality;Heat treatment:categorical_sparse_0.54;Microstructures:categorical_sparse_0.28",,,,,,,,,,,,,,,,,,,,,,,step-8500,8500
2,catboost,catboost_regressor,catboost==1.2.10;iterations=1000;depth=6;learning_rate=0.03;l2_leaf_reg=3;thread_count=8,electrochemical_metrics_alloys__pitting_potential__epit_mv_sce_avg,electrochemical_metrics_alloys,Pitting Potential,"Epit, mV (SCE) Avg.",,continuous,0,,median,False,,608,486,122,21,False,0,,,,,epit_pipeline_development_fold_2,0,0,0,0,True,,,normal_corrosion,220.3852586003285,305.6460507027,0.3336405365220811,0.4912719438106525,0.5955699014113132,0.4329833123284302,0.600492248319376,"environment,material,process_history","{""environment"": 3, ""material"": 17, ""process_history"": 1}","Composition, wt.% N:numeric_sparse_0.34;Composition, wt.% C:numeric_sparse_0.45;Composition, wt.% Si:numeric_sparse_0.44;Composition, wt.% Mn:numeric_sparse_0.41;Composition, wt.% Cu:numeric_sparse_0.19;Composition, wt.% P:numeric_sparse_0.23;Composition, wt.% S:numeric_sparse_0.25;Test Solution:high_cardinality;Heat treatment:categorical_sparse_0.54;Microstructures:categorical_sparse_0.28",,,,,,,,,,,,,,,,,,,,,,,step-8500,8500
2,generic_baseline,local_tabicl_regressor,/home/fcolanto/projects/tabicl/checkpoints/tabicl_s1_regression_baseline/step-9000.ckpt,electrochemical_metrics_alloys__pitting_potential__epit_mv_sce_avg,electrochemical_metrics_alloys,Pitting Potential,"Epit, mV (SCE) Avg.",,continuous,0,,median,False,,608,486,122,21,False,0,,,,,epit_pipeline_development_fold_2,0,0,0,0,True,,,normal_corrosion,222.27756707492435,297.4350910421351,0.3689621602299803,0.6164471667221586,0.6244188814484876,0.4367010654870638,0.5843604592251066,"environment,material,process_history","{""environment"": 3, ""material"": 17, ""process_history"": 1}","Composition, wt.% N:numeric_sparse_0.34;Composition, wt.% C:numeric_sparse_0.45;Composition, wt.% Si:numeric_sparse_0.44;Composition, wt.% Mn:numeric_sparse_0.41;Composition, wt.% Cu:numeric_sparse_0.19;Composition, wt.% P:numeric_sparse_0.23;Composition, wt.% S:numeric_sparse_0.25;Test Solution:high_cardinality;Heat treatment:categorical_sparse_0.54;Microstructures:categorical_sparse_0.28",,,,,,,,,,,,,,,,,,,,,,,step-9000,9000
2,trial_0025,local_tabicl_regressor,/home/fcolanto/projects/tabicl/checkpoints/epit_pipeline_final_v1/final_epit_pipeline_optuna_fe_ni_v4_trial_0025/step-9000.ckpt,electrochemical_metrics_alloys__pitting_potential__epit_mv_sce_avg,electrochemical_metrics_alloys,Pitting Potential,"Epit, mV (SCE) Avg.",,continuous,0,,median,False,,608,486,122,31,True,0,,,,,epit_pipeline_development_fold_2,0,0,0,0,True,,,normal_corrosion,201.7230465561055,270.22572425778,0.4791359641346918,0.663341325565084,0.699165120344488,0.396318308336774,0.5309031552680638,"environment,material,material_descriptor,process_history","{""environment"": 3, ""material"": 17, ""material_descriptor"": 10, ""process_history"": 1}","Composition, wt.% N:numeric_sparse_0.34;Composition, wt.% C:numeric_sparse_0.45;Composition, wt.% Si:numeric_sparse_0.44;Composition, wt.% Mn:numeric_sparse_0.41;Composition, wt.% Cu:numeric_sparse_0.19;Composition, wt.% P:numeric_sparse_0.23;Composition, wt.% S:numeric_sparse_0.25;Test Solution:high_cardinality;Heat treatment:categorical_sparse_0.54;Microstructures:categorical_sparse_0.28",,,,,,,,,,,,,,,,,,,,,,,step-9000,9000
2,pretrained_tabicl_v2,pretrained_tabicl_regressor,/home/fcolanto/.cache/huggingface/hub/models--jingang--TabICL/snapshots/4dcd344ece2c00be9e831fdd35bed57b5ad83e19/tabicl-regressor-v2-20260212.ckpt,electrochemical_metrics_alloys__pitting_potential__epit_mv_sce_avg,electrochemical_metrics_alloys,Pitting Potential,"Epit, mV (SCE) Avg.",,continuous,0,,median,False,,608,486,122,21,False,0,,,,,epit_pipeline_development_fold_2,0,0,0,0,True,,,normal_corrosion,207.80827415220085,285.3713058802669,0.4191130793881557,0.5600380115222819,0.6642602160311927,0.4082737450005664,0.5606591568250354,"environment,material,process_history","{""environment"": 3, ""material"": 17, ""process_history"": 1}","Composition, wt.% N:numeric_sparse_0.34;Composition, wt.% C:numeric_sparse_0.45;Composition, wt.% Si:numeric_sparse_0.44;Composition, wt.% Mn:numeric_sparse_0.41;Composition, wt.% Cu:numeric_sparse_0.19;Composition, wt.% P:numeric_sparse_0.23;Composition, wt.% S:numeric_sparse_0.25;Test Solution:high_cardinality;Heat treatment:categorical_sparse_0.54;Microstructures:categorical_sparse_0.28",,,,,,,,,,,,,,,,,,,,,,,step-9000,9000
2,catboost,catboost_regressor,catboost==1.2.10;iterations=1000;depth=6;learning_rate=0.03;l2_leaf_reg=3;thread_count=8,electrochemical_metrics_alloys__pitting_potential__epit_mv_sce_avg,electrochemical_metrics_alloys,Pitting Potential,"Epit, mV (SCE) Avg.",,continuous,0,,median,False,,608,486,122,21,False,0,,,,,epit_pipeline_development_fold_2,0,0,0,0,True,,,normal_corrosion,220.3852586003285,305.6460507027,0.3336405365220811,0.4912719438106525,0.5955699014113132,0.4329833123284302,0.600492248319376,"environment,material,process_history","{""environment"": 3, ""material"": 17, ""process_history"": 1}","Composition, wt.% N:numeric_sparse_0.34;Composition, wt.% C:numeric_sparse_0.45;Composition, wt.% Si:numeric_sparse_0.44;Composition, wt.% Mn:numeric_sparse_0.41;Composition, wt.% Cu:numeric_sparse_0.19;Composition, wt.% P:numeric_sparse_0.23;Composition, wt.% S:numeric_sparse_0.25;Test Solution:high_cardinality;Heat treatment:categorical_sparse_0.54;Microstructures:categorical_sparse_0.28",,,,,,,,,,,,,,,,,,,,,,,step-9000,9000
2,generic_baseline,local_tabicl_regressor,/home/fcolanto/projects/tabicl/checkpoints/tabicl_s1_regression_baseline/step-9500.ckpt,electrochemical_metrics_alloys__pitting_potential__epit_mv_sce_avg,electrochemical_metrics_alloys,Pitting Potential,"Epit, mV (SCE) Avg.",,continuous,0,,median,False,,608,486,122,21,False,0,,,,,epit_pipeline_development_fold_2,0,0,0,0,True,,,normal_corrosion,221.72646238862504,296.3564356070541,0.3735308085082283,0.6140114069739568,0.6286193085359233,0.435618329127885,0.5822412621149705,"environment,material,process_history","{""environment"": 3, ""material"": 17, ""process_history"": 1}","Composition, wt.% N:numeric_sparse_0.34;Composition, wt.% C:numeric_sparse_0.45;Composition, wt.% Si:numeric_sparse_0.44;Composition, wt.% Mn:numeric_sparse_0.41;Composition, wt.% Cu:numeric_sparse_0.19;Composition, wt.% P:numeric_sparse_0.23;Composition, wt.% S:numeric_sparse_0.25;Test Solution:high_cardinality;Heat treatment:categorical_sparse_0.54;Microstructures:categorical_sparse_0.28",,,,,,,,,,,,,,,,,,,,,,,step-9500,9500
2,trial_0025,local_tabicl_regressor,/home/fcolanto/projects/tabicl/checkpoints/epit_pipeline_final_v1/final_epit_pipeline_optuna_fe_ni_v4_trial_0025/step-9500.ckpt,electrochemical_metrics_alloys__pitting_potential__epit_mv_sce_avg,electrochemical_metrics_alloys,Pitting Potential,"Epit, mV (SCE) Avg.",,continuous,0,,median,False,,608,486,122,31,True,0,,,,,epit_pipeline_development_fold_2,0,0,0,0,True,,,normal_corrosion,200.4792251574799,269.290140736853,0.4827364223607427,0.6617747718057249,0.7026959871068876,0.3938746153577506,0.5290650466104175,"environment,material,material_descriptor,process_history","{""environment"": 3, ""material"": 17, ""material_descriptor"": 10, ""process_history"": 1}","Composition, wt.% N:numeric_sparse_0.34;Composition, wt.% C:numeric_sparse_0.45;Composition, wt.% Si:numeric_sparse_0.44;Composition, wt.% Mn:numeric_sparse_0.41;Composition, wt.% Cu:numeric_sparse_0.19;Composition, wt.% P:numeric_sparse_0.23;Composition, wt.% S:numeric_sparse_0.25;Test Solution:high_cardinality;Heat treatment:categorical_sparse_0.54;Microstructures:categorical_sparse_0.28",,,,,,,,,,,,,,,,,,,,,,,step-9500,9500
2,pretrained_tabicl_v2,pretrained_tabicl_regressor,/home/fcolanto/.cache/huggingface/hub/models--jingang--TabICL/snapshots/4dcd344ece2c00be9e831fdd35bed57b5ad83e19/tabicl-regressor-v2-20260212.ckpt,electrochemical_metrics_alloys__pitting_potential__epit_mv_sce_avg,electrochemical_metrics_alloys,Pitting Potential,"Epit, mV (SCE) Avg.",,continuous,0,,median,False,,608,486,122,21,False,0,,,,,epit_pipeline_development_fold_2,0,0,0,0,True,,,normal_corrosion,207.80827415220085,285.3713058802669,0.4191130793881557,0.5600380115222819,0.6642602160311927,0.4082737450005664,0.5606591568250354,"environment,material,process_history","{""environment"": 3, ""material"": 17, ""process_history"": 1}","Composition, wt.% N:numeric_sparse_0.34;Composition, wt.% C:numeric_sparse_0.45;Composition, wt.% Si:numeric_sparse_0.44;Composition, wt.% Mn:numeric_sparse_0.41;Composition, wt.% Cu:numeric_sparse_0.19;Composition, wt.% P:numeric_sparse_0.23;Composition, wt.% S:numeric_sparse_0.25;Test Solution:high_cardinality;Heat treatment:categorical_sparse_0.54;Microstructures:categorical_sparse_0.28",,,,,,,,,,,,,,,,,,,,,,,step-9500,9500
2,catboost,catboost_regressor,catboost==1.2.10;iterations=1000;depth=6;learning_rate=0.03;l2_leaf_reg=3;thread_count=8,electrochemical_metrics_alloys__pitting_potential__epit_mv_sce_avg,electrochemical_metrics_alloys,Pitting Potential,"Epit, mV (SCE) Avg.",,continuous,0,,median,False,,608,486,122,21,False,0,,,,,epit_pipeline_development_fold_2,0,0,0,0,True,,,normal_corrosion,220.3852586003285,305.6460507027,0.3336405365220811,0.4912719438106525,0.5955699014113132,0.4329833123284302,0.600492248319376,"environment,material,process_history","{""environment"": 3, ""material"": 17, ""process_history"": 1}","Composition, wt.% N:numeric_sparse_0.34;Composition, wt.% C:numeric_sparse_0.45;Composition, wt.% Si:numeric_sparse_0.44;Composition, wt.% Mn:numeric_sparse_0.41;Composition, wt.% Cu:numeric_sparse_0.19;Composition, wt.% P:numeric_sparse_0.23;Composition, wt.% S:numeric_sparse_0.25;Test Solution:high_cardinality;Heat treatment:categorical_sparse_0.54;Microstructures:categorical_sparse_0.28",,,,,,,,,,,,,,,,,,,,,,,step-9500,9500
2,generic_baseline,local_tabicl_regressor,/home/fcolanto/projects/tabicl/checkpoints/tabicl_s1_regression_baseline/step-10000.ckpt,electrochemical_metrics_alloys__pitting_potential__epit_mv_sce_avg,electrochemical_metrics_alloys,Pitting Potential,"Epit, mV (SCE) Avg.",,continuous,0,,median,False,,608,486,122,21,False,0,,,,,epit_pipeline_development_fold_2,0,0,0,0,True,,,normal_corrosion,222.54998161069693,297.46614761413826,0.3688303741976662,0.6110699874679871,0.6253750638274019,0.4372362689247816,0.5844214750003943,"environment,material,process_history","{""environment"": 3, ""material"": 17, ""process_history"": 1}","Composition, wt.% N:numeric_sparse_0.34;Composition, wt.% C:numeric_sparse_0.45;Composition, wt.% Si:numeric_sparse_0.44;Composition, wt.% Mn:numeric_sparse_0.41;Composition, wt.% Cu:numeric_sparse_0.19;Composition, wt.% P:numeric_sparse_0.23;Composition, wt.% S:numeric_sparse_0.25;Test Solution:high_cardinality;Heat treatment:categorical_sparse_0.54;Microstructures:categorical_sparse_0.28",,,,,,,,,,,,,,,,,,,,,,,step-10000,10000
2,trial_0025,local_tabicl_regressor,/home/fcolanto/projects/tabicl/checkpoints/epit_pipeline_final_v1/final_epit_pipeline_optuna_fe_ni_v4_trial_0025/step-10000.ckpt,electrochemical_metrics_alloys__pitting_potential__epit_mv_sce_avg,electrochemical_metrics_alloys,Pitting Potential,"Epit, mV (SCE) Avg.",,continuous,0,,median,False,,608,486,122,31,True,0,,,,,epit_pipeline_development_fold_2,0,0,0,0,True,,,normal_corrosion,200.7045997857658,269.596719185018,0.4815579749452465,0.6627596515953642,0.7016716141079876,0.3943174011125228,0.5296673707078552,"environment,material,material_descriptor,process_history","{""environment"": 3, ""material"": 17, ""material_descriptor"": 10, ""process_history"": 1}","Composition, wt.% N:numeric_sparse_0.34;Composition, wt.% C:numeric_sparse_0.45;Composition, wt.% Si:numeric_sparse_0.44;Composition, wt.% Mn:numeric_sparse_0.41;Composition, wt.% Cu:numeric_sparse_0.19;Composition, wt.% P:numeric_sparse_0.23;Composition, wt.% S:numeric_sparse_0.25;Test Solution:high_cardinality;Heat treatment:categorical_sparse_0.54;Microstructures:categorical_sparse_0.28",,,,,,,,,,,,,,,,,,,,,,,step-10000,10000
2,pretrained_tabicl_v2,pretrained_tabicl_regressor,/home/fcolanto/.cache/huggingface/hub/models--jingang--TabICL/snapshots/4dcd344ece2c00be9e831fdd35bed57b5ad83e19/tabicl-regressor-v2-20260212.ckpt,electrochemical_metrics_alloys__pitting_potential__epit_mv_sce_avg,electrochemical_metrics_alloys,Pitting Potential,"Epit, mV (SCE) Avg.",,continuous,0,,median,False,,608,486,122,21,False,0,,,,,epit_pipeline_development_fold_2,0,0,0,0,True,,,normal_corrosion,207.80827415220085,285.3713058802669,0.4191130793881557,0.5600380115222819,0.6642602160311927,0.4082737450005664,0.5606591568250354,"environment,material,process_history","{""environment"": 3, ""material"": 17, ""process_history"": 1}","Composition, wt.% N:numeric_sparse_0.34;Composition, wt.% C:numeric_sparse_0.45;Composition, wt.% Si:numeric_sparse_0.44;Composition, wt.% Mn:numeric_sparse_0.41;Composition, wt.% Cu:numeric_sparse_0.19;Composition, wt.% P:numeric_sparse_0.23;Composition, wt.% S:numeric_sparse_0.25;Test Solution:high_cardinality;Heat treatment:categorical_sparse_0.54;Microstructures:categorical_sparse_0.28",,,,,,,,,,,,,,,,,,,,,,,step-10000,10000
2,catboost,catboost_regressor,catboost==1.2.10;iterations=1000;depth=6;learning_rate=0.03;l2_leaf_reg=3;thread_count=8,electrochemical_metrics_alloys__pitting_potential__epit_mv_sce_avg,electrochemical_metrics_alloys,Pitting Potential,"Epit, mV (SCE) Avg.",,continuous,0,,median,False,,608,486,122,21,False,0,,,,,epit_pipeline_development_fold_2,0,0,0,0,True,,,normal_corrosion,220.3852586003285,305.6460507027,0.3336405365220811,0.4912719438106525,0.5955699014113132,0.4329833123284302,0.600492248319376,"environment,material,process_history","{""environment"": 3, ""material"": 17, ""process_history"": 1}","Composition, wt.% N:numeric_sparse_0.34;Composition, wt.% C:numeric_sparse_0.45;Composition, wt.% Si:numeric_sparse_0.44;Composition, wt.% Mn:numeric_sparse_0.41;Composition, wt.% Cu:numeric_sparse_0.19;Composition, wt.% P:numeric_sparse_0.23;Composition, wt.% S:numeric_sparse_0.25;Test Solution:high_cardinality;Heat treatment:categorical_sparse_0.54;Microstructures:categorical_sparse_0.28",,,,,,,,,,,,,,,,,,,,,,,step-10000,10000
3,generic_baseline,local_tabicl_regressor,/home/fcolanto/projects/tabicl/checkpoints/tabicl_s1_regression_baseline/step-500.ckpt,electrochemical_metrics_alloys__pitting_potential__epit_mv_sce_avg,electrochemical_metrics_alloys,Pitting Potential,"Epit, mV (SCE) Avg.",,continuous,0,,median,False,,608,486,122,21,False,0,,,,,epit_pipeline_development_fold_3,0,0,0,0,True,,,normal_corrosion,242.88519686138147,320.6524627419316,0.2518866363697161,0.581749018592722,0.5877027628153139,0.4682440200522087,0.6181669370308003,"environment,material,process_history","{""environment"": 3, ""material"": 17, ""process_history"": 1}","Composition, wt.% N:numeric_sparse_0.34;Composition, wt.% C:numeric_sparse_0.45;Composition, wt.% Si:numeric_sparse_0.44;Composition, wt.% Mn:numeric_sparse_0.41;Composition, wt.% Cu:numeric_sparse_0.19;Composition, wt.% P:numeric_sparse_0.23;Composition, wt.% S:numeric_sparse_0.25;Test Solution:high_cardinality;Heat treatment:categorical_sparse_0.54;Microstructures:categorical_sparse_0.28",,,,,,,,,,,,,,,,,,,,,,,step-500,500
3,trial_0025,local_tabicl_regressor,/home/fcolanto/projects/tabicl/checkpoints/epit_pipeline_final_v1/final_epit_pipeline_optuna_fe_ni_v4_trial_0025/step-500.ckpt,electrochemical_metrics_alloys__pitting_potential__epit_mv_sce_avg,electrochemical_metrics_alloys,Pitting Potential,"Epit, mV (SCE) Avg.",,continuous,0,,median,False,,608,486,122,31,True,0,,,,,epit_pipeline_development_fold_3,0,0,0,0,True,,,normal_corrosion,238.2755004153507,311.606837757368,0.2934999268684808,0.5849052556342226,0.571694946875206,0.4593572586398132,0.6007284110877225,"environment,material,material_descriptor,process_history","{""environment"": 3, ""material"": 17, ""material_descriptor"": 10, ""process_history"": 1}","Composition, wt.% N:numeric_sparse_0.34;Composition, wt.% C:numeric_sparse_0.45;Composition, wt.% Si:numeric_sparse_0.44;Composition, wt.% Mn:numeric_sparse_0.41;Composition, wt.% Cu:numeric_sparse_0.19;Composition, wt.% P:numeric_sparse_0.23;Composition, wt.% S:numeric_sparse_0.25;Test Solution:high_cardinality;Heat treatment:categorical_sparse_0.54;Microstructures:categorical_sparse_0.28",,,,,,,,,,,,,,,,,,,,,,,step-500,500
3,pretrained_tabicl_v2,pretrained_tabicl_regressor,/home/fcolanto/.cache/huggingface/hub/models--jingang--TabICL/snapshots/4dcd344ece2c00be9e831fdd35bed57b5ad83e19/tabicl-regressor-v2-20260212.ckpt,electrochemical_metrics_alloys__pitting_potential__epit_mv_sce_avg,electrochemical_metrics_alloys,Pitting Potential,"Epit, mV (SCE) Avg.",,continuous,0,,median,False,,608,486,122,21,False,0,,,,,epit_pipeline_development_fold_3,0,0,0,0,True,,,normal_corrosion,147.73902746228697,205.5124688962792,0.6926914763250632,0.7846405285170341,0.833511454750715,0.2848173418202422,0.3961953459920749,"environment,material,process_history","{""environment"": 3, ""material"": 17, ""process_history"": 1}","Composition, wt.% N:numeric_sparse_0.34;Composition, wt.% C:numeric_sparse_0.45;Composition, wt.% Si:numeric_sparse_0.44;Composition, wt.% Mn:numeric_sparse_0.41;Composition, wt.% Cu:numeric_sparse_0.19;Composition, wt.% P:numeric_sparse_0.23;Composition, wt.% S:numeric_sparse_0.25;Test Solution:high_cardinality;Heat treatment:categorical_sparse_0.54;Microstructures:categorical_sparse_0.28",,,,,,,,,,,,,,,,,,,,,,,step-500,500
3,catboost,catboost_regressor,catboost==1.2.10;iterations=1000;depth=6;learning_rate=0.03;l2_leaf_reg=3;thread_count=8,electrochemical_metrics_alloys__pitting_potential__epit_mv_sce_avg,electrochemical_metrics_alloys,Pitting Potential,"Epit, mV (SCE) Avg.",,continuous,0,,median,False,,608,486,122,21,False,0,,,,,epit_pipeline_development_fold_3,0,0,0,0,True,,,normal_corrosion,150.36678957921768,197.1535948556598,0.7171816047883497,0.8101561604970628,0.8491104201638314,0.2898832491430124,0.3800807666168508,"environment,material,process_history","{""environment"": 3, ""material"": 17, ""process_history"": 1}","Composition, wt.% N:numeric_sparse_0.34;Composition, wt.% C:numeric_sparse_0.45;Composition, wt.% Si:numeric_sparse_0.44;Composition, wt.% Mn:numeric_sparse_0.41;Composition, wt.% Cu:numeric_sparse_0.19;Composition, wt.% P:numeric_sparse_0.23;Composition, wt.% S:numeric_sparse_0.25;Test Solution:high_cardinality;Heat treatment:categorical_sparse_0.54;Microstructures:categorical_sparse_0.28",,,,,,,,,,,,,,,,,,,,,,,step-500,500
3,generic_baseline,local_tabicl_regressor,/home/fcolanto/projects/tabicl/checkpoints/tabicl_s1_regression_baseline/step-1000.ckpt,electrochemical_metrics_alloys__pitting_potential__epit_mv_sce_avg,electrochemical_metrics_alloys,Pitting Potential,"Epit, mV (SCE) Avg.",,continuous,0,,median,False,,608,486,122,21,False,0,,,,,epit_pipeline_development_fold_3,0,0,0,0,True,,,normal_corrosion,186.31815646023253,256.46278740592714,0.5214283485052724,0.6901451049666851,0.7226449782245723,0.359191765150868,0.4944194546252318,"environment,material,process_history","{""environment"": 3, ""material"": 17, ""process_history"": 1}","Composition, wt.% N:numeric_sparse_0.34;Composition, wt.% C:numeric_sparse_0.45;Composition, wt.% Si:numeric_sparse_0.44;Composition, wt.% Mn:numeric_sparse_0.41;Composition, wt.% Cu:numeric_sparse_0.19;Composition, wt.% P:numeric_sparse_0.23;Composition, wt.% S:numeric_sparse_0.25;Test Solution:high_cardinality;Heat treatment:categorical_sparse_0.54;Microstructures:categorical_sparse_0.28",,,,,,,,,,,,,,,,,,,,,,,step-1000,1000
3,trial_0025,local_tabicl_regressor,/home/fcolanto/projects/tabicl/checkpoints/epit_pipeline_final_v1/final_epit_pipeline_optuna_fe_ni_v4_trial_0025/step-1000.ckpt,electrochemical_metrics_alloys__pitting_potential__epit_mv_sce_avg,electrochemical_metrics_alloys,Pitting Potential,"Epit, mV (SCE) Avg.",,continuous,0,,median,False,,608,486,122,31,True,0,,,,,epit_pipeline_development_fold_3,0,0,0,0,True,,,normal_corrosion,221.3280224183817,293.3643737814525,0.3738000957969675,0.6249250193363483,0.6337081217301067,0.42668521715852,0.5655598426524248,"environment,material,material_descriptor,process_history","{""environment"": 3, ""material"": 17, ""material_descriptor"": 10, ""process_history"": 1}","Composition, wt.% N:numeric_sparse_0.34;Composition, wt.% C:numeric_sparse_0.45;Composition, wt.% Si:numeric_sparse_0.44;Composition, wt.% Mn:numeric_sparse_0.41;Composition, wt.% Cu:numeric_sparse_0.19;Composition, wt.% P:numeric_sparse_0.23;Composition, wt.% S:numeric_sparse_0.25;Test Solution:high_cardinality;Heat treatment:categorical_sparse_0.54;Microstructures:categorical_sparse_0.28",,,,,,,,,,,,,,,,,,,,,,,step-1000,1000
3,pretrained_tabicl_v2,pretrained_tabicl_regressor,/home/fcolanto/.cache/huggingface/hub/models--jingang--TabICL/snapshots/4dcd344ece2c00be9e831fdd35bed57b5ad83e19/tabicl-regressor-v2-20260212.ckpt,electrochemical_metrics_alloys__pitting_potential__epit_mv_sce_avg,electrochemical_metrics_alloys,Pitting Potential,"Epit, mV (SCE) Avg.",,continuous,0,,median,False,,608,486,122,21,False,0,,,,,epit_pipeline_development_fold_3,0,0,0,0,True,,,normal_corrosion,147.73902746228697,205.5124688962792,0.6926914763250632,0.7846405285170341,0.833511454750715,0.2848173418202422,0.3961953459920749,"environment,material,process_history","{""environment"": 3, ""material"": 17, ""process_history"": 1}","Composition, wt.% N:numeric_sparse_0.34;Composition, wt.% C:numeric_sparse_0.45;Composition, wt.% Si:numeric_sparse_0.44;Composition, wt.% Mn:numeric_sparse_0.41;Composition, wt.% Cu:numeric_sparse_0.19;Composition, wt.% P:numeric_sparse_0.23;Composition, wt.% S:numeric_sparse_0.25;Test Solution:high_cardinality;Heat treatment:categorical_sparse_0.54;Microstructures:categorical_sparse_0.28",,,,,,,,,,,,,,,,,,,,,,,step-1000,1000
3,catboost,catboost_regressor,catboost==1.2.10;iterations=1000;depth=6;learning_rate=0.03;l2_leaf_reg=3;thread_count=8,electrochemical_metrics_alloys__pitting_potential__epit_mv_sce_avg,electrochemical_metrics_alloys,Pitting Potential,"Epit, mV (SCE) Avg.",,continuous,0,,median,False,,608,486,122,21,False,0,,,,,epit_pipeline_development_fold_3,0,0,0,0,True,,,normal_corrosion,150.36678957921768,197.1535948556598,0.7171816047883497,0.8101561604970628,0.8491104201638314,0.2898832491430124,0.3800807666168508,"environment,material,process_history","{""environment"": 3, ""material"": 17, ""process_history"": 1}","Composition, wt.% N:numeric_sparse_0.34;Composition, wt.% C:numeric_sparse_0.45;Composition, wt.% Si:numeric_sparse_0.44;Composition, wt.% Mn:numeric_sparse_0.41;Composition, wt.% Cu:numeric_sparse_0.19;Composition, wt.% P:numeric_sparse_0.23;Composition, wt.% S:numeric_sparse_0.25;Test Solution:high_cardinality;Heat treatment:categorical_sparse_0.54;Microstructures:categorical_sparse_0.28",,,,,,,,,,,,,,,,,,,,,,,step-1000,1000
3,generic_baseline,local_tabicl_regressor,/home/fcolanto/projects/tabicl/checkpoints/tabicl_s1_regression_baseline/step-1500.ckpt,electrochemical_metrics_alloys__pitting_potential__epit_mv_sce_avg,electrochemical_metrics_alloys,Pitting Potential,"Epit, mV (SCE) Avg.",,continuous,0,,median,False,,608,486,122,21,False,0,,,,,epit_pipeline_development_fold_3,0,0,0,0,True,,,normal_corrosion,197.1980480906689,269.03597842360466,0.4733537720181778,0.6251861111963257,0.7105694587961757,0.3801664653820863,0.518658566695786,"environment,material,process_history","{""environment"": 3, ""material"": 17, ""process_history"": 1}","Composition, wt.% N:numeric_sparse_0.34;Composition, wt.% C:numeric_sparse_0.45;Composition, wt.% Si:numeric_sparse_0.44;Composition, wt.% Mn:numeric_sparse_0.41;Composition, wt.% Cu:numeric_sparse_0.19;Composition, wt.% P:numeric_sparse_0.23;Composition, wt.% S:numeric_sparse_0.25;Test Solution:high_cardinality;Heat treatment:categorical_sparse_0.54;Microstructures:categorical_sparse_0.28",,,,,,,,,,,,,,,,,,,,,,,step-1500,1500
3,trial_0025,local_tabicl_regressor,/home/fcolanto/projects/tabicl/checkpoints/epit_pipeline_final_v1/final_epit_pipeline_optuna_fe_ni_v4_trial_0025/step-1500.ckpt,electrochemical_metrics_alloys__pitting_potential__epit_mv_sce_avg,electrochemical_metrics_alloys,Pitting Potential,"Epit, mV (SCE) Avg.",,continuous,0,,median,False,,608,486,122,31,True,0,,,,,epit_pipeline_development_fold_3,0,0,0,0,True,,,normal_corrosion,200.851130578682,280.0681934708804,0.4292763977620526,0.7008597861065226,0.6845340460536274,0.3872090272667688,0.5399269222422339,"environment,material,material_descriptor,process_history","{""environment"": 3, ""material"": 17, ""material_descriptor"": 10, ""process_history"": 1}","Composition, wt.% N:numeric_sparse_0.34;Composition, wt.% C:numeric_sparse_0.45;Composition, wt.% Si:numeric_sparse_0.44;Composition, wt.% Mn:numeric_sparse_0.41;Composition, wt.% Cu:numeric_sparse_0.19;Composition, wt.% P:numeric_sparse_0.23;Composition, wt.% S:numeric_sparse_0.25;Test Solution:high_cardinality;Heat treatment:categorical_sparse_0.54;Microstructures:categorical_sparse_0.28",,,,,,,,,,,,,,,,,,,,,,,step-1500,1500
3,pretrained_tabicl_v2,pretrained_tabicl_regressor,/home/fcolanto/.cache/huggingface/hub/models--jingang--TabICL/snapshots/4dcd344ece2c00be9e831fdd35bed57b5ad83e19/tabicl-regressor-v2-20260212.ckpt,electrochemical_metrics_alloys__pitting_potential__epit_mv_sce_avg,electrochemical_metrics_alloys,Pitting Potential,"Epit, mV (SCE) Avg.",,continuous,0,,median,False,,608,486,122,21,False,0,,,,,epit_pipeline_development_fold_3,0,0,0,0,True,,,normal_corrosion,147.73902746228697,205.5124688962792,0.6926914763250632,0.7846405285170341,0.833511454750715,0.2848173418202422,0.3961953459920749,"environment,material,process_history","{""environment"": 3, ""material"": 17, ""process_history"": 1}","Composition, wt.% N:numeric_sparse_0.34;Composition, wt.% C:numeric_sparse_0.45;Composition, wt.% Si:numeric_sparse_0.44;Composition, wt.% Mn:numeric_sparse_0.41;Composition, wt.% Cu:numeric_sparse_0.19;Composition, wt.% P:numeric_sparse_0.23;Composition, wt.% S:numeric_sparse_0.25;Test Solution:high_cardinality;Heat treatment:categorical_sparse_0.54;Microstructures:categorical_sparse_0.28",,,,,,,,,,,,,,,,,,,,,,,step-1500,1500
3,catboost,catboost_regressor,catboost==1.2.10;iterations=1000;depth=6;learning_rate=0.03;l2_leaf_reg=3;thread_count=8,electrochemical_metrics_alloys__pitting_potential__epit_mv_sce_avg,electrochemical_metrics_alloys,Pitting Potential,"Epit, mV (SCE) Avg.",,continuous,0,,median,False,,608,486,122,21,False,0,,,,,epit_pipeline_development_fold_3,0,0,0,0,True,,,normal_corrosion,150.36678957921768,197.1535948556598,0.7171816047883497,0.8101561604970628,0.8491104201638314,0.2898832491430124,0.3800807666168508,"environment,material,process_history","{""environment"": 3, ""material"": 17, ""process_history"": 1}","Composition, wt.% N:numeric_sparse_0.34;Composition, wt.% C:numeric_sparse_0.45;Composition, wt.% Si:numeric_sparse_0.44;Composition, wt.% Mn:numeric_sparse_0.41;Composition, wt.% Cu:numeric_sparse_0.19;Composition, wt.% P:numeric_sparse_0.23;Composition, wt.% S:numeric_sparse_0.25;Test Solution:high_cardinality;Heat treatment:categorical_sparse_0.54;Microstructures:categorical_sparse_0.28",,,,,,,,,,,,,,,,,,,,,,,step-1500,1500
3,generic_baseline,local_tabicl_regressor,/home/fcolanto/projects/tabicl/checkpoints/tabicl_s1_regression_baseline/step-2000.ckpt,electrochemical_metrics_alloys__pitting_potential__epit_mv_sce_avg,electrochemical_metrics_alloys,Pitting Potential,"Epit, mV (SCE) Avg.",,continuous,0,,median,False,,608,486,122,21,False,0,,,,,epit_pipeline_development_fold_3,0,0,0,0,True,,,normal_corrosion,208.12745624226423,271.67767319937514,0.4629605973799436,0.6118671213772188,0.7088079829816495,0.4012366255887418,0.5237513339683162,"environment,material,process_history","{""environment"": 3, ""material"": 17, ""process_history"": 1}","Composition, wt.% N:numeric_sparse_0.34;Composition, wt.% C:numeric_sparse_0.45;Composition, wt.% Si:numeric_sparse_0.44;Composition, wt.% Mn:numeric_sparse_0.41;Composition, wt.% Cu:numeric_sparse_0.19;Composition, wt.% P:numeric_sparse_0.23;Composition, wt.% S:numeric_sparse_0.25;Test Solution:high_cardinality;Heat treatment:categorical_sparse_0.54;Microstructures:categorical_sparse_0.28",,,,,,,,,,,,,,,,,,,,,,,step-2000,2000
3,trial_0025,local_tabicl_regressor,/home/fcolanto/projects/tabicl/checkpoints/epit_pipeline_final_v1/final_epit_pipeline_optuna_fe_ni_v4_trial_0025/step-2000.ckpt,electrochemical_metrics_alloys__pitting_potential__epit_mv_sce_avg,electrochemical_metrics_alloys,Pitting Potential,"Epit, mV (SCE) Avg.",,continuous,0,,median,False,,608,486,122,31,True,0,,,,,epit_pipeline_development_fold_3,0,0,0,0,True,,,normal_corrosion,192.81722985186337,262.5043878548197,0.4986149417905892,0.6723280642434082,0.7220339888445471,0.3717209447420324,0.5060666991600776,"environment,material,material_descriptor,process_history","{""environment"": 3, ""material"": 17, ""material_descriptor"": 10, ""process_history"": 1}","Composition, wt.% N:numeric_sparse_0.34;Composition, wt.% C:numeric_sparse_0.45;Composition, wt.% Si:numeric_sparse_0.44;Composition, wt.% Mn:numeric_sparse_0.41;Composition, wt.% Cu:numeric_sparse_0.19;Composition, wt.% P:numeric_sparse_0.23;Composition, wt.% S:numeric_sparse_0.25;Test Solution:high_cardinality;Heat treatment:categorical_sparse_0.54;Microstructures:categorical_sparse_0.28",,,,,,,,,,,,,,,,,,,,,,,step-2000,2000
3,pretrained_tabicl_v2,pretrained_tabicl_regressor,/home/fcolanto/.cache/huggingface/hub/models--jingang--TabICL/snapshots/4dcd344ece2c00be9e831fdd35bed57b5ad83e19/tabicl-regressor-v2-20260212.ckpt,electrochemical_metrics_alloys__pitting_potential__epit_mv_sce_avg,electrochemical_metrics_alloys,Pitting Potential,"Epit, mV (SCE) Avg.",,continuous,0,,median,False,,608,486,122,21,False,0,,,,,epit_pipeline_development_fold_3,0,0,0,0,True,,,normal_corrosion,147.73902746228697,205.5124688962792,0.6926914763250632,0.7846405285170341,0.833511454750715,0.2848173418202422,0.3961953459920749,"environment,material,process_history","{""environment"": 3, ""material"": 17, ""process_history"": 1}","Composition, wt.% N:numeric_sparse_0.34;Composition, wt.% C:numeric_sparse_0.45;Composition, wt.% Si:numeric_sparse_0.44;Composition, wt.% Mn:numeric_sparse_0.41;Composition, wt.% Cu:numeric_sparse_0.19;Composition, wt.% P:numeric_sparse_0.23;Composition, wt.% S:numeric_sparse_0.25;Test Solution:high_cardinality;Heat treatment:categorical_sparse_0.54;Microstructures:categorical_sparse_0.28",,,,,,,,,,,,,,,,,,,,,,,step-2000,2000
3,catboost,catboost_regressor,catboost==1.2.10;iterations=1000;depth=6;learning_rate=0.03;l2_leaf_reg=3;thread_count=8,electrochemical_metrics_alloys__pitting_potential__epit_mv_sce_avg,electrochemical_metrics_alloys,Pitting Potential,"Epit, mV (SCE) Avg.",,continuous,0,,median,False,,608,486,122,21,False,0,,,,,epit_pipeline_development_fold_3,0,0,0,0,True,,,normal_corrosion,150.36678957921768,197.1535948556598,0.7171816047883497,0.8101561604970628,0.8491104201638314,0.2898832491430124,0.3800807666168508,"environment,material,process_history","{""environment"": 3, ""material"": 17, ""process_history"": 1}","Composition, wt.% N:numeric_sparse_0.34;Composition, wt.% C:numeric_sparse_0.45;Composition, wt.% Si:numeric_sparse_0.44;Composition, wt.% Mn:numeric_sparse_0.41;Composition, wt.% Cu:numeric_sparse_0.19;Composition, wt.% P:numeric_sparse_0.23;Composition, wt.% S:numeric_sparse_0.25;Test Solution:high_cardinality;Heat treatment:categorical_sparse_0.54;Microstructures:categorical_sparse_0.28",,,,,,,,,,,,,,,,,,,,,,,step-2000,2000
3,generic_baseline,local_tabicl_regressor,/home/fcolanto/projects/tabicl/checkpoints/tabicl_s1_regression_baseline/step-2500.ckpt,electrochemical_metrics_alloys__pitting_potential__epit_mv_sce_avg,electrochemical_metrics_alloys,Pitting Potential,"Epit, mV (SCE) Avg.",,continuous,0,,median,False,,608,486,122,21,False,0,,,,,epit_pipeline_development_fold_3,0,0,0,0,True,,,normal_corrosion,185.7651764065789,258.26395071325913,0.5146826321976612,0.6515299493720335,0.7299690959748637,0.3581257075784947,0.4978918109429245,"environment,material,process_history","{""environment"": 3, ""material"": 17, ""process_history"": 1}","Composition, wt.% N:numeric_sparse_0.34;Composition, wt.% C:numeric_sparse_0.45;Composition, wt.% Si:numeric_sparse_0.44;Composition, wt.% Mn:numeric_sparse_0.41;Composition, wt.% Cu:numeric_sparse_0.19;Composition, wt.% P:numeric_sparse_0.23;Composition, wt.% S:numeric_sparse_0.25;Test Solution:high_cardinality;Heat treatment:categorical_sparse_0.54;Microstructures:categorical_sparse_0.28",,,,,,,,,,,,,,,,,,,,,,,step-2500,2500
3,trial_0025,local_tabicl_regressor,/home/fcolanto/projects/tabicl/checkpoints/epit_pipeline_final_v1/final_epit_pipeline_optuna_fe_ni_v4_trial_0025/step-2500.ckpt,electrochemical_metrics_alloys__pitting_potential__epit_mv_sce_avg,electrochemical_metrics_alloys,Pitting Potential,"Epit, mV (SCE) Avg.",,continuous,0,,median,False,,608,486,122,31,True,0,,,,,epit_pipeline_development_fold_3,0,0,0,0,True,,,normal_corrosion,206.19404133079584,262.9512414012792,0.4969065026559068,0.6591875422779566,0.7119865135363559,0.3975093092175777,0.506928161709762,"environment,material,material_descriptor,process_history","{""environment"": 3, ""material"": 17, ""material_descriptor"": 10, ""process_history"": 1}","Composition, wt.% N:numeric_sparse_0.34;Composition, wt.% C:numeric_sparse_0.45;Composition, wt.% Si:numeric_sparse_0.44;Composition, wt.% Mn:numeric_sparse_0.41;Composition, wt.% Cu:numeric_sparse_0.19;Composition, wt.% P:numeric_sparse_0.23;Composition, wt.% S:numeric_sparse_0.25;Test Solution:high_cardinality;Heat treatment:categorical_sparse_0.54;Microstructures:categorical_sparse_0.28",,,,,,,,,,,,,,,,,,,,,,,step-2500,2500
3,pretrained_tabicl_v2,pretrained_tabicl_regressor,/home/fcolanto/.cache/huggingface/hub/models--jingang--TabICL/snapshots/4dcd344ece2c00be9e831fdd35bed57b5ad83e19/tabicl-regressor-v2-20260212.ckpt,electrochemical_metrics_alloys__pitting_potential__epit_mv_sce_avg,electrochemical_metrics_alloys,Pitting Potential,"Epit, mV (SCE) Avg.",,continuous,0,,median,False,,608,486,122,21,False,0,,,,,epit_pipeline_development_fold_3,0,0,0,0,True,,,normal_corrosion,147.73902746228697,205.5124688962792,0.6926914763250632,0.7846405285170341,0.833511454750715,0.2848173418202422,0.3961953459920749,"environment,material,process_history","{""environment"": 3, ""material"": 17, ""process_history"": 1}","Composition, wt.% N:numeric_sparse_0.34;Composition, wt.% C:numeric_sparse_0.45;Composition, wt.% Si:numeric_sparse_0.44;Composition, wt.% Mn:numeric_sparse_0.41;Composition, wt.% Cu:numeric_sparse_0.19;Composition, wt.% P:numeric_sparse_0.23;Composition, wt.% S:numeric_sparse_0.25;Test Solution:high_cardinality;Heat treatment:categorical_sparse_0.54;Microstructures:categorical_sparse_0.28",,,,,,,,,,,,,,,,,,,,,,,step-2500,2500
3,catboost,catboost_regressor,catboost==1.2.10;iterations=1000;depth=6;learning_rate=0.03;l2_leaf_reg=3;thread_count=8,electrochemical_metrics_alloys__pitting_potential__epit_mv_sce_avg,electrochemical_metrics_alloys,Pitting Potential,"Epit, mV (SCE) Avg.",,continuous,0,,median,False,,608,486,122,21,False,0,,,,,epit_pipeline_development_fold_3,0,0,0,0,True,,,normal_corrosion,150.36678957921768,197.1535948556598,0.7171816047883497,0.8101561604970628,0.8491104201638314,0.2898832491430124,0.3800807666168508,"environment,material,process_history","{""environment"": 3, ""material"": 17, ""process_history"": 1}","Composition, wt.% N:numeric_sparse_0.34;Composition, wt.% C:numeric_sparse_0.45;Composition, wt.% Si:numeric_sparse_0.44;Composition, wt.% Mn:numeric_sparse_0.41;Composition, wt.% Cu:numeric_sparse_0.19;Composition, wt.% P:numeric_sparse_0.23;Composition, wt.% S:numeric_sparse_0.25;Test Solution:high_cardinality;Heat treatment:categorical_sparse_0.54;Microstructures:categorical_sparse_0.28",,,,,,,,,,,,,,,,,,,,,,,step-2500,2500
3,generic_baseline,local_tabicl_regressor,/home/fcolanto/projects/tabicl/checkpoints/tabicl_s1_regression_baseline/step-3000.ckpt,electrochemical_metrics_alloys__pitting_potential__epit_mv_sce_avg,electrochemical_metrics_alloys,Pitting Potential,"Epit, mV (SCE) Avg.",,continuous,0,,median,False,,608,486,122,21,False,0,,,,,epit_pipeline_development_fold_3,0,0,0,0,True,,,normal_corrosion,174.15350694747048,243.64560119878576,0.568067977390268,0.6928981368573341,0.7575696191974126,0.3357402561087889,0.4697099586454715,"environment,material,process_history","{""environment"": 3, ""material"": 17, ""process_history"": 1}","Composition, wt.% N:numeric_sparse_0.34;Composition, wt.% C:numeric_sparse_0.45;Composition, wt.% Si:numeric_sparse_0.44;Composition, wt.% Mn:numeric_sparse_0.41;Composition, wt.% Cu:numeric_sparse_0.19;Composition, wt.% P:numeric_sparse_0.23;Composition, wt.% S:numeric_sparse_0.25;Test Solution:high_cardinality;Heat treatment:categorical_sparse_0.54;Microstructures:categorical_sparse_0.28",,,,,,,,,,,,,,,,,,,,,,,step-3000,3000
3,trial_0025,local_tabicl_regressor,/home/fcolanto/projects/tabicl/checkpoints/epit_pipeline_final_v1/final_epit_pipeline_optuna_fe_ni_v4_trial_0025/step-3000.ckpt,electrochemical_metrics_alloys__pitting_potential__epit_mv_sce_avg,electrochemical_metrics_alloys,Pitting Potential,"Epit, mV (SCE) Avg.",,continuous,0,,median,False,,608,486,122,31,True,0,,,,,epit_pipeline_development_fold_3,0,0,0,0,True,,,normal_corrosion,209.45558842139943,282.17234426889144,0.4206684966463235,0.6314159612730048,0.6686656402752461,0.4037970531436327,0.54398339024106,"environment,material,material_descriptor,process_history","{""environment"": 3, ""material"": 17, ""material_descriptor"": 10, ""process_history"": 1}","Composition, wt.% N:numeric_sparse_0.34;Composition, wt.% C:numeric_sparse_0.45;Composition, wt.% Si:numeric_sparse_0.44;Composition, wt.% Mn:numeric_sparse_0.41;Composition, wt.% Cu:numeric_sparse_0.19;Composition, wt.% P:numeric_sparse_0.23;Composition, wt.% S:numeric_sparse_0.25;Test Solution:high_cardinality;Heat treatment:categorical_sparse_0.54;Microstructures:categorical_sparse_0.28",,,,,,,,,,,,,,,,,,,,,,,step-3000,3000
3,pretrained_tabicl_v2,pretrained_tabicl_regressor,/home/fcolanto/.cache/huggingface/hub/models--jingang--TabICL/snapshots/4dcd344ece2c00be9e831fdd35bed57b5ad83e19/tabicl-regressor-v2-20260212.ckpt,electrochemical_metrics_alloys__pitting_potential__epit_mv_sce_avg,electrochemical_metrics_alloys,Pitting Potential,"Epit, mV (SCE) Avg.",,continuous,0,,median,False,,608,486,122,21,False,0,,,,,epit_pipeline_development_fold_3,0,0,0,0,True,,,normal_corrosion,147.73902746228697,205.5124688962792,0.6926914763250632,0.7846405285170341,0.833511454750715,0.2848173418202422,0.3961953459920749,"environment,material,process_history","{""environment"": 3, ""material"": 17, ""process_history"": 1}","Composition, wt.% N:numeric_sparse_0.34;Composition, wt.% C:numeric_sparse_0.45;Composition, wt.% Si:numeric_sparse_0.44;Composition, wt.% Mn:numeric_sparse_0.41;Composition, wt.% Cu:numeric_sparse_0.19;Composition, wt.% P:numeric_sparse_0.23;Composition, wt.% S:numeric_sparse_0.25;Test Solution:high_cardinality;Heat treatment:categorical_sparse_0.54;Microstructures:categorical_sparse_0.28",,,,,,,,,,,,,,,,,,,,,,,step-3000,3000
3,catboost,catboost_regressor,catboost==1.2.10;iterations=1000;depth=6;learning_rate=0.03;l2_leaf_reg=3;thread_count=8,electrochemical_metrics_alloys__pitting_potential__epit_mv_sce_avg,electrochemical_metrics_alloys,Pitting Potential,"Epit, mV (SCE) Avg.",,continuous,0,,median,False,,608,486,122,21,False,0,,,,,epit_pipeline_development_fold_3,0,0,0,0,True,,,normal_corrosion,150.36678957921768,197.1535948556598,0.7171816047883497,0.8101561604970628,0.8491104201638314,0.2898832491430124,0.3800807666168508,"environment,material,process_history","{""environment"": 3, ""material"": 17, ""process_history"": 1}","Composition, wt.% N:numeric_sparse_0.34;Composition, wt.% C:numeric_sparse_0.45;Composition, wt.% Si:numeric_sparse_0.44;Composition, wt.% Mn:numeric_sparse_0.41;Composition, wt.% Cu:numeric_sparse_0.19;Composition, wt.% P:numeric_sparse_0.23;Composition, wt.% S:numeric_sparse_0.25;Test Solution:high_cardinality;Heat treatment:categorical_sparse_0.54;Microstructures:categorical_sparse_0.28",,,,,,,,,,,,,,,,,,,,,,,step-3000,3000
3,generic_baseline,local_tabicl_regressor,/home/fcolanto/projects/tabicl/checkpoints/tabicl_s1_regression_baseline/step-3500.ckpt,electrochemical_metrics_alloys__pitting_potential__epit_mv_sce_avg,electrochemical_metrics_alloys,Pitting Potential,"Epit, mV (SCE) Avg.",,continuous,0,,median,False,,608,486,122,21,False,0,,,,,epit_pipeline_development_fold_3,0,0,0,0,True,,,normal_corrosion,194.1456028520844,249.07228564207892,0.5486129812045552,0.6986652924986101,0.7581342191809655,0.3742818365616656,0.4801717429457003,"environment,material,process_history","{""environment"": 3, ""material"": 17, ""process_history"": 1}","Composition, wt.% N:numeric_sparse_0.34;Composition, wt.% C:numeric_sparse_0.45;Composition, wt.% Si:numeric_sparse_0.44;Composition, wt.% Mn:numeric_sparse_0.41;Composition, wt.% Cu:numeric_sparse_0.19;Composition, wt.% P:numeric_sparse_0.23;Composition, wt.% S:numeric_sparse_0.25;Test Solution:high_cardinality;Heat treatment:categorical_sparse_0.54;Microstructures:categorical_sparse_0.28",,,,,,,,,,,,,,,,,,,,,,,step-3500,3500
3,trial_0025,local_tabicl_regressor,/home/fcolanto/projects/tabicl/checkpoints/epit_pipeline_final_v1/final_epit_pipeline_optuna_fe_ni_v4_trial_0025/step-3500.ckpt,electrochemical_metrics_alloys__pitting_potential__epit_mv_sce_avg,electrochemical_metrics_alloys,Pitting Potential,"Epit, mV (SCE) Avg.",,continuous,0,,median,False,,608,486,122,31,True,0,,,,,epit_pipeline_development_fold_3,0,0,0,0,True,,,normal_corrosion,198.5184893947329,261.874576670344,0.5010179424136803,0.6912423517706412,0.7197119173879856,0.3827120661533461,0.504852523390193,"environment,material,material_descriptor,process_history","{""environment"": 3, ""material"": 17, ""material_descriptor"": 10, ""process_history"": 1}","Composition, wt.% N:numeric_sparse_0.34;Composition, wt.% C:numeric_sparse_0.45;Composition, wt.% Si:numeric_sparse_0.44;Composition, wt.% Mn:numeric_sparse_0.41;Composition, wt.% Cu:numeric_sparse_0.19;Composition, wt.% P:numeric_sparse_0.23;Composition, wt.% S:numeric_sparse_0.25;Test Solution:high_cardinality;Heat treatment:categorical_sparse_0.54;Microstructures:categorical_sparse_0.28",,,,,,,,,,,,,,,,,,,,,,,step-3500,3500
3,pretrained_tabicl_v2,pretrained_tabicl_regressor,/home/fcolanto/.cache/huggingface/hub/models--jingang--TabICL/snapshots/4dcd344ece2c00be9e831fdd35bed57b5ad83e19/tabicl-regressor-v2-20260212.ckpt,electrochemical_metrics_alloys__pitting_potential__epit_mv_sce_avg,electrochemical_metrics_alloys,Pitting Potential,"Epit, mV (SCE) Avg.",,continuous,0,,median,False,,608,486,122,21,False,0,,,,,epit_pipeline_development_fold_3,0,0,0,0,True,,,normal_corrosion,147.73902746228697,205.5124688962792,0.6926914763250632,0.7846405285170341,0.833511454750715,0.2848173418202422,0.3961953459920749,"environment,material,process_history","{""environment"": 3, ""material"": 17, ""process_history"": 1}","Composition, wt.% N:numeric_sparse_0.34;Composition, wt.% C:numeric_sparse_0.45;Composition, wt.% Si:numeric_sparse_0.44;Composition, wt.% Mn:numeric_sparse_0.41;Composition, wt.% Cu:numeric_sparse_0.19;Composition, wt.% P:numeric_sparse_0.23;Composition, wt.% S:numeric_sparse_0.25;Test Solution:high_cardinality;Heat treatment:categorical_sparse_0.54;Microstructures:categorical_sparse_0.28",,,,,,,,,,,,,,,,,,,,,,,step-3500,3500
3,catboost,catboost_regressor,catboost==1.2.10;iterations=1000;depth=6;learning_rate=0.03;l2_leaf_reg=3;thread_count=8,electrochemical_metrics_alloys__pitting_potential__epit_mv_sce_avg,electrochemical_metrics_alloys,Pitting Potential,"Epit, mV (SCE) Avg.",,continuous,0,,median,False,,608,486,122,21,False,0,,,,,epit_pipeline_development_fold_3,0,0,0,0,True,,,normal_corrosion,150.36678957921768,197.1535948556598,0.7171816047883497,0.8101561604970628,0.8491104201638314,0.2898832491430124,0.3800807666168508,"environment,material,process_history","{""environment"": 3, ""material"": 17, ""process_history"": 1}","Composition, wt.% N:numeric_sparse_0.34;Composition, wt.% C:numeric_sparse_0.45;Composition, wt.% Si:numeric_sparse_0.44;Composition, wt.% Mn:numeric_sparse_0.41;Composition, wt.% Cu:numeric_sparse_0.19;Composition, wt.% P:numeric_sparse_0.23;Composition, wt.% S:numeric_sparse_0.25;Test Solution:high_cardinality;Heat treatment:categorical_sparse_0.54;Microstructures:categorical_sparse_0.28",,,,,,,,,,,,,,,,,,,,,,,step-3500,3500
3,generic_baseline,local_tabicl_regressor,/home/fcolanto/projects/tabicl/checkpoints/tabicl_s1_regression_baseline/step-4000.ckpt,electrochemical_metrics_alloys__pitting_potential__epit_mv_sce_avg,electrochemical_metrics_alloys,Pitting Potential,"Epit, mV (SCE) Avg.",,continuous,0,,median,False,,608,486,122,21,False,0,,,,,epit_pipeline_development_fold_3,0,0,0,0,True,,,normal_corrosion,179.15598381164426,242.41229817293103,0.5724296800457604,0.690614409322594,0.7662737422582899,0.3453842356817216,0.4673323466121686,"environment,material,process_history","{""environment"": 3, ""material"": 17, ""process_history"": 1}","Composition, wt.% N:numeric_sparse_0.34;Composition, wt.% C:numeric_sparse_0.45;Composition, wt.% Si:numeric_sparse_0.44;Composition, wt.% Mn:numeric_sparse_0.41;Composition, wt.% Cu:numeric_sparse_0.19;Composition, wt.% P:numeric_sparse_0.23;Composition, wt.% S:numeric_sparse_0.25;Test Solution:high_cardinality;Heat treatment:categorical_sparse_0.54;Microstructures:categorical_sparse_0.28",,,,,,,,,,,,,,,,,,,,,,,step-4000,4000
3,trial_0025,local_tabicl_regressor,/home/fcolanto/projects/tabicl/checkpoints/epit_pipeline_final_v1/final_epit_pipeline_optuna_fe_ni_v4_trial_0025/step-4000.ckpt,electrochemical_metrics_alloys__pitting_potential__epit_mv_sce_avg,electrochemical_metrics_alloys,Pitting Potential,"Epit, mV (SCE) Avg.",,continuous,0,,median,False,,608,486,122,31,True,0,,,,,epit_pipeline_development_fold_3,0,0,0,0,True,,,normal_corrosion,195.04685468879003,256.586697671887,0.5209657919945839,0.6730452406182832,0.7297177919404301,0.376019306726796,0.4946583339056842,"environment,material,material_descriptor,process_history","{""environment"": 3, ""material"": 17, ""material_descriptor"": 10, ""process_history"": 1}","Composition, wt.% N:numeric_sparse_0.34;Composition, wt.% C:numeric_sparse_0.45;Composition, wt.% Si:numeric_sparse_0.44;Composition, wt.% Mn:numeric_sparse_0.41;Composition, wt.% Cu:numeric_sparse_0.19;Composition, wt.% P:numeric_sparse_0.23;Composition, wt.% S:numeric_sparse_0.25;Test Solution:high_cardinality;Heat treatment:categorical_sparse_0.54;Microstructures:categorical_sparse_0.28",,,,,,,,,,,,,,,,,,,,,,,step-4000,4000
3,pretrained_tabicl_v2,pretrained_tabicl_regressor,/home/fcolanto/.cache/huggingface/hub/models--jingang--TabICL/snapshots/4dcd344ece2c00be9e831fdd35bed57b5ad83e19/tabicl-regressor-v2-20260212.ckpt,electrochemical_metrics_alloys__pitting_potential__epit_mv_sce_avg,electrochemical_metrics_alloys,Pitting Potential,"Epit, mV (SCE) Avg.",,continuous,0,,median,False,,608,486,122,21,False,0,,,,,epit_pipeline_development_fold_3,0,0,0,0,True,,,normal_corrosion,147.73902746228697,205.5124688962792,0.6926914763250632,0.7846405285170341,0.833511454750715,0.2848173418202422,0.3961953459920749,"environment,material,process_history","{""environment"": 3, ""material"": 17, ""process_history"": 1}","Composition, wt.% N:numeric_sparse_0.34;Composition, wt.% C:numeric_sparse_0.45;Composition, wt.% Si:numeric_sparse_0.44;Composition, wt.% Mn:numeric_sparse_0.41;Composition, wt.% Cu:numeric_sparse_0.19;Composition, wt.% P:numeric_sparse_0.23;Composition, wt.% S:numeric_sparse_0.25;Test Solution:high_cardinality;Heat treatment:categorical_sparse_0.54;Microstructures:categorical_sparse_0.28",,,,,,,,,,,,,,,,,,,,,,,step-4000,4000
3,catboost,catboost_regressor,catboost==1.2.10;iterations=1000;depth=6;learning_rate=0.03;l2_leaf_reg=3;thread_count=8,electrochemical_metrics_alloys__pitting_potential__epit_mv_sce_avg,electrochemical_metrics_alloys,Pitting Potential,"Epit, mV (SCE) Avg.",,continuous,0,,median,False,,608,486,122,21,False,0,,,,,epit_pipeline_development_fold_3,0,0,0,0,True,,,normal_corrosion,150.36678957921768,197.1535948556598,0.7171816047883497,0.8101561604970628,0.8491104201638314,0.2898832491430124,0.3800807666168508,"environment,material,process_history","{""environment"": 3, ""material"": 17, ""process_history"": 1}","Composition, wt.% N:numeric_sparse_0.34;Composition, wt.% C:numeric_sparse_0.45;Composition, wt.% Si:numeric_sparse_0.44;Composition, wt.% Mn:numeric_sparse_0.41;Composition, wt.% Cu:numeric_sparse_0.19;Composition, wt.% P:numeric_sparse_0.23;Composition, wt.% S:numeric_sparse_0.25;Test Solution:high_cardinality;Heat treatment:categorical_sparse_0.54;Microstructures:categorical_sparse_0.28",,,,,,,,,,,,,,,,,,,,,,,step-4000,4000
3,generic_baseline,local_tabicl_regressor,/home/fcolanto/projects/tabicl/checkpoints/tabicl_s1_regression_baseline/step-4500.ckpt,electrochemical_metrics_alloys__pitting_potential__epit_mv_sce_avg,electrochemical_metrics_alloys,Pitting Potential,"Epit, mV (SCE) Avg.",,continuous,0,,median,False,,608,486,122,21,False,0,,,,,epit_pipeline_development_fold_3,0,0,0,0,True,,,normal_corrosion,191.0670828571945,246.4063705129169,0.5582240021415679,0.6896691906902704,0.7518734286885377,0.3683469397592019,0.4750322826849367,"environment,material,process_history","{""environment"": 3, ""material"": 17, ""process_history"": 1}","Composition, wt.% N:numeric_sparse_0.34;Composition, wt.% C:numeric_sparse_0.45;Composition, wt.% Si:numeric_sparse_0.44;Composition, wt.% Mn:numeric_sparse_0.41;Composition, wt.% Cu:numeric_sparse_0.19;Composition, wt.% P:numeric_sparse_0.23;Composition, wt.% S:numeric_sparse_0.25;Test Solution:high_cardinality;Heat treatment:categorical_sparse_0.54;Microstructures:categorical_sparse_0.28",,,,,,,,,,,,,,,,,,,,,,,step-4500,4500
3,trial_0025,local_tabicl_regressor,/home/fcolanto/projects/tabicl/checkpoints/epit_pipeline_final_v1/final_epit_pipeline_optuna_fe_ni_v4_trial_0025/step-4500.ckpt,electrochemical_metrics_alloys__pitting_potential__epit_mv_sce_avg,electrochemical_metrics_alloys,Pitting Potential,"Epit, mV (SCE) Avg.",,continuous,0,,median,False,,608,486,122,31,True,0,,,,,epit_pipeline_development_fold_3,0,0,0,0,True,,,normal_corrosion,208.68766416709155,266.99526488514965,0.4813129900646238,0.6657247536581536,0.6992478066981457,0.4023166173468889,0.5147243956414401,"environment,material,material_descriptor,process_history","{""environment"": 3, ""material"": 17, ""material_descriptor"": 10, ""process_history"": 1}","Composition, wt.% N:numeric_sparse_0.34;Composition, wt.% C:numeric_sparse_0.45;Composition, wt.% Si:numeric_sparse_0.44;Composition, wt.% Mn:numeric_sparse_0.41;Composition, wt.% Cu:numeric_sparse_0.19;Composition, wt.% P:numeric_sparse_0.23;Composition, wt.% S:numeric_sparse_0.25;Test Solution:high_cardinality;Heat treatment:categorical_sparse_0.54;Microstructures:categorical_sparse_0.28",,,,,,,,,,,,,,,,,,,,,,,step-4500,4500
3,pretrained_tabicl_v2,pretrained_tabicl_regressor,/home/fcolanto/.cache/huggingface/hub/models--jingang--TabICL/snapshots/4dcd344ece2c00be9e831fdd35bed57b5ad83e19/tabicl-regressor-v2-20260212.ckpt,electrochemical_metrics_alloys__pitting_potential__epit_mv_sce_avg,electrochemical_metrics_alloys,Pitting Potential,"Epit, mV (SCE) Avg.",,continuous,0,,median,False,,608,486,122,21,False,0,,,,,epit_pipeline_development_fold_3,0,0,0,0,True,,,normal_corrosion,147.73902746228697,205.5124688962792,0.6926914763250632,0.7846405285170341,0.833511454750715,0.2848173418202422,0.3961953459920749,"environment,material,process_history","{""environment"": 3, ""material"": 17, ""process_history"": 1}","Composition, wt.% N:numeric_sparse_0.34;Composition, wt.% C:numeric_sparse_0.45;Composition, wt.% Si:numeric_sparse_0.44;Composition, wt.% Mn:numeric_sparse_0.41;Composition, wt.% Cu:numeric_sparse_0.19;Composition, wt.% P:numeric_sparse_0.23;Composition, wt.% S:numeric_sparse_0.25;Test Solution:high_cardinality;Heat treatment:categorical_sparse_0.54;Microstructures:categorical_sparse_0.28",,,,,,,,,,,,,,,,,,,,,,,step-4500,4500
3,catboost,catboost_regressor,catboost==1.2.10;iterations=1000;depth=6;learning_rate=0.03;l2_leaf_reg=3;thread_count=8,electrochemical_metrics_alloys__pitting_potential__epit_mv_sce_avg,electrochemical_metrics_alloys,Pitting Potential,"Epit, mV (SCE) Avg.",,continuous,0,,median,False,,608,486,122,21,False,0,,,,,epit_pipeline_development_fold_3,0,0,0,0,True,,,normal_corrosion,150.36678957921768,197.1535948556598,0.7171816047883497,0.8101561604970628,0.8491104201638314,0.2898832491430124,0.3800807666168508,"environment,material,process_history","{""environment"": 3, ""material"": 17, ""process_history"": 1}","Composition, wt.% N:numeric_sparse_0.34;Composition, wt.% C:numeric_sparse_0.45;Composition, wt.% Si:numeric_sparse_0.44;Composition, wt.% Mn:numeric_sparse_0.41;Composition, wt.% Cu:numeric_sparse_0.19;Composition, wt.% P:numeric_sparse_0.23;Composition, wt.% S:numeric_sparse_0.25;Test Solution:high_cardinality;Heat treatment:categorical_sparse_0.54;Microstructures:categorical_sparse_0.28",,,,,,,,,,,,,,,,,,,,,,,step-4500,4500
3,generic_baseline,local_tabicl_regressor,/home/fcolanto/projects/tabicl/checkpoints/tabicl_s1_regression_baseline/step-5000.ckpt,electrochemical_metrics_alloys__pitting_potential__epit_mv_sce_avg,electrochemical_metrics_alloys,Pitting Potential,"Epit, mV (SCE) Avg.",,continuous,0,,median,False,,608,486,122,21,False,0,,,,,epit_pipeline_development_fold_3,0,0,0,0,True,,,normal_corrosion,191.0002894015369,236.03265231626747,0.5946385673061174,0.7256569028838822,0.7890874150525853,0.3682181726025599,0.45503340430924,"environment,material,process_history","{""environment"": 3, ""material"": 17, ""process_history"": 1}","Composition, wt.% N:numeric_sparse_0.34;Composition, wt.% C:numeric_sparse_0.45;Composition, wt.% Si:numeric_sparse_0.44;Composition, wt.% Mn:numeric_sparse_0.41;Composition, wt.% Cu:numeric_sparse_0.19;Composition, wt.% P:numeric_sparse_0.23;Composition, wt.% S:numeric_sparse_0.25;Test Solution:high_cardinality;Heat treatment:categorical_sparse_0.54;Microstructures:categorical_sparse_0.28",,,,,,,,,,,,,,,,,,,,,,,step-5000,5000
3,trial_0025,local_tabicl_regressor,/home/fcolanto/projects/tabicl/checkpoints/epit_pipeline_final_v1/final_epit_pipeline_optuna_fe_ni_v4_trial_0025/step-5000.ckpt,electrochemical_metrics_alloys__pitting_potential__epit_mv_sce_avg,electrochemical_metrics_alloys,Pitting Potential,"Epit, mV (SCE) Avg.",,continuous,0,,median,False,,608,486,122,31,True,0,,,,,epit_pipeline_development_fold_3,0,0,0,0,True,,,normal_corrosion,198.13312144093928,260.3937247490689,0.5066452875704426,0.6945539219440271,0.7242409213830024,0.3819691380448594,0.5019976764679427,"environment,material,material_descriptor,process_history","{""environment"": 3, ""material"": 17, ""material_descriptor"": 10, ""process_history"": 1}","Composition, wt.% N:numeric_sparse_0.34;Composition, wt.% C:numeric_sparse_0.45;Composition, wt.% Si:numeric_sparse_0.44;Composition, wt.% Mn:numeric_sparse_0.41;Composition, wt.% Cu:numeric_sparse_0.19;Composition, wt.% P:numeric_sparse_0.23;Composition, wt.% S:numeric_sparse_0.25;Test Solution:high_cardinality;Heat treatment:categorical_sparse_0.54;Microstructures:categorical_sparse_0.28",,,,,,,,,,,,,,,,,,,,,,,step-5000,5000
3,pretrained_tabicl_v2,pretrained_tabicl_regressor,/home/fcolanto/.cache/huggingface/hub/models--jingang--TabICL/snapshots/4dcd344ece2c00be9e831fdd35bed57b5ad83e19/tabicl-regressor-v2-20260212.ckpt,electrochemical_metrics_alloys__pitting_potential__epit_mv_sce_avg,electrochemical_metrics_alloys,Pitting Potential,"Epit, mV (SCE) Avg.",,continuous,0,,median,False,,608,486,122,21,False,0,,,,,epit_pipeline_development_fold_3,0,0,0,0,True,,,normal_corrosion,147.73902746228697,205.5124688962792,0.6926914763250632,0.7846405285170341,0.833511454750715,0.2848173418202422,0.3961953459920749,"environment,material,process_history","{""environment"": 3, ""material"": 17, ""process_history"": 1}","Composition, wt.% N:numeric_sparse_0.34;Composition, wt.% C:numeric_sparse_0.45;Composition, wt.% Si:numeric_sparse_0.44;Composition, wt.% Mn:numeric_sparse_0.41;Composition, wt.% Cu:numeric_sparse_0.19;Composition, wt.% P:numeric_sparse_0.23;Composition, wt.% S:numeric_sparse_0.25;Test Solution:high_cardinality;Heat treatment:categorical_sparse_0.54;Microstructures:categorical_sparse_0.28",,,,,,,,,,,,,,,,,,,,,,,step-5000,5000
3,catboost,catboost_regressor,catboost==1.2.10;iterations=1000;depth=6;learning_rate=0.03;l2_leaf_reg=3;thread_count=8,electrochemical_metrics_alloys__pitting_potential__epit_mv_sce_avg,electrochemical_metrics_alloys,Pitting Potential,"Epit, mV (SCE) Avg.",,continuous,0,,median,False,,608,486,122,21,False,0,,,,,epit_pipeline_development_fold_3,0,0,0,0,True,,,normal_corrosion,150.36678957921768,197.1535948556598,0.7171816047883497,0.8101561604970628,0.8491104201638314,0.2898832491430124,0.3800807666168508,"environment,material,process_history","{""environment"": 3, ""material"": 17, ""process_history"": 1}","Composition, wt.% N:numeric_sparse_0.34;Composition, wt.% C:numeric_sparse_0.45;Composition, wt.% Si:numeric_sparse_0.44;Composition, wt.% Mn:numeric_sparse_0.41;Composition, wt.% Cu:numeric_sparse_0.19;Composition, wt.% P:numeric_sparse_0.23;Composition, wt.% S:numeric_sparse_0.25;Test Solution:high_cardinality;Heat treatment:categorical_sparse_0.54;Microstructures:categorical_sparse_0.28",,,,,,,,,,,,,,,,,,,,,,,step-5000,5000
3,generic_baseline,local_tabicl_regressor,/home/fcolanto/projects/tabicl/checkpoints/tabicl_s1_regression_baseline/step-5500.ckpt,electrochemical_metrics_alloys__pitting_potential__epit_mv_sce_avg,electrochemical_metrics_alloys,Pitting Potential,"Epit, mV (SCE) Avg.",,continuous,0,,median,False,,608,486,122,21,False,0,,,,,epit_pipeline_development_fold_3,0,0,0,0,True,,,normal_corrosion,178.67315456449788,238.398260723893,0.586472478714269,0.7021751602871689,0.7750948500275057,0.3444534177043229,0.459593920985306,"environment,material,process_history","{""environment"": 3, ""material"": 17, ""process_history"": 1}","Composition, wt.% N:numeric_sparse_0.34;Composition, wt.% C:numeric_sparse_0.45;Composition, wt.% Si:numeric_sparse_0.44;Composition, wt.% Mn:numeric_sparse_0.41;Composition, wt.% Cu:numeric_sparse_0.19;Composition, wt.% P:numeric_sparse_0.23;Composition, wt.% S:numeric_sparse_0.25;Test Solution:high_cardinality;Heat treatment:categorical_sparse_0.54;Microstructures:categorical_sparse_0.28",,,,,,,,,,,,,,,,,,,,,,,step-5500,5500
3,trial_0025,local_tabicl_regressor,/home/fcolanto/projects/tabicl/checkpoints/epit_pipeline_final_v1/final_epit_pipeline_optuna_fe_ni_v4_trial_0025/step-5500.ckpt,electrochemical_metrics_alloys__pitting_potential__epit_mv_sce_avg,electrochemical_metrics_alloys,Pitting Potential,"Epit, mV (SCE) Avg.",,continuous,0,,median,False,,608,486,122,31,True,0,,,,,epit_pipeline_development_fold_3,0,0,0,0,True,,,normal_corrosion,207.03607741562269,266.3256565021962,0.4839114005243624,0.6647266556617839,0.6969743714253848,0.3991326208334493,0.513433497204045,"environment,material,material_descriptor,process_history","{""environment"": 3, ""material"": 17, ""material_descriptor"": 10, ""process_history"": 1}","Composition, wt.% N:numeric_sparse_0.34;Composition, wt.% C:numeric_sparse_0.45;Composition, wt.% Si:numeric_sparse_0.44;Composition, wt.% Mn:numeric_sparse_0.41;Composition, wt.% Cu:numeric_sparse_0.19;Composition, wt.% P:numeric_sparse_0.23;Composition, wt.% S:numeric_sparse_0.25;Test Solution:high_cardinality;Heat treatment:categorical_sparse_0.54;Microstructures:categorical_sparse_0.28",,,,,,,,,,,,,,,,,,,,,,,step-5500,5500
3,pretrained_tabicl_v2,pretrained_tabicl_regressor,/home/fcolanto/.cache/huggingface/hub/models--jingang--TabICL/snapshots/4dcd344ece2c00be9e831fdd35bed57b5ad83e19/tabicl-regressor-v2-20260212.ckpt,electrochemical_metrics_alloys__pitting_potential__epit_mv_sce_avg,electrochemical_metrics_alloys,Pitting Potential,"Epit, mV (SCE) Avg.",,continuous,0,,median,False,,608,486,122,21,False,0,,,,,epit_pipeline_development_fold_3,0,0,0,0,True,,,normal_corrosion,147.73902746228697,205.5124688962792,0.6926914763250632,0.7846405285170341,0.833511454750715,0.2848173418202422,0.3961953459920749,"environment,material,process_history","{""environment"": 3, ""material"": 17, ""process_history"": 1}","Composition, wt.% N:numeric_sparse_0.34;Composition, wt.% C:numeric_sparse_0.45;Composition, wt.% Si:numeric_sparse_0.44;Composition, wt.% Mn:numeric_sparse_0.41;Composition, wt.% Cu:numeric_sparse_0.19;Composition, wt.% P:numeric_sparse_0.23;Composition, wt.% S:numeric_sparse_0.25;Test Solution:high_cardinality;Heat treatment:categorical_sparse_0.54;Microstructures:categorical_sparse_0.28",,,,,,,,,,,,,,,,,,,,,,,step-5500,5500
3,catboost,catboost_regressor,catboost==1.2.10;iterations=1000;depth=6;learning_rate=0.03;l2_leaf_reg=3;thread_count=8,electrochemical_metrics_alloys__pitting_potential__epit_mv_sce_avg,electrochemical_metrics_alloys,Pitting Potential,"Epit, mV (SCE) Avg.",,continuous,0,,median,False,,608,486,122,21,False,0,,,,,epit_pipeline_development_fold_3,0,0,0,0,True,,,normal_corrosion,150.36678957921768,197.1535948556598,0.7171816047883497,0.8101561604970628,0.8491104201638314,0.2898832491430124,0.3800807666168508,"environment,material,process_history","{""environment"": 3, ""material"": 17, ""process_history"": 1}","Composition, wt.% N:numeric_sparse_0.34;Composition, wt.% C:numeric_sparse_0.45;Composition, wt.% Si:numeric_sparse_0.44;Composition, wt.% Mn:numeric_sparse_0.41;Composition, wt.% Cu:numeric_sparse_0.19;Composition, wt.% P:numeric_sparse_0.23;Composition, wt.% S:numeric_sparse_0.25;Test Solution:high_cardinality;Heat treatment:categorical_sparse_0.54;Microstructures:categorical_sparse_0.28",,,,,,,,,,,,,,,,,,,,,,,step-5500,5500
3,generic_baseline,local_tabicl_regressor,/home/fcolanto/projects/tabicl/checkpoints/tabicl_s1_regression_baseline/step-6000.ckpt,electrochemical_metrics_alloys__pitting_potential__epit_mv_sce_avg,electrochemical_metrics_alloys,Pitting Potential,"Epit, mV (SCE) Avg.",,continuous,0,,median,False,,608,486,122,21,False,0,,,,,epit_pipeline_development_fold_3,0,0,0,0,True,,,normal_corrosion,177.10859040053944,241.232235506011,0.5765823709594342,0.7024395571073991,0.7680281793260689,0.3414371868955774,0.4650573735211262,"environment,material,process_history","{""environment"": 3, ""material"": 17, ""process_history"": 1}","Composition, wt.% N:numeric_sparse_0.34;Composition, wt.% C:numeric_sparse_0.45;Composition, wt.% Si:numeric_sparse_0.44;Composition, wt.% Mn:numeric_sparse_0.41;Composition, wt.% Cu:numeric_sparse_0.19;Composition, wt.% P:numeric_sparse_0.23;Composition, wt.% S:numeric_sparse_0.25;Test Solution:high_cardinality;Heat treatment:categorical_sparse_0.54;Microstructures:categorical_sparse_0.28",,,,,,,,,,,,,,,,,,,,,,,step-6000,6000
3,trial_0025,local_tabicl_regressor,/home/fcolanto/projects/tabicl/checkpoints/epit_pipeline_final_v1/final_epit_pipeline_optuna_fe_ni_v4_trial_0025/step-6000.ckpt,electrochemical_metrics_alloys__pitting_potential__epit_mv_sce_avg,electrochemical_metrics_alloys,Pitting Potential,"Epit, mV (SCE) Avg.",,continuous,0,,median,False,,608,486,122,31,True,0,,,,,epit_pipeline_development_fold_3,0,0,0,0,True,,,normal_corrosion,215.176546638395,270.87124117649927,0.4661440978388705,0.6755173508874375,0.6836209118039216,0.4148261504648892,0.5221966613197985,"environment,material,material_descriptor,process_history","{""environment"": 3, ""material"": 17, ""material_descriptor"": 10, ""process_history"": 1}","Composition, wt.% N:numeric_sparse_0.34;Composition, wt.% C:numeric_sparse_0.45;Composition, wt.% Si:numeric_sparse_0.44;Composition, wt.% Mn:numeric_sparse_0.41;Composition, wt.% Cu:numeric_sparse_0.19;Composition, wt.% P:numeric_sparse_0.23;Composition, wt.% S:numeric_sparse_0.25;Test Solution:high_cardinality;Heat treatment:categorical_sparse_0.54;Microstructures:categorical_sparse_0.28",,,,,,,,,,,,,,,,,,,,,,,step-6000,6000
3,pretrained_tabicl_v2,pretrained_tabicl_regressor,/home/fcolanto/.cache/huggingface/hub/models--jingang--TabICL/snapshots/4dcd344ece2c00be9e831fdd35bed57b5ad83e19/tabicl-regressor-v2-20260212.ckpt,electrochemical_metrics_alloys__pitting_potential__epit_mv_sce_avg,electrochemical_metrics_alloys,Pitting Potential,"Epit, mV (SCE) Avg.",,continuous,0,,median,False,,608,486,122,21,False,0,,,,,epit_pipeline_development_fold_3,0,0,0,0,True,,,normal_corrosion,147.73902746228697,205.5124688962792,0.6926914763250632,0.7846405285170341,0.833511454750715,0.2848173418202422,0.3961953459920749,"environment,material,process_history","{""environment"": 3, ""material"": 17, ""process_history"": 1}","Composition, wt.% N:numeric_sparse_0.34;Composition, wt.% C:numeric_sparse_0.45;Composition, wt.% Si:numeric_sparse_0.44;Composition, wt.% Mn:numeric_sparse_0.41;Composition, wt.% Cu:numeric_sparse_0.19;Composition, wt.% P:numeric_sparse_0.23;Composition, wt.% S:numeric_sparse_0.25;Test Solution:high_cardinality;Heat treatment:categorical_sparse_0.54;Microstructures:categorical_sparse_0.28",,,,,,,,,,,,,,,,,,,,,,,step-6000,6000
3,catboost,catboost_regressor,catboost==1.2.10;iterations=1000;depth=6;learning_rate=0.03;l2_leaf_reg=3;thread_count=8,electrochemical_metrics_alloys__pitting_potential__epit_mv_sce_avg,electrochemical_metrics_alloys,Pitting Potential,"Epit, mV (SCE) Avg.",,continuous,0,,median,False,,608,486,122,21,False,0,,,,,epit_pipeline_development_fold_3,0,0,0,0,True,,,normal_corrosion,150.36678957921768,197.1535948556598,0.7171816047883497,0.8101561604970628,0.8491104201638314,0.2898832491430124,0.3800807666168508,"environment,material,process_history","{""environment"": 3, ""material"": 17, ""process_history"": 1}","Composition, wt.% N:numeric_sparse_0.34;Composition, wt.% C:numeric_sparse_0.45;Composition, wt.% Si:numeric_sparse_0.44;Composition, wt.% Mn:numeric_sparse_0.41;Composition, wt.% Cu:numeric_sparse_0.19;Composition, wt.% P:numeric_sparse_0.23;Composition, wt.% S:numeric_sparse_0.25;Test Solution:high_cardinality;Heat treatment:categorical_sparse_0.54;Microstructures:categorical_sparse_0.28",,,,,,,,,,,,,,,,,,,,,,,step-6000,6000
3,generic_baseline,local_tabicl_regressor,/home/fcolanto/projects/tabicl/checkpoints/tabicl_s1_regression_baseline/step-6500.ckpt,electrochemical_metrics_alloys__pitting_potential__epit_mv_sce_avg,electrochemical_metrics_alloys,Pitting Potential,"Epit, mV (SCE) Avg.",,continuous,0,,median,False,,608,486,122,21,False,0,,,,,epit_pipeline_development_fold_3,0,0,0,0,True,,,normal_corrosion,173.0233671869684,231.251004858231,0.6108961659756723,0.7105598444487257,0.7837483654771129,0.3335615264393133,0.4458151487005986,"environment,material,process_history","{""environment"": 3, ""material"": 17, ""process_history"": 1}","Composition, wt.% N:numeric_sparse_0.34;Composition, wt.% C:numeric_sparse_0.45;Composition, wt.% Si:numeric_sparse_0.44;Composition, wt.% Mn:numeric_sparse_0.41;Composition, wt.% Cu:numeric_sparse_0.19;Composition, wt.% P:numeric_sparse_0.23;Composition, wt.% S:numeric_sparse_0.25;Test Solution:high_cardinality;Heat treatment:categorical_sparse_0.54;Microstructures:categorical_sparse_0.28",,,,,,,,,,,,,,,,,,,,,,,step-6500,6500
3,trial_0025,local_tabicl_regressor,/home/fcolanto/projects/tabicl/checkpoints/epit_pipeline_final_v1/final_epit_pipeline_optuna_fe_ni_v4_trial_0025/step-6500.ckpt,electrochemical_metrics_alloys__pitting_potential__epit_mv_sce_avg,electrochemical_metrics_alloys,Pitting Potential,"Epit, mV (SCE) Avg.",,continuous,0,,median,False,,608,486,122,31,True,0,,,,,epit_pipeline_development_fold_3,0,0,0,0,True,,,normal_corrosion,206.593753459524,263.6941534550222,0.4940597223757306,0.6949769568563958,0.7051430750599134,0.3982798906133888,0.5083603779628934,"environment,material,material_descriptor,process_history","{""environment"": 3, ""material"": 17, ""material_descriptor"": 10, ""process_history"": 1}","Composition, wt.% N:numeric_sparse_0.34;Composition, wt.% C:numeric_sparse_0.45;Composition, wt.% Si:numeric_sparse_0.44;Composition, wt.% Mn:numeric_sparse_0.41;Composition, wt.% Cu:numeric_sparse_0.19;Composition, wt.% P:numeric_sparse_0.23;Composition, wt.% S:numeric_sparse_0.25;Test Solution:high_cardinality;Heat treatment:categorical_sparse_0.54;Microstructures:categorical_sparse_0.28",,,,,,,,,,,,,,,,,,,,,,,step-6500,6500
3,pretrained_tabicl_v2,pretrained_tabicl_regressor,/home/fcolanto/.cache/huggingface/hub/models--jingang--TabICL/snapshots/4dcd344ece2c00be9e831fdd35bed57b5ad83e19/tabicl-regressor-v2-20260212.ckpt,electrochemical_metrics_alloys__pitting_potential__epit_mv_sce_avg,electrochemical_metrics_alloys,Pitting Potential,"Epit, mV (SCE) Avg.",,continuous,0,,median,False,,608,486,122,21,False,0,,,,,epit_pipeline_development_fold_3,0,0,0,0,True,,,normal_corrosion,147.73902746228697,205.5124688962792,0.6926914763250632,0.7846405285170341,0.833511454750715,0.2848173418202422,0.3961953459920749,"environment,material,process_history","{""environment"": 3, ""material"": 17, ""process_history"": 1}","Composition, wt.% N:numeric_sparse_0.34;Composition, wt.% C:numeric_sparse_0.45;Composition, wt.% Si:numeric_sparse_0.44;Composition, wt.% Mn:numeric_sparse_0.41;Composition, wt.% Cu:numeric_sparse_0.19;Composition, wt.% P:numeric_sparse_0.23;Composition, wt.% S:numeric_sparse_0.25;Test Solution:high_cardinality;Heat treatment:categorical_sparse_0.54;Microstructures:categorical_sparse_0.28",,,,,,,,,,,,,,,,,,,,,,,step-6500,6500
3,catboost,catboost_regressor,catboost==1.2.10;iterations=1000;depth=6;learning_rate=0.03;l2_leaf_reg=3;thread_count=8,electrochemical_metrics_alloys__pitting_potential__epit_mv_sce_avg,electrochemical_metrics_alloys,Pitting Potential,"Epit, mV (SCE) Avg.",,continuous,0,,median,False,,608,486,122,21,False,0,,,,,epit_pipeline_development_fold_3,0,0,0,0,True,,,normal_corrosion,150.36678957921768,197.1535948556598,0.7171816047883497,0.8101561604970628,0.8491104201638314,0.2898832491430124,0.3800807666168508,"environment,material,process_history","{""environment"": 3, ""material"": 17, ""process_history"": 1}","Composition, wt.% N:numeric_sparse_0.34;Composition, wt.% C:numeric_sparse_0.45;Composition, wt.% Si:numeric_sparse_0.44;Composition, wt.% Mn:numeric_sparse_0.41;Composition, wt.% Cu:numeric_sparse_0.19;Composition, wt.% P:numeric_sparse_0.23;Composition, wt.% S:numeric_sparse_0.25;Test Solution:high_cardinality;Heat treatment:categorical_sparse_0.54;Microstructures:categorical_sparse_0.28",,,,,,,,,,,,,,,,,,,,,,,step-6500,6500
3,generic_baseline,local_tabicl_regressor,/home/fcolanto/projects/tabicl/checkpoints/tabicl_s1_regression_baseline/step-7000.ckpt,electrochemical_metrics_alloys__pitting_potential__epit_mv_sce_avg,electrochemical_metrics_alloys,Pitting Potential,"Epit, mV (SCE) Avg.",,continuous,0,,median,False,,608,486,122,21,False,0,,,,,epit_pipeline_development_fold_3,0,0,0,0,True,,,normal_corrosion,169.3817179470062,227.36573664222703,0.6238610657154188,0.7309514492089962,0.7922965997770817,0.3265410060380097,0.4383249696697165,"environment,material,process_history","{""environment"": 3, ""material"": 17, ""process_history"": 1}","Composition, wt.% N:numeric_sparse_0.34;Composition, wt.% C:numeric_sparse_0.45;Composition, wt.% Si:numeric_sparse_0.44;Composition, wt.% Mn:numeric_sparse_0.41;Composition, wt.% Cu:numeric_sparse_0.19;Composition, wt.% P:numeric_sparse_0.23;Composition, wt.% S:numeric_sparse_0.25;Test Solution:high_cardinality;Heat treatment:categorical_sparse_0.54;Microstructures:categorical_sparse_0.28",,,,,,,,,,,,,,,,,,,,,,,step-7000,7000
3,trial_0025,local_tabicl_regressor,/home/fcolanto/projects/tabicl/checkpoints/epit_pipeline_final_v1/final_epit_pipeline_optuna_fe_ni_v4_trial_0025/step-7000.ckpt,electrochemical_metrics_alloys__pitting_potential__epit_mv_sce_avg,electrochemical_metrics_alloys,Pitting Potential,"Epit, mV (SCE) Avg.",,continuous,0,,median,False,,608,486,122,31,True,0,,,,,epit_pipeline_development_fold_3,0,0,0,0,True,,,normal_corrosion,213.8258351385711,269.4207620542716,0.4718462430746322,0.7040523777108046,0.6883188817615765,0.4122221935717515,0.5194003683222417,"environment,material,material_descriptor,process_history","{""environment"": 3, ""material"": 17, ""material_descriptor"": 10, ""process_history"": 1}","Composition, wt.% N:numeric_sparse_0.34;Composition, wt.% C:numeric_sparse_0.45;Composition, wt.% Si:numeric_sparse_0.44;Composition, wt.% Mn:numeric_sparse_0.41;Composition, wt.% Cu:numeric_sparse_0.19;Composition, wt.% P:numeric_sparse_0.23;Composition, wt.% S:numeric_sparse_0.25;Test Solution:high_cardinality;Heat treatment:categorical_sparse_0.54;Microstructures:categorical_sparse_0.28",,,,,,,,,,,,,,,,,,,,,,,step-7000,7000
3,pretrained_tabicl_v2,pretrained_tabicl_regressor,/home/fcolanto/.cache/huggingface/hub/models--jingang--TabICL/snapshots/4dcd344ece2c00be9e831fdd35bed57b5ad83e19/tabicl-regressor-v2-20260212.ckpt,electrochemical_metrics_alloys__pitting_potential__epit_mv_sce_avg,electrochemical_metrics_alloys,Pitting Potential,"Epit, mV (SCE) Avg.",,continuous,0,,median,False,,608,486,122,21,False,0,,,,,epit_pipeline_development_fold_3,0,0,0,0,True,,,normal_corrosion,147.73902746228697,205.5124688962792,0.6926914763250632,0.7846405285170341,0.833511454750715,0.2848173418202422,0.3961953459920749,"environment,material,process_history","{""environment"": 3, ""material"": 17, ""process_history"": 1}","Composition, wt.% N:numeric_sparse_0.34;Composition, wt.% C:numeric_sparse_0.45;Composition, wt.% Si:numeric_sparse_0.44;Composition, wt.% Mn:numeric_sparse_0.41;Composition, wt.% Cu:numeric_sparse_0.19;Composition, wt.% P:numeric_sparse_0.23;Composition, wt.% S:numeric_sparse_0.25;Test Solution:high_cardinality;Heat treatment:categorical_sparse_0.54;Microstructures:categorical_sparse_0.28",,,,,,,,,,,,,,,,,,,,,,,step-7000,7000
3,catboost,catboost_regressor,catboost==1.2.10;iterations=1000;depth=6;learning_rate=0.03;l2_leaf_reg=3;thread_count=8,electrochemical_metrics_alloys__pitting_potential__epit_mv_sce_avg,electrochemical_metrics_alloys,Pitting Potential,"Epit, mV (SCE) Avg.",,continuous,0,,median,False,,608,486,122,21,False,0,,,,,epit_pipeline_development_fold_3,0,0,0,0,True,,,normal_corrosion,150.36678957921768,197.1535948556598,0.7171816047883497,0.8101561604970628,0.8491104201638314,0.2898832491430124,0.3800807666168508,"environment,material,process_history","{""environment"": 3, ""material"": 17, ""process_history"": 1}","Composition, wt.% N:numeric_sparse_0.34;Composition, wt.% C:numeric_sparse_0.45;Composition, wt.% Si:numeric_sparse_0.44;Composition, wt.% Mn:numeric_sparse_0.41;Composition, wt.% Cu:numeric_sparse_0.19;Composition, wt.% P:numeric_sparse_0.23;Composition, wt.% S:numeric_sparse_0.25;Test Solution:high_cardinality;Heat treatment:categorical_sparse_0.54;Microstructures:categorical_sparse_0.28",,,,,,,,,,,,,,,,,,,,,,,step-7000,7000
3,generic_baseline,local_tabicl_regressor,/home/fcolanto/projects/tabicl/checkpoints/tabicl_s1_regression_baseline/step-7500.ckpt,electrochemical_metrics_alloys__pitting_potential__epit_mv_sce_avg,electrochemical_metrics_alloys,Pitting Potential,"Epit, mV (SCE) Avg.",,continuous,0,,median,False,,608,486,122,21,False,0,,,,,epit_pipeline_development_fold_3,0,0,0,0,True,,,normal_corrosion,179.76719530696553,238.55956942122103,0.5859126746851213,0.715239668166804,0.7734535788406849,0.3465625542098561,0.4599048984918906,"environment,material,process_history","{""environment"": 3, ""material"": 17, ""process_history"": 1}","Composition, wt.% N:numeric_sparse_0.34;Composition, wt.% C:numeric_sparse_0.45;Composition, wt.% Si:numeric_sparse_0.44;Composition, wt.% Mn:numeric_sparse_0.41;Composition, wt.% Cu:numeric_sparse_0.19;Composition, wt.% P:numeric_sparse_0.23;Composition, wt.% S:numeric_sparse_0.25;Test Solution:high_cardinality;Heat treatment:categorical_sparse_0.54;Microstructures:categorical_sparse_0.28",,,,,,,,,,,,,,,,,,,,,,,step-7500,7500
3,trial_0025,local_tabicl_regressor,/home/fcolanto/projects/tabicl/checkpoints/epit_pipeline_final_v1/final_epit_pipeline_optuna_fe_ni_v4_trial_0025/step-7500.ckpt,electrochemical_metrics_alloys__pitting_potential__epit_mv_sce_avg,electrochemical_metrics_alloys,Pitting Potential,"Epit, mV (SCE) Avg.",,continuous,0,,median,False,,608,486,122,31,True,0,,,,,epit_pipeline_development_fold_3,0,0,0,0,True,,,normal_corrosion,208.0566641460794,264.5303321137918,0.490845944467957,0.7051562344352666,0.7040295928818855,0.4011001496892887,0.5099723973931577,"environment,material,material_descriptor,process_history","{""environment"": 3, ""material"": 17, ""material_descriptor"": 10, ""process_history"": 1}","Composition, wt.% N:numeric_sparse_0.34;Composition, wt.% C:numeric_sparse_0.45;Composition, wt.% Si:numeric_sparse_0.44;Composition, wt.% Mn:numeric_sparse_0.41;Composition, wt.% Cu:numeric_sparse_0.19;Composition, wt.% P:numeric_sparse_0.23;Composition, wt.% S:numeric_sparse_0.25;Test Solution:high_cardinality;Heat treatment:categorical_sparse_0.54;Microstructures:categorical_sparse_0.28",,,,,,,,,,,,,,,,,,,,,,,step-7500,7500
3,pretrained_tabicl_v2,pretrained_tabicl_regressor,/home/fcolanto/.cache/huggingface/hub/models--jingang--TabICL/snapshots/4dcd344ece2c00be9e831fdd35bed57b5ad83e19/tabicl-regressor-v2-20260212.ckpt,electrochemical_metrics_alloys__pitting_potential__epit_mv_sce_avg,electrochemical_metrics_alloys,Pitting Potential,"Epit, mV (SCE) Avg.",,continuous,0,,median,False,,608,486,122,21,False,0,,,,,epit_pipeline_development_fold_3,0,0,0,0,True,,,normal_corrosion,147.73902746228697,205.5124688962792,0.6926914763250632,0.7846405285170341,0.833511454750715,0.2848173418202422,0.3961953459920749,"environment,material,process_history","{""environment"": 3, ""material"": 17, ""process_history"": 1}","Composition, wt.% N:numeric_sparse_0.34;Composition, wt.% C:numeric_sparse_0.45;Composition, wt.% Si:numeric_sparse_0.44;Composition, wt.% Mn:numeric_sparse_0.41;Composition, wt.% Cu:numeric_sparse_0.19;Composition, wt.% P:numeric_sparse_0.23;Composition, wt.% S:numeric_sparse_0.25;Test Solution:high_cardinality;Heat treatment:categorical_sparse_0.54;Microstructures:categorical_sparse_0.28",,,,,,,,,,,,,,,,,,,,,,,step-7500,7500
3,catboost,catboost_regressor,catboost==1.2.10;iterations=1000;depth=6;learning_rate=0.03;l2_leaf_reg=3;thread_count=8,electrochemical_metrics_alloys__pitting_potential__epit_mv_sce_avg,electrochemical_metrics_alloys,Pitting Potential,"Epit, mV (SCE) Avg.",,continuous,0,,median,False,,608,486,122,21,False,0,,,,,epit_pipeline_development_fold_3,0,0,0,0,True,,,normal_corrosion,150.36678957921768,197.1535948556598,0.7171816047883497,0.8101561604970628,0.8491104201638314,0.2898832491430124,0.3800807666168508,"environment,material,process_history","{""environment"": 3, ""material"": 17, ""process_history"": 1}","Composition, wt.% N:numeric_sparse_0.34;Composition, wt.% C:numeric_sparse_0.45;Composition, wt.% Si:numeric_sparse_0.44;Composition, wt.% Mn:numeric_sparse_0.41;Composition, wt.% Cu:numeric_sparse_0.19;Composition, wt.% P:numeric_sparse_0.23;Composition, wt.% S:numeric_sparse_0.25;Test Solution:high_cardinality;Heat treatment:categorical_sparse_0.54;Microstructures:categorical_sparse_0.28",,,,,,,,,,,,,,,,,,,,,,,step-7500,7500
3,generic_baseline,local_tabicl_regressor,/home/fcolanto/projects/tabicl/checkpoints/tabicl_s1_regression_baseline/step-8000.ckpt,electrochemical_metrics_alloys__pitting_potential__epit_mv_sce_avg,electrochemical_metrics_alloys,Pitting Potential,"Epit, mV (SCE) Avg.",,continuous,0,,median,False,,608,486,122,21,False,0,,,,,epit_pipeline_development_fold_3,0,0,0,0,True,,,normal_corrosion,177.32488403567328,234.86149323896677,0.5986512741523058,0.7219487374801506,0.7744093416901667,0.341854166614949,0.4527755959225523,"environment,material,process_history","{""environment"": 3, ""material"": 17, ""process_history"": 1}","Composition, wt.% N:numeric_sparse_0.34;Composition, wt.% C:numeric_sparse_0.45;Composition, wt.% Si:numeric_sparse_0.44;Composition, wt.% Mn:numeric_sparse_0.41;Composition, wt.% Cu:numeric_sparse_0.19;Composition, wt.% P:numeric_sparse_0.23;Composition, wt.% S:numeric_sparse_0.25;Test Solution:high_cardinality;Heat treatment:categorical_sparse_0.54;Microstructures:categorical_sparse_0.28",,,,,,,,,,,,,,,,,,,,,,,step-8000,8000
3,trial_0025,local_tabicl_regressor,/home/fcolanto/projects/tabicl/checkpoints/epit_pipeline_final_v1/final_epit_pipeline_optuna_fe_ni_v4_trial_0025/step-8000.ckpt,electrochemical_metrics_alloys__pitting_potential__epit_mv_sce_avg,electrochemical_metrics_alloys,Pitting Potential,"Epit, mV (SCE) Avg.",,continuous,0,,median,False,,608,486,122,31,True,0,,,,,epit_pipeline_development_fold_3,0,0,0,0,True,,,normal_corrosion,218.79241438821893,275.02920770727906,0.4496285610537508,0.6816150025540013,0.6706530054685026,0.4217969682546656,0.5302125593192389,"environment,material,material_descriptor,process_history","{""environment"": 3, ""material"": 17, ""material_descriptor"": 10, ""process_history"": 1}","Composition, wt.% N:numeric_sparse_0.34;Composition, wt.% C:numeric_sparse_0.45;Composition, wt.% Si:numeric_sparse_0.44;Composition, wt.% Mn:numeric_sparse_0.41;Composition, wt.% Cu:numeric_sparse_0.19;Composition, wt.% P:numeric_sparse_0.23;Composition, wt.% S:numeric_sparse_0.25;Test Solution:high_cardinality;Heat treatment:categorical_sparse_0.54;Microstructures:categorical_sparse_0.28",,,,,,,,,,,,,,,,,,,,,,,step-8000,8000
3,pretrained_tabicl_v2,pretrained_tabicl_regressor,/home/fcolanto/.cache/huggingface/hub/models--jingang--TabICL/snapshots/4dcd344ece2c00be9e831fdd35bed57b5ad83e19/tabicl-regressor-v2-20260212.ckpt,electrochemical_metrics_alloys__pitting_potential__epit_mv_sce_avg,electrochemical_metrics_alloys,Pitting Potential,"Epit, mV (SCE) Avg.",,continuous,0,,median,False,,608,486,122,21,False,0,,,,,epit_pipeline_development_fold_3,0,0,0,0,True,,,normal_corrosion,147.73902746228697,205.5124688962792,0.6926914763250632,0.7846405285170341,0.833511454750715,0.2848173418202422,0.3961953459920749,"environment,material,process_history","{""environment"": 3, ""material"": 17, ""process_history"": 1}","Composition, wt.% N:numeric_sparse_0.34;Composition, wt.% C:numeric_sparse_0.45;Composition, wt.% Si:numeric_sparse_0.44;Composition, wt.% Mn:numeric_sparse_0.41;Composition, wt.% Cu:numeric_sparse_0.19;Composition, wt.% P:numeric_sparse_0.23;Composition, wt.% S:numeric_sparse_0.25;Test Solution:high_cardinality;Heat treatment:categorical_sparse_0.54;Microstructures:categorical_sparse_0.28",,,,,,,,,,,,,,,,,,,,,,,step-8000,8000
3,catboost,catboost_regressor,catboost==1.2.10;iterations=1000;depth=6;learning_rate=0.03;l2_leaf_reg=3;thread_count=8,electrochemical_metrics_alloys__pitting_potential__epit_mv_sce_avg,electrochemical_metrics_alloys,Pitting Potential,"Epit, mV (SCE) Avg.",,continuous,0,,median,False,,608,486,122,21,False,0,,,,,epit_pipeline_development_fold_3,0,0,0,0,True,,,normal_corrosion,150.36678957921768,197.1535948556598,0.7171816047883497,0.8101561604970628,0.8491104201638314,0.2898832491430124,0.3800807666168508,"environment,material,process_history","{""environment"": 3, ""material"": 17, ""process_history"": 1}","Composition, wt.% N:numeric_sparse_0.34;Composition, wt.% C:numeric_sparse_0.45;Composition, wt.% Si:numeric_sparse_0.44;Composition, wt.% Mn:numeric_sparse_0.41;Composition, wt.% Cu:numeric_sparse_0.19;Composition, wt.% P:numeric_sparse_0.23;Composition, wt.% S:numeric_sparse_0.25;Test Solution:high_cardinality;Heat treatment:categorical_sparse_0.54;Microstructures:categorical_sparse_0.28",,,,,,,,,,,,,,,,,,,,,,,step-8000,8000
3,generic_baseline,local_tabicl_regressor,/home/fcolanto/projects/tabicl/checkpoints/tabicl_s1_regression_baseline/step-8500.ckpt,electrochemical_metrics_alloys__pitting_potential__epit_mv_sce_avg,electrochemical_metrics_alloys,Pitting Potential,"Epit, mV (SCE) Avg.",,continuous,0,,median,False,,608,486,122,21,False,0,,,,,epit_pipeline_development_fold_3,0,0,0,0,True,,,normal_corrosion,178.15080106388152,235.1666430777464,0.5976076713086037,0.7090759172951826,0.7757137520693144,0.343446403253967,0.4533638762668255,"environment,material,process_history","{""environment"": 3, ""material"": 17, ""process_history"": 1}","Composition, wt.% N:numeric_sparse_0.34;Composition, wt.% C:numeric_sparse_0.45;Composition, wt.% Si:numeric_sparse_0.44;Composition, wt.% Mn:numeric_sparse_0.41;Composition, wt.% Cu:numeric_sparse_0.19;Composition, wt.% P:numeric_sparse_0.23;Composition, wt.% S:numeric_sparse_0.25;Test Solution:high_cardinality;Heat treatment:categorical_sparse_0.54;Microstructures:categorical_sparse_0.28",,,,,,,,,,,,,,,,,,,,,,,step-8500,8500
3,trial_0025,local_tabicl_regressor,/home/fcolanto/projects/tabicl/checkpoints/epit_pipeline_final_v1/final_epit_pipeline_optuna_fe_ni_v4_trial_0025/step-8500.ckpt,electrochemical_metrics_alloys__pitting_potential__epit_mv_sce_avg,electrochemical_metrics_alloys,Pitting Potential,"Epit, mV (SCE) Avg.",,continuous,0,,median,False,,608,486,122,31,True,0,,,,,epit_pipeline_development_fold_3,0,0,0,0,True,,,normal_corrosion,215.26976759866807,271.67635034724515,0.4629658272685812,0.6751240606173449,0.6805616954204955,0.415005865646199,0.523748783719856,"environment,material,material_descriptor,process_history","{""environment"": 3, ""material"": 17, ""material_descriptor"": 10, ""process_history"": 1}","Composition, wt.% N:numeric_sparse_0.34;Composition, wt.% C:numeric_sparse_0.45;Composition, wt.% Si:numeric_sparse_0.44;Composition, wt.% Mn:numeric_sparse_0.41;Composition, wt.% Cu:numeric_sparse_0.19;Composition, wt.% P:numeric_sparse_0.23;Composition, wt.% S:numeric_sparse_0.25;Test Solution:high_cardinality;Heat treatment:categorical_sparse_0.54;Microstructures:categorical_sparse_0.28",,,,,,,,,,,,,,,,,,,,,,,step-8500,8500
3,pretrained_tabicl_v2,pretrained_tabicl_regressor,/home/fcolanto/.cache/huggingface/hub/models--jingang--TabICL/snapshots/4dcd344ece2c00be9e831fdd35bed57b5ad83e19/tabicl-regressor-v2-20260212.ckpt,electrochemical_metrics_alloys__pitting_potential__epit_mv_sce_avg,electrochemical_metrics_alloys,Pitting Potential,"Epit, mV (SCE) Avg.",,continuous,0,,median,False,,608,486,122,21,False,0,,,,,epit_pipeline_development_fold_3,0,0,0,0,True,,,normal_corrosion,147.73902746228697,205.5124688962792,0.6926914763250632,0.7846405285170341,0.833511454750715,0.2848173418202422,0.3961953459920749,"environment,material,process_history","{""environment"": 3, ""material"": 17, ""process_history"": 1}","Composition, wt.% N:numeric_sparse_0.34;Composition, wt.% C:numeric_sparse_0.45;Composition, wt.% Si:numeric_sparse_0.44;Composition, wt.% Mn:numeric_sparse_0.41;Composition, wt.% Cu:numeric_sparse_0.19;Composition, wt.% P:numeric_sparse_0.23;Composition, wt.% S:numeric_sparse_0.25;Test Solution:high_cardinality;Heat treatment:categorical_sparse_0.54;Microstructures:categorical_sparse_0.28",,,,,,,,,,,,,,,,,,,,,,,step-8500,8500
3,catboost,catboost_regressor,catboost==1.2.10;iterations=1000;depth=6;learning_rate=0.03;l2_leaf_reg=3;thread_count=8,electrochemical_metrics_alloys__pitting_potential__epit_mv_sce_avg,electrochemical_metrics_alloys,Pitting Potential,"Epit, mV (SCE) Avg.",,continuous,0,,median,False,,608,486,122,21,False,0,,,,,epit_pipeline_development_fold_3,0,0,0,0,True,,,normal_corrosion,150.36678957921768,197.1535948556598,0.7171816047883497,0.8101561604970628,0.8491104201638314,0.2898832491430124,0.3800807666168508,"environment,material,process_history","{""environment"": 3, ""material"": 17, ""process_history"": 1}","Composition, wt.% N:numeric_sparse_0.34;Composition, wt.% C:numeric_sparse_0.45;Composition, wt.% Si:numeric_sparse_0.44;Composition, wt.% Mn:numeric_sparse_0.41;Composition, wt.% Cu:numeric_sparse_0.19;Composition, wt.% P:numeric_sparse_0.23;Composition, wt.% S:numeric_sparse_0.25;Test Solution:high_cardinality;Heat treatment:categorical_sparse_0.54;Microstructures:categorical_sparse_0.28",,,,,,,,,,,,,,,,,,,,,,,step-8500,8500
3,generic_baseline,local_tabicl_regressor,/home/fcolanto/projects/tabicl/checkpoints/tabicl_s1_regression_baseline/step-9000.ckpt,electrochemical_metrics_alloys__pitting_potential__epit_mv_sce_avg,electrochemical_metrics_alloys,Pitting Potential,"Epit, mV (SCE) Avg.",,continuous,0,,median,False,,608,486,122,21,False,0,,,,,epit_pipeline_development_fold_3,0,0,0,0,True,,,normal_corrosion,175.58529379419417,234.8029168262323,0.5988514486172674,0.7169946020610833,0.7809733385700073,0.3385005133728428,0.4526626699174542,"environment,material,process_history","{""environment"": 3, ""material"": 17, ""process_history"": 1}","Composition, wt.% N:numeric_sparse_0.34;Composition, wt.% C:numeric_sparse_0.45;Composition, wt.% Si:numeric_sparse_0.44;Composition, wt.% Mn:numeric_sparse_0.41;Composition, wt.% Cu:numeric_sparse_0.19;Composition, wt.% P:numeric_sparse_0.23;Composition, wt.% S:numeric_sparse_0.25;Test Solution:high_cardinality;Heat treatment:categorical_sparse_0.54;Microstructures:categorical_sparse_0.28",,,,,,,,,,,,,,,,,,,,,,,step-9000,9000
3,trial_0025,local_tabicl_regressor,/home/fcolanto/projects/tabicl/checkpoints/epit_pipeline_final_v1/final_epit_pipeline_optuna_fe_ni_v4_trial_0025/step-9000.ckpt,electrochemical_metrics_alloys__pitting_potential__epit_mv_sce_avg,electrochemical_metrics_alloys,Pitting Potential,"Epit, mV (SCE) Avg.",,continuous,0,,median,False,,608,486,122,31,True,0,,,,,epit_pipeline_development_fold_3,0,0,0,0,True,,,normal_corrosion,217.72913131717,274.34153251045365,0.4523773863473707,0.6612366176347424,0.6726127922635898,0.4197471276465303,0.5288868309388656,"environment,material,material_descriptor,process_history","{""environment"": 3, ""material"": 17, ""material_descriptor"": 10, ""process_history"": 1}","Composition, wt.% N:numeric_sparse_0.34;Composition, wt.% C:numeric_sparse_0.45;Composition, wt.% Si:numeric_sparse_0.44;Composition, wt.% Mn:numeric_sparse_0.41;Composition, wt.% Cu:numeric_sparse_0.19;Composition, wt.% P:numeric_sparse_0.23;Composition, wt.% S:numeric_sparse_0.25;Test Solution:high_cardinality;Heat treatment:categorical_sparse_0.54;Microstructures:categorical_sparse_0.28",,,,,,,,,,,,,,,,,,,,,,,step-9000,9000
3,pretrained_tabicl_v2,pretrained_tabicl_regressor,/home/fcolanto/.cache/huggingface/hub/models--jingang--TabICL/snapshots/4dcd344ece2c00be9e831fdd35bed57b5ad83e19/tabicl-regressor-v2-20260212.ckpt,electrochemical_metrics_alloys__pitting_potential__epit_mv_sce_avg,electrochemical_metrics_alloys,Pitting Potential,"Epit, mV (SCE) Avg.",,continuous,0,,median,False,,608,486,122,21,False,0,,,,,epit_pipeline_development_fold_3,0,0,0,0,True,,,normal_corrosion,147.73902746228697,205.5124688962792,0.6926914763250632,0.7846405285170341,0.833511454750715,0.2848173418202422,0.3961953459920749,"environment,material,process_history","{""environment"": 3, ""material"": 17, ""process_history"": 1}","Composition, wt.% N:numeric_sparse_0.34;Composition, wt.% C:numeric_sparse_0.45;Composition, wt.% Si:numeric_sparse_0.44;Composition, wt.% Mn:numeric_sparse_0.41;Composition, wt.% Cu:numeric_sparse_0.19;Composition, wt.% P:numeric_sparse_0.23;Composition, wt.% S:numeric_sparse_0.25;Test Solution:high_cardinality;Heat treatment:categorical_sparse_0.54;Microstructures:categorical_sparse_0.28",,,,,,,,,,,,,,,,,,,,,,,step-9000,9000
3,catboost,catboost_regressor,catboost==1.2.10;iterations=1000;depth=6;learning_rate=0.03;l2_leaf_reg=3;thread_count=8,electrochemical_metrics_alloys__pitting_potential__epit_mv_sce_avg,electrochemical_metrics_alloys,Pitting Potential,"Epit, mV (SCE) Avg.",,continuous,0,,median,False,,608,486,122,21,False,0,,,,,epit_pipeline_development_fold_3,0,0,0,0,True,,,normal_corrosion,150.36678957921768,197.1535948556598,0.7171816047883497,0.8101561604970628,0.8491104201638314,0.2898832491430124,0.3800807666168508,"environment,material,process_history","{""environment"": 3, ""material"": 17, ""process_history"": 1}","Composition, wt.% N:numeric_sparse_0.34;Composition, wt.% C:numeric_sparse_0.45;Composition, wt.% Si:numeric_sparse_0.44;Composition, wt.% Mn:numeric_sparse_0.41;Composition, wt.% Cu:numeric_sparse_0.19;Composition, wt.% P:numeric_sparse_0.23;Composition, wt.% S:numeric_sparse_0.25;Test Solution:high_cardinality;Heat treatment:categorical_sparse_0.54;Microstructures:categorical_sparse_0.28",,,,,,,,,,,,,,,,,,,,,,,step-9000,9000
3,generic_baseline,local_tabicl_regressor,/home/fcolanto/projects/tabicl/checkpoints/tabicl_s1_regression_baseline/step-9500.ckpt,electrochemical_metrics_alloys__pitting_potential__epit_mv_sce_avg,electrochemical_metrics_alloys,Pitting Potential,"Epit, mV (SCE) Avg.",,continuous,0,,median,False,,608,486,122,21,False,0,,,,,epit_pipeline_development_fold_3,0,0,0,0,True,,,normal_corrosion,178.91773533802342,237.1126441575048,0.5909205341804253,0.7253693713418817,0.7811823655261497,0.3449249305264421,0.4571154567681767,"environment,material,process_history","{""environment"": 3, ""material"": 17, ""process_history"": 1}","Composition, wt.% N:numeric_sparse_0.34;Composition, wt.% C:numeric_sparse_0.45;Composition, wt.% Si:numeric_sparse_0.44;Composition, wt.% Mn:numeric_sparse_0.41;Composition, wt.% Cu:numeric_sparse_0.19;Composition, wt.% P:numeric_sparse_0.23;Composition, wt.% S:numeric_sparse_0.25;Test Solution:high_cardinality;Heat treatment:categorical_sparse_0.54;Microstructures:categorical_sparse_0.28",,,,,,,,,,,,,,,,,,,,,,,step-9500,9500
3,trial_0025,local_tabicl_regressor,/home/fcolanto/projects/tabicl/checkpoints/epit_pipeline_final_v1/final_epit_pipeline_optuna_fe_ni_v4_trial_0025/step-9500.ckpt,electrochemical_metrics_alloys__pitting_potential__epit_mv_sce_avg,electrochemical_metrics_alloys,Pitting Potential,"Epit, mV (SCE) Avg.",,continuous,0,,median,False,,608,486,122,31,True,0,,,,,epit_pipeline_development_fold_3,0,0,0,0,True,,,normal_corrosion,218.37477283168235,274.5763990998537,0.4514393343501327,0.6648753788731635,0.6721528588478575,0.4209918217743507,0.5293396163593759,"environment,material,material_descriptor,process_history","{""environment"": 3, ""material"": 17, ""material_descriptor"": 10, ""process_history"": 1}","Composition, wt.% N:numeric_sparse_0.34;Composition, wt.% C:numeric_sparse_0.45;Composition, wt.% Si:numeric_sparse_0.44;Composition, wt.% Mn:numeric_sparse_0.41;Composition, wt.% Cu:numeric_sparse_0.19;Composition, wt.% P:numeric_sparse_0.23;Composition, wt.% S:numeric_sparse_0.25;Test Solution:high_cardinality;Heat treatment:categorical_sparse_0.54;Microstructures:categorical_sparse_0.28",,,,,,,,,,,,,,,,,,,,,,,step-9500,9500
3,pretrained_tabicl_v2,pretrained_tabicl_regressor,/home/fcolanto/.cache/huggingface/hub/models--jingang--TabICL/snapshots/4dcd344ece2c00be9e831fdd35bed57b5ad83e19/tabicl-regressor-v2-20260212.ckpt,electrochemical_metrics_alloys__pitting_potential__epit_mv_sce_avg,electrochemical_metrics_alloys,Pitting Potential,"Epit, mV (SCE) Avg.",,continuous,0,,median,False,,608,486,122,21,False,0,,,,,epit_pipeline_development_fold_3,0,0,0,0,True,,,normal_corrosion,147.73902746228697,205.5124688962792,0.6926914763250632,0.7846405285170341,0.833511454750715,0.2848173418202422,0.3961953459920749,"environment,material,process_history","{""environment"": 3, ""material"": 17, ""process_history"": 1}","Composition, wt.% N:numeric_sparse_0.34;Composition, wt.% C:numeric_sparse_0.45;Composition, wt.% Si:numeric_sparse_0.44;Composition, wt.% Mn:numeric_sparse_0.41;Composition, wt.% Cu:numeric_sparse_0.19;Composition, wt.% P:numeric_sparse_0.23;Composition, wt.% S:numeric_sparse_0.25;Test Solution:high_cardinality;Heat treatment:categorical_sparse_0.54;Microstructures:categorical_sparse_0.28",,,,,,,,,,,,,,,,,,,,,,,step-9500,9500
3,catboost,catboost_regressor,catboost==1.2.10;iterations=1000;depth=6;learning_rate=0.03;l2_leaf_reg=3;thread_count=8,electrochemical_metrics_alloys__pitting_potential__epit_mv_sce_avg,electrochemical_metrics_alloys,Pitting Potential,"Epit, mV (SCE) Avg.",,continuous,0,,median,False,,608,486,122,21,False,0,,,,,epit_pipeline_development_fold_3,0,0,0,0,True,,,normal_corrosion,150.36678957921768,197.1535948556598,0.7171816047883497,0.8101561604970628,0.8491104201638314,0.2898832491430124,0.3800807666168508,"environment,material,process_history","{""environment"": 3, ""material"": 17, ""process_history"": 1}","Composition, wt.% N:numeric_sparse_0.34;Composition, wt.% C:numeric_sparse_0.45;Composition, wt.% Si:numeric_sparse_0.44;Composition, wt.% Mn:numeric_sparse_0.41;Composition, wt.% Cu:numeric_sparse_0.19;Composition, wt.% P:numeric_sparse_0.23;Composition, wt.% S:numeric_sparse_0.25;Test Solution:high_cardinality;Heat treatment:categorical_sparse_0.54;Microstructures:categorical_sparse_0.28",,,,,,,,,,,,,,,,,,,,,,,step-9500,9500
3,generic_baseline,local_tabicl_regressor,/home/fcolanto/projects/tabicl/checkpoints/tabicl_s1_regression_baseline/step-10000.ckpt,electrochemical_metrics_alloys__pitting_potential__epit_mv_sce_avg,electrochemical_metrics_alloys,Pitting Potential,"Epit, mV (SCE) Avg.",,continuous,0,,median,False,,608,486,122,21,False,0,,,,,epit_pipeline_development_fold_3,0,0,0,0,True,,,normal_corrosion,178.88043016274244,237.4202879411468,0.5898583183869182,0.7243580535045003,0.7808403644932412,0.3448530120832103,0.4577085450413941,"environment,material,process_history","{""environment"": 3, ""material"": 17, ""process_history"": 1}","Composition, wt.% N:numeric_sparse_0.34;Composition, wt.% C:numeric_sparse_0.45;Composition, wt.% Si:numeric_sparse_0.44;Composition, wt.% Mn:numeric_sparse_0.41;Composition, wt.% Cu:numeric_sparse_0.19;Composition, wt.% P:numeric_sparse_0.23;Composition, wt.% S:numeric_sparse_0.25;Test Solution:high_cardinality;Heat treatment:categorical_sparse_0.54;Microstructures:categorical_sparse_0.28",,,,,,,,,,,,,,,,,,,,,,,step-10000,10000
3,trial_0025,local_tabicl_regressor,/home/fcolanto/projects/tabicl/checkpoints/epit_pipeline_final_v1/final_epit_pipeline_optuna_fe_ni_v4_trial_0025/step-10000.ckpt,electrochemical_metrics_alloys__pitting_potential__epit_mv_sce_avg,electrochemical_metrics_alloys,Pitting Potential,"Epit, mV (SCE) Avg.",,continuous,0,,median,False,,608,486,122,31,True,0,,,,,epit_pipeline_development_fold_3,0,0,0,0,True,,,normal_corrosion,218.34856511103524,274.4026426955983,0.4521333908703425,0.6644225993185189,0.672625836481182,0.4209412974582097,0.5290046416540841,"environment,material,material_descriptor,process_history","{""environment"": 3, ""material"": 17, ""material_descriptor"": 10, ""process_history"": 1}","Composition, wt.% N:numeric_sparse_0.34;Composition, wt.% C:numeric_sparse_0.45;Composition, wt.% Si:numeric_sparse_0.44;Composition, wt.% Mn:numeric_sparse_0.41;Composition, wt.% Cu:numeric_sparse_0.19;Composition, wt.% P:numeric_sparse_0.23;Composition, wt.% S:numeric_sparse_0.25;Test Solution:high_cardinality;Heat treatment:categorical_sparse_0.54;Microstructures:categorical_sparse_0.28",,,,,,,,,,,,,,,,,,,,,,,step-10000,10000
3,pretrained_tabicl_v2,pretrained_tabicl_regressor,/home/fcolanto/.cache/huggingface/hub/models--jingang--TabICL/snapshots/4dcd344ece2c00be9e831fdd35bed57b5ad83e19/tabicl-regressor-v2-20260212.ckpt,electrochemical_metrics_alloys__pitting_potential__epit_mv_sce_avg,electrochemical_metrics_alloys,Pitting Potential,"Epit, mV (SCE) Avg.",,continuous,0,,median,False,,608,486,122,21,False,0,,,,,epit_pipeline_development_fold_3,0,0,0,0,True,,,normal_corrosion,147.73902746228697,205.5124688962792,0.6926914763250632,0.7846405285170341,0.833511454750715,0.2848173418202422,0.3961953459920749,"environment,material,process_history","{""environment"": 3, ""material"": 17, ""process_history"": 1}","Composition, wt.% N:numeric_sparse_0.34;Composition, wt.% C:numeric_sparse_0.45;Composition, wt.% Si:numeric_sparse_0.44;Composition, wt.% Mn:numeric_sparse_0.41;Composition, wt.% Cu:numeric_sparse_0.19;Composition, wt.% P:numeric_sparse_0.23;Composition, wt.% S:numeric_sparse_0.25;Test Solution:high_cardinality;Heat treatment:categorical_sparse_0.54;Microstructures:categorical_sparse_0.28",,,,,,,,,,,,,,,,,,,,,,,step-10000,10000
3,catboost,catboost_regressor,catboost==1.2.10;iterations=1000;depth=6;learning_rate=0.03;l2_leaf_reg=3;thread_count=8,electrochemical_metrics_alloys__pitting_potential__epit_mv_sce_avg,electrochemical_metrics_alloys,Pitting Potential,"Epit, mV (SCE) Avg.",,continuous,0,,median,False,,608,486,122,21,False,0,,,,,epit_pipeline_development_fold_3,0,0,0,0,True,,,normal_corrosion,150.36678957921768,197.1535948556598,0.7171816047883497,0.8101561604970628,0.8491104201638314,0.2898832491430124,0.3800807666168508,"environment,material,process_history","{""environment"": 3, ""material"": 17, ""process_history"": 1}","Composition, wt.% N:numeric_sparse_0.34;Composition, wt.% C:numeric_sparse_0.45;Composition, wt.% Si:numeric_sparse_0.44;Composition, wt.% Mn:numeric_sparse_0.41;Composition, wt.% Cu:numeric_sparse_0.19;Composition, wt.% P:numeric_sparse_0.23;Composition, wt.% S:numeric_sparse_0.25;Test Solution:high_cardinality;Heat treatment:categorical_sparse_0.54;Microstructures:categorical_sparse_0.28",,,,,,,,,,,,,,,,,,,,,,,step-10000,10000
4,generic_baseline,local_tabicl_regressor,/home/fcolanto/projects/tabicl/checkpoints/tabicl_s1_regression_baseline/step-500.ckpt,electrochemical_metrics_alloys__pitting_potential__epit_mv_sce_avg,electrochemical_metrics_alloys,Pitting Potential,"Epit, mV (SCE) Avg.",,continuous,0,,median,False,,608,487,121,21,False,0,,,,,epit_pipeline_development_fold_4,0,0,0,0,True,,,normal_corrosion,250.61015038670476,326.825484933153,0.2217094417146339,0.4997315602545449,0.5240934145181532,0.4886140580750726,0.6372109279258199,"environment,material,process_history","{""environment"": 3, ""material"": 17, ""process_history"": 1}","Composition, wt.% N:numeric_sparse_0.34;Composition, wt.% C:numeric_sparse_0.45;Composition, wt.% Si:numeric_sparse_0.44;Composition, wt.% Mn:numeric_sparse_0.41;Composition, wt.% Cu:numeric_sparse_0.19;Composition, wt.% P:numeric_sparse_0.23;Composition, wt.% S:numeric_sparse_0.25;Test Solution:high_cardinality;Heat treatment:categorical_sparse_0.54;Microstructures:categorical_sparse_0.28",,,,,,,,,,,,,,,,,,,,,,,step-500,500
4,trial_0025,local_tabicl_regressor,/home/fcolanto/projects/tabicl/checkpoints/epit_pipeline_final_v1/final_epit_pipeline_optuna_fe_ni_v4_trial_0025/step-500.ckpt,electrochemical_metrics_alloys__pitting_potential__epit_mv_sce_avg,electrochemical_metrics_alloys,Pitting Potential,"Epit, mV (SCE) Avg.",,continuous,0,,median,False,,608,487,121,31,True,0,,,,,epit_pipeline_development_fold_4,0,0,0,0,True,,,normal_corrosion,226.9591425752136,290.66791767477105,0.3843921740686208,0.6208427824007852,0.6451714379497662,0.4425017402519274,0.5667145987030046,"environment,material,material_descriptor,process_history","{""environment"": 3, ""material"": 17, ""material_descriptor"": 10, ""process_history"": 1}","Composition, wt.% N:numeric_sparse_0.34;Composition, wt.% C:numeric_sparse_0.45;Composition, wt.% Si:numeric_sparse_0.44;Composition, wt.% Mn:numeric_sparse_0.41;Composition, wt.% Cu:numeric_sparse_0.19;Composition, wt.% P:numeric_sparse_0.23;Composition, wt.% S:numeric_sparse_0.25;Test Solution:high_cardinality;Heat treatment:categorical_sparse_0.54;Microstructures:categorical_sparse_0.28",,,,,,,,,,,,,,,,,,,,,,,step-500,500
4,pretrained_tabicl_v2,pretrained_tabicl_regressor,/home/fcolanto/.cache/huggingface/hub/models--jingang--TabICL/snapshots/4dcd344ece2c00be9e831fdd35bed57b5ad83e19/tabicl-regressor-v2-20260212.ckpt,electrochemical_metrics_alloys__pitting_potential__epit_mv_sce_avg,electrochemical_metrics_alloys,Pitting Potential,"Epit, mV (SCE) Avg.",,continuous,0,,median,False,,608,487,121,21,False,0,,,,,epit_pipeline_development_fold_4,0,0,0,0,True,,,normal_corrosion,179.26880134642678,246.08812648475617,0.558743360436929,0.7264166761737962,0.7510518633431433,0.349519987027543,0.4797974780361789,"environment,material,process_history","{""environment"": 3, ""material"": 17, ""process_history"": 1}","Composition, wt.% N:numeric_sparse_0.34;Composition, wt.% C:numeric_sparse_0.45;Composition, wt.% Si:numeric_sparse_0.44;Composition, wt.% Mn:numeric_sparse_0.41;Composition, wt.% Cu:numeric_sparse_0.19;Composition, wt.% P:numeric_sparse_0.23;Composition, wt.% S:numeric_sparse_0.25;Test Solution:high_cardinality;Heat treatment:categorical_sparse_0.54;Microstructures:categorical_sparse_0.28",,,,,,,,,,,,,,,,,,,,,,,step-500,500
4,catboost,catboost_regressor,catboost==1.2.10;iterations=1000;depth=6;learning_rate=0.03;l2_leaf_reg=3;thread_count=8,electrochemical_metrics_alloys__pitting_potential__epit_mv_sce_avg,electrochemical_metrics_alloys,Pitting Potential,"Epit, mV (SCE) Avg.",,continuous,0,,median,False,,608,487,121,21,False,0,,,,,epit_pipeline_development_fold_4,0,0,0,0,True,,,normal_corrosion,176.78525495127911,215.45749218665375,0.6617536377540367,0.7670399984280225,0.8227456609591492,0.3446778220925699,0.4200769978293113,"environment,material,process_history","{""environment"": 3, ""material"": 17, ""process_history"": 1}","Composition, wt.% N:numeric_sparse_0.34;Composition, wt.% C:numeric_sparse_0.45;Composition, wt.% Si:numeric_sparse_0.44;Composition, wt.% Mn:numeric_sparse_0.41;Composition, wt.% Cu:numeric_sparse_0.19;Composition, wt.% P:numeric_sparse_0.23;Composition, wt.% S:numeric_sparse_0.25;Test Solution:high_cardinality;Heat treatment:categorical_sparse_0.54;Microstructures:categorical_sparse_0.28",,,,,,,,,,,,,,,,,,,,,,,step-500,500
4,generic_baseline,local_tabicl_regressor,/home/fcolanto/projects/tabicl/checkpoints/tabicl_s1_regression_baseline/step-1000.ckpt,electrochemical_metrics_alloys__pitting_potential__epit_mv_sce_avg,electrochemical_metrics_alloys,Pitting Potential,"Epit, mV (SCE) Avg.",,continuous,0,,median,False,,608,487,121,21,False,0,,,,,epit_pipeline_development_fold_4,0,0,0,0,True,,,normal_corrosion,212.9282002377991,289.3366715546636,0.3900181739457486,0.5540495453849353,0.6289640698765875,0.4151456428890605,0.5641190710755773,"environment,material,process_history","{""environment"": 3, ""material"": 17, ""process_history"": 1}","Composition, wt.% N:numeric_sparse_0.34;Composition, wt.% C:numeric_sparse_0.45;Composition, wt.% Si:numeric_sparse_0.44;Composition, wt.% Mn:numeric_sparse_0.41;Composition, wt.% Cu:numeric_sparse_0.19;Composition, wt.% P:numeric_sparse_0.23;Composition, wt.% S:numeric_sparse_0.25;Test Solution:high_cardinality;Heat treatment:categorical_sparse_0.54;Microstructures:categorical_sparse_0.28",,,,,,,,,,,,,,,,,,,,,,,step-1000,1000
4,trial_0025,local_tabicl_regressor,/home/fcolanto/projects/tabicl/checkpoints/epit_pipeline_final_v1/final_epit_pipeline_optuna_fe_ni_v4_trial_0025/step-1000.ckpt,electrochemical_metrics_alloys__pitting_potential__epit_mv_sce_avg,electrochemical_metrics_alloys,Pitting Potential,"Epit, mV (SCE) Avg.",,continuous,0,,median,False,,608,487,121,31,True,0,,,,,epit_pipeline_development_fold_4,0,0,0,0,True,,,normal_corrosion,204.49363506536724,264.2599072326906,0.4911702566615263,0.6947865099760172,0.7270291573573614,0.3987007897550541,0.5152269589251133,"environment,material,material_descriptor,process_history","{""environment"": 3, ""material"": 17, ""material_descriptor"": 10, ""process_history"": 1}","Composition, wt.% N:numeric_sparse_0.34;Composition, wt.% C:numeric_sparse_0.45;Composition, wt.% Si:numeric_sparse_0.44;Composition, wt.% Mn:numeric_sparse_0.41;Composition, wt.% Cu:numeric_sparse_0.19;Composition, wt.% P:numeric_sparse_0.23;Composition, wt.% S:numeric_sparse_0.25;Test Solution:high_cardinality;Heat treatment:categorical_sparse_0.54;Microstructures:categorical_sparse_0.28",,,,,,,,,,,,,,,,,,,,,,,step-1000,1000
4,pretrained_tabicl_v2,pretrained_tabicl_regressor,/home/fcolanto/.cache/huggingface/hub/models--jingang--TabICL/snapshots/4dcd344ece2c00be9e831fdd35bed57b5ad83e19/tabicl-regressor-v2-20260212.ckpt,electrochemical_metrics_alloys__pitting_potential__epit_mv_sce_avg,electrochemical_metrics_alloys,Pitting Potential,"Epit, mV (SCE) Avg.",,continuous,0,,median,False,,608,487,121,21,False,0,,,,,epit_pipeline_development_fold_4,0,0,0,0,True,,,normal_corrosion,179.26880134642678,246.08812648475617,0.558743360436929,0.7264166761737962,0.7510518633431433,0.349519987027543,0.4797974780361789,"environment,material,process_history","{""environment"": 3, ""material"": 17, ""process_history"": 1}","Composition, wt.% N:numeric_sparse_0.34;Composition, wt.% C:numeric_sparse_0.45;Composition, wt.% Si:numeric_sparse_0.44;Composition, wt.% Mn:numeric_sparse_0.41;Composition, wt.% Cu:numeric_sparse_0.19;Composition, wt.% P:numeric_sparse_0.23;Composition, wt.% S:numeric_sparse_0.25;Test Solution:high_cardinality;Heat treatment:categorical_sparse_0.54;Microstructures:categorical_sparse_0.28",,,,,,,,,,,,,,,,,,,,,,,step-1000,1000
4,catboost,catboost_regressor,catboost==1.2.10;iterations=1000;depth=6;learning_rate=0.03;l2_leaf_reg=3;thread_count=8,electrochemical_metrics_alloys__pitting_potential__epit_mv_sce_avg,electrochemical_metrics_alloys,Pitting Potential,"Epit, mV (SCE) Avg.",,continuous,0,,median,False,,608,487,121,21,False,0,,,,,epit_pipeline_development_fold_4,0,0,0,0,True,,,normal_corrosion,176.78525495127911,215.45749218665375,0.6617536377540367,0.7670399984280225,0.8227456609591492,0.3446778220925699,0.4200769978293113,"environment,material,process_history","{""environment"": 3, ""material"": 17, ""process_history"": 1}","Composition, wt.% N:numeric_sparse_0.34;Composition, wt.% C:numeric_sparse_0.45;Composition, wt.% Si:numeric_sparse_0.44;Composition, wt.% Mn:numeric_sparse_0.41;Composition, wt.% Cu:numeric_sparse_0.19;Composition, wt.% P:numeric_sparse_0.23;Composition, wt.% S:numeric_sparse_0.25;Test Solution:high_cardinality;Heat treatment:categorical_sparse_0.54;Microstructures:categorical_sparse_0.28",,,,,,,,,,,,,,,,,,,,,,,step-1000,1000
4,generic_baseline,local_tabicl_regressor,/home/fcolanto/projects/tabicl/checkpoints/tabicl_s1_regression_baseline/step-1500.ckpt,electrochemical_metrics_alloys__pitting_potential__epit_mv_sce_avg,electrochemical_metrics_alloys,Pitting Potential,"Epit, mV (SCE) Avg.",,continuous,0,,median,False,,608,487,121,21,False,0,,,,,epit_pipeline_development_fold_4,0,0,0,0,True,,,normal_corrosion,215.5723901953469,295.2670565670839,0.3647569491516217,0.5340918521704017,0.6284180212901366,0.4203010142237218,0.575681529668715,"environment,material,process_history","{""environment"": 3, ""material"": 17, ""process_history"": 1}","Composition, wt.% N:numeric_sparse_0.34;Composition, wt.% C:numeric_sparse_0.45;Composition, wt.% Si:numeric_sparse_0.44;Composition, wt.% Mn:numeric_sparse_0.41;Composition, wt.% Cu:numeric_sparse_0.19;Composition, wt.% P:numeric_sparse_0.23;Composition, wt.% S:numeric_sparse_0.25;Test Solution:high_cardinality;Heat treatment:categorical_sparse_0.54;Microstructures:categorical_sparse_0.28",,,,,,,,,,,,,,,,,,,,,,,step-1500,1500
4,trial_0025,local_tabicl_regressor,/home/fcolanto/projects/tabicl/checkpoints/epit_pipeline_final_v1/final_epit_pipeline_optuna_fe_ni_v4_trial_0025/step-1500.ckpt,electrochemical_metrics_alloys__pitting_potential__epit_mv_sce_avg,electrochemical_metrics_alloys,Pitting Potential,"Epit, mV (SCE) Avg.",,continuous,0,,median,False,,608,487,121,31,True,0,,,,,epit_pipeline_development_fold_4,0,0,0,0,True,,,normal_corrosion,199.7855375160549,255.8386751189853,0.5230835218712961,0.6988207280035985,0.7472649728970528,0.3895214223358449,0.4988081012263313,"environment,material,material_descriptor,process_history","{""environment"": 3, ""material"": 17, ""material_descriptor"": 10, ""process_history"": 1}","Composition, wt.% N:numeric_sparse_0.34;Composition, wt.% C:numeric_sparse_0.45;Composition, wt.% Si:numeric_sparse_0.44;Composition, wt.% Mn:numeric_sparse_0.41;Composition, wt.% Cu:numeric_sparse_0.19;Composition, wt.% P:numeric_sparse_0.23;Composition, wt.% S:numeric_sparse_0.25;Test Solution:high_cardinality;Heat treatment:categorical_sparse_0.54;Microstructures:categorical_sparse_0.28",,,,,,,,,,,,,,,,,,,,,,,step-1500,1500
4,pretrained_tabicl_v2,pretrained_tabicl_regressor,/home/fcolanto/.cache/huggingface/hub/models--jingang--TabICL/snapshots/4dcd344ece2c00be9e831fdd35bed57b5ad83e19/tabicl-regressor-v2-20260212.ckpt,electrochemical_metrics_alloys__pitting_potential__epit_mv_sce_avg,electrochemical_metrics_alloys,Pitting Potential,"Epit, mV (SCE) Avg.",,continuous,0,,median,False,,608,487,121,21,False,0,,,,,epit_pipeline_development_fold_4,0,0,0,0,True,,,normal_corrosion,179.26880134642678,246.08812648475617,0.558743360436929,0.7264166761737962,0.7510518633431433,0.349519987027543,0.4797974780361789,"environment,material,process_history","{""environment"": 3, ""material"": 17, ""process_history"": 1}","Composition, wt.% N:numeric_sparse_0.34;Composition, wt.% C:numeric_sparse_0.45;Composition, wt.% Si:numeric_sparse_0.44;Composition, wt.% Mn:numeric_sparse_0.41;Composition, wt.% Cu:numeric_sparse_0.19;Composition, wt.% P:numeric_sparse_0.23;Composition, wt.% S:numeric_sparse_0.25;Test Solution:high_cardinality;Heat treatment:categorical_sparse_0.54;Microstructures:categorical_sparse_0.28",,,,,,,,,,,,,,,,,,,,,,,step-1500,1500
4,catboost,catboost_regressor,catboost==1.2.10;iterations=1000;depth=6;learning_rate=0.03;l2_leaf_reg=3;thread_count=8,electrochemical_metrics_alloys__pitting_potential__epit_mv_sce_avg,electrochemical_metrics_alloys,Pitting Potential,"Epit, mV (SCE) Avg.",,continuous,0,,median,False,,608,487,121,21,False,0,,,,,epit_pipeline_development_fold_4,0,0,0,0,True,,,normal_corrosion,176.78525495127911,215.45749218665375,0.6617536377540367,0.7670399984280225,0.8227456609591492,0.3446778220925699,0.4200769978293113,"environment,material,process_history","{""environment"": 3, ""material"": 17, ""process_history"": 1}","Composition, wt.% N:numeric_sparse_0.34;Composition, wt.% C:numeric_sparse_0.45;Composition, wt.% Si:numeric_sparse_0.44;Composition, wt.% Mn:numeric_sparse_0.41;Composition, wt.% Cu:numeric_sparse_0.19;Composition, wt.% P:numeric_sparse_0.23;Composition, wt.% S:numeric_sparse_0.25;Test Solution:high_cardinality;Heat treatment:categorical_sparse_0.54;Microstructures:categorical_sparse_0.28",,,,,,,,,,,,,,,,,,,,,,,step-1500,1500
4,generic_baseline,local_tabicl_regressor,/home/fcolanto/projects/tabicl/checkpoints/tabicl_s1_regression_baseline/step-2000.ckpt,electrochemical_metrics_alloys__pitting_potential__epit_mv_sce_avg,electrochemical_metrics_alloys,Pitting Potential,"Epit, mV (SCE) Avg.",,continuous,0,,median,False,,608,487,121,21,False,0,,,,,epit_pipeline_development_fold_4,0,0,0,0,True,,,normal_corrosion,227.0559355238948,298.10494222600744,0.3524873076126684,0.6009054127027632,0.6472338866272451,0.442690457250721,0.5812145490856062,"environment,material,process_history","{""environment"": 3, ""material"": 17, ""process_history"": 1}","Composition, wt.% N:numeric_sparse_0.34;Composition, wt.% C:numeric_sparse_0.45;Composition, wt.% Si:numeric_sparse_0.44;Composition, wt.% Mn:numeric_sparse_0.41;Composition, wt.% Cu:numeric_sparse_0.19;Composition, wt.% P:numeric_sparse_0.23;Composition, wt.% S:numeric_sparse_0.25;Test Solution:high_cardinality;Heat treatment:categorical_sparse_0.54;Microstructures:categorical_sparse_0.28",,,,,,,,,,,,,,,,,,,,,,,step-2000,2000
4,trial_0025,local_tabicl_regressor,/home/fcolanto/projects/tabicl/checkpoints/epit_pipeline_final_v1/final_epit_pipeline_optuna_fe_ni_v4_trial_0025/step-2000.ckpt,electrochemical_metrics_alloys__pitting_potential__epit_mv_sce_avg,electrochemical_metrics_alloys,Pitting Potential,"Epit, mV (SCE) Avg.",,continuous,0,,median,False,,608,487,121,31,True,0,,,,,epit_pipeline_development_fold_4,0,0,0,0,True,,,normal_corrosion,198.56821803887897,254.73632478532645,0.5271845157140682,0.7072143403229493,0.7465754129776354,0.3871480172331428,0.4966588512094491,"environment,material,material_descriptor,process_history","{""environment"": 3, ""material"": 17, ""material_descriptor"": 10, ""process_history"": 1}","Composition, wt.% N:numeric_sparse_0.34;Composition, wt.% C:numeric_sparse_0.45;Composition, wt.% Si:numeric_sparse_0.44;Composition, wt.% Mn:numeric_sparse_0.41;Composition, wt.% Cu:numeric_sparse_0.19;Composition, wt.% P:numeric_sparse_0.23;Composition, wt.% S:numeric_sparse_0.25;Test Solution:high_cardinality;Heat treatment:categorical_sparse_0.54;Microstructures:categorical_sparse_0.28",,,,,,,,,,,,,,,,,,,,,,,step-2000,2000
4,pretrained_tabicl_v2,pretrained_tabicl_regressor,/home/fcolanto/.cache/huggingface/hub/models--jingang--TabICL/snapshots/4dcd344ece2c00be9e831fdd35bed57b5ad83e19/tabicl-regressor-v2-20260212.ckpt,electrochemical_metrics_alloys__pitting_potential__epit_mv_sce_avg,electrochemical_metrics_alloys,Pitting Potential,"Epit, mV (SCE) Avg.",,continuous,0,,median,False,,608,487,121,21,False,0,,,,,epit_pipeline_development_fold_4,0,0,0,0,True,,,normal_corrosion,179.26880134642678,246.08812648475617,0.558743360436929,0.7264166761737962,0.7510518633431433,0.349519987027543,0.4797974780361789,"environment,material,process_history","{""environment"": 3, ""material"": 17, ""process_history"": 1}","Composition, wt.% N:numeric_sparse_0.34;Composition, wt.% C:numeric_sparse_0.45;Composition, wt.% Si:numeric_sparse_0.44;Composition, wt.% Mn:numeric_sparse_0.41;Composition, wt.% Cu:numeric_sparse_0.19;Composition, wt.% P:numeric_sparse_0.23;Composition, wt.% S:numeric_sparse_0.25;Test Solution:high_cardinality;Heat treatment:categorical_sparse_0.54;Microstructures:categorical_sparse_0.28",,,,,,,,,,,,,,,,,,,,,,,step-2000,2000
4,catboost,catboost_regressor,catboost==1.2.10;iterations=1000;depth=6;learning_rate=0.03;l2_leaf_reg=3;thread_count=8,electrochemical_metrics_alloys__pitting_potential__epit_mv_sce_avg,electrochemical_metrics_alloys,Pitting Potential,"Epit, mV (SCE) Avg.",,continuous,0,,median,False,,608,487,121,21,False,0,,,,,epit_pipeline_development_fold_4,0,0,0,0,True,,,normal_corrosion,176.78525495127911,215.45749218665375,0.6617536377540367,0.7670399984280225,0.8227456609591492,0.3446778220925699,0.4200769978293113,"environment,material,process_history","{""environment"": 3, ""material"": 17, ""process_history"": 1}","Composition, wt.% N:numeric_sparse_0.34;Composition, wt.% C:numeric_sparse_0.45;Composition, wt.% Si:numeric_sparse_0.44;Composition, wt.% Mn:numeric_sparse_0.41;Composition, wt.% Cu:numeric_sparse_0.19;Composition, wt.% P:numeric_sparse_0.23;Composition, wt.% S:numeric_sparse_0.25;Test Solution:high_cardinality;Heat treatment:categorical_sparse_0.54;Microstructures:categorical_sparse_0.28",,,,,,,,,,,,,,,,,,,,,,,step-2000,2000
4,generic_baseline,local_tabicl_regressor,/home/fcolanto/projects/tabicl/checkpoints/tabicl_s1_regression_baseline/step-2500.ckpt,electrochemical_metrics_alloys__pitting_potential__epit_mv_sce_avg,electrochemical_metrics_alloys,Pitting Potential,"Epit, mV (SCE) Avg.",,continuous,0,,median,False,,608,487,121,21,False,0,,,,,epit_pipeline_development_fold_4,0,0,0,0,True,,,normal_corrosion,204.95593454722416,295.28715081734646,0.3646704839201906,0.6065688993040362,0.6484193413433474,0.3996021340363115,0.575720707384181,"environment,material,process_history","{""environment"": 3, ""material"": 17, ""process_history"": 1}","Composition, wt.% N:numeric_sparse_0.34;Composition, wt.% C:numeric_sparse_0.45;Composition, wt.% Si:numeric_sparse_0.44;Composition, wt.% Mn:numeric_sparse_0.41;Composition, wt.% Cu:numeric_sparse_0.19;Composition, wt.% P:numeric_sparse_0.23;Composition, wt.% S:numeric_sparse_0.25;Test Solution:high_cardinality;Heat treatment:categorical_sparse_0.54;Microstructures:categorical_sparse_0.28",,,,,,,,,,,,,,,,,,,,,,,step-2500,2500
4,trial_0025,local_tabicl_regressor,/home/fcolanto/projects/tabicl/checkpoints/epit_pipeline_final_v1/final_epit_pipeline_optuna_fe_ni_v4_trial_0025/step-2500.ckpt,electrochemical_metrics_alloys__pitting_potential__epit_mv_sce_avg,electrochemical_metrics_alloys,Pitting Potential,"Epit, mV (SCE) Avg.",,continuous,0,,median,False,,608,487,121,31,True,0,,,,,epit_pipeline_development_fold_4,0,0,0,0,True,,,normal_corrosion,211.1239344907288,271.3333423047897,0.4635660417767141,0.6769797222589766,0.7135933126945804,0.4116278699370809,0.5290180197012863,"environment,material,material_descriptor,process_history","{""environment"": 3, ""material"": 17, ""material_descriptor"": 10, ""process_history"": 1}","Composition, wt.% N:numeric_sparse_0.34;Composition, wt.% C:numeric_sparse_0.45;Composition, wt.% Si:numeric_sparse_0.44;Composition, wt.% Mn:numeric_sparse_0.41;Composition, wt.% Cu:numeric_sparse_0.19;Composition, wt.% P:numeric_sparse_0.23;Composition, wt.% S:numeric_sparse_0.25;Test Solution:high_cardinality;Heat treatment:categorical_sparse_0.54;Microstructures:categorical_sparse_0.28",,,,,,,,,,,,,,,,,,,,,,,step-2500,2500
4,pretrained_tabicl_v2,pretrained_tabicl_regressor,/home/fcolanto/.cache/huggingface/hub/models--jingang--TabICL/snapshots/4dcd344ece2c00be9e831fdd35bed57b5ad83e19/tabicl-regressor-v2-20260212.ckpt,electrochemical_metrics_alloys__pitting_potential__epit_mv_sce_avg,electrochemical_metrics_alloys,Pitting Potential,"Epit, mV (SCE) Avg.",,continuous,0,,median,False,,608,487,121,21,False,0,,,,,epit_pipeline_development_fold_4,0,0,0,0,True,,,normal_corrosion,179.26880134642678,246.08812648475617,0.558743360436929,0.7264166761737962,0.7510518633431433,0.349519987027543,0.4797974780361789,"environment,material,process_history","{""environment"": 3, ""material"": 17, ""process_history"": 1}","Composition, wt.% N:numeric_sparse_0.34;Composition, wt.% C:numeric_sparse_0.45;Composition, wt.% Si:numeric_sparse_0.44;Composition, wt.% Mn:numeric_sparse_0.41;Composition, wt.% Cu:numeric_sparse_0.19;Composition, wt.% P:numeric_sparse_0.23;Composition, wt.% S:numeric_sparse_0.25;Test Solution:high_cardinality;Heat treatment:categorical_sparse_0.54;Microstructures:categorical_sparse_0.28",,,,,,,,,,,,,,,,,,,,,,,step-2500,2500
4,catboost,catboost_regressor,catboost==1.2.10;iterations=1000;depth=6;learning_rate=0.03;l2_leaf_reg=3;thread_count=8,electrochemical_metrics_alloys__pitting_potential__epit_mv_sce_avg,electrochemical_metrics_alloys,Pitting Potential,"Epit, mV (SCE) Avg.",,continuous,0,,median,False,,608,487,121,21,False,0,,,,,epit_pipeline_development_fold_4,0,0,0,0,True,,,normal_corrosion,176.78525495127911,215.45749218665375,0.6617536377540367,0.7670399984280225,0.8227456609591492,0.3446778220925699,0.4200769978293113,"environment,material,process_history","{""environment"": 3, ""material"": 17, ""process_history"": 1}","Composition, wt.% N:numeric_sparse_0.34;Composition, wt.% C:numeric_sparse_0.45;Composition, wt.% Si:numeric_sparse_0.44;Composition, wt.% Mn:numeric_sparse_0.41;Composition, wt.% Cu:numeric_sparse_0.19;Composition, wt.% P:numeric_sparse_0.23;Composition, wt.% S:numeric_sparse_0.25;Test Solution:high_cardinality;Heat treatment:categorical_sparse_0.54;Microstructures:categorical_sparse_0.28",,,,,,,,,,,,,,,,,,,,,,,step-2500,2500
4,generic_baseline,local_tabicl_regressor,/home/fcolanto/projects/tabicl/checkpoints/tabicl_s1_regression_baseline/step-3000.ckpt,electrochemical_metrics_alloys__pitting_potential__epit_mv_sce_avg,electrochemical_metrics_alloys,Pitting Potential,"Epit, mV (SCE) Avg.",,continuous,0,,median,False,,608,487,121,21,False,0,,,,,epit_pipeline_development_fold_4,0,0,0,0,True,,,normal_corrosion,198.8150246643713,277.89788759314337,0.4372954530192761,0.6256492940558127,0.676298387609996,0.3876292155671111,0.5418168991872556,"environment,material,process_history","{""environment"": 3, ""material"": 17, ""process_history"": 1}","Composition, wt.% N:numeric_sparse_0.34;Composition, wt.% C:numeric_sparse_0.45;Composition, wt.% Si:numeric_sparse_0.44;Composition, wt.% Mn:numeric_sparse_0.41;Composition, wt.% Cu:numeric_sparse_0.19;Composition, wt.% P:numeric_sparse_0.23;Composition, wt.% S:numeric_sparse_0.25;Test Solution:high_cardinality;Heat treatment:categorical_sparse_0.54;Microstructures:categorical_sparse_0.28",,,,,,,,,,,,,,,,,,,,,,,step-3000,3000
4,trial_0025,local_tabicl_regressor,/home/fcolanto/projects/tabicl/checkpoints/epit_pipeline_final_v1/final_epit_pipeline_optuna_fe_ni_v4_trial_0025/step-3000.ckpt,electrochemical_metrics_alloys__pitting_potential__epit_mv_sce_avg,electrochemical_metrics_alloys,Pitting Potential,"Epit, mV (SCE) Avg.",,continuous,0,,median,False,,608,487,121,31,True,0,,,,,epit_pipeline_development_fold_4,0,0,0,0,True,,,normal_corrosion,201.49337556315908,257.6140157360073,0.5164416260894537,0.6816812290786937,0.7356173235709947,0.3928511904136461,0.5022694789159823,"environment,material,material_descriptor,process_history","{""environment"": 3, ""material"": 17, ""material_descriptor"": 10, ""process_history"": 1}","Composition, wt.% N:numeric_sparse_0.34;Composition, wt.% C:numeric_sparse_0.45;Composition, wt.% Si:numeric_sparse_0.44;Composition, wt.% Mn:numeric_sparse_0.41;Composition, wt.% Cu:numeric_sparse_0.19;Composition, wt.% P:numeric_sparse_0.23;Composition, wt.% S:numeric_sparse_0.25;Test Solution:high_cardinality;Heat treatment:categorical_sparse_0.54;Microstructures:categorical_sparse_0.28",,,,,,,,,,,,,,,,,,,,,,,step-3000,3000
4,pretrained_tabicl_v2,pretrained_tabicl_regressor,/home/fcolanto/.cache/huggingface/hub/models--jingang--TabICL/snapshots/4dcd344ece2c00be9e831fdd35bed57b5ad83e19/tabicl-regressor-v2-20260212.ckpt,electrochemical_metrics_alloys__pitting_potential__epit_mv_sce_avg,electrochemical_metrics_alloys,Pitting Potential,"Epit, mV (SCE) Avg.",,continuous,0,,median,False,,608,487,121,21,False,0,,,,,epit_pipeline_development_fold_4,0,0,0,0,True,,,normal_corrosion,179.26880134642678,246.08812648475617,0.558743360436929,0.7264166761737962,0.7510518633431433,0.349519987027543,0.4797974780361789,"environment,material,process_history","{""environment"": 3, ""material"": 17, ""process_history"": 1}","Composition, wt.% N:numeric_sparse_0.34;Composition, wt.% C:numeric_sparse_0.45;Composition, wt.% Si:numeric_sparse_0.44;Composition, wt.% Mn:numeric_sparse_0.41;Composition, wt.% Cu:numeric_sparse_0.19;Composition, wt.% P:numeric_sparse_0.23;Composition, wt.% S:numeric_sparse_0.25;Test Solution:high_cardinality;Heat treatment:categorical_sparse_0.54;Microstructures:categorical_sparse_0.28",,,,,,,,,,,,,,,,,,,,,,,step-3000,3000
4,catboost,catboost_regressor,catboost==1.2.10;iterations=1000;depth=6;learning_rate=0.03;l2_leaf_reg=3;thread_count=8,electrochemical_metrics_alloys__pitting_potential__epit_mv_sce_avg,electrochemical_metrics_alloys,Pitting Potential,"Epit, mV (SCE) Avg.",,continuous,0,,median,False,,608,487,121,21,False,0,,,,,epit_pipeline_development_fold_4,0,0,0,0,True,,,normal_corrosion,176.78525495127911,215.45749218665375,0.6617536377540367,0.7670399984280225,0.8227456609591492,0.3446778220925699,0.4200769978293113,"environment,material,process_history","{""environment"": 3, ""material"": 17, ""process_history"": 1}","Composition, wt.% N:numeric_sparse_0.34;Composition, wt.% C:numeric_sparse_0.45;Composition, wt.% Si:numeric_sparse_0.44;Composition, wt.% Mn:numeric_sparse_0.41;Composition, wt.% Cu:numeric_sparse_0.19;Composition, wt.% P:numeric_sparse_0.23;Composition, wt.% S:numeric_sparse_0.25;Test Solution:high_cardinality;Heat treatment:categorical_sparse_0.54;Microstructures:categorical_sparse_0.28",,,,,,,,,,,,,,,,,,,,,,,step-3000,3000
4,generic_baseline,local_tabicl_regressor,/home/fcolanto/projects/tabicl/checkpoints/tabicl_s1_regression_baseline/step-3500.ckpt,electrochemical_metrics_alloys__pitting_potential__epit_mv_sce_avg,electrochemical_metrics_alloys,Pitting Potential,"Epit, mV (SCE) Avg.",,continuous,0,,median,False,,608,487,121,21,False,0,,,,,epit_pipeline_development_fold_4,0,0,0,0,True,,,normal_corrosion,219.60759878425444,285.536490176437,0.4059360930307508,0.6000382759982622,0.6681257519936711,0.4281684515193106,0.5567098658148508,"environment,material,process_history","{""environment"": 3, ""material"": 17, ""process_history"": 1}","Composition, wt.% N:numeric_sparse_0.34;Composition, wt.% C:numeric_sparse_0.45;Composition, wt.% Si:numeric_sparse_0.44;Composition, wt.% Mn:numeric_sparse_0.41;Composition, wt.% Cu:numeric_sparse_0.19;Composition, wt.% P:numeric_sparse_0.23;Composition, wt.% S:numeric_sparse_0.25;Test Solution:high_cardinality;Heat treatment:categorical_sparse_0.54;Microstructures:categorical_sparse_0.28",,,,,,,,,,,,,,,,,,,,,,,step-3500,3500
4,trial_0025,local_tabicl_regressor,/home/fcolanto/projects/tabicl/checkpoints/epit_pipeline_final_v1/final_epit_pipeline_optuna_fe_ni_v4_trial_0025/step-3500.ckpt,electrochemical_metrics_alloys__pitting_potential__epit_mv_sce_avg,electrochemical_metrics_alloys,Pitting Potential,"Epit, mV (SCE) Avg.",,continuous,0,,median,False,,608,487,121,31,True,0,,,,,epit_pipeline_development_fold_4,0,0,0,0,True,,,normal_corrosion,199.51403722460665,253.00299337214585,0.5335970889294239,0.7102188335139356,0.7511493953441091,0.3889920788157665,0.4932793787719747,"environment,material,material_descriptor,process_history","{""environment"": 3, ""material"": 17, ""material_descriptor"": 10, ""process_history"": 1}","Composition, wt.% N:numeric_sparse_0.34;Composition, wt.% C:numeric_sparse_0.45;Composition, wt.% Si:numeric_sparse_0.44;Composition, wt.% Mn:numeric_sparse_0.41;Composition, wt.% Cu:numeric_sparse_0.19;Composition, wt.% P:numeric_sparse_0.23;Composition, wt.% S:numeric_sparse_0.25;Test Solution:high_cardinality;Heat treatment:categorical_sparse_0.54;Microstructures:categorical_sparse_0.28",,,,,,,,,,,,,,,,,,,,,,,step-3500,3500
4,pretrained_tabicl_v2,pretrained_tabicl_regressor,/home/fcolanto/.cache/huggingface/hub/models--jingang--TabICL/snapshots/4dcd344ece2c00be9e831fdd35bed57b5ad83e19/tabicl-regressor-v2-20260212.ckpt,electrochemical_metrics_alloys__pitting_potential__epit_mv_sce_avg,electrochemical_metrics_alloys,Pitting Potential,"Epit, mV (SCE) Avg.",,continuous,0,,median,False,,608,487,121,21,False,0,,,,,epit_pipeline_development_fold_4,0,0,0,0,True,,,normal_corrosion,179.26880134642678,246.08812648475617,0.558743360436929,0.7264166761737962,0.7510518633431433,0.349519987027543,0.4797974780361789,"environment,material,process_history","{""environment"": 3, ""material"": 17, ""process_history"": 1}","Composition, wt.% N:numeric_sparse_0.34;Composition, wt.% C:numeric_sparse_0.45;Composition, wt.% Si:numeric_sparse_0.44;Composition, wt.% Mn:numeric_sparse_0.41;Composition, wt.% Cu:numeric_sparse_0.19;Composition, wt.% P:numeric_sparse_0.23;Composition, wt.% S:numeric_sparse_0.25;Test Solution:high_cardinality;Heat treatment:categorical_sparse_0.54;Microstructures:categorical_sparse_0.28",,,,,,,,,,,,,,,,,,,,,,,step-3500,3500
4,catboost,catboost_regressor,catboost==1.2.10;iterations=1000;depth=6;learning_rate=0.03;l2_leaf_reg=3;thread_count=8,electrochemical_metrics_alloys__pitting_potential__epit_mv_sce_avg,electrochemical_metrics_alloys,Pitting Potential,"Epit, mV (SCE) Avg.",,continuous,0,,median,False,,608,487,121,21,False,0,,,,,epit_pipeline_development_fold_4,0,0,0,0,True,,,normal_corrosion,176.78525495127911,215.45749218665375,0.6617536377540367,0.7670399984280225,0.8227456609591492,0.3446778220925699,0.4200769978293113,"environment,material,process_history","{""environment"": 3, ""material"": 17, ""process_history"": 1}","Composition, wt.% N:numeric_sparse_0.34;Composition, wt.% C:numeric_sparse_0.45;Composition, wt.% Si:numeric_sparse_0.44;Composition, wt.% Mn:numeric_sparse_0.41;Composition, wt.% Cu:numeric_sparse_0.19;Composition, wt.% P:numeric_sparse_0.23;Composition, wt.% S:numeric_sparse_0.25;Test Solution:high_cardinality;Heat treatment:categorical_sparse_0.54;Microstructures:categorical_sparse_0.28",,,,,,,,,,,,,,,,,,,,,,,step-3500,3500
4,generic_baseline,local_tabicl_regressor,/home/fcolanto/projects/tabicl/checkpoints/tabicl_s1_regression_baseline/step-4000.ckpt,electrochemical_metrics_alloys__pitting_potential__epit_mv_sce_avg,electrochemical_metrics_alloys,Pitting Potential,"Epit, mV (SCE) Avg.",,continuous,0,,median,False,,608,487,121,21,False,0,,,,,epit_pipeline_development_fold_4,0,0,0,0,True,,,normal_corrosion,199.9031695739384,274.3206072996211,0.4516891995771708,0.654244481787838,0.6993169706107297,0.3897507692999384,0.5348422836802907,"environment,material,process_history","{""environment"": 3, ""material"": 17, ""process_history"": 1}","Composition, wt.% N:numeric_sparse_0.34;Composition, wt.% C:numeric_sparse_0.45;Composition, wt.% Si:numeric_sparse_0.44;Composition, wt.% Mn:numeric_sparse_0.41;Composition, wt.% Cu:numeric_sparse_0.19;Composition, wt.% P:numeric_sparse_0.23;Composition, wt.% S:numeric_sparse_0.25;Test Solution:high_cardinality;Heat treatment:categorical_sparse_0.54;Microstructures:categorical_sparse_0.28",,,,,,,,,,,,,,,,,,,,,,,step-4000,4000
4,trial_0025,local_tabicl_regressor,/home/fcolanto/projects/tabicl/checkpoints/epit_pipeline_final_v1/final_epit_pipeline_optuna_fe_ni_v4_trial_0025/step-4000.ckpt,electrochemical_metrics_alloys__pitting_potential__epit_mv_sce_avg,electrochemical_metrics_alloys,Pitting Potential,"Epit, mV (SCE) Avg.",,continuous,0,,median,False,,608,487,121,31,True,0,,,,,epit_pipeline_development_fold_4,0,0,0,0,True,,,normal_corrosion,200.2443078543813,253.35053559835768,0.5323148429286644,0.6930183640394953,0.7346647873428914,0.3904158858537362,0.4939569810847293,"environment,material,material_descriptor,process_history","{""environment"": 3, ""material"": 17, ""material_descriptor"": 10, ""process_history"": 1}","Composition, wt.% N:numeric_sparse_0.34;Composition, wt.% C:numeric_sparse_0.45;Composition, wt.% Si:numeric_sparse_0.44;Composition, wt.% Mn:numeric_sparse_0.41;Composition, wt.% Cu:numeric_sparse_0.19;Composition, wt.% P:numeric_sparse_0.23;Composition, wt.% S:numeric_sparse_0.25;Test Solution:high_cardinality;Heat treatment:categorical_sparse_0.54;Microstructures:categorical_sparse_0.28",,,,,,,,,,,,,,,,,,,,,,,step-4000,4000
4,pretrained_tabicl_v2,pretrained_tabicl_regressor,/home/fcolanto/.cache/huggingface/hub/models--jingang--TabICL/snapshots/4dcd344ece2c00be9e831fdd35bed57b5ad83e19/tabicl-regressor-v2-20260212.ckpt,electrochemical_metrics_alloys__pitting_potential__epit_mv_sce_avg,electrochemical_metrics_alloys,Pitting Potential,"Epit, mV (SCE) Avg.",,continuous,0,,median,False,,608,487,121,21,False,0,,,,,epit_pipeline_development_fold_4,0,0,0,0,True,,,normal_corrosion,179.26880134642678,246.08812648475617,0.558743360436929,0.7264166761737962,0.7510518633431433,0.349519987027543,0.4797974780361789,"environment,material,process_history","{""environment"": 3, ""material"": 17, ""process_history"": 1}","Composition, wt.% N:numeric_sparse_0.34;Composition, wt.% C:numeric_sparse_0.45;Composition, wt.% Si:numeric_sparse_0.44;Composition, wt.% Mn:numeric_sparse_0.41;Composition, wt.% Cu:numeric_sparse_0.19;Composition, wt.% P:numeric_sparse_0.23;Composition, wt.% S:numeric_sparse_0.25;Test Solution:high_cardinality;Heat treatment:categorical_sparse_0.54;Microstructures:categorical_sparse_0.28",,,,,,,,,,,,,,,,,,,,,,,step-4000,4000
4,catboost,catboost_regressor,catboost==1.2.10;iterations=1000;depth=6;learning_rate=0.03;l2_leaf_reg=3;thread_count=8,electrochemical_metrics_alloys__pitting_potential__epit_mv_sce_avg,electrochemical_metrics_alloys,Pitting Potential,"Epit, mV (SCE) Avg.",,continuous,0,,median,False,,608,487,121,21,False,0,,,,,epit_pipeline_development_fold_4,0,0,0,0,True,,,normal_corrosion,176.78525495127911,215.45749218665375,0.6617536377540367,0.7670399984280225,0.8227456609591492,0.3446778220925699,0.4200769978293113,"environment,material,process_history","{""environment"": 3, ""material"": 17, ""process_history"": 1}","Composition, wt.% N:numeric_sparse_0.34;Composition, wt.% C:numeric_sparse_0.45;Composition, wt.% Si:numeric_sparse_0.44;Composition, wt.% Mn:numeric_sparse_0.41;Composition, wt.% Cu:numeric_sparse_0.19;Composition, wt.% P:numeric_sparse_0.23;Composition, wt.% S:numeric_sparse_0.25;Test Solution:high_cardinality;Heat treatment:categorical_sparse_0.54;Microstructures:categorical_sparse_0.28",,,,,,,,,,,,,,,,,,,,,,,step-4000,4000
4,generic_baseline,local_tabicl_regressor,/home/fcolanto/projects/tabicl/checkpoints/tabicl_s1_regression_baseline/step-4500.ckpt,electrochemical_metrics_alloys__pitting_potential__epit_mv_sce_avg,electrochemical_metrics_alloys,Pitting Potential,"Epit, mV (SCE) Avg.",,continuous,0,,median,False,,608,487,121,21,False,0,,,,,epit_pipeline_development_fold_4,0,0,0,0,True,,,normal_corrosion,210.00539656519777,284.1310992440804,0.4117695848346142,0.6402957749552769,0.6490027815443907,0.4094470590079894,0.5539697782103341,"environment,material,process_history","{""environment"": 3, ""material"": 17, ""process_history"": 1}","Composition, wt.% N:numeric_sparse_0.34;Composition, wt.% C:numeric_sparse_0.45;Composition, wt.% Si:numeric_sparse_0.44;Composition, wt.% Mn:numeric_sparse_0.41;Composition, wt.% Cu:numeric_sparse_0.19;Composition, wt.% P:numeric_sparse_0.23;Composition, wt.% S:numeric_sparse_0.25;Test Solution:high_cardinality;Heat treatment:categorical_sparse_0.54;Microstructures:categorical_sparse_0.28",,,,,,,,,,,,,,,,,,,,,,,step-4500,4500
4,trial_0025,local_tabicl_regressor,/home/fcolanto/projects/tabicl/checkpoints/epit_pipeline_final_v1/final_epit_pipeline_optuna_fe_ni_v4_trial_0025/step-4500.ckpt,electrochemical_metrics_alloys__pitting_potential__epit_mv_sce_avg,electrochemical_metrics_alloys,Pitting Potential,"Epit, mV (SCE) Avg.",,continuous,0,,median,False,,608,487,121,31,True,0,,,,,epit_pipeline_development_fold_4,0,0,0,0,True,,,normal_corrosion,208.4398077524879,256.80938841085515,0.5194575850633005,0.6835205073230065,0.7244494509886402,0.4063946339490893,0.5007006987928547,"environment,material,material_descriptor,process_history","{""environment"": 3, ""material"": 17, ""material_descriptor"": 10, ""process_history"": 1}","Composition, wt.% N:numeric_sparse_0.34;Composition, wt.% C:numeric_sparse_0.45;Composition, wt.% Si:numeric_sparse_0.44;Composition, wt.% Mn:numeric_sparse_0.41;Composition, wt.% Cu:numeric_sparse_0.19;Composition, wt.% P:numeric_sparse_0.23;Composition, wt.% S:numeric_sparse_0.25;Test Solution:high_cardinality;Heat treatment:categorical_sparse_0.54;Microstructures:categorical_sparse_0.28",,,,,,,,,,,,,,,,,,,,,,,step-4500,4500
4,pretrained_tabicl_v2,pretrained_tabicl_regressor,/home/fcolanto/.cache/huggingface/hub/models--jingang--TabICL/snapshots/4dcd344ece2c00be9e831fdd35bed57b5ad83e19/tabicl-regressor-v2-20260212.ckpt,electrochemical_metrics_alloys__pitting_potential__epit_mv_sce_avg,electrochemical_metrics_alloys,Pitting Potential,"Epit, mV (SCE) Avg.",,continuous,0,,median,False,,608,487,121,21,False,0,,,,,epit_pipeline_development_fold_4,0,0,0,0,True,,,normal_corrosion,179.26880134642678,246.08812648475617,0.558743360436929,0.7264166761737962,0.7510518633431433,0.349519987027543,0.4797974780361789,"environment,material,process_history","{""environment"": 3, ""material"": 17, ""process_history"": 1}","Composition, wt.% N:numeric_sparse_0.34;Composition, wt.% C:numeric_sparse_0.45;Composition, wt.% Si:numeric_sparse_0.44;Composition, wt.% Mn:numeric_sparse_0.41;Composition, wt.% Cu:numeric_sparse_0.19;Composition, wt.% P:numeric_sparse_0.23;Composition, wt.% S:numeric_sparse_0.25;Test Solution:high_cardinality;Heat treatment:categorical_sparse_0.54;Microstructures:categorical_sparse_0.28",,,,,,,,,,,,,,,,,,,,,,,step-4500,4500
4,catboost,catboost_regressor,catboost==1.2.10;iterations=1000;depth=6;learning_rate=0.03;l2_leaf_reg=3;thread_count=8,electrochemical_metrics_alloys__pitting_potential__epit_mv_sce_avg,electrochemical_metrics_alloys,Pitting Potential,"Epit, mV (SCE) Avg.",,continuous,0,,median,False,,608,487,121,21,False,0,,,,,epit_pipeline_development_fold_4,0,0,0,0,True,,,normal_corrosion,176.78525495127911,215.45749218665375,0.6617536377540367,0.7670399984280225,0.8227456609591492,0.3446778220925699,0.4200769978293113,"environment,material,process_history","{""environment"": 3, ""material"": 17, ""process_history"": 1}","Composition, wt.% N:numeric_sparse_0.34;Composition, wt.% C:numeric_sparse_0.45;Composition, wt.% Si:numeric_sparse_0.44;Composition, wt.% Mn:numeric_sparse_0.41;Composition, wt.% Cu:numeric_sparse_0.19;Composition, wt.% P:numeric_sparse_0.23;Composition, wt.% S:numeric_sparse_0.25;Test Solution:high_cardinality;Heat treatment:categorical_sparse_0.54;Microstructures:categorical_sparse_0.28",,,,,,,,,,,,,,,,,,,,,,,step-4500,4500
4,generic_baseline,local_tabicl_regressor,/home/fcolanto/projects/tabicl/checkpoints/tabicl_s1_regression_baseline/step-5000.ckpt,electrochemical_metrics_alloys__pitting_potential__epit_mv_sce_avg,electrochemical_metrics_alloys,Pitting Potential,"Epit, mV (SCE) Avg.",,continuous,0,,median,False,,608,487,121,21,False,0,,,,,epit_pipeline_development_fold_4,0,0,0,0,True,,,normal_corrosion,213.35408976719285,279.74259205596184,0.4298001184377471,0.6470499569426803,0.6905219111146444,0.4159759987662173,0.5454135154142364,"environment,material,process_history","{""environment"": 3, ""material"": 17, ""process_history"": 1}","Composition, wt.% N:numeric_sparse_0.34;Composition, wt.% C:numeric_sparse_0.45;Composition, wt.% Si:numeric_sparse_0.44;Composition, wt.% Mn:numeric_sparse_0.41;Composition, wt.% Cu:numeric_sparse_0.19;Composition, wt.% P:numeric_sparse_0.23;Composition, wt.% S:numeric_sparse_0.25;Test Solution:high_cardinality;Heat treatment:categorical_sparse_0.54;Microstructures:categorical_sparse_0.28",,,,,,,,,,,,,,,,,,,,,,,step-5000,5000
4,trial_0025,local_tabicl_regressor,/home/fcolanto/projects/tabicl/checkpoints/epit_pipeline_final_v1/final_epit_pipeline_optuna_fe_ni_v4_trial_0025/step-5000.ckpt,electrochemical_metrics_alloys__pitting_potential__epit_mv_sce_avg,electrochemical_metrics_alloys,Pitting Potential,"Epit, mV (SCE) Avg.",,continuous,0,,median,False,,608,487,121,31,True,0,,,,,epit_pipeline_development_fold_4,0,0,0,0,True,,,normal_corrosion,203.15299232986231,255.36367173159925,0.5248528137297107,0.6641894558675852,0.7316702862082445,0.3960869415672886,0.4978819881684524,"environment,material,material_descriptor,process_history","{""environment"": 3, ""material"": 17, ""material_descriptor"": 10, ""process_history"": 1}","Composition, wt.% N:numeric_sparse_0.34;Composition, wt.% C:numeric_sparse_0.45;Composition, wt.% Si:numeric_sparse_0.44;Composition, wt.% Mn:numeric_sparse_0.41;Composition, wt.% Cu:numeric_sparse_0.19;Composition, wt.% P:numeric_sparse_0.23;Composition, wt.% S:numeric_sparse_0.25;Test Solution:high_cardinality;Heat treatment:categorical_sparse_0.54;Microstructures:categorical_sparse_0.28",,,,,,,,,,,,,,,,,,,,,,,step-5000,5000
4,pretrained_tabicl_v2,pretrained_tabicl_regressor,/home/fcolanto/.cache/huggingface/hub/models--jingang--TabICL/snapshots/4dcd344ece2c00be9e831fdd35bed57b5ad83e19/tabicl-regressor-v2-20260212.ckpt,electrochemical_metrics_alloys__pitting_potential__epit_mv_sce_avg,electrochemical_metrics_alloys,Pitting Potential,"Epit, mV (SCE) Avg.",,continuous,0,,median,False,,608,487,121,21,False,0,,,,,epit_pipeline_development_fold_4,0,0,0,0,True,,,normal_corrosion,179.26880134642678,246.08812648475617,0.558743360436929,0.7264166761737962,0.7510518633431433,0.349519987027543,0.4797974780361789,"environment,material,process_history","{""environment"": 3, ""material"": 17, ""process_history"": 1}","Composition, wt.% N:numeric_sparse_0.34;Composition, wt.% C:numeric_sparse_0.45;Composition, wt.% Si:numeric_sparse_0.44;Composition, wt.% Mn:numeric_sparse_0.41;Composition, wt.% Cu:numeric_sparse_0.19;Composition, wt.% P:numeric_sparse_0.23;Composition, wt.% S:numeric_sparse_0.25;Test Solution:high_cardinality;Heat treatment:categorical_sparse_0.54;Microstructures:categorical_sparse_0.28",,,,,,,,,,,,,,,,,,,,,,,step-5000,5000
4,catboost,catboost_regressor,catboost==1.2.10;iterations=1000;depth=6;learning_rate=0.03;l2_leaf_reg=3;thread_count=8,electrochemical_metrics_alloys__pitting_potential__epit_mv_sce_avg,electrochemical_metrics_alloys,Pitting Potential,"Epit, mV (SCE) Avg.",,continuous,0,,median,False,,608,487,121,21,False,0,,,,,epit_pipeline_development_fold_4,0,0,0,0,True,,,normal_corrosion,176.78525495127911,215.45749218665375,0.6617536377540367,0.7670399984280225,0.8227456609591492,0.3446778220925699,0.4200769978293113,"environment,material,process_history","{""environment"": 3, ""material"": 17, ""process_history"": 1}","Composition, wt.% N:numeric_sparse_0.34;Composition, wt.% C:numeric_sparse_0.45;Composition, wt.% Si:numeric_sparse_0.44;Composition, wt.% Mn:numeric_sparse_0.41;Composition, wt.% Cu:numeric_sparse_0.19;Composition, wt.% P:numeric_sparse_0.23;Composition, wt.% S:numeric_sparse_0.25;Test Solution:high_cardinality;Heat treatment:categorical_sparse_0.54;Microstructures:categorical_sparse_0.28",,,,,,,,,,,,,,,,,,,,,,,step-5000,5000
4,generic_baseline,local_tabicl_regressor,/home/fcolanto/projects/tabicl/checkpoints/tabicl_s1_regression_baseline/step-5500.ckpt,electrochemical_metrics_alloys__pitting_potential__epit_mv_sce_avg,electrochemical_metrics_alloys,Pitting Potential,"Epit, mV (SCE) Avg.",,continuous,0,,median,False,,608,487,121,21,False,0,,,,,epit_pipeline_development_fold_4,0,0,0,0,True,,,normal_corrosion,219.04208648743597,283.6273875296896,0.4138533828454144,0.5943781766497412,0.6663032278583921,0.4270658734401168,0.5529876925905433,"environment,material,process_history","{""environment"": 3, ""material"": 17, ""process_history"": 1}","Composition, wt.% N:numeric_sparse_0.34;Composition, wt.% C:numeric_sparse_0.45;Composition, wt.% Si:numeric_sparse_0.44;Composition, wt.% Mn:numeric_sparse_0.41;Composition, wt.% Cu:numeric_sparse_0.19;Composition, wt.% P:numeric_sparse_0.23;Composition, wt.% S:numeric_sparse_0.25;Test Solution:high_cardinality;Heat treatment:categorical_sparse_0.54;Microstructures:categorical_sparse_0.28",,,,,,,,,,,,,,,,,,,,,,,step-5500,5500
4,trial_0025,local_tabicl_regressor,/home/fcolanto/projects/tabicl/checkpoints/epit_pipeline_final_v1/final_epit_pipeline_optuna_fe_ni_v4_trial_0025/step-5500.ckpt,electrochemical_metrics_alloys__pitting_potential__epit_mv_sce_avg,electrochemical_metrics_alloys,Pitting Potential,"Epit, mV (SCE) Avg.",,continuous,0,,median,False,,608,487,121,31,True,0,,,,,epit_pipeline_development_fold_4,0,0,0,0,True,,,normal_corrosion,204.94242199920308,258.1407672511136,0.5144621102049414,0.6750591499486167,0.7220506752202835,0.3995757886512051,0.5032964851844679,"environment,material,material_descriptor,process_history","{""environment"": 3, ""material"": 17, ""material_descriptor"": 10, ""process_history"": 1}","Composition, wt.% N:numeric_sparse_0.34;Composition, wt.% C:numeric_sparse_0.45;Composition, wt.% Si:numeric_sparse_0.44;Composition, wt.% Mn:numeric_sparse_0.41;Composition, wt.% Cu:numeric_sparse_0.19;Composition, wt.% P:numeric_sparse_0.23;Composition, wt.% S:numeric_sparse_0.25;Test Solution:high_cardinality;Heat treatment:categorical_sparse_0.54;Microstructures:categorical_sparse_0.28",,,,,,,,,,,,,,,,,,,,,,,step-5500,5500
4,pretrained_tabicl_v2,pretrained_tabicl_regressor,/home/fcolanto/.cache/huggingface/hub/models--jingang--TabICL/snapshots/4dcd344ece2c00be9e831fdd35bed57b5ad83e19/tabicl-regressor-v2-20260212.ckpt,electrochemical_metrics_alloys__pitting_potential__epit_mv_sce_avg,electrochemical_metrics_alloys,Pitting Potential,"Epit, mV (SCE) Avg.",,continuous,0,,median,False,,608,487,121,21,False,0,,,,,epit_pipeline_development_fold_4,0,0,0,0,True,,,normal_corrosion,179.26880134642678,246.08812648475617,0.558743360436929,0.7264166761737962,0.7510518633431433,0.349519987027543,0.4797974780361789,"environment,material,process_history","{""environment"": 3, ""material"": 17, ""process_history"": 1}","Composition, wt.% N:numeric_sparse_0.34;Composition, wt.% C:numeric_sparse_0.45;Composition, wt.% Si:numeric_sparse_0.44;Composition, wt.% Mn:numeric_sparse_0.41;Composition, wt.% Cu:numeric_sparse_0.19;Composition, wt.% P:numeric_sparse_0.23;Composition, wt.% S:numeric_sparse_0.25;Test Solution:high_cardinality;Heat treatment:categorical_sparse_0.54;Microstructures:categorical_sparse_0.28",,,,,,,,,,,,,,,,,,,,,,,step-5500,5500
4,catboost,catboost_regressor,catboost==1.2.10;iterations=1000;depth=6;learning_rate=0.03;l2_leaf_reg=3;thread_count=8,electrochemical_metrics_alloys__pitting_potential__epit_mv_sce_avg,electrochemical_metrics_alloys,Pitting Potential,"Epit, mV (SCE) Avg.",,continuous,0,,median,False,,608,487,121,21,False,0,,,,,epit_pipeline_development_fold_4,0,0,0,0,True,,,normal_corrosion,176.78525495127911,215.45749218665375,0.6617536377540367,0.7670399984280225,0.8227456609591492,0.3446778220925699,0.4200769978293113,"environment,material,process_history","{""environment"": 3, ""material"": 17, ""process_history"": 1}","Composition, wt.% N:numeric_sparse_0.34;Composition, wt.% C:numeric_sparse_0.45;Composition, wt.% Si:numeric_sparse_0.44;Composition, wt.% Mn:numeric_sparse_0.41;Composition, wt.% Cu:numeric_sparse_0.19;Composition, wt.% P:numeric_sparse_0.23;Composition, wt.% S:numeric_sparse_0.25;Test Solution:high_cardinality;Heat treatment:categorical_sparse_0.54;Microstructures:categorical_sparse_0.28",,,,,,,,,,,,,,,,,,,,,,,step-5500,5500
4,generic_baseline,local_tabicl_regressor,/home/fcolanto/projects/tabicl/checkpoints/tabicl_s1_regression_baseline/step-6000.ckpt,electrochemical_metrics_alloys__pitting_potential__epit_mv_sce_avg,electrochemical_metrics_alloys,Pitting Potential,"Epit, mV (SCE) Avg.",,continuous,0,,median,False,,608,487,121,21,False,0,,,,,epit_pipeline_development_fold_4,0,0,0,0,True,,,normal_corrosion,204.0278934175996,259.7330633396939,0.5084537255633794,0.6397267164929482,0.7146903281182807,0.3977927342905042,0.5064009813602923,"environment,material,process_history","{""environment"": 3, ""material"": 17, ""process_history"": 1}","Composition, wt.% N:numeric_sparse_0.34;Composition, wt.% C:numeric_sparse_0.45;Composition, wt.% Si:numeric_sparse_0.44;Composition, wt.% Mn:numeric_sparse_0.41;Composition, wt.% Cu:numeric_sparse_0.19;Composition, wt.% P:numeric_sparse_0.23;Composition, wt.% S:numeric_sparse_0.25;Test Solution:high_cardinality;Heat treatment:categorical_sparse_0.54;Microstructures:categorical_sparse_0.28",,,,,,,,,,,,,,,,,,,,,,,step-6000,6000
4,trial_0025,local_tabicl_regressor,/home/fcolanto/projects/tabicl/checkpoints/epit_pipeline_final_v1/final_epit_pipeline_optuna_fe_ni_v4_trial_0025/step-6000.ckpt,electrochemical_metrics_alloys__pitting_potential__epit_mv_sce_avg,electrochemical_metrics_alloys,Pitting Potential,"Epit, mV (SCE) Avg.",,continuous,0,,median,False,,608,487,121,31,True,0,,,,,epit_pipeline_development_fold_4,0,0,0,0,True,,,normal_corrosion,205.70734716808383,257.5929066285961,0.5165208691960088,0.6787512554482503,0.722693895101114,0.4010671615677205,0.5022283225357693,"environment,material,material_descriptor,process_history","{""environment"": 3, ""material"": 17, ""material_descriptor"": 10, ""process_history"": 1}","Composition, wt.% N:numeric_sparse_0.34;Composition, wt.% C:numeric_sparse_0.45;Composition, wt.% Si:numeric_sparse_0.44;Composition, wt.% Mn:numeric_sparse_0.41;Composition, wt.% Cu:numeric_sparse_0.19;Composition, wt.% P:numeric_sparse_0.23;Composition, wt.% S:numeric_sparse_0.25;Test Solution:high_cardinality;Heat treatment:categorical_sparse_0.54;Microstructures:categorical_sparse_0.28",,,,,,,,,,,,,,,,,,,,,,,step-6000,6000
4,pretrained_tabicl_v2,pretrained_tabicl_regressor,/home/fcolanto/.cache/huggingface/hub/models--jingang--TabICL/snapshots/4dcd344ece2c00be9e831fdd35bed57b5ad83e19/tabicl-regressor-v2-20260212.ckpt,electrochemical_metrics_alloys__pitting_potential__epit_mv_sce_avg,electrochemical_metrics_alloys,Pitting Potential,"Epit, mV (SCE) Avg.",,continuous,0,,median,False,,608,487,121,21,False,0,,,,,epit_pipeline_development_fold_4,0,0,0,0,True,,,normal_corrosion,179.26880134642678,246.08812648475617,0.558743360436929,0.7264166761737962,0.7510518633431433,0.349519987027543,0.4797974780361789,"environment,material,process_history","{""environment"": 3, ""material"": 17, ""process_history"": 1}","Composition, wt.% N:numeric_sparse_0.34;Composition, wt.% C:numeric_sparse_0.45;Composition, wt.% Si:numeric_sparse_0.44;Composition, wt.% Mn:numeric_sparse_0.41;Composition, wt.% Cu:numeric_sparse_0.19;Composition, wt.% P:numeric_sparse_0.23;Composition, wt.% S:numeric_sparse_0.25;Test Solution:high_cardinality;Heat treatment:categorical_sparse_0.54;Microstructures:categorical_sparse_0.28",,,,,,,,,,,,,,,,,,,,,,,step-6000,6000
4,catboost,catboost_regressor,catboost==1.2.10;iterations=1000;depth=6;learning_rate=0.03;l2_leaf_reg=3;thread_count=8,electrochemical_metrics_alloys__pitting_potential__epit_mv_sce_avg,electrochemical_metrics_alloys,Pitting Potential,"Epit, mV (SCE) Avg.",,continuous,0,,median,False,,608,487,121,21,False,0,,,,,epit_pipeline_development_fold_4,0,0,0,0,True,,,normal_corrosion,176.78525495127911,215.45749218665375,0.6617536377540367,0.7670399984280225,0.8227456609591492,0.3446778220925699,0.4200769978293113,"environment,material,process_history","{""environment"": 3, ""material"": 17, ""process_history"": 1}","Composition, wt.% N:numeric_sparse_0.34;Composition, wt.% C:numeric_sparse_0.45;Composition, wt.% Si:numeric_sparse_0.44;Composition, wt.% Mn:numeric_sparse_0.41;Composition, wt.% Cu:numeric_sparse_0.19;Composition, wt.% P:numeric_sparse_0.23;Composition, wt.% S:numeric_sparse_0.25;Test Solution:high_cardinality;Heat treatment:categorical_sparse_0.54;Microstructures:categorical_sparse_0.28",,,,,,,,,,,,,,,,,,,,,,,step-6000,6000
4,generic_baseline,local_tabicl_regressor,/home/fcolanto/projects/tabicl/checkpoints/tabicl_s1_regression_baseline/step-6500.ckpt,electrochemical_metrics_alloys__pitting_potential__epit_mv_sce_avg,electrochemical_metrics_alloys,Pitting Potential,"Epit, mV (SCE) Avg.",,continuous,0,,median,False,,608,487,121,21,False,0,,,,,epit_pipeline_development_fold_4,0,0,0,0,True,,,normal_corrosion,201.8428888979715,252.71149831951163,0.5346711933907884,0.6597487675097689,0.7312919867892304,0.3935326357924966,0.4927110515100636,"environment,material,process_history","{""environment"": 3, ""material"": 17, ""process_history"": 1}","Composition, wt.% N:numeric_sparse_0.34;Composition, wt.% C:numeric_sparse_0.45;Composition, wt.% Si:numeric_sparse_0.44;Composition, wt.% Mn:numeric_sparse_0.41;Composition, wt.% Cu:numeric_sparse_0.19;Composition, wt.% P:numeric_sparse_0.23;Composition, wt.% S:numeric_sparse_0.25;Test Solution:high_cardinality;Heat treatment:categorical_sparse_0.54;Microstructures:categorical_sparse_0.28",,,,,,,,,,,,,,,,,,,,,,,step-6500,6500
4,trial_0025,local_tabicl_regressor,/home/fcolanto/projects/tabicl/checkpoints/epit_pipeline_final_v1/final_epit_pipeline_optuna_fe_ni_v4_trial_0025/step-6500.ckpt,electrochemical_metrics_alloys__pitting_potential__epit_mv_sce_avg,electrochemical_metrics_alloys,Pitting Potential,"Epit, mV (SCE) Avg.",,continuous,0,,median,False,,608,487,121,31,True,0,,,,,epit_pipeline_development_fold_4,0,0,0,0,True,,,normal_corrosion,203.1556489480909,255.9827784973412,0.5225461157835167,0.6732334207153117,0.7278448649571477,0.396092121169996,0.4990890592656292,"environment,material,material_descriptor,process_history","{""environment"": 3, ""material"": 17, ""material_descriptor"": 10, ""process_history"": 1}","Composition, wt.% N:numeric_sparse_0.34;Composition, wt.% C:numeric_sparse_0.45;Composition, wt.% Si:numeric_sparse_0.44;Composition, wt.% Mn:numeric_sparse_0.41;Composition, wt.% Cu:numeric_sparse_0.19;Composition, wt.% P:numeric_sparse_0.23;Composition, wt.% S:numeric_sparse_0.25;Test Solution:high_cardinality;Heat treatment:categorical_sparse_0.54;Microstructures:categorical_sparse_0.28",,,,,,,,,,,,,,,,,,,,,,,step-6500,6500
4,pretrained_tabicl_v2,pretrained_tabicl_regressor,/home/fcolanto/.cache/huggingface/hub/models--jingang--TabICL/snapshots/4dcd344ece2c00be9e831fdd35bed57b5ad83e19/tabicl-regressor-v2-20260212.ckpt,electrochemical_metrics_alloys__pitting_potential__epit_mv_sce_avg,electrochemical_metrics_alloys,Pitting Potential,"Epit, mV (SCE) Avg.",,continuous,0,,median,False,,608,487,121,21,False,0,,,,,epit_pipeline_development_fold_4,0,0,0,0,True,,,normal_corrosion,179.26880134642678,246.08812648475617,0.558743360436929,0.7264166761737962,0.7510518633431433,0.349519987027543,0.4797974780361789,"environment,material,process_history","{""environment"": 3, ""material"": 17, ""process_history"": 1}","Composition, wt.% N:numeric_sparse_0.34;Composition, wt.% C:numeric_sparse_0.45;Composition, wt.% Si:numeric_sparse_0.44;Composition, wt.% Mn:numeric_sparse_0.41;Composition, wt.% Cu:numeric_sparse_0.19;Composition, wt.% P:numeric_sparse_0.23;Composition, wt.% S:numeric_sparse_0.25;Test Solution:high_cardinality;Heat treatment:categorical_sparse_0.54;Microstructures:categorical_sparse_0.28",,,,,,,,,,,,,,,,,,,,,,,step-6500,6500
4,catboost,catboost_regressor,catboost==1.2.10;iterations=1000;depth=6;learning_rate=0.03;l2_leaf_reg=3;thread_count=8,electrochemical_metrics_alloys__pitting_potential__epit_mv_sce_avg,electrochemical_metrics_alloys,Pitting Potential,"Epit, mV (SCE) Avg.",,continuous,0,,median,False,,608,487,121,21,False,0,,,,,epit_pipeline_development_fold_4,0,0,0,0,True,,,normal_corrosion,176.78525495127911,215.45749218665375,0.6617536377540367,0.7670399984280225,0.8227456609591492,0.3446778220925699,0.4200769978293113,"environment,material,process_history","{""environment"": 3, ""material"": 17, ""process_history"": 1}","Composition, wt.% N:numeric_sparse_0.34;Composition, wt.% C:numeric_sparse_0.45;Composition, wt.% Si:numeric_sparse_0.44;Composition, wt.% Mn:numeric_sparse_0.41;Composition, wt.% Cu:numeric_sparse_0.19;Composition, wt.% P:numeric_sparse_0.23;Composition, wt.% S:numeric_sparse_0.25;Test Solution:high_cardinality;Heat treatment:categorical_sparse_0.54;Microstructures:categorical_sparse_0.28",,,,,,,,,,,,,,,,,,,,,,,step-6500,6500
4,generic_baseline,local_tabicl_regressor,/home/fcolanto/projects/tabicl/checkpoints/tabicl_s1_regression_baseline/step-7000.ckpt,electrochemical_metrics_alloys__pitting_potential__epit_mv_sce_avg,electrochemical_metrics_alloys,Pitting Potential,"Epit, mV (SCE) Avg.",,continuous,0,,median,False,,608,487,121,21,False,0,,,,,epit_pipeline_development_fold_4,0,0,0,0,True,,,normal_corrosion,204.2833684577517,261.9909608868692,0.4998704115587751,0.6355570083552885,0.7091307474789894,0.3982908334134367,0.5108031992335137,"environment,material,process_history","{""environment"": 3, ""material"": 17, ""process_history"": 1}","Composition, wt.% N:numeric_sparse_0.34;Composition, wt.% C:numeric_sparse_0.45;Composition, wt.% Si:numeric_sparse_0.44;Composition, wt.% Mn:numeric_sparse_0.41;Composition, wt.% Cu:numeric_sparse_0.19;Composition, wt.% P:numeric_sparse_0.23;Composition, wt.% S:numeric_sparse_0.25;Test Solution:high_cardinality;Heat treatment:categorical_sparse_0.54;Microstructures:categorical_sparse_0.28",,,,,,,,,,,,,,,,,,,,,,,step-7000,7000
4,trial_0025,local_tabicl_regressor,/home/fcolanto/projects/tabicl/checkpoints/epit_pipeline_final_v1/final_epit_pipeline_optuna_fe_ni_v4_trial_0025/step-7000.ckpt,electrochemical_metrics_alloys__pitting_potential__epit_mv_sce_avg,electrochemical_metrics_alloys,Pitting Potential,"Epit, mV (SCE) Avg.",,continuous,0,,median,False,,608,487,121,31,True,0,,,,,epit_pipeline_development_fold_4,0,0,0,0,True,,,normal_corrosion,208.1051681886325,261.13467923554896,0.5031342794967575,0.6601823358620195,0.7106719532791942,0.4057421879287043,0.5091337087844588,"environment,material,material_descriptor,process_history","{""environment"": 3, ""material"": 17, ""material_descriptor"": 10, ""process_history"": 1}","Composition, wt.% N:numeric_sparse_0.34;Composition, wt.% C:numeric_sparse_0.45;Composition, wt.% Si:numeric_sparse_0.44;Composition, wt.% Mn:numeric_sparse_0.41;Composition, wt.% Cu:numeric_sparse_0.19;Composition, wt.% P:numeric_sparse_0.23;Composition, wt.% S:numeric_sparse_0.25;Test Solution:high_cardinality;Heat treatment:categorical_sparse_0.54;Microstructures:categorical_sparse_0.28",,,,,,,,,,,,,,,,,,,,,,,step-7000,7000
4,pretrained_tabicl_v2,pretrained_tabicl_regressor,/home/fcolanto/.cache/huggingface/hub/models--jingang--TabICL/snapshots/4dcd344ece2c00be9e831fdd35bed57b5ad83e19/tabicl-regressor-v2-20260212.ckpt,electrochemical_metrics_alloys__pitting_potential__epit_mv_sce_avg,electrochemical_metrics_alloys,Pitting Potential,"Epit, mV (SCE) Avg.",,continuous,0,,median,False,,608,487,121,21,False,0,,,,,epit_pipeline_development_fold_4,0,0,0,0,True,,,normal_corrosion,179.26880134642678,246.08812648475617,0.558743360436929,0.7264166761737962,0.7510518633431433,0.349519987027543,0.4797974780361789,"environment,material,process_history","{""environment"": 3, ""material"": 17, ""process_history"": 1}","Composition, wt.% N:numeric_sparse_0.34;Composition, wt.% C:numeric_sparse_0.45;Composition, wt.% Si:numeric_sparse_0.44;Composition, wt.% Mn:numeric_sparse_0.41;Composition, wt.% Cu:numeric_sparse_0.19;Composition, wt.% P:numeric_sparse_0.23;Composition, wt.% S:numeric_sparse_0.25;Test Solution:high_cardinality;Heat treatment:categorical_sparse_0.54;Microstructures:categorical_sparse_0.28",,,,,,,,,,,,,,,,,,,,,,,step-7000,7000
4,catboost,catboost_regressor,catboost==1.2.10;iterations=1000;depth=6;learning_rate=0.03;l2_leaf_reg=3;thread_count=8,electrochemical_metrics_alloys__pitting_potential__epit_mv_sce_avg,electrochemical_metrics_alloys,Pitting Potential,"Epit, mV (SCE) Avg.",,continuous,0,,median,False,,608,487,121,21,False,0,,,,,epit_pipeline_development_fold_4,0,0,0,0,True,,,normal_corrosion,176.78525495127911,215.45749218665375,0.6617536377540367,0.7670399984280225,0.8227456609591492,0.3446778220925699,0.4200769978293113,"environment,material,process_history","{""environment"": 3, ""material"": 17, ""process_history"": 1}","Composition, wt.% N:numeric_sparse_0.34;Composition, wt.% C:numeric_sparse_0.45;Composition, wt.% Si:numeric_sparse_0.44;Composition, wt.% Mn:numeric_sparse_0.41;Composition, wt.% Cu:numeric_sparse_0.19;Composition, wt.% P:numeric_sparse_0.23;Composition, wt.% S:numeric_sparse_0.25;Test Solution:high_cardinality;Heat treatment:categorical_sparse_0.54;Microstructures:categorical_sparse_0.28",,,,,,,,,,,,,,,,,,,,,,,step-7000,7000
4,generic_baseline,local_tabicl_regressor,/home/fcolanto/projects/tabicl/checkpoints/tabicl_s1_regression_baseline/step-7500.ckpt,electrochemical_metrics_alloys__pitting_potential__epit_mv_sce_avg,electrochemical_metrics_alloys,Pitting Potential,"Epit, mV (SCE) Avg.",,continuous,0,,median,False,,608,487,121,21,False,0,,,,,epit_pipeline_development_fold_4,0,0,0,0,True,,,normal_corrosion,218.84383589938716,273.8475674499752,0.4535785889978517,0.6066468061173312,0.6873851504521684,0.4266793447053756,0.5339199989276179,"environment,material,process_history","{""environment"": 3, ""material"": 17, ""process_history"": 1}","Composition, wt.% N:numeric_sparse_0.34;Composition, wt.% C:numeric_sparse_0.45;Composition, wt.% Si:numeric_sparse_0.44;Composition, wt.% Mn:numeric_sparse_0.41;Composition, wt.% Cu:numeric_sparse_0.19;Composition, wt.% P:numeric_sparse_0.23;Composition, wt.% S:numeric_sparse_0.25;Test Solution:high_cardinality;Heat treatment:categorical_sparse_0.54;Microstructures:categorical_sparse_0.28",,,,,,,,,,,,,,,,,,,,,,,step-7500,7500
4,trial_0025,local_tabicl_regressor,/home/fcolanto/projects/tabicl/checkpoints/epit_pipeline_final_v1/final_epit_pipeline_optuna_fe_ni_v4_trial_0025/step-7500.ckpt,electrochemical_metrics_alloys__pitting_potential__epit_mv_sce_avg,electrochemical_metrics_alloys,Pitting Potential,"Epit, mV (SCE) Avg.",,continuous,0,,median,False,,608,487,121,31,True,0,,,,,epit_pipeline_development_fold_4,0,0,0,0,True,,,normal_corrosion,206.41732898364265,259.1122805218571,0.5108005875203951,0.6569237987146364,0.7214273629038971,0.402451411549313,0.5051906424680388,"environment,material,material_descriptor,process_history","{""environment"": 3, ""material"": 17, ""material_descriptor"": 10, ""process_history"": 1}","Composition, wt.% N:numeric_sparse_0.34;Composition, wt.% C:numeric_sparse_0.45;Composition, wt.% Si:numeric_sparse_0.44;Composition, wt.% Mn:numeric_sparse_0.41;Composition, wt.% Cu:numeric_sparse_0.19;Composition, wt.% P:numeric_sparse_0.23;Composition, wt.% S:numeric_sparse_0.25;Test Solution:high_cardinality;Heat treatment:categorical_sparse_0.54;Microstructures:categorical_sparse_0.28",,,,,,,,,,,,,,,,,,,,,,,step-7500,7500
4,pretrained_tabicl_v2,pretrained_tabicl_regressor,/home/fcolanto/.cache/huggingface/hub/models--jingang--TabICL/snapshots/4dcd344ece2c00be9e831fdd35bed57b5ad83e19/tabicl-regressor-v2-20260212.ckpt,electrochemical_metrics_alloys__pitting_potential__epit_mv_sce_avg,electrochemical_metrics_alloys,Pitting Potential,"Epit, mV (SCE) Avg.",,continuous,0,,median,False,,608,487,121,21,False,0,,,,,epit_pipeline_development_fold_4,0,0,0,0,True,,,normal_corrosion,179.26880134642678,246.08812648475617,0.558743360436929,0.7264166761737962,0.7510518633431433,0.349519987027543,0.4797974780361789,"environment,material,process_history","{""environment"": 3, ""material"": 17, ""process_history"": 1}","Composition, wt.% N:numeric_sparse_0.34;Composition, wt.% C:numeric_sparse_0.45;Composition, wt.% Si:numeric_sparse_0.44;Composition, wt.% Mn:numeric_sparse_0.41;Composition, wt.% Cu:numeric_sparse_0.19;Composition, wt.% P:numeric_sparse_0.23;Composition, wt.% S:numeric_sparse_0.25;Test Solution:high_cardinality;Heat treatment:categorical_sparse_0.54;Microstructures:categorical_sparse_0.28",,,,,,,,,,,,,,,,,,,,,,,step-7500,7500
4,catboost,catboost_regressor,catboost==1.2.10;iterations=1000;depth=6;learning_rate=0.03;l2_leaf_reg=3;thread_count=8,electrochemical_metrics_alloys__pitting_potential__epit_mv_sce_avg,electrochemical_metrics_alloys,Pitting Potential,"Epit, mV (SCE) Avg.",,continuous,0,,median,False,,608,487,121,21,False,0,,,,,epit_pipeline_development_fold_4,0,0,0,0,True,,,normal_corrosion,176.78525495127911,215.45749218665375,0.6617536377540367,0.7670399984280225,0.8227456609591492,0.3446778220925699,0.4200769978293113,"environment,material,process_history","{""environment"": 3, ""material"": 17, ""process_history"": 1}","Composition, wt.% N:numeric_sparse_0.34;Composition, wt.% C:numeric_sparse_0.45;Composition, wt.% Si:numeric_sparse_0.44;Composition, wt.% Mn:numeric_sparse_0.41;Composition, wt.% Cu:numeric_sparse_0.19;Composition, wt.% P:numeric_sparse_0.23;Composition, wt.% S:numeric_sparse_0.25;Test Solution:high_cardinality;Heat treatment:categorical_sparse_0.54;Microstructures:categorical_sparse_0.28",,,,,,,,,,,,,,,,,,,,,,,step-7500,7500
4,generic_baseline,local_tabicl_regressor,/home/fcolanto/projects/tabicl/checkpoints/tabicl_s1_regression_baseline/step-8000.ckpt,electrochemical_metrics_alloys__pitting_potential__epit_mv_sce_avg,electrochemical_metrics_alloys,Pitting Potential,"Epit, mV (SCE) Avg.",,continuous,0,,median,False,,608,487,121,21,False,0,,,,,epit_pipeline_development_fold_4,0,0,0,0,True,,,normal_corrosion,211.5582932785807,267.92023528050595,0.4769767858625747,0.615985461954478,0.6941915901240707,0.4124747383087945,0.5223634924556559,"environment,material,process_history","{""environment"": 3, ""material"": 17, ""process_history"": 1}","Composition, wt.% N:numeric_sparse_0.34;Composition, wt.% C:numeric_sparse_0.45;Composition, wt.% Si:numeric_sparse_0.44;Composition, wt.% Mn:numeric_sparse_0.41;Composition, wt.% Cu:numeric_sparse_0.19;Composition, wt.% P:numeric_sparse_0.23;Composition, wt.% S:numeric_sparse_0.25;Test Solution:high_cardinality;Heat treatment:categorical_sparse_0.54;Microstructures:categorical_sparse_0.28",,,,,,,,,,,,,,,,,,,,,,,step-8000,8000
4,trial_0025,local_tabicl_regressor,/home/fcolanto/projects/tabicl/checkpoints/epit_pipeline_final_v1/final_epit_pipeline_optuna_fe_ni_v4_trial_0025/step-8000.ckpt,electrochemical_metrics_alloys__pitting_potential__epit_mv_sce_avg,electrochemical_metrics_alloys,Pitting Potential,"Epit, mV (SCE) Avg.",,continuous,0,,median,False,,608,487,121,31,True,0,,,,,epit_pipeline_development_fold_4,0,0,0,0,True,,,normal_corrosion,207.4857085162248,261.4255565007828,0.5020267480383461,0.6491534409016458,0.7091711067488368,0.404534428770179,0.5097008315476366,"environment,material,material_descriptor,process_history","{""environment"": 3, ""material"": 17, ""material_descriptor"": 10, ""process_history"": 1}","Composition, wt.% N:numeric_sparse_0.34;Composition, wt.% C:numeric_sparse_0.45;Composition, wt.% Si:numeric_sparse_0.44;Composition, wt.% Mn:numeric_sparse_0.41;Composition, wt.% Cu:numeric_sparse_0.19;Composition, wt.% P:numeric_sparse_0.23;Composition, wt.% S:numeric_sparse_0.25;Test Solution:high_cardinality;Heat treatment:categorical_sparse_0.54;Microstructures:categorical_sparse_0.28",,,,,,,,,,,,,,,,,,,,,,,step-8000,8000
4,pretrained_tabicl_v2,pretrained_tabicl_regressor,/home/fcolanto/.cache/huggingface/hub/models--jingang--TabICL/snapshots/4dcd344ece2c00be9e831fdd35bed57b5ad83e19/tabicl-regressor-v2-20260212.ckpt,electrochemical_metrics_alloys__pitting_potential__epit_mv_sce_avg,electrochemical_metrics_alloys,Pitting Potential,"Epit, mV (SCE) Avg.",,continuous,0,,median,False,,608,487,121,21,False,0,,,,,epit_pipeline_development_fold_4,0,0,0,0,True,,,normal_corrosion,179.26880134642678,246.08812648475617,0.558743360436929,0.7264166761737962,0.7510518633431433,0.349519987027543,0.4797974780361789,"environment,material,process_history","{""environment"": 3, ""material"": 17, ""process_history"": 1}","Composition, wt.% N:numeric_sparse_0.34;Composition, wt.% C:numeric_sparse_0.45;Composition, wt.% Si:numeric_sparse_0.44;Composition, wt.% Mn:numeric_sparse_0.41;Composition, wt.% Cu:numeric_sparse_0.19;Composition, wt.% P:numeric_sparse_0.23;Composition, wt.% S:numeric_sparse_0.25;Test Solution:high_cardinality;Heat treatment:categorical_sparse_0.54;Microstructures:categorical_sparse_0.28",,,,,,,,,,,,,,,,,,,,,,,step-8000,8000
4,catboost,catboost_regressor,catboost==1.2.10;iterations=1000;depth=6;learning_rate=0.03;l2_leaf_reg=3;thread_count=8,electrochemical_metrics_alloys__pitting_potential__epit_mv_sce_avg,electrochemical_metrics_alloys,Pitting Potential,"Epit, mV (SCE) Avg.",,continuous,0,,median,False,,608,487,121,21,False,0,,,,,epit_pipeline_development_fold_4,0,0,0,0,True,,,normal_corrosion,176.78525495127911,215.45749218665375,0.6617536377540367,0.7670399984280225,0.8227456609591492,0.3446778220925699,0.4200769978293113,"environment,material,process_history","{""environment"": 3, ""material"": 17, ""process_history"": 1}","Composition, wt.% N:numeric_sparse_0.34;Composition, wt.% C:numeric_sparse_0.45;Composition, wt.% Si:numeric_sparse_0.44;Composition, wt.% Mn:numeric_sparse_0.41;Composition, wt.% Cu:numeric_sparse_0.19;Composition, wt.% P:numeric_sparse_0.23;Composition, wt.% S:numeric_sparse_0.25;Test Solution:high_cardinality;Heat treatment:categorical_sparse_0.54;Microstructures:categorical_sparse_0.28",,,,,,,,,,,,,,,,,,,,,,,step-8000,8000
4,generic_baseline,local_tabicl_regressor,/home/fcolanto/projects/tabicl/checkpoints/tabicl_s1_regression_baseline/step-8500.ckpt,electrochemical_metrics_alloys__pitting_potential__epit_mv_sce_avg,electrochemical_metrics_alloys,Pitting Potential,"Epit, mV (SCE) Avg.",,continuous,0,,median,False,,608,487,121,21,False,0,,,,,epit_pipeline_development_fold_4,0,0,0,0,True,,,normal_corrosion,208.97030694753727,264.06650630698425,0.49191476712464,0.6302966048314984,0.707181863176507,0.4074289470609034,0.5148498855663566,"environment,material,process_history","{""environment"": 3, ""material"": 17, ""process_history"": 1}","Composition, wt.% N:numeric_sparse_0.34;Composition, wt.% C:numeric_sparse_0.45;Composition, wt.% Si:numeric_sparse_0.44;Composition, wt.% Mn:numeric_sparse_0.41;Composition, wt.% Cu:numeric_sparse_0.19;Composition, wt.% P:numeric_sparse_0.23;Composition, wt.% S:numeric_sparse_0.25;Test Solution:high_cardinality;Heat treatment:categorical_sparse_0.54;Microstructures:categorical_sparse_0.28",,,,,,,,,,,,,,,,,,,,,,,step-8500,8500
4,trial_0025,local_tabicl_regressor,/home/fcolanto/projects/tabicl/checkpoints/epit_pipeline_final_v1/final_epit_pipeline_optuna_fe_ni_v4_trial_0025/step-8500.ckpt,electrochemical_metrics_alloys__pitting_potential__epit_mv_sce_avg,electrochemical_metrics_alloys,Pitting Potential,"Epit, mV (SCE) Avg.",,continuous,0,,median,False,,608,487,121,31,True,0,,,,,epit_pipeline_development_fold_4,0,0,0,0,True,,,normal_corrosion,206.34085922766263,262.15958845195576,0.4992263986868255,0.6493160290337397,0.7073007869046961,0.4023023186345538,0.5111319720256498,"environment,material,material_descriptor,process_history","{""environment"": 3, ""material"": 17, ""material_descriptor"": 10, ""process_history"": 1}","Composition, wt.% N:numeric_sparse_0.34;Composition, wt.% C:numeric_sparse_0.45;Composition, wt.% Si:numeric_sparse_0.44;Composition, wt.% Mn:numeric_sparse_0.41;Composition, wt.% Cu:numeric_sparse_0.19;Composition, wt.% P:numeric_sparse_0.23;Composition, wt.% S:numeric_sparse_0.25;Test Solution:high_cardinality;Heat treatment:categorical_sparse_0.54;Microstructures:categorical_sparse_0.28",,,,,,,,,,,,,,,,,,,,,,,step-8500,8500
4,pretrained_tabicl_v2,pretrained_tabicl_regressor,/home/fcolanto/.cache/huggingface/hub/models--jingang--TabICL/snapshots/4dcd344ece2c00be9e831fdd35bed57b5ad83e19/tabicl-regressor-v2-20260212.ckpt,electrochemical_metrics_alloys__pitting_potential__epit_mv_sce_avg,electrochemical_metrics_alloys,Pitting Potential,"Epit, mV (SCE) Avg.",,continuous,0,,median,False,,608,487,121,21,False,0,,,,,epit_pipeline_development_fold_4,0,0,0,0,True,,,normal_corrosion,179.26880134642678,246.08812648475617,0.558743360436929,0.7264166761737962,0.7510518633431433,0.349519987027543,0.4797974780361789,"environment,material,process_history","{""environment"": 3, ""material"": 17, ""process_history"": 1}","Composition, wt.% N:numeric_sparse_0.34;Composition, wt.% C:numeric_sparse_0.45;Composition, wt.% Si:numeric_sparse_0.44;Composition, wt.% Mn:numeric_sparse_0.41;Composition, wt.% Cu:numeric_sparse_0.19;Composition, wt.% P:numeric_sparse_0.23;Composition, wt.% S:numeric_sparse_0.25;Test Solution:high_cardinality;Heat treatment:categorical_sparse_0.54;Microstructures:categorical_sparse_0.28",,,,,,,,,,,,,,,,,,,,,,,step-8500,8500
4,catboost,catboost_regressor,catboost==1.2.10;iterations=1000;depth=6;learning_rate=0.03;l2_leaf_reg=3;thread_count=8,electrochemical_metrics_alloys__pitting_potential__epit_mv_sce_avg,electrochemical_metrics_alloys,Pitting Potential,"Epit, mV (SCE) Avg.",,continuous,0,,median,False,,608,487,121,21,False,0,,,,,epit_pipeline_development_fold_4,0,0,0,0,True,,,normal_corrosion,176.78525495127911,215.45749218665375,0.6617536377540367,0.7670399984280225,0.8227456609591492,0.3446778220925699,0.4200769978293113,"environment,material,process_history","{""environment"": 3, ""material"": 17, ""process_history"": 1}","Composition, wt.% N:numeric_sparse_0.34;Composition, wt.% C:numeric_sparse_0.45;Composition, wt.% Si:numeric_sparse_0.44;Composition, wt.% Mn:numeric_sparse_0.41;Composition, wt.% Cu:numeric_sparse_0.19;Composition, wt.% P:numeric_sparse_0.23;Composition, wt.% S:numeric_sparse_0.25;Test Solution:high_cardinality;Heat treatment:categorical_sparse_0.54;Microstructures:categorical_sparse_0.28",,,,,,,,,,,,,,,,,,,,,,,step-8500,8500
4,generic_baseline,local_tabicl_regressor,/home/fcolanto/projects/tabicl/checkpoints/tabicl_s1_regression_baseline/step-9000.ckpt,electrochemical_metrics_alloys__pitting_potential__epit_mv_sce_avg,electrochemical_metrics_alloys,Pitting Potential,"Epit, mV (SCE) Avg.",,continuous,0,,median,False,,608,487,121,21,False,0,,,,,epit_pipeline_development_fold_4,0,0,0,0,True,,,normal_corrosion,214.45311672365432,266.3412413383352,0.4831235175691338,0.6332198039564377,0.7023927708561398,0.4181187692018996,0.5192849314453796,"environment,material,process_history","{""environment"": 3, ""material"": 17, ""process_history"": 1}","Composition, wt.% N:numeric_sparse_0.34;Composition, wt.% C:numeric_sparse_0.45;Composition, wt.% Si:numeric_sparse_0.44;Composition, wt.% Mn:numeric_sparse_0.41;Composition, wt.% Cu:numeric_sparse_0.19;Composition, wt.% P:numeric_sparse_0.23;Composition, wt.% S:numeric_sparse_0.25;Test Solution:high_cardinality;Heat treatment:categorical_sparse_0.54;Microstructures:categorical_sparse_0.28",,,,,,,,,,,,,,,,,,,,,,,step-9000,9000
4,trial_0025,local_tabicl_regressor,/home/fcolanto/projects/tabicl/checkpoints/epit_pipeline_final_v1/final_epit_pipeline_optuna_fe_ni_v4_trial_0025/step-9000.ckpt,electrochemical_metrics_alloys__pitting_potential__epit_mv_sce_avg,electrochemical_metrics_alloys,Pitting Potential,"Epit, mV (SCE) Avg.",,continuous,0,,median,False,,608,487,121,31,True,0,,,,,epit_pipeline_development_fold_4,0,0,0,0,True,,,normal_corrosion,205.54752509902275,260.2792487326281,0.5063842340916997,0.6484421178237347,0.7118353727725849,0.4007555568317854,0.5074658778175631,"environment,material,material_descriptor,process_history","{""environment"": 3, ""material"": 17, ""material_descriptor"": 10, ""process_history"": 1}","Composition, wt.% N:numeric_sparse_0.34;Composition, wt.% C:numeric_sparse_0.45;Composition, wt.% Si:numeric_sparse_0.44;Composition, wt.% Mn:numeric_sparse_0.41;Composition, wt.% Cu:numeric_sparse_0.19;Composition, wt.% P:numeric_sparse_0.23;Composition, wt.% S:numeric_sparse_0.25;Test Solution:high_cardinality;Heat treatment:categorical_sparse_0.54;Microstructures:categorical_sparse_0.28",,,,,,,,,,,,,,,,,,,,,,,step-9000,9000
4,pretrained_tabicl_v2,pretrained_tabicl_regressor,/home/fcolanto/.cache/huggingface/hub/models--jingang--TabICL/snapshots/4dcd344ece2c00be9e831fdd35bed57b5ad83e19/tabicl-regressor-v2-20260212.ckpt,electrochemical_metrics_alloys__pitting_potential__epit_mv_sce_avg,electrochemical_metrics_alloys,Pitting Potential,"Epit, mV (SCE) Avg.",,continuous,0,,median,False,,608,487,121,21,False,0,,,,,epit_pipeline_development_fold_4,0,0,0,0,True,,,normal_corrosion,179.26880134642678,246.08812648475617,0.558743360436929,0.7264166761737962,0.7510518633431433,0.349519987027543,0.4797974780361789,"environment,material,process_history","{""environment"": 3, ""material"": 17, ""process_history"": 1}","Composition, wt.% N:numeric_sparse_0.34;Composition, wt.% C:numeric_sparse_0.45;Composition, wt.% Si:numeric_sparse_0.44;Composition, wt.% Mn:numeric_sparse_0.41;Composition, wt.% Cu:numeric_sparse_0.19;Composition, wt.% P:numeric_sparse_0.23;Composition, wt.% S:numeric_sparse_0.25;Test Solution:high_cardinality;Heat treatment:categorical_sparse_0.54;Microstructures:categorical_sparse_0.28",,,,,,,,,,,,,,,,,,,,,,,step-9000,9000
4,catboost,catboost_regressor,catboost==1.2.10;iterations=1000;depth=6;learning_rate=0.03;l2_leaf_reg=3;thread_count=8,electrochemical_metrics_alloys__pitting_potential__epit_mv_sce_avg,electrochemical_metrics_alloys,Pitting Potential,"Epit, mV (SCE) Avg.",,continuous,0,,median,False,,608,487,121,21,False,0,,,,,epit_pipeline_development_fold_4,0,0,0,0,True,,,normal_corrosion,176.78525495127911,215.45749218665375,0.6617536377540367,0.7670399984280225,0.8227456609591492,0.3446778220925699,0.4200769978293113,"environment,material,process_history","{""environment"": 3, ""material"": 17, ""process_history"": 1}","Composition, wt.% N:numeric_sparse_0.34;Composition, wt.% C:numeric_sparse_0.45;Composition, wt.% Si:numeric_sparse_0.44;Composition, wt.% Mn:numeric_sparse_0.41;Composition, wt.% Cu:numeric_sparse_0.19;Composition, wt.% P:numeric_sparse_0.23;Composition, wt.% S:numeric_sparse_0.25;Test Solution:high_cardinality;Heat treatment:categorical_sparse_0.54;Microstructures:categorical_sparse_0.28",,,,,,,,,,,,,,,,,,,,,,,step-9000,9000
4,generic_baseline,local_tabicl_regressor,/home/fcolanto/projects/tabicl/checkpoints/tabicl_s1_regression_baseline/step-9500.ckpt,electrochemical_metrics_alloys__pitting_potential__epit_mv_sce_avg,electrochemical_metrics_alloys,Pitting Potential,"Epit, mV (SCE) Avg.",,continuous,0,,median,False,,608,487,121,21,False,0,,,,,epit_pipeline_development_fold_4,0,0,0,0,True,,,normal_corrosion,212.64139567853067,264.67425447326286,0.489573362983453,0.652574566181123,0.7162593301293534,0.4145864606717307,0.5160348108271844,"environment,material,process_history","{""environment"": 3, ""material"": 17, ""process_history"": 1}","Composition, wt.% N:numeric_sparse_0.34;Composition, wt.% C:numeric_sparse_0.45;Composition, wt.% Si:numeric_sparse_0.44;Composition, wt.% Mn:numeric_sparse_0.41;Composition, wt.% Cu:numeric_sparse_0.19;Composition, wt.% P:numeric_sparse_0.23;Composition, wt.% S:numeric_sparse_0.25;Test Solution:high_cardinality;Heat treatment:categorical_sparse_0.54;Microstructures:categorical_sparse_0.28",,,,,,,,,,,,,,,,,,,,,,,step-9500,9500
4,trial_0025,local_tabicl_regressor,/home/fcolanto/projects/tabicl/checkpoints/epit_pipeline_final_v1/final_epit_pipeline_optuna_fe_ni_v4_trial_0025/step-9500.ckpt,electrochemical_metrics_alloys__pitting_potential__epit_mv_sce_avg,electrochemical_metrics_alloys,Pitting Potential,"Epit, mV (SCE) Avg.",,continuous,0,,median,False,,608,487,121,31,True,0,,,,,epit_pipeline_development_fold_4,0,0,0,0,True,,,normal_corrosion,204.99913241698664,259.57032147435746,0.5090695123650144,0.652076640026585,0.7136383817495124,0.3996863568278156,0.5060836839039919,"environment,material,material_descriptor,process_history","{""environment"": 3, ""material"": 17, ""material_descriptor"": 10, ""process_history"": 1}","Composition, wt.% N:numeric_sparse_0.34;Composition, wt.% C:numeric_sparse_0.45;Composition, wt.% Si:numeric_sparse_0.44;Composition, wt.% Mn:numeric_sparse_0.41;Composition, wt.% Cu:numeric_sparse_0.19;Composition, wt.% P:numeric_sparse_0.23;Composition, wt.% S:numeric_sparse_0.25;Test Solution:high_cardinality;Heat treatment:categorical_sparse_0.54;Microstructures:categorical_sparse_0.28",,,,,,,,,,,,,,,,,,,,,,,step-9500,9500
4,pretrained_tabicl_v2,pretrained_tabicl_regressor,/home/fcolanto/.cache/huggingface/hub/models--jingang--TabICL/snapshots/4dcd344ece2c00be9e831fdd35bed57b5ad83e19/tabicl-regressor-v2-20260212.ckpt,electrochemical_metrics_alloys__pitting_potential__epit_mv_sce_avg,electrochemical_metrics_alloys,Pitting Potential,"Epit, mV (SCE) Avg.",,continuous,0,,median,False,,608,487,121,21,False,0,,,,,epit_pipeline_development_fold_4,0,0,0,0,True,,,normal_corrosion,179.26880134642678,246.08812648475617,0.558743360436929,0.7264166761737962,0.7510518633431433,0.349519987027543,0.4797974780361789,"environment,material,process_history","{""environment"": 3, ""material"": 17, ""process_history"": 1}","Composition, wt.% N:numeric_sparse_0.34;Composition, wt.% C:numeric_sparse_0.45;Composition, wt.% Si:numeric_sparse_0.44;Composition, wt.% Mn:numeric_sparse_0.41;Composition, wt.% Cu:numeric_sparse_0.19;Composition, wt.% P:numeric_sparse_0.23;Composition, wt.% S:numeric_sparse_0.25;Test Solution:high_cardinality;Heat treatment:categorical_sparse_0.54;Microstructures:categorical_sparse_0.28",,,,,,,,,,,,,,,,,,,,,,,step-9500,9500
4,catboost,catboost_regressor,catboost==1.2.10;iterations=1000;depth=6;learning_rate=0.03;l2_leaf_reg=3;thread_count=8,electrochemical_metrics_alloys__pitting_potential__epit_mv_sce_avg,electrochemical_metrics_alloys,Pitting Potential,"Epit, mV (SCE) Avg.",,continuous,0,,median,False,,608,487,121,21,False,0,,,,,epit_pipeline_development_fold_4,0,0,0,0,True,,,normal_corrosion,176.78525495127911,215.45749218665375,0.6617536377540367,0.7670399984280225,0.8227456609591492,0.3446778220925699,0.4200769978293113,"environment,material,process_history","{""environment"": 3, ""material"": 17, ""process_history"": 1}","Composition, wt.% N:numeric_sparse_0.34;Composition, wt.% C:numeric_sparse_0.45;Composition, wt.% Si:numeric_sparse_0.44;Composition, wt.% Mn:numeric_sparse_0.41;Composition, wt.% Cu:numeric_sparse_0.19;Composition, wt.% P:numeric_sparse_0.23;Composition, wt.% S:numeric_sparse_0.25;Test Solution:high_cardinality;Heat treatment:categorical_sparse_0.54;Microstructures:categorical_sparse_0.28",,,,,,,,,,,,,,,,,,,,,,,step-9500,9500
4,generic_baseline,local_tabicl_regressor,/home/fcolanto/projects/tabicl/checkpoints/tabicl_s1_regression_baseline/step-10000.ckpt,electrochemical_metrics_alloys__pitting_potential__epit_mv_sce_avg,electrochemical_metrics_alloys,Pitting Potential,"Epit, mV (SCE) Avg.",,continuous,0,,median,False,,608,487,121,21,False,0,,,,,epit_pipeline_development_fold_4,0,0,0,0,True,,,normal_corrosion,213.29727845874763,265.1492364548532,0.4877397052339549,0.6534044431053524,0.714916847980346,0.415865233883306,0.5169608821502304,"environment,material,process_history","{""environment"": 3, ""material"": 17, ""process_history"": 1}","Composition, wt.% N:numeric_sparse_0.34;Composition, wt.% C:numeric_sparse_0.45;Composition, wt.% Si:numeric_sparse_0.44;Composition, wt.% Mn:numeric_sparse_0.41;Composition, wt.% Cu:numeric_sparse_0.19;Composition, wt.% P:numeric_sparse_0.23;Composition, wt.% S:numeric_sparse_0.25;Test Solution:high_cardinality;Heat treatment:categorical_sparse_0.54;Microstructures:categorical_sparse_0.28",,,,,,,,,,,,,,,,,,,,,,,step-10000,10000
4,trial_0025,local_tabicl_regressor,/home/fcolanto/projects/tabicl/checkpoints/epit_pipeline_final_v1/final_epit_pipeline_optuna_fe_ni_v4_trial_0025/step-10000.ckpt,electrochemical_metrics_alloys__pitting_potential__epit_mv_sce_avg,electrochemical_metrics_alloys,Pitting Potential,"Epit, mV (SCE) Avg.",,continuous,0,,median,False,,608,487,121,31,True,0,,,,,epit_pipeline_development_fold_4,0,0,0,0,True,,,normal_corrosion,205.33246306006515,260.2197373242145,0.5066099333073222,0.6475343340862102,0.7118863401038756,0.4003362508482456,0.5073498485556922,"environment,material,material_descriptor,process_history","{""environment"": 3, ""material"": 17, ""material_descriptor"": 10, ""process_history"": 1}","Composition, wt.% N:numeric_sparse_0.34;Composition, wt.% C:numeric_sparse_0.45;Composition, wt.% Si:numeric_sparse_0.44;Composition, wt.% Mn:numeric_sparse_0.41;Composition, wt.% Cu:numeric_sparse_0.19;Composition, wt.% P:numeric_sparse_0.23;Composition, wt.% S:numeric_sparse_0.25;Test Solution:high_cardinality;Heat treatment:categorical_sparse_0.54;Microstructures:categorical_sparse_0.28",,,,,,,,,,,,,,,,,,,,,,,step-10000,10000
4,pretrained_tabicl_v2,pretrained_tabicl_regressor,/home/fcolanto/.cache/huggingface/hub/models--jingang--TabICL/snapshots/4dcd344ece2c00be9e831fdd35bed57b5ad83e19/tabicl-regressor-v2-20260212.ckpt,electrochemical_metrics_alloys__pitting_potential__epit_mv_sce_avg,electrochemical_metrics_alloys,Pitting Potential,"Epit, mV (SCE) Avg.",,continuous,0,,median,False,,608,487,121,21,False,0,,,,,epit_pipeline_development_fold_4,0,0,0,0,True,,,normal_corrosion,179.26880134642678,246.08812648475617,0.558743360436929,0.7264166761737962,0.7510518633431433,0.349519987027543,0.4797974780361789,"environment,material,process_history","{""environment"": 3, ""material"": 17, ""process_history"": 1}","Composition, wt.% N:numeric_sparse_0.34;Composition, wt.% C:numeric_sparse_0.45;Composition, wt.% Si:numeric_sparse_0.44;Composition, wt.% Mn:numeric_sparse_0.41;Composition, wt.% Cu:numeric_sparse_0.19;Composition, wt.% P:numeric_sparse_0.23;Composition, wt.% S:numeric_sparse_0.25;Test Solution:high_cardinality;Heat treatment:categorical_sparse_0.54;Microstructures:categorical_sparse_0.28",,,,,,,,,,,,,,,,,,,,,,,step-10000,10000
4,catboost,catboost_regressor,catboost==1.2.10;iterations=1000;depth=6;learning_rate=0.03;l2_leaf_reg=3;thread_count=8,electrochemical_metrics_alloys__pitting_potential__epit_mv_sce_avg,electrochemical_metrics_alloys,Pitting Potential,"Epit, mV (SCE) Avg.",,continuous,0,,median,False,,608,487,121,21,False,0,,,,,epit_pipeline_development_fold_4,0,0,0,0,True,,,normal_corrosion,176.78525495127911,215.45749218665375,0.6617536377540367,0.7670399984280225,0.8227456609591492,0.3446778220925699,0.4200769978293113,"environment,material,process_history","{""environment"": 3, ""material"": 17, ""process_history"": 1}","Composition, wt.% N:numeric_sparse_0.34;Composition, wt.% C:numeric_sparse_0.45;Composition, wt.% Si:numeric_sparse_0.44;Composition, wt.% Mn:numeric_sparse_0.41;Composition, wt.% Cu:numeric_sparse_0.19;Composition, wt.% P:numeric_sparse_0.23;Composition, wt.% S:numeric_sparse_0.25;Test Solution:high_cardinality;Heat treatment:categorical_sparse_0.54;Microstructures:categorical_sparse_0.28",,,,,,,,,,,,,,,,,,,,,,,step-10000,10000
5,generic_baseline,local_tabicl_regressor,/home/fcolanto/projects/tabicl/checkpoints/tabicl_s1_regression_baseline/step-500.ckpt,electrochemical_metrics_alloys__pitting_potential__epit_mv_sce_avg,electrochemical_metrics_alloys,Pitting Potential,"Epit, mV (SCE) Avg.",,continuous,0,,median,False,,608,487,121,21,False,0,,,,,epit_pipeline_development_fold_5,0,0,0,0,True,,,normal_corrosion,299.2889476550257,383.6478940866575,0.5594112591294603,0.7816241264060878,0.8345420087594598,0.6471112381730285,0.8295089601873675,"environment,material,process_history","{""environment"": 3, ""material"": 17, ""process_history"": 1}","Composition, wt.% N:numeric_sparse_0.34;Composition, wt.% C:numeric_sparse_0.45;Composition, wt.% Si:numeric_sparse_0.44;Composition, wt.% Mn:numeric_sparse_0.41;Composition, wt.% Cu:numeric_sparse_0.19;Composition, wt.% P:numeric_sparse_0.23;Composition, wt.% S:numeric_sparse_0.25;Test Solution:high_cardinality;Heat treatment:categorical_sparse_0.54;Microstructures:categorical_sparse_0.28",,,,,,,,,,,,,,,,,,,,,,,step-500,500
5,trial_0025,local_tabicl_regressor,/home/fcolanto/projects/tabicl/checkpoints/epit_pipeline_final_v1/final_epit_pipeline_optuna_fe_ni_v4_trial_0025/step-500.ckpt,electrochemical_metrics_alloys__pitting_potential__epit_mv_sce_avg,electrochemical_metrics_alloys,Pitting Potential,"Epit, mV (SCE) Avg.",,continuous,0,,median,False,,608,487,121,31,True,0,,,,,epit_pipeline_development_fold_5,0,0,0,0,True,,,normal_corrosion,276.8386893905629,362.88569416590025,0.6058083208952431,0.8409644023677891,0.8640827327769695,0.5985701392228386,0.78461771711546,"environment,material,material_descriptor,process_history","{""environment"": 3, ""material"": 17, ""material_descriptor"": 10, ""process_history"": 1}","Composition, wt.% N:numeric_sparse_0.34;Composition, wt.% C:numeric_sparse_0.45;Composition, wt.% Si:numeric_sparse_0.44;Composition, wt.% Mn:numeric_sparse_0.41;Composition, wt.% Cu:numeric_sparse_0.19;Composition, wt.% P:numeric_sparse_0.23;Composition, wt.% S:numeric_sparse_0.25;Test Solution:high_cardinality;Heat treatment:categorical_sparse_0.54;Microstructures:categorical_sparse_0.28",,,,,,,,,,,,,,,,,,,,,,,step-500,500
5,pretrained_tabicl_v2,pretrained_tabicl_regressor,/home/fcolanto/.cache/huggingface/hub/models--jingang--TabICL/snapshots/4dcd344ece2c00be9e831fdd35bed57b5ad83e19/tabicl-regressor-v2-20260212.ckpt,electrochemical_metrics_alloys__pitting_potential__epit_mv_sce_avg,electrochemical_metrics_alloys,Pitting Potential,"Epit, mV (SCE) Avg.",,continuous,0,,median,False,,608,487,121,21,False,0,,,,,epit_pipeline_development_fold_5,0,0,0,0,True,,,normal_corrosion,188.9494359413199,260.65988789830766,0.7966162897556599,0.8765706002620413,0.9273144092547476,0.4085393209542052,0.5635889468071517,"environment,material,process_history","{""environment"": 3, ""material"": 17, ""process_history"": 1}","Composition, wt.% N:numeric_sparse_0.34;Composition, wt.% C:numeric_sparse_0.45;Composition, wt.% Si:numeric_sparse_0.44;Composition, wt.% Mn:numeric_sparse_0.41;Composition, wt.% Cu:numeric_sparse_0.19;Composition, wt.% P:numeric_sparse_0.23;Composition, wt.% S:numeric_sparse_0.25;Test Solution:high_cardinality;Heat treatment:categorical_sparse_0.54;Microstructures:categorical_sparse_0.28",,,,,,,,,,,,,,,,,,,,,,,step-500,500
5,catboost,catboost_regressor,catboost==1.2.10;iterations=1000;depth=6;learning_rate=0.03;l2_leaf_reg=3;thread_count=8,electrochemical_metrics_alloys__pitting_potential__epit_mv_sce_avg,electrochemical_metrics_alloys,Pitting Potential,"Epit, mV (SCE) Avg.",,continuous,0,,median,False,,608,487,121,21,False,0,,,,,epit_pipeline_development_fold_5,0,0,0,0,True,,,normal_corrosion,184.17920914311293,245.27082356558748,0.8199224654334067,0.9112805160230548,0.9323509602938432,0.3982253170661901,0.5303152941958648,"environment,material,process_history","{""environment"": 3, ""material"": 17, ""process_history"": 1}","Composition, wt.% N:numeric_sparse_0.34;Composition, wt.% C:numeric_sparse_0.45;Composition, wt.% Si:numeric_sparse_0.44;Composition, wt.% Mn:numeric_sparse_0.41;Composition, wt.% Cu:numeric_sparse_0.19;Composition, wt.% P:numeric_sparse_0.23;Composition, wt.% S:numeric_sparse_0.25;Test Solution:high_cardinality;Heat treatment:categorical_sparse_0.54;Microstructures:categorical_sparse_0.28",,,,,,,,,,,,,,,,,,,,,,,step-500,500
5,generic_baseline,local_tabicl_regressor,/home/fcolanto/projects/tabicl/checkpoints/tabicl_s1_regression_baseline/step-1000.ckpt,electrochemical_metrics_alloys__pitting_potential__epit_mv_sce_avg,electrochemical_metrics_alloys,Pitting Potential,"Epit, mV (SCE) Avg.",,continuous,0,,median,False,,608,487,121,21,False,0,,,,,epit_pipeline_development_fold_5,0,0,0,0,True,,,normal_corrosion,288.145031800816,384.71514441404514,0.5569565472778679,0.8353924659583482,0.8297094501259735,0.6230162849747372,0.8318165284628003,"environment,material,process_history","{""environment"": 3, ""material"": 17, ""process_history"": 1}","Composition, wt.% N:numeric_sparse_0.34;Composition, wt.% C:numeric_sparse_0.45;Composition, wt.% Si:numeric_sparse_0.44;Composition, wt.% Mn:numeric_sparse_0.41;Composition, wt.% Cu:numeric_sparse_0.19;Composition, wt.% P:numeric_sparse_0.23;Composition, wt.% S:numeric_sparse_0.25;Test Solution:high_cardinality;Heat treatment:categorical_sparse_0.54;Microstructures:categorical_sparse_0.28",,,,,,,,,,,,,,,,,,,,,,,step-1000,1000
5,trial_0025,local_tabicl_regressor,/home/fcolanto/projects/tabicl/checkpoints/epit_pipeline_final_v1/final_epit_pipeline_optuna_fe_ni_v4_trial_0025/step-1000.ckpt,electrochemical_metrics_alloys__pitting_potential__epit_mv_sce_avg,electrochemical_metrics_alloys,Pitting Potential,"Epit, mV (SCE) Avg.",,continuous,0,,median,False,,608,487,121,31,True,0,,,,,epit_pipeline_development_fold_5,0,0,0,0,True,,,normal_corrosion,228.0756301370279,318.8541371803431,0.6956650217071023,0.8809739542634234,0.8831878977087194,0.4931364975935738,0.6894143506602013,"environment,material,material_descriptor,process_history","{""environment"": 3, ""material"": 17, ""material_descriptor"": 10, ""process_history"": 1}","Composition, wt.% N:numeric_sparse_0.34;Composition, wt.% C:numeric_sparse_0.45;Composition, wt.% Si:numeric_sparse_0.44;Composition, wt.% Mn:numeric_sparse_0.41;Composition, wt.% Cu:numeric_sparse_0.19;Composition, wt.% P:numeric_sparse_0.23;Composition, wt.% S:numeric_sparse_0.25;Test Solution:high_cardinality;Heat treatment:categorical_sparse_0.54;Microstructures:categorical_sparse_0.28",,,,,,,,,,,,,,,,,,,,,,,step-1000,1000
5,pretrained_tabicl_v2,pretrained_tabicl_regressor,/home/fcolanto/.cache/huggingface/hub/models--jingang--TabICL/snapshots/4dcd344ece2c00be9e831fdd35bed57b5ad83e19/tabicl-regressor-v2-20260212.ckpt,electrochemical_metrics_alloys__pitting_potential__epit_mv_sce_avg,electrochemical_metrics_alloys,Pitting Potential,"Epit, mV (SCE) Avg.",,continuous,0,,median,False,,608,487,121,21,False,0,,,,,epit_pipeline_development_fold_5,0,0,0,0,True,,,normal_corrosion,188.9494359413199,260.65988789830766,0.7966162897556599,0.8765706002620413,0.9273144092547476,0.4085393209542052,0.5635889468071517,"environment,material,process_history","{""environment"": 3, ""material"": 17, ""process_history"": 1}","Composition, wt.% N:numeric_sparse_0.34;Composition, wt.% C:numeric_sparse_0.45;Composition, wt.% Si:numeric_sparse_0.44;Composition, wt.% Mn:numeric_sparse_0.41;Composition, wt.% Cu:numeric_sparse_0.19;Composition, wt.% P:numeric_sparse_0.23;Composition, wt.% S:numeric_sparse_0.25;Test Solution:high_cardinality;Heat treatment:categorical_sparse_0.54;Microstructures:categorical_sparse_0.28",,,,,,,,,,,,,,,,,,,,,,,step-1000,1000
5,catboost,catboost_regressor,catboost==1.2.10;iterations=1000;depth=6;learning_rate=0.03;l2_leaf_reg=3;thread_count=8,electrochemical_metrics_alloys__pitting_potential__epit_mv_sce_avg,electrochemical_metrics_alloys,Pitting Potential,"Epit, mV (SCE) Avg.",,continuous,0,,median,False,,608,487,121,21,False,0,,,,,epit_pipeline_development_fold_5,0,0,0,0,True,,,normal_corrosion,184.17920914311293,245.27082356558748,0.8199224654334067,0.9112805160230548,0.9323509602938432,0.3982253170661901,0.5303152941958648,"environment,material,process_history","{""environment"": 3, ""material"": 17, ""process_history"": 1}","Composition, wt.% N:numeric_sparse_0.34;Composition, wt.% C:numeric_sparse_0.45;Composition, wt.% Si:numeric_sparse_0.44;Composition, wt.% Mn:numeric_sparse_0.41;Composition, wt.% Cu:numeric_sparse_0.19;Composition, wt.% P:numeric_sparse_0.23;Composition, wt.% S:numeric_sparse_0.25;Test Solution:high_cardinality;Heat treatment:categorical_sparse_0.54;Microstructures:categorical_sparse_0.28",,,,,,,,,,,,,,,,,,,,,,,step-1000,1000
5,generic_baseline,local_tabicl_regressor,/home/fcolanto/projects/tabicl/checkpoints/tabicl_s1_regression_baseline/step-1500.ckpt,electrochemical_metrics_alloys__pitting_potential__epit_mv_sce_avg,electrochemical_metrics_alloys,Pitting Potential,"Epit, mV (SCE) Avg.",,continuous,0,,median,False,,608,487,121,21,False,0,,,,,epit_pipeline_development_fold_5,0,0,0,0,True,,,normal_corrosion,270.1565804342338,365.9523826902721,0.5991176683186704,0.8998745045155093,0.8414066022233687,0.584122336074019,0.7912483950059938,"environment,material,process_history","{""environment"": 3, ""material"": 17, ""process_history"": 1}","Composition, wt.% N:numeric_sparse_0.34;Composition, wt.% C:numeric_sparse_0.45;Composition, wt.% Si:numeric_sparse_0.44;Composition, wt.% Mn:numeric_sparse_0.41;Composition, wt.% Cu:numeric_sparse_0.19;Composition, wt.% P:numeric_sparse_0.23;Composition, wt.% S:numeric_sparse_0.25;Test Solution:high_cardinality;Heat treatment:categorical_sparse_0.54;Microstructures:categorical_sparse_0.28",,,,,,,,,,,,,,,,,,,,,,,step-1500,1500
5,trial_0025,local_tabicl_regressor,/home/fcolanto/projects/tabicl/checkpoints/epit_pipeline_final_v1/final_epit_pipeline_optuna_fe_ni_v4_trial_0025/step-1500.ckpt,electrochemical_metrics_alloys__pitting_potential__epit_mv_sce_avg,electrochemical_metrics_alloys,Pitting Potential,"Epit, mV (SCE) Avg.",,continuous,0,,median,False,,608,487,121,31,True,0,,,,,epit_pipeline_development_fold_5,0,0,0,0,True,,,normal_corrosion,205.97790720233647,298.79672711352777,0.7327489441821886,0.9014021296344502,0.890171539860431,0.4453576371942411,0.6460469775427627,"environment,material,material_descriptor,process_history","{""environment"": 3, ""material"": 17, ""material_descriptor"": 10, ""process_history"": 1}","Composition, wt.% N:numeric_sparse_0.34;Composition, wt.% C:numeric_sparse_0.45;Composition, wt.% Si:numeric_sparse_0.44;Composition, wt.% Mn:numeric_sparse_0.41;Composition, wt.% Cu:numeric_sparse_0.19;Composition, wt.% P:numeric_sparse_0.23;Composition, wt.% S:numeric_sparse_0.25;Test Solution:high_cardinality;Heat treatment:categorical_sparse_0.54;Microstructures:categorical_sparse_0.28",,,,,,,,,,,,,,,,,,,,,,,step-1500,1500
5,pretrained_tabicl_v2,pretrained_tabicl_regressor,/home/fcolanto/.cache/huggingface/hub/models--jingang--TabICL/snapshots/4dcd344ece2c00be9e831fdd35bed57b5ad83e19/tabicl-regressor-v2-20260212.ckpt,electrochemical_metrics_alloys__pitting_potential__epit_mv_sce_avg,electrochemical_metrics_alloys,Pitting Potential,"Epit, mV (SCE) Avg.",,continuous,0,,median,False,,608,487,121,21,False,0,,,,,epit_pipeline_development_fold_5,0,0,0,0,True,,,normal_corrosion,188.9494359413199,260.65988789830766,0.7966162897556599,0.8765706002620413,0.9273144092547476,0.4085393209542052,0.5635889468071517,"environment,material,process_history","{""environment"": 3, ""material"": 17, ""process_history"": 1}","Composition, wt.% N:numeric_sparse_0.34;Composition, wt.% C:numeric_sparse_0.45;Composition, wt.% Si:numeric_sparse_0.44;Composition, wt.% Mn:numeric_sparse_0.41;Composition, wt.% Cu:numeric_sparse_0.19;Composition, wt.% P:numeric_sparse_0.23;Composition, wt.% S:numeric_sparse_0.25;Test Solution:high_cardinality;Heat treatment:categorical_sparse_0.54;Microstructures:categorical_sparse_0.28",,,,,,,,,,,,,,,,,,,,,,,step-1500,1500
5,catboost,catboost_regressor,catboost==1.2.10;iterations=1000;depth=6;learning_rate=0.03;l2_leaf_reg=3;thread_count=8,electrochemical_metrics_alloys__pitting_potential__epit_mv_sce_avg,electrochemical_metrics_alloys,Pitting Potential,"Epit, mV (SCE) Avg.",,continuous,0,,median,False,,608,487,121,21,False,0,,,,,epit_pipeline_development_fold_5,0,0,0,0,True,,,normal_corrosion,184.17920914311293,245.27082356558748,0.8199224654334067,0.9112805160230548,0.9323509602938432,0.3982253170661901,0.5303152941958648,"environment,material,process_history","{""environment"": 3, ""material"": 17, ""process_history"": 1}","Composition, wt.% N:numeric_sparse_0.34;Composition, wt.% C:numeric_sparse_0.45;Composition, wt.% Si:numeric_sparse_0.44;Composition, wt.% Mn:numeric_sparse_0.41;Composition, wt.% Cu:numeric_sparse_0.19;Composition, wt.% P:numeric_sparse_0.23;Composition, wt.% S:numeric_sparse_0.25;Test Solution:high_cardinality;Heat treatment:categorical_sparse_0.54;Microstructures:categorical_sparse_0.28",,,,,,,,,,,,,,,,,,,,,,,step-1500,1500
5,generic_baseline,local_tabicl_regressor,/home/fcolanto/projects/tabicl/checkpoints/tabicl_s1_regression_baseline/step-2000.ckpt,electrochemical_metrics_alloys__pitting_potential__epit_mv_sce_avg,electrochemical_metrics_alloys,Pitting Potential,"Epit, mV (SCE) Avg.",,continuous,0,,median,False,,608,487,121,21,False,0,,,,,epit_pipeline_development_fold_5,0,0,0,0,True,,,normal_corrosion,230.86554866770487,304.42218642536886,0.7225911199100045,0.900192900881763,0.8946260121385479,0.4991687538761186,0.6582101328116083,"environment,material,process_history","{""environment"": 3, ""material"": 17, ""process_history"": 1}","Composition, wt.% N:numeric_sparse_0.34;Composition, wt.% C:numeric_sparse_0.45;Composition, wt.% Si:numeric_sparse_0.44;Composition, wt.% Mn:numeric_sparse_0.41;Composition, wt.% Cu:numeric_sparse_0.19;Composition, wt.% P:numeric_sparse_0.23;Composition, wt.% S:numeric_sparse_0.25;Test Solution:high_cardinality;Heat treatment:categorical_sparse_0.54;Microstructures:categorical_sparse_0.28",,,,,,,,,,,,,,,,,,,,,,,step-2000,2000
5,trial_0025,local_tabicl_regressor,/home/fcolanto/projects/tabicl/checkpoints/epit_pipeline_final_v1/final_epit_pipeline_optuna_fe_ni_v4_trial_0025/step-2000.ckpt,electrochemical_metrics_alloys__pitting_potential__epit_mv_sce_avg,electrochemical_metrics_alloys,Pitting Potential,"Epit, mV (SCE) Avg.",,continuous,0,,median,False,,608,487,121,31,True,0,,,,,epit_pipeline_development_fold_5,0,0,0,0,True,,,normal_corrosion,200.3570141873814,260.9530118290284,0.7961586040420401,0.894790324241606,0.9217218033160424,0.4332043549997436,0.5642227282789802,"environment,material,material_descriptor,process_history","{""environment"": 3, ""material"": 17, ""material_descriptor"": 10, ""process_history"": 1}","Composition, wt.% N:numeric_sparse_0.34;Composition, wt.% C:numeric_sparse_0.45;Composition, wt.% Si:numeric_sparse_0.44;Composition, wt.% Mn:numeric_sparse_0.41;Composition, wt.% Cu:numeric_sparse_0.19;Composition, wt.% P:numeric_sparse_0.23;Composition, wt.% S:numeric_sparse_0.25;Test Solution:high_cardinality;Heat treatment:categorical_sparse_0.54;Microstructures:categorical_sparse_0.28",,,,,,,,,,,,,,,,,,,,,,,step-2000,2000
5,pretrained_tabicl_v2,pretrained_tabicl_regressor,/home/fcolanto/.cache/huggingface/hub/models--jingang--TabICL/snapshots/4dcd344ece2c00be9e831fdd35bed57b5ad83e19/tabicl-regressor-v2-20260212.ckpt,electrochemical_metrics_alloys__pitting_potential__epit_mv_sce_avg,electrochemical_metrics_alloys,Pitting Potential,"Epit, mV (SCE) Avg.",,continuous,0,,median,False,,608,487,121,21,False,0,,,,,epit_pipeline_development_fold_5,0,0,0,0,True,,,normal_corrosion,188.9494359413199,260.65988789830766,0.7966162897556599,0.8765706002620413,0.9273144092547476,0.4085393209542052,0.5635889468071517,"environment,material,process_history","{""environment"": 3, ""material"": 17, ""process_history"": 1}","Composition, wt.% N:numeric_sparse_0.34;Composition, wt.% C:numeric_sparse_0.45;Composition, wt.% Si:numeric_sparse_0.44;Composition, wt.% Mn:numeric_sparse_0.41;Composition, wt.% Cu:numeric_sparse_0.19;Composition, wt.% P:numeric_sparse_0.23;Composition, wt.% S:numeric_sparse_0.25;Test Solution:high_cardinality;Heat treatment:categorical_sparse_0.54;Microstructures:categorical_sparse_0.28",,,,,,,,,,,,,,,,,,,,,,,step-2000,2000
5,catboost,catboost_regressor,catboost==1.2.10;iterations=1000;depth=6;learning_rate=0.03;l2_leaf_reg=3;thread_count=8,electrochemical_metrics_alloys__pitting_potential__epit_mv_sce_avg,electrochemical_metrics_alloys,Pitting Potential,"Epit, mV (SCE) Avg.",,continuous,0,,median,False,,608,487,121,21,False,0,,,,,epit_pipeline_development_fold_5,0,0,0,0,True,,,normal_corrosion,184.17920914311293,245.27082356558748,0.8199224654334067,0.9112805160230548,0.9323509602938432,0.3982253170661901,0.5303152941958648,"environment,material,process_history","{""environment"": 3, ""material"": 17, ""process_history"": 1}","Composition, wt.% N:numeric_sparse_0.34;Composition, wt.% C:numeric_sparse_0.45;Composition, wt.% Si:numeric_sparse_0.44;Composition, wt.% Mn:numeric_sparse_0.41;Composition, wt.% Cu:numeric_sparse_0.19;Composition, wt.% P:numeric_sparse_0.23;Composition, wt.% S:numeric_sparse_0.25;Test Solution:high_cardinality;Heat treatment:categorical_sparse_0.54;Microstructures:categorical_sparse_0.28",,,,,,,,,,,,,,,,,,,,,,,step-2000,2000
5,generic_baseline,local_tabicl_regressor,/home/fcolanto/projects/tabicl/checkpoints/tabicl_s1_regression_baseline/step-2500.ckpt,electrochemical_metrics_alloys__pitting_potential__epit_mv_sce_avg,electrochemical_metrics_alloys,Pitting Potential,"Epit, mV (SCE) Avg.",,continuous,0,,median,False,,608,487,121,21,False,0,,,,,epit_pipeline_development_fold_5,0,0,0,0,True,,,normal_corrosion,218.8600228422674,285.6990679597652,0.7556651562710973,0.8916436197283106,0.9244019601147272,0.4732108601994971,0.6177277145076003,"environment,material,process_history","{""environment"": 3, ""material"": 17, ""process_history"": 1}","Composition, wt.% N:numeric_sparse_0.34;Composition, wt.% C:numeric_sparse_0.45;Composition, wt.% Si:numeric_sparse_0.44;Composition, wt.% Mn:numeric_sparse_0.41;Composition, wt.% Cu:numeric_sparse_0.19;Composition, wt.% P:numeric_sparse_0.23;Composition, wt.% S:numeric_sparse_0.25;Test Solution:high_cardinality;Heat treatment:categorical_sparse_0.54;Microstructures:categorical_sparse_0.28",,,,,,,,,,,,,,,,,,,,,,,step-2500,2500
5,trial_0025,local_tabicl_regressor,/home/fcolanto/projects/tabicl/checkpoints/epit_pipeline_final_v1/final_epit_pipeline_optuna_fe_ni_v4_trial_0025/step-2500.ckpt,electrochemical_metrics_alloys__pitting_potential__epit_mv_sce_avg,electrochemical_metrics_alloys,Pitting Potential,"Epit, mV (SCE) Avg.",,continuous,0,,median,False,,608,487,121,31,True,0,,,,,epit_pipeline_development_fold_5,0,0,0,0,True,,,normal_corrosion,205.4203809118213,268.0716175567576,0.7848856278772713,0.8827420702547475,0.9286771776086356,0.4441521749444785,0.5796143082308273,"environment,material,material_descriptor,process_history","{""environment"": 3, ""material"": 17, ""material_descriptor"": 10, ""process_history"": 1}","Composition, wt.% N:numeric_sparse_0.34;Composition, wt.% C:numeric_sparse_0.45;Composition, wt.% Si:numeric_sparse_0.44;Composition, wt.% Mn:numeric_sparse_0.41;Composition, wt.% Cu:numeric_sparse_0.19;Composition, wt.% P:numeric_sparse_0.23;Composition, wt.% S:numeric_sparse_0.25;Test Solution:high_cardinality;Heat treatment:categorical_sparse_0.54;Microstructures:categorical_sparse_0.28",,,,,,,,,,,,,,,,,,,,,,,step-2500,2500
5,pretrained_tabicl_v2,pretrained_tabicl_regressor,/home/fcolanto/.cache/huggingface/hub/models--jingang--TabICL/snapshots/4dcd344ece2c00be9e831fdd35bed57b5ad83e19/tabicl-regressor-v2-20260212.ckpt,electrochemical_metrics_alloys__pitting_potential__epit_mv_sce_avg,electrochemical_metrics_alloys,Pitting Potential,"Epit, mV (SCE) Avg.",,continuous,0,,median,False,,608,487,121,21,False,0,,,,,epit_pipeline_development_fold_5,0,0,0,0,True,,,normal_corrosion,188.9494359413199,260.65988789830766,0.7966162897556599,0.8765706002620413,0.9273144092547476,0.4085393209542052,0.5635889468071517,"environment,material,process_history","{""environment"": 3, ""material"": 17, ""process_history"": 1}","Composition, wt.% N:numeric_sparse_0.34;Composition, wt.% C:numeric_sparse_0.45;Composition, wt.% Si:numeric_sparse_0.44;Composition, wt.% Mn:numeric_sparse_0.41;Composition, wt.% Cu:numeric_sparse_0.19;Composition, wt.% P:numeric_sparse_0.23;Composition, wt.% S:numeric_sparse_0.25;Test Solution:high_cardinality;Heat treatment:categorical_sparse_0.54;Microstructures:categorical_sparse_0.28",,,,,,,,,,,,,,,,,,,,,,,step-2500,2500
5,catboost,catboost_regressor,catboost==1.2.10;iterations=1000;depth=6;learning_rate=0.03;l2_leaf_reg=3;thread_count=8,electrochemical_metrics_alloys__pitting_potential__epit_mv_sce_avg,electrochemical_metrics_alloys,Pitting Potential,"Epit, mV (SCE) Avg.",,continuous,0,,median,False,,608,487,121,21,False,0,,,,,epit_pipeline_development_fold_5,0,0,0,0,True,,,normal_corrosion,184.17920914311293,245.27082356558748,0.8199224654334067,0.9112805160230548,0.9323509602938432,0.3982253170661901,0.5303152941958648,"environment,material,process_history","{""environment"": 3, ""material"": 17, ""process_history"": 1}","Composition, wt.% N:numeric_sparse_0.34;Composition, wt.% C:numeric_sparse_0.45;Composition, wt.% Si:numeric_sparse_0.44;Composition, wt.% Mn:numeric_sparse_0.41;Composition, wt.% Cu:numeric_sparse_0.19;Composition, wt.% P:numeric_sparse_0.23;Composition, wt.% S:numeric_sparse_0.25;Test Solution:high_cardinality;Heat treatment:categorical_sparse_0.54;Microstructures:categorical_sparse_0.28",,,,,,,,,,,,,,,,,,,,,,,step-2500,2500
5,generic_baseline,local_tabicl_regressor,/home/fcolanto/projects/tabicl/checkpoints/tabicl_s1_regression_baseline/step-3000.ckpt,electrochemical_metrics_alloys__pitting_potential__epit_mv_sce_avg,electrochemical_metrics_alloys,Pitting Potential,"Epit, mV (SCE) Avg.",,continuous,0,,median,False,,608,487,121,21,False,0,,,,,epit_pipeline_development_fold_5,0,0,0,0,True,,,normal_corrosion,253.18036838195945,326.5387600182233,0.6808188494223728,0.8600343123891591,0.8927642855271634,0.5474170127177501,0.7060297513907531,"environment,material,process_history","{""environment"": 3, ""material"": 17, ""process_history"": 1}","Composition, wt.% N:numeric_sparse_0.34;Composition, wt.% C:numeric_sparse_0.45;Composition, wt.% Si:numeric_sparse_0.44;Composition, wt.% Mn:numeric_sparse_0.41;Composition, wt.% Cu:numeric_sparse_0.19;Composition, wt.% P:numeric_sparse_0.23;Composition, wt.% S:numeric_sparse_0.25;Test Solution:high_cardinality;Heat treatment:categorical_sparse_0.54;Microstructures:categorical_sparse_0.28",,,,,,,,,,,,,,,,,,,,,,,step-3000,3000
5,trial_0025,local_tabicl_regressor,/home/fcolanto/projects/tabicl/checkpoints/epit_pipeline_final_v1/final_epit_pipeline_optuna_fe_ni_v4_trial_0025/step-3000.ckpt,electrochemical_metrics_alloys__pitting_potential__epit_mv_sce_avg,electrochemical_metrics_alloys,Pitting Potential,"Epit, mV (SCE) Avg.",,continuous,0,,median,False,,608,487,121,31,True,0,,,,,epit_pipeline_development_fold_5,0,0,0,0,True,,,normal_corrosion,221.9843031570676,291.7291365318341,0.7452422699413974,0.8945803181276938,0.9226854860035928,0.4799660608801461,0.6307657006093711,"environment,material,material_descriptor,process_history","{""environment"": 3, ""material"": 17, ""material_descriptor"": 10, ""process_history"": 1}","Composition, wt.% N:numeric_sparse_0.34;Composition, wt.% C:numeric_sparse_0.45;Composition, wt.% Si:numeric_sparse_0.44;Composition, wt.% Mn:numeric_sparse_0.41;Composition, wt.% Cu:numeric_sparse_0.19;Composition, wt.% P:numeric_sparse_0.23;Composition, wt.% S:numeric_sparse_0.25;Test Solution:high_cardinality;Heat treatment:categorical_sparse_0.54;Microstructures:categorical_sparse_0.28",,,,,,,,,,,,,,,,,,,,,,,step-3000,3000
5,pretrained_tabicl_v2,pretrained_tabicl_regressor,/home/fcolanto/.cache/huggingface/hub/models--jingang--TabICL/snapshots/4dcd344ece2c00be9e831fdd35bed57b5ad83e19/tabicl-regressor-v2-20260212.ckpt,electrochemical_metrics_alloys__pitting_potential__epit_mv_sce_avg,electrochemical_metrics_alloys,Pitting Potential,"Epit, mV (SCE) Avg.",,continuous,0,,median,False,,608,487,121,21,False,0,,,,,epit_pipeline_development_fold_5,0,0,0,0,True,,,normal_corrosion,188.9494359413199,260.65988789830766,0.7966162897556599,0.8765706002620413,0.9273144092547476,0.4085393209542052,0.5635889468071517,"environment,material,process_history","{""environment"": 3, ""material"": 17, ""process_history"": 1}","Composition, wt.% N:numeric_sparse_0.34;Composition, wt.% C:numeric_sparse_0.45;Composition, wt.% Si:numeric_sparse_0.44;Composition, wt.% Mn:numeric_sparse_0.41;Composition, wt.% Cu:numeric_sparse_0.19;Composition, wt.% P:numeric_sparse_0.23;Composition, wt.% S:numeric_sparse_0.25;Test Solution:high_cardinality;Heat treatment:categorical_sparse_0.54;Microstructures:categorical_sparse_0.28",,,,,,,,,,,,,,,,,,,,,,,step-3000,3000
5,catboost,catboost_regressor,catboost==1.2.10;iterations=1000;depth=6;learning_rate=0.03;l2_leaf_reg=3;thread_count=8,electrochemical_metrics_alloys__pitting_potential__epit_mv_sce_avg,electrochemical_metrics_alloys,Pitting Potential,"Epit, mV (SCE) Avg.",,continuous,0,,median,False,,608,487,121,21,False,0,,,,,epit_pipeline_development_fold_5,0,0,0,0,True,,,normal_corrosion,184.17920914311293,245.27082356558748,0.8199224654334067,0.9112805160230548,0.9323509602938432,0.3982253170661901,0.5303152941958648,"environment,material,process_history","{""environment"": 3, ""material"": 17, ""process_history"": 1}","Composition, wt.% N:numeric_sparse_0.34;Composition, wt.% C:numeric_sparse_0.45;Composition, wt.% Si:numeric_sparse_0.44;Composition, wt.% Mn:numeric_sparse_0.41;Composition, wt.% Cu:numeric_sparse_0.19;Composition, wt.% P:numeric_sparse_0.23;Composition, wt.% S:numeric_sparse_0.25;Test Solution:high_cardinality;Heat treatment:categorical_sparse_0.54;Microstructures:categorical_sparse_0.28",,,,,,,,,,,,,,,,,,,,,,,step-3000,3000
5,generic_baseline,local_tabicl_regressor,/home/fcolanto/projects/tabicl/checkpoints/tabicl_s1_regression_baseline/step-3500.ckpt,electrochemical_metrics_alloys__pitting_potential__epit_mv_sce_avg,electrochemical_metrics_alloys,Pitting Potential,"Epit, mV (SCE) Avg.",,continuous,0,,median,False,,608,487,121,21,False,0,,,,,epit_pipeline_development_fold_5,0,0,0,0,True,,,normal_corrosion,251.5277572878866,321.7843174287063,0.6900458138413461,0.8703855814877925,0.9162288477885794,0.5438437995413764,0.6957498755215271,"environment,material,process_history","{""environment"": 3, ""material"": 17, ""process_history"": 1}","Composition, wt.% N:numeric_sparse_0.34;Composition, wt.% C:numeric_sparse_0.45;Composition, wt.% Si:numeric_sparse_0.44;Composition, wt.% Mn:numeric_sparse_0.41;Composition, wt.% Cu:numeric_sparse_0.19;Composition, wt.% P:numeric_sparse_0.23;Composition, wt.% S:numeric_sparse_0.25;Test Solution:high_cardinality;Heat treatment:categorical_sparse_0.54;Microstructures:categorical_sparse_0.28",,,,,,,,,,,,,,,,,,,,,,,step-3500,3500
5,trial_0025,local_tabicl_regressor,/home/fcolanto/projects/tabicl/checkpoints/epit_pipeline_final_v1/final_epit_pipeline_optuna_fe_ni_v4_trial_0025/step-3500.ckpt,electrochemical_metrics_alloys__pitting_potential__epit_mv_sce_avg,electrochemical_metrics_alloys,Pitting Potential,"Epit, mV (SCE) Avg.",,continuous,0,,median,False,,608,487,121,31,True,0,,,,,epit_pipeline_development_fold_5,0,0,0,0,True,,,normal_corrosion,228.80982934568945,300.0308203342688,0.7305367792947257,0.8892556469814072,0.9231467327564375,0.4947239553420312,0.6487152872092299,"environment,material,material_descriptor,process_history","{""environment"": 3, ""material"": 17, ""material_descriptor"": 10, ""process_history"": 1}","Composition, wt.% N:numeric_sparse_0.34;Composition, wt.% C:numeric_sparse_0.45;Composition, wt.% Si:numeric_sparse_0.44;Composition, wt.% Mn:numeric_sparse_0.41;Composition, wt.% Cu:numeric_sparse_0.19;Composition, wt.% P:numeric_sparse_0.23;Composition, wt.% S:numeric_sparse_0.25;Test Solution:high_cardinality;Heat treatment:categorical_sparse_0.54;Microstructures:categorical_sparse_0.28",,,,,,,,,,,,,,,,,,,,,,,step-3500,3500
5,pretrained_tabicl_v2,pretrained_tabicl_regressor,/home/fcolanto/.cache/huggingface/hub/models--jingang--TabICL/snapshots/4dcd344ece2c00be9e831fdd35bed57b5ad83e19/tabicl-regressor-v2-20260212.ckpt,electrochemical_metrics_alloys__pitting_potential__epit_mv_sce_avg,electrochemical_metrics_alloys,Pitting Potential,"Epit, mV (SCE) Avg.",,continuous,0,,median,False,,608,487,121,21,False,0,,,,,epit_pipeline_development_fold_5,0,0,0,0,True,,,normal_corrosion,188.9494359413199,260.65988789830766,0.7966162897556599,0.8765706002620413,0.9273144092547476,0.4085393209542052,0.5635889468071517,"environment,material,process_history","{""environment"": 3, ""material"": 17, ""process_history"": 1}","Composition, wt.% N:numeric_sparse_0.34;Composition, wt.% C:numeric_sparse_0.45;Composition, wt.% Si:numeric_sparse_0.44;Composition, wt.% Mn:numeric_sparse_0.41;Composition, wt.% Cu:numeric_sparse_0.19;Composition, wt.% P:numeric_sparse_0.23;Composition, wt.% S:numeric_sparse_0.25;Test Solution:high_cardinality;Heat treatment:categorical_sparse_0.54;Microstructures:categorical_sparse_0.28",,,,,,,,,,,,,,,,,,,,,,,step-3500,3500
5,catboost,catboost_regressor,catboost==1.2.10;iterations=1000;depth=6;learning_rate=0.03;l2_leaf_reg=3;thread_count=8,electrochemical_metrics_alloys__pitting_potential__epit_mv_sce_avg,electrochemical_metrics_alloys,Pitting Potential,"Epit, mV (SCE) Avg.",,continuous,0,,median,False,,608,487,121,21,False,0,,,,,epit_pipeline_development_fold_5,0,0,0,0,True,,,normal_corrosion,184.17920914311293,245.27082356558748,0.8199224654334067,0.9112805160230548,0.9323509602938432,0.3982253170661901,0.5303152941958648,"environment,material,process_history","{""environment"": 3, ""material"": 17, ""process_history"": 1}","Composition, wt.% N:numeric_sparse_0.34;Composition, wt.% C:numeric_sparse_0.45;Composition, wt.% Si:numeric_sparse_0.44;Composition, wt.% Mn:numeric_sparse_0.41;Composition, wt.% Cu:numeric_sparse_0.19;Composition, wt.% P:numeric_sparse_0.23;Composition, wt.% S:numeric_sparse_0.25;Test Solution:high_cardinality;Heat treatment:categorical_sparse_0.54;Microstructures:categorical_sparse_0.28",,,,,,,,,,,,,,,,,,,,,,,step-3500,3500
5,generic_baseline,local_tabicl_regressor,/home/fcolanto/projects/tabicl/checkpoints/tabicl_s1_regression_baseline/step-4000.ckpt,electrochemical_metrics_alloys__pitting_potential__epit_mv_sce_avg,electrochemical_metrics_alloys,Pitting Potential,"Epit, mV (SCE) Avg.",,continuous,0,,median,False,,608,487,121,21,False,0,,,,,epit_pipeline_development_fold_5,0,0,0,0,True,,,normal_corrosion,211.7137256081184,280.32836899675027,0.7647650443463359,0.8764554356189282,0.9225086208808552,0.4577594067202559,0.606115392425406,"environment,material,process_history","{""environment"": 3, ""material"": 17, ""process_history"": 1}","Composition, wt.% N:numeric_sparse_0.34;Composition, wt.% C:numeric_sparse_0.45;Composition, wt.% Si:numeric_sparse_0.44;Composition, wt.% Mn:numeric_sparse_0.41;Composition, wt.% Cu:numeric_sparse_0.19;Composition, wt.% P:numeric_sparse_0.23;Composition, wt.% S:numeric_sparse_0.25;Test Solution:high_cardinality;Heat treatment:categorical_sparse_0.54;Microstructures:categorical_sparse_0.28",,,,,,,,,,,,,,,,,,,,,,,step-4000,4000
5,trial_0025,local_tabicl_regressor,/home/fcolanto/projects/tabicl/checkpoints/epit_pipeline_final_v1/final_epit_pipeline_optuna_fe_ni_v4_trial_0025/step-4000.ckpt,electrochemical_metrics_alloys__pitting_potential__epit_mv_sce_avg,electrochemical_metrics_alloys,Pitting Potential,"Epit, mV (SCE) Avg.",,continuous,0,,median,False,,608,487,121,31,True,0,,,,,epit_pipeline_development_fold_5,0,0,0,0,True,,,normal_corrosion,242.16086285752115,313.31822661965646,0.7061409454539849,0.8931001137441523,0.9267194004844984,0.5235910548270728,0.6774448143127707,"environment,material,material_descriptor,process_history","{""environment"": 3, ""material"": 17, ""material_descriptor"": 10, ""process_history"": 1}","Composition, wt.% N:numeric_sparse_0.34;Composition, wt.% C:numeric_sparse_0.45;Composition, wt.% Si:numeric_sparse_0.44;Composition, wt.% Mn:numeric_sparse_0.41;Composition, wt.% Cu:numeric_sparse_0.19;Composition, wt.% P:numeric_sparse_0.23;Composition, wt.% S:numeric_sparse_0.25;Test Solution:high_cardinality;Heat treatment:categorical_sparse_0.54;Microstructures:categorical_sparse_0.28",,,,,,,,,,,,,,,,,,,,,,,step-4000,4000
5,pretrained_tabicl_v2,pretrained_tabicl_regressor,/home/fcolanto/.cache/huggingface/hub/models--jingang--TabICL/snapshots/4dcd344ece2c00be9e831fdd35bed57b5ad83e19/tabicl-regressor-v2-20260212.ckpt,electrochemical_metrics_alloys__pitting_potential__epit_mv_sce_avg,electrochemical_metrics_alloys,Pitting Potential,"Epit, mV (SCE) Avg.",,continuous,0,,median,False,,608,487,121,21,False,0,,,,,epit_pipeline_development_fold_5,0,0,0,0,True,,,normal_corrosion,188.9494359413199,260.65988789830766,0.7966162897556599,0.8765706002620413,0.9273144092547476,0.4085393209542052,0.5635889468071517,"environment,material,process_history","{""environment"": 3, ""material"": 17, ""process_history"": 1}","Composition, wt.% N:numeric_sparse_0.34;Composition, wt.% C:numeric_sparse_0.45;Composition, wt.% Si:numeric_sparse_0.44;Composition, wt.% Mn:numeric_sparse_0.41;Composition, wt.% Cu:numeric_sparse_0.19;Composition, wt.% P:numeric_sparse_0.23;Composition, wt.% S:numeric_sparse_0.25;Test Solution:high_cardinality;Heat treatment:categorical_sparse_0.54;Microstructures:categorical_sparse_0.28",,,,,,,,,,,,,,,,,,,,,,,step-4000,4000
5,catboost,catboost_regressor,catboost==1.2.10;iterations=1000;depth=6;learning_rate=0.03;l2_leaf_reg=3;thread_count=8,electrochemical_metrics_alloys__pitting_potential__epit_mv_sce_avg,electrochemical_metrics_alloys,Pitting Potential,"Epit, mV (SCE) Avg.",,continuous,0,,median,False,,608,487,121,21,False,0,,,,,epit_pipeline_development_fold_5,0,0,0,0,True,,,normal_corrosion,184.17920914311293,245.27082356558748,0.8199224654334067,0.9112805160230548,0.9323509602938432,0.3982253170661901,0.5303152941958648,"environment,material,process_history","{""environment"": 3, ""material"": 17, ""process_history"": 1}","Composition, wt.% N:numeric_sparse_0.34;Composition, wt.% C:numeric_sparse_0.45;Composition, wt.% Si:numeric_sparse_0.44;Composition, wt.% Mn:numeric_sparse_0.41;Composition, wt.% Cu:numeric_sparse_0.19;Composition, wt.% P:numeric_sparse_0.23;Composition, wt.% S:numeric_sparse_0.25;Test Solution:high_cardinality;Heat treatment:categorical_sparse_0.54;Microstructures:categorical_sparse_0.28",,,,,,,,,,,,,,,,,,,,,,,step-4000,4000
5,generic_baseline,local_tabicl_regressor,/home/fcolanto/projects/tabicl/checkpoints/tabicl_s1_regression_baseline/step-4500.ckpt,electrochemical_metrics_alloys__pitting_potential__epit_mv_sce_avg,electrochemical_metrics_alloys,Pitting Potential,"Epit, mV (SCE) Avg.",,continuous,0,,median,False,,608,487,121,21,False,0,,,,,epit_pipeline_development_fold_5,0,0,0,0,True,,,normal_corrosion,222.3880280166363,290.6504456936633,0.7471227593341991,0.8850656862893229,0.9250942856361614,0.4808389794954298,0.6284333960944072,"environment,material,process_history","{""environment"": 3, ""material"": 17, ""process_history"": 1}","Composition, wt.% N:numeric_sparse_0.34;Composition, wt.% C:numeric_sparse_0.45;Composition, wt.% Si:numeric_sparse_0.44;Composition, wt.% Mn:numeric_sparse_0.41;Composition, wt.% Cu:numeric_sparse_0.19;Composition, wt.% P:numeric_sparse_0.23;Composition, wt.% S:numeric_sparse_0.25;Test Solution:high_cardinality;Heat treatment:categorical_sparse_0.54;Microstructures:categorical_sparse_0.28",,,,,,,,,,,,,,,,,,,,,,,step-4500,4500
5,trial_0025,local_tabicl_regressor,/home/fcolanto/projects/tabicl/checkpoints/epit_pipeline_final_v1/final_epit_pipeline_optuna_fe_ni_v4_trial_0025/step-4500.ckpt,electrochemical_metrics_alloys__pitting_potential__epit_mv_sce_avg,electrochemical_metrics_alloys,Pitting Potential,"Epit, mV (SCE) Avg.",,continuous,0,,median,False,,608,487,121,31,True,0,,,,,epit_pipeline_development_fold_5,0,0,0,0,True,,,normal_corrosion,249.4303943597326,332.06278763039944,0.6699283863908017,0.8952137236648157,0.9052938047566416,0.5393089607778002,0.7179735948765393,"environment,material,material_descriptor,process_history","{""environment"": 3, ""material"": 17, ""material_descriptor"": 10, ""process_history"": 1}","Composition, wt.% N:numeric_sparse_0.34;Composition, wt.% C:numeric_sparse_0.45;Composition, wt.% Si:numeric_sparse_0.44;Composition, wt.% Mn:numeric_sparse_0.41;Composition, wt.% Cu:numeric_sparse_0.19;Composition, wt.% P:numeric_sparse_0.23;Composition, wt.% S:numeric_sparse_0.25;Test Solution:high_cardinality;Heat treatment:categorical_sparse_0.54;Microstructures:categorical_sparse_0.28",,,,,,,,,,,,,,,,,,,,,,,step-4500,4500
5,pretrained_tabicl_v2,pretrained_tabicl_regressor,/home/fcolanto/.cache/huggingface/hub/models--jingang--TabICL/snapshots/4dcd344ece2c00be9e831fdd35bed57b5ad83e19/tabicl-regressor-v2-20260212.ckpt,electrochemical_metrics_alloys__pitting_potential__epit_mv_sce_avg,electrochemical_metrics_alloys,Pitting Potential,"Epit, mV (SCE) Avg.",,continuous,0,,median,False,,608,487,121,21,False,0,,,,,epit_pipeline_development_fold_5,0,0,0,0,True,,,normal_corrosion,188.9494359413199,260.65988789830766,0.7966162897556599,0.8765706002620413,0.9273144092547476,0.4085393209542052,0.5635889468071517,"environment,material,process_history","{""environment"": 3, ""material"": 17, ""process_history"": 1}","Composition, wt.% N:numeric_sparse_0.34;Composition, wt.% C:numeric_sparse_0.45;Composition, wt.% Si:numeric_sparse_0.44;Composition, wt.% Mn:numeric_sparse_0.41;Composition, wt.% Cu:numeric_sparse_0.19;Composition, wt.% P:numeric_sparse_0.23;Composition, wt.% S:numeric_sparse_0.25;Test Solution:high_cardinality;Heat treatment:categorical_sparse_0.54;Microstructures:categorical_sparse_0.28",,,,,,,,,,,,,,,,,,,,,,,step-4500,4500
5,catboost,catboost_regressor,catboost==1.2.10;iterations=1000;depth=6;learning_rate=0.03;l2_leaf_reg=3;thread_count=8,electrochemical_metrics_alloys__pitting_potential__epit_mv_sce_avg,electrochemical_metrics_alloys,Pitting Potential,"Epit, mV (SCE) Avg.",,continuous,0,,median,False,,608,487,121,21,False,0,,,,,epit_pipeline_development_fold_5,0,0,0,0,True,,,normal_corrosion,184.17920914311293,245.27082356558748,0.8199224654334067,0.9112805160230548,0.9323509602938432,0.3982253170661901,0.5303152941958648,"environment,material,process_history","{""environment"": 3, ""material"": 17, ""process_history"": 1}","Composition, wt.% N:numeric_sparse_0.34;Composition, wt.% C:numeric_sparse_0.45;Composition, wt.% Si:numeric_sparse_0.44;Composition, wt.% Mn:numeric_sparse_0.41;Composition, wt.% Cu:numeric_sparse_0.19;Composition, wt.% P:numeric_sparse_0.23;Composition, wt.% S:numeric_sparse_0.25;Test Solution:high_cardinality;Heat treatment:categorical_sparse_0.54;Microstructures:categorical_sparse_0.28",,,,,,,,,,,,,,,,,,,,,,,step-4500,4500
5,generic_baseline,local_tabicl_regressor,/home/fcolanto/projects/tabicl/checkpoints/tabicl_s1_regression_baseline/step-5000.ckpt,electrochemical_metrics_alloys__pitting_potential__epit_mv_sce_avg,electrochemical_metrics_alloys,Pitting Potential,"Epit, mV (SCE) Avg.",,continuous,0,,median,False,,608,487,121,21,False,0,,,,,epit_pipeline_development_fold_5,0,0,0,0,True,,,normal_corrosion,262.60453999365075,334.02053912196243,0.6660248890883151,0.8838395215597075,0.923030162312608,0.5677935999862719,0.7222065710745134,"environment,material,process_history","{""environment"": 3, ""material"": 17, ""process_history"": 1}","Composition, wt.% N:numeric_sparse_0.34;Composition, wt.% C:numeric_sparse_0.45;Composition, wt.% Si:numeric_sparse_0.44;Composition, wt.% Mn:numeric_sparse_0.41;Composition, wt.% Cu:numeric_sparse_0.19;Composition, wt.% P:numeric_sparse_0.23;Composition, wt.% S:numeric_sparse_0.25;Test Solution:high_cardinality;Heat treatment:categorical_sparse_0.54;Microstructures:categorical_sparse_0.28",,,,,,,,,,,,,,,,,,,,,,,step-5000,5000
5,trial_0025,local_tabicl_regressor,/home/fcolanto/projects/tabicl/checkpoints/epit_pipeline_final_v1/final_epit_pipeline_optuna_fe_ni_v4_trial_0025/step-5000.ckpt,electrochemical_metrics_alloys__pitting_potential__epit_mv_sce_avg,electrochemical_metrics_alloys,Pitting Potential,"Epit, mV (SCE) Avg.",,continuous,0,,median,False,,608,487,121,31,True,0,,,,,epit_pipeline_development_fold_5,0,0,0,0,True,,,normal_corrosion,272.89293365426704,361.6936435087245,0.6083938439479859,0.8991564190937456,0.8992500054079711,0.5900387754686854,0.7820403102891341,"environment,material,material_descriptor,process_history","{""environment"": 3, ""material"": 17, ""material_descriptor"": 10, ""process_history"": 1}","Composition, wt.% N:numeric_sparse_0.34;Composition, wt.% C:numeric_sparse_0.45;Composition, wt.% Si:numeric_sparse_0.44;Composition, wt.% Mn:numeric_sparse_0.41;Composition, wt.% Cu:numeric_sparse_0.19;Composition, wt.% P:numeric_sparse_0.23;Composition, wt.% S:numeric_sparse_0.25;Test Solution:high_cardinality;Heat treatment:categorical_sparse_0.54;Microstructures:categorical_sparse_0.28",,,,,,,,,,,,,,,,,,,,,,,step-5000,5000
5,pretrained_tabicl_v2,pretrained_tabicl_regressor,/home/fcolanto/.cache/huggingface/hub/models--jingang--TabICL/snapshots/4dcd344ece2c00be9e831fdd35bed57b5ad83e19/tabicl-regressor-v2-20260212.ckpt,electrochemical_metrics_alloys__pitting_potential__epit_mv_sce_avg,electrochemical_metrics_alloys,Pitting Potential,"Epit, mV (SCE) Avg.",,continuous,0,,median,False,,608,487,121,21,False,0,,,,,epit_pipeline_development_fold_5,0,0,0,0,True,,,normal_corrosion,188.9494359413199,260.65988789830766,0.7966162897556599,0.8765706002620413,0.9273144092547476,0.4085393209542052,0.5635889468071517,"environment,material,process_history","{""environment"": 3, ""material"": 17, ""process_history"": 1}","Composition, wt.% N:numeric_sparse_0.34;Composition, wt.% C:numeric_sparse_0.45;Composition, wt.% Si:numeric_sparse_0.44;Composition, wt.% Mn:numeric_sparse_0.41;Composition, wt.% Cu:numeric_sparse_0.19;Composition, wt.% P:numeric_sparse_0.23;Composition, wt.% S:numeric_sparse_0.25;Test Solution:high_cardinality;Heat treatment:categorical_sparse_0.54;Microstructures:categorical_sparse_0.28",,,,,,,,,,,,,,,,,,,,,,,step-5000,5000
5,catboost,catboost_regressor,catboost==1.2.10;iterations=1000;depth=6;learning_rate=0.03;l2_leaf_reg=3;thread_count=8,electrochemical_metrics_alloys__pitting_potential__epit_mv_sce_avg,electrochemical_metrics_alloys,Pitting Potential,"Epit, mV (SCE) Avg.",,continuous,0,,median,False,,608,487,121,21,False,0,,,,,epit_pipeline_development_fold_5,0,0,0,0,True,,,normal_corrosion,184.17920914311293,245.27082356558748,0.8199224654334067,0.9112805160230548,0.9323509602938432,0.3982253170661901,0.5303152941958648,"environment,material,process_history","{""environment"": 3, ""material"": 17, ""process_history"": 1}","Composition, wt.% N:numeric_sparse_0.34;Composition, wt.% C:numeric_sparse_0.45;Composition, wt.% Si:numeric_sparse_0.44;Composition, wt.% Mn:numeric_sparse_0.41;Composition, wt.% Cu:numeric_sparse_0.19;Composition, wt.% P:numeric_sparse_0.23;Composition, wt.% S:numeric_sparse_0.25;Test Solution:high_cardinality;Heat treatment:categorical_sparse_0.54;Microstructures:categorical_sparse_0.28",,,,,,,,,,,,,,,,,,,,,,,step-5000,5000
5,generic_baseline,local_tabicl_regressor,/home/fcolanto/projects/tabicl/checkpoints/tabicl_s1_regression_baseline/step-5500.ckpt,electrochemical_metrics_alloys__pitting_potential__epit_mv_sce_avg,electrochemical_metrics_alloys,Pitting Potential,"Epit, mV (SCE) Avg.",,continuous,0,,median,False,,608,487,121,21,False,0,,,,,epit_pipeline_development_fold_5,0,0,0,0,True,,,normal_corrosion,215.33114901721825,283.1203985030651,0.76005589792349,0.8820646311776118,0.9221273274883688,0.4655808627399314,0.6121522129796002,"environment,material,process_history","{""environment"": 3, ""material"": 17, ""process_history"": 1}","Composition, wt.% N:numeric_sparse_0.34;Composition, wt.% C:numeric_sparse_0.45;Composition, wt.% Si:numeric_sparse_0.44;Composition, wt.% Mn:numeric_sparse_0.41;Composition, wt.% Cu:numeric_sparse_0.19;Composition, wt.% P:numeric_sparse_0.23;Composition, wt.% S:numeric_sparse_0.25;Test Solution:high_cardinality;Heat treatment:categorical_sparse_0.54;Microstructures:categorical_sparse_0.28",,,,,,,,,,,,,,,,,,,,,,,step-5500,5500
5,trial_0025,local_tabicl_regressor,/home/fcolanto/projects/tabicl/checkpoints/epit_pipeline_final_v1/final_epit_pipeline_optuna_fe_ni_v4_trial_0025/step-5500.ckpt,electrochemical_metrics_alloys__pitting_potential__epit_mv_sce_avg,electrochemical_metrics_alloys,Pitting Potential,"Epit, mV (SCE) Avg.",,continuous,0,,median,False,,608,487,121,31,True,0,,,,,epit_pipeline_development_fold_5,0,0,0,0,True,,,normal_corrosion,250.72197720814748,334.11397718493896,0.6658380122437348,0.8848556801754109,0.9004791583420962,0.5421015723419405,0.722408599318787,"environment,material,material_descriptor,process_history","{""environment"": 3, ""material"": 17, ""material_descriptor"": 10, ""process_history"": 1}","Composition, wt.% N:numeric_sparse_0.34;Composition, wt.% C:numeric_sparse_0.45;Composition, wt.% Si:numeric_sparse_0.44;Composition, wt.% Mn:numeric_sparse_0.41;Composition, wt.% Cu:numeric_sparse_0.19;Composition, wt.% P:numeric_sparse_0.23;Composition, wt.% S:numeric_sparse_0.25;Test Solution:high_cardinality;Heat treatment:categorical_sparse_0.54;Microstructures:categorical_sparse_0.28",,,,,,,,,,,,,,,,,,,,,,,step-5500,5500
5,pretrained_tabicl_v2,pretrained_tabicl_regressor,/home/fcolanto/.cache/huggingface/hub/models--jingang--TabICL/snapshots/4dcd344ece2c00be9e831fdd35bed57b5ad83e19/tabicl-regressor-v2-20260212.ckpt,electrochemical_metrics_alloys__pitting_potential__epit_mv_sce_avg,electrochemical_metrics_alloys,Pitting Potential,"Epit, mV (SCE) Avg.",,continuous,0,,median,False,,608,487,121,21,False,0,,,,,epit_pipeline_development_fold_5,0,0,0,0,True,,,normal_corrosion,188.9494359413199,260.65988789830766,0.7966162897556599,0.8765706002620413,0.9273144092547476,0.4085393209542052,0.5635889468071517,"environment,material,process_history","{""environment"": 3, ""material"": 17, ""process_history"": 1}","Composition, wt.% N:numeric_sparse_0.34;Composition, wt.% C:numeric_sparse_0.45;Composition, wt.% Si:numeric_sparse_0.44;Composition, wt.% Mn:numeric_sparse_0.41;Composition, wt.% Cu:numeric_sparse_0.19;Composition, wt.% P:numeric_sparse_0.23;Composition, wt.% S:numeric_sparse_0.25;Test Solution:high_cardinality;Heat treatment:categorical_sparse_0.54;Microstructures:categorical_sparse_0.28",,,,,,,,,,,,,,,,,,,,,,,step-5500,5500
5,catboost,catboost_regressor,catboost==1.2.10;iterations=1000;depth=6;learning_rate=0.03;l2_leaf_reg=3;thread_count=8,electrochemical_metrics_alloys__pitting_potential__epit_mv_sce_avg,electrochemical_metrics_alloys,Pitting Potential,"Epit, mV (SCE) Avg.",,continuous,0,,median,False,,608,487,121,21,False,0,,,,,epit_pipeline_development_fold_5,0,0,0,0,True,,,normal_corrosion,184.17920914311293,245.27082356558748,0.8199224654334067,0.9112805160230548,0.9323509602938432,0.3982253170661901,0.5303152941958648,"environment,material,process_history","{""environment"": 3, ""material"": 17, ""process_history"": 1}","Composition, wt.% N:numeric_sparse_0.34;Composition, wt.% C:numeric_sparse_0.45;Composition, wt.% Si:numeric_sparse_0.44;Composition, wt.% Mn:numeric_sparse_0.41;Composition, wt.% Cu:numeric_sparse_0.19;Composition, wt.% P:numeric_sparse_0.23;Composition, wt.% S:numeric_sparse_0.25;Test Solution:high_cardinality;Heat treatment:categorical_sparse_0.54;Microstructures:categorical_sparse_0.28",,,,,,,,,,,,,,,,,,,,,,,step-5500,5500
5,generic_baseline,local_tabicl_regressor,/home/fcolanto/projects/tabicl/checkpoints/tabicl_s1_regression_baseline/step-6000.ckpt,electrochemical_metrics_alloys__pitting_potential__epit_mv_sce_avg,electrochemical_metrics_alloys,Pitting Potential,"Epit, mV (SCE) Avg.",,continuous,0,,median,False,,608,487,121,21,False,0,,,,,epit_pipeline_development_fold_5,0,0,0,0,True,,,normal_corrosion,216.42882056066236,280.4040827433899,0.7646379582072196,0.886772832763705,0.926827379738316,0.4679542066176483,0.6062790978235457,"environment,material,process_history","{""environment"": 3, ""material"": 17, ""process_history"": 1}","Composition, wt.% N:numeric_sparse_0.34;Composition, wt.% C:numeric_sparse_0.45;Composition, wt.% Si:numeric_sparse_0.44;Composition, wt.% Mn:numeric_sparse_0.41;Composition, wt.% Cu:numeric_sparse_0.19;Composition, wt.% P:numeric_sparse_0.23;Composition, wt.% S:numeric_sparse_0.25;Test Solution:high_cardinality;Heat treatment:categorical_sparse_0.54;Microstructures:categorical_sparse_0.28",,,,,,,,,,,,,,,,,,,,,,,step-6000,6000
5,trial_0025,local_tabicl_regressor,/home/fcolanto/projects/tabicl/checkpoints/epit_pipeline_final_v1/final_epit_pipeline_optuna_fe_ni_v4_trial_0025/step-6000.ckpt,electrochemical_metrics_alloys__pitting_potential__epit_mv_sce_avg,electrochemical_metrics_alloys,Pitting Potential,"Epit, mV (SCE) Avg.",,continuous,0,,median,False,,608,487,121,31,True,0,,,,,epit_pipeline_development_fold_5,0,0,0,0,True,,,normal_corrosion,281.1095095668687,368.91803667585776,0.5925938928943915,0.880912984746481,0.8800021867697851,0.6078043450094459,0.7976606198396925,"environment,material,material_descriptor,process_history","{""environment"": 3, ""material"": 17, ""material_descriptor"": 10, ""process_history"": 1}","Composition, wt.% N:numeric_sparse_0.34;Composition, wt.% C:numeric_sparse_0.45;Composition, wt.% Si:numeric_sparse_0.44;Composition, wt.% Mn:numeric_sparse_0.41;Composition, wt.% Cu:numeric_sparse_0.19;Composition, wt.% P:numeric_sparse_0.23;Composition, wt.% S:numeric_sparse_0.25;Test Solution:high_cardinality;Heat treatment:categorical_sparse_0.54;Microstructures:categorical_sparse_0.28",,,,,,,,,,,,,,,,,,,,,,,step-6000,6000
5,pretrained_tabicl_v2,pretrained_tabicl_regressor,/home/fcolanto/.cache/huggingface/hub/models--jingang--TabICL/snapshots/4dcd344ece2c00be9e831fdd35bed57b5ad83e19/tabicl-regressor-v2-20260212.ckpt,electrochemical_metrics_alloys__pitting_potential__epit_mv_sce_avg,electrochemical_metrics_alloys,Pitting Potential,"Epit, mV (SCE) Avg.",,continuous,0,,median,False,,608,487,121,21,False,0,,,,,epit_pipeline_development_fold_5,0,0,0,0,True,,,normal_corrosion,188.9494359413199,260.65988789830766,0.7966162897556599,0.8765706002620413,0.9273144092547476,0.4085393209542052,0.5635889468071517,"environment,material,process_history","{""environment"": 3, ""material"": 17, ""process_history"": 1}","Composition, wt.% N:numeric_sparse_0.34;Composition, wt.% C:numeric_sparse_0.45;Composition, wt.% Si:numeric_sparse_0.44;Composition, wt.% Mn:numeric_sparse_0.41;Composition, wt.% Cu:numeric_sparse_0.19;Composition, wt.% P:numeric_sparse_0.23;Composition, wt.% S:numeric_sparse_0.25;Test Solution:high_cardinality;Heat treatment:categorical_sparse_0.54;Microstructures:categorical_sparse_0.28",,,,,,,,,,,,,,,,,,,,,,,step-6000,6000
5,catboost,catboost_regressor,catboost==1.2.10;iterations=1000;depth=6;learning_rate=0.03;l2_leaf_reg=3;thread_count=8,electrochemical_metrics_alloys__pitting_potential__epit_mv_sce_avg,electrochemical_metrics_alloys,Pitting Potential,"Epit, mV (SCE) Avg.",,continuous,0,,median,False,,608,487,121,21,False,0,,,,,epit_pipeline_development_fold_5,0,0,0,0,True,,,normal_corrosion,184.17920914311293,245.27082356558748,0.8199224654334067,0.9112805160230548,0.9323509602938432,0.3982253170661901,0.5303152941958648,"environment,material,process_history","{""environment"": 3, ""material"": 17, ""process_history"": 1}","Composition, wt.% N:numeric_sparse_0.34;Composition, wt.% C:numeric_sparse_0.45;Composition, wt.% Si:numeric_sparse_0.44;Composition, wt.% Mn:numeric_sparse_0.41;Composition, wt.% Cu:numeric_sparse_0.19;Composition, wt.% P:numeric_sparse_0.23;Composition, wt.% S:numeric_sparse_0.25;Test Solution:high_cardinality;Heat treatment:categorical_sparse_0.54;Microstructures:categorical_sparse_0.28",,,,,,,,,,,,,,,,,,,,,,,step-6000,6000
5,generic_baseline,local_tabicl_regressor,/home/fcolanto/projects/tabicl/checkpoints/tabicl_s1_regression_baseline/step-6500.ckpt,electrochemical_metrics_alloys__pitting_potential__epit_mv_sce_avg,electrochemical_metrics_alloys,Pitting Potential,"Epit, mV (SCE) Avg.",,continuous,0,,median,False,,608,487,121,21,False,0,,,,,epit_pipeline_development_fold_5,0,0,0,0,True,,,normal_corrosion,229.1909896340982,296.4257353144631,0.7369734617593648,0.8843001801321596,0.928536603389442,0.4955480856953475,0.6409205087880283,"environment,material,process_history","{""environment"": 3, ""material"": 17, ""process_history"": 1}","Composition, wt.% N:numeric_sparse_0.34;Composition, wt.% C:numeric_sparse_0.45;Composition, wt.% Si:numeric_sparse_0.44;Composition, wt.% Mn:numeric_sparse_0.41;Composition, wt.% Cu:numeric_sparse_0.19;Composition, wt.% P:numeric_sparse_0.23;Composition, wt.% S:numeric_sparse_0.25;Test Solution:high_cardinality;Heat treatment:categorical_sparse_0.54;Microstructures:categorical_sparse_0.28",,,,,,,,,,,,,,,,,,,,,,,step-6500,6500
5,trial_0025,local_tabicl_regressor,/home/fcolanto/projects/tabicl/checkpoints/epit_pipeline_final_v1/final_epit_pipeline_optuna_fe_ni_v4_trial_0025/step-6500.ckpt,electrochemical_metrics_alloys__pitting_potential__epit_mv_sce_avg,electrochemical_metrics_alloys,Pitting Potential,"Epit, mV (SCE) Avg.",,continuous,0,,median,False,,608,487,121,31,True,0,,,,,epit_pipeline_development_fold_5,0,0,0,0,True,,,normal_corrosion,292.3571124237176,377.4563094316357,0.5735175778839325,0.8776849875439295,0.8833546500504175,0.6321234863215516,0.8161217501224556,"environment,material,material_descriptor,process_history","{""environment"": 3, ""material"": 17, ""material_descriptor"": 10, ""process_history"": 1}","Composition, wt.% N:numeric_sparse_0.34;Composition, wt.% C:numeric_sparse_0.45;Composition, wt.% Si:numeric_sparse_0.44;Composition, wt.% Mn:numeric_sparse_0.41;Composition, wt.% Cu:numeric_sparse_0.19;Composition, wt.% P:numeric_sparse_0.23;Composition, wt.% S:numeric_sparse_0.25;Test Solution:high_cardinality;Heat treatment:categorical_sparse_0.54;Microstructures:categorical_sparse_0.28",,,,,,,,,,,,,,,,,,,,,,,step-6500,6500
5,pretrained_tabicl_v2,pretrained_tabicl_regressor,/home/fcolanto/.cache/huggingface/hub/models--jingang--TabICL/snapshots/4dcd344ece2c00be9e831fdd35bed57b5ad83e19/tabicl-regressor-v2-20260212.ckpt,electrochemical_metrics_alloys__pitting_potential__epit_mv_sce_avg,electrochemical_metrics_alloys,Pitting Potential,"Epit, mV (SCE) Avg.",,continuous,0,,median,False,,608,487,121,21,False,0,,,,,epit_pipeline_development_fold_5,0,0,0,0,True,,,normal_corrosion,188.9494359413199,260.65988789830766,0.7966162897556599,0.8765706002620413,0.9273144092547476,0.4085393209542052,0.5635889468071517,"environment,material,process_history","{""environment"": 3, ""material"": 17, ""process_history"": 1}","Composition, wt.% N:numeric_sparse_0.34;Composition, wt.% C:numeric_sparse_0.45;Composition, wt.% Si:numeric_sparse_0.44;Composition, wt.% Mn:numeric_sparse_0.41;Composition, wt.% Cu:numeric_sparse_0.19;Composition, wt.% P:numeric_sparse_0.23;Composition, wt.% S:numeric_sparse_0.25;Test Solution:high_cardinality;Heat treatment:categorical_sparse_0.54;Microstructures:categorical_sparse_0.28",,,,,,,,,,,,,,,,,,,,,,,step-6500,6500
5,catboost,catboost_regressor,catboost==1.2.10;iterations=1000;depth=6;learning_rate=0.03;l2_leaf_reg=3;thread_count=8,electrochemical_metrics_alloys__pitting_potential__epit_mv_sce_avg,electrochemical_metrics_alloys,Pitting Potential,"Epit, mV (SCE) Avg.",,continuous,0,,median,False,,608,487,121,21,False,0,,,,,epit_pipeline_development_fold_5,0,0,0,0,True,,,normal_corrosion,184.17920914311293,245.27082356558748,0.8199224654334067,0.9112805160230548,0.9323509602938432,0.3982253170661901,0.5303152941958648,"environment,material,process_history","{""environment"": 3, ""material"": 17, ""process_history"": 1}","Composition, wt.% N:numeric_sparse_0.34;Composition, wt.% C:numeric_sparse_0.45;Composition, wt.% Si:numeric_sparse_0.44;Composition, wt.% Mn:numeric_sparse_0.41;Composition, wt.% Cu:numeric_sparse_0.19;Composition, wt.% P:numeric_sparse_0.23;Composition, wt.% S:numeric_sparse_0.25;Test Solution:high_cardinality;Heat treatment:categorical_sparse_0.54;Microstructures:categorical_sparse_0.28",,,,,,,,,,,,,,,,,,,,,,,step-6500,6500
5,generic_baseline,local_tabicl_regressor,/home/fcolanto/projects/tabicl/checkpoints/tabicl_s1_regression_baseline/step-7000.ckpt,electrochemical_metrics_alloys__pitting_potential__epit_mv_sce_avg,electrochemical_metrics_alloys,Pitting Potential,"Epit, mV (SCE) Avg.",,continuous,0,,median,False,,608,487,121,21,False,0,,,,,epit_pipeline_development_fold_5,0,0,0,0,True,,,normal_corrosion,205.1916842242648,261.5981948295844,0.7951493987287532,0.8974187878608924,0.9411903711164712,0.443657695620032,0.5656177185504527,"environment,material,process_history","{""environment"": 3, ""material"": 17, ""process_history"": 1}","Composition, wt.% N:numeric_sparse_0.34;Composition, wt.% C:numeric_sparse_0.45;Composition, wt.% Si:numeric_sparse_0.44;Composition, wt.% Mn:numeric_sparse_0.41;Composition, wt.% Cu:numeric_sparse_0.19;Composition, wt.% P:numeric_sparse_0.23;Composition, wt.% S:numeric_sparse_0.25;Test Solution:high_cardinality;Heat treatment:categorical_sparse_0.54;Microstructures:categorical_sparse_0.28",,,,,,,,,,,,,,,,,,,,,,,step-7000,7000
5,trial_0025,local_tabicl_regressor,/home/fcolanto/projects/tabicl/checkpoints/epit_pipeline_final_v1/final_epit_pipeline_optuna_fe_ni_v4_trial_0025/step-7000.ckpt,electrochemical_metrics_alloys__pitting_potential__epit_mv_sce_avg,electrochemical_metrics_alloys,Pitting Potential,"Epit, mV (SCE) Avg.",,continuous,0,,median,False,,608,487,121,31,True,0,,,,,epit_pipeline_development_fold_5,0,0,0,0,True,,,normal_corrosion,292.023339401862,373.484841613928,0.5824449720241416,0.8771836826268492,0.8835168278721066,0.6314018149229448,0.8075347926787632,"environment,material,material_descriptor,process_history","{""environment"": 3, ""material"": 17, ""material_descriptor"": 10, ""process_history"": 1}","Composition, wt.% N:numeric_sparse_0.34;Composition, wt.% C:numeric_sparse_0.45;Composition, wt.% Si:numeric_sparse_0.44;Composition, wt.% Mn:numeric_sparse_0.41;Composition, wt.% Cu:numeric_sparse_0.19;Composition, wt.% P:numeric_sparse_0.23;Composition, wt.% S:numeric_sparse_0.25;Test Solution:high_cardinality;Heat treatment:categorical_sparse_0.54;Microstructures:categorical_sparse_0.28",,,,,,,,,,,,,,,,,,,,,,,step-7000,7000
5,pretrained_tabicl_v2,pretrained_tabicl_regressor,/home/fcolanto/.cache/huggingface/hub/models--jingang--TabICL/snapshots/4dcd344ece2c00be9e831fdd35bed57b5ad83e19/tabicl-regressor-v2-20260212.ckpt,electrochemical_metrics_alloys__pitting_potential__epit_mv_sce_avg,electrochemical_metrics_alloys,Pitting Potential,"Epit, mV (SCE) Avg.",,continuous,0,,median,False,,608,487,121,21,False,0,,,,,epit_pipeline_development_fold_5,0,0,0,0,True,,,normal_corrosion,188.9494359413199,260.65988789830766,0.7966162897556599,0.8765706002620413,0.9273144092547476,0.4085393209542052,0.5635889468071517,"environment,material,process_history","{""environment"": 3, ""material"": 17, ""process_history"": 1}","Composition, wt.% N:numeric_sparse_0.34;Composition, wt.% C:numeric_sparse_0.45;Composition, wt.% Si:numeric_sparse_0.44;Composition, wt.% Mn:numeric_sparse_0.41;Composition, wt.% Cu:numeric_sparse_0.19;Composition, wt.% P:numeric_sparse_0.23;Composition, wt.% S:numeric_sparse_0.25;Test Solution:high_cardinality;Heat treatment:categorical_sparse_0.54;Microstructures:categorical_sparse_0.28",,,,,,,,,,,,,,,,,,,,,,,step-7000,7000
5,catboost,catboost_regressor,catboost==1.2.10;iterations=1000;depth=6;learning_rate=0.03;l2_leaf_reg=3;thread_count=8,electrochemical_metrics_alloys__pitting_potential__epit_mv_sce_avg,electrochemical_metrics_alloys,Pitting Potential,"Epit, mV (SCE) Avg.",,continuous,0,,median,False,,608,487,121,21,False,0,,,,,epit_pipeline_development_fold_5,0,0,0,0,True,,,normal_corrosion,184.17920914311293,245.27082356558748,0.8199224654334067,0.9112805160230548,0.9323509602938432,0.3982253170661901,0.5303152941958648,"environment,material,process_history","{""environment"": 3, ""material"": 17, ""process_history"": 1}","Composition, wt.% N:numeric_sparse_0.34;Composition, wt.% C:numeric_sparse_0.45;Composition, wt.% Si:numeric_sparse_0.44;Composition, wt.% Mn:numeric_sparse_0.41;Composition, wt.% Cu:numeric_sparse_0.19;Composition, wt.% P:numeric_sparse_0.23;Composition, wt.% S:numeric_sparse_0.25;Test Solution:high_cardinality;Heat treatment:categorical_sparse_0.54;Microstructures:categorical_sparse_0.28",,,,,,,,,,,,,,,,,,,,,,,step-7000,7000
5,generic_baseline,local_tabicl_regressor,/home/fcolanto/projects/tabicl/checkpoints/tabicl_s1_regression_baseline/step-7500.ckpt,electrochemical_metrics_alloys__pitting_potential__epit_mv_sce_avg,electrochemical_metrics_alloys,Pitting Potential,"Epit, mV (SCE) Avg.",,continuous,0,,median,False,,608,487,121,21,False,0,,,,,epit_pipeline_development_fold_5,0,0,0,0,True,,,normal_corrosion,216.27309919573463,276.9263527307888,0.7704399402588811,0.892883333239469,0.932188042685278,0.4676175117745613,0.5987596815800839,"environment,material,process_history","{""environment"": 3, ""material"": 17, ""process_history"": 1}","Composition, wt.% N:numeric_sparse_0.34;Composition, wt.% C:numeric_sparse_0.45;Composition, wt.% Si:numeric_sparse_0.44;Composition, wt.% Mn:numeric_sparse_0.41;Composition, wt.% Cu:numeric_sparse_0.19;Composition, wt.% P:numeric_sparse_0.23;Composition, wt.% S:numeric_sparse_0.25;Test Solution:high_cardinality;Heat treatment:categorical_sparse_0.54;Microstructures:categorical_sparse_0.28",,,,,,,,,,,,,,,,,,,,,,,step-7500,7500
5,trial_0025,local_tabicl_regressor,/home/fcolanto/projects/tabicl/checkpoints/epit_pipeline_final_v1/final_epit_pipeline_optuna_fe_ni_v4_trial_0025/step-7500.ckpt,electrochemical_metrics_alloys__pitting_potential__epit_mv_sce_avg,electrochemical_metrics_alloys,Pitting Potential,"Epit, mV (SCE) Avg.",,continuous,0,,median,False,,608,487,121,31,True,0,,,,,epit_pipeline_development_fold_5,0,0,0,0,True,,,normal_corrosion,275.3531911671399,358.7395792526688,0.6147644599369895,0.8787417925042612,0.8898591823596733,0.5953582511721944,0.7756531443300947,"environment,material,material_descriptor,process_history","{""environment"": 3, ""material"": 17, ""material_descriptor"": 10, ""process_history"": 1}","Composition, wt.% N:numeric_sparse_0.34;Composition, wt.% C:numeric_sparse_0.45;Composition, wt.% Si:numeric_sparse_0.44;Composition, wt.% Mn:numeric_sparse_0.41;Composition, wt.% Cu:numeric_sparse_0.19;Composition, wt.% P:numeric_sparse_0.23;Composition, wt.% S:numeric_sparse_0.25;Test Solution:high_cardinality;Heat treatment:categorical_sparse_0.54;Microstructures:categorical_sparse_0.28",,,,,,,,,,,,,,,,,,,,,,,step-7500,7500
5,pretrained_tabicl_v2,pretrained_tabicl_regressor,/home/fcolanto/.cache/huggingface/hub/models--jingang--TabICL/snapshots/4dcd344ece2c00be9e831fdd35bed57b5ad83e19/tabicl-regressor-v2-20260212.ckpt,electrochemical_metrics_alloys__pitting_potential__epit_mv_sce_avg,electrochemical_metrics_alloys,Pitting Potential,"Epit, mV (SCE) Avg.",,continuous,0,,median,False,,608,487,121,21,False,0,,,,,epit_pipeline_development_fold_5,0,0,0,0,True,,,normal_corrosion,188.9494359413199,260.65988789830766,0.7966162897556599,0.8765706002620413,0.9273144092547476,0.4085393209542052,0.5635889468071517,"environment,material,process_history","{""environment"": 3, ""material"": 17, ""process_history"": 1}","Composition, wt.% N:numeric_sparse_0.34;Composition, wt.% C:numeric_sparse_0.45;Composition, wt.% Si:numeric_sparse_0.44;Composition, wt.% Mn:numeric_sparse_0.41;Composition, wt.% Cu:numeric_sparse_0.19;Composition, wt.% P:numeric_sparse_0.23;Composition, wt.% S:numeric_sparse_0.25;Test Solution:high_cardinality;Heat treatment:categorical_sparse_0.54;Microstructures:categorical_sparse_0.28",,,,,,,,,,,,,,,,,,,,,,,step-7500,7500
5,catboost,catboost_regressor,catboost==1.2.10;iterations=1000;depth=6;learning_rate=0.03;l2_leaf_reg=3;thread_count=8,electrochemical_metrics_alloys__pitting_potential__epit_mv_sce_avg,electrochemical_metrics_alloys,Pitting Potential,"Epit, mV (SCE) Avg.",,continuous,0,,median,False,,608,487,121,21,False,0,,,,,epit_pipeline_development_fold_5,0,0,0,0,True,,,normal_corrosion,184.17920914311293,245.27082356558748,0.8199224654334067,0.9112805160230548,0.9323509602938432,0.3982253170661901,0.5303152941958648,"environment,material,process_history","{""environment"": 3, ""material"": 17, ""process_history"": 1}","Composition, wt.% N:numeric_sparse_0.34;Composition, wt.% C:numeric_sparse_0.45;Composition, wt.% Si:numeric_sparse_0.44;Composition, wt.% Mn:numeric_sparse_0.41;Composition, wt.% Cu:numeric_sparse_0.19;Composition, wt.% P:numeric_sparse_0.23;Composition, wt.% S:numeric_sparse_0.25;Test Solution:high_cardinality;Heat treatment:categorical_sparse_0.54;Microstructures:categorical_sparse_0.28",,,,,,,,,,,,,,,,,,,,,,,step-7500,7500
5,generic_baseline,local_tabicl_regressor,/home/fcolanto/projects/tabicl/checkpoints/tabicl_s1_regression_baseline/step-8000.ckpt,electrochemical_metrics_alloys__pitting_potential__epit_mv_sce_avg,electrochemical_metrics_alloys,Pitting Potential,"Epit, mV (SCE) Avg.",,continuous,0,,median,False,,608,487,121,21,False,0,,,,,epit_pipeline_development_fold_5,0,0,0,0,True,,,normal_corrosion,228.43934597247303,291.8760340436546,0.7449856435434976,0.8978828336287302,0.93733624492388,0.4939229102107526,0.6310833168511452,"environment,material,process_history","{""environment"": 3, ""material"": 17, ""process_history"": 1}","Composition, wt.% N:numeric_sparse_0.34;Composition, wt.% C:numeric_sparse_0.45;Composition, wt.% Si:numeric_sparse_0.44;Composition, wt.% Mn:numeric_sparse_0.41;Composition, wt.% Cu:numeric_sparse_0.19;Composition, wt.% P:numeric_sparse_0.23;Composition, wt.% S:numeric_sparse_0.25;Test Solution:high_cardinality;Heat treatment:categorical_sparse_0.54;Microstructures:categorical_sparse_0.28",,,,,,,,,,,,,,,,,,,,,,,step-8000,8000
5,trial_0025,local_tabicl_regressor,/home/fcolanto/projects/tabicl/checkpoints/epit_pipeline_final_v1/final_epit_pipeline_optuna_fe_ni_v4_trial_0025/step-8000.ckpt,electrochemical_metrics_alloys__pitting_potential__epit_mv_sce_avg,electrochemical_metrics_alloys,Pitting Potential,"Epit, mV (SCE) Avg.",,continuous,0,,median,False,,608,487,121,31,True,0,,,,,epit_pipeline_development_fold_5,0,0,0,0,True,,,normal_corrosion,288.3552614443303,367.88552111646766,0.5948711710309161,0.8770210972483365,0.885009456188309,0.6234708355553088,0.7954281537653355,"environment,material,material_descriptor,process_history","{""environment"": 3, ""material"": 17, ""material_descriptor"": 10, ""process_history"": 1}","Composition, wt.% N:numeric_sparse_0.34;Composition, wt.% C:numeric_sparse_0.45;Composition, wt.% Si:numeric_sparse_0.44;Composition, wt.% Mn:numeric_sparse_0.41;Composition, wt.% Cu:numeric_sparse_0.19;Composition, wt.% P:numeric_sparse_0.23;Composition, wt.% S:numeric_sparse_0.25;Test Solution:high_cardinality;Heat treatment:categorical_sparse_0.54;Microstructures:categorical_sparse_0.28",,,,,,,,,,,,,,,,,,,,,,,step-8000,8000
5,pretrained_tabicl_v2,pretrained_tabicl_regressor,/home/fcolanto/.cache/huggingface/hub/models--jingang--TabICL/snapshots/4dcd344ece2c00be9e831fdd35bed57b5ad83e19/tabicl-regressor-v2-20260212.ckpt,electrochemical_metrics_alloys__pitting_potential__epit_mv_sce_avg,electrochemical_metrics_alloys,Pitting Potential,"Epit, mV (SCE) Avg.",,continuous,0,,median,False,,608,487,121,21,False,0,,,,,epit_pipeline_development_fold_5,0,0,0,0,True,,,normal_corrosion,188.9494359413199,260.65988789830766,0.7966162897556599,0.8765706002620413,0.9273144092547476,0.4085393209542052,0.5635889468071517,"environment,material,process_history","{""environment"": 3, ""material"": 17, ""process_history"": 1}","Composition, wt.% N:numeric_sparse_0.34;Composition, wt.% C:numeric_sparse_0.45;Composition, wt.% Si:numeric_sparse_0.44;Composition, wt.% Mn:numeric_sparse_0.41;Composition, wt.% Cu:numeric_sparse_0.19;Composition, wt.% P:numeric_sparse_0.23;Composition, wt.% S:numeric_sparse_0.25;Test Solution:high_cardinality;Heat treatment:categorical_sparse_0.54;Microstructures:categorical_sparse_0.28",,,,,,,,,,,,,,,,,,,,,,,step-8000,8000
5,catboost,catboost_regressor,catboost==1.2.10;iterations=1000;depth=6;learning_rate=0.03;l2_leaf_reg=3;thread_count=8,electrochemical_metrics_alloys__pitting_potential__epit_mv_sce_avg,electrochemical_metrics_alloys,Pitting Potential,"Epit, mV (SCE) Avg.",,continuous,0,,median,False,,608,487,121,21,False,0,,,,,epit_pipeline_development_fold_5,0,0,0,0,True,,,normal_corrosion,184.17920914311293,245.27082356558748,0.8199224654334067,0.9112805160230548,0.9323509602938432,0.3982253170661901,0.5303152941958648,"environment,material,process_history","{""environment"": 3, ""material"": 17, ""process_history"": 1}","Composition, wt.% N:numeric_sparse_0.34;Composition, wt.% C:numeric_sparse_0.45;Composition, wt.% Si:numeric_sparse_0.44;Composition, wt.% Mn:numeric_sparse_0.41;Composition, wt.% Cu:numeric_sparse_0.19;Composition, wt.% P:numeric_sparse_0.23;Composition, wt.% S:numeric_sparse_0.25;Test Solution:high_cardinality;Heat treatment:categorical_sparse_0.54;Microstructures:categorical_sparse_0.28",,,,,,,,,,,,,,,,,,,,,,,step-8000,8000
5,generic_baseline,local_tabicl_regressor,/home/fcolanto/projects/tabicl/checkpoints/tabicl_s1_regression_baseline/step-8500.ckpt,electrochemical_metrics_alloys__pitting_potential__epit_mv_sce_avg,electrochemical_metrics_alloys,Pitting Potential,"Epit, mV (SCE) Avg.",,continuous,0,,median,False,,608,487,121,21,False,0,,,,,epit_pipeline_development_fold_5,0,0,0,0,True,,,normal_corrosion,221.6113063460284,282.6445726724433,0.7608617435009865,0.9006095259142015,0.9395302582544554,0.47915958128871,0.6111234003728504,"environment,material,process_history","{""environment"": 3, ""material"": 17, ""process_history"": 1}","Composition, wt.% N:numeric_sparse_0.34;Composition, wt.% C:numeric_sparse_0.45;Composition, wt.% Si:numeric_sparse_0.44;Composition, wt.% Mn:numeric_sparse_0.41;Composition, wt.% Cu:numeric_sparse_0.19;Composition, wt.% P:numeric_sparse_0.23;Composition, wt.% S:numeric_sparse_0.25;Test Solution:high_cardinality;Heat treatment:categorical_sparse_0.54;Microstructures:categorical_sparse_0.28",,,,,,,,,,,,,,,,,,,,,,,step-8500,8500
5,trial_0025,local_tabicl_regressor,/home/fcolanto/projects/tabicl/checkpoints/epit_pipeline_final_v1/final_epit_pipeline_optuna_fe_ni_v4_trial_0025/step-8500.ckpt,electrochemical_metrics_alloys__pitting_potential__epit_mv_sce_avg,electrochemical_metrics_alloys,Pitting Potential,"Epit, mV (SCE) Avg.",,continuous,0,,median,False,,608,487,121,31,True,0,,,,,epit_pipeline_development_fold_5,0,0,0,0,True,,,normal_corrosion,291.4063198746473,371.4761339080079,0.5869243532565709,0.8801169938308468,0.8883924127719458,0.6300677186478861,0.8031916408821791,"environment,material,material_descriptor,process_history","{""environment"": 3, ""material"": 17, ""material_descriptor"": 10, ""process_history"": 1}","Composition, wt.% N:numeric_sparse_0.34;Composition, wt.% C:numeric_sparse_0.45;Composition, wt.% Si:numeric_sparse_0.44;Composition, wt.% Mn:numeric_sparse_0.41;Composition, wt.% Cu:numeric_sparse_0.19;Composition, wt.% P:numeric_sparse_0.23;Composition, wt.% S:numeric_sparse_0.25;Test Solution:high_cardinality;Heat treatment:categorical_sparse_0.54;Microstructures:categorical_sparse_0.28",,,,,,,,,,,,,,,,,,,,,,,step-8500,8500
5,pretrained_tabicl_v2,pretrained_tabicl_regressor,/home/fcolanto/.cache/huggingface/hub/models--jingang--TabICL/snapshots/4dcd344ece2c00be9e831fdd35bed57b5ad83e19/tabicl-regressor-v2-20260212.ckpt,electrochemical_metrics_alloys__pitting_potential__epit_mv_sce_avg,electrochemical_metrics_alloys,Pitting Potential,"Epit, mV (SCE) Avg.",,continuous,0,,median,False,,608,487,121,21,False,0,,,,,epit_pipeline_development_fold_5,0,0,0,0,True,,,normal_corrosion,188.9494359413199,260.65988789830766,0.7966162897556599,0.8765706002620413,0.9273144092547476,0.4085393209542052,0.5635889468071517,"environment,material,process_history","{""environment"": 3, ""material"": 17, ""process_history"": 1}","Composition, wt.% N:numeric_sparse_0.34;Composition, wt.% C:numeric_sparse_0.45;Composition, wt.% Si:numeric_sparse_0.44;Composition, wt.% Mn:numeric_sparse_0.41;Composition, wt.% Cu:numeric_sparse_0.19;Composition, wt.% P:numeric_sparse_0.23;Composition, wt.% S:numeric_sparse_0.25;Test Solution:high_cardinality;Heat treatment:categorical_sparse_0.54;Microstructures:categorical_sparse_0.28",,,,,,,,,,,,,,,,,,,,,,,step-8500,8500
5,catboost,catboost_regressor,catboost==1.2.10;iterations=1000;depth=6;learning_rate=0.03;l2_leaf_reg=3;thread_count=8,electrochemical_metrics_alloys__pitting_potential__epit_mv_sce_avg,electrochemical_metrics_alloys,Pitting Potential,"Epit, mV (SCE) Avg.",,continuous,0,,median,False,,608,487,121,21,False,0,,,,,epit_pipeline_development_fold_5,0,0,0,0,True,,,normal_corrosion,184.17920914311293,245.27082356558748,0.8199224654334067,0.9112805160230548,0.9323509602938432,0.3982253170661901,0.5303152941958648,"environment,material,process_history","{""environment"": 3, ""material"": 17, ""process_history"": 1}","Composition, wt.% N:numeric_sparse_0.34;Composition, wt.% C:numeric_sparse_0.45;Composition, wt.% Si:numeric_sparse_0.44;Composition, wt.% Mn:numeric_sparse_0.41;Composition, wt.% Cu:numeric_sparse_0.19;Composition, wt.% P:numeric_sparse_0.23;Composition, wt.% S:numeric_sparse_0.25;Test Solution:high_cardinality;Heat treatment:categorical_sparse_0.54;Microstructures:categorical_sparse_0.28",,,,,,,,,,,,,,,,,,,,,,,step-8500,8500
5,generic_baseline,local_tabicl_regressor,/home/fcolanto/projects/tabicl/checkpoints/tabicl_s1_regression_baseline/step-9000.ckpt,electrochemical_metrics_alloys__pitting_potential__epit_mv_sce_avg,electrochemical_metrics_alloys,Pitting Potential,"Epit, mV (SCE) Avg.",,continuous,0,,median,False,,608,487,121,21,False,0,,,,,epit_pipeline_development_fold_5,0,0,0,0,True,,,normal_corrosion,217.0380811827972,277.21937818687127,0.7699538721812751,0.8972663640685369,0.9365492334754786,0.4692715268817237,0.5993932501337758,"environment,material,process_history","{""environment"": 3, ""material"": 17, ""process_history"": 1}","Composition, wt.% N:numeric_sparse_0.34;Composition, wt.% C:numeric_sparse_0.45;Composition, wt.% Si:numeric_sparse_0.44;Composition, wt.% Mn:numeric_sparse_0.41;Composition, wt.% Cu:numeric_sparse_0.19;Composition, wt.% P:numeric_sparse_0.23;Composition, wt.% S:numeric_sparse_0.25;Test Solution:high_cardinality;Heat treatment:categorical_sparse_0.54;Microstructures:categorical_sparse_0.28",,,,,,,,,,,,,,,,,,,,,,,step-9000,9000
5,trial_0025,local_tabicl_regressor,/home/fcolanto/projects/tabicl/checkpoints/epit_pipeline_final_v1/final_epit_pipeline_optuna_fe_ni_v4_trial_0025/step-9000.ckpt,electrochemical_metrics_alloys__pitting_potential__epit_mv_sce_avg,electrochemical_metrics_alloys,Pitting Potential,"Epit, mV (SCE) Avg.",,continuous,0,,median,False,,608,487,121,31,True,0,,,,,epit_pipeline_development_fold_5,0,0,0,0,True,,,normal_corrosion,294.3628066002575,374.6927944921702,0.5797396281680434,0.8782709723456519,0.885482530339502,0.6364601223789351,0.8101465826857734,"environment,material,material_descriptor,process_history","{""environment"": 3, ""material"": 17, ""material_descriptor"": 10, ""process_history"": 1}","Composition, wt.% N:numeric_sparse_0.34;Composition, wt.% C:numeric_sparse_0.45;Composition, wt.% Si:numeric_sparse_0.44;Composition, wt.% Mn:numeric_sparse_0.41;Composition, wt.% Cu:numeric_sparse_0.19;Composition, wt.% P:numeric_sparse_0.23;Composition, wt.% S:numeric_sparse_0.25;Test Solution:high_cardinality;Heat treatment:categorical_sparse_0.54;Microstructures:categorical_sparse_0.28",,,,,,,,,,,,,,,,,,,,,,,step-9000,9000
5,pretrained_tabicl_v2,pretrained_tabicl_regressor,/home/fcolanto/.cache/huggingface/hub/models--jingang--TabICL/snapshots/4dcd344ece2c00be9e831fdd35bed57b5ad83e19/tabicl-regressor-v2-20260212.ckpt,electrochemical_metrics_alloys__pitting_potential__epit_mv_sce_avg,electrochemical_metrics_alloys,Pitting Potential,"Epit, mV (SCE) Avg.",,continuous,0,,median,False,,608,487,121,21,False,0,,,,,epit_pipeline_development_fold_5,0,0,0,0,True,,,normal_corrosion,188.9494359413199,260.65988789830766,0.7966162897556599,0.8765706002620413,0.9273144092547476,0.4085393209542052,0.5635889468071517,"environment,material,process_history","{""environment"": 3, ""material"": 17, ""process_history"": 1}","Composition, wt.% N:numeric_sparse_0.34;Composition, wt.% C:numeric_sparse_0.45;Composition, wt.% Si:numeric_sparse_0.44;Composition, wt.% Mn:numeric_sparse_0.41;Composition, wt.% Cu:numeric_sparse_0.19;Composition, wt.% P:numeric_sparse_0.23;Composition, wt.% S:numeric_sparse_0.25;Test Solution:high_cardinality;Heat treatment:categorical_sparse_0.54;Microstructures:categorical_sparse_0.28",,,,,,,,,,,,,,,,,,,,,,,step-9000,9000
5,catboost,catboost_regressor,catboost==1.2.10;iterations=1000;depth=6;learning_rate=0.03;l2_leaf_reg=3;thread_count=8,electrochemical_metrics_alloys__pitting_potential__epit_mv_sce_avg,electrochemical_metrics_alloys,Pitting Potential,"Epit, mV (SCE) Avg.",,continuous,0,,median,False,,608,487,121,21,False,0,,,,,epit_pipeline_development_fold_5,0,0,0,0,True,,,normal_corrosion,184.17920914311293,245.27082356558748,0.8199224654334067,0.9112805160230548,0.9323509602938432,0.3982253170661901,0.5303152941958648,"environment,material,process_history","{""environment"": 3, ""material"": 17, ""process_history"": 1}","Composition, wt.% N:numeric_sparse_0.34;Composition, wt.% C:numeric_sparse_0.45;Composition, wt.% Si:numeric_sparse_0.44;Composition, wt.% Mn:numeric_sparse_0.41;Composition, wt.% Cu:numeric_sparse_0.19;Composition, wt.% P:numeric_sparse_0.23;Composition, wt.% S:numeric_sparse_0.25;Test Solution:high_cardinality;Heat treatment:categorical_sparse_0.54;Microstructures:categorical_sparse_0.28",,,,,,,,,,,,,,,,,,,,,,,step-9000,9000
5,generic_baseline,local_tabicl_regressor,/home/fcolanto/projects/tabicl/checkpoints/tabicl_s1_regression_baseline/step-9500.ckpt,electrochemical_metrics_alloys__pitting_potential__epit_mv_sce_avg,electrochemical_metrics_alloys,Pitting Potential,"Epit, mV (SCE) Avg.",,continuous,0,,median,False,,608,487,121,21,False,0,,,,,epit_pipeline_development_fold_5,0,0,0,0,True,,,normal_corrosion,212.6395182076309,271.48607393162007,0.7793708603002463,0.9017171388053185,0.938886055977381,0.4597611204489317,0.5869969166089083,"environment,material,process_history","{""environment"": 3, ""material"": 17, ""process_history"": 1}","Composition, wt.% N:numeric_sparse_0.34;Composition, wt.% C:numeric_sparse_0.45;Composition, wt.% Si:numeric_sparse_0.44;Composition, wt.% Mn:numeric_sparse_0.41;Composition, wt.% Cu:numeric_sparse_0.19;Composition, wt.% P:numeric_sparse_0.23;Composition, wt.% S:numeric_sparse_0.25;Test Solution:high_cardinality;Heat treatment:categorical_sparse_0.54;Microstructures:categorical_sparse_0.28",,,,,,,,,,,,,,,,,,,,,,,step-9500,9500
5,trial_0025,local_tabicl_regressor,/home/fcolanto/projects/tabicl/checkpoints/epit_pipeline_final_v1/final_epit_pipeline_optuna_fe_ni_v4_trial_0025/step-9500.ckpt,electrochemical_metrics_alloys__pitting_potential__epit_mv_sce_avg,electrochemical_metrics_alloys,Pitting Potential,"Epit, mV (SCE) Avg.",,continuous,0,,median,False,,608,487,121,31,True,0,,,,,epit_pipeline_development_fold_5,0,0,0,0,True,,,normal_corrosion,296.25817002173704,376.90508031145833,0.5747623199353092,0.8782404875871809,0.8832045713885842,0.6405582054524044,0.8149299033761261,"environment,material,material_descriptor,process_history","{""environment"": 3, ""material"": 17, ""material_descriptor"": 10, ""process_history"": 1}","Composition, wt.% N:numeric_sparse_0.34;Composition, wt.% C:numeric_sparse_0.45;Composition, wt.% Si:numeric_sparse_0.44;Composition, wt.% Mn:numeric_sparse_0.41;Composition, wt.% Cu:numeric_sparse_0.19;Composition, wt.% P:numeric_sparse_0.23;Composition, wt.% S:numeric_sparse_0.25;Test Solution:high_cardinality;Heat treatment:categorical_sparse_0.54;Microstructures:categorical_sparse_0.28",,,,,,,,,,,,,,,,,,,,,,,step-9500,9500
5,pretrained_tabicl_v2,pretrained_tabicl_regressor,/home/fcolanto/.cache/huggingface/hub/models--jingang--TabICL/snapshots/4dcd344ece2c00be9e831fdd35bed57b5ad83e19/tabicl-regressor-v2-20260212.ckpt,electrochemical_metrics_alloys__pitting_potential__epit_mv_sce_avg,electrochemical_metrics_alloys,Pitting Potential,"Epit, mV (SCE) Avg.",,continuous,0,,median,False,,608,487,121,21,False,0,,,,,epit_pipeline_development_fold_5,0,0,0,0,True,,,normal_corrosion,188.9494359413199,260.65988789830766,0.7966162897556599,0.8765706002620413,0.9273144092547476,0.4085393209542052,0.5635889468071517,"environment,material,process_history","{""environment"": 3, ""material"": 17, ""process_history"": 1}","Composition, wt.% N:numeric_sparse_0.34;Composition, wt.% C:numeric_sparse_0.45;Composition, wt.% Si:numeric_sparse_0.44;Composition, wt.% Mn:numeric_sparse_0.41;Composition, wt.% Cu:numeric_sparse_0.19;Composition, wt.% P:numeric_sparse_0.23;Composition, wt.% S:numeric_sparse_0.25;Test Solution:high_cardinality;Heat treatment:categorical_sparse_0.54;Microstructures:categorical_sparse_0.28",,,,,,,,,,,,,,,,,,,,,,,step-9500,9500
5,catboost,catboost_regressor,catboost==1.2.10;iterations=1000;depth=6;learning_rate=0.03;l2_leaf_reg=3;thread_count=8,electrochemical_metrics_alloys__pitting_potential__epit_mv_sce_avg,electrochemical_metrics_alloys,Pitting Potential,"Epit, mV (SCE) Avg.",,continuous,0,,median,False,,608,487,121,21,False,0,,,,,epit_pipeline_development_fold_5,0,0,0,0,True,,,normal_corrosion,184.17920914311293,245.27082356558748,0.8199224654334067,0.9112805160230548,0.9323509602938432,0.3982253170661901,0.5303152941958648,"environment,material,process_history","{""environment"": 3, ""material"": 17, ""process_history"": 1}","Composition, wt.% N:numeric_sparse_0.34;Composition, wt.% C:numeric_sparse_0.45;Composition, wt.% Si:numeric_sparse_0.44;Composition, wt.% Mn:numeric_sparse_0.41;Composition, wt.% Cu:numeric_sparse_0.19;Composition, wt.% P:numeric_sparse_0.23;Composition, wt.% S:numeric_sparse_0.25;Test Solution:high_cardinality;Heat treatment:categorical_sparse_0.54;Microstructures:categorical_sparse_0.28",,,,,,,,,,,,,,,,,,,,,,,step-9500,9500
5,generic_baseline,local_tabicl_regressor,/home/fcolanto/projects/tabicl/checkpoints/tabicl_s1_regression_baseline/step-10000.ckpt,electrochemical_metrics_alloys__pitting_potential__epit_mv_sce_avg,electrochemical_metrics_alloys,Pitting Potential,"Epit, mV (SCE) Avg.",,continuous,0,,median,False,,608,487,121,21,False,0,,,,,epit_pipeline_development_fold_5,0,0,0,0,True,,,normal_corrosion,213.87745039706795,272.65132955487843,0.777472854458547,0.900057413066336,0.9387925434261594,0.462437730588255,0.5895163882267642,"environment,material,process_history","{""environment"": 3, ""material"": 17, ""process_history"": 1}","Composition, wt.% N:numeric_sparse_0.34;Composition, wt.% C:numeric_sparse_0.45;Composition, wt.% Si:numeric_sparse_0.44;Composition, wt.% Mn:numeric_sparse_0.41;Composition, wt.% Cu:numeric_sparse_0.19;Composition, wt.% P:numeric_sparse_0.23;Composition, wt.% S:numeric_sparse_0.25;Test Solution:high_cardinality;Heat treatment:categorical_sparse_0.54;Microstructures:categorical_sparse_0.28",,,,,,,,,,,,,,,,,,,,,,,step-10000,10000
5,trial_0025,local_tabicl_regressor,/home/fcolanto/projects/tabicl/checkpoints/epit_pipeline_final_v1/final_epit_pipeline_optuna_fe_ni_v4_trial_0025/step-10000.ckpt,electrochemical_metrics_alloys__pitting_potential__epit_mv_sce_avg,electrochemical_metrics_alloys,Pitting Potential,"Epit, mV (SCE) Avg.",,continuous,0,,median,False,,608,487,121,31,True,0,,,,,epit_pipeline_development_fold_5,0,0,0,0,True,,,normal_corrosion,296.5329692110287,377.311975132127,0.57384367799673,0.8783962985749221,0.8834355193223937,0.6411523658616838,0.8158096759613557,"environment,material,material_descriptor,process_history","{""environment"": 3, ""material"": 17, ""material_descriptor"": 10, ""process_history"": 1}","Composition, wt.% N:numeric_sparse_0.34;Composition, wt.% C:numeric_sparse_0.45;Composition, wt.% Si:numeric_sparse_0.44;Composition, wt.% Mn:numeric_sparse_0.41;Composition, wt.% Cu:numeric_sparse_0.19;Composition, wt.% P:numeric_sparse_0.23;Composition, wt.% S:numeric_sparse_0.25;Test Solution:high_cardinality;Heat treatment:categorical_sparse_0.54;Microstructures:categorical_sparse_0.28",,,,,,,,,,,,,,,,,,,,,,,step-10000,10000
5,pretrained_tabicl_v2,pretrained_tabicl_regressor,/home/fcolanto/.cache/huggingface/hub/models--jingang--TabICL/snapshots/4dcd344ece2c00be9e831fdd35bed57b5ad83e19/tabicl-regressor-v2-20260212.ckpt,electrochemical_metrics_alloys__pitting_potential__epit_mv_sce_avg,electrochemical_metrics_alloys,Pitting Potential,"Epit, mV (SCE) Avg.",,continuous,0,,median,False,,608,487,121,21,False,0,,,,,epit_pipeline_development_fold_5,0,0,0,0,True,,,normal_corrosion,188.9494359413199,260.65988789830766,0.7966162897556599,0.8765706002620413,0.9273144092547476,0.4085393209542052,0.5635889468071517,"environment,material,process_history","{""environment"": 3, ""material"": 17, ""process_history"": 1}","Composition, wt.% N:numeric_sparse_0.34;Composition, wt.% C:numeric_sparse_0.45;Composition, wt.% Si:numeric_sparse_0.44;Composition, wt.% Mn:numeric_sparse_0.41;Composition, wt.% Cu:numeric_sparse_0.19;Composition, wt.% P:numeric_sparse_0.23;Composition, wt.% S:numeric_sparse_0.25;Test Solution:high_cardinality;Heat treatment:categorical_sparse_0.54;Microstructures:categorical_sparse_0.28",,,,,,,,,,,,,,,,,,,,,,,step-10000,10000
5,catboost,catboost_regressor,catboost==1.2.10;iterations=1000;depth=6;learning_rate=0.03;l2_leaf_reg=3;thread_count=8,electrochemical_metrics_alloys__pitting_potential__epit_mv_sce_avg,electrochemical_metrics_alloys,Pitting Potential,"Epit, mV (SCE) Avg.",,continuous,0,,median,False,,608,487,121,21,False,0,,,,,epit_pipeline_development_fold_5,0,0,0,0,True,,,normal_corrosion,184.17920914311293,245.27082356558748,0.8199224654334067,0.9112805160230548,0.9323509602938432,0.3982253170661901,0.5303152941958648,"environment,material,process_history","{""environment"": 3, ""material"": 17, ""process_history"": 1}","Composition, wt.% N:numeric_sparse_0.34;Composition, wt.% C:numeric_sparse_0.45;Composition, wt.% Si:numeric_sparse_0.44;Composition, wt.% Mn:numeric_sparse_0.41;Composition, wt.% Cu:numeric_sparse_0.19;Composition, wt.% P:numeric_sparse_0.23;Composition, wt.% S:numeric_sparse_0.25;Test Solution:high_cardinality;Heat treatment:categorical_sparse_0.54;Microstructures:categorical_sparse_0.28",,,,,,,,,,,,,,,,,,,,,,,step-10000,10000
