draw_index,sample_scope,metric,n_trials,spearman,kendall_tau
0,all,surrogate_spearman,32,0.09640762463343108,0.06451612903225808
0,all,surrogate_mae,32,-0.05718475073313783,-0.040322580645161296
0,all,surrogate_rmse,32,-0.044721407624633426,-0.03225806451612904
0,informed,surrogate_spearman,25,-0.0015384615384615385,0.0
0,generic,surrogate_spearman,7,-0.3214285714285715,-0.23809523809523814
0,informed,pren_spearman,25,-0.39307692307692305,-0.2666666666666666
0,generic,fake_pren_spearman,7,0.3571428571428572,0.14285714285714288
1,all,surrogate_spearman,32,-0.0157624633431085,0.020161290322580648
1,all,surrogate_mae,32,-0.1730205278592375,-0.09274193548387098
1,all,surrogate_rmse,32,-0.09860703812316715,-0.048387096774193554
1,informed,surrogate_spearman,28,-0.03393541324575808,0.015873015873015872
1,generic,surrogate_spearman,4,-0.19999999999999998,0.0
1,informed,pren_spearman,28,-0.2796934865900383,-0.20634920634920634
1,generic,fake_pren_spearman,4,0.7999999999999999,0.6666666666666669
2,all,surrogate_spearman,32,-0.21590909090909088,-0.14919354838709678
2,all,surrogate_mae,32,0.09677419354838708,0.024193548387096777
2,all,surrogate_rmse,32,0.10117302052785922,0.028225806451612906
2,informed,surrogate_spearman,25,-0.1392307692307692,-0.07999999999999997
2,generic,surrogate_spearman,7,-0.42857142857142866,-0.33333333333333337
2,informed,pren_spearman,25,0.17307692307692307,0.09333333333333331
2,generic,fake_pren_spearman,7,0.07142857142857144,-0.04761904761904762
3,all,surrogate_spearman,32,0.11693548387096771,0.07661290322580645
3,all,surrogate_mae,32,-0.32184750733137824,-0.217741935483871
3,all,surrogate_rmse,32,-0.313782991202346,-0.217741935483871
3,informed,surrogate_spearman,24,-0.16347826086956518,-0.12318840579710144
3,generic,surrogate_spearman,8,0.2380952380952381,0.21428571428571427
3,informed,pren_spearman,24,-0.2026086956521739,-0.15217391304347824
3,generic,fake_pren_spearman,8,0.2142857142857143,0.07142857142857142
4,all,surrogate_spearman,32,-0.17925219941348972,-0.12500000000000003
4,all,surrogate_mae,32,0.007697947214076245,0.00806451612903226
4,all,surrogate_rmse,32,0.06598240469208211,0.040322580645161296
4,informed,surrogate_spearman,25,-0.2169230769230769,-0.13999999999999996
4,generic,surrogate_spearman,7,-0.3214285714285715,-0.23809523809523814
4,informed,pren_spearman,25,0.014615384615384615,-0.01333333333333333
4,generic,fake_pren_spearman,7,-0.3214285714285715,-0.23809523809523814
5,all,surrogate_spearman,32,0.16202346041055718,0.11693548387096775
5,all,surrogate_mae,32,-0.2529325513196481,-0.14516129032258066
5,all,surrogate_rmse,32,-0.2969208211143695,-0.17741935483870971
5,informed,surrogate_spearman,26,0.1234188034188034,0.07076923076923078
5,generic,surrogate_spearman,6,0.3142857142857143,0.2
5,informed,pren_spearman,26,0.09675213675213674,0.07076923076923078
5,generic,fake_pren_spearman,6,-0.5428571428571429,-0.4666666666666666
6,all,surrogate_spearman,32,-0.1946480938416422,-0.12500000000000003
6,all,surrogate_mae,32,0.11876832844574779,0.08064516129032259
6,all,surrogate_rmse,32,0.1315982404692082,0.10483870967741937
6,informed,surrogate_spearman,26,-0.3524786324786324,-0.2123076923076923
6,generic,surrogate_spearman,6,-0.14285714285714288,-0.06666666666666665
6,informed,pren_spearman,26,-0.34017094017094013,-0.20615384615384616
6,generic,fake_pren_spearman,6,0.028571428571428574,0.06666666666666665
7,all,surrogate_spearman,32,-0.18878299120234604,-0.13306451612903228
7,all,surrogate_mae,32,0.07038123167155425,0.08064516129032259
7,all,surrogate_rmse,32,0.010263929618768328,0.020161290322580648
7,informed,surrogate_spearman,28,-0.30596606458675424,-0.21164021164021166
7,generic,surrogate_spearman,4,0.39999999999999997,0.3333333333333334
7,informed,pren_spearman,28,0.24575807334428024,0.19047619047619047
7,generic,fake_pren_spearman,4,-0.7999999999999999,-0.6666666666666669
8,all,surrogate_spearman,32,-0.013563049853372432,-0.012096774193548388
8,all,surrogate_mae,32,-0.08064516129032258,-0.03225806451612904
8,all,surrogate_rmse,32,-0.09310850439882698,-0.04435483870967743
8,informed,surrogate_spearman,25,-0.21384615384615382,-0.1533333333333333
8,generic,surrogate_spearman,7,0.0,-0.04761904761904762
8,informed,pren_spearman,25,-0.3423076923076923,-0.25333333333333324
8,generic,fake_pren_spearman,7,0.1785714285714286,0.14285714285714288
9,all,surrogate_spearman,32,-0.18365102639296185,-0.11290322580645162
9,all,surrogate_mae,32,0.16239002932551316,0.12500000000000003
9,all,surrogate_rmse,32,0.1473607038123167,0.09677419354838711
9,informed,surrogate_spearman,25,-0.29846153846153844,-0.1933333333333333
9,generic,surrogate_spearman,7,0.42857142857142866,0.33333333333333337
9,informed,pren_spearman,25,0.30153846153846153,0.23333333333333328
9,generic,fake_pren_spearman,7,-0.42857142857142866,-0.33333333333333337
10,all,surrogate_spearman,32,0.03482404692082111,0.00403225806451613
10,all,surrogate_mae,32,-0.26759530791788855,-0.18145161290322584
10,all,surrogate_rmse,32,-0.2408357771260997,-0.15725806451612906
10,informed,surrogate_spearman,24,-0.046956521739130425,-0.043478260869565216
10,generic,surrogate_spearman,8,-0.28571428571428575,-0.21428571428571427
10,informed,pren_spearman,24,-0.02695652173913043,-0.007246376811594203
10,generic,fake_pren_spearman,8,-0.30952380952380953,-0.2857142857142857
11,all,surrogate_spearman,32,-0.2100439882697947,-0.13306451612903228
11,all,surrogate_mae,32,0.4200879765395894,0.28225806451612906
11,all,surrogate_rmse,32,0.4541788856304985,0.310483870967742
11,informed,surrogate_spearman,26,-0.3736752136752136,-0.2430769230769231
11,generic,surrogate_spearman,6,0.3142857142857143,0.2
11,informed,pren_spearman,26,0.02358974358974359,0.009230769230769232
11,generic,fake_pren_spearman,6,-0.2571428571428572,-0.2
12,all,surrogate_spearman,32,0.16678885630498533,0.11290322580645162
12,all,surrogate_mae,32,-0.10777126099706744,-0.07661290322580645
12,all,surrogate_rmse,32,-0.187316715542522,-0.13306451612903228
12,informed,surrogate_spearman,26,-0.011965811965811965,-0.003076923076923077
12,generic,surrogate_spearman,6,0.7714285714285715,0.6
12,informed,pren_spearman,26,0.13435897435897434,0.07076923076923078
12,generic,fake_pren_spearman,6,0.3142857142857143,0.2
13,all,surrogate_spearman,32,-0.07331378299120234,-0.048387096774193554
13,all,surrogate_mae,32,-0.007331378299120234,0.0
13,all,surrogate_rmse,32,0.00036656891495601173,-0.01612903225806452
13,informed,surrogate_spearman,25,-0.26615384615384613,-0.19999999999999996
13,generic,surrogate_spearman,7,0.0,0.04761904761904762
13,informed,pren_spearman,25,0.061538461538461535,0.033333333333333326
13,generic,fake_pren_spearman,7,0.0,0.04761904761904762
14,all,surrogate_spearman,32,-0.059384164222873896,-0.024193548387096777
14,all,surrogate_mae,32,0.15065982404692083,0.10080645161290325
14,all,surrogate_rmse,32,0.08651026392961875,0.05645161290322581
14,informed,surrogate_spearman,26,-0.1158974358974359,-0.08307692307692308
14,generic,surrogate_spearman,6,0.08571428571428573,0.06666666666666665
14,informed,pren_spearman,26,-0.009230769230769232,0.009230769230769232
14,generic,fake_pren_spearman,6,0.6,0.3333333333333333
15,all,surrogate_spearman,32,-0.3354105571847507,-0.23790322580645165
15,all,surrogate_mae,32,0.09787390029325513,0.0685483870967742
15,all,surrogate_rmse,32,0.041788856304985335,0.036290322580645164
15,informed,surrogate_spearman,26,-0.45777777777777773,-0.3353846153846154
15,generic,surrogate_spearman,6,-0.48571428571428577,-0.3333333333333333
15,informed,pren_spearman,26,0.3264957264957265,0.2553846153846154
15,generic,fake_pren_spearman,6,0.028571428571428574,-0.06666666666666665
16,all,surrogate_spearman,32,0.0157624633431085,0.01612903225806452
16,all,surrogate_mae,32,-0.1348973607038123,-0.08467741935483872
16,all,surrogate_rmse,32,-0.14369501466275658,-0.09677419354838711
16,informed,surrogate_spearman,27,-0.15079365079365079,-0.09401709401709403
16,generic,surrogate_spearman,5,0.7,0.6
16,informed,pren_spearman,27,0.15873015873015872,0.11111111111111113
16,generic,fake_pren_spearman,5,-0.09999999999999999,0.0
17,all,surrogate_spearman,32,-0.0813782991202346,-0.06451612903225808
17,all,surrogate_mae,32,-0.02639296187683284,-0.01612903225806452
17,all,surrogate_rmse,32,-0.05975073313782991,-0.052419354838709686
17,informed,surrogate_spearman,27,-0.1349206349206349,-0.10541310541310543
17,generic,surrogate_spearman,5,0.6,0.39999999999999997
17,informed,pren_spearman,27,-0.08424908424908426,-0.03703703703703704
17,generic,fake_pren_spearman,5,0.3,0.19999999999999998
18,all,surrogate_spearman,32,-0.14699413489736068,-0.1088709677419355
18,all,surrogate_mae,32,0.1975806451612903,0.12903225806451615
18,all,surrogate_rmse,32,0.2107771260997067,0.14112903225806453
18,informed,surrogate_spearman,24,-0.36695652173913035,-0.2681159420289855
18,generic,surrogate_spearman,8,0.2380952380952381,0.21428571428571427
18,informed,pren_spearman,24,-0.16695652173913042,-0.08695652173913043
18,generic,fake_pren_spearman,8,0.8571428571428572,0.6428571428571428
19,all,surrogate_spearman,32,-0.1598240469208211,-0.11290322580645162
19,all,surrogate_mae,32,-0.05095307917888562,-0.05645161290322581
19,all,surrogate_rmse,32,-0.07807917888563048,-0.0685483870967742
19,informed,surrogate_spearman,29,-0.21674876847290636,-0.14778325123152708
19,generic,surrogate_spearman,3,0.5,0.33333333333333337
19,informed,pren_spearman,29,-0.02068965517241379,-0.014778325123152707
19,generic,fake_pren_spearman,3,0.5,0.33333333333333337
20,all,surrogate_spearman,32,0.1638563049853372,0.08064516129032259
20,all,surrogate_mae,32,-0.1440615835777126,-0.07661290322580645
20,all,surrogate_rmse,32,-0.15615835777126097,-0.07258064516129033
20,informed,surrogate_spearman,27,0.21306471306471303,0.11680911680911683
20,generic,surrogate_spearman,5,-0.19999999999999998,-0.19999999999999998
20,informed,pren_spearman,27,0.32905982905982906,0.21937321937321938
20,generic,fake_pren_spearman,5,-0.6,-0.39999999999999997
21,all,surrogate_spearman,32,0.012463343108504396,0.01612903225806452
21,all,surrogate_mae,32,-0.21151026392961875,-0.15725806451612906
21,all,surrogate_rmse,32,-0.17998533724340174,-0.12500000000000003
21,informed,surrogate_spearman,28,-0.0240831964969896,-0.010582010582010581
21,generic,surrogate_spearman,4,0.6000000000000001,0.3333333333333334
21,informed,pren_spearman,28,-0.17077175697865354,-0.1164021164021164
21,generic,fake_pren_spearman,4,0.7999999999999999,0.6666666666666669
22,all,surrogate_spearman,32,0.056451612903225805,0.01612903225806452
22,all,surrogate_mae,32,-0.0219941348973607,-0.03225806451612904
22,all,surrogate_rmse,32,-0.03995601173020528,-0.028225806451612906
22,informed,surrogate_spearman,27,-0.1398046398046398,-0.10541310541310543
22,generic,surrogate_spearman,5,0.09999999999999999,0.0
22,informed,pren_spearman,27,-0.004273504273504274,0.025641025641025644
22,generic,fake_pren_spearman,5,0.49999999999999994,0.19999999999999998
23,all,surrogate_spearman,32,0.14626099706744866,0.10483870967741937
23,all,surrogate_mae,32,-0.21774193548387094,-0.1370967741935484
23,all,surrogate_rmse,32,-0.2888563049853372,-0.19354838709677422
23,informed,surrogate_spearman,26,0.07965811965811966,0.06461538461538462
23,generic,surrogate_spearman,6,-0.028571428571428574,-0.06666666666666665
23,informed,pren_spearman,26,-0.20478632478632477,-0.14461538461538462
23,generic,fake_pren_spearman,6,0.7714285714285715,0.6
24,all,surrogate_spearman,32,-0.23753665689149558,-0.1532258064516129
24,all,surrogate_mae,32,0.0,-0.01612903225806452
24,all,surrogate_rmse,32,0.1066715542521994,0.08467741935483872
24,informed,surrogate_spearman,27,-0.24297924297924298,-0.1566951566951567
24,generic,surrogate_spearman,5,-0.6,-0.39999999999999997
24,informed,pren_spearman,27,0.3815628815628816,0.24786324786324793
24,generic,fake_pren_spearman,5,0.7,0.6
25,all,surrogate_spearman,32,-0.06818181818181818,-0.03225806451612904
25,all,surrogate_mae,32,0.18475073313782991,0.1370967741935484
25,all,surrogate_rmse,32,0.16165689149560114,0.11693548387096775
25,informed,surrogate_spearman,25,-0.21615384615384614,-0.12666666666666662
25,generic,surrogate_spearman,7,0.8928571428571429,0.8095238095238096
25,informed,pren_spearman,25,0.45076923076923076,0.3266666666666666
25,generic,fake_pren_spearman,7,0.4642857142857144,0.33333333333333337
26,all,surrogate_spearman,32,-0.041788856304985335,-0.03225806451612904
26,all,surrogate_mae,32,-0.24376832844574778,-0.1532258064516129
26,all,surrogate_rmse,32,-0.17082111436950145,-0.1088709677419355
26,informed,surrogate_spearman,24,-0.049565217391304345,-0.028985507246376812
26,generic,surrogate_spearman,8,-0.14285714285714288,-0.07142857142857142
26,informed,pren_spearman,24,0.32695652173913037,0.21739130434782608
26,generic,fake_pren_spearman,8,0.2142857142857143,0.07142857142857142
27,all,surrogate_spearman,32,-0.09420821114369501,-0.07661290322580645
27,all,surrogate_mae,32,0.04142228739002932,0.036290322580645164
27,all,surrogate_rmse,32,0.001466275659824047,0.0
27,informed,surrogate_spearman,26,-0.1658119658119658,-0.1323076923076923
27,generic,surrogate_spearman,6,-0.7142857142857143,-0.6
27,informed,pren_spearman,26,0.21641025641025638,0.13846153846153847
27,generic,fake_pren_spearman,6,-0.48571428571428577,-0.3333333333333333
28,all,surrogate_spearman,32,0.10153958944281524,0.07258064516129033
28,all,surrogate_mae,32,-0.15212609970674487,-0.10080645161290325
28,all,surrogate_rmse,32,-0.14809384164222872,-0.09677419354838711
28,informed,surrogate_spearman,27,0.009157509157509158,0.00854700854700855
28,generic,surrogate_spearman,5,-0.3,-0.19999999999999998
28,informed,pren_spearman,27,-0.3345543345543345,-0.23076923076923084
28,generic,fake_pren_spearman,5,-0.49999999999999994,-0.19999999999999998
29,all,surrogate_spearman,32,0.17118768328445746,0.11290322580645162
29,all,surrogate_mae,32,-0.15909090909090906,-0.12096774193548389
29,all,surrogate_rmse,32,-0.1414956011730205,-0.10080645161290325
29,informed,surrogate_spearman,25,0.03,0.02666666666666666
29,generic,surrogate_spearman,7,-0.3571428571428572,-0.23809523809523814
29,informed,pren_spearman,25,0.17307692307692307,0.11999999999999998
29,generic,fake_pren_spearman,7,0.5714285714285715,0.5238095238095238
30,all,surrogate_spearman,32,0.03372434017595308,0.052419354838709686
30,all,surrogate_mae,32,-0.09310850439882698,-0.05645161290322581
30,all,surrogate_rmse,32,-0.1099706744868035,-0.0685483870967742
30,informed,surrogate_spearman,28,0.05090311986863711,0.06349206349206349
30,generic,surrogate_spearman,4,-0.19999999999999998,0.0
30,informed,pren_spearman,28,0.06896551724137931,0.042328042328042326
30,generic,fake_pren_spearman,4,0.39999999999999997,0.3333333333333334
31,all,surrogate_spearman,32,-0.219208211143695,-0.14516129032258066
31,all,surrogate_mae,32,0.11033724340175952,0.060483870967741944
31,all,surrogate_rmse,32,0.1312316715542522,0.0685483870967742
31,informed,surrogate_spearman,27,-0.23565323565323562,-0.13390313390313394
31,generic,surrogate_spearman,5,-0.19999999999999998,-0.19999999999999998
31,informed,pren_spearman,27,-0.09401709401709402,-0.07692307692307693
31,generic,fake_pren_spearman,5,0.0,-0.19999999999999998
32,all,surrogate_spearman,32,0.1854838709677419,0.12500000000000003
32,all,surrogate_mae,32,-0.19208211143695011,-0.12903225806451615
32,all,surrogate_rmse,32,-0.15505865102639294,-0.11290322580645162
32,informed,surrogate_spearman,27,0.19230769230769232,0.12820512820512825
32,generic,surrogate_spearman,5,-0.09999999999999999,0.0
32,informed,pren_spearman,27,0.06288156288156288,0.05413105413105414
32,generic,fake_pren_spearman,5,0.49999999999999994,0.39999999999999997
33,all,surrogate_spearman,32,-0.13856304985337242,-0.10080645161290325
33,all,surrogate_mae,32,0.17082111436950145,0.11693548387096775
33,all,surrogate_rmse,32,0.19098240469208208,0.13306451612903228
33,informed,surrogate_spearman,28,-0.19430760810071154,-0.14285714285714285
33,generic,surrogate_spearman,4,-1.0,-1.0
33,informed,pren_spearman,28,-0.041050903119868636,-0.010582010582010581
33,generic,fake_pren_spearman,4,0.19999999999999998,0.0
34,all,surrogate_spearman,32,0.14882697947214074,0.12096774193548389
34,all,surrogate_mae,32,-0.17448680351906154,-0.11693548387096775
34,all,surrogate_rmse,32,-0.2232404692082111,-0.14919354838709678
34,informed,surrogate_spearman,27,-0.04884004884004883,-0.014245014245014247
34,generic,surrogate_spearman,5,0.09999999999999999,0.0
34,informed,pren_spearman,27,0.28205128205128205,0.17948717948717952
34,generic,fake_pren_spearman,5,0.49999999999999994,0.39999999999999997
35,all,surrogate_spearman,32,0.18071847507331376,0.11693548387096775
35,all,surrogate_mae,32,-0.13673020527859234,-0.09274193548387098
35,all,surrogate_rmse,32,-0.13929618768328444,-0.07661290322580645
35,informed,surrogate_spearman,26,0.2656410256410256,0.18153846153846157
35,generic,surrogate_spearman,6,-0.3714285714285715,-0.3333333333333333
35,informed,pren_spearman,26,-0.08854700854700855,-0.05230769230769231
35,generic,fake_pren_spearman,6,-0.2571428571428572,-0.2
36,all,surrogate_spearman,32,-0.006231671554252198,-0.00403225806451613
36,all,surrogate_mae,32,-0.04912023460410556,-0.05645161290322581
36,all,surrogate_rmse,32,-0.041788856304985335,-0.05645161290322581
36,informed,surrogate_spearman,26,-0.14256410256410257,-0.09538461538461539
36,generic,surrogate_spearman,6,-0.2571428571428572,-0.2
36,informed,pren_spearman,26,0.004444444444444444,-0.033846153846153845
36,generic,fake_pren_spearman,6,0.2,0.06666666666666665
37,all,surrogate_spearman,32,-0.00843108504398827,0.024193548387096777
37,all,surrogate_mae,32,-0.19061583577712607,-0.12096774193548389
37,all,surrogate_rmse,32,-0.22763929618768325,-0.14919354838709678
37,informed,surrogate_spearman,24,0.08782608695652173,0.11594202898550725
37,generic,surrogate_spearman,8,-0.38095238095238104,-0.2857142857142857
37,informed,pren_spearman,24,0.15652173913043477,0.08695652173913043
37,generic,fake_pren_spearman,8,0.0,0.07142857142857142
38,all,surrogate_spearman,32,0.31524926686217003,0.18548387096774197
38,all,surrogate_mae,32,-0.2166422287390029,-0.14919354838709678
38,all,surrogate_rmse,32,-0.1946480938416422,-0.12903225806451615
38,informed,surrogate_spearman,25,0.23076923076923078,0.13999999999999996
38,generic,surrogate_spearman,7,0.1785714285714286,0.14285714285714288
38,informed,pren_spearman,25,0.048461538461538466,0.03999999999999999
38,generic,fake_pren_spearman,7,-0.5714285714285715,-0.4285714285714286
39,all,surrogate_spearman,32,0.15579178885630496,0.12096774193548389
39,all,surrogate_mae,32,-0.044721407624633426,-0.03225806451612904
39,all,surrogate_rmse,32,-0.10190615835777124,-0.07661290322580645
39,informed,surrogate_spearman,26,0.22256410256410253,0.14461538461538462
39,generic,surrogate_spearman,6,0.028571428571428574,0.06666666666666665
39,informed,pren_spearman,26,0.12615384615384614,0.1076923076923077
39,generic,fake_pren_spearman,6,-0.08571428571428573,-0.06666666666666665
40,all,surrogate_spearman,32,0.14002932551319647,0.08064516129032259
40,all,surrogate_mae,32,-0.031524926686217,-0.00806451612903226
40,all,surrogate_rmse,32,-0.0219941348973607,0.00403225806451613
40,informed,surrogate_spearman,24,-0.047826086956521734,-0.043478260869565216
40,generic,surrogate_spearman,8,0.1666666666666667,0.07142857142857142
40,informed,pren_spearman,24,-0.06173913043478261,-0.043478260869565216
40,generic,fake_pren_spearman,8,0.4285714285714286,0.2857142857142857
41,all,surrogate_spearman,32,-0.018328445747800584,-0.020161290322580648
41,all,surrogate_mae,32,-0.06121700879765395,-0.036290322580645164
41,all,surrogate_rmse,32,-0.0813782991202346,-0.048387096774193554
41,informed,surrogate_spearman,25,-0.19384615384615386,-0.1333333333333333
41,generic,surrogate_spearman,7,0.07142857142857144,-0.04761904761904762
41,informed,pren_spearman,25,0.28769230769230764,0.20666666666666664
41,generic,fake_pren_spearman,7,0.14285714285714288,0.14285714285714288
42,all,surrogate_spearman,32,0.2598973607038123,0.2056451612903226
42,all,surrogate_mae,32,-0.34934017595307915,-0.23790322580645165
42,all,surrogate_rmse,32,-0.36950146627565983,-0.2459677419354839
42,informed,surrogate_spearman,26,0.4844444444444444,0.37230769230769234
42,generic,surrogate_spearman,6,0.7142857142857143,0.6
42,informed,pren_spearman,26,0.416068376068376,0.31076923076923074
42,generic,fake_pren_spearman,6,0.2,0.2
43,all,surrogate_spearman,32,0.027126099706744865,0.0
43,all,surrogate_mae,32,-0.13196480938416422,-0.05645161290322581
43,all,surrogate_rmse,32,-0.14772727272727273,-0.07258064516129033
43,informed,surrogate_spearman,25,-0.09461538461538462,-0.07999999999999997
43,generic,surrogate_spearman,7,0.10714285714285716,-0.04761904761904762
43,informed,pren_spearman,25,-0.30923076923076925,-0.21999999999999997
43,generic,fake_pren_spearman,7,0.21428571428571433,0.14285714285714288
44,all,surrogate_spearman,32,-0.15579178885630496,-0.10483870967741937
44,all,surrogate_mae,32,0.02785923753665689,0.028225806451612906
44,all,surrogate_rmse,32,0.12939882697947214,0.09274193548387098
44,informed,surrogate_spearman,25,-0.10846153846153846,-0.07333333333333332
44,generic,surrogate_spearman,7,-0.28571428571428575,-0.23809523809523814
44,informed,pren_spearman,25,0.27307692307692305,0.17999999999999997
44,generic,fake_pren_spearman,7,0.8214285714285715,0.6190476190476191
45,all,surrogate_spearman,32,0.11070381231671556,0.08064516129032259
45,all,surrogate_mae,32,-0.3244134897360703,-0.22177419354838715
45,all,surrogate_rmse,32,-0.26796187683284456,-0.16935483870967744
45,informed,surrogate_spearman,27,0.11904761904761904,0.08831908831908834
45,generic,surrogate_spearman,5,0.0,-0.19999999999999998
45,informed,pren_spearman,27,0.34676434676434675,0.2250712250712251
45,generic,fake_pren_spearman,5,0.19999999999999998,0.19999999999999998
46,all,surrogate_spearman,32,-0.0751466275659824,-0.06451612903225808
46,all,surrogate_mae,32,-0.15175953079178883,-0.11290322580645162
46,all,surrogate_rmse,32,-0.1730205278592375,-0.11693548387096775
46,informed,surrogate_spearman,26,-0.009914529914529914,-0.015384615384615385
46,generic,surrogate_spearman,6,-0.14285714285714288,-0.2
46,informed,pren_spearman,26,-0.07145299145299144,-0.04
46,generic,fake_pren_spearman,6,0.08571428571428573,0.06666666666666665
47,all,surrogate_spearman,32,0.2774926686217008,0.1895161290322581
47,all,surrogate_mae,32,-0.44061583577712604,-0.29838709677419356
47,all,surrogate_rmse,32,-0.3958944281524926,-0.26612903225806456
47,informed,surrogate_spearman,27,0.3199023199023199,0.2250712250712251
47,generic,surrogate_spearman,5,0.8999999999999998,0.7999999999999999
47,informed,pren_spearman,27,0.08669108669108669,0.059829059829059845
47,generic,fake_pren_spearman,5,-0.19999999999999998,-0.19999999999999998
48,all,surrogate_spearman,32,-0.08907624633431084,-0.07258064516129033
48,all,surrogate_mae,32,-0.01686217008797654,0.020161290322580648
48,all,surrogate_rmse,32,-0.007697947214076245,0.020161290322580648
48,informed,surrogate_spearman,28,-0.16365626710454295,-0.12169312169312169
48,generic,surrogate_spearman,4,-0.7999999999999999,-0.6666666666666669
48,informed,pren_spearman,28,0.0717022441160372,0.031746031746031744
48,generic,fake_pren_spearman,4,0.19999999999999998,0.0
49,all,surrogate_spearman,32,0.16715542521994134,0.1088709677419355
49,all,surrogate_mae,32,-0.23863636363636362,-0.1733870967741936
49,all,surrogate_rmse,32,-0.26063049853372433,-0.19354838709677422
49,informed,surrogate_spearman,25,-0.023846153846153843,-0.019999999999999993
49,generic,surrogate_spearman,7,-0.3214285714285715,-0.23809523809523814
49,informed,pren_spearman,25,-0.04769230769230769,-0.006666666666666665
49,generic,fake_pren_spearman,7,0.5357142857142858,0.4285714285714286
50,all,surrogate_spearman,32,-0.01942815249266862,0.012096774193548388
50,all,surrogate_mae,32,0.013929618768328446,-0.012096774193548388
50,all,surrogate_rmse,32,0.06268328445747799,0.03225806451612904
50,informed,surrogate_spearman,28,-0.07772304324028462,-0.031746031746031744
50,generic,surrogate_spearman,4,-0.19999999999999998,0.0
50,informed,pren_spearman,28,-0.17460317460317462,-0.14285714285714285
50,generic,fake_pren_spearman,4,0.6000000000000001,0.3333333333333334
51,all,surrogate_spearman,32,0.08577712609970674,0.05645161290322581
51,all,surrogate_mae,32,-0.18328445747800584,-0.1370967741935484
51,all,surrogate_rmse,32,-0.1345307917888563,-0.08064516129032259
51,informed,surrogate_spearman,25,-0.07461538461538461,-0.046666666666666655
51,generic,surrogate_spearman,7,0.28571428571428575,0.23809523809523814
51,informed,pren_spearman,25,-0.11384615384615385,-0.07333333333333332
51,generic,fake_pren_spearman,7,0.10714285714285716,0.04761904761904762
52,all,surrogate_spearman,32,0.10227272727272727,0.060483870967741944
52,all,surrogate_mae,32,-0.2631964809384164,-0.2016129032258065
52,all,surrogate_rmse,32,-0.2628299120234604,-0.19354838709677422
52,informed,surrogate_spearman,26,0.19863247863247863,0.13846153846153847
52,generic,surrogate_spearman,6,-0.5428571428571429,-0.4666666666666666
52,informed,pren_spearman,26,0.10358974358974359,0.05846153846153847
52,generic,fake_pren_spearman,6,0.2,0.06666666666666665
53,all,surrogate_spearman,32,0.10777126099706744,0.07258064516129033
53,all,surrogate_mae,32,-0.14809384164222872,-0.10483870967741937
53,all,surrogate_rmse,32,-0.13929618768328444,-0.11290322580645162
53,informed,surrogate_spearman,24,-0.003478260869565217,0.0
53,generic,surrogate_spearman,8,-0.04761904761904763,0.07142857142857142
53,informed,pren_spearman,24,0.3504347826086956,0.2391304347826087
53,generic,fake_pren_spearman,8,0.38095238095238104,0.21428571428571427
54,all,surrogate_spearman,32,0.044354838709677415,0.03225806451612904
54,all,surrogate_mae,32,-0.2778592375366568,-0.19758064516129034
54,all,surrogate_rmse,32,-0.26136363636363635,-0.1895161290322581
54,informed,surrogate_spearman,29,-0.003940886699507388,0.0
54,generic,surrogate_spearman,3,-0.5,-0.33333333333333337
54,informed,pren_spearman,29,-0.10738916256157634,-0.06403940886699505
54,generic,fake_pren_spearman,3,-1.0,-1.0
55,all,surrogate_spearman,32,0.10557184750733135,0.09274193548387098
55,all,surrogate_mae,32,-0.1066715542521994,-0.060483870967741944
55,all,surrogate_rmse,32,-0.11107038123167154,-0.05645161290322581
55,informed,surrogate_spearman,28,-0.022988505747126436,0.005291005291005291
55,generic,surrogate_spearman,4,0.6000000000000001,0.3333333333333334
55,informed,pren_spearman,28,0.03940886699507389,0.026455026455026457
55,generic,fake_pren_spearman,4,-0.39999999999999997,-0.3333333333333334
56,all,surrogate_spearman,32,0.15249266862170086,0.09274193548387098
56,all,surrogate_mae,32,-0.21517595307917886,-0.1532258064516129
56,all,surrogate_rmse,32,-0.21151026392961875,-0.15725806451612906
56,informed,surrogate_spearman,27,0.020757020757020756,0.00854700854700855
56,generic,surrogate_spearman,5,0.09999999999999999,0.0
56,informed,pren_spearman,27,-0.08424908424908426,-0.05413105413105414
56,generic,fake_pren_spearman,5,0.49999999999999994,0.39999999999999997
57,all,surrogate_spearman,32,-0.07441348973607037,-0.040322580645161296
57,all,surrogate_mae,32,0.022727272727272724,0.00403225806451613
57,all,surrogate_rmse,32,-0.028592375366568914,-0.04435483870967743
57,informed,surrogate_spearman,26,0.21846153846153846,0.15076923076923077
57,generic,surrogate_spearman,6,-0.5428571428571429,-0.4666666666666666
57,informed,pren_spearman,26,0.24786324786324784,0.15692307692307692
57,generic,fake_pren_spearman,6,0.7714285714285715,0.6
58,all,surrogate_spearman,32,0.00879765395894428,0.012096774193548388
58,all,surrogate_mae,32,-0.1660557184750733,-0.12096774193548389
58,all,surrogate_rmse,32,-0.17155425219941348,-0.11693548387096775
58,informed,surrogate_spearman,25,0.033846153846153845,0.02666666666666666
58,generic,surrogate_spearman,7,-0.07142857142857144,-0.04761904761904762
58,informed,pren_spearman,25,0.04769230769230769,0.01333333333333333
58,generic,fake_pren_spearman,7,0.42857142857142866,0.33333333333333337
59,all,surrogate_spearman,32,0.052419354838709666,0.012096774193548388
59,all,surrogate_mae,32,-0.05535190615835778,-0.05645161290322581
59,all,surrogate_rmse,32,-0.03042521994134897,-0.036290322580645164
59,informed,surrogate_spearman,25,-0.023076923076923078,-0.046666666666666655
59,generic,surrogate_spearman,7,-0.07142857142857144,-0.04761904761904762
59,informed,pren_spearman,25,0.046153846153846156,0.019999999999999993
59,generic,fake_pren_spearman,7,-0.14285714285714288,-0.23809523809523814
60,all,surrogate_spearman,32,-0.03409090909090909,-0.028225806451612906
60,all,surrogate_mae,32,-0.029325513196480937,-0.020161290322580648
60,all,surrogate_rmse,32,-0.03885630498533724,-0.03225806451612904
60,informed,surrogate_spearman,24,-0.2478260869565217,-0.18115942028985507
60,generic,surrogate_spearman,8,0.6190476190476191,0.4999999999999999
60,informed,pren_spearman,24,0.17913043478260868,0.14492753623188404
60,generic,fake_pren_spearman,8,0.2142857142857143,0.14285714285714285
61,all,surrogate_spearman,32,0.2697947214076246,0.1895161290322581
61,all,surrogate_mae,32,-0.10593841642228738,-0.06451612903225808
61,all,surrogate_rmse,32,-0.093841642228739,-0.052419354838709686
61,informed,surrogate_spearman,27,0.21245421245421242,0.15099715099715103
61,generic,surrogate_spearman,5,-0.09999999999999999,0.0
61,informed,pren_spearman,27,0.0036630036630036626,0.014245014245014247
61,generic,fake_pren_spearman,5,-0.3,-0.19999999999999998
62,all,surrogate_spearman,32,-0.1000733137829912,-0.0685483870967742
62,all,surrogate_mae,32,-0.004032258064516129,-0.028225806451612906
62,all,surrogate_rmse,32,-0.05168621700879765,-0.06451612903225808
62,informed,surrogate_spearman,22,-0.08977978543195936,-0.06493506493506493
62,generic,surrogate_spearman,10,-0.07878787878787878,-0.022222222222222223
62,informed,pren_spearman,22,0.311123658949746,0.24675324675324675
62,generic,fake_pren_spearman,10,-0.12727272727272726,-0.06666666666666667
63,all,surrogate_spearman,32,-0.21847507331378296,-0.15725806451612906
63,all,surrogate_mae,32,0.1730205278592375,0.12096774193548389
63,all,surrogate_rmse,32,0.19244868035190613,0.12903225806451615
63,informed,surrogate_spearman,29,-0.21428571428571425,-0.1527093596059113
63,generic,surrogate_spearman,3,-0.5,-0.33333333333333337
63,informed,pren_spearman,29,0.06847290640394087,0.03448275862068965
63,generic,fake_pren_spearman,3,-1.0,-1.0
64,all,surrogate_spearman,32,-0.03482404692082111,-0.020161290322580648
64,all,surrogate_mae,32,0.03629032258064516,0.028225806451612906
64,all,surrogate_rmse,32,0.04618768328445748,0.036290322580645164
64,informed,surrogate_spearman,26,-0.09059829059829058,-0.046153846153846156
64,generic,surrogate_spearman,6,-0.6571428571428573,-0.6
64,informed,pren_spearman,26,0.14324786324786323,0.11384615384615385
64,generic,fake_pren_spearman,6,-0.5428571428571429,-0.3333333333333333
65,all,surrogate_spearman,32,-0.10483870967741933,-0.08064516129032259
65,all,surrogate_mae,32,-0.04618768328445748,-0.024193548387096777
65,all,surrogate_rmse,32,-0.06121700879765395,-0.040322580645161296
65,informed,surrogate_spearman,24,-0.2652173913043478,-0.18840579710144928
65,generic,surrogate_spearman,8,0.30952380952380953,0.2857142857142857
65,informed,pren_spearman,24,0.03739130434782608,0.028985507246376812
65,generic,fake_pren_spearman,8,0.14285714285714288,0.07142857142857142
66,all,surrogate_spearman,32,0.0722140762463343,0.04435483870967743
66,all,surrogate_mae,32,-0.10373900293255131,-0.09274193548387098
66,all,surrogate_rmse,32,-0.14772727272727273,-0.11693548387096775
66,informed,surrogate_spearman,27,0.017704517704517704,0.025641025641025644
66,generic,surrogate_spearman,5,0.09999999999999999,0.0
66,informed,pren_spearman,27,-0.1568986568986569,-0.11111111111111113
66,generic,fake_pren_spearman,5,0.49999999999999994,0.19999999999999998
67,all,surrogate_spearman,32,-0.1440615835777126,-0.07258064516129033
67,all,surrogate_mae,32,-0.09604105571847506,-0.04435483870967743
67,all,surrogate_rmse,32,-0.0975073313782991,-0.036290322580645164
67,informed,surrogate_spearman,26,-0.2772649572649572,-0.15692307692307692
67,generic,surrogate_spearman,6,0.2571428571428572,0.2
67,informed,pren_spearman,26,-0.10564102564102562,-0.04
67,generic,fake_pren_spearman,6,-0.3714285714285715,-0.3333333333333333
68,all,surrogate_spearman,32,0.04032258064516129,0.03225806451612904
68,all,surrogate_mae,32,-0.11840175953079178,-0.07661290322580645
68,all,surrogate_rmse,32,-0.09934017595307917,-0.0685483870967742
68,informed,surrogate_spearman,26,-0.06803418803418802,-0.033846153846153845
68,generic,surrogate_spearman,6,-0.6571428571428573,-0.6
68,informed,pren_spearman,26,0.228034188034188,0.1630769230769231
68,generic,fake_pren_spearman,6,0.028571428571428574,0.06666666666666665
69,all,surrogate_spearman,32,-0.17082111436950145,-0.10080645161290325
69,all,surrogate_mae,32,0.025293255131964804,0.01612903225806452
69,all,surrogate_rmse,32,0.06964809384164222,0.04435483870967743
69,informed,surrogate_spearman,24,-0.14782608695652172,-0.09420289855072464
69,generic,surrogate_spearman,8,-0.3571428571428572,-0.21428571428571427
69,informed,pren_spearman,24,0.3678260869565217,0.2681159420289855
69,generic,fake_pren_spearman,8,-0.2142857142857143,-0.14285714285714285
70,all,surrogate_spearman,32,0.028592375366568914,0.012096774193548388
70,all,surrogate_mae,32,-0.027126099706744865,-0.012096774193548388
70,all,surrogate_rmse,32,-0.09017595307917887,-0.07258064516129033
70,informed,surrogate_spearman,26,0.05777777777777777,0.046153846153846156
70,generic,surrogate_spearman,6,-0.028571428571428574,-0.06666666666666665
70,informed,pren_spearman,26,0.03931623931623932,0.033846153846153845
70,generic,fake_pren_spearman,6,0.3142857142857143,0.2
71,all,surrogate_spearman,32,0.2320381231671554,0.14919354838709678
71,all,surrogate_mae,32,-0.21444281524926684,-0.14516129032258066
71,all,surrogate_rmse,32,-0.24743401759530786,-0.1653225806451613
71,informed,surrogate_spearman,27,0.2283272283272283,0.1623931623931624
71,generic,surrogate_spearman,5,-0.19999999999999998,-0.19999999999999998
71,informed,pren_spearman,27,-0.24847374847374848,-0.1623931623931624
71,generic,fake_pren_spearman,5,-0.3,-0.19999999999999998
72,all,surrogate_spearman,32,-0.08174486803519061,-0.052419354838709686
72,all,surrogate_mae,32,-0.11326979472140761,-0.052419354838709686
72,all,surrogate_rmse,32,-0.156891495601173,-0.1088709677419355
72,informed,surrogate_spearman,27,-0.04822954822954823,-0.03133903133903134
72,generic,surrogate_spearman,5,-0.49999999999999994,-0.19999999999999998
72,informed,pren_spearman,27,0.199023199023199,0.15099715099715103
72,generic,fake_pren_spearman,5,0.0,0.0
73,all,surrogate_spearman,32,0.2349706744868035,0.1653225806451613
73,all,surrogate_mae,32,-0.2445014662756598,-0.19354838709677422
73,all,surrogate_rmse,32,-0.23863636363636362,-0.19354838709677422
73,informed,surrogate_spearman,26,0.030427350427350425,0.027692307692307693
73,generic,surrogate_spearman,6,0.028571428571428574,-0.06666666666666665
73,informed,pren_spearman,26,-0.23829059829059826,-0.16923076923076924
73,generic,fake_pren_spearman,6,-0.4285714285714286,-0.3333333333333333
74,all,surrogate_spearman,32,0.1539589442815249,0.09274193548387098
74,all,surrogate_mae,32,-0.2723607038123167,-0.2056451612903226
74,all,surrogate_rmse,32,-0.24010263929618766,-0.1733870967741936
74,informed,surrogate_spearman,29,0.03940886699507388,0.009852216748768471
74,generic,surrogate_spearman,3,-0.5,-0.33333333333333337
74,informed,pren_spearman,29,0.07881773399014776,0.03448275862068965
74,generic,fake_pren_spearman,3,-0.5,-0.33333333333333337
75,all,surrogate_spearman,32,0.0971407624633431,0.040322580645161296
75,all,surrogate_mae,32,0.056818181818181816,0.0685483870967742
75,all,surrogate_rmse,32,0.014296187683284457,0.036290322580645164
75,informed,surrogate_spearman,26,0.035897435897435895,-0.015384615384615385
75,generic,surrogate_spearman,6,-0.942857142857143,-0.8666666666666666
75,informed,pren_spearman,26,-0.1952136752136752,-0.13846153846153847
75,generic,fake_pren_spearman,6,-0.2571428571428572,-0.2
76,all,surrogate_spearman,32,-0.07587976539589442,-0.04435483870967743
76,all,surrogate_mae,32,0.08687683284457476,0.07258064516129033
76,all,surrogate_rmse,32,0.05058651026392961,0.040322580645161296
76,informed,surrogate_spearman,25,-0.09846153846153846,-0.06666666666666665
76,generic,surrogate_spearman,7,-0.6071428571428572,-0.4285714285714286
76,informed,pren_spearman,25,-0.15153846153846154,-0.11333333333333331
76,generic,fake_pren_spearman,7,0.1785714285714286,0.14285714285714288
77,all,surrogate_spearman,32,0.016129032258064516,0.0
77,all,surrogate_mae,32,0.05058651026392961,0.036290322580645164
77,all,surrogate_rmse,32,0.07331378299120234,0.048387096774193554
77,informed,surrogate_spearman,28,-0.0010946907498631637,-0.042328042328042326
77,generic,surrogate_spearman,4,-0.39999999999999997,-0.3333333333333334
77,informed,pren_spearman,28,-0.11220580186097427,-0.06878306878306878
77,generic,fake_pren_spearman,4,0.39999999999999997,0.3333333333333334
78,all,surrogate_spearman,32,0.005131964809384164,0.012096774193548388
78,all,surrogate_mae,32,0.03958944281524926,-0.00806451612903226
78,all,surrogate_rmse,32,0.03189149560117301,-0.024193548387096777
78,informed,surrogate_spearman,24,0.03304347826086956,0.03623188405797101
78,generic,surrogate_spearman,8,-0.14285714285714288,-0.07142857142857142
78,informed,pren_spearman,24,-0.08434782608695651,-0.07246376811594202
78,generic,fake_pren_spearman,8,-0.2142857142857143,-0.14285714285714285
79,all,surrogate_spearman,32,-0.1539589442815249,-0.09274193548387098
79,all,surrogate_mae,32,0.12646627565982405,0.07258064516129033
79,all,surrogate_rmse,32,0.11876832844574779,0.0685483870967742
79,informed,surrogate_spearman,25,-0.1853846153846154,-0.12666666666666662
79,generic,surrogate_spearman,7,0.10714285714285716,0.14285714285714288
79,informed,pren_spearman,25,0.07615384615384616,0.006666666666666665
79,generic,fake_pren_spearman,7,-0.5,-0.33333333333333337
80,all,surrogate_spearman,32,-0.09200879765395893,-0.08870967741935486
80,all,surrogate_mae,32,0.19024926686217006,0.1370967741935484
80,all,surrogate_rmse,32,0.21554252199413487,0.1733870967741936
80,informed,surrogate_spearman,28,-0.17460317460317462,-0.12698412698412698
80,generic,surrogate_spearman,4,-0.39999999999999997,-0.3333333333333334
80,informed,pren_spearman,28,-0.28133552271483303,-0.20105820105820105
80,generic,fake_pren_spearman,4,-0.7999999999999999,-0.6666666666666669
81,all,surrogate_spearman,32,0.10850439882697946,0.07661290322580645
81,all,surrogate_mae,32,-0.15249266862170086,-0.10080645161290325
81,all,surrogate_rmse,32,-0.11766862170087976,-0.08870967741935486
81,informed,surrogate_spearman,26,0.037264957264957266,0.046153846153846156
81,generic,surrogate_spearman,6,0.2571428571428572,0.2
81,informed,pren_spearman,26,-0.025641025641025637,0.009230769230769232
81,generic,fake_pren_spearman,6,-0.2,-0.06666666666666665
82,all,surrogate_spearman,32,0.01759530791788856,-0.00806451612903226
82,all,surrogate_mae,32,-0.05718475073313783,-0.024193548387096777
82,all,surrogate_rmse,32,-0.15945747800586507,-0.09274193548387098
82,informed,surrogate_spearman,25,-0.13307692307692306,-0.11999999999999998
82,generic,surrogate_spearman,7,0.10714285714285716,0.14285714285714288
82,informed,pren_spearman,25,-0.08615384615384615,-0.03999999999999999
82,generic,fake_pren_spearman,7,-0.9285714285714288,-0.8095238095238096
83,all,surrogate_spearman,32,0.15322580645161288,0.05645161290322581
83,all,surrogate_mae,32,-0.18475073313782991,-0.09677419354838711
83,all,surrogate_rmse,32,-0.23973607038123165,-0.10483870967741937
83,informed,surrogate_spearman,24,-0.21652173913043476,-0.16666666666666669
83,generic,surrogate_spearman,8,0.14285714285714288,0.07142857142857142
83,informed,pren_spearman,24,-0.04347826086956521,-0.057971014492753624
83,generic,fake_pren_spearman,8,0.11904761904761905,0.0
84,all,surrogate_spearman,32,0.13929618768328444,0.08064516129032259
84,all,surrogate_mae,32,-0.2415689149560117,-0.1532258064516129
84,all,surrogate_rmse,32,-0.3167155425219941,-0.21370967741935484
84,informed,surrogate_spearman,24,-0.06,-0.07971014492753624
84,generic,surrogate_spearman,8,0.7142857142857144,0.4999999999999999
84,informed,pren_spearman,24,0.14956521739130432,0.10869565217391304
84,generic,fake_pren_spearman,8,-0.3571428571428572,-0.2857142857142857
85,all,surrogate_spearman,32,-0.13049853372434017,-0.07661290322580645
85,all,surrogate_mae,32,-0.028592375366568914,-0.028225806451612906
85,all,surrogate_rmse,32,-0.03629032258064516,-0.024193548387096777
85,informed,surrogate_spearman,26,-0.2239316239316239,-0.1323076923076923
85,generic,surrogate_spearman,6,-0.2571428571428572,-0.2
85,informed,pren_spearman,26,-0.13572649572649573,-0.08923076923076924
85,generic,fake_pren_spearman,6,-0.7714285714285715,-0.6
86,all,surrogate_spearman,32,0.22030791788856302,0.12096774193548389
86,all,surrogate_mae,32,-0.1411290322580645,-0.07661290322580645
86,all,surrogate_rmse,32,-0.05865102639296187,-0.036290322580645164
86,informed,surrogate_spearman,25,0.08615384615384615,0.033333333333333326
86,generic,surrogate_spearman,7,-0.5714285714285715,-0.33333333333333337
86,informed,pren_spearman,25,-0.07692307692307691,-0.05999999999999999
86,generic,fake_pren_spearman,7,0.39285714285714296,0.33333333333333337
87,all,surrogate_spearman,32,-0.02785923753665689,-0.024193548387096777
87,all,surrogate_mae,32,0.02126099706744868,0.00403225806451613
87,all,surrogate_rmse,32,0.06598240469208211,0.04435483870967743
87,informed,surrogate_spearman,25,-0.10461538461538461,-0.09999999999999998
87,generic,surrogate_spearman,7,-0.4642857142857144,-0.4285714285714286
87,informed,pren_spearman,25,-0.049999999999999996,-0.046666666666666655
87,generic,fake_pren_spearman,7,0.4642857142857144,0.33333333333333337
88,all,surrogate_spearman,32,0.13416422287390029,0.048387096774193554
88,all,surrogate_mae,32,-0.28665689149560114,-0.1653225806451613
88,all,surrogate_rmse,32,-0.23607038123167154,-0.14919354838709678
88,informed,surrogate_spearman,26,-0.09675213675213674,-0.08307692307692308
88,generic,surrogate_spearman,6,0.2,0.06666666666666665
88,informed,pren_spearman,26,0.07555555555555556,0.05230769230769231
88,generic,fake_pren_spearman,6,-0.14285714285714288,-0.06666666666666665
89,all,surrogate_spearman,32,0.03225806451612903,0.024193548387096777
89,all,surrogate_mae,32,-0.13269794721407624,-0.08064516129032259
89,all,surrogate_rmse,32,-0.15065982404692083,-0.10080645161290325
89,informed,surrogate_spearman,27,-0.16117216117216115,-0.09971509971509973
89,generic,surrogate_spearman,5,0.6,0.39999999999999997
89,informed,pren_spearman,27,0.0879120879120879,0.03703703703703704
89,generic,fake_pren_spearman,5,0.19999999999999998,0.19999999999999998
90,all,surrogate_spearman,32,0.1096041055718475,0.060483870967741944
90,all,surrogate_mae,32,-0.049853372434017586,-0.020161290322580648
90,all,surrogate_rmse,32,-0.18401759530791786,-0.12903225806451615
90,informed,surrogate_spearman,28,0.04542966611932129,0.015873015873015872
90,generic,surrogate_spearman,4,0.39999999999999997,0.3333333333333334
90,informed,pren_spearman,28,0.03776683087027915,0.037037037037037035
90,generic,fake_pren_spearman,4,0.19999999999999998,0.0
91,all,surrogate_spearman,32,0.02346041055718475,-0.00403225806451613
91,all,surrogate_mae,32,-0.14699413489736068,-0.09274193548387098
91,all,surrogate_rmse,32,-0.10447214076246333,-0.06451612903225808
91,informed,surrogate_spearman,27,0.021978021978021976,-0.00854700854700855
91,generic,surrogate_spearman,5,-0.8999999999999998,-0.7999999999999999
91,informed,pren_spearman,27,-0.15262515262515264,-0.09971509971509973
91,generic,fake_pren_spearman,5,-0.09999999999999999,0.0
92,all,surrogate_spearman,32,0.2558651026392962,0.12500000000000003
92,all,surrogate_mae,32,-0.2943548387096774,-0.17741935483870971
92,all,surrogate_rmse,32,-0.2848240469208211,-0.18548387096774197
92,informed,surrogate_spearman,26,0.2854700854700854,0.14461538461538462
92,generic,surrogate_spearman,6,-0.08571428571428573,-0.06666666666666665
92,informed,pren_spearman,26,0.14188034188034188,0.09538461538461539
92,generic,fake_pren_spearman,6,-0.3714285714285715,-0.06666666666666665
93,all,surrogate_spearman,32,0.21847507331378296,0.14112903225806453
93,all,surrogate_mae,32,-0.2785923753665689,-0.17741935483870971
93,all,surrogate_rmse,32,-0.2214076246334311,-0.14919354838709678
93,informed,surrogate_spearman,27,0.1581196581196581,0.11111111111111113
93,generic,surrogate_spearman,5,0.3,0.19999999999999998
93,informed,pren_spearman,27,-0.3412698412698412,-0.2364672364672365
93,generic,fake_pren_spearman,5,0.09999999999999999,0.0
94,all,surrogate_spearman,32,0.011363636363636362,0.03225806451612904
94,all,surrogate_mae,32,-0.05388563049853372,-0.036290322580645164
94,all,surrogate_rmse,32,-0.001099706744868035,0.00403225806451613
94,informed,surrogate_spearman,23,0.15612648221343872,0.13043478260869565
94,generic,surrogate_spearman,9,-0.5,-0.4444444444444444
94,informed,pren_spearman,23,0.3804347826086957,0.2648221343873518
94,generic,fake_pren_spearman,9,0.6166666666666666,0.5
95,all,surrogate_spearman,32,0.06744868035190615,0.028225806451612906
95,all,surrogate_mae,32,-0.4574780058651026,-0.30241935483870974
95,all,surrogate_rmse,32,-0.4142228739002932,-0.28225806451612906
95,informed,surrogate_spearman,28,0.07881773399014778,0.042328042328042326
95,generic,surrogate_spearman,4,1.0,1.0
95,informed,pren_spearman,28,-0.01751505199781062,-0.015873015873015872
95,generic,fake_pren_spearman,4,-0.7999999999999999,-0.6666666666666669
96,all,surrogate_spearman,32,0.018695014662756596,0.012096774193548388
96,all,surrogate_mae,32,0.06854838709677419,0.040322580645161296
96,all,surrogate_rmse,32,-0.0813782991202346,-0.036290322580645164
96,informed,surrogate_spearman,27,0.019536019536019536,0.00854700854700855
96,generic,surrogate_spearman,5,-0.19999999999999998,-0.19999999999999998
96,informed,pren_spearman,27,-0.024420024420024417,0.0028490028490028496
96,generic,fake_pren_spearman,5,-0.19999999999999998,-0.19999999999999998
97,all,surrogate_spearman,32,0.07881231671554251,0.06451612903225808
97,all,surrogate_mae,32,-0.12390029325513194,-0.09274193548387098
97,all,surrogate_rmse,32,-0.09127565982404691,-0.060483870967741944
97,informed,surrogate_spearman,27,0.005494505494505494,0.00854700854700855
97,generic,surrogate_spearman,5,-0.09999999999999999,0.0
97,informed,pren_spearman,27,0.05738705738705738,0.048433048433048444
97,generic,fake_pren_spearman,5,-0.6,-0.39999999999999997
98,all,surrogate_spearman,32,-0.22470674486803516,-0.15725806451612906
98,all,surrogate_mae,32,0.2349706744868035,0.1088709677419355
98,all,surrogate_rmse,32,0.23753665689149558,0.12096774193548389
98,informed,surrogate_spearman,27,-0.18864468864468864,-0.12250712250712252
98,generic,surrogate_spearman,5,-0.9999999999999999,-0.9999999999999999
98,informed,pren_spearman,27,0.13553113553113552,0.08262108262108263
98,generic,fake_pren_spearman,5,0.19999999999999998,0.19999999999999998
99,all,surrogate_spearman,32,0.35227272727272724,0.22580645161290325
99,all,surrogate_mae,32,-0.34750733137829903,-0.217741935483871
99,all,surrogate_rmse,32,-0.26796187683284456,-0.19758064516129034
99,informed,surrogate_spearman,24,0.1878260869565217,0.12318840579710144
99,generic,surrogate_spearman,8,0.4285714285714286,0.2857142857142857
99,informed,pren_spearman,24,0.13217391304347825,0.11594202898550725
99,generic,fake_pren_spearman,8,-0.7619047619047621,-0.5714285714285714
100,all,surrogate_spearman,32,0.17338709677419353,0.11290322580645162
100,all,surrogate_mae,32,-0.2467008797653959,-0.17741935483870971
100,all,surrogate_rmse,32,-0.3027859237536657,-0.217741935483871
100,informed,surrogate_spearman,26,0.05777777777777777,0.046153846153846156
100,generic,surrogate_spearman,6,0.48571428571428577,0.3333333333333333
100,informed,pren_spearman,26,-0.031794871794871796,-0.027692307692307693
100,generic,fake_pren_spearman,6,-0.14285714285714288,-0.06666666666666665
101,all,surrogate_spearman,32,0.09530791788856303,0.04435483870967743
101,all,surrogate_mae,32,-0.2214076246334311,-0.1370967741935484
101,all,surrogate_rmse,32,-0.24230205278592373,-0.14112903225806453
101,informed,surrogate_spearman,27,0.0757020757020757,0.03703703703703704
101,generic,surrogate_spearman,5,0.7999999999999999,0.6
101,informed,pren_spearman,27,0.03663003663003663,0.03133903133903134
101,generic,fake_pren_spearman,5,-0.3,-0.19999999999999998
102,all,surrogate_spearman,32,0.1502932551319648,0.08064516129032259
102,all,surrogate_mae,32,-0.16825513196480937,-0.060483870967741944
102,all,surrogate_rmse,32,-0.17705278592375365,-0.08064516129032259
102,informed,surrogate_spearman,28,0.01860974274767378,0.005291005291005291
102,generic,surrogate_spearman,4,0.19999999999999998,0.0
102,informed,pren_spearman,28,0.05473453749315818,0.07407407407407407
102,generic,fake_pren_spearman,4,0.39999999999999997,0.3333333333333334
103,all,surrogate_spearman,32,-0.17778592375366567,-0.13306451612903228
103,all,surrogate_mae,32,0.11876832844574779,0.05645161290322581
103,all,surrogate_rmse,32,0.05461876832844574,0.052419354838709686
103,informed,surrogate_spearman,27,-0.08363858363858362,-0.06552706552706554
103,generic,surrogate_spearman,5,-0.19999999999999998,-0.19999999999999998
103,informed,pren_spearman,27,-0.21672771672771673,-0.1566951566951567
103,generic,fake_pren_spearman,5,0.09999999999999999,0.0
104,all,surrogate_spearman,32,0.004765395894428152,0.012096774193548388
104,all,surrogate_mae,32,-0.0879765395894428,-0.03225806451612904
104,all,surrogate_rmse,32,-0.04875366568914955,-0.012096774193548388
104,informed,surrogate_spearman,24,-0.11217391304347826,-0.09420289855072464
104,generic,surrogate_spearman,8,0.38095238095238104,0.21428571428571427
104,informed,pren_spearman,24,0.033913043478260865,0.043478260869565216
104,generic,fake_pren_spearman,8,0.2380952380952381,0.21428571428571427
105,all,surrogate_spearman,32,-0.14626099706744866,-0.1088709677419355
105,all,surrogate_mae,32,-0.16312316715542519,-0.11693548387096775
105,all,surrogate_rmse,32,-0.17155425219941348,-0.11290322580645162
105,informed,surrogate_spearman,24,-0.15478260869565216,-0.12318840579710144
105,generic,surrogate_spearman,8,-0.4047619047619048,-0.2857142857142857
105,informed,pren_spearman,24,0.09217391304347824,0.07971014492753624
105,generic,fake_pren_spearman,8,-0.5714285714285715,-0.4999999999999999
106,all,surrogate_spearman,32,-0.19098240469208208,-0.11693548387096775
106,all,surrogate_mae,32,-0.04142228739002932,-0.01612903225806452
106,all,surrogate_rmse,32,0.07001466275659823,0.036290322580645164
106,informed,surrogate_spearman,27,-0.10622710622710621,-0.07122507122507124
106,generic,surrogate_spearman,5,0.09999999999999999,0.0
106,informed,pren_spearman,27,-0.04151404151404151,-0.03703703703703704
106,generic,fake_pren_spearman,5,-0.7999999999999999,-0.6
107,all,surrogate_spearman,32,0.17778592375366567,0.09677419354838711
107,all,surrogate_mae,32,-0.3951612903225806,-0.2540322580645162
107,all,surrogate_rmse,32,-0.4215542521994134,-0.2701612903225807
107,informed,surrogate_spearman,26,0.046153846153846156,0.015384615384615385
107,generic,surrogate_spearman,6,0.14285714285714288,0.06666666666666665
107,informed,pren_spearman,26,0.03863247863247863,0.015384615384615385
107,generic,fake_pren_spearman,6,0.6,0.4666666666666666
108,all,surrogate_spearman,32,0.10593841642228738,0.08467741935483872
108,all,surrogate_mae,32,-0.2452346041055718,-0.15725806451612906
108,all,surrogate_rmse,32,-0.23277126099706744,-0.15725806451612906
108,informed,surrogate_spearman,26,0.1158974358974359,0.07692307692307693
108,generic,surrogate_spearman,6,-0.5428571428571429,-0.3333333333333333
108,informed,pren_spearman,26,-0.15008547008547007,-0.06461538461538462
108,generic,fake_pren_spearman,6,-0.4285714285714286,-0.3333333333333333
109,all,surrogate_spearman,32,-0.1414956011730205,-0.10483870967741937
109,all,surrogate_mae,32,-0.026759530791788853,-0.01612903225806452
109,all,surrogate_rmse,32,-0.02602639296187683,-0.01612903225806452
109,informed,surrogate_spearman,27,-0.1562881562881563,-0.12250712250712252
109,generic,surrogate_spearman,5,0.0,0.19999999999999998
109,informed,pren_spearman,27,-0.05067155067155067,-0.025641025641025644
109,generic,fake_pren_spearman,5,0.7,0.6
110,all,surrogate_spearman,32,0.19611436950146627,0.14112903225806453
110,all,surrogate_mae,32,-0.2631964809384164,-0.17741935483870971
110,all,surrogate_rmse,32,-0.1785190615835777,-0.11290322580645162
110,informed,surrogate_spearman,23,0.15217391304347824,0.1225296442687747
110,generic,surrogate_spearman,9,-0.21666666666666667,-0.16666666666666666
110,informed,pren_spearman,23,0.12154150197628459,0.05928853754940712
110,generic,fake_pren_spearman,9,0.0,0.0
111,all,surrogate_spearman,32,0.21151026392961875,0.14516129032258066
111,all,surrogate_mae,32,-0.2969208211143695,-0.2016129032258065
111,all,surrogate_rmse,32,-0.3291788856304985,-0.22177419354838715
111,informed,surrogate_spearman,27,0.0463980463980464,0.019943019943019946
111,generic,surrogate_spearman,5,0.8999999999999998,0.7999999999999999
111,informed,pren_spearman,27,-0.2539682539682539,-0.1623931623931624
111,generic,fake_pren_spearman,5,0.9999999999999999,0.9999999999999999
112,all,surrogate_spearman,32,0.09824046920821113,0.06451612903225808
112,all,surrogate_mae,32,-0.2261730205278592,-0.16129032258064518
112,all,surrogate_rmse,32,-0.17448680351906154,-0.12500000000000003
112,informed,surrogate_spearman,29,0.07339901477832511,0.039408866995073885
112,generic,surrogate_spearman,3,0.5,0.33333333333333337
112,informed,pren_spearman,29,0.014778325123152707,0.009852216748768471
112,generic,fake_pren_spearman,3,1.0,1.0
113,all,surrogate_spearman,32,-0.07258064516129031,-0.052419354838709686
113,all,surrogate_mae,32,0.020527859237536656,0.020161290322580648
113,all,surrogate_rmse,32,-0.01063049853372434,0.012096774193548388
113,informed,surrogate_spearman,26,-0.0858119658119658,-0.046153846153846156
113,generic,surrogate_spearman,6,0.08571428571428573,0.2
113,informed,pren_spearman,26,-0.022905982905982905,-0.009230769230769232
113,generic,fake_pren_spearman,6,0.2571428571428572,0.2
114,all,surrogate_spearman,32,-0.21774193548387094,-0.14516129032258066
114,all,surrogate_mae,32,0.16642228739002932,0.12500000000000003
114,all,surrogate_rmse,32,0.11950146627565982,0.08064516129032259
114,informed,surrogate_spearman,26,-0.3121367521367521,-0.2123076923076923
114,generic,surrogate_spearman,6,-0.3714285714285715,-0.3333333333333333
114,informed,pren_spearman,26,-0.3606837606837607,-0.23692307692307696
114,generic,fake_pren_spearman,6,-0.2571428571428572,-0.06666666666666665
115,all,surrogate_spearman,32,-0.038123167155425214,-0.028225806451612906
115,all,surrogate_mae,32,-0.1972140762463343,-0.12096774193548389
115,all,surrogate_rmse,32,-0.11950146627565982,-0.0685483870967742
115,informed,surrogate_spearman,25,-0.010769230769230769,0.0
115,generic,surrogate_spearman,7,-0.42857142857142866,-0.33333333333333337
115,informed,pren_spearman,25,-0.12384615384615384,-0.08666666666666664
115,generic,fake_pren_spearman,7,0.642857142857143,0.4285714285714286
116,all,surrogate_spearman,32,0.12646627565982405,0.07661290322580645
116,all,surrogate_mae,32,-0.17815249266862168,-0.13306451612903228
116,all,surrogate_rmse,32,-0.14589442815249265,-0.11693548387096775
116,informed,surrogate_spearman,26,0.0010256410256410254,-0.015384615384615385
116,generic,surrogate_spearman,6,0.6,0.4666666666666666
116,informed,pren_spearman,26,0.3408547008547009,0.23692307692307696
116,generic,fake_pren_spearman,6,0.2571428571428572,0.2
117,all,surrogate_spearman,32,-0.07258064516129031,-0.052419354838709686
117,all,surrogate_mae,32,-0.14039589442815245,-0.07258064516129033
117,all,surrogate_rmse,32,-0.15322580645161288,-0.08467741935483872
117,informed,surrogate_spearman,27,-0.18742368742368742,-0.13960113960113962
117,generic,surrogate_spearman,5,0.19999999999999998,0.19999999999999998
117,informed,pren_spearman,27,-0.0995115995115995,-0.08831908831908834
117,generic,fake_pren_spearman,5,-0.19999999999999998,-0.19999999999999998
118,all,surrogate_spearman,32,0.07771260997067447,0.060483870967741944
118,all,surrogate_mae,32,-0.1730205278592375,-0.11290322580645162
118,all,surrogate_rmse,32,-0.16972140762463342,-0.08467741935483872
118,informed,surrogate_spearman,27,0.029914529914529916,0.03703703703703704
118,generic,surrogate_spearman,5,-0.49999999999999994,-0.19999999999999998
118,informed,pren_spearman,27,-0.2625152625152625,-0.14529914529914534
118,generic,fake_pren_spearman,5,0.6,0.39999999999999997
119,all,surrogate_spearman,32,-0.009164222873900292,-0.020161290322580648
119,all,surrogate_mae,32,-0.13746334310850436,-0.10483870967741937
119,all,surrogate_rmse,32,-0.1000733137829912,-0.07661290322580645
119,informed,surrogate_spearman,27,-0.02564102564102564,-0.03133903133903134
119,generic,surrogate_spearman,5,0.0,0.19999999999999998
119,informed,pren_spearman,27,-0.11660561660561661,-0.059829059829059845
119,generic,fake_pren_spearman,5,-0.49999999999999994,-0.39999999999999997
120,all,surrogate_spearman,32,0.3610703812316715,0.23790322580645165
120,all,surrogate_mae,32,-0.34970674486803516,-0.22177419354838715
120,all,surrogate_rmse,32,-0.3511730205278592,-0.22580645161290325
120,informed,surrogate_spearman,27,0.22039072039072038,0.13960113960113962
120,generic,surrogate_spearman,5,0.3,0.19999999999999998
120,informed,pren_spearman,27,0.24542124542124538,0.1566951566951567
120,generic,fake_pren_spearman,5,-0.19999999999999998,-0.19999999999999998
121,all,surrogate_spearman,32,0.035923753665689145,0.048387096774193554
121,all,surrogate_mae,32,-0.20821114369501464,-0.14112903225806453
121,all,surrogate_rmse,32,-0.18328445747800584,-0.11693548387096775
121,informed,surrogate_spearman,27,0.01465201465201465,0.042735042735042736
121,generic,surrogate_spearman,5,0.6,0.39999999999999997
121,informed,pren_spearman,27,-0.09706959706959707,-0.06552706552706554
121,generic,fake_pren_spearman,5,0.7999999999999999,0.6
122,all,surrogate_spearman,32,-0.03115835777126099,-0.048387096774193554
122,all,surrogate_mae,32,-0.06488269794721407,-0.05645161290322581
122,all,surrogate_rmse,32,-0.018328445747800584,-0.020161290322580648
122,informed,surrogate_spearman,27,-0.09645909645909646,-0.09401709401709403
122,generic,surrogate_spearman,5,-0.39999999999999997,-0.39999999999999997
122,informed,pren_spearman,27,-0.2295482295482295,-0.14529914529914534
122,generic,fake_pren_spearman,5,0.19999999999999998,0.19999999999999998
123,all,surrogate_spearman,32,-0.07148093841642228,-0.040322580645161296
123,all,surrogate_mae,32,0.07917888563049852,0.03225806451612904
123,all,surrogate_rmse,32,0.15835777126099704,0.09274193548387098
123,informed,surrogate_spearman,28,-0.09852216748768472,-0.047619047619047616
123,generic,surrogate_spearman,4,0.39999999999999997,0.3333333333333334
123,informed,pren_spearman,28,0.14887794198139023,0.06878306878306878
123,generic,fake_pren_spearman,4,0.39999999999999997,0.3333333333333334
124,all,surrogate_spearman,32,0.07734604105571846,0.03225806451612904
124,all,surrogate_mae,32,0.00843108504398827,0.00806451612903226
124,all,surrogate_rmse,32,-0.031524926686217,-0.012096774193548388
124,informed,surrogate_spearman,25,-0.003846153846153846,-0.019999999999999993
124,generic,surrogate_spearman,7,-0.21428571428571433,-0.14285714285714288
124,informed,pren_spearman,25,-0.002307692307692308,0.0
124,generic,fake_pren_spearman,7,-0.3571428571428572,-0.23809523809523814
125,all,surrogate_spearman,32,0.2551319648093841,0.16935483870967744
125,all,surrogate_mae,32,-0.4303519061583577,-0.2862903225806452
125,all,surrogate_rmse,32,-0.4098240469208211,-0.2701612903225807
125,informed,surrogate_spearman,23,0.09782608695652174,0.03557312252964427
125,generic,surrogate_spearman,9,0.38333333333333336,0.3333333333333333
125,informed,pren_spearman,23,0.2114624505928854,0.14624505928853754
125,generic,fake_pren_spearman,9,0.45,0.3333333333333333
126,all,surrogate_spearman,32,0.12939882697947214,0.09274193548387098
126,all,surrogate_mae,32,-0.33027859237536655,-0.20967741935483875
126,all,surrogate_rmse,32,-0.38746334310850433,-0.2580645161290323
126,informed,surrogate_spearman,25,0.16692307692307692,0.12666666666666662
126,generic,surrogate_spearman,7,0.7500000000000002,0.5238095238095238
126,informed,pren_spearman,25,0.005384615384615384,-0.006666666666666665
126,generic,fake_pren_spearman,7,-0.3214285714285715,-0.23809523809523814
127,all,surrogate_spearman,32,0.06488269794721407,0.040322580645161296
127,all,surrogate_mae,32,-0.014662756598240468,0.012096774193548388
127,all,surrogate_rmse,32,-0.013563049853372432,0.0
127,informed,surrogate_spearman,27,0.07997557997557997,0.048433048433048444
127,generic,surrogate_spearman,5,-0.7,-0.6
127,informed,pren_spearman,27,-0.2875457875457875,-0.21937321937321938
127,generic,fake_pren_spearman,5,-0.3,-0.19999999999999998
128,all,surrogate_spearman,32,0.04802052785923753,0.024193548387096777
128,all,surrogate_mae,32,-0.08614369501466275,-0.020161290322580648
128,all,surrogate_rmse,32,-0.156891495601173,-0.05645161290322581
128,informed,surrogate_spearman,25,-0.07615384615384616,-0.03999999999999999
128,generic,surrogate_spearman,7,-0.07142857142857144,-0.04761904761904762
128,informed,pren_spearman,25,0.07923076923076922,0.07333333333333332
128,generic,fake_pren_spearman,7,0.42857142857142866,0.33333333333333337
129,all,surrogate_spearman,32,0.10520527859237536,0.07258064516129033
129,all,surrogate_mae,32,-0.2001466275659824,-0.1653225806451613
129,all,surrogate_rmse,32,-0.1722873900293255,-0.1088709677419355
129,informed,surrogate_spearman,24,0.054782608695652164,0.03623188405797101
129,generic,surrogate_spearman,8,0.38095238095238104,0.2857142857142857
129,informed,pren_spearman,24,-0.3069565217391304,-0.20289855072463767
129,generic,fake_pren_spearman,8,0.5476190476190477,0.3571428571428571
130,all,surrogate_spearman,32,0.0219941348973607,0.00806451612903226
130,all,surrogate_mae,32,0.11033724340175952,0.06451612903225808
130,all,surrogate_rmse,32,0.07661290322580644,0.03225806451612904
130,informed,surrogate_spearman,26,-0.054358974358974355,-0.05230769230769231
130,generic,surrogate_spearman,6,0.4285714285714286,0.3333333333333333
130,informed,pren_spearman,26,-0.1282051282051282,-0.05846153846153847
130,generic,fake_pren_spearman,6,0.942857142857143,0.8666666666666666
131,all,surrogate_spearman,32,-0.012463343108504396,-0.01612903225806452
131,all,surrogate_mae,32,-0.26759530791788855,-0.2056451612903226
131,all,surrogate_rmse,32,-0.23680351906158356,-0.17741935483870971
131,informed,surrogate_spearman,30,-0.11857619577308119,-0.08045977011494253
131,generic,surrogate_spearman,2,,
131,informed,pren_spearman,30,0.07541713014460512,0.05287356321839081
131,generic,fake_pren_spearman,2,,
132,all,surrogate_spearman,32,-0.06781524926686217,-0.05645161290322581
132,all,surrogate_mae,32,0.09457478005865103,0.05645161290322581
132,all,surrogate_rmse,32,0.08614369501466275,0.052419354838709686
132,informed,surrogate_spearman,28,-0.1926655719759168,-0.13227513227513227
132,generic,surrogate_spearman,4,0.7999999999999999,0.6666666666666669
132,informed,pren_spearman,28,-0.09742747673782157,-0.07936507936507936
132,generic,fake_pren_spearman,4,0.7999999999999999,0.6666666666666669
133,all,surrogate_spearman,32,-0.13709677419354838,-0.09677419354838711
133,all,surrogate_mae,32,0.08870967741935483,0.05645161290322581
133,all,surrogate_rmse,32,0.09054252199413489,0.07258064516129033
133,informed,surrogate_spearman,27,-0.15018315018315015,-0.10541310541310543
133,generic,surrogate_spearman,5,0.09999999999999999,0.0
133,informed,pren_spearman,27,-0.04700854700854701,-0.048433048433048444
133,generic,fake_pren_spearman,5,0.6,0.39999999999999997
134,all,surrogate_spearman,32,0.05095307917888562,0.036290322580645164
134,all,surrogate_mae,32,-0.1917155425219941,-0.14516129032258066
134,all,surrogate_rmse,32,-0.1656891495601173,-0.12500000000000003
134,informed,surrogate_spearman,24,0.20347826086956516,0.13043478260869565
134,generic,surrogate_spearman,8,-0.14285714285714288,-0.07142857142857142
134,informed,pren_spearman,24,-0.03043478260869565,-0.021739130434782608
134,generic,fake_pren_spearman,8,0.023809523809523815,0.0
135,all,surrogate_spearman,32,0.005865102639296188,-0.01612903225806452
135,all,surrogate_mae,32,-0.1972140762463343,-0.11290322580645162
135,all,surrogate_rmse,32,-0.21554252199413487,-0.12500000000000003
135,informed,surrogate_spearman,25,-0.03307692307692307,-0.046666666666666655
135,generic,surrogate_spearman,7,0.0,0.04761904761904762
135,informed,pren_spearman,25,-0.6153846153846153,-0.4133333333333333
135,generic,fake_pren_spearman,7,-0.03571428571428572,0.04761904761904762
136,all,surrogate_spearman,32,-0.09970674486803517,-0.07661290322580645
136,all,surrogate_mae,32,-0.05095307917888562,-0.024193548387096777
136,all,surrogate_rmse,32,0.04142228739002932,0.040322580645161296
136,informed,surrogate_spearman,25,-0.14923076923076922,-0.11999999999999998
136,generic,surrogate_spearman,7,-0.5,-0.33333333333333337
136,informed,pren_spearman,25,-0.04769230769230769,-0.046666666666666655
136,generic,fake_pren_spearman,7,0.5714285714285715,0.4285714285714286
137,all,surrogate_spearman,32,0.056818181818181816,0.020161290322580648
137,all,surrogate_mae,32,-0.2067448680351906,-0.14112903225806453
137,all,surrogate_rmse,32,-0.1759530791788856,-0.12500000000000003
137,informed,surrogate_spearman,27,0.12332112332112331,0.06552706552706554
137,generic,surrogate_spearman,5,-0.6,-0.39999999999999997
137,informed,pren_spearman,27,0.2118437118437118,0.13960113960113962
137,generic,fake_pren_spearman,5,-0.6,-0.39999999999999997
138,all,surrogate_spearman,32,0.18401759530791786,0.11290322580645162
138,all,surrogate_mae,32,-0.1407624633431085,-0.08467741935483872
138,all,surrogate_rmse,32,-0.1224340175953079,-0.07258064516129033
138,informed,surrogate_spearman,26,0.14529914529914528,0.09538461538461539
138,generic,surrogate_spearman,6,-0.7142857142857143,-0.4666666666666666
138,informed,pren_spearman,26,0.13914529914529913,0.04
138,generic,fake_pren_spearman,6,0.2571428571428572,0.06666666666666665
139,all,surrogate_spearman,32,0.09677419354838708,0.048387096774193554
139,all,surrogate_mae,32,-0.15579178885630496,-0.07661290322580645
139,all,surrogate_rmse,32,-0.1821847507331378,-0.10080645161290325
139,informed,surrogate_spearman,26,0.0776068376068376,0.05846153846153847
139,generic,surrogate_spearman,6,-0.14285714285714288,-0.3333333333333333
139,informed,pren_spearman,26,0.08923076923076922,0.05230769230769231
139,generic,fake_pren_spearman,6,0.3714285714285715,0.3333333333333333
140,all,surrogate_spearman,32,-0.005131964809384164,0.0
140,all,surrogate_mae,32,-0.018695014662756596,-0.03225806451612904
140,all,surrogate_rmse,32,0.04545454545454545,0.012096774193548388
140,informed,surrogate_spearman,27,-0.04884004884004883,-0.03133903133903134
140,generic,surrogate_spearman,5,0.19999999999999998,0.19999999999999998
140,informed,pren_spearman,27,-0.358974358974359,-0.2364672364672365
140,generic,fake_pren_spearman,5,0.7999999999999999,0.6
141,all,surrogate_spearman,32,-0.09567448680351906,-0.09677419354838711
141,all,surrogate_mae,32,0.00843108504398827,0.00806451612903226
141,all,surrogate_rmse,32,0.043621700879765385,0.03225806451612904
141,informed,surrogate_spearman,27,-0.0018315018315018313,-0.048433048433048444
141,generic,surrogate_spearman,5,-0.7999999999999999,-0.6
141,informed,pren_spearman,27,0.11416361416361415,0.059829059829059845
141,generic,fake_pren_spearman,5,-0.39999999999999997,-0.39999999999999997
142,all,surrogate_spearman,32,-0.1378299120234604,-0.1088709677419355
142,all,surrogate_mae,32,0.049486803519061574,0.036290322580645164
142,all,surrogate_rmse,32,0.07331378299120234,0.05645161290322581
142,informed,surrogate_spearman,27,-0.11172161172161171,-0.08262108262108263
142,generic,surrogate_spearman,5,-0.8999999999999998,-0.7999999999999999
142,informed,pren_spearman,27,-0.06227106227106227,-0.03133903133903134
142,generic,fake_pren_spearman,5,-0.7,-0.6
143,all,surrogate_spearman,32,0.26429618768328444,0.18145161290322584
143,all,surrogate_mae,32,-0.38159824046920815,-0.26612903225806456
143,all,surrogate_rmse,32,-0.344941348973607,-0.23790322580645165
143,informed,surrogate_spearman,27,0.2313797313797314,0.1737891737891738
143,generic,surrogate_spearman,5,0.3,0.19999999999999998
143,informed,pren_spearman,27,-0.07448107448107448,-0.025641025641025644
143,generic,fake_pren_spearman,5,-0.3,-0.19999999999999998
144,all,surrogate_spearman,32,-0.2697947214076246,-0.18145161290322584
144,all,surrogate_mae,32,0.06744868035190615,0.05645161290322581
144,all,surrogate_rmse,32,0.06048387096774193,0.060483870967741944
144,informed,surrogate_spearman,28,-0.32676518883415434,-0.21164021164021166
144,generic,surrogate_spearman,4,-0.7999999999999999,-0.6666666666666669
144,informed,pren_spearman,28,-0.18117131910235357,-0.12169312169312169
144,generic,fake_pren_spearman,4,-0.7999999999999999,-0.6666666666666669
145,all,surrogate_spearman,32,-0.08980938416422286,-0.048387096774193554
145,all,surrogate_mae,32,-0.02565982404692082,-0.03225806451612904
145,all,surrogate_rmse,32,0.16825513196480937,0.09677419354838711
145,informed,surrogate_spearman,25,-0.0723076923076923,-0.05333333333333332
145,generic,surrogate_spearman,7,-0.6785714285714287,-0.5238095238095238
145,informed,pren_spearman,25,-0.14384615384615382,-0.09999999999999998
145,generic,fake_pren_spearman,7,0.21428571428571433,0.14285714285714288
146,all,surrogate_spearman,32,-0.4974340175953078,-0.3588709677419355
146,all,surrogate_mae,32,0.2525659824046921,0.16129032258064518
146,all,surrogate_rmse,32,0.30388563049853373,0.2016129032258065
146,informed,surrogate_spearman,25,-0.6276923076923077,-0.41999999999999993
146,generic,surrogate_spearman,7,-0.642857142857143,-0.5238095238095238
146,informed,pren_spearman,25,0.22615384615384618,0.16666666666666663
146,generic,fake_pren_spearman,7,0.07142857142857144,0.04761904761904762
147,all,surrogate_spearman,32,0.05975073313782991,0.048387096774193554
147,all,surrogate_mae,32,-0.014662756598240468,-0.00806451612903226
147,all,surrogate_rmse,32,-0.04875366568914955,-0.052419354838709686
147,informed,surrogate_spearman,25,0.15307692307692308,0.12666666666666662
147,generic,surrogate_spearman,7,0.10714285714285716,0.04761904761904762
147,informed,pren_spearman,25,-0.15307692307692308,-0.10666666666666665
147,generic,fake_pren_spearman,7,0.6071428571428572,0.4285714285714286
148,all,surrogate_spearman,32,0.14699413489736068,0.09677419354838711
148,all,surrogate_mae,32,-0.11436950146627566,-0.06451612903225808
148,all,surrogate_rmse,32,-0.1950146627565982,-0.11290322580645162
148,informed,surrogate_spearman,28,-0.0021893814997263274,-0.015873015873015872
148,generic,surrogate_spearman,4,0.7999999999999999,0.6666666666666669
148,informed,pren_spearman,28,-0.10837438423645321,-0.06878306878306878
148,generic,fake_pren_spearman,4,-0.19999999999999998,0.0
149,all,surrogate_spearman,32,-0.35153958944281516,-0.2580645161290323
149,all,surrogate_mae,32,0.03482404692082111,0.036290322580645164
149,all,surrogate_rmse,32,0.063049853372434,0.0685483870967742
149,informed,surrogate_spearman,28,-0.4532019704433497,-0.32275132275132273
149,generic,surrogate_spearman,4,-0.7999999999999999,-0.6666666666666669
149,informed,pren_spearman,28,-0.10618500273672687,-0.07936507936507936
149,generic,fake_pren_spearman,4,0.0,0.0
150,all,surrogate_spearman,32,0.020527859237536656,0.00403225806451613
150,all,surrogate_mae,32,-0.2448680351906158,-0.2056451612903226
150,all,surrogate_rmse,32,-0.14259530791788855,-0.1088709677419355
150,informed,surrogate_spearman,24,0.21565217391304345,0.15942028985507248
150,generic,surrogate_spearman,8,-0.7142857142857144,-0.4999999999999999
150,informed,pren_spearman,24,-0.04347826086956521,0.0
150,generic,fake_pren_spearman,8,-0.3571428571428572,-0.2857142857142857
151,all,surrogate_spearman,32,-0.0377565982404692,-0.040322580645161296
151,all,surrogate_mae,32,-0.04912023460410556,-0.024193548387096777
151,all,surrogate_rmse,32,-0.042155425219941346,-0.028225806451612906
151,informed,surrogate_spearman,28,-0.1652983032293377,-0.14285714285714285
151,generic,surrogate_spearman,4,0.39999999999999997,0.3333333333333334
151,informed,pren_spearman,28,0.19376026272577995,0.1164021164021164
151,generic,fake_pren_spearman,4,0.39999999999999997,0.3333333333333334
152,all,surrogate_spearman,32,0.2232404692082111,0.1370967741935484
152,all,surrogate_mae,32,-0.18695014662756596,-0.1653225806451613
152,all,surrogate_rmse,32,-0.21444281524926684,-0.14516129032258066
152,informed,surrogate_spearman,24,-0.021739130434782605,-0.014492753623188406
152,generic,surrogate_spearman,8,0.7857142857142858,0.6428571428571428
152,informed,pren_spearman,24,-0.04608695652173912,-0.028985507246376812
152,generic,fake_pren_spearman,8,-0.38095238095238104,-0.2857142857142857
153,all,surrogate_spearman,32,-0.07441348973607037,-0.060483870967741944
153,all,surrogate_mae,32,-0.0909090909090909,-0.07258064516129033
153,all,surrogate_rmse,32,-0.06928152492668621,-0.04435483870967743
153,informed,surrogate_spearman,26,-0.1398290598290598,-0.09538461538461539
153,generic,surrogate_spearman,6,0.028571428571428574,0.06666666666666665
153,informed,pren_spearman,26,0.0899145299145299,0.05846153846153847
153,generic,fake_pren_spearman,6,0.3714285714285715,0.3333333333333333
154,all,surrogate_spearman,32,0.12170087976539588,0.08064516129032259
154,all,surrogate_mae,32,-0.07697947214076245,-0.04435483870967743
154,all,surrogate_rmse,32,-0.08760997067448678,-0.06451612903225808
154,informed,surrogate_spearman,25,0.013846153846153848,0.006666666666666665
154,generic,surrogate_spearman,7,-0.6071428571428572,-0.4285714285714286
154,informed,pren_spearman,25,0.08538461538461539,0.03999999999999999
154,generic,fake_pren_spearman,7,-0.1785714285714286,-0.14285714285714288
155,all,surrogate_spearman,32,0.3852639296187682,0.27822580645161293
155,all,surrogate_mae,32,-0.2719941348973607,-0.2016129032258065
155,all,surrogate_rmse,32,-0.29398826979472137,-0.22177419354838715
155,informed,surrogate_spearman,25,0.09999999999999999,0.08666666666666664
155,generic,surrogate_spearman,7,0.5357142857142858,0.4285714285714286
155,informed,pren_spearman,25,0.22615384615384618,0.1533333333333333
155,generic,fake_pren_spearman,7,0.8928571428571429,0.8095238095238096
156,all,surrogate_spearman,32,0.09017595307917887,0.06451612903225808
156,all,surrogate_mae,32,-0.028225806451612902,0.0
156,all,surrogate_rmse,32,-0.10740469208211142,-0.060483870967741944
156,informed,surrogate_spearman,25,-0.010769230769230769,0.01333333333333333
156,generic,surrogate_spearman,7,-0.10714285714285716,-0.14285714285714288
156,informed,pren_spearman,25,-0.0015384615384615385,0.006666666666666665
156,generic,fake_pren_spearman,7,0.07142857142857144,0.04761904761904762
157,all,surrogate_spearman,32,-0.056451612903225805,-0.05645161290322581
157,all,surrogate_mae,32,-0.006231671554252198,0.024193548387096777
157,all,surrogate_rmse,32,-0.016129032258064516,0.024193548387096777
157,informed,surrogate_spearman,26,-0.28136752136752136,-0.21846153846153846
157,generic,surrogate_spearman,6,0.028571428571428574,-0.06666666666666665
157,informed,pren_spearman,26,0.07965811965811966,0.06461538461538462
157,generic,fake_pren_spearman,6,0.2,0.06666666666666665
158,all,surrogate_spearman,32,0.06414956011730204,0.048387096774193554
158,all,surrogate_mae,32,-0.09054252199413489,-0.04435483870967743
158,all,surrogate_rmse,32,-0.05095307917888562,-0.01612903225806452
158,informed,surrogate_spearman,25,0.07307692307692308,0.06666666666666665
158,generic,surrogate_spearman,7,-0.14285714285714288,-0.04761904761904762
158,informed,pren_spearman,25,-0.24307692307692308,-0.15999999999999995
158,generic,fake_pren_spearman,7,-0.28571428571428575,-0.23809523809523814
159,all,surrogate_spearman,32,-0.24633431085043983,-0.14112903225806453
159,all,surrogate_mae,32,0.24853372434017595,0.16129032258064518
159,all,surrogate_rmse,32,0.29618768328445744,0.22177419354838715
159,informed,surrogate_spearman,26,-0.21504273504273502,-0.12615384615384617
159,generic,surrogate_spearman,6,-0.6571428571428573,-0.4666666666666666
159,informed,pren_spearman,26,0.16717948717948716,0.11384615384615385
159,generic,fake_pren_spearman,6,-0.2571428571428572,-0.2
160,all,surrogate_spearman,32,0.26502932551319647,0.17741935483870971
160,all,surrogate_mae,32,-0.3775659824046921,-0.2580645161290323
160,all,surrogate_rmse,32,-0.34310850439882695,-0.2338709677419355
160,informed,surrogate_spearman,26,0.21094017094017092,0.15692307692307692
160,generic,surrogate_spearman,6,-0.14285714285714288,-0.2
160,informed,pren_spearman,26,-0.17606837606837608,-0.12000000000000001
160,generic,fake_pren_spearman,6,0.08571428571428573,0.06666666666666665
161,all,surrogate_spearman,32,0.11620234604105568,0.06451612903225808
161,all,surrogate_mae,32,-0.16788856304985336,-0.13306451612903228
161,all,surrogate_rmse,32,-0.11656891495601172,-0.10080645161290325
161,informed,surrogate_spearman,25,-0.07307692307692308,-0.046666666666666655
161,generic,surrogate_spearman,7,0.4642857142857144,0.23809523809523814
161,informed,pren_spearman,25,-0.1992307692307692,-0.10666666666666665
161,generic,fake_pren_spearman,7,-0.10714285714285716,-0.14285714285714288
162,all,surrogate_spearman,32,0.23717008797653957,0.16935483870967744
162,all,surrogate_mae,32,-0.2855571847507331,-0.20967741935483875
162,all,surrogate_rmse,32,-0.29618768328445744,-0.22177419354838715
162,informed,surrogate_spearman,25,0.28769230769230764,0.21999999999999997
162,generic,surrogate_spearman,7,-0.3214285714285715,-0.33333333333333337
162,informed,pren_spearman,25,0.10692307692307691,0.09999999999999998
162,generic,fake_pren_spearman,7,0.6785714285714287,0.5238095238095238
163,all,surrogate_spearman,32,0.06158357771260996,0.052419354838709686
163,all,surrogate_mae,32,-0.009530791788856303,-0.00403225806451613
163,all,surrogate_rmse,32,-0.0879765395894428,-0.05645161290322581
163,informed,surrogate_spearman,25,0.002307692307692308,0.006666666666666665
163,generic,surrogate_spearman,7,-0.5,-0.33333333333333337
163,informed,pren_spearman,25,0.12846153846153846,0.07333333333333332
163,generic,fake_pren_spearman,7,0.0,-0.04761904761904762
164,all,surrogate_spearman,32,-0.15579178885630496,-0.10080645161290325
164,all,surrogate_mae,32,0.2690615835777126,0.1653225806451613
164,all,surrogate_rmse,32,0.14589442815249265,0.09274193548387098
164,informed,surrogate_spearman,28,-0.17679255610290093,-0.1164021164021164
164,generic,surrogate_spearman,4,0.7999999999999999,0.6666666666666669
164,informed,pren_spearman,28,-0.025177887246852767,-0.037037037037037035
164,generic,fake_pren_spearman,4,-0.7999999999999999,-0.6666666666666669
165,all,surrogate_spearman,32,-0.09237536656891496,-0.07258064516129033
165,all,surrogate_mae,32,-0.1473607038123167,-0.11693548387096775
165,all,surrogate_rmse,32,-0.16202346041055718,-0.11693548387096775
165,informed,surrogate_spearman,27,-0.09768009768009767,-0.06552706552706554
165,generic,surrogate_spearman,5,0.19999999999999998,0.19999999999999998
165,informed,pren_spearman,27,0.28266178266178266,0.21367521367521372
165,generic,fake_pren_spearman,5,-0.3,-0.19999999999999998
166,all,surrogate_spearman,32,0.3020527859237536,0.17741935483870971
166,all,surrogate_mae,32,-0.31891495601173014,-0.23790322580645165
166,all,surrogate_rmse,32,-0.3277126099706744,-0.22177419354838715
166,informed,surrogate_spearman,27,0.07753357753357752,0.03133903133903134
166,generic,surrogate_spearman,5,-0.19999999999999998,-0.19999999999999998
166,informed,pren_spearman,27,-0.03601953601953601,-0.00854700854700855
166,generic,fake_pren_spearman,5,0.19999999999999998,0.19999999999999998
167,all,surrogate_spearman,32,0.03042521994134897,0.01612903225806452
167,all,surrogate_mae,32,-0.16092375366568912,-0.12500000000000003
167,all,surrogate_rmse,32,-0.14589442815249265,-0.12096774193548389
167,informed,surrogate_spearman,22,0.19141727837380013,0.09956709956709957
167,generic,surrogate_spearman,10,-0.4666666666666666,-0.37777777777777777
167,informed,pren_spearman,22,-0.17673630717108982,-0.12554112554112554
167,generic,fake_pren_spearman,10,-0.3939393939393939,-0.24444444444444444
168,all,surrogate_spearman,32,0.01942815249266862,-0.00403225806451613
168,all,surrogate_mae,32,0.08101173020527859,0.020161290322580648
168,all,surrogate_rmse,32,0.07258064516129031,0.028225806451612906
168,informed,surrogate_spearman,26,0.025641025641025637,0.015384615384615385
168,generic,surrogate_spearman,6,-0.7142857142857143,-0.4666666666666666
168,informed,pren_spearman,26,-0.005811965811965812,0.015384615384615385
168,generic,fake_pren_spearman,6,-0.5428571428571429,-0.4666666666666666
169,all,surrogate_spearman,32,-0.04142228739002932,-0.01612903225806452
169,all,surrogate_mae,32,0.007697947214076245,-0.00403225806451613
169,all,surrogate_rmse,32,0.05278592375366568,0.024193548387096777
169,informed,surrogate_spearman,25,-0.11538461538461539,-0.046666666666666655
169,generic,surrogate_spearman,7,-0.42857142857142866,-0.23809523809523814
169,informed,pren_spearman,25,0.1623076923076923,0.10666666666666665
169,generic,fake_pren_spearman,7,-0.07142857142857144,-0.04761904761904762
170,all,surrogate_spearman,32,0.027492668621700876,0.036290322580645164
170,all,surrogate_mae,32,-0.12536656891495598,-0.0685483870967742
170,all,surrogate_rmse,32,-0.13636363636363635,-0.07258064516129033
170,informed,surrogate_spearman,24,-0.13130434782608694,-0.08695652173913043
170,generic,surrogate_spearman,8,-0.2380952380952381,-0.21428571428571427
170,informed,pren_spearman,24,0.08086956521739129,0.06521739130434782
170,generic,fake_pren_spearman,8,-0.38095238095238104,-0.2857142857142857
171,all,surrogate_spearman,32,-0.024926686217008793,-0.028225806451612906
171,all,surrogate_mae,32,-0.04288856304985337,-0.020161290322580648
171,all,surrogate_rmse,32,-0.08321114369501466,-0.05645161290322581
171,informed,surrogate_spearman,28,-0.07389162561576354,-0.0582010582010582
171,generic,surrogate_spearman,4,-0.39999999999999997,-0.3333333333333334
171,informed,pren_spearman,28,-0.3579638752052545,-0.20105820105820105
171,generic,fake_pren_spearman,4,-0.39999999999999997,-0.3333333333333334
172,all,surrogate_spearman,32,0.11070381231671556,0.07661290322580645
172,all,surrogate_mae,32,-0.026759530791788853,-0.01612903225806452
172,all,surrogate_rmse,32,-0.08101173020527859,-0.05645161290322581
172,informed,surrogate_spearman,27,-0.03785103785103785,-0.014245014245014247
172,generic,surrogate_spearman,5,0.6,0.39999999999999997
172,informed,pren_spearman,27,0.18864468864468864,0.10541310541310543
172,generic,fake_pren_spearman,5,0.19999999999999998,0.19999999999999998
173,all,surrogate_spearman,32,-0.1220674486803519,-0.09677419354838711
173,all,surrogate_mae,32,0.018695014662756596,0.020161290322580648
173,all,surrogate_rmse,32,0.009530791788856303,0.0
173,informed,surrogate_spearman,26,0.017435897435897435,0.003076923076923077
173,generic,surrogate_spearman,6,-0.6571428571428573,-0.6
173,informed,pren_spearman,26,0.0864957264957265,0.05846153846153847
173,generic,fake_pren_spearman,6,-0.2,-0.06666666666666665
174,all,surrogate_spearman,32,0.19904692082111436,0.13306451612903228
174,all,surrogate_mae,32,-0.20527859237536655,-0.12096774193548389
174,all,surrogate_rmse,32,-0.27712609970674484,-0.1895161290322581
174,informed,surrogate_spearman,27,0.018315018315018316,0.014245014245014247
174,generic,surrogate_spearman,5,0.3,0.19999999999999998
174,informed,pren_spearman,27,0.05616605616605617,0.06552706552706554
174,generic,fake_pren_spearman,5,-0.8999999999999998,-0.7999999999999999
175,all,surrogate_spearman,32,0.19281524926686217,0.12500000000000003
175,all,surrogate_mae,32,-0.2027126099706745,-0.14919354838709678
175,all,surrogate_rmse,32,-0.2320381231671554,-0.16935483870967744
175,informed,surrogate_spearman,28,0.15873015873015872,0.09523809523809523
175,generic,surrogate_spearman,4,0.39999999999999997,0.3333333333333334
175,informed,pren_spearman,28,-0.1434044882320744,-0.09523809523809523
175,generic,fake_pren_spearman,4,1.0,1.0
176,all,surrogate_spearman,32,0.04765395894428152,0.028225806451612906
176,all,surrogate_mae,32,0.02785923753665689,0.00806451612903226
176,all,surrogate_rmse,32,-0.01319648093841642,-0.028225806451612906
176,informed,surrogate_spearman,26,0.03316239316239316,0.015384615384615385
176,generic,surrogate_spearman,6,0.2571428571428572,0.2
176,informed,pren_spearman,26,-0.1651282051282051,-0.12000000000000001
176,generic,fake_pren_spearman,6,-0.3142857142857143,-0.2
177,all,surrogate_spearman,32,0.003299120234604105,-0.00806451612903226
177,all,surrogate_mae,32,-0.09787390029325513,-0.05645161290322581
177,all,surrogate_rmse,32,-0.11546920821114366,-0.07258064516129033
177,informed,surrogate_spearman,23,-0.13537549407114624,-0.09090909090909091
177,generic,surrogate_spearman,9,0.26666666666666666,0.16666666666666666
177,informed,pren_spearman,23,0.21047430830039524,0.14624505928853754
177,generic,fake_pren_spearman,9,0.049999999999999996,0.05555555555555555
178,all,surrogate_spearman,32,-0.016495601173020527,-0.028225806451612906
178,all,surrogate_mae,32,-0.1345307917888563,-0.10080645161290325
178,all,surrogate_rmse,32,-0.14039589442815245,-0.08467741935483872
178,informed,surrogate_spearman,23,0.12252964426877472,0.06719367588932808
178,generic,surrogate_spearman,9,-0.6333333333333333,-0.5
178,informed,pren_spearman,23,-0.001976284584980237,0.003952569169960474
178,generic,fake_pren_spearman,9,0.11666666666666665,0.1111111111111111
179,all,surrogate_spearman,32,0.09530791788856303,0.07661290322580645
179,all,surrogate_mae,32,-0.14222873900293254,-0.09274193548387098
179,all,surrogate_rmse,32,-0.10850439882697946,-0.08467741935483872
179,informed,surrogate_spearman,29,-0.0073891625615763535,0.009852216748768471
179,generic,surrogate_spearman,3,0.5,0.33333333333333337
179,informed,pren_spearman,29,-0.10985221674876844,-0.08866995073891623
179,generic,fake_pren_spearman,3,0.5,0.33333333333333337
180,all,surrogate_spearman,32,-0.23277126099706744,-0.16935483870967744
180,all,surrogate_mae,32,0.13819648093841638,0.09274193548387098
180,all,surrogate_rmse,32,0.05718475073313783,0.028225806451612906
180,informed,surrogate_spearman,29,-0.351231527093596,-0.25123152709359603
180,generic,surrogate_spearman,3,1.0,1.0
180,informed,pren_spearman,29,-0.08078817733990146,-0.05418719211822659
180,generic,fake_pren_spearman,3,-1.0,-1.0
181,all,surrogate_spearman,32,0.15945747800586507,0.09677419354838711
181,all,surrogate_mae,32,-0.2855571847507331,-0.1733870967741936
181,all,surrogate_rmse,32,-0.281891495601173,-0.17741935483870971
181,informed,surrogate_spearman,24,0.013043478260869565,0.0
181,generic,surrogate_spearman,8,0.14285714285714288,0.07142857142857142
181,informed,pren_spearman,24,-0.248695652173913,-0.17391304347826086
181,generic,fake_pren_spearman,8,-0.2142857142857143,-0.14285714285714285
182,all,surrogate_spearman,32,0.0971407624633431,0.05645161290322581
182,all,surrogate_mae,32,-0.12829912023460407,-0.08870967741935486
182,all,surrogate_rmse,32,-0.14882697947214074,-0.07661290322580645
182,informed,surrogate_spearman,28,0.05582922824302135,0.026455026455026457
182,generic,surrogate_spearman,4,0.39999999999999997,0.3333333333333334
182,informed,pren_spearman,28,0.29337712096332785,0.19047619047619047
182,generic,fake_pren_spearman,4,0.0,0.0
183,all,surrogate_spearman,32,-0.20307917888563048,-0.14919354838709678
183,all,surrogate_mae,32,0.20454545454545453,0.14516129032258066
183,all,surrogate_rmse,32,0.1854838709677419,0.12096774193548389
183,informed,surrogate_spearman,25,-0.34153846153846157,-0.23999999999999996
183,generic,surrogate_spearman,7,0.1785714285714286,0.14285714285714288
183,informed,pren_spearman,25,0.039999999999999994,0.05333333333333332
183,generic,fake_pren_spearman,7,0.8928571428571429,0.8095238095238096
184,all,surrogate_spearman,32,-0.25439882697947214,-0.1653225806451613
184,all,surrogate_mae,32,0.15505865102639294,0.10080645161290325
184,all,surrogate_rmse,32,0.11436950146627566,0.07661290322580645
184,informed,surrogate_spearman,28,-0.3021346469622332,-0.1746031746031746
184,generic,surrogate_spearman,4,-1.0,-1.0
184,informed,pren_spearman,28,0.15325670498084293,0.10582010582010583
184,generic,fake_pren_spearman,4,0.6000000000000001,0.3333333333333334
185,all,surrogate_spearman,32,0.2697947214076246,0.1733870967741936
185,all,surrogate_mae,32,-0.3203812316715542,-0.2016129032258065
185,all,surrogate_rmse,32,-0.314882697947214,-0.19354838709677422
185,informed,surrogate_spearman,27,0.16727716727716724,0.11680911680911683
185,generic,surrogate_spearman,5,0.39999999999999997,0.39999999999999997
185,informed,pren_spearman,27,-0.2796092796092796,-0.20227920227920232
185,generic,fake_pren_spearman,5,-0.09999999999999999,0.0
186,all,surrogate_spearman,32,0.23533724340175952,0.17741935483870971
186,all,surrogate_mae,32,-0.2349706744868035,-0.17741935483870971
186,all,surrogate_rmse,32,-0.22580645161290322,-0.1532258064516129
186,informed,surrogate_spearman,26,0.0441025641025641,0.04
186,generic,surrogate_spearman,6,0.08571428571428573,0.06666666666666665
186,informed,pren_spearman,26,0.28136752136752136,0.20615384615384616
186,generic,fake_pren_spearman,6,-0.14285714285714288,-0.06666666666666665
187,all,surrogate_spearman,32,-0.2104105571847507,-0.1370967741935484
187,all,surrogate_mae,32,0.03189149560117301,0.040322580645161296
187,all,surrogate_rmse,32,0.07038123167155425,0.040322580645161296
187,informed,surrogate_spearman,25,-0.1776923076923077,-0.09333333333333331
187,generic,surrogate_spearman,7,0.1785714285714286,0.14285714285714288
187,informed,pren_spearman,25,0.06923076923076923,0.06666666666666665
187,generic,fake_pren_spearman,7,0.10714285714285716,0.04761904761904762
188,all,surrogate_spearman,32,0.03958944281524926,0.040322580645161296
188,all,surrogate_mae,32,-0.16312316715542519,-0.12500000000000003
188,all,surrogate_rmse,32,-0.17998533724340174,-0.15725806451612906
188,informed,surrogate_spearman,28,-0.07006020799124248,-0.010582010582010581
188,generic,surrogate_spearman,4,0.39999999999999997,0.3333333333333334
188,informed,pren_spearman,28,-0.09304871373836891,-0.08465608465608465
188,generic,fake_pren_spearman,4,0.7999999999999999,0.6666666666666669
189,all,surrogate_spearman,32,0.19574780058651026,0.11290322580645162
189,all,surrogate_mae,32,-0.1785190615835777,-0.10080645161290325
189,all,surrogate_rmse,32,-0.21554252199413487,-0.13306451612903228
189,informed,surrogate_spearman,25,0.08307692307692309,0.03999999999999999
189,generic,surrogate_spearman,7,-0.5357142857142858,-0.23809523809523814
189,informed,pren_spearman,25,-0.14307692307692307,-0.11999999999999998
189,generic,fake_pren_spearman,7,0.642857142857143,0.5238095238095238
190,all,surrogate_spearman,32,-0.044354838709677415,-0.00806451612903226
190,all,surrogate_mae,32,-0.08724340175953077,-0.08870967741935486
190,all,surrogate_rmse,32,-0.07148093841642228,-0.052419354838709686
190,informed,surrogate_spearman,26,-0.07555555555555556,-0.003076923076923077
190,generic,surrogate_spearman,6,0.3714285714285715,0.3333333333333333
190,informed,pren_spearman,26,0.3531623931623932,0.2676923076923077
190,generic,fake_pren_spearman,6,0.7142857142857143,0.4666666666666666
191,all,surrogate_spearman,32,0.21590909090909088,0.14516129032258066
191,all,surrogate_mae,32,-0.187683284457478,-0.12500000000000003
191,all,surrogate_rmse,32,-0.15945747800586507,-0.12500000000000003
191,informed,surrogate_spearman,26,0.11658119658119658,0.07692307692307693
191,generic,surrogate_spearman,6,0.7714285714285715,0.6
191,informed,pren_spearman,26,-0.23965811965811962,-0.1630769230769231
191,generic,fake_pren_spearman,6,-0.6,-0.4666666666666666
192,all,surrogate_spearman,32,-0.11400293255131963,-0.060483870967741944
192,all,surrogate_mae,32,-0.004032258064516129,-0.020161290322580648
192,all,surrogate_rmse,32,-0.09347507331378298,-0.06451612903225808
192,informed,surrogate_spearman,25,-0.10461538461538461,-0.046666666666666655
192,generic,surrogate_spearman,7,0.5,0.4285714285714286
192,informed,pren_spearman,25,-0.06461538461538462,-0.08666666666666664
192,generic,fake_pren_spearman,7,-0.28571428571428575,-0.23809523809523814
193,all,surrogate_spearman,32,0.1279325513196481,0.08870967741935486
193,all,surrogate_mae,32,-0.2107771260997067,-0.13306451612903228
193,all,surrogate_rmse,32,-0.16532258064516128,-0.08064516129032259
193,informed,surrogate_spearman,25,0.18923076923076923,0.11999999999999998
193,generic,surrogate_spearman,7,-0.07142857142857144,-0.04761904761904762
193,informed,pren_spearman,25,-0.14615384615384616,-0.09333333333333331
193,generic,fake_pren_spearman,7,-0.4642857142857144,-0.23809523809523814
194,all,surrogate_spearman,32,0.38269794721407624,0.26612903225806456
194,all,surrogate_mae,32,-0.4024926686217009,-0.2741935483870968
194,all,surrogate_rmse,32,-0.40762463343108496,-0.27822580645161293
194,informed,surrogate_spearman,28,0.3568691844553913,0.25396825396825395
194,generic,surrogate_spearman,4,0.6000000000000001,0.3333333333333334
194,informed,pren_spearman,28,0.051450465243568694,0.021164021164021163
194,generic,fake_pren_spearman,4,0.39999999999999997,0.3333333333333334
195,all,surrogate_spearman,32,0.11253665689149558,0.09274193548387098
195,all,surrogate_mae,32,-0.30461876832844575,-0.19758064516129034
195,all,surrogate_rmse,32,-0.2716275659824047,-0.18548387096774197
195,informed,surrogate_spearman,27,0.2600732600732601,0.17948717948717952
195,generic,surrogate_spearman,5,-0.7,-0.6
195,informed,pren_spearman,27,-0.2258852258852259,-0.14529914529914534
195,generic,fake_pren_spearman,5,-0.6,-0.39999999999999997
196,all,surrogate_spearman,32,0.18328445747800584,0.09677419354838711
196,all,surrogate_mae,32,-0.2470674486803519,-0.1653225806451613
196,all,surrogate_rmse,32,-0.2657624633431085,-0.14919354838709678
196,informed,surrogate_spearman,26,0.07555555555555556,0.033846153846153845
196,generic,surrogate_spearman,6,-0.2571428571428572,-0.2
196,informed,pren_spearman,26,-0.06393162393162392,-0.06461538461538462
196,generic,fake_pren_spearman,6,-0.2571428571428572,-0.2
197,all,surrogate_spearman,32,0.035923753665689145,0.0
197,all,surrogate_mae,32,-0.14369501466275658,-0.09274193548387098
197,all,surrogate_rmse,32,-0.17375366568914952,-0.08870967741935486
197,informed,surrogate_spearman,29,-0.10985221674876844,-0.10344827586206895
197,generic,surrogate_spearman,3,-0.5,-0.33333333333333337
197,informed,pren_spearman,29,0.02758620689655172,0.009852216748768471
197,generic,fake_pren_spearman,3,1.0,1.0
198,all,surrogate_spearman,32,0.06524926686217009,0.03225806451612904
198,all,surrogate_mae,32,-0.16495601173020527,-0.10080645161290325
198,all,surrogate_rmse,32,-0.09897360703812315,-0.048387096774193554
198,informed,surrogate_spearman,29,0.06896551724137931,0.03448275862068965
198,generic,surrogate_spearman,3,-0.5,-0.33333333333333337
198,informed,pren_spearman,29,0.3541871921182265,0.22660098522167485
198,generic,fake_pren_spearman,3,-0.5,-0.33333333333333337
199,all,surrogate_spearman,32,-0.031524926686217,0.00806451612903226
199,all,surrogate_mae,32,-0.05975073313782991,-0.036290322580645164
199,all,surrogate_rmse,32,-0.03922287390029325,-0.036290322580645164
199,informed,surrogate_spearman,26,0.10974358974358973,0.1076923076923077
199,generic,surrogate_spearman,6,0.08571428571428573,0.06666666666666665
199,informed,pren_spearman,26,0.30324786324786324,0.2430769230769231
199,generic,fake_pren_spearman,6,0.028571428571428574,0.06666666666666665
200,all,surrogate_spearman,32,-0.16532258064516128,-0.1088709677419355
200,all,surrogate_mae,32,0.0755131964809384,0.07661290322580645
200,all,surrogate_rmse,32,0.08211143695014662,0.052419354838709686
200,informed,surrogate_spearman,26,-0.2451282051282051,-0.19384615384615383
200,generic,surrogate_spearman,6,0.028571428571428574,0.06666666666666665
200,informed,pren_spearman,26,0.04205128205128204,0.033846153846153845
200,generic,fake_pren_spearman,6,0.6,0.4666666666666666
201,all,surrogate_spearman,32,-0.20894428152492667,-0.15725806451612906
201,all,surrogate_mae,32,0.08577712609970674,0.07661290322580645
201,all,surrogate_rmse,32,0.07771260997067447,0.07258064516129033
201,informed,surrogate_spearman,26,-0.08102564102564101,-0.05230769230769231
201,generic,surrogate_spearman,6,-0.942857142857143,-0.8666666666666666
201,informed,pren_spearman,26,0.09333333333333332,0.06461538461538462
201,generic,fake_pren_spearman,6,-0.2571428571428572,-0.2
202,all,surrogate_spearman,32,0.19684750733137826,0.13306451612903228
202,all,surrogate_mae,32,-0.13013196480938416,-0.09677419354838711
202,all,surrogate_rmse,32,-0.1378299120234604,-0.08064516129032259
202,informed,surrogate_spearman,25,-0.036923076923076927,-0.02666666666666666
202,generic,surrogate_spearman,7,0.7857142857142859,0.6190476190476191
202,informed,pren_spearman,25,-0.24769230769230768,-0.17999999999999997
202,generic,fake_pren_spearman,7,-0.3214285714285715,-0.23809523809523814
203,all,surrogate_spearman,32,0.26759530791788855,0.1653225806451613
203,all,surrogate_mae,32,-0.2166422287390029,-0.14516129032258066
203,all,surrogate_rmse,32,-0.2100439882697947,-0.14516129032258066
203,informed,surrogate_spearman,25,0.04769230769230769,-0.006666666666666665
203,generic,surrogate_spearman,7,0.07142857142857144,0.04761904761904762
203,informed,pren_spearman,25,0.11307692307692309,0.046666666666666655
203,generic,fake_pren_spearman,7,-0.25,-0.14285714285714288
204,all,surrogate_spearman,32,0.3870967741935483,0.26612903225806456
204,all,surrogate_mae,32,-0.33357771260997066,-0.21370967741935484
204,all,surrogate_rmse,32,-0.2778592375366568,-0.1653225806451613
204,informed,surrogate_spearman,25,0.3653846153846153,0.25333333333333324
204,generic,surrogate_spearman,7,0.07142857142857144,0.14285714285714288
204,informed,pren_spearman,25,0.48923076923076925,0.3399999999999999
204,generic,fake_pren_spearman,7,0.1785714285714286,0.23809523809523814
205,all,surrogate_spearman,32,-0.11363636363636363,-0.07661290322580645
205,all,surrogate_mae,32,0.02565982404692082,0.020161290322580648
205,all,surrogate_rmse,32,0.022727272727272724,0.012096774193548388
205,informed,surrogate_spearman,27,-0.052503052503052504,-0.042735042735042736
205,generic,surrogate_spearman,5,0.0,0.0
205,informed,pren_spearman,27,-0.10500610500610501,-0.09401709401709403
205,generic,fake_pren_spearman,5,0.09999999999999999,0.0
206,all,surrogate_spearman,32,-0.04728739002932551,-0.04435483870967743
206,all,surrogate_mae,32,-0.001466275659824047,0.0
206,all,surrogate_rmse,32,-0.026759530791788853,0.00403225806451613
206,informed,surrogate_spearman,26,-0.09743589743589742,-0.06461538461538462
206,generic,surrogate_spearman,6,-0.028571428571428574,0.06666666666666665
206,informed,pren_spearman,26,-0.028376068376068375,-0.021538461538461538
206,generic,fake_pren_spearman,6,0.14285714285714288,0.2
207,all,surrogate_spearman,32,0.2254398826979472,0.12096774193548389
207,all,surrogate_mae,32,-0.1539589442815249,-0.07258064516129033
207,all,surrogate_rmse,32,-0.21847507331378296,-0.11290322580645162
207,informed,surrogate_spearman,29,0.1364532019704433,0.07389162561576354
207,generic,surrogate_spearman,3,-0.5,-0.33333333333333337
207,informed,pren_spearman,29,0.24384236453201966,0.17241379310344823
207,generic,fake_pren_spearman,3,-0.5,-0.33333333333333337
208,all,surrogate_spearman,32,0.3170821114369501,0.17741935483870971
208,all,surrogate_mae,32,-0.3951612903225806,-0.2701612903225807
208,all,surrogate_rmse,32,-0.44831378299120234,-0.2943548387096775
208,informed,surrogate_spearman,26,0.2923076923076923,0.13846153846153847
208,generic,surrogate_spearman,6,0.6,0.4666666666666666
208,informed,pren_spearman,26,-0.029059829059829054,-0.046153846153846156
208,generic,fake_pren_spearman,6,0.028571428571428574,0.06666666666666665
209,all,surrogate_spearman,32,-0.18475073313782991,-0.14112903225806453
209,all,surrogate_mae,32,0.07258064516129031,0.04435483870967743
209,all,surrogate_rmse,32,0.07001466275659823,0.03225806451612904
209,informed,surrogate_spearman,26,-0.25606837606837607,-0.1876923076923077
209,generic,surrogate_spearman,6,-0.2571428571428572,-0.2
209,informed,pren_spearman,26,0.04820512820512819,0.027692307692307693
209,generic,fake_pren_spearman,6,0.14285714285714288,0.06666666666666665
210,all,surrogate_spearman,32,-0.2489002932551319,-0.1653225806451613
210,all,surrogate_mae,32,0.19061583577712607,0.14112903225806453
210,all,surrogate_rmse,32,0.24853372434017595,0.1733870967741936
210,informed,surrogate_spearman,27,-0.31318681318681324,-0.19088319088319092
210,generic,surrogate_spearman,5,-0.49999999999999994,-0.39999999999999997
210,informed,pren_spearman,27,0.16788766788766787,0.12250712250712252
210,generic,fake_pren_spearman,5,-0.8999999999999998,-0.7999999999999999
211,all,surrogate_spearman,32,-0.013929618768328446,-0.04435483870967743
211,all,surrogate_mae,32,-0.25476539589442815,-0.13306451612903228
211,all,surrogate_rmse,32,-0.12133431085043987,-0.028225806451612906
211,informed,surrogate_spearman,26,-0.17059829059829057,-0.1323076923076923
211,generic,surrogate_spearman,6,-0.028571428571428574,-0.06666666666666665
211,informed,pren_spearman,26,0.14871794871794874,0.07076923076923078
211,generic,fake_pren_spearman,6,-0.14285714285714288,-0.06666666666666665
212,all,surrogate_spearman,32,0.21774193548387094,0.14112903225806453
212,all,surrogate_mae,32,-0.4219208211143694,-0.2903225806451613
212,all,surrogate_rmse,32,-0.2892228739002932,-0.217741935483871
212,informed,surrogate_spearman,30,0.18531701890989988,0.12183908045977011
212,generic,surrogate_spearman,2,,
212,informed,pren_spearman,30,0.10834260289210233,0.06666666666666667
212,generic,fake_pren_spearman,2,,
213,all,surrogate_spearman,32,0.10373900293255131,0.048387096774193554
213,all,surrogate_mae,32,-0.25733137829912023,-0.17741935483870971
213,all,surrogate_rmse,32,-0.2382697947214076,-0.16935483870967744
213,informed,surrogate_spearman,23,0.043478260869565216,0.019762845849802372
213,generic,surrogate_spearman,9,0.5166666666666667,0.3888888888888889
213,informed,pren_spearman,23,0.06719367588932806,0.03557312252964427
213,generic,fake_pren_spearman,9,-0.8666666666666667,-0.6666666666666666
214,all,surrogate_spearman,32,0.2320381231671554,0.14112903225806453
214,all,surrogate_mae,32,-0.06378299120234603,-0.040322580645161296
214,all,surrogate_rmse,32,-0.0975073313782991,-0.040322580645161296
214,informed,surrogate_spearman,27,0.07875457875457875,0.05413105413105414
214,generic,surrogate_spearman,5,0.7,0.6
214,informed,pren_spearman,27,0.12515262515262515,0.08262108262108263
214,generic,fake_pren_spearman,5,0.6,0.39999999999999997
215,all,surrogate_spearman,32,-0.33614369501466274,-0.23790322580645165
215,all,surrogate_mae,32,0.17412023460410556,0.11693548387096775
215,all,surrogate_rmse,32,0.2166422287390029,0.14516129032258066
215,informed,surrogate_spearman,25,-0.36846153846153845,-0.25999999999999995
215,generic,surrogate_spearman,7,-0.8928571428571429,-0.8095238095238096
215,informed,pren_spearman,25,0.1323076923076923,0.08666666666666664
215,generic,fake_pren_spearman,7,-0.9642857142857145,-0.9047619047619049
216,all,surrogate_spearman,32,0.1543255131964809,0.14112903225806453
216,all,surrogate_mae,32,-0.13709677419354838,-0.13306451612903228
216,all,surrogate_rmse,32,-0.13709677419354838,-0.1370967741935484
216,informed,surrogate_spearman,27,0.13614163614163613,0.10541310541310543
216,generic,surrogate_spearman,5,-0.7999999999999999,-0.6
216,informed,pren_spearman,27,-0.3315018315018315,-0.2364672364672365
216,generic,fake_pren_spearman,5,-0.49999999999999994,-0.39999999999999997
217,all,surrogate_spearman,32,0.24596774193548382,0.14516129032258066
217,all,surrogate_mae,32,-0.2888563049853372,-0.1733870967741936
217,all,surrogate_rmse,32,-0.35887096774193544,-0.2338709677419355
217,informed,surrogate_spearman,25,-0.03769230769230769,-0.03999999999999999
217,generic,surrogate_spearman,7,0.5357142857142858,0.33333333333333337
217,informed,pren_spearman,25,-0.024615384615384615,-0.006666666666666665
217,generic,fake_pren_spearman,7,-0.14285714285714288,-0.04761904761904762
218,all,surrogate_spearman,32,-0.09934017595307917,-0.07661290322580645
218,all,surrogate_mae,32,-0.09347507331378298,-0.052419354838709686
218,all,surrogate_rmse,32,-0.07294721407624633,-0.03225806451612904
218,informed,surrogate_spearman,26,-0.02358974358974359,-0.027692307692307693
218,generic,surrogate_spearman,6,-0.2571428571428572,-0.2
218,informed,pren_spearman,26,-0.08170940170940172,-0.05230769230769231
218,generic,fake_pren_spearman,6,-0.4285714285714286,-0.4666666666666666
219,all,surrogate_spearman,32,-0.001099706744868035,0.0
219,all,surrogate_mae,32,-0.09310850439882698,-0.07258064516129033
219,all,surrogate_rmse,32,-0.11217008797653959,-0.07258064516129033
219,informed,surrogate_spearman,22,0.007340485601355168,0.012987012987012986
219,generic,surrogate_spearman,10,0.17575757575757575,0.15555555555555553
219,informed,pren_spearman,22,0.05702992659514399,0.047619047619047616
219,generic,fake_pren_spearman,10,-0.06666666666666665,-0.06666666666666667
220,all,surrogate_spearman,32,0.23423753665689148,0.15725806451612906
220,all,surrogate_mae,32,-0.12353372434017595,-0.07661290322580645
220,all,surrogate_rmse,32,-0.16495601173020527,-0.10483870967741937
220,informed,surrogate_spearman,22,0.2885375494071147,0.2121212121212121
220,generic,surrogate_spearman,10,0.24848484848484845,0.19999999999999998
220,informed,pren_spearman,22,0.06832298136645965,0.03896103896103896
220,generic,fake_pren_spearman,10,0.2121212121212121,0.1111111111111111
221,all,surrogate_spearman,32,0.08027859237536657,0.04435483870967743
221,all,surrogate_mae,32,-0.13196480938416422,-0.08467741935483872
221,all,surrogate_rmse,32,-0.20161290322580644,-0.14516129032258066
221,informed,surrogate_spearman,24,0.01826086956521739,0.007246376811594203
221,generic,surrogate_spearman,8,-0.5476190476190477,-0.4999999999999999
221,informed,pren_spearman,24,-0.22347826086956518,-0.16666666666666669
221,generic,fake_pren_spearman,8,-0.09523809523809526,-0.07142857142857142
222,all,surrogate_spearman,32,0.10483870967741933,0.08467741935483872
222,all,surrogate_mae,32,-0.13636363636363635,-0.09677419354838711
222,all,surrogate_rmse,32,-0.2349706744868035,-0.1653225806451613
222,informed,surrogate_spearman,26,0.054358974358974355,0.06461538461538462
222,generic,surrogate_spearman,6,0.6,0.4666666666666666
222,informed,pren_spearman,26,0.10427350427350426,0.07076923076923078
222,generic,fake_pren_spearman,6,0.3714285714285715,0.2
223,all,surrogate_spearman,32,0.17338709677419353,0.11693548387096775
223,all,surrogate_mae,32,-0.3925953079178885,-0.23790322580645165
223,all,surrogate_rmse,32,-0.40469208211143687,-0.25000000000000006
223,informed,surrogate_spearman,27,-0.045787545787545784,-0.03133903133903134
223,generic,surrogate_spearman,5,0.3,0.19999999999999998
223,informed,pren_spearman,27,0.028083028083028084,0.03703703703703704
223,generic,fake_pren_spearman,5,-0.9999999999999999,-0.9999999999999999
224,all,surrogate_spearman,32,-0.002932551319648094,-0.048387096774193554
224,all,surrogate_mae,32,-0.07478005865102638,-0.020161290322580648
224,all,surrogate_rmse,32,-0.09604105571847506,-0.040322580645161296
224,informed,surrogate_spearman,27,0.01282051282051282,-0.03133903133903134
224,generic,surrogate_spearman,5,-0.09999999999999999,0.0
224,informed,pren_spearman,27,0.0995115995115995,0.07122507122507124
224,generic,fake_pren_spearman,5,0.19999999999999998,0.19999999999999998
225,all,surrogate_spearman,32,-0.17741935483870966,-0.13306451612903228
225,all,surrogate_mae,32,0.035923753665689145,0.03225806451612904
225,all,surrogate_rmse,32,0.0219941348973607,0.012096774193548388
225,informed,surrogate_spearman,28,-0.17843459222769564,-0.13227513227513227
225,generic,surrogate_spearman,4,0.39999999999999997,0.3333333333333334
225,informed,pren_spearman,28,0.04707170224411604,0.042328042328042326
225,generic,fake_pren_spearman,4,-0.39999999999999997,-0.3333333333333334
226,all,surrogate_spearman,32,-0.017961876832844573,0.020161290322580648
226,all,surrogate_mae,32,-0.02602639296187683,-0.048387096774193554
226,all,surrogate_rmse,32,-0.05205278592375366,-0.0685483870967742
226,informed,surrogate_spearman,25,-0.09846153846153846,-0.03999999999999999
226,generic,surrogate_spearman,7,-0.21428571428571433,-0.14285714285714288
226,informed,pren_spearman,25,0.2746153846153846,0.19999999999999996
226,generic,fake_pren_spearman,7,-0.07142857142857144,-0.04761904761904762
227,all,surrogate_spearman,32,-0.0406891495601173,-0.03225806451612904
227,all,surrogate_mae,32,-0.02565982404692082,-0.012096774193548388
227,all,surrogate_rmse,32,-0.05351906158357771,-0.048387096774193554
227,informed,surrogate_spearman,25,-0.14384615384615382,-0.09333333333333331
227,generic,surrogate_spearman,7,0.3571428571428572,0.23809523809523814
227,informed,pren_spearman,25,-0.052307692307692305,-0.046666666666666655
227,generic,fake_pren_spearman,7,0.07142857142857144,0.04761904761904762
228,all,surrogate_spearman,32,0.22104105571847504,0.18145161290322584
228,all,surrogate_mae,32,-0.29398826979472137,-0.21370967741935484
228,all,surrogate_rmse,32,-0.30095307917888564,-0.21370967741935484
228,informed,surrogate_spearman,24,0.09913043478260869,0.07971014492753624
228,generic,surrogate_spearman,8,0.023809523809523815,0.07142857142857142
228,informed,pren_spearman,24,-0.09913043478260869,-0.06521739130434782
228,generic,fake_pren_spearman,8,0.14285714285714288,0.21428571428571427
229,all,surrogate_spearman,32,-0.05571847507331378,-0.052419354838709686
229,all,surrogate_mae,32,0.002932551319648094,0.01612903225806452
229,all,surrogate_rmse,32,0.05278592375366568,0.060483870967741944
229,informed,surrogate_spearman,23,-0.19960474308300394,-0.16996047430830039
229,generic,surrogate_spearman,9,0.0,0.0
229,informed,pren_spearman,23,-0.04644268774703557,-0.03557312252964427
229,generic,fake_pren_spearman,9,0.3,0.2222222222222222
230,all,surrogate_spearman,32,0.2005131964809384,0.13306451612903228
230,all,surrogate_mae,32,-0.29912023460410553,-0.19758064516129034
230,all,surrogate_rmse,32,-0.31268328445747795,-0.2016129032258065
230,informed,surrogate_spearman,26,0.08034188034188033,0.08307692307692308
230,generic,surrogate_spearman,6,0.8857142857142858,0.7333333333333333
230,informed,pren_spearman,26,-0.027008547008547008,-0.009230769230769232
230,generic,fake_pren_spearman,6,0.3714285714285715,0.3333333333333333
231,all,surrogate_spearman,32,-0.027126099706744865,-0.03225806451612904
231,all,surrogate_mae,32,-0.12903225806451613,-0.07661290322580645
231,all,surrogate_rmse,32,-0.12023460410557184,-0.07258064516129033
231,informed,surrogate_spearman,28,-0.19649698960043788,-0.15873015873015872
231,generic,surrogate_spearman,4,0.7999999999999999,0.6666666666666669
231,informed,pren_spearman,28,-0.1384783798576902,-0.08994708994708994
231,generic,fake_pren_spearman,4,0.39999999999999997,0.3333333333333334
232,all,surrogate_spearman,32,-0.009897360703812315,-0.00403225806451613
232,all,surrogate_mae,32,-0.07734604105571846,-0.04435483870967743
232,all,surrogate_rmse,32,-0.016129032258064516,-0.00806451612903226
232,informed,surrogate_spearman,26,-0.29299145299145296,-0.18153846153846157
232,generic,surrogate_spearman,6,0.6,0.4666666666666666
232,informed,pren_spearman,26,-0.1829059829059829,-0.1323076923076923
232,generic,fake_pren_spearman,6,-0.4285714285714286,-0.3333333333333333
233,all,surrogate_spearman,32,-0.10777126099706744,-0.07258064516129033
233,all,surrogate_mae,32,0.15139296187683285,0.08467741935483872
233,all,surrogate_rmse,32,0.052419354838709666,0.020161290322580648
233,informed,surrogate_spearman,26,-0.14324786324786323,-0.1076923076923077
233,generic,surrogate_spearman,6,-0.4285714285714286,-0.3333333333333333
233,informed,pren_spearman,26,-0.2656410256410256,-0.16923076923076924
233,generic,fake_pren_spearman,6,0.2571428571428572,0.2
234,all,surrogate_spearman,32,-0.09897360703812315,-0.1088709677419355
234,all,surrogate_mae,32,-0.044721407624633426,-0.028225806451612906
234,all,surrogate_rmse,32,-0.018695014662756596,-0.00403225806451613
234,informed,surrogate_spearman,23,-0.06620553359683795,-0.06719367588932808
234,generic,surrogate_spearman,9,-0.75,-0.611111111111111
234,informed,pren_spearman,23,-0.12549407114624506,-0.09090909090909091
234,generic,fake_pren_spearman,9,0.049999999999999996,0.05555555555555555
235,all,surrogate_spearman,32,0.02419354838709677,0.01612903225806452
235,all,surrogate_mae,32,-0.1444281524926686,-0.06451612903225808
235,all,surrogate_rmse,32,-0.11986803519061583,-0.052419354838709686
235,informed,surrogate_spearman,28,-0.1357416529830323,-0.09523809523809523
235,generic,surrogate_spearman,4,1.0,1.0
235,informed,pren_spearman,28,-0.05747126436781609,-0.031746031746031744
235,generic,fake_pren_spearman,4,-0.7999999999999999,-0.6666666666666669
236,all,surrogate_spearman,32,0.06268328445747799,0.04435483870967743
236,all,surrogate_mae,32,-0.16495601173020527,-0.06451612903225808
236,all,surrogate_rmse,32,-0.13929618768328444,-0.05645161290322581
236,informed,surrogate_spearman,26,-0.015384615384615384,0.009230769230769232
236,generic,surrogate_spearman,6,-0.3714285714285715,-0.3333333333333333
236,informed,pren_spearman,26,-0.033846153846153845,-0.033846153846153845
236,generic,fake_pren_spearman,6,0.2,0.06666666666666665
237,all,surrogate_spearman,32,-0.15249266862170086,-0.08870967741935486
237,all,surrogate_mae,32,0.028592375366568914,0.01612903225806452
237,all,surrogate_rmse,32,0.008064516129032258,-0.00403225806451613
237,informed,surrogate_spearman,29,-0.15911330049261077,-0.10837438423645318
237,generic,surrogate_spearman,3,0.5,0.33333333333333337
237,informed,pren_spearman,29,-0.08916256157635466,-0.08374384236453201
237,generic,fake_pren_spearman,3,-1.0,-1.0
238,all,surrogate_spearman,32,-0.11546920821114366,-0.07258064516129033
238,all,surrogate_mae,32,-0.05205278592375366,-0.04435483870967743
238,all,surrogate_rmse,32,-0.05425219941348973,-0.04435483870967743
238,informed,surrogate_spearman,28,-0.2430213464696223,-0.15343915343915343
238,generic,surrogate_spearman,4,0.39999999999999997,0.3333333333333334
238,informed,pren_spearman,28,0.18500273672687464,0.11111111111111109
238,generic,fake_pren_spearman,4,0.39999999999999997,0.3333333333333334
239,all,surrogate_spearman,32,0.01942815249266862,0.028225806451612906
239,all,surrogate_mae,32,-0.2789589442815249,-0.18548387096774197
239,all,surrogate_rmse,32,-0.36510263929618764,-0.23790322580645165
239,informed,surrogate_spearman,28,0.01860974274767378,0.031746031746031744
239,generic,surrogate_spearman,4,0.7999999999999999,0.6666666666666669
239,informed,pren_spearman,28,0.18226600985221672,0.14285714285714285
239,generic,fake_pren_spearman,4,-0.7999999999999999,-0.6666666666666669
240,all,surrogate_spearman,32,0.042155425219941346,0.028225806451612906
240,all,surrogate_mae,32,0.04032258064516129,-0.040322580645161296
240,all,surrogate_rmse,32,-0.019061583577712607,-0.03225806451612904
240,informed,surrogate_spearman,23,-0.17292490118577078,-0.1383399209486166
240,generic,surrogate_spearman,9,0.6666666666666667,0.5
240,informed,pren_spearman,23,-0.05138339920948617,-0.05928853754940712
240,generic,fake_pren_spearman,9,-0.2833333333333333,-0.16666666666666666
241,all,surrogate_spearman,32,-0.2796920821114369,-0.18145161290322584
241,all,surrogate_mae,32,0.13013196480938416,0.08064516129032259
241,all,surrogate_rmse,32,0.13966275659824043,0.08870967741935486
241,informed,surrogate_spearman,28,-0.34099616858237547,-0.21164021164021166
241,generic,surrogate_spearman,4,0.0,0.0
241,informed,pren_spearman,28,0.16803503010399565,0.14285714285714285
241,generic,fake_pren_spearman,4,0.39999999999999997,0.3333333333333334
242,all,surrogate_spearman,32,-0.29325513196480935,-0.19758064516129034
242,all,surrogate_mae,32,0.2456011730205278,0.17741935483870971
242,all,surrogate_rmse,32,0.2620967741935484,0.1733870967741936
242,informed,surrogate_spearman,25,-0.21000000000000002,-0.11999999999999998
242,generic,surrogate_spearman,7,-0.9642857142857145,-0.9047619047619049
242,informed,pren_spearman,25,-0.32846153846153847,-0.22666666666666663
242,generic,fake_pren_spearman,7,-0.6785714285714287,-0.5238095238095238
243,all,surrogate_spearman,32,-0.17741935483870966,-0.13306451612903228
243,all,surrogate_mae,32,0.012096774193548385,-0.00403225806451613
243,all,surrogate_rmse,32,-0.05865102639296187,-0.020161290322580648
243,informed,surrogate_spearman,26,-0.10222222222222223,-0.07692307692307693
243,generic,surrogate_spearman,6,-0.7142857142857143,-0.6
243,informed,pren_spearman,26,0.02427350427350427,0.015384615384615385
243,generic,fake_pren_spearman,6,-0.028571428571428574,-0.06666666666666665
244,all,surrogate_spearman,32,0.2379032258064516,0.1532258064516129
244,all,surrogate_mae,32,-0.38489736070381225,-0.2459677419354839
244,all,surrogate_rmse,32,-0.46847507331378296,-0.32258064516129037
244,informed,surrogate_spearman,28,0.3037766830870279,0.19576719576719576
244,generic,surrogate_spearman,4,-0.39999999999999997,-0.3333333333333334
244,informed,pren_spearman,28,-0.25998905309250137,-0.1693121693121693
244,generic,fake_pren_spearman,4,-0.7999999999999999,-0.6666666666666669
245,all,surrogate_spearman,32,-0.13526392961876832,-0.1088709677419355
245,all,surrogate_mae,32,0.07587976539589442,0.024193548387096777
245,all,surrogate_rmse,32,0.16422287390029325,0.10483870967741937
245,informed,surrogate_spearman,24,-0.1252173913043478,-0.10144927536231883
245,generic,surrogate_spearman,8,-0.6428571428571429,-0.4999999999999999
245,informed,pren_spearman,24,-0.08521739130434783,-0.05072463768115942
245,generic,fake_pren_spearman,8,0.4523809523809524,0.3571428571428571
246,all,surrogate_spearman,32,-0.003299120234604105,0.0
246,all,surrogate_mae,32,-0.009897360703812315,-0.01612903225806452
246,all,surrogate_rmse,32,-0.03885630498533724,-0.052419354838709686
246,informed,surrogate_spearman,28,-0.18171866447728516,-0.11111111111111109
246,generic,surrogate_spearman,4,-0.7999999999999999,-0.6666666666666669
246,informed,pren_spearman,28,-0.31253420908593316,-0.20634920634920634
246,generic,fake_pren_spearman,4,-0.39999999999999997,-0.3333333333333334
247,all,surrogate_spearman,32,0.07771260997067447,0.036290322580645164
247,all,surrogate_mae,32,-0.22177419354838707,-0.14919354838709678
247,all,surrogate_rmse,32,-0.18695014662756596,-0.12096774193548389
247,informed,surrogate_spearman,26,-0.07213675213675212,-0.05230769230769231
247,generic,surrogate_spearman,6,0.3142857142857143,0.2
247,informed,pren_spearman,26,-0.43247863247863244,-0.316923076923077
247,generic,fake_pren_spearman,6,0.2571428571428572,0.2
248,all,surrogate_spearman,32,0.03739002932551319,0.04435483870967743
248,all,surrogate_mae,32,-0.002932551319648094,0.0
248,all,surrogate_rmse,32,-0.04875366568914955,-0.03225806451612904
248,informed,surrogate_spearman,28,-0.1538040503557745,-0.08465608465608465
248,generic,surrogate_spearman,4,0.39999999999999997,0.3333333333333334
248,informed,pren_spearman,28,0.22769567597153803,0.13756613756613756
248,generic,fake_pren_spearman,4,0.39999999999999997,0.3333333333333334
249,all,surrogate_spearman,32,-0.3724340175953079,-0.2298387096774194
249,all,surrogate_mae,32,0.3713343108504399,0.2459677419354839
249,all,surrogate_rmse,32,0.34970674486803516,0.2298387096774194
249,informed,surrogate_spearman,24,-0.43043478260869555,-0.2753623188405797
249,generic,surrogate_spearman,8,0.4523809523809524,0.3571428571428571
249,informed,pren_spearman,24,0.13565217391304346,0.10144927536231883
249,generic,fake_pren_spearman,8,0.3333333333333334,0.14285714285714285
250,all,surrogate_spearman,32,0.04838709677419354,0.024193548387096777
250,all,surrogate_mae,32,0.003665689149560117,0.020161290322580648
250,all,surrogate_rmse,32,0.005498533724340175,0.00806451612903226
250,informed,surrogate_spearman,25,0.1453846153846154,0.07999999999999997
250,generic,surrogate_spearman,7,-0.5357142857142858,-0.23809523809523814
250,informed,pren_spearman,25,0.03846153846153846,0.03999999999999999
250,generic,fake_pren_spearman,7,-0.5357142857142858,-0.23809523809523814
251,all,surrogate_spearman,32,-0.38782991202346034,-0.2338709677419355
251,all,surrogate_mae,32,0.1099706744868035,0.048387096774193554
251,all,surrogate_rmse,32,0.1539589442815249,0.08064516129032259
251,informed,surrogate_spearman,26,-0.3941880341880341,-0.24923076923076926
251,generic,surrogate_spearman,6,-0.6,-0.4666666666666666
251,informed,pren_spearman,26,0.045470085470085464,0.015384615384615385
251,generic,fake_pren_spearman,6,-0.14285714285714288,-0.06666666666666665
252,all,surrogate_spearman,32,-0.14662756598240467,-0.11693548387096775
252,all,surrogate_mae,32,0.01686217008797654,0.0
252,all,surrogate_rmse,32,-0.026759530791788853,-0.036290322580645164
252,informed,surrogate_spearman,28,-0.24411603721948552,-0.17989417989417988
252,generic,surrogate_spearman,4,-0.7999999999999999,-0.6666666666666669
252,informed,pren_spearman,28,-0.3371647509578544,-0.20634920634920634
252,generic,fake_pren_spearman,4,-0.39999999999999997,-0.3333333333333334
253,all,surrogate_spearman,32,-0.16348973607038123,-0.12096774193548389
253,all,surrogate_mae,32,0.10117302052785922,0.0685483870967742
253,all,surrogate_rmse,32,0.031524926686217,0.00806451612903226
253,informed,surrogate_spearman,26,-0.13162393162393163,-0.1076923076923077
253,generic,surrogate_spearman,6,-0.7142857142857143,-0.6
253,informed,pren_spearman,26,-0.2656410256410256,-0.18153846153846157
253,generic,fake_pren_spearman,6,-0.3142857142857143,-0.2
254,all,surrogate_spearman,32,0.20454545454545453,0.12096774193548389
254,all,surrogate_mae,32,-0.4296187683284457,-0.30241935483870974
254,all,surrogate_rmse,32,-0.3977272727272727,-0.29838709677419356
254,informed,surrogate_spearman,27,0.3107448107448107,0.21367521367521372
254,generic,surrogate_spearman,5,-0.39999999999999997,-0.39999999999999997
254,informed,pren_spearman,27,-0.409035409035409,-0.2820512820512821
254,generic,fake_pren_spearman,5,-0.3,-0.19999999999999998
255,all,surrogate_spearman,32,0.31634897360703806,0.2016129032258065
255,all,surrogate_mae,32,-0.3669354838709677,-0.24193548387096778
255,all,surrogate_rmse,32,-0.38196480938416416,-0.22580645161290325
255,informed,surrogate_spearman,24,0.18173913043478263,0.13043478260869565
255,generic,surrogate_spearman,8,-0.14285714285714288,-0.14285714285714285
255,informed,pren_spearman,24,0.3608695652173913,0.2391304347826087
255,generic,fake_pren_spearman,8,-0.11904761904761905,-0.07142857142857142
