source,source_id,samples,reference,doi,title,alloy_designations,material_family,stainless_scope,balance_element,balance_reconstruction,rows_Fe_balance_not_largest_if_blanks_zero,approx_Fe_balance_min_wt_pct,approx_Fe_balance_max_wt_pct,composition_basis,composition_provenance,blank_semantics,composition_schema,partial_elements,all_blank_elements,rows_all_composition_blank,rows_major_composition_blank,unique_compositions,unique_test_conditions,row_structure,numeric_breakdown_potential_rows,event_1_pitting_rows,event_0_censored_rows,event_missing_rows,target_convention,event_convention,environment_convention,source_specific_issue,required_correction_or_caveat,material_note,evidence_level,evidence_url,collection_evidence,classification_confidence,review_status,recommended_handling
1964Tomashov,1,26,"N. D. Tomashov, G. P. Chernova, O. N. Markova, Corrosion 20 (1964): p. 166",10.5006/0010-9312-20.5.166t,Effect of Supplementary Alloying Elements On Pitting Corrosion Susceptibility Of 18Cr-14Ni Stainless Steel,,Fe-based stainless steel,yes,Fe_expected,approximate_only_100_minus_recorded_wt_pct,0,62.654,67.654,wt_pct,certificate_or_standard_at_collection_level; measured_vs_nominal_unresolved_per_source_unless_noted,missing_or_unreported; not_verified_zero,mixed_within_source,Si,N;P;S;Ti;V;Mn;Nb,0,0,7,1,multiple_compositions_single_condition,26,25,1,0,E_pit_column_is_Ebr_mV_vs_AgAgCl_3M_KCl; may_be_pitting_or_competing_breakdown,1=actual_pitting; 0=competing_non-pitting_breakdown_right-censored,concentrations_in_raw_workbook_are_M; paper_model_used_log10_and_1e-5_M_floor_for_unmentioned_anions,composition_reporting_varies_within_source,,Collection scope and source title/designation support an Fe-based stainless material; exact grade chemistry can contain unrecorded elements.,collection_scope_plus_source_title_or_designation,https://doi.org/10.5006/0010-9312-20.5.166t,https://doi.org/10.1016/j.electacta.2024.145355,high,usable_Fe_based,Keep for the comparative benchmark; preserve source grouping and apply the chosen missing-value policy consistently.
1966Leckie,2,32,"Leckie, H. P. & Uhlig, H. H., J. Electrochem. Soc. 113, (1966): p. 1262–1267",10.1149/1.2423801,Environmental Factors Affecting the Critical Potential for Pitting in 18–8 Stainless Steel,AISI 304,Fe-based stainless steel,yes,Fe_expected,approximate_only_100_minus_recorded_wt_pct,0,73.6,73.6,wt_pct,certificate_or_standard_at_collection_level; measured_vs_nominal_unresolved_per_source_unless_noted,missing_or_unreported; not_verified_zero,consistent_source_schema_with_blanks,,C;N;Si;P;S;Ti;V;Mn;Nb;Mo,0,0,1,31,single_composition_multiple_conditions,32,23,9,0,E_pit_column_is_Ebr_mV_vs_AgAgCl_3M_KCl; may_be_pitting_or_competing_breakdown,1=actual_pitting; 0=competing_non-pitting_breakdown_right-censored,concentrations_in_raw_workbook_are_M; paper_model_used_log10_and_1e-5_M_floor_for_unmentioned_anions,,,Collection scope and source title/designation support an Fe-based stainless material; exact grade chemistry can contain unrecorded elements.,collection_scope_plus_source_title_or_designation,https://doi.org/10.1149/1.2423801,https://doi.org/10.1016/j.electacta.2024.145355,high,usable_Fe_based,Keep for the comparative benchmark; preserve source grouping and apply the chosen missing-value policy consistently.
1968Bond,3,16,"A. P. Bond, E. A. Lizlovs, J. Electrochem. Soc. 115 (1968): p. 1130",10.1149/1.2410923,Anodic Polarization of Austenitic Stainless Steels in Chloride Media,,Fe-based austenitic stainless and high-Ni Fe-Ni-Cr alloys,yes_with_high_nickel_variants,Fe_expected,unsafe_on_5_Mo-only_rows; approximate_Fe_balance_elsewhere,1,35.971,99.03,wt_pct,certificate_or_standard_at_collection_level; measured_vs_nominal_unresolved_per_source_unless_noted,missing_or_unreported; not_verified_zero,mixed_within_source,C;N;Si;Cr;Mn;Ni,P;S;Ti;V;Nb,0,0,13,4,multiple_compositions_and_conditions,15,5,10,1,E_pit_column_is_Ebr_mV_vs_AgAgCl_3M_KCl; may_be_pitting_or_competing_breakdown,1=actual_pitting; 0=competing_non-pitting_breakdown_right-censored,concentrations_in_raw_workbook_are_M; paper_model_used_log10_and_1e-5_M_floor_for_unmentioned_anions,five_rows_have_only_Mo_composition;composition_reporting_varies_within_source,Do not reconstruct Fe for the five Mo-only rows without the source table.,"The paper calls the materials austenitic stainless steels. Five workbook rows contain only Mo composition, so their Fe remainder cannot be reconstructed from this table.",source_title_and_workbook_compositions,https://doi.org/10.1149/1.2410923,https://doi.org/10.1016/j.electacta.2024.145355,high,usable_with_composition_caveat,Do not reconstruct Fe for the five Mo-only rows without the source table.
1968Horvath,4,18,"J. Horvath, H. H. Uhlig, J. Electrochem. Soc. 115 (1968): p. 791",10.1149/1.2411433,"Critical Potentials for Pitting Corrosion of Ni, Cr-Ni, Cr-Fe, and Related Stainless Steels",,"mixed Ni, Cr-Ni, Cr-Fe model alloys and related stainless steels",mixed,row_specific,do_not_apply_global_Fe_balance,1,25.061,72.0,wt_pct,certificate_or_standard_at_collection_level; measured_vs_nominal_unresolved_per_source_unless_noted,missing_or_unreported; not_verified_zero,consistent_source_schema_with_blanks,,C;N;Si;P;S;Ti;V;Mn;Nb,0,0,15,4,multiple_compositions_and_conditions,18,18,0,0,E_pit_column_is_Ebr_mV_vs_AgAgCl_3M_KCl; may_be_pitting_or_competing_breakdown,1=actual_pitting; 0=competing_non-pitting_breakdown_right-censored,concentrations_in_raw_workbook_are_M; paper_model_used_log10_and_1e-5_M_floor_for_unmentioned_anions,mixed_base_alloys,Split Cr-Ni/Ni-rich rows from Fe-Cr/Fe-based stainless rows.,"The source explicitly spans Ni, Cr-Ni, Cr-Fe and stainless alloys; the workbook includes a 15Cr-59.939Ni row among 15Cr-13Ni-Mo rows.",source_title_abstract_and_workbook_compositions,https://doi.org/10.1149/1.2411433,https://doi.org/10.1016/j.electacta.2024.145355,high,split_or_filter_material_families,Split Cr-Ni/Ni-rich rows from Fe-Cr/Fe-based stainless rows.
1969Boehni,5,12,"H. Boehni, H. H. Uhlig, Corrosion Science 9 (1969): p. 353",10.1016/0010-938x(69)80007-7,Effect of alloyed Re on the critical pitting potentials of 18%Cr/10%Ni stainless steels,,Fe-based stainless steel,yes,Fe_expected,approximate_only_100_minus_recorded_wt_pct,0,72.1,72.4,wt_pct,certificate_or_standard_at_collection_level; measured_vs_nominal_unresolved_per_source_unless_noted,missing_or_unreported; not_verified_zero,consistent_source_schema_with_blanks,,C;N;Si;P;S;Ti;V;Mn;Nb,0,0,3,4,multiple_compositions_and_conditions,12,12,0,0,E_pit_column_is_Ebr_mV_vs_AgAgCl_3M_KCl; may_be_pitting_or_competing_breakdown,1=actual_pitting; 0=competing_non-pitting_breakdown_right-censored,concentrations_in_raw_workbook_are_M; paper_model_used_log10_and_1e-5_M_floor_for_unmentioned_anions,Re_alloying_variable_has_no_workbook_column,Keep source flag or recover Re from the paper before composition-only modeling.,Collection scope and source title/designation support an Fe-based stainless material; exact grade chemistry can contain unrecorded elements.,collection_scope_plus_source_title_or_designation,https://doi.org/10.1016/0010-938x(69)80007-7,https://doi.org/10.1016/j.electacta.2024.145355,high,usable_with_composition_caveat,Keep source flag or recover Re from the paper before composition-only modeling.
1969Lizlovs,6,12,"E. A. Lizlovs, A. P. Bond, J. Electrochem. Soc. 116 (1969): p. 574",10.1149/1.2411967,Anodic Polarization of Some Ferritic Stainless Steels in Chloride Media,18%Cr-2%Mo-0.11%Ni;18%Cr-2%Mo-0.47%Ti;18%Cr-2%Mo-0.62%Ni;18%Cr-2%Mo-0.91%Ti-0.57%Ni;18%Cr-2%Mo-1.08%Ni;18%Cr-2%Mo-1.75%Ti-2.08%Ni;18%Cr-2%Mo-1.86%Ti,Fe-based stainless steel,yes,Fe_expected,approximate_only_100_minus_recorded_wt_pct,0,77.22,82.8115,wt_pct,certificate_or_standard_at_collection_level; measured_vs_nominal_unresolved_per_source_unless_noted,missing_or_unreported; not_verified_zero,mixed_within_source,N;Si;P;S;Mn,Ti;V;Nb,0,0,12,2,multiple_compositions_and_conditions,12,9,3,0,E_pit_column_is_Ebr_mV_vs_AgAgCl_3M_KCl; may_be_pitting_or_competing_breakdown,1=actual_pitting; 0=competing_non-pitting_breakdown_right-censored,concentrations_in_raw_workbook_are_M; paper_model_used_log10_and_1e-5_M_floor_for_unmentioned_anions,Ti_named_in_designations_but_Ti_cells_are_blank;composition_reporting_varies_within_source,Recover Ti from designation/source; zero-filled Ti would be wrong for the Ti-bearing rows.,Collection scope and source title/designation support an Fe-based stainless material; exact grade chemistry can contain unrecorded elements.,collection_scope_plus_source_title_or_designation,https://doi.org/10.1149/1.2411967,https://doi.org/10.1016/j.electacta.2024.145355,high,usable_with_composition_caveat,Recover Ti from designation/source; zero-filled Ti would be wrong for the Ti-bearing rows.
1970Wilde,7,8,"B. E. Wilde, E. Williams , J. Electrochem. Soc. 117 (1970): p. 775",10.1149/1.2407627,On the Correspondence between Electrochemical and Chemical Accelerated Pitting Corrosion Tests,AISI 304SS;AISI 430SS,Fe-based stainless steel,yes,Fe_expected,approximate_only_100_minus_recorded_wt_pct,0,71.29,82.45,wt_pct,certificate_or_standard_at_collection_level; measured_vs_nominal_unresolved_per_source_unless_noted,missing_or_unreported; not_verified_zero,consistent_source_schema_with_blanks,,N;Ti;V;Nb,0,0,2,2,multiple_compositions_and_conditions,8,8,0,0,E_pit_column_is_Ebr_mV_vs_AgAgCl_3M_KCl; may_be_pitting_or_competing_breakdown,1=actual_pitting; 0=competing_non-pitting_breakdown_right-censored,concentrations_in_raw_workbook_are_M; paper_model_used_log10_and_1e-5_M_floor_for_unmentioned_anions,,,Collection scope and source title/designation support an Fe-based stainless material; exact grade chemistry can contain unrecorded elements.,collection_scope_plus_source_title_or_designation,https://doi.org/10.1149/1.2407627,https://doi.org/10.1016/j.electacta.2024.145355,high,usable_Fe_based,Keep for the comparative benchmark; preserve source grouping and apply the chosen missing-value policy consistently.
1973Bond,8,10,"A. P. Bond, J. Electrochem. Soc. 120 (1973): p. 603",10.1149/1.2403512,Effects of Molybdenum on the Pitting Potentials of Ferritic Stainless Steels at Various Temperatures,,Fe-based stainless steel,yes,Fe_expected,approximate_only_100_minus_recorded_wt_pct,0,81.227,81.434,wt_pct,certificate_or_standard_at_collection_level; measured_vs_nominal_unresolved_per_source_unless_noted,missing_or_unreported; not_verified_zero,consistent_source_schema_with_blanks,,P;S;Ti;V;Nb,0,0,2,8,multiple_compositions_and_conditions,3,3,0,7,E_pit_column_is_Ebr_mV_vs_AgAgCl_3M_KCl; may_be_pitting_or_competing_breakdown,1=actual_pitting; 0=competing_non-pitting_breakdown_right-censored,concentrations_in_raw_workbook_are_M; paper_model_used_log10_and_1e-5_M_floor_for_unmentioned_anions,,,Collection scope and source title/designation support an Fe-based stainless material; exact grade chemistry can contain unrecorded elements.,collection_scope_plus_source_title_or_designation,https://doi.org/10.1149/1.2403512,https://doi.org/10.1016/j.electacta.2024.145355,high,usable_Fe_based,Keep for the comparative benchmark; preserve source grouping and apply the chosen missing-value policy consistently.
1974Hartline,9,7,"A. G. Hartline, Metals Transactions 5 (1974): p. 271",10.1007/bf02644006,"The effect of nitrogen additions upon the pitting resistance of 18 pct Cr, 18 pct Mn Stainless Steel",,Fe-based stainless steel,yes,Fe_expected,approximate_only_100_minus_recorded_wt_pct,0,62.282,63.421,wt_pct,certificate_or_standard_at_collection_level; measured_vs_nominal_unresolved_per_source_unless_noted,missing_or_unreported; not_verified_zero,consistent_source_schema_with_blanks,,Ti;V;Nb,0,0,7,1,multiple_compositions_single_condition,7,7,0,0,E_pit_column_is_Ebr_mV_vs_AgAgCl_3M_KCl; may_be_pitting_or_competing_breakdown,1=actual_pitting; 0=competing_non-pitting_breakdown_right-censored,concentrations_in_raw_workbook_are_M; paper_model_used_log10_and_1e-5_M_floor_for_unmentioned_anions,,,Collection scope and source title/designation support an Fe-based stainless material; exact grade chemistry can contain unrecorded elements.,collection_scope_plus_source_title_or_designation,https://doi.org/10.1007/bf02644006,https://doi.org/10.1016/j.electacta.2024.145355,high,usable_Fe_based,Keep for the comparative benchmark; preserve source grouping and apply the chosen missing-value policy consistently.
1974Machin,10,15,"R. Machin, P. Guha, Werkstoffe und Korrosion 25 (1974): p. 40-45",10.1002/maco.19740250106,The use of potentiostatic techniques in the development of improved stainless steels for chemical plant,17Cr-0Ni Stainless Steel (likely Type 430-SK);18Cr-10Ni Stainless Steel (likely Type-304 S);18Cr-10Ni-3Mo Stainless Steel;18Cr-10Ni-3Mo-1Nb Stainless Steel;29Ni-20Cr-3Mo-3.5Cu-1Nb High Alloy Stainless Steel;Ferralium alloy,Fe-based stainless steel,yes,Fe_expected,approximate_only_100_minus_recorded_wt_pct,0,47.94,82.93,wt_pct,certificate_or_standard_at_collection_level; measured_vs_nominal_unresolved_per_source_unless_noted,missing_or_unreported; not_verified_zero,mixed_within_source,C,N;Si;P;S;Ti;V;Mn;Nb,0,0,8,3,multiple_compositions_and_conditions,15,15,0,0,E_pit_column_is_Ebr_mV_vs_AgAgCl_3M_KCl; may_be_pitting_or_competing_breakdown,1=actual_pitting; 0=competing_non-pitting_breakdown_right-censored,concentrations_in_raw_workbook_are_M; paper_model_used_log10_and_1e-5_M_floor_for_unmentioned_anions,Cu_named_in_high_alloy_designation_but_no_Cu_column;composition_reporting_varies_within_source,Treat Fe remainder as approximate and retain designation/source indicator.,Collection scope and source title/designation support an Fe-based stainless material; exact grade chemistry can contain unrecorded elements.,collection_scope_plus_source_title_or_designation,https://doi.org/10.1002/maco.19740250106,https://doi.org/10.1016/j.electacta.2024.145355,high,usable_with_composition_caveat,Treat Fe remainder as approximate and retain designation/source indicator.
1974Pessall,11,54,"N. Pessall, J. I. Nurminen, Corrosion 30 (1974): p. 381",10.5006/0010-9312-30.11.381,Development of Ferritic Stainless Steels for Use in Desalination Plants,,Fe-based stainless steel,yes,Fe_expected,approximate_only_100_minus_recorded_wt_pct,0,71.31,74.85,wt_pct,certificate_or_standard_at_collection_level; measured_vs_nominal_unresolved_per_source_unless_noted,missing_or_unreported; not_verified_zero,mixed_within_source,Si;Mn,C;N;P;S;Ti;V;Nb,0,0,16,2,multiple_compositions_and_conditions,53,53,0,1,E_pit_column_is_Ebr_mV_vs_AgAgCl_3M_KCl; may_be_pitting_or_competing_breakdown,1=actual_pitting; 0=competing_non-pitting_breakdown_right-censored,concentrations_in_raw_workbook_are_M; paper_model_used_log10_and_1e-5_M_floor_for_unmentioned_anions,composition_reporting_varies_within_source,,Collection scope and source title/designation support an Fe-based stainless material; exact grade chemistry can contain unrecorded elements.,collection_scope_plus_source_title_or_designation,https://doi.org/10.5006/0010-9312-30.11.381,https://doi.org/10.1016/j.electacta.2024.145355,high,usable_Fe_based,Keep for the comparative benchmark; preserve source grouping and apply the chosen missing-value policy consistently.
1975Janik,12,10,"Janik-Czachor, E. Lunarska, Z. Szklarska-Smialowska, Corrosion 31 (1975): p. 349",10.5006/0010-9312-31.11.394,Effect of Nitrogen Content in a 18Cr-5Ni-10Mn Stainless Steel on the Pitting Susceptibility in Chloride Solutions,18Cr-5Ni-0.03Mn,Fe-based stainless steel,yes,Fe_expected,approximate_only_100_minus_recorded_wt_pct,0,64.959,66.677,wt_pct,certificate_or_standard_at_collection_level; measured_vs_nominal_unresolved_per_source_unless_noted,missing_or_unreported; not_verified_zero,consistent_source_schema_with_blanks,,Ti;V;Nb,0,0,5,2,multiple_compositions_and_conditions,10,10,0,0,E_pit_column_is_Ebr_mV_vs_AgAgCl_3M_KCl; may_be_pitting_or_competing_breakdown,1=actual_pitting; 0=competing_non-pitting_breakdown_right-censored,concentrations_in_raw_workbook_are_M; paper_model_used_log10_and_1e-5_M_floor_for_unmentioned_anions,,,Collection scope and source title/designation support an Fe-based stainless material; exact grade chemistry can contain unrecorded elements.,collection_scope_plus_source_title_or_designation,https://doi.org/10.5006/0010-9312-31.11.394,https://doi.org/10.1016/j.electacta.2024.145355,high,usable_Fe_based,Keep for the comparative benchmark; preserve source grouping and apply the chosen missing-value policy consistently.
1975Lizlovs,13,10,"E. A. Lizlovs, A. P. Bond, J. Electrochem. Soc. 122 (1975): p. 719",10.1149/1.2134307,Anodic Polarization Behavior of High‐Purity 13 and 18% Cr Stainless Steels,,Fe-based stainless steel,yes,Fe_expected,approximate_only_100_minus_recorded_wt_pct,0,77.8623,86.233,wt_pct,certificate_or_standard_at_collection_level; measured_vs_nominal_unresolved_per_source_unless_noted,missing_or_unreported; not_verified_zero,consistent_source_schema_with_blanks,,Si;P;S;Ti;V;Mn;Nb,0,0,10,1,multiple_compositions_single_condition,10,10,0,0,E_pit_column_is_Ebr_mV_vs_AgAgCl_3M_KCl; may_be_pitting_or_competing_breakdown,1=actual_pitting; 0=competing_non-pitting_breakdown_right-censored,concentrations_in_raw_workbook_are_M; paper_model_used_log10_and_1e-5_M_floor_for_unmentioned_anions,,,Collection scope and source title/designation support an Fe-based stainless material; exact grade chemistry can contain unrecorded elements.,collection_scope_plus_source_title_or_designation,https://doi.org/10.1149/1.2134307,https://doi.org/10.1016/j.electacta.2024.145355,high,usable_Fe_based,Keep for the comparative benchmark; preserve source grouping and apply the chosen missing-value policy consistently.
1975Lizlovs2,14,33,"E. A. Lizlovs, A. P. Bond, J. Electrochem. Soc. 122 (1975): p. 719",10.1149/1.2134307,Anodic Polarization Behavior of High‐Purity 13 and 18% Cr Stainless Steels,ferritic,Fe-based stainless steel,yes,Fe_expected,approximate_only_100_minus_recorded_wt_pct,0,77.8623,86.233,wt_pct,certificate_or_standard_at_collection_level; measured_vs_nominal_unresolved_per_source_unless_noted,missing_or_unreported; not_verified_zero,consistent_source_schema_with_blanks,,Si;P;S;Ti;V;Mn;Ni;Nb,0,0,10,1,multiple_compositions_single_condition,33,33,0,0,E_pit_column_is_Ebr_mV_vs_AgAgCl_3M_KCl; may_be_pitting_or_competing_breakdown,1=actual_pitting; 0=competing_non-pitting_breakdown_right-censored,concentrations_in_raw_workbook_are_M; paper_model_used_log10_and_1e-5_M_floor_for_unmentioned_anions,,,Collection scope and source title/designation support an Fe-based stainless material; exact grade chemistry can contain unrecorded elements.,collection_scope_plus_source_title_or_designation,https://doi.org/10.1149/1.2134307,https://doi.org/10.1016/j.electacta.2024.145355,high,usable_Fe_based,Keep for the comparative benchmark; preserve source grouping and apply the chosen missing-value policy consistently.
1975Lunarska,15,12,"E. Lunarska, Z. Szklarska-Smialowska, M. Jamk Czachor, Corrosion 31 (1975): p. 231",10.5006/0010-9312-31.7.231,Susceptibility of Cr-Ni-Mn Stainless Steels to Pitting in Chloride Solutions,18Cr-5Ni-0.03Mn,Fe-based stainless steel,yes,Fe_expected,approximate_only_100_minus_recorded_wt_pct,0,61.2245,76.9085,wt_pct,certificate_or_standard_at_collection_level; measured_vs_nominal_unresolved_per_source_unless_noted,missing_or_unreported; not_verified_zero,consistent_source_schema_with_blanks,,Ti;V;Nb,0,0,6,2,multiple_compositions_and_conditions,12,12,0,0,E_pit_column_is_Ebr_mV_vs_AgAgCl_3M_KCl; may_be_pitting_or_competing_breakdown,1=actual_pitting; 0=competing_non-pitting_breakdown_right-censored,concentrations_in_raw_workbook_are_M; paper_model_used_log10_and_1e-5_M_floor_for_unmentioned_anions,,,Collection scope and source title/designation support an Fe-based stainless material; exact grade chemistry can contain unrecorded elements.,collection_scope_plus_source_title_or_designation,https://doi.org/10.5006/0010-9312-31.7.231,https://doi.org/10.1016/j.electacta.2024.145355,high,usable_Fe_based,Keep for the comparative benchmark; preserve source grouping and apply the chosen missing-value policy consistently.
1977Sugimoto,16,18,"K. Sugimoto, Y. Sawada, Corrosion Science 17 (1977): p. 425-445",10.1016/0010-938x(77)90032-4,The role of molybdenum additions to austenitic stainless steels in the inhibition of pitting in acid chloride solutions,,Fe-Cr and Fe-Cr-Ni-Mo experimental model alloys,yes_model_alloys,Fe_nominal_balance,approximate_only; Cr is largest in 60Cr and 70Cr rows,2,30.0,85.0,wt_pct,certificate_or_standard_at_collection_level; measured_vs_nominal_unresolved_per_source_unless_noted,missing_or_unreported; not_verified_zero,mixed_within_source,C;Si;P;S;Mn,N;Ti;V;Nb,0,0,17,1,multiple_compositions_single_condition,18,18,0,0,E_pit_column_is_Ebr_mV_vs_AgAgCl_3M_KCl; may_be_pitting_or_competing_breakdown,1=actual_pitting; 0=competing_non-pitting_breakdown_right-censored,concentrations_in_raw_workbook_are_M; paper_model_used_log10_and_1e-5_M_floor_for_unmentioned_anions,composition_reporting_varies_within_source,,"Fe is the nominal balance, but it is not the principal element in the 60 and 70 wt% Cr model alloys.",source_title_and_workbook_compositions,https://doi.org/10.1016/0010-938x(77)90032-4,https://doi.org/10.1016/j.electacta.2024.145355,high,usable_Fe_based,Keep for the comparative benchmark; preserve source grouping and apply the chosen missing-value policy consistently.
1977Truman,17,19,"J. E. Truman, M. J. Coleman, K. R. Pirt, British corrosion journal 12 (1977): p. 236-238",10.1179/000705977798318973,Note on the Influence of Nitrogen Content on the Resistance to Pitting Corrosion of Stainless Steels,,Fe-based stainless steel,yes,Fe_expected,approximate_only_100_minus_recorded_wt_pct,0,49.662,58.389,wt_pct,certificate_or_standard_at_collection_level; measured_vs_nominal_unresolved_per_source_unless_noted,missing_or_unreported; not_verified_zero,consistent_source_schema_with_blanks,,Ti;V;Nb,0,0,19,1,multiple_compositions_single_condition,19,19,0,0,E_pit_column_is_Ebr_mV_vs_AgAgCl_3M_KCl; may_be_pitting_or_competing_breakdown,1=actual_pitting; 0=competing_non-pitting_breakdown_right-censored,concentrations_in_raw_workbook_are_M; paper_model_used_log10_and_1e-5_M_floor_for_unmentioned_anions,,,Collection scope and source title/designation support an Fe-based stainless material; exact grade chemistry can contain unrecorded elements.,collection_scope_plus_source_title_or_designation,https://doi.org/10.1179/000705977798318973,https://doi.org/10.1016/j.electacta.2024.145355,high,usable_Fe_based,Keep for the comparative benchmark; preserve source grouping and apply the chosen missing-value policy consistently.
1979Richardson,18,2,"W. H. Richardson, P. Guha, British Corrosion Journal (1979): p. 167-171",10.1179/bcj.1979.14.3.167,Improved Ferritic–Austenitic Stainless Steel,cast alloy.  76 mm thick section. Ferritic-Austenitic Stainless Steel,Fe-based stainless steel,yes,Fe_expected,approximate_only_100_minus_recorded_wt_pct,0,66.948,67.215,wt_pct,certificate_or_standard_at_collection_level; measured_vs_nominal_unresolved_per_source_unless_noted,missing_or_unreported; not_verified_zero,consistent_source_schema_with_blanks,,Si;P;S;Ti;V;Mn;Nb,0,0,2,1,multiple_compositions_single_condition,2,2,0,0,E_pit_column_is_Ebr_mV_vs_AgAgCl_3M_KCl; may_be_pitting_or_competing_breakdown,1=actual_pitting; 0=competing_non-pitting_breakdown_right-censored,concentrations_in_raw_workbook_are_M; paper_model_used_log10_and_1e-5_M_floor_for_unmentioned_anions,,,Collection scope and source title/designation support an Fe-based stainless material; exact grade chemistry can contain unrecorded elements.,collection_scope_plus_source_title_or_designation,https://doi.org/10.1179/bcj.1979.14.3.167,https://doi.org/10.1016/j.electacta.2024.145355,high,usable_Fe_based,Keep for the comparative benchmark; preserve source grouping and apply the chosen missing-value policy consistently.
1980Manning,19,27,"Manning, P. E., Duquette, D. J. & Savage, W. F., Corrosion 36 (1980): p.  246-251",10.5006/0010-9312-36.5.246,A STEM Examination of the Localized Corrosion Behavior of a Duplex Stainless Steel,1.4301,Fe-based stainless steel,yes,Fe_expected,approximate_only_100_minus_recorded_wt_pct,0,69.137,69.137,wt_pct,certificate_or_standard_at_collection_level; measured_vs_nominal_unresolved_per_source_unless_noted,missing_or_unreported; not_verified_zero,consistent_source_schema_with_blanks,,Ti;V;Nb,0,0,1,12,single_composition_multiple_conditions,27,27,0,0,E_pit_column_is_Ebr_mV_vs_AgAgCl_3M_KCl; may_be_pitting_or_competing_breakdown,1=actual_pitting; 0=competing_non-pitting_breakdown_right-censored,concentrations_in_raw_workbook_are_M; paper_model_used_log10_and_1e-5_M_floor_for_unmentioned_anions,,,Collection scope and source title/designation support an Fe-based stainless material; exact grade chemistry can contain unrecorded elements.,collection_scope_plus_source_title_or_designation,https://doi.org/10.5006/0010-9312-36.5.246,https://doi.org/10.1016/j.electacta.2024.145355,high,usable_Fe_based,Keep for the comparative benchmark; preserve source grouping and apply the chosen missing-value policy consistently.
1982Roy,20,16,"Roy, D. & Basu, S., Proc. Indian Nat. Sci. Acad. 48 (1982): p. 400-415",,,1.4301,Fe-based stainless steel,yes,Fe_expected,approximate_only_100_minus_recorded_wt_pct,0,74.0,74.0,wt_pct,certificate_or_standard_at_collection_level; measured_vs_nominal_unresolved_per_source_unless_noted,missing_or_unreported; not_verified_zero,consistent_source_schema_with_blanks,,C;N;Si;P;S;Ti;V;Mn;Nb;Mo,0,0,1,16,single_composition_multiple_conditions,16,16,0,0,E_pit_column_is_Ebr_mV_vs_AgAgCl_3M_KCl; may_be_pitting_or_competing_breakdown,1=actual_pitting; 0=competing_non-pitting_breakdown_right-censored,concentrations_in_raw_workbook_are_M; paper_model_used_log10_and_1e-5_M_floor_for_unmentioned_anions,,,Collection scope and source title/designation support an Fe-based stainless material; exact grade chemistry can contain unrecorded elements.,collection_scope_plus_source_title_or_designation,,https://doi.org/10.1016/j.electacta.2024.145355,high,usable_Fe_based,Keep for the comparative benchmark; preserve source grouping and apply the chosen missing-value policy consistently.
1983Bandy,21,30,"R. Bandy, D. van Rooyen, Corrosion 39 (1983): p. 227",10.5006/1.3580841,Pitting-Resistant Alloys in Highly Concentrated Chloride Media,,Fe-based high-alloy experimental stainless steels,yes_model_alloys,Fe_nominal_balance,approximate_only; Fe need not be the largest component,1,25.584,70.124,wt_pct,certificate_or_standard_at_collection_level; measured_vs_nominal_unresolved_per_source_unless_noted,missing_or_unreported; not_verified_zero,consistent_source_schema_with_blanks,,P;S;Ti;V;Nb,0,0,25,3,multiple_compositions_and_conditions,30,30,0,0,E_pit_column_is_Ebr_mV_vs_AgAgCl_3M_KCl; may_be_pitting_or_competing_breakdown,1=actual_pitting; 0=competing_non-pitting_breakdown_right-censored,concentrations_in_raw_workbook_are_M; paper_model_used_log10_and_1e-5_M_floor_for_unmentioned_anions,,,Designed Cr-Ni-Mn-Mo-N alloys include rows whose approximate Fe remainder is similar to or below Ni.,source_title_and_workbook_compositions,https://doi.org/10.5006/1.3580841,https://doi.org/10.1016/j.electacta.2024.145355,high,usable_Fe_based,Keep for the comparative benchmark; preserve source grouping and apply the chosen missing-value policy consistently.
1983Barbosa,22,12,"Barbosa, M., Corrosion Science 23 (1983): p. 1293–1305",10.1016/0010-938x(83)90079-3,The pitting resistance of AISI 316 stainless steel passivated in diluted nitric acid,AISI 316,Fe-based stainless steel,yes,Fe_expected,approximate_only_100_minus_recorded_wt_pct,0,67.309,67.309,wt_pct,certificate_or_standard_at_collection_level; measured_vs_nominal_unresolved_per_source_unless_noted,missing_or_unreported; not_verified_zero,consistent_source_schema_with_blanks,,N;Ti;V;Nb,0,0,1,3,single_composition_multiple_conditions,12,12,0,0,E_pit_column_is_Ebr_mV_vs_AgAgCl_3M_KCl; may_be_pitting_or_competing_breakdown,1=actual_pitting; 0=competing_non-pitting_breakdown_right-censored,concentrations_in_raw_workbook_are_M; paper_model_used_log10_and_1e-5_M_floor_for_unmentioned_anions,,,Collection scope and source title/designation support an Fe-based stainless material; exact grade chemistry can contain unrecorded elements.,collection_scope_plus_source_title_or_designation,https://doi.org/10.1016/0010-938x(83)90079-3,https://doi.org/10.1016/j.electacta.2024.145355,high,usable_Fe_based,Keep for the comparative benchmark; preserve source grouping and apply the chosen missing-value policy consistently.
1983Bui,23,17,"N. Bui et al., Corrosion 39 (1983): p. 491-496",10.5006/1.3577373,On the Mechanism for Improved Passivation by Additions of Tungsten to Austenitic Stainless Steels,,Fe-based stainless steel,yes,Fe_expected,approximate_only_100_minus_recorded_wt_pct,0,68.534,69.044,wt_pct,certificate_or_standard_at_collection_level; measured_vs_nominal_unresolved_per_source_unless_noted,missing_or_unreported; not_verified_zero,consistent_source_schema_with_blanks,,N;P;S;Ti;V;Nb,0,0,5,5,multiple_compositions_and_conditions,17,17,0,0,E_pit_column_is_Ebr_mV_vs_AgAgCl_3M_KCl; may_be_pitting_or_competing_breakdown,1=actual_pitting; 0=competing_non-pitting_breakdown_right-censored,concentrations_in_raw_workbook_are_M; paper_model_used_log10_and_1e-5_M_floor_for_unmentioned_anions,W_alloying_variable_has_no_workbook_column,Composition-only rows omit the studied W variation; recover W or flag the source.,Collection scope and source title/designation support an Fe-based stainless material; exact grade chemistry can contain unrecorded elements.,collection_scope_plus_source_title_or_designation,https://doi.org/10.5006/1.3577373,https://doi.org/10.1016/j.electacta.2024.145355,high,usable_with_composition_caveat,Composition-only rows omit the studied W variation; recover W or flag the source.
1983Clark,24,8,"C.A. Clark, P. Guha, Werkstoffe und Korrosion, 34 (1983)",10.1002/maco.19830340105,"Improvements in corrosion resistance, mechanical properties, and weldability of duplex austenitic/ferritic steels",Cast 20-type;Ferralium alloy 255;Ferralium alloy 288,Fe-based stainless steel,yes,Fe_expected,approximate_only_100_minus_recorded_wt_pct,0,45.87,65.82,wt_pct,certificate_or_standard_at_collection_level; measured_vs_nominal_unresolved_per_source_unless_noted,missing_or_unreported; not_verified_zero,consistent_source_schema_with_blanks,,Si;P;S;Ti;V;Mn;Nb,0,0,3,5,multiple_compositions_and_conditions,8,8,0,0,E_pit_column_is_Ebr_mV_vs_AgAgCl_3M_KCl; may_be_pitting_or_competing_breakdown,1=actual_pitting; 0=competing_non-pitting_breakdown_right-censored,concentrations_in_raw_workbook_are_M; paper_model_used_log10_and_1e-5_M_floor_for_unmentioned_anions,,,Collection scope and source title/designation support an Fe-based stainless material; exact grade chemistry can contain unrecorded elements.,collection_scope_plus_source_title_or_designation,https://doi.org/10.1002/maco.19830340105,https://doi.org/10.1016/j.electacta.2024.145355,high,usable_Fe_based,Keep for the comparative benchmark; preserve source grouping and apply the chosen missing-value policy consistently.
1983Shibata,25,242,"Shibata, T., Transactions Iron Steel Inst. Jpn. 23 (1983): p. 785–788",10.2355/isijinternational1966.23.785,Stochastic approach to the effect of alloying elements on the pitting resistance of ferritic stainless steels.,17Cr;17Cr-Mo;17Cr-Ti;18Cr;18Cr-Mo;18Cr-Nb,Fe-based stainless steel,yes,Fe_expected,approximate_only_100_minus_recorded_wt_pct,0,79.213,82.457,wt_pct,certificate_or_standard_at_collection_level; measured_vs_nominal_unresolved_per_source_unless_noted,missing_or_unreported; not_verified_zero,mixed_within_source,Ti;Nb;Mo,N;V;Ni,0,0,6,6,multiple_compositions_and_conditions,241,242,0,0,E_pit_column_is_Ebr_mV_vs_AgAgCl_3M_KCl; may_be_pitting_or_competing_breakdown,1=actual_pitting; 0=competing_non-pitting_breakdown_right-censored,concentrations_in_raw_workbook_are_M; paper_model_used_log10_and_1e-5_M_floor_for_unmentioned_anions,composition_reporting_varies_within_source,,Collection scope and source title/designation support an Fe-based stainless material; exact grade chemistry can contain unrecorded elements.,collection_scope_plus_source_title_or_designation,https://doi.org/10.2355/isijinternational1966.23.785,https://doi.org/10.1016/j.electacta.2024.145355,high,usable_Fe_based,Keep for the comparative benchmark; preserve source grouping and apply the chosen missing-value policy consistently.
1985Goetz,26,4,"R. Goetz, J. Laurent, D. Landolt, Corrosion science 25 (1985): p. 1115-1126",10.1016/0010-938x(85)90057-5,The influence of minor alloying elements on the passivation behaviour of iron-chromium alloys in HCl,,Fe-based stainless steel,yes,Fe_expected,approximate_only_100_minus_recorded_wt_pct,0,76.785,86.065,wt_pct,certificate_or_standard_at_collection_level; measured_vs_nominal_unresolved_per_source_unless_noted,missing_or_unreported; not_verified_zero,consistent_source_schema_with_blanks,,N;P;Ti;V;Nb,0,0,4,1,multiple_compositions_single_condition,4,4,0,0,E_pit_column_is_Ebr_mV_vs_AgAgCl_3M_KCl; may_be_pitting_or_competing_breakdown,1=actual_pitting; 0=competing_non-pitting_breakdown_right-censored,concentrations_in_raw_workbook_are_M; paper_model_used_log10_and_1e-5_M_floor_for_unmentioned_anions,,,Collection scope and source title/designation support an Fe-based stainless material; exact grade chemistry can contain unrecorded elements.,collection_scope_plus_source_title_or_designation,https://doi.org/10.1016/0010-938x(85)90057-5,https://doi.org/10.1016/j.electacta.2024.145355,high,usable_Fe_based,Keep for the comparative benchmark; preserve source grouping and apply the chosen missing-value policy consistently.
1985Newman,27,2,"R. C. Newman, Corrosion Science 25 (1985): p. 341-350",10.1016/0010-938x(85)90112-x,The dissolution and passivation kinetics of stainless alloys containing molybdenum—II. Dissolution kinetics in artificial pits,,Fe-based stainless steel,yes,Fe_expected,approximate_only_100_minus_recorded_wt_pct,0,69.695,70.995,wt_pct,certificate_or_standard_at_collection_level; measured_vs_nominal_unresolved_per_source_unless_noted,missing_or_unreported; not_verified_zero,consistent_source_schema_with_blanks,,C;N;Si;P;Ti;V;Mn;Nb,0,0,2,1,multiple_compositions_single_condition,2,2,0,0,E_pit_column_is_Ebr_mV_vs_AgAgCl_3M_KCl; may_be_pitting_or_competing_breakdown,1=actual_pitting; 0=competing_non-pitting_breakdown_right-censored,concentrations_in_raw_workbook_are_M; paper_model_used_log10_and_1e-5_M_floor_for_unmentioned_anions,,,Collection scope and source title/designation support an Fe-based stainless material; exact grade chemistry can contain unrecorded elements.,collection_scope_plus_source_title_or_designation,https://doi.org/10.1016/0010-938x(85)90112-x,https://doi.org/10.1016/j.electacta.2024.145355,high,usable_Fe_based,Keep for the comparative benchmark; preserve source grouping and apply the chosen missing-value policy consistently.
1986Dawson,28,6,"Dawson, J. & Ferreira, M., Corrosion Science 26 (1986): p. 1009–1026",10.1016/0010-938x(86)90130-7,Electrochemical studies of the pitting of austenitic stainless steel,AISI 316,Fe-based stainless steel,yes,Fe_expected,approximate_only_100_minus_recorded_wt_pct,0,65.954,65.954,wt_pct,certificate_or_standard_at_collection_level; measured_vs_nominal_unresolved_per_source_unless_noted,missing_or_unreported; not_verified_zero,consistent_source_schema_with_blanks,,N;Ti;V;Nb,0,0,1,1,repeated_measurements_single_composition_condition,6,6,0,0,E_pit_column_is_Ebr_mV_vs_AgAgCl_3M_KCl; may_be_pitting_or_competing_breakdown,1=actual_pitting; 0=competing_non-pitting_breakdown_right-censored,concentrations_in_raw_workbook_are_M; paper_model_used_log10_and_1e-5_M_floor_for_unmentioned_anions,,,Collection scope and source title/designation support an Fe-based stainless material; exact grade chemistry can contain unrecorded elements.,collection_scope_plus_source_title_or_designation,https://doi.org/10.1016/0010-938x(86)90130-7,https://doi.org/10.1016/j.electacta.2024.145355,high,usable_Fe_based,Keep for the comparative benchmark; preserve source grouping and apply the chosen missing-value policy consistently.
1986Jargelius,29,8,"R. F. A. Jargelius, T. Wallin, 10th Scandinavian Corrosion Congress, Stockholm (1986): p. 161",,,,Fe-based high-N austenitic experimental stainless steels,yes_model_alloys,Fe,approximate_only,0,48.374,53.164,wt_pct,certificate_or_standard_at_collection_level; measured_vs_nominal_unresolved_per_source_unless_noted,missing_or_unreported; not_verified_zero,consistent_source_schema_with_blanks,,Ti;V;Nb,0,0,8,2,multiple_compositions_and_conditions,8,8,0,0,E_pit_column_is_Ebr_mV_vs_AgAgCl_3M_KCl; may_be_pitting_or_competing_breakdown,1=actual_pitting; 0=competing_non-pitting_breakdown_right-censored,concentrations_in_raw_workbook_are_M; paper_model_used_log10_and_1e-5_M_floor_for_unmentioned_anions,,,Later literature cites this conference work as nitrogen-alloying research on austenitic stainless steels; workbook compositions leave approximately 48-53 wt% Fe balance.,secondary_bibliographic_identification_and_workbook_compositions,,https://doi.org/10.1016/j.electacta.2024.145355,medium,usable_Fe_based,Keep for the comparative benchmark; preserve source grouping and apply the chosen missing-value policy consistently.
1986Wilde,30,19,"B. E. Wilde, Corrosion 42 (1986): p. 147-151",10.5006/1.3584894,The Influence of Silicon on the Pitting Corrosion Resistance of an 18Cr-8Ni Stainless Steel,,Fe-based stainless steel,yes,Fe_expected,approximate_only_100_minus_recorded_wt_pct,0,49.662,58.389,wt_pct,certificate_or_standard_at_collection_level; measured_vs_nominal_unresolved_per_source_unless_noted,missing_or_unreported; not_verified_zero,consistent_source_schema_with_blanks,,Ti;V;Nb,0,0,19,1,multiple_compositions_single_condition,19,19,0,0,E_pit_column_is_Ebr_mV_vs_AgAgCl_3M_KCl; may_be_pitting_or_competing_breakdown,1=actual_pitting; 0=competing_non-pitting_breakdown_right-censored,concentrations_in_raw_workbook_are_M; paper_model_used_log10_and_1e-5_M_floor_for_unmentioned_anions,,,Collection scope and source title/designation support an Fe-based stainless material; exact grade chemistry can contain unrecorded elements.,collection_scope_plus_source_title_or_designation,https://doi.org/10.5006/1.3584894,https://doi.org/10.1016/j.electacta.2024.145355,high,usable_Fe_based,Keep for the comparative benchmark; preserve source grouping and apply the chosen missing-value policy consistently.
1988Baroux,31,21,"Baroux, B., Corrosion Science 28 (1988): p. 969–986",10.1016/0010-938x(88)90015-7,The kinetics of pit generation on stainless steels,AISI 304,Fe-based stainless steel,yes,Fe_expected,approximate_only_100_minus_recorded_wt_pct,0,70.643,71.378,wt_pct,certificate_or_standard_at_collection_level; measured_vs_nominal_unresolved_per_source_unless_noted,missing_or_unreported; not_verified_zero,consistent_source_schema_with_blanks,,N;P;Ti;V;Nb;Mo,0,0,2,16,multiple_compositions_and_conditions,21,21,0,0,E_pit_column_is_Ebr_mV_vs_AgAgCl_3M_KCl; may_be_pitting_or_competing_breakdown,1=actual_pitting; 0=competing_non-pitting_breakdown_right-censored,concentrations_in_raw_workbook_are_M; paper_model_used_log10_and_1e-5_M_floor_for_unmentioned_anions,,,Collection scope and source title/designation support an Fe-based stainless material; exact grade chemistry can contain unrecorded elements.,collection_scope_plus_source_title_or_designation,https://doi.org/10.1016/0010-938x(88)90015-7,https://doi.org/10.1016/j.electacta.2024.145355,high,usable_Fe_based,Keep for the comparative benchmark; preserve source grouping and apply the chosen missing-value policy consistently.
1988Qvarfort,32,31,"Qvarfort, R., Corrosion Science 28 (1988): p. 135–140",10.1016/0010-938x(88)90090-x,New electrochemical cell for pitting corrosion testing,AISI 304;AISI 316;Monit,Fe-based stainless steel,yes,Fe_expected,approximate_only_100_minus_recorded_wt_pct,0,67.0,74.0,wt_pct,certificate_or_standard_at_collection_level; measured_vs_nominal_unresolved_per_source_unless_noted,missing_or_unreported; not_verified_zero,mixed_within_source,Mo,C;N;Si;P;S;Ti;V;Mn;Nb,0,0,3,3,multiple_compositions_and_conditions,31,31,0,0,E_pit_column_is_Ebr_mV_vs_AgAgCl_3M_KCl; may_be_pitting_or_competing_breakdown,1=actual_pitting; 0=competing_non-pitting_breakdown_right-censored,concentrations_in_raw_workbook_are_M; paper_model_used_log10_and_1e-5_M_floor_for_unmentioned_anions,composition_reporting_varies_within_source,,Collection scope and source title/designation support an Fe-based stainless material; exact grade chemistry can contain unrecorded elements.,collection_scope_plus_source_title_or_designation,https://doi.org/10.1016/0010-938x(88)90090-x,https://doi.org/10.1016/j.electacta.2024.145355,high,usable_Fe_based,Keep for the comparative benchmark; preserve source grouping and apply the chosen missing-value policy consistently.
1988Roberge,33,6,"R. Roberge, Corrosion 44 (1988): p. 274",10.5006/1.3583937,Effect of the Nickel Content in the Pitting of Stainless Steels in Low Chloride and Thiosulfate Solutions,,"mixed AISI 304, Fe-Ni-Cr Alloy 800, and Ni-based Alloy 600",mixed,row_specific_Fe_or_Ni,split_by_composition_before_balance_reconstruction,2,10.029,72.279,wt_pct,certificate_or_standard_at_collection_level; measured_vs_nominal_unresolved_per_source_unless_noted,missing_or_unreported; not_verified_zero,mixed_within_source,P;Mo,N;Ti;V;Nb,0,0,3,2,multiple_compositions_and_conditions,6,6,0,0,E_pit_column_is_Ebr_mV_vs_AgAgCl_3M_KCl; may_be_pitting_or_competing_breakdown,1=actual_pitting; 0=competing_non-pitting_breakdown_right-censored,concentrations_in_raw_workbook_are_M; paper_model_used_log10_and_1e-5_M_floor_for_unmentioned_anions,mixed_base_alloys;composition_reporting_varies_within_source,"Split AISI 304, Alloy 800 and Alloy 600 rows before any balance calculation.","The six rows are two measurements each for 304, Alloy 800 and Alloy 600.",source_abstract_and_workbook_compositions,https://doi.org/10.5006/1.3583937,https://doi.org/10.1016/j.electacta.2024.145355,high,split_or_filter_material_families,"Split AISI 304, Alloy 800 and Alloy 600 rows before any balance calculation."
1988Tanno,34,21,"Tanno, K. & Yashiro, H., Boshoku gijutsu 37 (1988): p. 81–87",10.3323/jcorr1974.37.2_81,Pitting Corrosion of SUS 304 Stainless Steel in High-Temperature Chloride Solution,AISI 304,Fe-based stainless steel,yes,Fe_expected,approximate_only_100_minus_recorded_wt_pct,0,72.123,72.123,wt_pct,certificate_or_standard_at_collection_level; measured_vs_nominal_unresolved_per_source_unless_noted,missing_or_unreported; not_verified_zero,consistent_source_schema_with_blanks,,N;Ti;V;Nb,0,0,1,17,single_composition_multiple_conditions,21,21,0,0,E_pit_column_is_Ebr_mV_vs_AgAgCl_3M_KCl; may_be_pitting_or_competing_breakdown,1=actual_pitting; 0=competing_non-pitting_breakdown_right-censored,concentrations_in_raw_workbook_are_M; paper_model_used_log10_and_1e-5_M_floor_for_unmentioned_anions,,,Collection scope and source title/designation support an Fe-based stainless material; exact grade chemistry can contain unrecorded elements.,collection_scope_plus_source_title_or_designation,https://doi.org/10.3323/jcorr1974.37.2_81,https://doi.org/10.1016/j.electacta.2024.145355,high,usable_Fe_based,Keep for the comparative benchmark; preserve source grouping and apply the chosen missing-value policy consistently.
1988Tsuge,35,17,"H. Tsuge , Y. Tarutani, T. Kudo , Corrosion 44 (1988): p. 305",10.5006/1.3583942,The Effect of Nitrogen on the Localized Corrosion Resistance of Duplex Stainless Steel Simulated Weldments,,Fe-based stainless steel,yes,Fe_expected,approximate_only_100_minus_recorded_wt_pct,0,66.839,67.24,wt_pct,certificate_or_standard_at_collection_level; measured_vs_nominal_unresolved_per_source_unless_noted,missing_or_unreported; not_verified_zero,consistent_source_schema_with_blanks,,Ti;V;Nb,0,0,6,1,multiple_compositions_single_condition,17,17,0,0,E_pit_column_is_Ebr_mV_vs_AgAgCl_3M_KCl; may_be_pitting_or_competing_breakdown,1=actual_pitting; 0=competing_non-pitting_breakdown_right-censored,concentrations_in_raw_workbook_are_M; paper_model_used_log10_and_1e-5_M_floor_for_unmentioned_anions,,,Collection scope and source title/designation support an Fe-based stainless material; exact grade chemistry can contain unrecorded elements.,collection_scope_plus_source_title_or_designation,https://doi.org/10.5006/1.3583942,https://doi.org/10.1016/j.electacta.2024.145355,high,usable_Fe_based,Keep for the comparative benchmark; preserve source grouping and apply the chosen missing-value policy consistently.
1989Lu,36,2,"Lu, Y. C., C. R. Clayton, A. R. Brooks, Corrosion science 29 (1989): p. 863-880",10.1016/0010-938x(89)90058-9,A bipolar model of the passivity of stainless steels—II. The influence of aqueous molybdate,,Fe-based stainless steel,yes,Fe_expected,approximate_only_100_minus_recorded_wt_pct,0,71.723,71.723,wt_pct,certificate_or_standard_at_collection_level; measured_vs_nominal_unresolved_per_source_unless_noted,missing_or_unreported; not_verified_zero,consistent_source_schema_with_blanks,,Si;P;Ti;V;Mn;Nb,0,0,1,2,single_composition_multiple_conditions,2,2,0,0,E_pit_column_is_Ebr_mV_vs_AgAgCl_3M_KCl; may_be_pitting_or_competing_breakdown,1=actual_pitting; 0=competing_non-pitting_breakdown_right-censored,concentrations_in_raw_workbook_are_M; paper_model_used_log10_and_1e-5_M_floor_for_unmentioned_anions,,,Collection scope and source title/designation support an Fe-based stainless material; exact grade chemistry can contain unrecorded elements.,collection_scope_plus_source_title_or_designation,https://doi.org/10.1016/0010-938x(89)90058-9,https://doi.org/10.1016/j.electacta.2024.145355,high,usable_Fe_based,Keep for the comparative benchmark; preserve source grouping and apply the chosen missing-value policy consistently.
1989Pawel,37,6,"S. J. Pawel, E. E. Stansbury, C. D. Lundin, Corrosion 45 (1989): p. 125",10.5006/1.3577829,Role of Nitrogen in the Pitting Resistance of Cast Duplex CF-Type Stainless Steels,AISI 304SS,Fe-based stainless steel,yes,Fe_expected,approximate_only_100_minus_recorded_wt_pct,0,65.885,70.572,wt_pct,certificate_or_standard_at_collection_level; measured_vs_nominal_unresolved_per_source_unless_noted,missing_or_unreported; not_verified_zero,mixed_within_source,P;S;Mo,Ti;V;Nb,0,0,6,1,multiple_compositions_single_condition,6,6,0,0,E_pit_column_is_Ebr_mV_vs_AgAgCl_3M_KCl; may_be_pitting_or_competing_breakdown,1=actual_pitting; 0=competing_non-pitting_breakdown_right-censored,concentrations_in_raw_workbook_are_M; paper_model_used_log10_and_1e-5_M_floor_for_unmentioned_anions,composition_reporting_varies_within_source,,Collection scope and source title/designation support an Fe-based stainless material; exact grade chemistry can contain unrecorded elements.,collection_scope_plus_source_title_or_designation,https://doi.org/10.5006/1.3577829,https://doi.org/10.1016/j.electacta.2024.145355,high,usable_Fe_based,Keep for the comparative benchmark; preserve source grouping and apply the chosen missing-value policy consistently.
1990Guo,38,8,"R. Guo, M. B. Ives, Corrosion 46 (1990): p. 125",10.5006/1.3585076,Pitting Susceptibility of Stainless Steels in Bromide Solutions at Elevated Temperatures,UNS N08904;UNS S30100;UNS S31254;UNS S31600,Fe-based stainless steel,yes,Fe_expected,approximate_only_100_minus_recorded_wt_pct,0,50.475,74.355,wt_pct,certificate_or_standard_at_collection_level; measured_vs_nominal_unresolved_per_source_unless_noted,missing_or_unreported; not_verified_zero,consistent_source_schema_with_blanks,,Si;P;S;Ti;V;Mn;Nb,0,0,4,2,multiple_compositions_and_conditions,8,8,0,0,E_pit_column_is_Ebr_mV_vs_AgAgCl_3M_KCl; may_be_pitting_or_competing_breakdown,1=actual_pitting; 0=competing_non-pitting_breakdown_right-censored,concentrations_in_raw_workbook_are_M; paper_model_used_log10_and_1e-5_M_floor_for_unmentioned_anions,,,Collection scope and source title/designation support an Fe-based stainless material; exact grade chemistry can contain unrecorded elements.,collection_scope_plus_source_title_or_designation,https://doi.org/10.5006/1.3585076,https://doi.org/10.1016/j.electacta.2024.145355,high,usable_Fe_based,Keep for the comparative benchmark; preserve source grouping and apply the chosen missing-value policy consistently.
1990Ives,39,2,"M. B. Ives et al., Corrosion science 31 (1990): p. 367-376",10.1016/0010-938x(90)90133-p,Corrosion behaviour of molybdenum-implanted stainless steel,,Fe-based stainless steel,yes,Fe_expected,approximate_only_100_minus_recorded_wt_pct,0,72.96,72.96,wt_pct,certificate_or_standard_at_collection_level; measured_vs_nominal_unresolved_per_source_unless_noted,missing_or_unreported; not_verified_zero,consistent_source_schema_with_blanks,,Ti;V;Nb,0,0,1,1,repeated_measurements_single_composition_condition,2,2,0,0,E_pit_column_is_Ebr_mV_vs_AgAgCl_3M_KCl; may_be_pitting_or_competing_breakdown,1=actual_pitting; 0=competing_non-pitting_breakdown_right-censored,concentrations_in_raw_workbook_are_M; paper_model_used_log10_and_1e-5_M_floor_for_unmentioned_anions,Mo_implantation_not_equivalent_to_bulk_Mo_column,Retain source/treatment identity; do not interpret bulk Mo alone as implanted dose.,Collection scope and source title/designation support an Fe-based stainless material; exact grade chemistry can contain unrecorded elements.,collection_scope_plus_source_title_or_designation,https://doi.org/10.1016/0010-938x(90)90133-p,https://doi.org/10.1016/j.electacta.2024.145355,high,usable_with_composition_caveat,Retain source/treatment identity; do not interpret bulk Mo alone as implanted dose.
1990Landolt,40,2,"D. Landolt et al., Corrosion science 31 (1990): p. 431-440",10.1016/0010-938x(90)90142-r,"Chloride ion effects on passive films on FeCr and FeCrMo studied by AES, XPS and SIMS",,Fe-based stainless steel,yes,Fe_expected,approximate_only_100_minus_recorded_wt_pct,0,76.0,76.0,wt_pct,certificate_or_standard_at_collection_level; measured_vs_nominal_unresolved_per_source_unless_noted,missing_or_unreported; not_verified_zero,consistent_source_schema_with_blanks,,C;Si;P;S;Ti;V;Mn;Nb,0,0,1,2,single_composition_multiple_conditions,2,2,0,0,E_pit_column_is_Ebr_mV_vs_AgAgCl_3M_KCl; may_be_pitting_or_competing_breakdown,1=actual_pitting; 0=competing_non-pitting_breakdown_right-censored,concentrations_in_raw_workbook_are_M; paper_model_used_log10_and_1e-5_M_floor_for_unmentioned_anions,,,Collection scope and source title/designation support an Fe-based stainless material; exact grade chemistry can contain unrecorded elements.,collection_scope_plus_source_title_or_designation,https://doi.org/10.1016/0010-938x(90)90142-r,https://doi.org/10.1016/j.electacta.2024.145355,high,usable_Fe_based,Keep for the comparative benchmark; preserve source grouping and apply the chosen missing-value policy consistently.
1990Nishimura,41,2,"Nishimura, R. & Kudo, K., Corrosion Science 31 (1990): p. 479–484",10.1016/0010-938x(90)90149-y,"The effects of passive films formed on iron, nickel and austenitic stainless steels (SUS 304 and SUS 316) on pitting corrosion",SUS304;SUS316,Fe-based stainless steel,yes,Fe_expected,approximate_only_100_minus_recorded_wt_pct,0,69.0,74.0,wt_pct,certificate_or_standard_at_collection_level; measured_vs_nominal_unresolved_per_source_unless_noted,missing_or_unreported; not_verified_zero,mixed_within_source,Mo,C;N;Si;P;S;Ti;V;Mn;Nb,0,0,2,1,multiple_compositions_single_condition,2,2,0,0,E_pit_column_is_Ebr_mV_vs_AgAgCl_3M_KCl; may_be_pitting_or_competing_breakdown,1=actual_pitting; 0=competing_non-pitting_breakdown_right-censored,concentrations_in_raw_workbook_are_M; paper_model_used_log10_and_1e-5_M_floor_for_unmentioned_anions,composition_reporting_varies_within_source,,Collection scope and source title/designation support an Fe-based stainless material; exact grade chemistry can contain unrecorded elements.,collection_scope_plus_source_title_or_designation,https://doi.org/10.1016/0010-938x(90)90149-y,https://doi.org/10.1016/j.electacta.2024.145355,high,usable_Fe_based,Keep for the comparative benchmark; preserve source grouping and apply the chosen missing-value policy consistently.
1991Azuma,42,12,"S. Azuma et al., Proceedings of the International Conference on Stainless Steels, Iron and Steel Institute of Japan, Tokyo (1991) p. 133",,,25% Cr Duplex stainless steel.;28% Cr Duplex;Super-austenitic stainless steel;Super-ferritic stainless steel,Fe-based stainless steel,yes,Fe_expected,approximate_only_100_minus_recorded_wt_pct,0,55.0,64.8,wt_pct,certificate_or_standard_at_collection_level; measured_vs_nominal_unresolved_per_source_unless_noted,missing_or_unreported; not_verified_zero,consistent_source_schema_with_blanks,,C;Si;P;S;Ti;V;Mn;Nb,0,0,4,3,multiple_compositions_and_conditions,12,12,0,0,E_pit_column_is_Ebr_mV_vs_AgAgCl_3M_KCl; may_be_pitting_or_competing_breakdown,1=actual_pitting; 0=competing_non-pitting_breakdown_right-censored,concentrations_in_raw_workbook_are_M; paper_model_used_log10_and_1e-5_M_floor_for_unmentioned_anions,,,Collection scope and source title/designation support an Fe-based stainless material; exact grade chemistry can contain unrecorded elements.,collection_scope_plus_source_title_or_designation,,https://doi.org/10.1016/j.electacta.2024.145355,high,usable_Fe_based,Keep for the comparative benchmark; preserve source grouping and apply the chosen missing-value policy consistently.
1991Cortest,43,40,"Syrett, B., U.S. Dep. Energy Off. Sci., Tech. Inf. (1991)",,,1.4438;317L;G3,mixed Fe-based 1.4438/317L stainless and Ni-based G-3 alloy,mixed,Fe_for_1.4438_and_317L; Ni_for_G3,split_by_alloy_designation,10,15.75,64.5,wt_pct,certificate_or_standard_at_collection_level; measured_vs_nominal_unresolved_per_source_unless_noted,missing_or_unreported; not_verified_zero,consistent_source_schema_with_blanks,,C;N;Si;P;S;Ti;V;Mn;Nb,0,0,3,11,multiple_compositions_and_conditions,40,36,4,0,E_pit_column_is_Ebr_mV_vs_AgAgCl_3M_KCl; may_be_pitting_or_competing_breakdown,1=actual_pitting; 0=competing_non-pitting_breakdown_right-censored,concentrations_in_raw_workbook_are_M; paper_model_used_log10_and_1e-5_M_floor_for_unmentioned_anions,mixed_base_alloys_and_G3_elements_outside_schema,Split G3 from Fe-based grades; do not reconstruct G3 as Fe balance.,G3 rows (22.25Cr-55Ni-7Mo in the workbook) are not Fe-balance stainless steel.,workbook_designations_and_compositions,,https://doi.org/10.1016/j.electacta.2024.145355,medium,split_or_filter_material_families,Split G3 from Fe-based grades; do not reconstruct G3 as Fe balance.
1991Mischler,44,4,"S. Mischler et al., Corrosion science 32 (1991): p. 925-944",10.1016/0010-938x(91)90013-f,"The chemical composition of the passive film on Fe24Cr and Fe24Cr11Mo studied by AES, XPS and SIMS",,Fe-based stainless steel,yes,Fe_expected,approximate_only_100_minus_recorded_wt_pct,0,64.675,75.586,wt_pct,certificate_or_standard_at_collection_level; measured_vs_nominal_unresolved_per_source_unless_noted,missing_or_unreported; not_verified_zero,mixed_within_source,Si,C;N;P;Ti;V;Nb,0,0,2,2,multiple_compositions_and_conditions,4,4,0,0,E_pit_column_is_Ebr_mV_vs_AgAgCl_3M_KCl; may_be_pitting_or_competing_breakdown,1=actual_pitting; 0=competing_non-pitting_breakdown_right-censored,concentrations_in_raw_workbook_are_M; paper_model_used_log10_and_1e-5_M_floor_for_unmentioned_anions,composition_reporting_varies_within_source,,Collection scope and source title/designation support an Fe-based stainless material; exact grade chemistry can contain unrecorded elements.,collection_scope_plus_source_title_or_designation,https://doi.org/10.1016/0010-938x(91)90013-f,https://doi.org/10.1016/j.electacta.2024.145355,high,usable_Fe_based,Keep for the comparative benchmark; preserve source grouping and apply the chosen missing-value policy consistently.
1991Urgen,45,88,"Ürgen, M. & Çakir, A., Corrosion Science 32 (1991): p. 835–852",10.1016/0010-938x(91)90028-n,The effect of molybdate ions on the temperature dependent pitting potential of austenitic stainless steels in neutral chloride solutions,AISI 304;AISI 316,Fe-based stainless steel,yes,Fe_expected,approximate_only_100_minus_recorded_wt_pct,0,70.144,70.512,wt_pct,certificate_or_standard_at_collection_level; measured_vs_nominal_unresolved_per_source_unless_noted,missing_or_unreported; not_verified_zero,consistent_source_schema_with_blanks,,N;Ti;V;Nb,0,0,2,46,multiple_compositions_and_conditions,88,88,0,0,E_pit_column_is_Ebr_mV_vs_AgAgCl_3M_KCl; may_be_pitting_or_competing_breakdown,1=actual_pitting; 0=competing_non-pitting_breakdown_right-censored,concentrations_in_raw_workbook_are_M; paper_model_used_log10_and_1e-5_M_floor_for_unmentioned_anions,,,Collection scope and source title/designation support an Fe-based stainless material; exact grade chemistry can contain unrecorded elements.,collection_scope_plus_source_title_or_designation,https://doi.org/10.1016/0010-938x(91)90028-n,https://doi.org/10.1016/j.electacta.2024.145355,high,usable_Fe_based,Keep for the comparative benchmark; preserve source grouping and apply the chosen missing-value policy consistently.
1992Malik,46,20,"Malik, A., Mayan Kutty, P., Siddiqi, N. A., Andijani, I. N. & Ahmed, S., Corrosion Science 33 (1992): p. 1809–1827",10.1016/0010-938x(92)90011-q,The influence of pH and chloride concentration on the corrosion behaviour of AISI 316L steel in aqueous solutions,316L,Fe-based stainless steel,yes,Fe_expected,approximate_only_100_minus_recorded_wt_pct,0,69.48,69.48,wt_pct,certificate_or_standard_at_collection_level; measured_vs_nominal_unresolved_per_source_unless_noted,missing_or_unreported; not_verified_zero,consistent_source_schema_with_blanks,,N;Si;P;S;Ti;V;Mn;Nb,0,0,1,20,single_composition_multiple_conditions,20,20,0,0,E_pit_column_is_Ebr_mV_vs_AgAgCl_3M_KCl; may_be_pitting_or_competing_breakdown,1=actual_pitting; 0=competing_non-pitting_breakdown_right-censored,concentrations_in_raw_workbook_are_M; paper_model_used_log10_and_1e-5_M_floor_for_unmentioned_anions,,,Collection scope and source title/designation support an Fe-based stainless material; exact grade chemistry can contain unrecorded elements.,collection_scope_plus_source_title_or_designation,https://doi.org/10.1016/0010-938x(92)90011-q,https://doi.org/10.1016/j.electacta.2024.145355,high,usable_Fe_based,Keep for the comparative benchmark; preserve source grouping and apply the chosen missing-value policy consistently.
1992Mansfeld,47,8,"Mansfeld, F. et al., Corrosion Science 33 (1992): p. 445–456",10.1016/0010-938x(92)90073-c,An electrochemical and surface analytical study of stainless steels and titanium exposed to natural seawater,304SS;AL6X,Fe-based stainless steel,yes,Fe_expected,approximate_only_100_minus_recorded_wt_pct,0,48.0,74.0,wt_pct,certificate_or_standard_at_collection_level; measured_vs_nominal_unresolved_per_source_unless_noted,missing_or_unreported; not_verified_zero,mixed_within_source,Mo,C;N;Si;P;S;Ti;V;Mn;Nb,0,0,2,4,multiple_compositions_and_conditions,8,4,4,0,E_pit_column_is_Ebr_mV_vs_AgAgCl_3M_KCl; may_be_pitting_or_competing_breakdown,1=actual_pitting; 0=competing_non-pitting_breakdown_right-censored,concentrations_in_raw_workbook_are_M; paper_model_used_log10_and_1e-5_M_floor_for_unmentioned_anions,composition_reporting_varies_within_source,,Collection scope and source title/designation support an Fe-based stainless material; exact grade chemistry can contain unrecorded elements.,collection_scope_plus_source_title_or_designation,https://doi.org/10.1016/0010-938x(92)90073-c,https://doi.org/10.1016/j.electacta.2024.145355,high,usable_Fe_based,Keep for the comparative benchmark; preserve source grouping and apply the chosen missing-value policy consistently.
1992Sabot,48,3,"Sabot, R., Devaux, R., de Becdelievre, A. & Duret-Thual, C., Corrosion Science 33 (1992): p. 1121–1134",10.1016/0010-938x(92)90166-z,The resistance to localized corrosion in neutral chloride medium of an AISI 304l stainless steel implanted with nitrogen and neon ions,(11 msmts);(12 msmts),Fe-based stainless steel,yes,Fe_expected,approximate_only_100_minus_recorded_wt_pct,0,68.672,68.672,wt_pct,certificate_or_standard_at_collection_level; measured_vs_nominal_unresolved_per_source_unless_noted,missing_or_unreported; not_verified_zero,consistent_source_schema_with_blanks,,Ti;V;Nb,0,0,1,3,single_composition_multiple_conditions,3,3,0,0,E_pit_column_is_Ebr_mV_vs_AgAgCl_3M_KCl; may_be_pitting_or_competing_breakdown,1=actual_pitting; 0=competing_non-pitting_breakdown_right-censored,concentrations_in_raw_workbook_are_M; paper_model_used_log10_and_1e-5_M_floor_for_unmentioned_anions,N_and_Ne_ion_implantation_not_fully_represented_as_bulk_composition,Retain treatment/source identity or recover implant dose/species.,Collection scope and source title/designation support an Fe-based stainless material; exact grade chemistry can contain unrecorded elements.,collection_scope_plus_source_title_or_designation,https://doi.org/10.1016/0010-938x(92)90166-z,https://doi.org/10.1016/j.electacta.2024.145355,high,usable_with_composition_caveat,Retain treatment/source identity or recover implant dose/species.
1993Lemaitre,49,53,"Lemaitre, C., Abdel Moneim, A., Djoudjou, R., Baroux, B. & Beranger, G., Corrosion Science 34 (1993): p. 1913–1922",10.1016/0010-938x(93)90027-e,A statistical study of the role of molybdenum in the pitting resistance of stainless steels,AISI 304;AISI 316;AISI 430;AISI 434;AISI430,Fe-based stainless steel,yes,Fe_expected,approximate_only_100_minus_recorded_wt_pct,0,67.055,82.626,wt_pct,certificate_or_standard_at_collection_level; measured_vs_nominal_unresolved_per_source_unless_noted,missing_or_unreported; not_verified_zero,consistent_source_schema_with_blanks,,Ti;V;Nb,0,0,4,29,multiple_compositions_and_conditions,52,53,0,0,E_pit_column_is_Ebr_mV_vs_AgAgCl_3M_KCl; may_be_pitting_or_competing_breakdown,1=actual_pitting; 0=competing_non-pitting_breakdown_right-censored,concentrations_in_raw_workbook_are_M; paper_model_used_log10_and_1e-5_M_floor_for_unmentioned_anions,,,Collection scope and source title/designation support an Fe-based stainless material; exact grade chemistry can contain unrecorded elements.,collection_scope_plus_source_title_or_designation,https://doi.org/10.1016/0010-938x(93)90027-e,https://doi.org/10.1016/j.electacta.2024.145355,high,usable_Fe_based,Keep for the comparative benchmark; preserve source grouping and apply the chosen missing-value policy consistently.
1993Palit,50,4,"G. C. Palit, V. Kain , H. S. Gadiya, Corrosion 49 (1993): p. 977",10.5006/1.3316025,Electrochemical Investigations of Pitting Corrosion in Nitrogen-Bearing Type 316LN Stainless Steel,316LN (UNS S31653),Fe-based stainless steel,yes,Fe_expected,approximate_only_100_minus_recorded_wt_pct,0,64.23,64.23,wt_pct,certificate_or_standard_at_collection_level; measured_vs_nominal_unresolved_per_source_unless_noted,missing_or_unreported; not_verified_zero,consistent_source_schema_with_blanks,,Ti;V;Nb,0,0,1,4,single_composition_multiple_conditions,4,4,0,0,E_pit_column_is_Ebr_mV_vs_AgAgCl_3M_KCl; may_be_pitting_or_competing_breakdown,1=actual_pitting; 0=competing_non-pitting_breakdown_right-censored,concentrations_in_raw_workbook_are_M; paper_model_used_log10_and_1e-5_M_floor_for_unmentioned_anions,,,Collection scope and source title/designation support an Fe-based stainless material; exact grade chemistry can contain unrecorded elements.,collection_scope_plus_source_title_or_designation,https://doi.org/10.5006/1.3316025,https://doi.org/10.1016/j.electacta.2024.145355,high,usable_Fe_based,Keep for the comparative benchmark; preserve source grouping and apply the chosen missing-value policy consistently.
1994Carroll,51,105,"W. M. Carroll, E. E. Lynskey, Corrosion Science 36 (1994): p. 1667",10.1016/0010-938x(94)90061-2,A crevice-free electrode assembly for the determination of reproducible breakdown potentials for stainless steels in halide environments,316L;AISI 302,mixed Fe-based 316L/302 stainless and 20Cr-80Ni model alloy,mixed,Fe_for_316L_and_302; none_for_20Cr80Ni,split_rows_where_Cr=20_and_Ni=80,10,0.0,73.0,wt_pct,certificate_or_standard_at_collection_level; measured_vs_nominal_unresolved_per_source_unless_noted,missing_or_unreported; not_verified_zero,mixed_within_source,Mo,C;N;Si;P;S;Ti;V;Mn;Nb,0,0,3,76,multiple_compositions_and_conditions,105,96,9,0,E_pit_column_is_Ebr_mV_vs_AgAgCl_3M_KCl; may_be_pitting_or_competing_breakdown,1=actual_pitting; 0=competing_non-pitting_breakdown_right-censored,concentrations_in_raw_workbook_are_M; paper_model_used_log10_and_1e-5_M_floor_for_unmentioned_anions,ten_20Cr80Ni_rows_mixed_with_stainless;blank_and_explicit_zero_coexist:Mo;composition_reporting_varies_within_source,Split rows with Cr=20 and Ni=80 from the Fe-based subset.,Ten unlabeled rows are exactly 20Cr-80Ni; the other rows are 316L or AISI 302.,source_full_text_metadata_and_workbook_compositions,https://doi.org/10.1016/0010-938X(94)90061-2,https://doi.org/10.1016/j.electacta.2024.145355,high,split_or_filter_material_families,Split rows with Cr=20 and Ni=80 from the Fe-based subset.
1994Devaux,52,48,"Devaux, R., Vouagner, D., de Becdelievre, A. & Duret-Thual, C., Corrosion Science 36 (1994): p. 171–186",10.1016/0010-938x(94)90118-x,Electrochemical and surface studies of the ageing of passive layers grown on stainless steel in neutral chloride solution,AISI 304,Fe-based stainless steel,yes,Fe_expected,approximate_only_100_minus_recorded_wt_pct,0,71.3061,71.3061,wt_pct,certificate_or_standard_at_collection_level; measured_vs_nominal_unresolved_per_source_unless_noted,missing_or_unreported; not_verified_zero,consistent_source_schema_with_blanks,,Ti;V;Nb,0,0,1,4,single_composition_multiple_conditions,48,48,0,0,E_pit_column_is_Ebr_mV_vs_AgAgCl_3M_KCl; may_be_pitting_or_competing_breakdown,1=actual_pitting; 0=competing_non-pitting_breakdown_right-censored,concentrations_in_raw_workbook_are_M; paper_model_used_log10_and_1e-5_M_floor_for_unmentioned_anions,,,Collection scope and source title/designation support an Fe-based stainless material; exact grade chemistry can contain unrecorded elements.,collection_scope_plus_source_title_or_designation,https://doi.org/10.1016/0010-938x(94)90118-x,https://doi.org/10.1016/j.electacta.2024.145355,high,usable_Fe_based,Keep for the comparative benchmark; preserve source grouping and apply the chosen missing-value policy consistently.
1994Malik,53,75,"Malik, A. U., Siddiqi, N. & Andijani, I. N., Desalination 97 (1994): p. 189–197",10.1016/0011-9164(94)00086-7,Corrosion behavior of some highly alloyed stainless steels in seawater,17-4PH;1925 HMo;20Cb3;254SMO;304L;3127 HMo;316L;317L;410ss;654SMO;904L;Duplex2205;Monit44635;Remanit4565;Remanit4575,mixed conventional stainless and high-alloy Fe-Ni-Cr grades,yes_with_borderline_high_alloy_grades,Fe_expected_by_grade; verify_20Cb3_taxonomy_if_filtering,approximate_only_due_to_unrecorded_Cu_and_other_grade_elements,0,33.531,88.0,wt_pct,certificate_or_standard_at_collection_level; measured_vs_nominal_unresolved_per_source_unless_noted,missing_or_unreported; not_verified_zero,mixed_within_source,C;N;Si;S;Mn;Ni;Mo,P;Ti;V;Nb,0,0,15,6,multiple_compositions_and_conditions,75,66,6,3,E_pit_column_is_Ebr_mV_vs_AgAgCl_3M_KCl; may_be_pitting_or_competing_breakdown,1=actual_pitting; 0=competing_non-pitting_breakdown_right-censored,concentrations_in_raw_workbook_are_M; paper_model_used_log10_and_1e-5_M_floor_for_unmentioned_anions,Cu_and_some_high_alloy_elements_absent_from_schema;composition_reporting_varies_within_source,Use grade/source indicators; Fe remainder is approximate.,Includes 20Cb3/Alloy 20 and other highly alloyed grades; a strict stainless-only filter needs an explicit taxonomy rule.,source_title_and_workbook_designations,https://doi.org/10.1016/0011-9164(94)00086-7,https://doi.org/10.1016/j.electacta.2024.145355,high,usable_with_material_taxonomy_caveat,Use grade/source indicators; Fe remainder is approximate.
1994Sadough,54,2,"A. Sadough Vanini, J. P. Audouard, P. Marcus, Corrosion Science 36 (1994): p. 1825",10.1016/0010-938x(94)90021-3,The role of nitrogen in the passivity of austenitic stainless steels,,Fe-based stainless steel,yes,Fe_expected,approximate_only_100_minus_recorded_wt_pct,0,69.843,71.999,wt_pct,certificate_or_standard_at_collection_level; measured_vs_nominal_unresolved_per_source_unless_noted,missing_or_unreported; not_verified_zero,consistent_source_schema_with_blanks,,C;Si;P;S;Ti;V;Mn;Nb,0,0,2,1,multiple_compositions_single_condition,2,2,0,0,E_pit_column_is_Ebr_mV_vs_AgAgCl_3M_KCl; may_be_pitting_or_competing_breakdown,1=actual_pitting; 0=competing_non-pitting_breakdown_right-censored,concentrations_in_raw_workbook_are_M; paper_model_used_log10_and_1e-5_M_floor_for_unmentioned_anions,,,Collection scope and source title/designation support an Fe-based stainless material; exact grade chemistry can contain unrecorded elements.,collection_scope_plus_source_title_or_designation,https://doi.org/10.1016/0010-938x(94)90021-3,https://doi.org/10.1016/j.electacta.2024.145355,high,usable_Fe_based,Keep for the comparative benchmark; preserve source grouping and apply the chosen missing-value policy consistently.
1995Jackson,55,19,"Jackson, E. M. L. E. M. & Paton, R., ISIJ international 35 (1995): p. 557–563",10.2355/isijinternational.35.557,Influence of Manganese on the Properties of a Vanadium-bearing Ferritic Stainless Steel.,,Fe-based stainless steel,yes,Fe_expected,approximate_only_100_minus_recorded_wt_pct,0,69.0,77.101,wt_pct,certificate_or_standard_at_collection_level; measured_vs_nominal_unresolved_per_source_unless_noted,missing_or_unreported; not_verified_zero,mixed_within_source,C;N;Si;V;Mn;Ni;Mo,P;S;Ti;Nb,0,0,7,1,multiple_compositions_single_condition,19,19,0,0,E_pit_column_is_Ebr_mV_vs_AgAgCl_3M_KCl; may_be_pitting_or_competing_breakdown,1=actual_pitting; 0=competing_non-pitting_breakdown_right-censored,concentrations_in_raw_workbook_are_M; paper_model_used_log10_and_1e-5_M_floor_for_unmentioned_anions,composition_reporting_varies_within_source,,Collection scope and source title/designation support an Fe-based stainless material; exact grade chemistry can contain unrecorded elements.,collection_scope_plus_source_title_or_designation,https://doi.org/10.2355/isijinternational.35.557,https://doi.org/10.1016/j.electacta.2024.145355,high,usable_Fe_based,Keep for the comparative benchmark; preserve source grouping and apply the chosen missing-value policy consistently.
1995Malik,56,65,"A. U. Malik et al,. Corrosion science 37 (1995): p. 1521-1535",10.1016/0010-938x(95)00043-j,The effect of dominant alloy additions on the corrosion behavior of some conventional and high alloy stainless steels in seawater,N08020 (20 Cb3). Nb + Ta = 5%;N0828 (hMo 3127);N08904 (904L);N08925 (hMo 1925);S17400 (17-4PH);S30403 (304L);S31254 (SMO 254);S31603 (316L);S31703 (317L);S31803 (Duplex 2205). Nb + Ta = 0.6%;S32654 (SMO 654);S41000 (410);S44635 (Monit 44635),mixed conventional stainless and high-alloy Fe-Ni-Cr grades,yes_with_borderline_high_alloy_grades,Fe_expected_by_grade; verify_N08020_taxonomy_if_filtering,approximate_only_due_to_unrecorded_Cu_Ta_and_other_grade_elements,0,32.48,84.61,wt_pct,certificate_or_standard_at_collection_level; measured_vs_nominal_unresolved_per_source_unless_noted,missing_or_unreported; not_verified_zero,mixed_within_source,C;N;Si;P;S;Mn;Ni;Mo,Ti;V;Nb,0,0,14,5,multiple_compositions_and_conditions,65,65,0,0,E_pit_column_is_Ebr_mV_vs_AgAgCl_3M_KCl; may_be_pitting_or_competing_breakdown,1=actual_pitting; 0=competing_non-pitting_breakdown_right-censored,concentrations_in_raw_workbook_are_M; paper_model_used_log10_and_1e-5_M_floor_for_unmentioned_anions,Cu_and_Ta_absent;_Nb+Ta_not_separable;blank_and_explicit_zero_coexist:N;composition_reporting_varies_within_source,Use grade/source indicators; Fe remainder is approximate.,Includes UNS N08020/20Cb3 and other highly alloyed grades; some stated Nb+Ta values cannot be separated in the workbook schema.,source_title_and_workbook_designations,https://doi.org/10.1016/0010-938x(95)00043-j,https://doi.org/10.1016/j.electacta.2024.145355,high,usable_with_material_taxonomy_caveat,Use grade/source indicators; Fe remainder is approximate.
1996Burstein,57,66,"Burstein, G. & Ilevbare, G., Corrosion science 38 (1996): p. 2257–2265",10.1016/s0010-938x(97)83146-0,The effect of specimen size on the measured pitting potential of stainless steel,316L,Fe-based stainless steel,yes,Fe_expected,approximate_only_100_minus_recorded_wt_pct,0,66.643,66.643,wt_pct,certificate_or_standard_at_collection_level; measured_vs_nominal_unresolved_per_source_unless_noted,missing_or_unreported; not_verified_zero,consistent_source_schema_with_blanks,,V,0,0,1,5,single_composition_multiple_conditions,66,66,0,0,E_pit_column_is_Ebr_mV_vs_AgAgCl_3M_KCl; may_be_pitting_or_competing_breakdown,1=actual_pitting; 0=competing_non-pitting_breakdown_right-censored,concentrations_in_raw_workbook_are_M; paper_model_used_log10_and_1e-5_M_floor_for_unmentioned_anions,,,Collection scope and source title/designation support an Fe-based stainless material; exact grade chemistry can contain unrecorded elements.,collection_scope_plus_source_title_or_designation,https://doi.org/10.1016/s0010-938x(97)83146-0,https://doi.org/10.1016/j.electacta.2024.145355,high,usable_Fe_based,Keep for the comparative benchmark; preserve source grouping and apply the chosen missing-value policy consistently.
1996Garfias,58,4,"L. F. Garfias-Mesias, J. M. Sykes , C. D. S. Tuck, Corrosion Science 38 (1996): p. 1319",10.1016/0010-938x(96)00022-4,The effect of phase compositions on the pitting corrosion of 25 Cr duplex stainless steel in chloride solutions,25 Cr duplex SS UNS S32550,Fe-based stainless steel,yes,Fe_expected,approximate_only_100_minus_recorded_wt_pct,0,63.299,63.299,wt_pct,certificate_or_standard_at_collection_level; measured_vs_nominal_unresolved_per_source_unless_noted,missing_or_unreported; not_verified_zero,consistent_source_schema_with_blanks,,Ti;V;Nb,0,0,1,1,repeated_measurements_single_composition_condition,4,4,0,0,E_pit_column_is_Ebr_mV_vs_AgAgCl_3M_KCl; may_be_pitting_or_competing_breakdown,1=actual_pitting; 0=competing_non-pitting_breakdown_right-censored,concentrations_in_raw_workbook_are_M; paper_model_used_log10_and_1e-5_M_floor_for_unmentioned_anions,,,Collection scope and source title/designation support an Fe-based stainless material; exact grade chemistry can contain unrecorded elements.,collection_scope_plus_source_title_or_designation,https://doi.org/10.1016/0010-938x(96)00022-4,https://doi.org/10.1016/j.electacta.2024.145355,high,usable_Fe_based,Keep for the comparative benchmark; preserve source grouping and apply the chosen missing-value policy consistently.
1996Halada,59,1,"G. P. Halada , D. Kim, C.R. Clayton, Corrosion 52 (1996): p. 36",10.5006/1.3292093,Influence of Nitrogen on Electrochemical Passivation of High-Nickel Stainless Steels and Thin Molybdenum-Nickel Films,,Fe-based stainless steel,yes,Fe_expected,approximate_only_100_minus_recorded_wt_pct,0,59.4098,59.4098,wt_pct,certificate_or_standard_at_collection_level; measured_vs_nominal_unresolved_per_source_unless_noted,missing_or_unreported; not_verified_zero,consistent_source_schema_with_blanks,,Ti;V;Nb,0,0,1,1,repeated_measurements_single_composition_condition,1,1,0,0,E_pit_column_is_Ebr_mV_vs_AgAgCl_3M_KCl; may_be_pitting_or_competing_breakdown,1=actual_pitting; 0=competing_non-pitting_breakdown_right-censored,concentrations_in_raw_workbook_are_M; paper_model_used_log10_and_1e-5_M_floor_for_unmentioned_anions,,,Collection scope and source title/designation support an Fe-based stainless material; exact grade chemistry can contain unrecorded elements.,collection_scope_plus_source_title_or_designation,https://doi.org/10.5006/1.3292093,https://doi.org/10.1016/j.electacta.2024.145355,high,usable_Fe_based,Keep for the comparative benchmark; preserve source grouping and apply the chosen missing-value policy consistently.
1996Hong,60,48,"Hong, T., Ogushi, T. & Nagumo, M., Corrosion Science 38 (1996): p. 881–888 ",10.1016/0010-938x(96)00174-6,The effect of chromium enrichment in the film formed by surface treatments on the corrosion resistance of type 430 stainless steel,430SS,Fe-based stainless steel,yes,Fe_expected,approximate_only_100_minus_recorded_wt_pct,0,80.174,80.174,wt_pct,certificate_or_standard_at_collection_level; measured_vs_nominal_unresolved_per_source_unless_noted,missing_or_unreported; not_verified_zero,consistent_source_schema_with_blanks,,Si;S;Ti;V;Nb,0,0,1,4,single_composition_multiple_conditions,48,44,4,0,E_pit_column_is_Ebr_mV_vs_AgAgCl_3M_KCl; may_be_pitting_or_competing_breakdown,1=actual_pitting; 0=competing_non-pitting_breakdown_right-censored,concentrations_in_raw_workbook_are_M; paper_model_used_log10_and_1e-5_M_floor_for_unmentioned_anions,,,Collection scope and source title/designation support an Fe-based stainless material; exact grade chemistry can contain unrecorded elements.,collection_scope_plus_source_title_or_designation,https://doi.org/10.1016/0010-938x(96)00174-6,https://doi.org/10.1016/j.electacta.2024.145355,high,usable_Fe_based,Keep for the comparative benchmark; preserve source grouping and apply the chosen missing-value policy consistently.
1996Mudali,61,41,"Mudali, U. K., Dayal, R. K., Gnanamoorthy, J. B. & Rodriguez, P., ISIJ international 36 (1996): p. 799–806",10.2320/matertrans1989.37.1568,Pitting Corrosion Studies on Nitrogen-Bearing Austenitic Stainless Steels,304LN;316LN,Fe-based stainless steel,yes,Fe_expected,approximate_only_100_minus_recorded_wt_pct,0,64.689,69.721,wt_pct,certificate_or_standard_at_collection_level; measured_vs_nominal_unresolved_per_source_unless_noted,missing_or_unreported; not_verified_zero,consistent_source_schema_with_blanks,,Ti;V;Nb,0,0,2,1,multiple_compositions_single_condition,41,41,0,0,E_pit_column_is_Ebr_mV_vs_AgAgCl_3M_KCl; may_be_pitting_or_competing_breakdown,1=actual_pitting; 0=competing_non-pitting_breakdown_right-censored,concentrations_in_raw_workbook_are_M; paper_model_used_log10_and_1e-5_M_floor_for_unmentioned_anions,,,Collection scope and source title/designation support an Fe-based stainless material; exact grade chemistry can contain unrecorded elements.,collection_scope_plus_source_title_or_designation,https://doi.org/10.2320/matertrans1989.37.1568,https://doi.org/10.1016/j.electacta.2024.145355,high,usable_Fe_based,Keep for the comparative benchmark; preserve source grouping and apply the chosen missing-value policy consistently.
1996Olefjord,62,2,"I. Olefjord, L. Wegrelius, Corrosion Science 38 (1996): p. 1203",10.1016/0010-938x(96)00018-2,The influence of nitrogen on the passivation of stainless steels,no major difference between two samples,Fe-based stainless steel,yes,Fe_expected,approximate_only_100_minus_recorded_wt_pct,0,53.842,53.884,wt_pct,certificate_or_standard_at_collection_level; measured_vs_nominal_unresolved_per_source_unless_noted,missing_or_unreported; not_verified_zero,consistent_source_schema_with_blanks,,Ti;V;Nb,0,0,2,1,multiple_compositions_single_condition,2,2,0,0,E_pit_column_is_Ebr_mV_vs_AgAgCl_3M_KCl; may_be_pitting_or_competing_breakdown,1=actual_pitting; 0=competing_non-pitting_breakdown_right-censored,concentrations_in_raw_workbook_are_M; paper_model_used_log10_and_1e-5_M_floor_for_unmentioned_anions,,,Collection scope and source title/designation support an Fe-based stainless material; exact grade chemistry can contain unrecorded elements.,collection_scope_plus_source_title_or_designation,https://doi.org/10.1016/0010-938x(96)00018-2,https://doi.org/10.1016/j.electacta.2024.145355,high,usable_Fe_based,Keep for the comparative benchmark; preserve source grouping and apply the chosen missing-value policy consistently.
1997Drogowska,63,55,"Drogowska, M., Ménard, H. & Brossard, L., Journal applied electrochemistry 27 (1997): p. 169–177",10.1023/a:1018499823288,Pitting of AISI 304 stainless steel in bicarbonate and chloride solutions,304L,Fe-based stainless steel,yes,Fe_expected,approximate_only_100_minus_recorded_wt_pct,0,69.748,69.748,wt_pct,certificate_or_standard_at_collection_level; measured_vs_nominal_unresolved_per_source_unless_noted,missing_or_unreported; not_verified_zero,consistent_source_schema_with_blanks,,N,0,0,1,13,single_composition_multiple_conditions,55,45,10,0,E_pit_column_is_Ebr_mV_vs_AgAgCl_3M_KCl; may_be_pitting_or_competing_breakdown,1=actual_pitting; 0=competing_non-pitting_breakdown_right-censored,concentrations_in_raw_workbook_are_M; paper_model_used_log10_and_1e-5_M_floor_for_unmentioned_anions,,,Collection scope and source title/designation support an Fe-based stainless material; exact grade chemistry can contain unrecorded elements.,collection_scope_plus_source_title_or_designation,https://doi.org/10.1023/a:1018499823288,https://doi.org/10.1016/j.electacta.2024.145355,high,usable_Fe_based,Keep for the comparative benchmark; preserve source grouping and apply the chosen missing-value policy consistently.
1997Hannani,64,4,"Hannani, A., Kermiche, F., Pourbaix, A. & Belmokre, K., Transactions Inst. Met. Finish. 75 (1997): p. 7–9",10.1080/00202967.1997.11871135,Characterisation of Passive Film on AISI304 Stainless Steel,304L,Fe-based stainless steel,yes,Fe_expected,approximate_only_100_minus_recorded_wt_pct,0,69.5968,69.5968,wt_pct,certificate_or_standard_at_collection_level; measured_vs_nominal_unresolved_per_source_unless_noted,missing_or_unreported; not_verified_zero,consistent_source_schema_with_blanks,,N;Ti;V;Nb,0,0,1,4,single_composition_multiple_conditions,4,4,0,0,E_pit_column_is_Ebr_mV_vs_AgAgCl_3M_KCl; may_be_pitting_or_competing_breakdown,1=actual_pitting; 0=competing_non-pitting_breakdown_right-censored,concentrations_in_raw_workbook_are_M; paper_model_used_log10_and_1e-5_M_floor_for_unmentioned_anions,,,Collection scope and source title/designation support an Fe-based stainless material; exact grade chemistry can contain unrecorded elements.,collection_scope_plus_source_title_or_designation,https://doi.org/10.1080/00202967.1997.11871135,https://doi.org/10.1016/j.electacta.2024.145355,high,usable_Fe_based,Keep for the comparative benchmark; preserve source grouping and apply the chosen missing-value policy consistently.
1997Hong,65,4,"Hong, T. & Nagumo, M., Corrosion Science 39  (1997): p. 961–967",10.1016/s0010-938x(97)81161-4,The effect of SO42− concentration in NaCl solution on the early stages of pitting corrosion of type 430 stainless steel,AISI430,Fe-based stainless steel,yes,Fe_expected,approximate_only_100_minus_recorded_wt_pct,0,82.6,82.6,wt_pct,certificate_or_standard_at_collection_level; measured_vs_nominal_unresolved_per_source_unless_noted,missing_or_unreported; not_verified_zero,consistent_source_schema_with_blanks,,Ti;V;Nb;Mo,0,0,1,4,single_composition_multiple_conditions,4,4,0,0,E_pit_column_is_Ebr_mV_vs_AgAgCl_3M_KCl; may_be_pitting_or_competing_breakdown,1=actual_pitting; 0=competing_non-pitting_breakdown_right-censored,concentrations_in_raw_workbook_are_M; paper_model_used_log10_and_1e-5_M_floor_for_unmentioned_anions,,,Collection scope and source title/designation support an Fe-based stainless material; exact grade chemistry can contain unrecorded elements.,collection_scope_plus_source_title_or_designation,https://doi.org/10.1016/s0010-938x(97)81161-4,https://doi.org/10.1016/j.electacta.2024.145355,high,usable_Fe_based,Keep for the comparative benchmark; preserve source grouping and apply the chosen missing-value policy consistently.
1997Laycock,66,36,"Laycock, N. & Newman, R., Corrosion Science 39 (1997): p. 1771–1790",10.1016/s0010-938x(97)00049-8,"Localised dissolution kinetics, salt films and pitting potentials",302SS;316SS,Fe-based stainless steel,yes,Fe_expected,approximate_only_100_minus_recorded_wt_pct,0,69.0,73.0,wt_pct,certificate_or_standard_at_collection_level; measured_vs_nominal_unresolved_per_source_unless_noted,missing_or_unreported; not_verified_zero,mixed_within_source,Cr;Ni;Mo,C;N;Si;P;S;Ti;V;Mn;Nb,11,11,3,8,multiple_compositions_and_conditions,36,36,0,0,E_pit_column_is_Ebr_mV_vs_AgAgCl_3M_KCl; may_be_pitting_or_competing_breakdown,1=actual_pitting; 0=competing_non-pitting_breakdown_right-censored,concentrations_in_raw_workbook_are_M; paper_model_used_log10_and_1e-5_M_floor_for_unmentioned_anions,11_rows_all_composition_blank;composition_reporting_varies_within_source,,Collection scope and source title/designation support an Fe-based stainless material; exact grade chemistry can contain unrecorded elements.,collection_scope_plus_source_title_or_designation,https://doi.org/10.1016/s0010-938x(97)00049-8,https://doi.org/10.1016/j.electacta.2024.145355,high,usable_Fe_based,Keep for the comparative benchmark; preserve source grouping and apply the chosen missing-value policy consistently.
1997Stellwag,67,64,"Stellwag, B., Corros. 53 (1997): p. 120–128",10.5006/1.3280440,Pitting Resistance of Alloy 800 as a Function of Temperature and Prefilming in High-Temperature Water,alloy800,Fe-Ni-Cr Alloy 800,borderline_related_alloy_not_conventional_stainless,Fe,approximate_Fe_balance_about_45_wt_pct,0,45.0,45.0,wt_pct,certificate_or_standard_at_collection_level; measured_vs_nominal_unresolved_per_source_unless_noted,missing_or_unreported; not_verified_zero,consistent_source_schema_with_blanks,,C;N;Si;P;S;Ti;V;Mn;Nb;Mo,0,0,1,35,single_composition_multiple_conditions,64,64,0,0,E_pit_column_is_Ebr_mV_vs_AgAgCl_3M_KCl; may_be_pitting_or_competing_breakdown,1=actual_pitting; 0=competing_non-pitting_breakdown_right-censored,concentrations_in_raw_workbook_are_M; paper_model_used_log10_and_1e-5_M_floor_for_unmentioned_anions,,,Alloy 800 is an Fe-Ni-Cr corrosion/heat-resistant alloy and should be flagged separately in a strict stainless-steel task.,source_title_designation_and_workbook_composition,https://doi.org/10.5006/1.3280440,https://doi.org/10.1016/j.electacta.2024.145355,high,usable_with_material_taxonomy_caveat,Keep for the comparison benchmark and retain grade/source identity; define the stainless-only taxonomy before a restricted model.
1997Truman,68,3,"ASTM STP 679, American Society for Testing and Materials, Philadelphia, (1979): p. 17",10.1520/stp679-eb,Properties of Austenitic Stainless Steels and Their Weld Metals (Influence of Slight Chemistry Variations),,Fe-based stainless steel,yes,Fe_expected,approximate_only_100_minus_recorded_wt_pct,0,69.755,70.029,wt_pct,certificate_or_standard_at_collection_level; measured_vs_nominal_unresolved_per_source_unless_noted,missing_or_unreported; not_verified_zero,consistent_source_schema_with_blanks,,Ti;V;Nb,0,0,3,2,multiple_compositions_and_conditions,3,3,0,0,E_pit_column_is_Ebr_mV_vs_AgAgCl_3M_KCl; may_be_pitting_or_competing_breakdown,1=actual_pitting; 0=competing_non-pitting_breakdown_right-censored,concentrations_in_raw_workbook_are_M; paper_model_used_log10_and_1e-5_M_floor_for_unmentioned_anions,,,Collection scope and source title/designation support an Fe-based stainless material; exact grade chemistry can contain unrecorded elements.,collection_scope_plus_source_title_or_designation,https://doi.org/10.1520/stp679-eb,https://doi.org/10.1016/j.electacta.2024.145355,high,usable_Fe_based,Keep for the comparative benchmark; preserve source grouping and apply the chosen missing-value policy consistently.
1997Yashiro,69,35,"Yashiro, H., Oyama, A. & Tanno, K., Corros. (Houston, Tex.) 53 (1997): p. 290–297",10.1016/s0010-938x(97)00178-9,The effect of permeated hydrogen on the pitting of type 304 stainless steel,AISI 304,Fe-based stainless steel,yes,Fe_expected,approximate_only_100_minus_recorded_wt_pct,0,70.863,70.863,wt_pct,certificate_or_standard_at_collection_level; measured_vs_nominal_unresolved_per_source_unless_noted,missing_or_unreported; not_verified_zero,consistent_source_schema_with_blanks,,N;Ti;V;Nb,0,0,1,35,single_composition_multiple_conditions,35,33,2,0,E_pit_column_is_Ebr_mV_vs_AgAgCl_3M_KCl; may_be_pitting_or_competing_breakdown,1=actual_pitting; 0=competing_non-pitting_breakdown_right-censored,concentrations_in_raw_workbook_are_M; paper_model_used_log10_and_1e-5_M_floor_for_unmentioned_anions,,,Collection scope and source title/designation support an Fe-based stainless material; exact grade chemistry can contain unrecorded elements.,collection_scope_plus_source_title_or_designation,https://doi.org/10.1016/s0010-938x(97)00178-9,https://doi.org/10.1016/j.electacta.2024.145355,high,usable_Fe_based,Keep for the comparative benchmark; preserve source grouping and apply the chosen missing-value policy consistently.
1998Ahn,70,8,"M. K. Ahn, H.-S. Kwon, H. M. Lee, Corrosion science 40 (1998): p. 307-322",10.1016/s0010-938x(97)00138-8,Quantitative comparison of the influences of tungsten and molybdenum on the passivity of Fe-29Cr ferritic stainless steels,,Fe-based stainless steel,yes,Fe_expected,approximate_only_100_minus_recorded_wt_pct,0,66.2661,70.7419,wt_pct,certificate_or_standard_at_collection_level; measured_vs_nominal_unresolved_per_source_unless_noted,missing_or_unreported; not_verified_zero,consistent_source_schema_with_blanks,,P;S;Ti;V;Mn;Nb,0,0,8,1,multiple_compositions_single_condition,8,8,0,0,E_pit_column_is_Ebr_mV_vs_AgAgCl_3M_KCl; may_be_pitting_or_competing_breakdown,1=actual_pitting; 0=competing_non-pitting_breakdown_right-censored,concentrations_in_raw_workbook_are_M; paper_model_used_log10_and_1e-5_M_floor_for_unmentioned_anions,W_alloying_variable_has_no_workbook_column,Recover W before using this source to learn W effects.,Collection scope and source title/designation support an Fe-based stainless material; exact grade chemistry can contain unrecorded elements.,collection_scope_plus_source_title_or_designation,https://doi.org/10.1016/s0010-938x(97)00138-8,https://doi.org/10.1016/j.electacta.2024.145355,high,usable_with_composition_caveat,Recover W before using this source to learn W effects.
1998Chou,71,8,"Chou, S.-L., Lin, C.-Y., Lee, J.-T. & Tsai, W.-T. J., Materials Science 33 (1998): p. 2413–2419",10.1023/a:1004364126675,The electrochemical behaviour of direct strip casting stainless steel in acid solutions,AISI304,Fe-based stainless steel,yes,Fe_expected,approximate_only_100_minus_recorded_wt_pct,0,69.192,72.066,wt_pct,certificate_or_standard_at_collection_level; measured_vs_nominal_unresolved_per_source_unless_noted,missing_or_unreported; not_verified_zero,mixed_within_source,Ti,N;V;Nb;Mo,0,0,6,1,multiple_compositions_single_condition,8,8,0,0,E_pit_column_is_Ebr_mV_vs_AgAgCl_3M_KCl; may_be_pitting_or_competing_breakdown,1=actual_pitting; 0=competing_non-pitting_breakdown_right-censored,concentrations_in_raw_workbook_are_M; paper_model_used_log10_and_1e-5_M_floor_for_unmentioned_anions,composition_reporting_varies_within_source,,Collection scope and source title/designation support an Fe-based stainless material; exact grade chemistry can contain unrecorded elements.,collection_scope_plus_source_title_or_designation,https://doi.org/10.1023/a:1004364126675,https://doi.org/10.1016/j.electacta.2024.145355,high,usable_Fe_based,Keep for the comparative benchmark; preserve source grouping and apply the chosen missing-value policy consistently.
1998Fujimoto,72,10,"Fujimoto, S., Yamada, T. & Shibata, T., J. Electrochem. Soc. 145 (1998): p. L79–L81",10.1149/1.1838493,Improvement of Pitting Corrosion Resistance of Type 304 Stainless Steel by Modification of Passive Film with Ultraviolet Light Irradiation,AISI304,Fe-based stainless steel,yes,Fe_expected,approximate_only_100_minus_recorded_wt_pct,0,71.324,71.324,wt_pct,certificate_or_standard_at_collection_level; measured_vs_nominal_unresolved_per_source_unless_noted,missing_or_unreported; not_verified_zero,consistent_source_schema_with_blanks,,N;Ti;V;Nb,0,0,1,1,repeated_measurements_single_composition_condition,10,10,0,0,E_pit_column_is_Ebr_mV_vs_AgAgCl_3M_KCl; may_be_pitting_or_competing_breakdown,1=actual_pitting; 0=competing_non-pitting_breakdown_right-censored,concentrations_in_raw_workbook_are_M; paper_model_used_log10_and_1e-5_M_floor_for_unmentioned_anions,,,Collection scope and source title/designation support an Fe-based stainless material; exact grade chemistry can contain unrecorded elements.,collection_scope_plus_source_title_or_designation,https://doi.org/10.1149/1.1838493,https://doi.org/10.1016/j.electacta.2024.145355,high,usable_Fe_based,Keep for the comparative benchmark; preserve source grouping and apply the chosen missing-value policy consistently.
1998Kwok,73,6,"Kwok, C., Man, H. & Cheng, F., Surf. & coatings technology 99 (1998): p. 295–304",10.1016/s0257-8972(97)00624-5,Cavitation erosion and pitting corrosion of laser surface melted stainless steels,2507;304SS;316SS,Fe-based stainless steel,yes,Fe_expected,approximate_only_100_minus_recorded_wt_pct,0,63.0,72.9,wt_pct,certificate_or_standard_at_collection_level; measured_vs_nominal_unresolved_per_source_unless_noted,missing_or_unreported; not_verified_zero,mixed_within_source,N;Mo,C;Si;P;S;Ti;V;Mn;Nb,0,0,3,2,multiple_compositions_and_conditions,6,4,2,0,E_pit_column_is_Ebr_mV_vs_AgAgCl_3M_KCl; may_be_pitting_or_competing_breakdown,1=actual_pitting; 0=competing_non-pitting_breakdown_right-censored,concentrations_in_raw_workbook_are_M; paper_model_used_log10_and_1e-5_M_floor_for_unmentioned_anions,composition_reporting_varies_within_source,,Collection scope and source title/designation support an Fe-based stainless material; exact grade chemistry can contain unrecorded elements.,collection_scope_plus_source_title_or_designation,https://doi.org/10.1016/s0257-8972(97)00624-5,https://doi.org/10.1016/j.electacta.2024.145355,high,usable_Fe_based,Keep for the comparative benchmark; preserve source grouping and apply the chosen missing-value policy consistently.
1998Lakatos_Varsanyi,74,2,"Lakatos-Varsányi, M., Falkenberg, F. & Olefjord, I., Electrochimica Acta 43 (1998): p. 187–197",10.1016/s0013-4686(97)00224-7,The influence of phosphate on repassivation of 304 stainless steel in neutral chloride solution,AISI 304,Fe-based stainless steel,yes,Fe_expected,approximate_only_100_minus_recorded_wt_pct,0,70.901,70.901,wt_pct,certificate_or_standard_at_collection_level; measured_vs_nominal_unresolved_per_source_unless_noted,missing_or_unreported; not_verified_zero,consistent_source_schema_with_blanks,,Ti;V;Nb,0,0,1,2,single_composition_multiple_conditions,2,2,0,0,E_pit_column_is_Ebr_mV_vs_AgAgCl_3M_KCl; may_be_pitting_or_competing_breakdown,1=actual_pitting; 0=competing_non-pitting_breakdown_right-censored,concentrations_in_raw_workbook_are_M; paper_model_used_log10_and_1e-5_M_floor_for_unmentioned_anions,,,Collection scope and source title/designation support an Fe-based stainless material; exact grade chemistry can contain unrecorded elements.,collection_scope_plus_source_title_or_designation,https://doi.org/10.1016/s0013-4686(97)00224-7,https://doi.org/10.1016/j.electacta.2024.145355,high,usable_Fe_based,Keep for the comparative benchmark; preserve source grouping and apply the chosen missing-value policy consistently.
1998Latha,75,9,"Latha, G., Rajendran, N. & Rajeswari, S. J., Materials science letters 17 (1998): p. 519–522",10.1023/a:1006501132183,Evaluation of superaustenitic stainless steels as construction materials in sea water service systems,316L;alloy 24;alloy 33,Fe-based stainless steel,yes,Fe_expected,approximate_only_100_minus_recorded_wt_pct,0,38.73,67.4,wt_pct,certificate_or_standard_at_collection_level; measured_vs_nominal_unresolved_per_source_unless_noted,missing_or_unreported; not_verified_zero,mixed_within_source,N;Mn,C;Si;P;S;Ti;V;Nb,0,0,3,3,multiple_compositions_and_conditions,9,6,3,0,E_pit_column_is_Ebr_mV_vs_AgAgCl_3M_KCl; may_be_pitting_or_competing_breakdown,1=actual_pitting; 0=competing_non-pitting_breakdown_right-censored,concentrations_in_raw_workbook_are_M; paper_model_used_log10_and_1e-5_M_floor_for_unmentioned_anions,composition_reporting_varies_within_source,,Collection scope and source title/designation support an Fe-based stainless material; exact grade chemistry can contain unrecorded elements.,collection_scope_plus_source_title_or_designation,https://doi.org/10.1023/a:1006501132183,https://doi.org/10.1016/j.electacta.2024.145355,high,usable_Fe_based,Keep for the comparative benchmark; preserve source grouping and apply the chosen missing-value policy consistently.
1998Laycock,76,57,"Laycock, N., Newman, R., Corrosion Science 40 (1998): p. 887–902",10.1016/s0010-938x(98)00020-1,Temperature dependence of pitting potentials for austenitic stainless steels above their critical pitting temperature,304L;316L;904L,Fe-based stainless steel,yes,Fe_expected,approximate_only_100_minus_recorded_wt_pct,0,50.5,73.0,wt_pct,certificate_or_standard_at_collection_level; measured_vs_nominal_unresolved_per_source_unless_noted,missing_or_unreported; not_verified_zero,mixed_within_source,Mo,C;N;Si;P;S;Ti;V;Mn;Nb,0,0,3,18,multiple_compositions_and_conditions,57,57,0,0,E_pit_column_is_Ebr_mV_vs_AgAgCl_3M_KCl; may_be_pitting_or_competing_breakdown,1=actual_pitting; 0=competing_non-pitting_breakdown_right-censored,concentrations_in_raw_workbook_are_M; paper_model_used_log10_and_1e-5_M_floor_for_unmentioned_anions,composition_reporting_varies_within_source,,Collection scope and source title/designation support an Fe-based stainless material; exact grade chemistry can contain unrecorded elements.,collection_scope_plus_source_title_or_designation,https://doi.org/10.1016/s0010-938x(98)00020-1,https://doi.org/10.1016/j.electacta.2024.145355,high,usable_Fe_based,Keep for the comparative benchmark; preserve source grouping and apply the chosen missing-value policy consistently.
1998Wyllie,77,8,"Wyllie, W. & Duquette, D., Corrosion (Houston, Tex.) 54 (1998): p. 781–799",10.5006/1.3284799,Effect of Dissolved Ozone on Corrosion Behavior of Stainless Steels in Artificial Seawater,304L;316L;904L,Fe-based stainless steel,yes,Fe_expected,approximate_only_100_minus_recorded_wt_pct,0,48.794,71.54,wt_pct,certificate_or_standard_at_collection_level; measured_vs_nominal_unresolved_per_source_unless_noted,missing_or_unreported; not_verified_zero,mixed_within_source,N;Mo,Ti;V;Nb,0,0,3,4,multiple_compositions_and_conditions,8,5,3,0,E_pit_column_is_Ebr_mV_vs_AgAgCl_3M_KCl; may_be_pitting_or_competing_breakdown,1=actual_pitting; 0=competing_non-pitting_breakdown_right-censored,concentrations_in_raw_workbook_are_M; paper_model_used_log10_and_1e-5_M_floor_for_unmentioned_anions,composition_reporting_varies_within_source,,Collection scope and source title/designation support an Fe-based stainless material; exact grade chemistry can contain unrecorded elements.,collection_scope_plus_source_title_or_designation,https://doi.org/10.5006/1.3284799,https://doi.org/10.1016/j.electacta.2024.145355,high,usable_Fe_based,Keep for the comparative benchmark; preserve source grouping and apply the chosen missing-value policy consistently.
1998Yashiro,78,19,"Yashiro, H., Pound, B., Kumagai, N. & Tanno, K., Corrosion Science 40 (1998): p. 781–791",10.1016/s0010-938x(97)00178-9,The effect of permeated hydrogen on the pitting of type 304 stainless steel,304L,Fe-based stainless steel,yes,Fe_expected,approximate_only_100_minus_recorded_wt_pct,0,72.1872,72.1872,wt_pct,certificate_or_standard_at_collection_level; measured_vs_nominal_unresolved_per_source_unless_noted,missing_or_unreported; not_verified_zero,consistent_source_schema_with_blanks,,N;Ti;V;Nb,0,0,1,17,single_composition_multiple_conditions,19,19,0,0,E_pit_column_is_Ebr_mV_vs_AgAgCl_3M_KCl; may_be_pitting_or_competing_breakdown,1=actual_pitting; 0=competing_non-pitting_breakdown_right-censored,concentrations_in_raw_workbook_are_M; paper_model_used_log10_and_1e-5_M_floor_for_unmentioned_anions,,,Collection scope and source title/designation support an Fe-based stainless material; exact grade chemistry can contain unrecorded elements.,collection_scope_plus_source_title_or_designation,https://doi.org/10.1016/s0010-938x(97)00178-9,https://doi.org/10.1016/j.electacta.2024.145355,high,usable_Fe_based,Keep for the comparative benchmark; preserve source grouping and apply the chosen missing-value policy consistently.
1999AbElMeguid,79,31,"Abd El Meguid, E., Mahmoud, N. & Abd El Rehim, S., Mater. chemistry physics 63 (2000): p. 67–74",10.1016/s0254-0584(99)00206-0,The effect of some sulphur compounds on the pitting corrosion of type 304 stainless steel,AISI 304,Fe-based stainless steel,yes,Fe_expected,approximate_only_100_minus_recorded_wt_pct,0,73.53,73.53,wt_pct,certificate_or_standard_at_collection_level; measured_vs_nominal_unresolved_per_source_unless_noted,missing_or_unreported; not_verified_zero,consistent_source_schema_with_blanks,,C;N;Si;P;S;Ti;V;Mn;Nb,0,0,1,26,single_composition_multiple_conditions,31,28,3,0,E_pit_column_is_Ebr_mV_vs_AgAgCl_3M_KCl; may_be_pitting_or_competing_breakdown,1=actual_pitting; 0=competing_non-pitting_breakdown_right-censored,concentrations_in_raw_workbook_are_M; paper_model_used_log10_and_1e-5_M_floor_for_unmentioned_anions,,,Collection scope and source title/designation support an Fe-based stainless material; exact grade chemistry can contain unrecorded elements.,collection_scope_plus_source_title_or_designation,https://doi.org/10.1016/s0254-0584(99)00206-0,https://doi.org/10.1016/j.electacta.2024.145355,high,usable_Fe_based,Keep for the comparative benchmark; preserve source grouping and apply the chosen missing-value policy consistently.
1999Jargelius,80,48,"R. F. A. Jargelius-Pettersson, Corrosion Science 41 (1999): p. 1639",10.1016/s0010-938x(99)00013-x,Electrochemical investigation of the influence of nitrogen alloying on pitting corrosion of austenitic stainless steels,,Fe-based stainless steel,yes,Fe_expected,approximate_only_100_minus_recorded_wt_pct,0,48.377,53.167,wt_pct,certificate_or_standard_at_collection_level; measured_vs_nominal_unresolved_per_source_unless_noted,missing_or_unreported; not_verified_zero,consistent_source_schema_with_blanks,,S;Ti;V;Nb,0,0,8,4,multiple_compositions_and_conditions,48,48,0,0,E_pit_column_is_Ebr_mV_vs_AgAgCl_3M_KCl; may_be_pitting_or_competing_breakdown,1=actual_pitting; 0=competing_non-pitting_breakdown_right-censored,concentrations_in_raw_workbook_are_M; paper_model_used_log10_and_1e-5_M_floor_for_unmentioned_anions,,,Collection scope and source title/designation support an Fe-based stainless material; exact grade chemistry can contain unrecorded elements.,collection_scope_plus_source_title_or_designation,https://doi.org/10.1016/s0010-938x(99)00013-x,https://doi.org/10.1016/j.electacta.2024.145355,high,usable_Fe_based,Keep for the comparative benchmark; preserve source grouping and apply the chosen missing-value policy consistently.
1999Kim,81,3,"J-S. Kim, H-S. Kwon, Corrosion 55 (1999): p. 512-521",10.5006/1.3284014,Effects of Tungsten on Corrosion and Kinetics of Sigma Phase Formation of 25% Chromium Duplex Stainless Steels,,Fe-based stainless steel,yes,Fe_expected,approximate_only_100_minus_recorded_wt_pct,0,65.109,66.01,wt_pct,certificate_or_standard_at_collection_level; measured_vs_nominal_unresolved_per_source_unless_noted,missing_or_unreported; not_verified_zero,consistent_source_schema_with_blanks,,C;Si;P;S;Ti;V;Mn;Nb,0,0,3,1,multiple_compositions_single_condition,3,3,0,0,E_pit_column_is_Ebr_mV_vs_AgAgCl_3M_KCl; may_be_pitting_or_competing_breakdown,1=actual_pitting; 0=competing_non-pitting_breakdown_right-censored,concentrations_in_raw_workbook_are_M; paper_model_used_log10_and_1e-5_M_floor_for_unmentioned_anions,,,Collection scope and source title/designation support an Fe-based stainless material; exact grade chemistry can contain unrecorded elements.,collection_scope_plus_source_title_or_designation,https://doi.org/10.5006/1.3284014,https://doi.org/10.1016/j.electacta.2024.145355,high,usable_Fe_based,Keep for the comparative benchmark; preserve source grouping and apply the chosen missing-value policy consistently.
1999Wegrelius,82,1,"L. Wegrelius, F. Falkenberg, I. Olefjord, J. Electrochem. Soc. 146  (1999): p. 1397-1407",10.1149/1.1391777,Passivation of Stainless Steels in Hydrochloric Acid,,Fe-based stainless steel,yes,Fe_expected,approximate_only_100_minus_recorded_wt_pct,0,59.332,59.332,wt_pct,certificate_or_standard_at_collection_level; measured_vs_nominal_unresolved_per_source_unless_noted,missing_or_unreported; not_verified_zero,consistent_source_schema_with_blanks,,Ti;V;Nb,0,0,1,1,repeated_measurements_single_composition_condition,1,1,0,0,E_pit_column_is_Ebr_mV_vs_AgAgCl_3M_KCl; may_be_pitting_or_competing_breakdown,1=actual_pitting; 0=competing_non-pitting_breakdown_right-censored,concentrations_in_raw_workbook_are_M; paper_model_used_log10_and_1e-5_M_floor_for_unmentioned_anions,,,Collection scope and source title/designation support an Fe-based stainless material; exact grade chemistry can contain unrecorded elements.,collection_scope_plus_source_title_or_designation,https://doi.org/10.1149/1.1391777,https://doi.org/10.1016/j.electacta.2024.145355,high,usable_Fe_based,Keep for the comparative benchmark; preserve source grouping and apply the chosen missing-value policy consistently.
2000DiSchino,83,3,"Di Schino, A., Kenny, J., Mecozzi, M. & Barteri, M., J. materials science 35 (2000): p. 4803–4808",10.1023/a:1004872728797,"Development of high nitrogen, low nickel, 18%Cr austenitic stainless steels",304 SS;430+N;430TiNb,Fe-based stainless steel,yes,Fe_expected,approximate_only_100_minus_recorded_wt_pct,0,70.095,81.8,wt_pct,certificate_or_standard_at_collection_level; measured_vs_nominal_unresolved_per_source_unless_noted,missing_or_unreported; not_verified_zero,mixed_within_source,C;N;Si;P;S;Ti;Mn;Ni;Mo,V;Nb,0,0,3,1,multiple_compositions_single_condition,3,3,0,0,E_pit_column_is_Ebr_mV_vs_AgAgCl_3M_KCl; may_be_pitting_or_competing_breakdown,1=actual_pitting; 0=competing_non-pitting_breakdown_right-censored,concentrations_in_raw_workbook_are_M; paper_model_used_log10_and_1e-5_M_floor_for_unmentioned_anions,430TiNb_designation_has_no_Nb_value;composition_reporting_varies_within_source,Do not interpret blank Nb as verified zero for the 430TiNb row.,Collection scope and source title/designation support an Fe-based stainless material; exact grade chemistry can contain unrecorded elements.,collection_scope_plus_source_title_or_designation,https://doi.org/10.1023/a:1004872728797,https://doi.org/10.1016/j.electacta.2024.145355,high,usable_with_composition_caveat,Do not interpret blank Nb as verified zero for the 430TiNb row.
2000Kaneko,84,15,"Kaneko, M. & Isaacs, H., Corrosion Science 42 (2000): p. 67–78",10.1016/s0010-938x(99)00056-6,"Pitting of stainless steel in bromide, chloride and bromide/chloride solutions",18-12 CrNi,Fe-based stainless steel,yes,Fe_expected,approximate_only_100_minus_recorded_wt_pct,0,70.143,70.143,wt_pct,certificate_or_standard_at_collection_level; measured_vs_nominal_unresolved_per_source_unless_noted,missing_or_unreported; not_verified_zero,consistent_source_schema_with_blanks,,P;S;Ti;V;Nb,0,0,1,5,single_composition_multiple_conditions,15,15,0,0,E_pit_column_is_Ebr_mV_vs_AgAgCl_3M_KCl; may_be_pitting_or_competing_breakdown,1=actual_pitting; 0=competing_non-pitting_breakdown_right-censored,concentrations_in_raw_workbook_are_M; paper_model_used_log10_and_1e-5_M_floor_for_unmentioned_anions,,,Collection scope and source title/designation support an Fe-based stainless material; exact grade chemistry can contain unrecorded elements.,collection_scope_plus_source_title_or_designation,https://doi.org/10.1016/s0010-938x(99)00056-6,https://doi.org/10.1016/j.electacta.2024.145355,high,usable_Fe_based,Keep for the comparative benchmark; preserve source grouping and apply the chosen missing-value policy consistently.
2000Matsch,85,24,"Matsch, S. & Bohni, H., Russ. journal electrochemistry 36 (2000): p. 1122–1128",10.1007/bf02757532,Influence of temperature on the localized corrosion of stainless steels,1.4301;1.4301+S,Fe-based stainless steel,yes,Fe_expected,approximate_only_100_minus_recorded_wt_pct,0,70.259,71.218,wt_pct,certificate_or_standard_at_collection_level; measured_vs_nominal_unresolved_per_source_unless_noted,missing_or_unreported; not_verified_zero,mixed_within_source,Mo,Ti;V;Nb,0,0,2,4,multiple_compositions_and_conditions,24,24,0,0,E_pit_column_is_Ebr_mV_vs_AgAgCl_3M_KCl; may_be_pitting_or_competing_breakdown,1=actual_pitting; 0=competing_non-pitting_breakdown_right-censored,concentrations_in_raw_workbook_are_M; paper_model_used_log10_and_1e-5_M_floor_for_unmentioned_anions,composition_reporting_varies_within_source,,Collection scope and source title/designation support an Fe-based stainless material; exact grade chemistry can contain unrecorded elements.,collection_scope_plus_source_title_or_designation,https://doi.org/10.1007/bf02757532,https://doi.org/10.1016/j.electacta.2024.145355,high,usable_Fe_based,Keep for the comparative benchmark; preserve source grouping and apply the chosen missing-value policy consistently.
2000Noh,86,87,"Noh, J., Laycock, N., Gao, W. & Wells, D., Corrosion Science 42 (2000): p. 2069–2084",10.1016/s0010-938x(00)00052-4,Effects of nitric acid passivation on the pitting resistance of 316 stainless steel,AISI 316,Fe-based stainless steel,yes,Fe_expected,approximate_only_100_minus_recorded_wt_pct,0,67.827,67.827,wt_pct,certificate_or_standard_at_collection_level; measured_vs_nominal_unresolved_per_source_unless_noted,missing_or_unreported; not_verified_zero,consistent_source_schema_with_blanks,,N,0,0,1,9,single_composition_multiple_conditions,87,87,0,0,E_pit_column_is_Ebr_mV_vs_AgAgCl_3M_KCl; may_be_pitting_or_competing_breakdown,1=actual_pitting; 0=competing_non-pitting_breakdown_right-censored,concentrations_in_raw_workbook_are_M; paper_model_used_log10_and_1e-5_M_floor_for_unmentioned_anions,,,Collection scope and source title/designation support an Fe-based stainless material; exact grade chemistry can contain unrecorded elements.,collection_scope_plus_source_title_or_designation,https://doi.org/10.1016/s0010-938x(00)00052-4,https://doi.org/10.1016/j.electacta.2024.145355,high,usable_Fe_based,Keep for the comparative benchmark; preserve source grouping and apply the chosen missing-value policy consistently.
2000Russell,87,24,"Russell, J., Covino, B. & Bullard, S., Corrosion (Houston, Tex.) 57 (2001): p. 360–368",10.5006/1.3290360,Applications of Electrochemical Methods for Investigations of Localized Corrosion of Nitrogen-Molybdenum Stainless Steels,N-Mo SS,Fe-based N-Mo stainless experimental alloys,yes_model_alloys,Fe,approximate_after_removing_misfiled_Ti_values,0,61.857,66.433,wt_pct,certificate_or_standard_at_collection_level; measured_vs_nominal_unresolved_per_source_unless_noted,missing_or_unreported; not_verified_zero,mixed_within_source,C,Si;P;S;V;Nb,0,0,10,2,multiple_compositions_and_conditions,24,11,13,0,E_pit_column_is_Ebr_mV_vs_AgAgCl_3M_KCl; may_be_pitting_or_competing_breakdown,1=actual_pitting; 0=competing_non-pitting_breakdown_right-censored,concentrations_in_raw_workbook_are_M; paper_model_used_log10_and_1e-5_M_floor_for_unmentioned_anions,Ti_column_contains_PRE=Cr+3.3Mo+20N;composition_reporting_varies_within_source,Set these 24 Ti cells to missing/drop the field; they are not Ti composition.,The source describes 22Cr-5Ni-5Mn-(1-5)Mo-(0-0.7)N-balance Fe alloys.,source_abstract_and_formula_verification,https://doi.org/10.5006/1.3290360,https://doi.org/10.1016/j.electacta.2024.145355,high,repair_required,Set these 24 Ti cells to missing/drop the field; they are not Ti composition.
2001Lim,88,9,"Y. S. Lim, J. S. Kim, S. J. Ahn, H. S. Kwon, Y. Katada, Corrosion Science 43 (2001): p. 53",10.1016/s0010-938x(00)00074-3,The influences of microstructure and nitrogen alloying on pitting corrosion of type 316L and 20 wt.% Mn-substituted type 316L stainless steels,,Fe-based stainless steel,yes,Fe_expected,approximate_only_100_minus_recorded_wt_pct,0,46.213,67.132,wt_pct,certificate_or_standard_at_collection_level; measured_vs_nominal_unresolved_per_source_unless_noted,missing_or_unreported; not_verified_zero,consistent_source_schema_with_blanks,,C;Ti;V;Nb,0,0,5,3,multiple_compositions_and_conditions,9,9,0,0,E_pit_column_is_Ebr_mV_vs_AgAgCl_3M_KCl; may_be_pitting_or_competing_breakdown,1=actual_pitting; 0=competing_non-pitting_breakdown_right-censored,concentrations_in_raw_workbook_are_M; paper_model_used_log10_and_1e-5_M_floor_for_unmentioned_anions,,,Collection scope and source title/designation support an Fe-based stainless material; exact grade chemistry can contain unrecorded elements.,collection_scope_plus_source_title_or_designation,https://doi.org/10.1016/s0010-938x(00)00074-3,https://doi.org/10.1016/j.electacta.2024.145355,high,usable_Fe_based,Keep for the comparative benchmark; preserve source grouping and apply the chosen missing-value policy consistently.
2002Alonso,89,30,"Alonso-Falleiro, N. & Wolynec, S., Mater. Res. 5 (2002): p. 77-84",10.1590/s1516-14392002000100013,Correlation between Corrosion Potential and Pitting Potential for AISI 304L Austenitic Stainless Steel in 3.5% NaCl Aqueous Solution,1.4301,Fe-based stainless steel,yes,Fe_expected,approximate_only_100_minus_recorded_wt_pct,0,66.4428,68.488,wt_pct,certificate_or_standard_at_collection_level; measured_vs_nominal_unresolved_per_source_unless_noted,missing_or_unreported; not_verified_zero,mixed_within_source,Mo,Ti;V;Nb,0,0,2,5,multiple_compositions_and_conditions,30,30,0,0,E_pit_column_is_Ebr_mV_vs_AgAgCl_3M_KCl; may_be_pitting_or_competing_breakdown,1=actual_pitting; 0=competing_non-pitting_breakdown_right-censored,concentrations_in_raw_workbook_are_M; paper_model_used_log10_and_1e-5_M_floor_for_unmentioned_anions,composition_reporting_varies_within_source,,Collection scope and source title/designation support an Fe-based stainless material; exact grade chemistry can contain unrecorded elements.,collection_scope_plus_source_title_or_designation,https://doi.org/10.1590/s1516-14392002000100013,https://doi.org/10.1016/j.electacta.2024.145355,high,usable_Fe_based,Keep for the comparative benchmark; preserve source grouping and apply the chosen missing-value policy consistently.
2002Park,90,54,"Park, J., Matsch, S. & Böhni, H., J. Electrochem. Soc. 149 (2002): p. B34–B39",10.1149/1.1430415,Effects of Temperature and Chloride Concentration on Pit Initiation and Early Pit Growth of Stainless Steel,304L,Fe-based stainless steel,yes,Fe_expected,approximate_only_100_minus_recorded_wt_pct,0,72.983,72.983,wt_pct,certificate_or_standard_at_collection_level; measured_vs_nominal_unresolved_per_source_unless_noted,missing_or_unreported; not_verified_zero,consistent_source_schema_with_blanks,,C;N;Si;P;Ti;V;Mn;Nb;Mo,0,0,1,13,single_composition_multiple_conditions,54,54,0,0,E_pit_column_is_Ebr_mV_vs_AgAgCl_3M_KCl; may_be_pitting_or_competing_breakdown,1=actual_pitting; 0=competing_non-pitting_breakdown_right-censored,concentrations_in_raw_workbook_are_M; paper_model_used_log10_and_1e-5_M_floor_for_unmentioned_anions,,,Collection scope and source title/designation support an Fe-based stainless material; exact grade chemistry can contain unrecorded elements.,collection_scope_plus_source_title_or_designation,https://doi.org/10.1149/1.1430415,https://doi.org/10.1016/j.electacta.2024.145355,high,usable_Fe_based,Keep for the comparative benchmark; preserve source grouping and apply the chosen missing-value policy consistently.
2002Zuo,91,39,"Zuo, Y., Wang, H., Zhao, J. & Xiong, J., Corrosion Science 44 (2002): p. 13–24",10.1016/s0010-938x(01)00031-2,The effects of some anions on metastable pitting of 316L stainless steel,,Fe-based stainless steel,yes,Fe_expected,approximate_only_100_minus_recorded_wt_pct,0,65.888,65.888,wt_pct,certificate_or_standard_at_collection_level; measured_vs_nominal_unresolved_per_source_unless_noted,missing_or_unreported; not_verified_zero,consistent_source_schema_with_blanks,,N;Ti;V;Nb,0,0,1,13,single_composition_multiple_conditions,39,39,0,0,E_pit_column_is_Ebr_mV_vs_AgAgCl_3M_KCl; may_be_pitting_or_competing_breakdown,1=actual_pitting; 0=competing_non-pitting_breakdown_right-censored,concentrations_in_raw_workbook_are_M; paper_model_used_log10_and_1e-5_M_floor_for_unmentioned_anions,,,Collection scope and source title/designation support an Fe-based stainless material; exact grade chemistry can contain unrecorded elements.,collection_scope_plus_source_title_or_designation,https://doi.org/10.1016/s0010-938x(01)00031-2,https://doi.org/10.1016/j.electacta.2024.145355,high,usable_Fe_based,Keep for the comparative benchmark; preserve source grouping and apply the chosen missing-value policy consistently.
2003Ilevbare,92,31,"Ilevbare, G. & Burstein, G., Corrosion Science 45 (2003): p. 1545–1569",10.1016/s0010-938x(02)00229-9,The inhibition of pitting corrosion of stainless steels by chromate and molybdate ions,304L;316L,Fe-based stainless steel,yes,Fe_expected,approximate_only_100_minus_recorded_wt_pct,0,69.4,71.0,wt_pct,certificate_or_standard_at_collection_level; measured_vs_nominal_unresolved_per_source_unless_noted,missing_or_unreported; not_verified_zero,mixed_within_source,Mo,C;N;P;S;Ti;V;Nb,0,0,2,3,multiple_compositions_and_conditions,31,31,0,0,E_pit_column_is_Ebr_mV_vs_AgAgCl_3M_KCl; may_be_pitting_or_competing_breakdown,1=actual_pitting; 0=competing_non-pitting_breakdown_right-censored,concentrations_in_raw_workbook_are_M; paper_model_used_log10_and_1e-5_M_floor_for_unmentioned_anions,composition_reporting_varies_within_source,,Collection scope and source title/designation support an Fe-based stainless material; exact grade chemistry can contain unrecorded elements.,collection_scope_plus_source_title_or_designation,https://doi.org/10.1016/s0010-938x(02)00229-9,https://doi.org/10.1016/j.electacta.2024.145355,high,usable_Fe_based,Keep for the comparative benchmark; preserve source grouping and apply the chosen missing-value policy consistently.
2004Alentejano,93,11,"Alentejano, C. R. & Aoki, I. V., Electrochimica acta 49 (2004): p. 2779–2785",10.1016/j.electacta.2004.01.039,Localized corrosion inhibition of 304 stainless steel in pure water by oxyanions tungstate and molybdate,,Fe-based stainless steel,yes,Fe_expected,approximate_only_100_minus_recorded_wt_pct,0,73.0,73.0,wt_pct,certificate_or_standard_at_collection_level; measured_vs_nominal_unresolved_per_source_unless_noted,missing_or_unreported; not_verified_zero,consistent_source_schema_with_blanks,,C;N;Si;P;S;Ti;V;Mn;Nb;Mo,0,0,1,11,single_composition_multiple_conditions,11,9,2,0,E_pit_column_is_Ebr_mV_vs_AgAgCl_3M_KCl; may_be_pitting_or_competing_breakdown,1=actual_pitting; 0=competing_non-pitting_breakdown_right-censored,concentrations_in_raw_workbook_are_M; paper_model_used_log10_and_1e-5_M_floor_for_unmentioned_anions,,,Collection scope and source title/designation support an Fe-based stainless material; exact grade chemistry can contain unrecorded elements.,collection_scope_plus_source_title_or_designation,https://doi.org/10.1016/j.electacta.2004.01.039,https://doi.org/10.1016/j.electacta.2024.145355,high,usable_Fe_based,Keep for the comparative benchmark; preserve source grouping and apply the chosen missing-value policy consistently.
2004Elshawesh,94,12,"Elshawesh, F. & Elhoud, A. EUROCORR 2004 (2004)",,,1.4301,Fe-based stainless steel,yes,Fe_expected,approximate_only_100_minus_recorded_wt_pct,0,74.0,74.0,wt_pct,certificate_or_standard_at_collection_level; measured_vs_nominal_unresolved_per_source_unless_noted,missing_or_unreported; not_verified_zero,consistent_source_schema_with_blanks,,C;N;Si;P;S;Ti;V;Mn;Nb;Mo,0,0,1,8,single_composition_multiple_conditions,12,12,0,0,E_pit_column_is_Ebr_mV_vs_AgAgCl_3M_KCl; may_be_pitting_or_competing_breakdown,1=actual_pitting; 0=competing_non-pitting_breakdown_right-censored,concentrations_in_raw_workbook_are_M; paper_model_used_log10_and_1e-5_M_floor_for_unmentioned_anions,,,Collection scope and source title/designation support an Fe-based stainless material; exact grade chemistry can contain unrecorded elements.,collection_scope_plus_source_title_or_designation,,https://doi.org/10.1016/j.electacta.2024.145355,high,usable_Fe_based,Keep for the comparative benchmark; preserve source grouping and apply the chosen missing-value policy consistently.
2005Faller,95,7,"Faller, M., Buzzi, S. & Trzebiatowski, O. V., Mater. corrosion 56 (2005): p. 373–378",10.1002/maco.200403846,Corrosion behaviour of glass-bead blasted stainless steel sheets and other sheets with dull surface finish in a chloride solution,1.4301,Fe-based stainless steel,yes,Fe_expected,approximate_only_100_minus_recorded_wt_pct,0,70.717,70.717,wt_pct,certificate_or_standard_at_collection_level; measured_vs_nominal_unresolved_per_source_unless_noted,missing_or_unreported; not_verified_zero,consistent_source_schema_with_blanks,,N;Ti;V;Nb,0,0,1,6,single_composition_multiple_conditions,7,7,0,0,E_pit_column_is_Ebr_mV_vs_AgAgCl_3M_KCl; may_be_pitting_or_competing_breakdown,1=actual_pitting; 0=competing_non-pitting_breakdown_right-censored,concentrations_in_raw_workbook_are_M; paper_model_used_log10_and_1e-5_M_floor_for_unmentioned_anions,,,Collection scope and source title/designation support an Fe-based stainless material; exact grade chemistry can contain unrecorded elements.,collection_scope_plus_source_title_or_designation,https://doi.org/10.1002/maco.200403846,https://doi.org/10.1016/j.electacta.2024.145355,high,usable_Fe_based,Keep for the comparative benchmark; preserve source grouping and apply the chosen missing-value policy consistently.
2006Mathiesen,96,107,"Nielsen, T., Mathiesen, T. & Frantsen, J., NACE Corrosion 2007 (2007)",,,1.4404,Fe-based stainless steel,yes,Fe_expected,approximate_only_100_minus_recorded_wt_pct,0,67.715,68.086,wt_pct,certificate_or_standard_at_collection_level; measured_vs_nominal_unresolved_per_source_unless_noted,missing_or_unreported; not_verified_zero,consistent_source_schema_with_blanks,,Ti;V;Nb,0,0,2,100,multiple_compositions_and_conditions,107,87,20,0,E_pit_column_is_Ebr_mV_vs_AgAgCl_3M_KCl; may_be_pitting_or_competing_breakdown,1=actual_pitting; 0=competing_non-pitting_breakdown_right-censored,concentrations_in_raw_workbook_are_M; paper_model_used_log10_and_1e-5_M_floor_for_unmentioned_anions,,,Collection scope and source title/designation support an Fe-based stainless material; exact grade chemistry can contain unrecorded elements.,collection_scope_plus_source_title_or_designation,,https://doi.org/10.1016/j.electacta.2024.145355,high,usable_Fe_based,Keep for the comparative benchmark; preserve source grouping and apply the chosen missing-value policy consistently.
2006Muwila,97,23,"Muwila, A., M.Sc. thesis, University of the Witwatersrand, Johannesburg, South-Africa (2006)",,,,Fe-based low-Ni austenitic experimental stainless steels,yes_model_alloys,Fe,approximate_only,0,50.729517,73.0,wt_pct,certificate_or_standard_at_collection_level; measured_vs_nominal_unresolved_per_source_unless_noted,missing_or_unreported; not_verified_zero,mixed_within_source,C;N;S;Mn;Mo,Si;P;Ti;V;Nb,0,0,14,2,multiple_compositions_and_conditions,23,22,1,0,E_pit_column_is_Ebr_mV_vs_AgAgCl_3M_KCl; may_be_pitting_or_competing_breakdown,1=actual_pitting; 0=competing_non-pitting_breakdown_right-censored,concentrations_in_raw_workbook_are_M; paper_model_used_log10_and_1e-5_M_floor_for_unmentioned_anions,composition_reporting_varies_within_source,,"The dissertation reports Hercules-base experimental alloys varying Mn, Mo and N; preliminary button compositions were off target, so measured-versus-target provenance matters.",institutional_thesis_abstract_and_workbook_compositions,https://wiredspace.wits.ac.za/items/78b6192d-9bd7-49fb-a478-9f13de00cb81,https://doi.org/10.1016/j.electacta.2024.145355,high,usable_Fe_based,Keep for the comparative benchmark; preserve source grouping and apply the chosen missing-value policy consistently.
2006Shin,98,15,"Shin, J. & Lee, J.-B., J. Korean Inst. Surf. Eng. 39 (2006): p. 18–24",,,,Fe-based 22Cr-5.5Ni-3.22Mo duplex-like stainless steel,yes,Fe,approximate_only,0,66.48,66.48,wt_pct,certificate_or_standard_at_collection_level; measured_vs_nominal_unresolved_per_source_unless_noted,missing_or_unreported; not_verified_zero,consistent_source_schema_with_blanks,,C;Si;P;S;Ti;V;Nb,0,0,1,14,single_composition_multiple_conditions,15,7,8,0,E_pit_column_is_Ebr_mV_vs_AgAgCl_3M_KCl; may_be_pitting_or_competing_breakdown,1=actual_pitting; 0=competing_non-pitting_breakdown_right-censored,concentrations_in_raw_workbook_are_M; paper_model_used_log10_and_1e-5_M_floor_for_unmentioned_anions,,,The original title was not recovered; the constant workbook chemistry is a conventional Fe-balance 22Cr-5Ni-3Mo duplex composition.,workbook_composition_inference,,https://doi.org/10.1016/j.electacta.2024.145355,medium,usable_Fe_based,Keep for the comparative benchmark; preserve source grouping and apply the chosen missing-value policy consistently.
2007Nielsen,99,61,"Nielsen, T., Mathiesen, T. & Frantsen, J. NACE Corrosion 2007 (2007)",,,1.4404,Fe-based stainless steel,yes,Fe_expected,approximate_only_100_minus_recorded_wt_pct,0,68.133,68.133,wt_pct,certificate_or_standard_at_collection_level; measured_vs_nominal_unresolved_per_source_unless_noted,missing_or_unreported; not_verified_zero,consistent_source_schema_with_blanks,,Ti;V;Nb,0,0,1,58,single_composition_multiple_conditions,61,58,3,0,E_pit_column_is_Ebr_mV_vs_AgAgCl_3M_KCl; may_be_pitting_or_competing_breakdown,1=actual_pitting; 0=competing_non-pitting_breakdown_right-censored,concentrations_in_raw_workbook_are_M; paper_model_used_log10_and_1e-5_M_floor_for_unmentioned_anions,,,Collection scope and source title/designation support an Fe-based stainless material; exact grade chemistry can contain unrecorded elements.,collection_scope_plus_source_title_or_designation,,https://doi.org/10.1016/j.electacta.2024.145355,high,usable_Fe_based,Keep for the comparative benchmark; preserve source grouping and apply the chosen missing-value policy consistently.
2007Saithala,100,18,"Saithala, J. & Atkinson, J. D., Duplex 2007 (2007)",,,,Fe-based duplex and superduplex stainless steels,yes,Fe,approximate_only,0,63.7,69.22,wt_pct,certificate_or_standard_at_collection_level; measured_vs_nominal_unresolved_per_source_unless_noted,missing_or_unreported; not_verified_zero,consistent_source_schema_with_blanks,,C;Si;P;S;Ti;V;Mn;Nb,0,0,3,8,multiple_compositions_and_conditions,18,15,3,0,E_pit_column_is_Ebr_mV_vs_AgAgCl_3M_KCl; may_be_pitting_or_competing_breakdown,1=actual_pitting; 0=competing_non-pitting_breakdown_right-censored,concentrations_in_raw_workbook_are_M; paper_model_used_log10_and_1e-5_M_floor_for_unmentioned_anions,,,"The conference source covers Zeron 100, 2205 and Ferralium Alloy 255 duplex grades.",institutional_conference_record_and_workbook_compositions,https://shura.shu.ac.uk/view/types/conference%3D5Fitem/2007.date.html,https://doi.org/10.1016/j.electacta.2024.145355,high,usable_Fe_based,Keep for the comparative benchmark; preserve source grouping and apply the chosen missing-value policy consistently.
2007Yang,101,73,"Yang, S. & Macdonald, D. D., Electrochimica acta 52 (2007): p. 1871–1879 ",10.1016/j.electacta.2006.07.052,Theoretical and experimental studies of the pitting of type 316L stainless steel in borate buffer solution containing nitrate ion,1.4404L,Fe-based stainless steel,yes,Fe_expected,approximate_only_100_minus_recorded_wt_pct,0,70.72,70.72,wt_pct,certificate_or_standard_at_collection_level; measured_vs_nominal_unresolved_per_source_unless_noted,missing_or_unreported; not_verified_zero,consistent_source_schema_with_blanks,,Si;P;S;Ti;V;Mn;Nb,0,0,1,27,single_composition_multiple_conditions,73,73,0,0,E_pit_column_is_Ebr_mV_vs_AgAgCl_3M_KCl; may_be_pitting_or_competing_breakdown,1=actual_pitting; 0=competing_non-pitting_breakdown_right-censored,concentrations_in_raw_workbook_are_M; paper_model_used_log10_and_1e-5_M_floor_for_unmentioned_anions,,,Collection scope and source title/designation support an Fe-based stainless material; exact grade chemistry can contain unrecorded elements.,collection_scope_plus_source_title_or_designation,https://doi.org/10.1016/j.electacta.2006.07.052,https://doi.org/10.1016/j.electacta.2024.145355,high,usable_Fe_based,Keep for the comparative benchmark; preserve source grouping and apply the chosen missing-value policy consistently.
2008Deng,102,6,"Deng, B. et al., Electrochimica Acta 53 (2008): p. 5220–5225",10.1016/j.electacta.2008.02.047,Critical pitting and repassivation temperatures for duplex stainless steel in chloride solutions,DP2205;DP2507,Fe-based stainless steel,yes,Fe_expected,approximate_only_100_minus_recorded_wt_pct,0,63.117,66.812,wt_pct,certificate_or_standard_at_collection_level; measured_vs_nominal_unresolved_per_source_unless_noted,missing_or_unreported; not_verified_zero,consistent_source_schema_with_blanks,,Ti;V;Nb,0,0,2,6,multiple_compositions_and_conditions,6,2,4,0,E_pit_column_is_Ebr_mV_vs_AgAgCl_3M_KCl; may_be_pitting_or_competing_breakdown,1=actual_pitting; 0=competing_non-pitting_breakdown_right-censored,concentrations_in_raw_workbook_are_M; paper_model_used_log10_and_1e-5_M_floor_for_unmentioned_anions,,,Collection scope and source title/designation support an Fe-based stainless material; exact grade chemistry can contain unrecorded elements.,collection_scope_plus_source_title_or_designation,https://doi.org/10.1016/j.electacta.2008.02.047,https://doi.org/10.1016/j.electacta.2024.145355,high,usable_Fe_based,Keep for the comparative benchmark; preserve source grouping and apply the chosen missing-value policy consistently.
2008Lu,103,9,"Lu, G., Cheng, H., Xu, C. & He, Z., Chin. journal chemical engineering 16 (2008): p. 314–319",10.1016/s1004-9541(08)60080-4,Effect of Strain and Chloride Concentration on Pitting Susceptibility for Type 304 Austenitic Stainless Steel,1.4301,Fe-based stainless steel,yes,Fe_expected,approximate_only_100_minus_recorded_wt_pct,0,72.969,72.969,wt_pct,certificate_or_standard_at_collection_level; measured_vs_nominal_unresolved_per_source_unless_noted,missing_or_unreported; not_verified_zero,consistent_source_schema_with_blanks,,Ti;V;Nb;Mo,0,0,1,9,single_composition_multiple_conditions,9,9,0,0,E_pit_column_is_Ebr_mV_vs_AgAgCl_3M_KCl; may_be_pitting_or_competing_breakdown,1=actual_pitting; 0=competing_non-pitting_breakdown_right-censored,concentrations_in_raw_workbook_are_M; paper_model_used_log10_and_1e-5_M_floor_for_unmentioned_anions,,,Collection scope and source title/designation support an Fe-based stainless material; exact grade chemistry can contain unrecorded elements.,collection_scope_plus_source_title_or_designation,https://doi.org/10.1016/s1004-9541(08)60080-4,https://doi.org/10.1016/j.electacta.2024.145355,high,usable_Fe_based,Keep for the comparative benchmark; preserve source grouping and apply the chosen missing-value policy consistently.
2008Pohjanne,104,67,"Pohjanne, P., Carpén, L., Hakkarainen, T. & Kinnunen, P., J. constructional steel research 64 (2008): p. 1325–1331",10.1016/j.jcsr.2008.07.001,A method to predict pitting corrosion of stainless steels in evaporative conditions,1.4003;1.4301;1.4432,Fe-based stainless steel,yes,Fe_expected,approximate_only_100_minus_recorded_wt_pct,0,,,wt_pct,certificate_or_standard_at_collection_level; measured_vs_nominal_unresolved_per_source_unless_noted,missing_or_unreported; not_verified_zero,consistent_source_schema_with_blanks,,C;N;Si;P;S;Ti;V;Cr;Mn;Ni;Nb;Mo,67,67,1,51,single_composition_multiple_conditions,67,56,11,0,E_pit_column_is_Ebr_mV_vs_AgAgCl_3M_KCl; may_be_pitting_or_competing_breakdown,1=actual_pitting; 0=competing_non-pitting_breakdown_right-censored,concentrations_in_raw_workbook_are_M; paper_model_used_log10_and_1e-5_M_floor_for_unmentioned_anions,all_67_rows_have_no_numeric_composition;67_rows_all_composition_blank,Use alloy designation or recover grade chemistry; zero fill erases material differences.,Collection scope and source title/designation support an Fe-based stainless material; exact grade chemistry can contain unrecorded elements.,collection_scope_plus_source_title_or_designation,https://doi.org/10.1016/j.jcsr.2008.07.001,https://doi.org/10.1016/j.electacta.2024.145355,high,usable_with_composition_caveat,Use alloy designation or recover grade chemistry; zero fill erases material differences.
2009Ramana,105,68,"Ramana, K. et al., Mater. Des. 30 (2009): p. 3770–3775",10.1016/j.matdes.2009.01.039,Effect of different environmental parameters on pitting behavior of AISI type 316L stainless steel: Experimental studies and neural network modeling,316L,Fe-based stainless steel,yes,Fe_expected,approximate_only_100_minus_recorded_wt_pct,0,69.0,69.0,wt_pct,certificate_or_standard_at_collection_level; measured_vs_nominal_unresolved_per_source_unless_noted,missing_or_unreported; not_verified_zero,consistent_source_schema_with_blanks,,C;N;Si;P;S;Ti;V;Mn;Nb,0,0,1,68,single_composition_multiple_conditions,68,68,0,0,E_pit_column_is_Ebr_mV_vs_AgAgCl_3M_KCl; may_be_pitting_or_competing_breakdown,1=actual_pitting; 0=competing_non-pitting_breakdown_right-censored,concentrations_in_raw_workbook_are_M; paper_model_used_log10_and_1e-5_M_floor_for_unmentioned_anions,,,Collection scope and source title/designation support an Fe-based stainless material; exact grade chemistry can contain unrecorded elements.,collection_scope_plus_source_title_or_designation,https://doi.org/10.1016/j.matdes.2009.01.039,https://doi.org/10.1016/j.electacta.2024.145355,high,usable_Fe_based,Keep for the comparative benchmark; preserve source grouping and apply the chosen missing-value policy consistently.
2009Wong,106,92,"F. Wong, Diss. The Ohio State University, (2009)",,,NiCrMo Alloy,Ni-based Ni-Cr-Mo ternary model alloys,no,none; Ni_Cr_Mo_are_explicit_and_sum_about_100,do_not_add_Fe,92,-0.01,0.01,wt_pct,certificate_or_standard_at_collection_level; measured_vs_nominal_unresolved_per_source_unless_noted,missing_or_unreported; not_verified_zero,consistent_source_schema_with_blanks,,C;N;Si;P;S;Ti;V;Mn;Nb,0,0,23,9,multiple_compositions_and_conditions,51,51,41,0,E_pit_column_is_Ebr_mV_vs_AgAgCl_3M_KCl; may_be_pitting_or_competing_breakdown,1=actual_pitting; 0=competing_non-pitting_breakdown_right-censored,concentrations_in_raw_workbook_are_M; paper_model_used_log10_and_1e-5_M_floor_for_unmentioned_anions,,,All 92 rows are Ni-Cr-Mo alloys; recorded Ni+Cr+Mo sums to 99.99-100.01 wt%.,doctoral_thesis_record_and_workbook_compositions,https://etd.ohiolink.edu/acprod/odb_etd/r/etd/search/search-results?clear=1001&p1001_keyword=metastable%2520pitting&request=KEYWORD_SEARCH,https://doi.org/10.1016/j.electacta.2024.145355,high,keep_separate_non_Fe_family,Keep for a broad corrosion-resistant-alloy task or exclude from a stainless-only subset; never add Fe as balance.
2010Arcelor,107,56,"Arcelor Mittal. Stainless steel and corrosion. Tech. Rep., Arcelor Mittal, Paris, France (2010)",,,1.4;1.4003;1.4016;1.4017;1.4021;1.4062;1.4307;1.431;1.4318;1.4362;1.4371;1.4372;1.4404;1.4462;1.4509;1.451;1.4512;1.4521;1.4526;1.4541;1.4571;1.4618;1.4621,Fe-based stainless steel,yes,Fe_expected,approximate_only_100_minus_recorded_wt_pct,0,66.284,88.5,wt_pct,certificate_or_standard_at_collection_level; measured_vs_nominal_unresolved_per_source_unless_noted,missing_or_unreported; not_verified_zero,mixed_within_source,C;N;Si;P;S;Mn;Mo,Ti;V;Nb,0,0,25,7,multiple_compositions_and_conditions,56,53,3,0,E_pit_column_is_Ebr_mV_vs_AgAgCl_3M_KCl; may_be_pitting_or_competing_breakdown,1=actual_pitting; 0=competing_non-pitting_breakdown_right-censored,concentrations_in_raw_workbook_are_M; paper_model_used_log10_and_1e-5_M_floor_for_unmentioned_anions,composition_reporting_varies_within_source,,Collection scope and source title/designation support an Fe-based stainless material; exact grade chemistry can contain unrecorded elements.,collection_scope_plus_source_title_or_designation,,https://doi.org/10.1016/j.electacta.2024.145355,high,usable_Fe_based,Keep for the comparative benchmark; preserve source grouping and apply the chosen missing-value policy consistently.
2011Asaduzzaman,108,5,"Asaduzzaman, M. D., Mohammad, C. & Islam, M. M., Chem. Ind. & Chem. Eng. Q. 17 (2011): p. 477–483",10.2298/ciceq110406032a,Effects of concentration of sodium chloride solution on the pitting corrosion behavior of AISI 304L austenitic stainless steel,304L,Fe-based stainless steel,yes,Fe_expected,approximate_only_100_minus_recorded_wt_pct,0,70.87,70.87,wt_pct,certificate_or_standard_at_collection_level; measured_vs_nominal_unresolved_per_source_unless_noted,missing_or_unreported; not_verified_zero,consistent_source_schema_with_blanks,,N;Si;P;S;Ti;V;Mn;Nb;Mo,0,0,1,5,single_composition_multiple_conditions,5,5,0,0,E_pit_column_is_Ebr_mV_vs_AgAgCl_3M_KCl; may_be_pitting_or_competing_breakdown,1=actual_pitting; 0=competing_non-pitting_breakdown_right-censored,concentrations_in_raw_workbook_are_M; paper_model_used_log10_and_1e-5_M_floor_for_unmentioned_anions,,,Collection scope and source title/designation support an Fe-based stainless material; exact grade chemistry can contain unrecorded elements.,collection_scope_plus_source_title_or_designation,https://doi.org/10.2298/ciceq110406032a,https://doi.org/10.1016/j.electacta.2024.145355,high,usable_Fe_based,Keep for the comparative benchmark; preserve source grouping and apply the chosen missing-value policy consistently.
2011Dong,109,35,"Dong, C. et al., J. Wuhan Univ. Technol. - Mater. Sci. Ed. (2011): p. 641–647 ",10.1007/s11595-011-0283-4,Effect of temperature and Cl− concentration on pitting of 2205 duplex stainless steel,DP2205,Fe-based stainless steel,yes,Fe_expected,approximate_only_100_minus_recorded_wt_pct,0,67.236,67.236,wt_pct,certificate_or_standard_at_collection_level; measured_vs_nominal_unresolved_per_source_unless_noted,missing_or_unreported; not_verified_zero,consistent_source_schema_with_blanks,,Si;P;S;Ti;V;Nb,0,0,1,35,single_composition_multiple_conditions,35,12,23,0,E_pit_column_is_Ebr_mV_vs_AgAgCl_3M_KCl; may_be_pitting_or_competing_breakdown,1=actual_pitting; 0=competing_non-pitting_breakdown_right-censored,concentrations_in_raw_workbook_are_M; paper_model_used_log10_and_1e-5_M_floor_for_unmentioned_anions,,,Collection scope and source title/designation support an Fe-based stainless material; exact grade chemistry can contain unrecorded elements.,collection_scope_plus_source_title_or_designation,https://doi.org/10.1007/s11595-011-0283-4,https://doi.org/10.1016/j.electacta.2024.145355,high,usable_Fe_based,Keep for the comparative benchmark; preserve source grouping and apply the chosen missing-value policy consistently.
2011Ebrahimi,110,42,"Ebrahimi, N., Moayed, M. & Davoodi, A., Corrosion Science 53 (2011): p.  1278–1287",10.1016/j.corsci.2010.12.019,Critical pitting temperature dependence of 2205 duplex stainless steel on dichromate ion concentration in chloride medium,DP2205,Fe-based stainless steel,yes,Fe_expected,approximate_only_100_minus_recorded_wt_pct,0,67.9513,67.9513,wt_pct,certificate_or_standard_at_collection_level; measured_vs_nominal_unresolved_per_source_unless_noted,missing_or_unreported; not_verified_zero,consistent_source_schema_with_blanks,,Nb,0,0,1,42,single_composition_multiple_conditions,42,13,29,0,E_pit_column_is_Ebr_mV_vs_AgAgCl_3M_KCl; may_be_pitting_or_competing_breakdown,1=actual_pitting; 0=competing_non-pitting_breakdown_right-censored,concentrations_in_raw_workbook_are_M; paper_model_used_log10_and_1e-5_M_floor_for_unmentioned_anions,,,Collection scope and source title/designation support an Fe-based stainless material; exact grade chemistry can contain unrecorded elements.,collection_scope_plus_source_title_or_designation,https://doi.org/10.1016/j.corsci.2010.12.019,https://doi.org/10.1016/j.electacta.2024.145355,high,usable_Fe_based,Keep for the comparative benchmark; preserve source grouping and apply the chosen missing-value policy consistently.
2011Elsener,111,53,"Elsener, B., Addari, D., Coray, S. & Rossi, A., Mater. corrosion 62 (2011): p. 111–119",10.1002/maco.201005826,Stainless steel reinforcing bars – reason for their high pitting corrosion resistance,1.4003;1.4301;1.4401;1.4456;1.4462,Fe-based stainless steel,yes,Fe_expected,approximate_only_100_minus_recorded_wt_pct,0,61.596,74.0,wt_pct,certificate_or_standard_at_collection_level; measured_vs_nominal_unresolved_per_source_unless_noted,missing_or_unreported; not_verified_zero,mixed_within_source,N;S;Cr;Mn;Ni;Mo,C;Si;P;Ti;V;Nb,4,16,9,14,multiple_compositions_and_conditions,53,41,12,0,E_pit_column_is_Ebr_mV_vs_AgAgCl_3M_KCl; may_be_pitting_or_competing_breakdown,1=actual_pitting; 0=competing_non-pitting_breakdown_right-censored,concentrations_in_raw_workbook_are_M; paper_model_used_log10_and_1e-5_M_floor_for_unmentioned_anions,4_rows_all_composition_blank;composition_reporting_varies_within_source,,Collection scope and source title/designation support an Fe-based stainless material; exact grade chemistry can contain unrecorded elements.,collection_scope_plus_source_title_or_designation,https://doi.org/10.1002/maco.201005826,https://doi.org/10.1016/j.electacta.2024.145355,high,usable_Fe_based,Keep for the comparative benchmark; preserve source grouping and apply the chosen missing-value policy consistently.
2011Elsenser_Bertolini,112,6,,,,1.4301,Fe-based stainless steel,yes,Fe_expected,approximate_only_100_minus_recorded_wt_pct,0,74.0,74.0,wt_pct,certificate_or_standard_at_collection_level; measured_vs_nominal_unresolved_per_source_unless_noted,missing_or_unreported; not_verified_zero,consistent_source_schema_with_blanks,,C;Si;P;S;Ti;V;Mn;Nb;Mo,0,0,1,6,single_composition_multiple_conditions,6,6,0,0,E_pit_column_is_Ebr_mV_vs_AgAgCl_3M_KCl; may_be_pitting_or_competing_breakdown,1=actual_pitting; 0=competing_non-pitting_breakdown_right-censored,concentrations_in_raw_workbook_are_M; paper_model_used_log10_and_1e-5_M_floor_for_unmentioned_anions,,,Collection scope and source title/designation support an Fe-based stainless material; exact grade chemistry can contain unrecorded elements.,collection_scope_plus_source_title_or_designation,,https://doi.org/10.1016/j.electacta.2024.145355,high,usable_Fe_based,Keep for the comparative benchmark; preserve source grouping and apply the chosen missing-value policy consistently.
2011Kimbrel,113,21,"Kimbrel, K., Pharm. Eng. 31 (2011): p. 1–7",,,316L,Fe-based stainless steel,yes,Fe_expected,approximate_only_100_minus_recorded_wt_pct,0,69.0,69.0,wt_pct,certificate_or_standard_at_collection_level; measured_vs_nominal_unresolved_per_source_unless_noted,missing_or_unreported; not_verified_zero,consistent_source_schema_with_blanks,,C;N;Si;P;S;Ti;V;Mn;Nb,0,0,1,17,single_composition_multiple_conditions,21,0,0,21,E_pit_column_is_Ebr_mV_vs_AgAgCl_3M_KCl; may_be_pitting_or_competing_breakdown,1=actual_pitting; 0=competing_non-pitting_breakdown_right-censored,concentrations_in_raw_workbook_are_M; paper_model_used_log10_and_1e-5_M_floor_for_unmentioned_anions,,,Collection scope and source title/designation support an Fe-based stainless material; exact grade chemistry can contain unrecorded elements.,collection_scope_plus_source_title_or_designation,,https://doi.org/10.1016/j.electacta.2024.145355,high,usable_Fe_based,Keep for the comparative benchmark; preserve source grouping and apply the chosen missing-value policy consistently.
2012Hara,114,67,"Hara, N., Hirabayashi, K., Sugawara, Y. & Muto, I., Int. journal corrosion 2012 (2012): p. 1–6",10.1155/2012/482730,Improvement of Pitting Corrosion Resistance of Type 316L Stainless Steel by Potentiostatic Removal of Surface MnS Inclusions,1.4404,Fe-based stainless steel,yes,Fe_expected,approximate_only_100_minus_recorded_wt_pct,0,65.162,66.937,wt_pct,certificate_or_standard_at_collection_level; measured_vs_nominal_unresolved_per_source_unless_noted,missing_or_unreported; not_verified_zero,consistent_source_schema_with_blanks,,N;Ti;V;Nb,0,0,2,7,multiple_compositions_and_conditions,67,65,2,0,E_pit_column_is_Ebr_mV_vs_AgAgCl_3M_KCl; may_be_pitting_or_competing_breakdown,1=actual_pitting; 0=competing_non-pitting_breakdown_right-censored,concentrations_in_raw_workbook_are_M; paper_model_used_log10_and_1e-5_M_floor_for_unmentioned_anions,,,Collection scope and source title/designation support an Fe-based stainless material; exact grade chemistry can contain unrecorded elements.,collection_scope_plus_source_title_or_designation,https://doi.org/10.1155/2012/482730,https://doi.org/10.1016/j.electacta.2024.145355,high,usable_Fe_based,Keep for the comparative benchmark; preserve source grouping and apply the chosen missing-value policy consistently.
2013DeAngelis,115,17,"DeAngelis, C. M.Sc. thesis, Politecnico Di Milano, Milan, Italy (2013).",,,1.4301;430;470LI,Fe-based stainless steel,yes,Fe_expected,approximate_only_100_minus_recorded_wt_pct,0,74.0,82.0,wt_pct,certificate_or_standard_at_collection_level; measured_vs_nominal_unresolved_per_source_unless_noted,missing_or_unreported; not_verified_zero,mixed_within_source,Cr;Ni,C;N;Si;P;S;Ti;V;Mn;Nb;Mo,5,5,3,1,multiple_compositions_single_condition,17,17,0,0,E_pit_column_is_Ebr_mV_vs_AgAgCl_3M_KCl; may_be_pitting_or_competing_breakdown,1=actual_pitting; 0=competing_non-pitting_breakdown_right-censored,concentrations_in_raw_workbook_are_M; paper_model_used_log10_and_1e-5_M_floor_for_unmentioned_anions,5_rows_all_composition_blank;composition_reporting_varies_within_source,,Collection scope and source title/designation support an Fe-based stainless material; exact grade chemistry can contain unrecorded elements.,collection_scope_plus_source_title_or_designation,,https://doi.org/10.1016/j.electacta.2024.145355,high,usable_Fe_based,Keep for the comparative benchmark; preserve source grouping and apply the chosen missing-value policy consistently.
2013Loto,116,10,"Loto, R., J. Mater. Environ. Sci. 4 (2013): p. 291–297",,,1.4301,Fe-based stainless steel,yes,Fe_expected,approximate_only_100_minus_recorded_wt_pct,0,73.57,73.57,wt_pct,certificate_or_standard_at_collection_level; measured_vs_nominal_unresolved_per_source_unless_noted,missing_or_unreported; not_verified_zero,consistent_source_schema_with_blanks,,C;N;Si;P;S;Ti;V;Mn;Nb;Mo,0,0,1,10,single_composition_multiple_conditions,10,10,0,0,E_pit_column_is_Ebr_mV_vs_AgAgCl_3M_KCl; may_be_pitting_or_competing_breakdown,1=actual_pitting; 0=competing_non-pitting_breakdown_right-censored,concentrations_in_raw_workbook_are_M; paper_model_used_log10_and_1e-5_M_floor_for_unmentioned_anions,,,Collection scope and source title/designation support an Fe-based stainless material; exact grade chemistry can contain unrecorded elements.,collection_scope_plus_source_title_or_designation,,https://doi.org/10.1016/j.electacta.2024.145355,high,usable_Fe_based,Keep for the comparative benchmark; preserve source grouping and apply the chosen missing-value policy consistently.
2013Mesquita,117,30,"Mesquita, T., Chauveau, E., Mantal, M., Kinsman, N. & Nogueira, R., REM - Int. Eng. J. 66 (2013): p. 173–178",10.1590/s0370-44672013000200006,Influence of Mo alloying on pitting corrosion of stainless steels used as concrete reinforcement,1.4301L;1.4362;1.4404L;1.4462;430;434,Fe-based stainless steel,yes,Fe_expected,approximate_only_100_minus_recorded_wt_pct,0,66.6797,82.8495,wt_pct,certificate_or_standard_at_collection_level; measured_vs_nominal_unresolved_per_source_unless_noted,missing_or_unreported; not_verified_zero,consistent_source_schema_with_blanks,,P;Ti;V;Nb,0,0,6,7,multiple_compositions_and_conditions,30,26,4,0,E_pit_column_is_Ebr_mV_vs_AgAgCl_3M_KCl; may_be_pitting_or_competing_breakdown,1=actual_pitting; 0=competing_non-pitting_breakdown_right-censored,concentrations_in_raw_workbook_are_M; paper_model_used_log10_and_1e-5_M_floor_for_unmentioned_anions,,,Collection scope and source title/designation support an Fe-based stainless material; exact grade chemistry can contain unrecorded elements.,collection_scope_plus_source_title_or_designation,https://doi.org/10.1590/s0370-44672013000200006,https://doi.org/10.1016/j.electacta.2024.145355,high,usable_Fe_based,Keep for the comparative benchmark; preserve source grouping and apply the chosen missing-value policy consistently.
2013Orlikowski,118,15,"Orlikowski, J. & Krakowiak, S., Eng. Failure analysis 29 (2013): p. 75–82",10.1016/j.engfailanal.2012.10.013,Pitting corrosion and stress-corrosion cracking of buffer tanks in a brewery,1.4301;1.4436;1.4462,Fe-based stainless steel,yes,Fe_expected,approximate_only_100_minus_recorded_wt_pct,0,71.67,71.67,wt_pct,certificate_or_standard_at_collection_level; measured_vs_nominal_unresolved_per_source_unless_noted,missing_or_unreported; not_verified_zero,mixed_within_source,C;N;Si;P;S;Cr;Mn;Ni;Mo,Ti;V;Nb,10,10,2,5,multiple_compositions_and_conditions,15,8,7,0,E_pit_column_is_Ebr_mV_vs_AgAgCl_3M_KCl; may_be_pitting_or_competing_breakdown,1=actual_pitting; 0=competing_non-pitting_breakdown_right-censored,concentrations_in_raw_workbook_are_M; paper_model_used_log10_and_1e-5_M_floor_for_unmentioned_anions,10_rows_all_composition_blank;composition_reporting_varies_within_source,,Collection scope and source title/designation support an Fe-based stainless material; exact grade chemistry can contain unrecorded elements.,collection_scope_plus_source_title_or_designation,https://doi.org/10.1016/j.engfailanal.2012.10.013,https://doi.org/10.1016/j.electacta.2024.145355,high,usable_with_composition_caveat,Keep with source/grade indicator; recover composition before a chemistry-only final model.
2014Bikic,119,8,"Bikic, F. & Mujagic, D., Bull. Chem. Technol. Bosnia Herzegovina 42 (2014): p. 41 – 46",,,1.4301;303,Fe-based stainless steel,yes,Fe_expected,approximate_only_100_minus_recorded_wt_pct,0,70.469,72.5,wt_pct,certificate_or_standard_at_collection_level; measured_vs_nominal_unresolved_per_source_unless_noted,missing_or_unreported; not_verified_zero,mixed_within_source,C;Si;P;S;Mn,N;Ti;V;Nb;Mo,0,0,4,2,multiple_compositions_and_conditions,8,8,0,0,E_pit_column_is_Ebr_mV_vs_AgAgCl_3M_KCl; may_be_pitting_or_competing_breakdown,1=actual_pitting; 0=competing_non-pitting_breakdown_right-censored,concentrations_in_raw_workbook_are_M; paper_model_used_log10_and_1e-5_M_floor_for_unmentioned_anions,composition_reporting_varies_within_source,,Collection scope and source title/designation support an Fe-based stainless material; exact grade chemistry can contain unrecorded elements.,collection_scope_plus_source_title_or_designation,,https://doi.org/10.1016/j.electacta.2024.145355,high,usable_Fe_based,Keep for the comparative benchmark; preserve source grouping and apply the chosen missing-value policy consistently.
2014Jimenez-Come,120,16,"Jiménez-Come, M. et al., J. applied logic 10 (2012): p. 291–297",10.1016/j.jal.2012.07.005,Pitting corrosion behaviour of austenitic stainless steel using artificial intelligence techniques,1.4404,Fe-based stainless steel,yes,Fe_expected,approximate_only_100_minus_recorded_wt_pct,0,68.737,68.737,wt_pct,certificate_or_standard_at_collection_level; measured_vs_nominal_unresolved_per_source_unless_noted,missing_or_unreported; not_verified_zero,consistent_source_schema_with_blanks,,Ti;V;Nb,0,0,1,15,single_composition_multiple_conditions,16,13,3,0,E_pit_column_is_Ebr_mV_vs_AgAgCl_3M_KCl; may_be_pitting_or_competing_breakdown,1=actual_pitting; 0=competing_non-pitting_breakdown_right-censored,concentrations_in_raw_workbook_are_M; paper_model_used_log10_and_1e-5_M_floor_for_unmentioned_anions,,,Collection scope and source title/designation support an Fe-based stainless material; exact grade chemistry can contain unrecorded elements.,collection_scope_plus_source_title_or_designation,https://doi.org/10.1016/j.jal.2012.07.005,https://doi.org/10.1016/j.electacta.2024.145355,high,usable_Fe_based,Keep for the comparative benchmark; preserve source grouping and apply the chosen missing-value policy consistently.
2014Mameng,121,42,"Hägg Mameng, S. & Pettersson, R., In EuroCorr 2014 (2014)",,,1.4410;1.4432;1.4462;1.4527;1.4539;1.4565;1.4652,Fe-based stainless steel,yes,Fe_expected,approximate_only_100_minus_recorded_wt_pct,0,42.7,69.8,wt_pct,certificate_or_standard_at_collection_level; measured_vs_nominal_unresolved_per_source_unless_noted,missing_or_unreported; not_verified_zero,mixed_within_source,N;Mn,C;Si;P;S;Ti;V;Nb,0,0,7,2,multiple_compositions_and_conditions,42,33,9,0,E_pit_column_is_Ebr_mV_vs_AgAgCl_3M_KCl; may_be_pitting_or_competing_breakdown,1=actual_pitting; 0=competing_non-pitting_breakdown_right-censored,concentrations_in_raw_workbook_are_M; paper_model_used_log10_and_1e-5_M_floor_for_unmentioned_anions,composition_reporting_varies_within_source,,Collection scope and source title/designation support an Fe-based stainless material; exact grade chemistry can contain unrecorded elements.,collection_scope_plus_source_title_or_designation,,https://doi.org/10.1016/j.electacta.2024.145355,high,usable_Fe_based,Keep for the comparative benchmark; preserve source grouping and apply the chosen missing-value policy consistently.
2014Mameng2,122,241,"Mameng, S. H., Bergquist, A. & Johansson, E. NACE CORROSION/2014 (2014)",,,EN1.4162;EN1.4307,Fe-based stainless steel,yes,Fe_expected,approximate_only_100_minus_recorded_wt_pct,0,71.48,73.8,wt_pct,certificate_or_standard_at_collection_level; measured_vs_nominal_unresolved_per_source_unless_noted,missing_or_unreported; not_verified_zero,mixed_within_source,N;Mn;Mo,C;Si;P;S;Ti;V;Nb,0,0,2,64,multiple_compositions_and_conditions,241,204,37,0,E_pit_column_is_Ebr_mV_vs_AgAgCl_3M_KCl; may_be_pitting_or_competing_breakdown,1=actual_pitting; 0=competing_non-pitting_breakdown_right-censored,concentrations_in_raw_workbook_are_M; paper_model_used_log10_and_1e-5_M_floor_for_unmentioned_anions,composition_reporting_varies_within_source,,Collection scope and source title/designation support an Fe-based stainless material; exact grade chemistry can contain unrecorded elements.,collection_scope_plus_source_title_or_designation,,https://doi.org/10.1016/j.electacta.2024.145355,high,usable_Fe_based,Keep for the comparative benchmark; preserve source grouping and apply the chosen missing-value policy consistently.
2014Mendez,123,36,"Méndez, C. M. Developments in Corrosion Protection (IntechOpen, 2014)",10.5772/57275,Resistance to Corrosion and Passivity of 316L Stainless Steel Directionally Solidified Samples,1.4404-varA;1.4404-varB;1.4404-varC;1.4404-varD;1.4404-varE;1.4404-varF,Fe-based stainless steel,yes,Fe_expected,approximate_only_100_minus_recorded_wt_pct,0,53.95,66.95,wt_pct,certificate_or_standard_at_collection_level; measured_vs_nominal_unresolved_per_source_unless_noted,missing_or_unreported; not_verified_zero,consistent_source_schema_with_blanks,,C;N;Ti;V;Nb,0,0,6,1,multiple_compositions_single_condition,36,36,0,0,E_pit_column_is_Ebr_mV_vs_AgAgCl_3M_KCl; may_be_pitting_or_competing_breakdown,1=actual_pitting; 0=competing_non-pitting_breakdown_right-censored,concentrations_in_raw_workbook_are_M; paper_model_used_log10_and_1e-5_M_floor_for_unmentioned_anions,,,Collection scope and source title/designation support an Fe-based stainless material; exact grade chemistry can contain unrecorded elements.,collection_scope_plus_source_title_or_designation,https://doi.org/10.5772/57275,https://doi.org/10.1016/j.electacta.2024.145355,high,usable_Fe_based,Keep for the comparative benchmark; preserve source grouping and apply the chosen missing-value policy consistently.
2014Tang,124,60,"Tang, Y. et al., Corrosion Science 80 (2014): p. 111–119",10.1016/j.corsci.2013.11.015,The metastable pitting potential and its relation to the pitting potential for four materials in chloride solutions,316L,Fe-based stainless steel,yes,Fe_expected,approximate_only_100_minus_recorded_wt_pct,0,65.888,65.888,wt_pct,certificate_or_standard_at_collection_level; measured_vs_nominal_unresolved_per_source_unless_noted,missing_or_unreported; not_verified_zero,consistent_source_schema_with_blanks,,N;Ti;V;Nb,0,0,1,5,single_composition_multiple_conditions,60,51,9,0,E_pit_column_is_Ebr_mV_vs_AgAgCl_3M_KCl; may_be_pitting_or_competing_breakdown,1=actual_pitting; 0=competing_non-pitting_breakdown_right-censored,concentrations_in_raw_workbook_are_M; paper_model_used_log10_and_1e-5_M_floor_for_unmentioned_anions,,,Collection scope and source title/designation support an Fe-based stainless material; exact grade chemistry can contain unrecorded elements.,collection_scope_plus_source_title_or_designation,https://doi.org/10.1016/j.corsci.2013.11.015,https://doi.org/10.1016/j.electacta.2024.145355,high,usable_Fe_based,Keep for the comparative benchmark; preserve source grouping and apply the chosen missing-value policy consistently.
2014Zhou,125,87,"Zhou, Y. et al., Sci. reports 4 (2014): p. 3604–3604",10.1038/srep03604,Atomic-scale decoration for improving the pitting corrosion resistance of austenitic stainless steels,1.4404F;1.4404L,Fe-based stainless steel,yes,Fe_expected,approximate_only_100_minus_recorded_wt_pct,0,99.84,99.99,wt_pct,certificate_or_standard_at_collection_level; measured_vs_nominal_unresolved_per_source_unless_noted,missing_or_unreported; not_verified_zero,consistent_source_schema_with_blanks,,C;N;Si;P;Ti;V;Cr;Mn;Ni;Nb;Mo,0,87,2,12,multiple_compositions_and_conditions,87,87,0,0,E_pit_column_is_Ebr_mV_vs_AgAgCl_3M_KCl; may_be_pitting_or_competing_breakdown,1=actual_pitting; 0=competing_non-pitting_breakdown_right-censored,concentrations_in_raw_workbook_are_M; paper_model_used_log10_and_1e-5_M_floor_for_unmentioned_anions,only_S_is_recorded_for_316F_and_316L;87_rows_major_composition_blank,Use grade/source information or recover bulk chemistry; zero fill erases Cr/Ni/Mo.,Collection scope and source title/designation support an Fe-based stainless material; exact grade chemistry can contain unrecorded elements.,collection_scope_plus_source_title_or_designation,https://doi.org/10.1038/srep03604,https://doi.org/10.1016/j.electacta.2024.145355,high,usable_with_composition_caveat,Use grade/source information or recover bulk chemistry; zero fill erases Cr/Ni/Mo.
2015AlAmeri,126,13,"Al Ameri, M. et al., Corrosion Science 92 (2015): p. 209–216",10.1016/j.corsci.2014.12.006,Critical conditions for pit initiation and growth of austenitic stainless steels,316L,Fe-based stainless steel,yes,Fe_expected,approximate_only_100_minus_recorded_wt_pct,0,68.465,68.465,wt_pct,certificate_or_standard_at_collection_level; measured_vs_nominal_unresolved_per_source_unless_noted,missing_or_unreported; not_verified_zero,consistent_source_schema_with_blanks,,N;Ti;V;Nb,0,0,1,1,repeated_measurements_single_composition_condition,13,13,0,0,E_pit_column_is_Ebr_mV_vs_AgAgCl_3M_KCl; may_be_pitting_or_competing_breakdown,1=actual_pitting; 0=competing_non-pitting_breakdown_right-censored,concentrations_in_raw_workbook_are_M; paper_model_used_log10_and_1e-5_M_floor_for_unmentioned_anions,,,Collection scope and source title/designation support an Fe-based stainless material; exact grade chemistry can contain unrecorded elements.,collection_scope_plus_source_title_or_designation,https://doi.org/10.1016/j.corsci.2014.12.006,https://doi.org/10.1016/j.electacta.2024.145355,high,usable_Fe_based,Keep for the comparative benchmark; preserve source grouping and apply the chosen missing-value policy consistently.
2015Blackwood,127,19,"Blackwood, D. J., Corrosion Science Technol. 14 (2015): p. 253–260",10.14773/cst.2015.14.6.253,Can the Point Defect Model Explain the Influence of Temperature and Anion Size on Pitting of Stainless Steels,,Fe-based 304L and 316L stainless steels,yes,Fe,approximate_only,0,69.0,73.0,wt_pct,certificate_or_standard_at_collection_level; measured_vs_nominal_unresolved_per_source_unless_noted,missing_or_unreported; not_verified_zero,mixed_within_source,Mo,C;N;Si;P;S;Ti;V;Mn;Nb,0,0,2,11,multiple_compositions_and_conditions,19,19,0,0,E_pit_column_is_Ebr_mV_vs_AgAgCl_3M_KCl; may_be_pitting_or_competing_breakdown,1=actual_pitting; 0=competing_non-pitting_breakdown_right-censored,concentrations_in_raw_workbook_are_M; paper_model_used_log10_and_1e-5_M_floor_for_unmentioned_anions,composition_reporting_varies_within_source,,The source abstract identifies 304L and 316L; the DOI stored upstream is truncated and should end in .253.,source_abstract_and_workbook_compositions,https://doi.org/10.14773/cst.2015.14.6.253,https://doi.org/10.1016/j.electacta.2024.145355,high,usable_Fe_based,Keep for the comparative benchmark; preserve source grouping and apply the chosen missing-value policy consistently.
2015Hernandez,128,30,"Calderón-Hernández, J., Hincapíe-Ladino, D., Magnabosco, R. & Alonso-Falleiros, N., REM - Int. Eng. J. 68 (2015): p. 91–96",10.1590/0370-44672015680002,Effect of solution heat treatment on the pitting corrosion behavior of a high Mn austenitic stainless steel in chloride solution,,Fe-based stainless steel,yes,Fe_expected,approximate_only_100_minus_recorded_wt_pct,0,71.3637,71.9275,wt_pct,certificate_or_standard_at_collection_level; measured_vs_nominal_unresolved_per_source_unless_noted,missing_or_unreported; not_verified_zero,consistent_source_schema_with_blanks,,Ti;V;Nb;Mo,0,0,2,2,multiple_compositions_and_conditions,30,30,0,0,E_pit_column_is_Ebr_mV_vs_AgAgCl_3M_KCl; may_be_pitting_or_competing_breakdown,1=actual_pitting; 0=competing_non-pitting_breakdown_right-censored,concentrations_in_raw_workbook_are_M; paper_model_used_log10_and_1e-5_M_floor_for_unmentioned_anions,,,Collection scope and source title/designation support an Fe-based stainless material; exact grade chemistry can contain unrecorded elements.,collection_scope_plus_source_title_or_designation,https://doi.org/10.1590/0370-44672015680002,https://doi.org/10.1016/j.electacta.2024.145355,high,usable_Fe_based,Keep for the comparative benchmark; preserve source grouping and apply the chosen missing-value policy consistently.
2015Wu,129,5,"Wu, K., Jung, W.-S. & Byeon, J.-W., Mater. Transactions 56 (2015): p. 398–403",10.2320/matertrans.m2014389,Evaluation of Corrosion Critical Variables of 304 Stainless Steel by Delay Time of Acoustic Emission,1.4301,Fe-based stainless steel,yes,Fe_expected,approximate_only_100_minus_recorded_wt_pct,0,73.74,73.74,wt_pct,certificate_or_standard_at_collection_level; measured_vs_nominal_unresolved_per_source_unless_noted,missing_or_unreported; not_verified_zero,consistent_source_schema_with_blanks,,C;N;Si;P;S;Ti;V;Mn;Nb;Mo,0,0,1,5,single_composition_multiple_conditions,5,5,0,0,E_pit_column_is_Ebr_mV_vs_AgAgCl_3M_KCl; may_be_pitting_or_competing_breakdown,1=actual_pitting; 0=competing_non-pitting_breakdown_right-censored,concentrations_in_raw_workbook_are_M; paper_model_used_log10_and_1e-5_M_floor_for_unmentioned_anions,,,Collection scope and source title/designation support an Fe-based stainless material; exact grade chemistry can contain unrecorded elements.,collection_scope_plus_source_title_or_designation,https://doi.org/10.2320/matertrans.m2014389,https://doi.org/10.1016/j.electacta.2024.145355,high,usable_Fe_based,Keep for the comparative benchmark; preserve source grouping and apply the chosen missing-value policy consistently.
2016Alar,130,72,"Alar, V., Zmak, I., Runje, B. & Horvatic, A., International Journal of Electrochemical Science 11 (2016): p. 7674-7689",10.20964/2016.09.26,Development of Models for Prediction of Corrosion and Pitting Potential on AISI 304 Stainless Steel in Different Environmental Conditions,1.4301,Fe-based stainless steel,yes,Fe_expected,approximate_only_100_minus_recorded_wt_pct,0,74.0,74.0,wt_pct,certificate_or_standard_at_collection_level; measured_vs_nominal_unresolved_per_source_unless_noted,missing_or_unreported; not_verified_zero,consistent_source_schema_with_blanks,,C;N;Si;P;S;Ti;V;Mn;Nb;Mo,0,0,1,72,single_composition_multiple_conditions,72,66,6,0,E_pit_column_is_Ebr_mV_vs_AgAgCl_3M_KCl; may_be_pitting_or_competing_breakdown,1=actual_pitting; 0=competing_non-pitting_breakdown_right-censored,concentrations_in_raw_workbook_are_M; paper_model_used_log10_and_1e-5_M_floor_for_unmentioned_anions,,,Collection scope and source title/designation support an Fe-based stainless material; exact grade chemistry can contain unrecorded elements.,collection_scope_plus_source_title_or_designation,https://doi.org/10.20964/2016.09.26,https://doi.org/10.1016/j.electacta.2024.145355,high,usable_Fe_based,Keep for the comparative benchmark; preserve source grouping and apply the chosen missing-value policy consistently.
2017Haugan,131,16,"Haugan, E. B., Naess, M., Rodriguez, C. T., Johnsen, R. & Iannuzzi, M., Corrosion 73 (2017): p. 53–67",10.5006/2185,Effect of Tungsten on the Pitting and Crevice Corrosion Resistance of Type 25Cr Super Duplex Stainless Steels,DP2507,Fe-based stainless steel,yes,Fe_expected,approximate_only_100_minus_recorded_wt_pct,0,63.856,63.856,wt_pct,certificate_or_standard_at_collection_level; measured_vs_nominal_unresolved_per_source_unless_noted,missing_or_unreported; not_verified_zero,consistent_source_schema_with_blanks,,Ti;V;Nb,0,0,1,6,single_composition_multiple_conditions,16,3,13,0,E_pit_column_is_Ebr_mV_vs_AgAgCl_3M_KCl; may_be_pitting_or_competing_breakdown,1=actual_pitting; 0=competing_non-pitting_breakdown_right-censored,concentrations_in_raw_workbook_are_M; paper_model_used_log10_and_1e-5_M_floor_for_unmentioned_anions,,,Collection scope and source title/designation support an Fe-based stainless material; exact grade chemistry can contain unrecorded elements.,collection_scope_plus_source_title_or_designation,https://doi.org/10.5006/2185,https://doi.org/10.1016/j.electacta.2024.145355,high,usable_Fe_based,Keep for the comparative benchmark; preserve source grouping and apply the chosen missing-value policy consistently.
2017Karlsson,132,19,"Karlsson, J. M.Sc. thesis, Lund University, Lund, Sweden (2017)",,,1.4301L;1.4404L,Fe-based stainless steel,yes,Fe_expected,approximate_only_100_minus_recorded_wt_pct,0,69.658,71.757,wt_pct,certificate_or_standard_at_collection_level; measured_vs_nominal_unresolved_per_source_unless_noted,missing_or_unreported; not_verified_zero,consistent_source_schema_with_blanks,,Ti;V;Nb,0,0,2,9,multiple_compositions_and_conditions,19,16,3,0,E_pit_column_is_Ebr_mV_vs_AgAgCl_3M_KCl; may_be_pitting_or_competing_breakdown,1=actual_pitting; 0=competing_non-pitting_breakdown_right-censored,concentrations_in_raw_workbook_are_M; paper_model_used_log10_and_1e-5_M_floor_for_unmentioned_anions,,,Collection scope and source title/designation support an Fe-based stainless material; exact grade chemistry can contain unrecorded elements.,collection_scope_plus_source_title_or_designation,,https://doi.org/10.1016/j.electacta.2024.145355,high,usable_Fe_based,Keep for the comparative benchmark; preserve source grouping and apply the chosen missing-value policy consistently.
2017Loto,133,17,"Loto, R. T. Austenitic Stainless Steels - New Aspects (IntechOpen, 2017)",10.5772/intechopen.70579,Pitting Corrosion Resistance and Inhibition of Lean Austenitic Stainless Steel Alloys,301SS,Fe-based stainless steel,yes,Fe_expected,approximate_only_100_minus_recorded_wt_pct,0,69.0,76.0,wt_pct,certificate_or_standard_at_collection_level; measured_vs_nominal_unresolved_per_source_unless_noted,missing_or_unreported; not_verified_zero,mixed_within_source,Mo,C;N;Si;P;S;Ti;V;Mn;Nb,0,0,2,7,multiple_compositions_and_conditions,17,2,15,0,E_pit_column_is_Ebr_mV_vs_AgAgCl_3M_KCl; may_be_pitting_or_competing_breakdown,1=actual_pitting; 0=competing_non-pitting_breakdown_right-censored,concentrations_in_raw_workbook_are_M; paper_model_used_log10_and_1e-5_M_floor_for_unmentioned_anions,composition_reporting_varies_within_source,,Collection scope and source title/designation support an Fe-based stainless material; exact grade chemistry can contain unrecorded elements.,collection_scope_plus_source_title_or_designation,https://doi.org/10.5772/intechopen.70579,https://doi.org/10.1016/j.electacta.2024.145355,high,usable_Fe_based,Keep for the comparative benchmark; preserve source grouping and apply the chosen missing-value policy consistently.
2017Luo,134,4,"Luo, H., Su, H., Dong, C. & Li, X. Appl. surface science 400 (2017): p. 38–48",10.1016/j.apsusc.2016.12.180,Passivation and electrochemical behavior of 316L stainless steel in chlorinated simulated concrete pore solution,316L,Fe-based stainless steel,yes,Fe_expected,approximate_only_100_minus_recorded_wt_pct,0,68.978,68.978,wt_pct,certificate_or_standard_at_collection_level; measured_vs_nominal_unresolved_per_source_unless_noted,missing_or_unreported; not_verified_zero,consistent_source_schema_with_blanks,,N;Ti;V;Nb,0,0,1,4,single_composition_multiple_conditions,4,1,3,0,E_pit_column_is_Ebr_mV_vs_AgAgCl_3M_KCl; may_be_pitting_or_competing_breakdown,1=actual_pitting; 0=competing_non-pitting_breakdown_right-censored,concentrations_in_raw_workbook_are_M; paper_model_used_log10_and_1e-5_M_floor_for_unmentioned_anions,,,Collection scope and source title/designation support an Fe-based stainless material; exact grade chemistry can contain unrecorded elements.,collection_scope_plus_source_title_or_designation,https://doi.org/10.1016/j.apsusc.2016.12.180,https://doi.org/10.1016/j.electacta.2024.145355,high,usable_Fe_based,Keep for the comparative benchmark; preserve source grouping and apply the chosen missing-value policy consistently.
2017Mameng,135,64,"Mameng, S. H., Pettersson, R. & Jonson, J. Y., Mater. corrosion 68 (2017): p. 272–283",10.1002/maco.201609061,"Limiting conditions for pitting corrosion of stainless steel EN 1.4404 (316L) in terms of temperature, potential and chloride concentration",1.4404,Fe-based stainless steel,yes,Fe_expected,approximate_only_100_minus_recorded_wt_pct,0,68.441,68.441,wt_pct,certificate_or_standard_at_collection_level; measured_vs_nominal_unresolved_per_source_unless_noted,missing_or_unreported; not_verified_zero,consistent_source_schema_with_blanks,,P;S;Ti;V;Nb,0,0,1,64,single_composition_multiple_conditions,64,59,5,0,E_pit_column_is_Ebr_mV_vs_AgAgCl_3M_KCl; may_be_pitting_or_competing_breakdown,1=actual_pitting; 0=competing_non-pitting_breakdown_right-censored,concentrations_in_raw_workbook_are_M; paper_model_used_log10_and_1e-5_M_floor_for_unmentioned_anions,,,Collection scope and source title/designation support an Fe-based stainless material; exact grade chemistry can contain unrecorded elements.,collection_scope_plus_source_title_or_designation,https://doi.org/10.1002/maco.201609061,https://doi.org/10.1016/j.electacta.2024.145355,high,usable_Fe_based,Keep for the comparative benchmark; preserve source grouping and apply the chosen missing-value policy consistently.
2017Salih,136,8,"Salih, S. M., Shakir, I. K. & Al-Sammurraee, A. M. A., Mater. Sci. Appl. 8 (2017): p. 889–898",10.4236/msa.2017.812065,Comparison of Aggressiveness Behavior of Chloride and Iodide Solutions on 304 and 304L Stainless Steel Alloys,304L;304SS,Fe-based stainless steel,yes,Fe_expected,approximate_only_100_minus_recorded_wt_pct,0,68.768,69.21,wt_pct,certificate_or_standard_at_collection_level; measured_vs_nominal_unresolved_per_source_unless_noted,missing_or_unreported; not_verified_zero,consistent_source_schema_with_blanks,,P;S;Ti;V;Nb,0,0,2,4,multiple_compositions_and_conditions,8,8,0,0,E_pit_column_is_Ebr_mV_vs_AgAgCl_3M_KCl; may_be_pitting_or_competing_breakdown,1=actual_pitting; 0=competing_non-pitting_breakdown_right-censored,concentrations_in_raw_workbook_are_M; paper_model_used_log10_and_1e-5_M_floor_for_unmentioned_anions,,,Collection scope and source title/designation support an Fe-based stainless material; exact grade chemistry can contain unrecorded elements.,collection_scope_plus_source_title_or_designation,https://doi.org/10.4236/msa.2017.812065,https://doi.org/10.1016/j.electacta.2024.145355,high,usable_Fe_based,Keep for the comparative benchmark; preserve source grouping and apply the chosen missing-value policy consistently.
2018Ha,137,32,"Ha, H.-Y., Lee, T.-H., Bae, J.-H. & Chun, D. W., Met. (Basel ) 8 (2018): p. 653",10.3390/met8080653,Molybdenum Effects on Pitting Corrosion Resistance of FeCrMnMoNC Austenitic Stainless Steels,Cr18Mn10,Fe-based stainless steel,yes,Fe_expected,approximate_only_100_minus_recorded_wt_pct,0,69.0,73.0,wt_pct,certificate_or_standard_at_collection_level; measured_vs_nominal_unresolved_per_source_unless_noted,missing_or_unreported; not_verified_zero,mixed_within_source,C;N;Mn;Ni;Mo,Si;P;S;Ti;V;Nb,0,0,5,4,multiple_compositions_and_conditions,32,27,5,0,E_pit_column_is_Ebr_mV_vs_AgAgCl_3M_KCl; may_be_pitting_or_competing_breakdown,1=actual_pitting; 0=competing_non-pitting_breakdown_right-censored,concentrations_in_raw_workbook_are_M; paper_model_used_log10_and_1e-5_M_floor_for_unmentioned_anions,composition_reporting_varies_within_source,,Collection scope and source title/designation support an Fe-based stainless material; exact grade chemistry can contain unrecorded elements.,collection_scope_plus_source_title_or_designation,https://doi.org/10.3390/met8080653,https://doi.org/10.1016/j.electacta.2024.145355,high,usable_Fe_based,Keep for the comparative benchmark; preserve source grouping and apply the chosen missing-value policy consistently.
2018Huang,138,24,"Huang, T.-S., Tsai, W.-T., Pan, S.-J. & Chang, K.-C., Corros. engineering, science, technology 53 (2018): p. 9–15",10.1080/1478422x.2017.1394020,Pitting corrosion behaviour of 2101 duplex stainless steel in chloride solutions,2101LDX;DP2205,Fe-based stainless steel,yes,Fe_expected,approximate_only_100_minus_recorded_wt_pct,0,66.884,71.456,wt_pct,certificate_or_standard_at_collection_level; measured_vs_nominal_unresolved_per_source_unless_noted,missing_or_unreported; not_verified_zero,consistent_source_schema_with_blanks,,Ti;V;Nb,0,0,2,12,multiple_compositions_and_conditions,24,15,9,0,E_pit_column_is_Ebr_mV_vs_AgAgCl_3M_KCl; may_be_pitting_or_competing_breakdown,1=actual_pitting; 0=competing_non-pitting_breakdown_right-censored,concentrations_in_raw_workbook_are_M; paper_model_used_log10_and_1e-5_M_floor_for_unmentioned_anions,,,Collection scope and source title/designation support an Fe-based stainless material; exact grade chemistry can contain unrecorded elements.,collection_scope_plus_source_title_or_designation,https://doi.org/10.1080/1478422x.2017.1394020,https://doi.org/10.1016/j.electacta.2024.145355,high,usable_Fe_based,Keep for the comparative benchmark; preserve source grouping and apply the chosen missing-value policy consistently.
2018Shakir,139,8,"Shakir, I. K., Al-Samurraee, A.-K. M. A. & Saleh, S. M., J. Eng. 24 (2018): p. 53–69",10.31026/j.eng.2018.01.04,Pitting Corrosion Behavior of 304 SS and 316 SS Alloys in Aqueous Chloride and Bromide Solutions,1.4301;1.4404L,Fe-based stainless steel,yes,Fe_expected,approximate_only_100_minus_recorded_wt_pct,0,68.452,69.3,wt_pct,certificate_or_standard_at_collection_level; measured_vs_nominal_unresolved_per_source_unless_noted,missing_or_unreported; not_verified_zero,consistent_source_schema_with_blanks,,N;Ti;V;Nb,0,0,2,4,multiple_compositions_and_conditions,8,8,0,0,E_pit_column_is_Ebr_mV_vs_AgAgCl_3M_KCl; may_be_pitting_or_competing_breakdown,1=actual_pitting; 0=competing_non-pitting_breakdown_right-censored,concentrations_in_raw_workbook_are_M; paper_model_used_log10_and_1e-5_M_floor_for_unmentioned_anions,,,Collection scope and source title/designation support an Fe-based stainless material; exact grade chemistry can contain unrecorded elements.,collection_scope_plus_source_title_or_designation,https://doi.org/10.31026/j.eng.2018.01.04,https://doi.org/10.1016/j.electacta.2024.145355,high,usable_Fe_based,Keep for the comparative benchmark; preserve source grouping and apply the chosen missing-value policy consistently.
2018Shi,140,5,"Shi, W., Yang, S. & Li, J., Sci. reports 8 (2018): p. 4830–9",10.1038/s41598-018-23273-x,Correlation between evolution of inclusions and pitting corrosion in 304 stainless steel with yttrium addition,304L,Fe-based stainless steel,yes,Fe_expected,approximate_only_100_minus_recorded_wt_pct,0,72.1446,72.1446,wt_pct,certificate_or_standard_at_collection_level; measured_vs_nominal_unresolved_per_source_unless_noted,missing_or_unreported; not_verified_zero,consistent_source_schema_with_blanks,,Ti;V;Nb,0,0,1,1,repeated_measurements_single_composition_condition,5,4,1,0,E_pit_column_is_Ebr_mV_vs_AgAgCl_3M_KCl; may_be_pitting_or_competing_breakdown,1=actual_pitting; 0=competing_non-pitting_breakdown_right-censored,concentrations_in_raw_workbook_are_M; paper_model_used_log10_and_1e-5_M_floor_for_unmentioned_anions,Y_alloying_variable_has_no_workbook_column,Recover Y content or retain a source/material indicator.,Collection scope and source title/designation support an Fe-based stainless material; exact grade chemistry can contain unrecorded elements.,collection_scope_plus_source_title_or_designation,https://doi.org/10.1038/s41598-018-23273-x,https://doi.org/10.1016/j.electacta.2024.145355,high,usable_with_composition_caveat,Recover Y content or retain a source/material indicator.
2019Calderon-Hernandez,141,120,"Calderón-Hernández, J., Hincapíe-Ladino, D., Magnabosco, R. & Alonso-Falleiros, N. REM - Int. Eng. J. [online] 72 (2019): p. 97–103",10.1590/0370-44672017720018,Effect of sulfate on the pitting potential of austenitic stainless steels 18Cr8Ni and 17Cr6Mn5Ni in chloride media,1.4301L;17Cr6Mn5Ni,Fe-based stainless steel,yes,Fe_expected,approximate_only_100_minus_recorded_wt_pct,0,71.3407,71.8705,wt_pct,certificate_or_standard_at_collection_level; measured_vs_nominal_unresolved_per_source_unless_noted,missing_or_unreported; not_verified_zero,consistent_source_schema_with_blanks,,Ti;V;Nb,0,0,2,4,multiple_compositions_and_conditions,120,120,0,0,E_pit_column_is_Ebr_mV_vs_AgAgCl_3M_KCl; may_be_pitting_or_competing_breakdown,1=actual_pitting; 0=competing_non-pitting_breakdown_right-censored,concentrations_in_raw_workbook_are_M; paper_model_used_log10_and_1e-5_M_floor_for_unmentioned_anions,,,Collection scope and source title/designation support an Fe-based stainless material; exact grade chemistry can contain unrecorded elements.,collection_scope_plus_source_title_or_designation,https://doi.org/10.1590/0370-44672017720018,https://doi.org/10.1016/j.electacta.2024.145355,high,usable_Fe_based,Keep for the comparative benchmark; preserve source grouping and apply the chosen missing-value policy consistently.
2019Dastgerdi1,142,29,"Dastgerdi, A. A., Brenna, A., Ormellese, M., Pedeferri, M. P. & Bolzoni, F., Corrosion Science 159 (2019): p. 108160",10.1016/j.corsci.2019.108160,"Experimental design to study the influence of temperature, pH, and chloride concentration on the pitting and crevice corrosion of UNS S30403 stainless steel",304L,Fe-based stainless steel,yes,Fe_expected,approximate_only_100_minus_recorded_wt_pct,0,71.238,71.238,wt_pct,certificate_or_standard_at_collection_level; measured_vs_nominal_unresolved_per_source_unless_noted,missing_or_unreported; not_verified_zero,consistent_source_schema_with_blanks,,N;Ti;V;Nb,0,0,1,11,single_composition_multiple_conditions,29,29,0,0,E_pit_column_is_Ebr_mV_vs_AgAgCl_3M_KCl; may_be_pitting_or_competing_breakdown,1=actual_pitting; 0=competing_non-pitting_breakdown_right-censored,concentrations_in_raw_workbook_are_M; paper_model_used_log10_and_1e-5_M_floor_for_unmentioned_anions,,,Collection scope and source title/designation support an Fe-based stainless material; exact grade chemistry can contain unrecorded elements.,collection_scope_plus_source_title_or_designation,https://doi.org/10.1016/j.corsci.2019.108160,https://doi.org/10.1016/j.electacta.2024.145355,high,usable_Fe_based,Keep for the comparative benchmark; preserve source grouping and apply the chosen missing-value policy consistently.
2019Dastgerdi2,143,81,"Dastgerdi, A. A., Brenna, A., Ormellese, M., Pedeferri, M. P. & Bolzoni, F., Corrosion Science 159 (2019): p. 108160",10.1016/j.corsci.2019.108160,"Experimental design to study the influence of temperature, pH, and chloride concentration on the pitting and crevice corrosion of UNS S30403 stainless steel",304L,Fe-based stainless steel,yes,Fe_expected,approximate_only_100_minus_recorded_wt_pct,0,71.238,71.238,wt_pct,certificate_or_standard_at_collection_level; measured_vs_nominal_unresolved_per_source_unless_noted,missing_or_unreported; not_verified_zero,consistent_source_schema_with_blanks,,N;Ti;V;Nb,0,0,1,20,single_composition_multiple_conditions,81,81,0,0,E_pit_column_is_Ebr_mV_vs_AgAgCl_3M_KCl; may_be_pitting_or_competing_breakdown,1=actual_pitting; 0=competing_non-pitting_breakdown_right-censored,concentrations_in_raw_workbook_are_M; paper_model_used_log10_and_1e-5_M_floor_for_unmentioned_anions,,,Collection scope and source title/designation support an Fe-based stainless material; exact grade chemistry can contain unrecorded elements.,collection_scope_plus_source_title_or_designation,https://doi.org/10.1016/j.corsci.2019.108160,https://doi.org/10.1016/j.electacta.2024.145355,high,usable_Fe_based,Keep for the comparative benchmark; preserve source grouping and apply the chosen missing-value policy consistently.
2019Ha,144,24,"Ha, H.-Y., Lee, T.-H., Lee, C.-G. & Yoon, H., Corrosion Science 149 (2019): p. 226–235",10.1016/j.corsci.2019.01.001,Understanding the relation between pitting corrosion resistance and phase fraction of S32101 duplex stainless steel,LDX2101,Fe-based stainless steel,yes,Fe_expected,approximate_only_100_minus_recorded_wt_pct,0,70.538,70.538,wt_pct,certificate_or_standard_at_collection_level; measured_vs_nominal_unresolved_per_source_unless_noted,missing_or_unreported; not_verified_zero,consistent_source_schema_with_blanks,,Ti;V;Nb,0,0,1,12,single_composition_multiple_conditions,24,24,0,0,E_pit_column_is_Ebr_mV_vs_AgAgCl_3M_KCl; may_be_pitting_or_competing_breakdown,1=actual_pitting; 0=competing_non-pitting_breakdown_right-censored,concentrations_in_raw_workbook_are_M; paper_model_used_log10_and_1e-5_M_floor_for_unmentioned_anions,,,Collection scope and source title/designation support an Fe-based stainless material; exact grade chemistry can contain unrecorded elements.,collection_scope_plus_source_title_or_designation,https://doi.org/10.1016/j.corsci.2019.01.001,https://doi.org/10.1016/j.electacta.2024.145355,high,usable_Fe_based,Keep for the comparative benchmark; preserve source grouping and apply the chosen missing-value policy consistently.
2019Li,145,4,"Li, X. et al., J. The Electrochem. Soc. 166 (2019): p. C539–C549",10.1149/2.0401915jes,Modeling of Pitting Corrosion Damage Based on Electrochemical and Statistical Methods,304 SS,Fe-based stainless steel,yes,Fe_expected,approximate_only_100_minus_recorded_wt_pct,0,73.033,73.033,wt_pct,certificate_or_standard_at_collection_level; measured_vs_nominal_unresolved_per_source_unless_noted,missing_or_unreported; not_verified_zero,consistent_source_schema_with_blanks,,N;Ti;V;Nb;Mo,0,0,1,4,single_composition_multiple_conditions,4,4,0,0,E_pit_column_is_Ebr_mV_vs_AgAgCl_3M_KCl; may_be_pitting_or_competing_breakdown,1=actual_pitting; 0=competing_non-pitting_breakdown_right-censored,concentrations_in_raw_workbook_are_M; paper_model_used_log10_and_1e-5_M_floor_for_unmentioned_anions,,,Collection scope and source title/designation support an Fe-based stainless material; exact grade chemistry can contain unrecorded elements.,collection_scope_plus_source_title_or_designation,https://doi.org/10.1149/2.0401915jes,https://doi.org/10.1016/j.electacta.2024.145355,high,usable_Fe_based,Keep for the comparative benchmark; preserve source grouping and apply the chosen missing-value policy consistently.
2019Yoon,146,20,"Yoon, H. et al., Metals 9 (2019): p. 930",10.3390/met9090930,Pitting Corrosion Resistance and Repassivation Behavior of C-Bearing Duplex Stainless Steel,1.4462,Fe-based stainless steel,yes,Fe_expected,approximate_only_100_minus_recorded_wt_pct,0,67.538,67.538,wt_pct,certificate_or_standard_at_collection_level; measured_vs_nominal_unresolved_per_source_unless_noted,missing_or_unreported; not_verified_zero,consistent_source_schema_with_blanks,,Si;Ti;V;Nb,0,0,1,2,single_composition_multiple_conditions,20,20,0,0,E_pit_column_is_Ebr_mV_vs_AgAgCl_3M_KCl; may_be_pitting_or_competing_breakdown,1=actual_pitting; 0=competing_non-pitting_breakdown_right-censored,concentrations_in_raw_workbook_are_M; paper_model_used_log10_and_1e-5_M_floor_for_unmentioned_anions,,,Collection scope and source title/designation support an Fe-based stainless material; exact grade chemistry can contain unrecorded elements.,collection_scope_plus_source_title_or_designation,https://doi.org/10.3390/met9090930,https://doi.org/10.1016/j.electacta.2024.145355,high,usable_Fe_based,Keep for the comparative benchmark; preserve source grouping and apply the chosen missing-value policy consistently.
2019Zatkalikova,147,2,"Zatkalikova, V. & Markovicova, L., Prod. Eng. Arch. 25 (2019): p. 43–46",10.30657/pea.2019.25.08,Influence of temperature on corrosion resistance of austenitic stainless steel in cl − containing solutions,316Ti,Fe-based stainless steel,yes,Fe_expected,approximate_only_100_minus_recorded_wt_pct,0,68.17,68.17,wt_pct,certificate_or_standard_at_collection_level; measured_vs_nominal_unresolved_per_source_unless_noted,missing_or_unreported; not_verified_zero,consistent_source_schema_with_blanks,,V;Nb,0,0,1,2,single_composition_multiple_conditions,2,2,0,0,E_pit_column_is_Ebr_mV_vs_AgAgCl_3M_KCl; may_be_pitting_or_competing_breakdown,1=actual_pitting; 0=competing_non-pitting_breakdown_right-censored,concentrations_in_raw_workbook_are_M; paper_model_used_log10_and_1e-5_M_floor_for_unmentioned_anions,,,Collection scope and source title/designation support an Fe-based stainless material; exact grade chemistry can contain unrecorded elements.,collection_scope_plus_source_title_or_designation,https://doi.org/10.30657/pea.2019.25.08,https://doi.org/10.1016/j.electacta.2024.145355,high,usable_Fe_based,Keep for the comparative benchmark; preserve source grouping and apply the chosen missing-value policy consistently.
2020Elsener,148,8,"Elsener, B., Fantauzzi, M. & Rossi, A., Mater. Corros. 71 (2020): p. 797–807",10.1002/maco.202011557,"Stainless steels: Passive film composition, pitting potentials, and critical chloride content in concrete",EN1.4301;EN1.4456;EN1.4462,Fe-based stainless steel,yes,Fe_expected,approximate_only_100_minus_recorded_wt_pct,0,69.515,79.996,wt_pct,certificate_or_standard_at_collection_level; measured_vs_nominal_unresolved_per_source_unless_noted,missing_or_unreported; not_verified_zero,mixed_within_source,N;Mo,C;Si;P;Ti;V;Mn;Nb,0,0,3,4,multiple_compositions_and_conditions,8,0,8,0,E_pit_column_is_Ebr_mV_vs_AgAgCl_3M_KCl; may_be_pitting_or_competing_breakdown,1=actual_pitting; 0=competing_non-pitting_breakdown_right-censored,concentrations_in_raw_workbook_are_M; paper_model_used_log10_and_1e-5_M_floor_for_unmentioned_anions,composition_reporting_varies_within_source,,Collection scope and source title/designation support an Fe-based stainless material; exact grade chemistry can contain unrecorded elements.,collection_scope_plus_source_title_or_designation,https://doi.org/10.1002/maco.202011557,https://doi.org/10.1016/j.electacta.2024.145355,high,usable_Fe_based,Keep for the comparative benchmark; preserve source grouping and apply the chosen missing-value policy consistently.
2020Heyn,149,11,"Heyn, A. IOP Conf. Series: Mater. Sci. Eng. 882 (2020): p. 12010",10.1088/1757-899x/882/1/012010,Comparison of liquid and gel electrolytes for the investigation of pitting corrosion on stainless steels,1.4301,Fe-based stainless steel,yes,Fe_expected,approximate_only_100_minus_recorded_wt_pct,0,70.08,70.08,wt_pct,certificate_or_standard_at_collection_level; measured_vs_nominal_unresolved_per_source_unless_noted,missing_or_unreported; not_verified_zero,consistent_source_schema_with_blanks,,Ti;V;Nb,0,0,1,3,single_composition_multiple_conditions,11,11,0,0,E_pit_column_is_Ebr_mV_vs_AgAgCl_3M_KCl; may_be_pitting_or_competing_breakdown,1=actual_pitting; 0=competing_non-pitting_breakdown_right-censored,concentrations_in_raw_workbook_are_M; paper_model_used_log10_and_1e-5_M_floor_for_unmentioned_anions,,,Collection scope and source title/designation support an Fe-based stainless material; exact grade chemistry can contain unrecorded elements.,collection_scope_plus_source_title_or_designation,https://doi.org/10.1088/1757-899x/882/1/012010,https://doi.org/10.1016/j.electacta.2024.145355,high,usable_Fe_based,Keep for the comparative benchmark; preserve source grouping and apply the chosen missing-value policy consistently.
2020Melia,150,123,"Melia, M. A. et al., Npj Mater. degradation 4 (2020)",10.1038/s41529-020-00126-5,How build angle and post-processing impact roughness and corrosion of additively manufactured 316L stainless steel,1.4404,Fe-based stainless steel,yes,Fe_expected,approximate_only_100_minus_recorded_wt_pct,0,67.582,67.582,wt_pct,certificate_or_standard_at_collection_level; measured_vs_nominal_unresolved_per_source_unless_noted,missing_or_unreported; not_verified_zero,consistent_source_schema_with_blanks,,Ti;V;Nb,0,0,1,17,single_composition_multiple_conditions,123,112,11,0,E_pit_column_is_Ebr_mV_vs_AgAgCl_3M_KCl; may_be_pitting_or_competing_breakdown,1=actual_pitting; 0=competing_non-pitting_breakdown_right-censored,concentrations_in_raw_workbook_are_M; paper_model_used_log10_and_1e-5_M_floor_for_unmentioned_anions,,,Collection scope and source title/designation support an Fe-based stainless material; exact grade chemistry can contain unrecorded elements.,collection_scope_plus_source_title_or_designation,https://doi.org/10.1038/s41529-020-00126-5,https://doi.org/10.1016/j.electacta.2024.145355,high,usable_Fe_based,Keep for the comparative benchmark; preserve source grouping and apply the chosen missing-value policy consistently.
2020Sander,151,3,"Sander, G., Cruz, V., Bhat, N. & Birbilis, N., Corros. science 177 (2020): p. 109004",10.1016/j.corsci.2020.109004,On the in-situ characterisation of metastable pitting using 316L stainless steel as a case study,1.4404L,Fe-based stainless steel,yes,Fe_expected,approximate_only_100_minus_recorded_wt_pct,0,,,wt_pct,certificate_or_standard_at_collection_level; measured_vs_nominal_unresolved_per_source_unless_noted,missing_or_unreported; not_verified_zero,consistent_source_schema_with_blanks,,C;N;Si;P;S;Ti;V;Cr;Mn;Ni;Nb;Mo,3,3,1,1,repeated_measurements_single_composition_condition,3,3,0,0,E_pit_column_is_Ebr_mV_vs_AgAgCl_3M_KCl; may_be_pitting_or_competing_breakdown,1=actual_pitting; 0=competing_non-pitting_breakdown_right-censored,concentrations_in_raw_workbook_are_M; paper_model_used_log10_and_1e-5_M_floor_for_unmentioned_anions,all_3_rows_have_no_numeric_composition;3_rows_all_composition_blank,Use 316L designation or recover grade chemistry.,Collection scope and source title/designation support an Fe-based stainless material; exact grade chemistry can contain unrecorded elements.,collection_scope_plus_source_title_or_designation,https://doi.org/10.1016/j.corsci.2020.109004,https://doi.org/10.1016/j.electacta.2024.145355,high,usable_with_composition_caveat,Use 316L designation or recover grade chemistry.
2021Ornek,152,3,"Örnek, C., Davut, K., Kocabas, M., Bayatlı, A. & Ürgen, M., Corros. Mater. Degrad. 2 (2021): p. 397–411",10.3390/cmd2030021,Understanding Corrosion Morphology of Duplex Stainless Steel Wire in Chloride Electrolyte,EN1.4462,Fe-based stainless steel,yes,Fe_expected,approximate_only_100_minus_recorded_wt_pct,0,68.82,68.82,wt_pct,certificate_or_standard_at_collection_level; measured_vs_nominal_unresolved_per_source_unless_noted,missing_or_unreported; not_verified_zero,consistent_source_schema_with_blanks,,C;Si;P;S;Ti;V;Mn;Nb,0,0,1,3,single_composition_multiple_conditions,3,3,0,0,E_pit_column_is_Ebr_mV_vs_AgAgCl_3M_KCl; may_be_pitting_or_competing_breakdown,1=actual_pitting; 0=competing_non-pitting_breakdown_right-censored,concentrations_in_raw_workbook_are_M; paper_model_used_log10_and_1e-5_M_floor_for_unmentioned_anions,,,Collection scope and source title/designation support an Fe-based stainless material; exact grade chemistry can contain unrecorded elements.,collection_scope_plus_source_title_or_designation,https://doi.org/10.3390/cmd2030021,https://doi.org/10.1016/j.electacta.2024.145355,high,usable_Fe_based,Keep for the comparative benchmark; preserve source grouping and apply the chosen missing-value policy consistently.
2021Vignal,153,7,"Vignal, V. et al., J. Mater. Eng. Perform. 30 (2021): p. 5050–5058",10.1007/s11665-021-05621-7,Pitting Corrosion of Type 316L Stainless Steel Elaborated by the Selective Laser Melting Method: Influence of Microstructure,1.4301;1.4404;1.4539,Fe-based stainless steel,yes,Fe_expected,approximate_only_100_minus_recorded_wt_pct,0,50.5448,69.8746,wt_pct,certificate_or_standard_at_collection_level; measured_vs_nominal_unresolved_per_source_unless_noted,missing_or_unreported; not_verified_zero,mixed_within_source,P,Ti;V;Nb,0,0,5,1,multiple_compositions_single_condition,7,5,2,0,E_pit_column_is_Ebr_mV_vs_AgAgCl_3M_KCl; may_be_pitting_or_competing_breakdown,1=actual_pitting; 0=competing_non-pitting_breakdown_right-censored,concentrations_in_raw_workbook_are_M; paper_model_used_log10_and_1e-5_M_floor_for_unmentioned_anions,composition_reporting_varies_within_source,,Collection scope and source title/designation support an Fe-based stainless material; exact grade chemistry can contain unrecorded elements.,collection_scope_plus_source_title_or_designation,https://doi.org/10.1007/s11665-021-05621-7,https://doi.org/10.1016/j.electacta.2024.145355,high,usable_Fe_based,Keep for the comparative benchmark; preserve source grouping and apply the chosen missing-value policy consistently.
2022Vasyliev,154,15,"Vasyliev, G., Pylypenko, I., Kuzmenko, O. & Gerasymenko, Y., Therm. Sci. Eng. Prog. 30 (2022): p. 101278",10.1016/j.tsep.2022.101278,Fouling influence on pitting corrosion of stainless steel heat exchanging surface,,Fe-based stainless steel,yes,Fe_expected,approximate_only_100_minus_recorded_wt_pct,0,69.45,69.45,wt_pct,certificate_or_standard_at_collection_level; measured_vs_nominal_unresolved_per_source_unless_noted,missing_or_unreported; not_verified_zero,consistent_source_schema_with_blanks,,N;Ti;V;Nb,0,0,1,7,single_composition_multiple_conditions,15,15,0,0,E_pit_column_is_Ebr_mV_vs_AgAgCl_3M_KCl; may_be_pitting_or_competing_breakdown,1=actual_pitting; 0=competing_non-pitting_breakdown_right-censored,concentrations_in_raw_workbook_are_M; paper_model_used_log10_and_1e-5_M_floor_for_unmentioned_anions,,,Collection scope and source title/designation support an Fe-based stainless material; exact grade chemistry can contain unrecorded elements.,collection_scope_plus_source_title_or_designation,https://doi.org/10.1016/j.tsep.2022.101278,https://doi.org/10.1016/j.electacta.2024.145355,high,usable_Fe_based,Keep for the comparative benchmark; preserve source grouping and apply the chosen missing-value policy consistently.
