optuna_validation_fold,model,model_kind,model_source,task_id,dataset,table,target,target_threshold_median,target_binning,target_bins,target_bin_edges,regression_output,regression_uncertainty,regression_quantile_alphas,n_samples,n_train,n_test,n_features,pitting_magpie_features,n_classes,class_labels,class_counts,positive_label,positive_rate,split_strategy,split_group_count,split_train_group_count,split_test_group_count,split_group_overlap_count,include_in_summary,summary_exclusion_reason,task_quality_flags,task_family,test_mae,test_rmse,test_r2,test_spearman,test_pearson,test_nmae_iqr,test_nrmse_iqr,feature_groups,feature_group_counts,dropped_feature_columns,test_pinball_loss,test_npinball_iqr,test_quantile_calibration_mae,test_quantile_calibration_max_error,test_interval_50_coverage,test_interval_50_coverage_error,test_interval_50_mean_width,test_interval_50_nwidth_iqr,test_interval_50_winkler,test_interval_50_nwinkler_iqr,test_interval_80_coverage,test_interval_80_coverage_error,test_interval_80_mean_width,test_interval_80_nwidth_iqr,test_interval_80_winkler,test_interval_80_nwinkler_iqr,test_interval_90_coverage,test_interval_90_coverage_error,test_interval_90_mean_width,test_interval_90_nwidth_iqr,test_interval_90_winkler,test_interval_90_nwinkler_iqr,checkpoint_name,checkpoint_step
1,generic_baseline,local_tabicl_regressor,/home/fcolanto/projects/tabicl/checkpoints/tabicl_s1_regression_baseline/step-500.ckpt,electrochemical_metrics_alloys__pitting_potential__epit_mv_sce_avg,electrochemical_metrics_alloys,Pitting Potential,"Epit, mV (SCE) Avg.",,continuous,0,,median,False,,608,486,122,21,False,0,,,,,epit_pipeline_development_fold_1,0,0,0,0,True,,,normal_corrosion,248.19386855397136,314.8301756962698,0.2601112261189677,0.5457378431700151,0.5517516913985722,0.498028741812214,0.6317419410884261,"environment,material,process_history","{""environment"": 3, ""material"": 17, ""process_history"": 1}","Composition, wt.% N:numeric_sparse_0.34;Composition, wt.% C:numeric_sparse_0.45;Composition, wt.% Si:numeric_sparse_0.44;Composition, wt.% Mn:numeric_sparse_0.41;Composition, wt.% Cu:numeric_sparse_0.19;Composition, wt.% P:numeric_sparse_0.23;Composition, wt.% S:numeric_sparse_0.25;Test Solution:high_cardinality;Heat treatment:categorical_sparse_0.54;Microstructures:categorical_sparse_0.28",,,,,,,,,,,,,,,,,,,,,,,step-500,500
1,trial_0056,local_tabicl_regressor,/home/fcolanto/projects/tabicl/checkpoints/epit_pipeline_final_v1/final_epit_pipeline_optuna_empirical_features_scm_target_v7_trial_0056/step-500.ckpt,electrochemical_metrics_alloys__pitting_potential__epit_mv_sce_avg,electrochemical_metrics_alloys,Pitting Potential,"Epit, mV (SCE) Avg.",,continuous,0,,median,False,,608,486,122,21,False,0,,,,,epit_pipeline_development_fold_1,0,0,0,0,True,,,normal_corrosion,245.02186234238025,375.30165119050713,-0.051416249700199,0.3816989145014285,0.3866260890587701,0.4916637567632956,0.7530847165219542,"environment,material,process_history","{""environment"": 3, ""material"": 17, ""process_history"": 1}","Composition, wt.% N:numeric_sparse_0.34;Composition, wt.% C:numeric_sparse_0.45;Composition, wt.% Si:numeric_sparse_0.44;Composition, wt.% Mn:numeric_sparse_0.41;Composition, wt.% Cu:numeric_sparse_0.19;Composition, wt.% P:numeric_sparse_0.23;Composition, wt.% S:numeric_sparse_0.25;Test Solution:high_cardinality;Heat treatment:categorical_sparse_0.54;Microstructures:categorical_sparse_0.28",,,,,,,,,,,,,,,,,,,,,,,step-500,500
1,pretrained_tabicl_v2,pretrained_tabicl_regressor,/home/fcolanto/.cache/huggingface/hub/models--jingang--TabICL/snapshots/4dcd344ece2c00be9e831fdd35bed57b5ad83e19/tabicl-regressor-v2-20260212.ckpt,electrochemical_metrics_alloys__pitting_potential__epit_mv_sce_avg,electrochemical_metrics_alloys,Pitting Potential,"Epit, mV (SCE) Avg.",,continuous,0,,median,False,,608,486,122,21,False,0,,,,,epit_pipeline_development_fold_1,0,0,0,0,True,,,normal_corrosion,247.5178470109265,504.15891098827655,-0.8973551477817541,0.4972654121034983,0.2579260068849429,0.4966722290164623,1.011651212722474,"environment,material,process_history","{""environment"": 3, ""material"": 17, ""process_history"": 1}","Composition, wt.% N:numeric_sparse_0.34;Composition, wt.% C:numeric_sparse_0.45;Composition, wt.% Si:numeric_sparse_0.44;Composition, wt.% Mn:numeric_sparse_0.41;Composition, wt.% Cu:numeric_sparse_0.19;Composition, wt.% P:numeric_sparse_0.23;Composition, wt.% S:numeric_sparse_0.25;Test Solution:high_cardinality;Heat treatment:categorical_sparse_0.54;Microstructures:categorical_sparse_0.28",,,,,,,,,,,,,,,,,,,,,,,step-500,500
1,catboost,catboost_regressor,catboost==1.2.10;iterations=1000;depth=6;learning_rate=0.03;l2_leaf_reg=3;thread_count=8,electrochemical_metrics_alloys__pitting_potential__epit_mv_sce_avg,electrochemical_metrics_alloys,Pitting Potential,"Epit, mV (SCE) Avg.",,continuous,0,,median,False,,608,486,122,21,False,0,,,,,epit_pipeline_development_fold_1,0,0,0,0,True,,,normal_corrosion,217.56468986329372,340.6674030557137,0.1336868750181218,0.4787131740337256,0.4886175443365949,0.4365678708610748,0.6835872260211673,"environment,material,process_history","{""environment"": 3, ""material"": 17, ""process_history"": 1}","Composition, wt.% N:numeric_sparse_0.34;Composition, wt.% C:numeric_sparse_0.45;Composition, wt.% Si:numeric_sparse_0.44;Composition, wt.% Mn:numeric_sparse_0.41;Composition, wt.% Cu:numeric_sparse_0.19;Composition, wt.% P:numeric_sparse_0.23;Composition, wt.% S:numeric_sparse_0.25;Test Solution:high_cardinality;Heat treatment:categorical_sparse_0.54;Microstructures:categorical_sparse_0.28",,,,,,,,,,,,,,,,,,,,,,,step-500,500
1,generic_baseline,local_tabicl_regressor,/home/fcolanto/projects/tabicl/checkpoints/tabicl_s1_regression_baseline/step-1000.ckpt,electrochemical_metrics_alloys__pitting_potential__epit_mv_sce_avg,electrochemical_metrics_alloys,Pitting Potential,"Epit, mV (SCE) Avg.",,continuous,0,,median,False,,608,486,122,21,False,0,,,,,epit_pipeline_development_fold_1,0,0,0,0,True,,,normal_corrosion,253.8025069563923,380.7803942623566,-0.0823379661941876,0.3531402323854729,0.4140205364812012,0.509283101732995,0.7640784269414855,"environment,material,process_history","{""environment"": 3, ""material"": 17, ""process_history"": 1}","Composition, wt.% N:numeric_sparse_0.34;Composition, wt.% C:numeric_sparse_0.45;Composition, wt.% Si:numeric_sparse_0.44;Composition, wt.% Mn:numeric_sparse_0.41;Composition, wt.% Cu:numeric_sparse_0.19;Composition, wt.% P:numeric_sparse_0.23;Composition, wt.% S:numeric_sparse_0.25;Test Solution:high_cardinality;Heat treatment:categorical_sparse_0.54;Microstructures:categorical_sparse_0.28",,,,,,,,,,,,,,,,,,,,,,,step-1000,1000
1,trial_0056,local_tabicl_regressor,/home/fcolanto/projects/tabicl/checkpoints/epit_pipeline_final_v1/final_epit_pipeline_optuna_empirical_features_scm_target_v7_trial_0056/step-1000.ckpt,electrochemical_metrics_alloys__pitting_potential__epit_mv_sce_avg,electrochemical_metrics_alloys,Pitting Potential,"Epit, mV (SCE) Avg.",,continuous,0,,median,False,,608,486,122,21,False,0,,,,,epit_pipeline_development_fold_1,0,0,0,0,True,,,normal_corrosion,217.04121160507603,338.95236426443864,0.1423875647952556,0.4441863155811099,0.4841407087829335,0.4355174532185071,0.6801458089694317,"environment,material,process_history","{""environment"": 3, ""material"": 17, ""process_history"": 1}","Composition, wt.% N:numeric_sparse_0.34;Composition, wt.% C:numeric_sparse_0.45;Composition, wt.% Si:numeric_sparse_0.44;Composition, wt.% Mn:numeric_sparse_0.41;Composition, wt.% Cu:numeric_sparse_0.19;Composition, wt.% P:numeric_sparse_0.23;Composition, wt.% S:numeric_sparse_0.25;Test Solution:high_cardinality;Heat treatment:categorical_sparse_0.54;Microstructures:categorical_sparse_0.28",,,,,,,,,,,,,,,,,,,,,,,step-1000,1000
1,pretrained_tabicl_v2,pretrained_tabicl_regressor,/home/fcolanto/.cache/huggingface/hub/models--jingang--TabICL/snapshots/4dcd344ece2c00be9e831fdd35bed57b5ad83e19/tabicl-regressor-v2-20260212.ckpt,electrochemical_metrics_alloys__pitting_potential__epit_mv_sce_avg,electrochemical_metrics_alloys,Pitting Potential,"Epit, mV (SCE) Avg.",,continuous,0,,median,False,,608,486,122,21,False,0,,,,,epit_pipeline_development_fold_1,0,0,0,0,True,,,normal_corrosion,247.5178470109265,504.15891098827655,-0.8973551477817541,0.4972654121034983,0.2579260068849429,0.4966722290164623,1.011651212722474,"environment,material,process_history","{""environment"": 3, ""material"": 17, ""process_history"": 1}","Composition, wt.% N:numeric_sparse_0.34;Composition, wt.% C:numeric_sparse_0.45;Composition, wt.% Si:numeric_sparse_0.44;Composition, wt.% Mn:numeric_sparse_0.41;Composition, wt.% Cu:numeric_sparse_0.19;Composition, wt.% P:numeric_sparse_0.23;Composition, wt.% S:numeric_sparse_0.25;Test Solution:high_cardinality;Heat treatment:categorical_sparse_0.54;Microstructures:categorical_sparse_0.28",,,,,,,,,,,,,,,,,,,,,,,step-1000,1000
1,catboost,catboost_regressor,catboost==1.2.10;iterations=1000;depth=6;learning_rate=0.03;l2_leaf_reg=3;thread_count=8,electrochemical_metrics_alloys__pitting_potential__epit_mv_sce_avg,electrochemical_metrics_alloys,Pitting Potential,"Epit, mV (SCE) Avg.",,continuous,0,,median,False,,608,486,122,21,False,0,,,,,epit_pipeline_development_fold_1,0,0,0,0,True,,,normal_corrosion,217.56468986329372,340.6674030557137,0.1336868750181218,0.4787131740337256,0.4886175443365949,0.4365678708610748,0.6835872260211673,"environment,material,process_history","{""environment"": 3, ""material"": 17, ""process_history"": 1}","Composition, wt.% N:numeric_sparse_0.34;Composition, wt.% C:numeric_sparse_0.45;Composition, wt.% Si:numeric_sparse_0.44;Composition, wt.% Mn:numeric_sparse_0.41;Composition, wt.% Cu:numeric_sparse_0.19;Composition, wt.% P:numeric_sparse_0.23;Composition, wt.% S:numeric_sparse_0.25;Test Solution:high_cardinality;Heat treatment:categorical_sparse_0.54;Microstructures:categorical_sparse_0.28",,,,,,,,,,,,,,,,,,,,,,,step-1000,1000
1,generic_baseline,local_tabicl_regressor,/home/fcolanto/projects/tabicl/checkpoints/tabicl_s1_regression_baseline/step-1500.ckpt,electrochemical_metrics_alloys__pitting_potential__epit_mv_sce_avg,electrochemical_metrics_alloys,Pitting Potential,"Epit, mV (SCE) Avg.",,continuous,0,,median,False,,608,486,122,21,False,0,,,,,epit_pipeline_development_fold_1,0,0,0,0,True,,,normal_corrosion,238.61725003496747,397.7377024549093,-0.1808840476998481,0.4226830357236089,0.3956189280533832,0.4788121862235416,0.7981051614166867,"environment,material,process_history","{""environment"": 3, ""material"": 17, ""process_history"": 1}","Composition, wt.% N:numeric_sparse_0.34;Composition, wt.% C:numeric_sparse_0.45;Composition, wt.% Si:numeric_sparse_0.44;Composition, wt.% Mn:numeric_sparse_0.41;Composition, wt.% Cu:numeric_sparse_0.19;Composition, wt.% P:numeric_sparse_0.23;Composition, wt.% S:numeric_sparse_0.25;Test Solution:high_cardinality;Heat treatment:categorical_sparse_0.54;Microstructures:categorical_sparse_0.28",,,,,,,,,,,,,,,,,,,,,,,step-1500,1500
1,trial_0056,local_tabicl_regressor,/home/fcolanto/projects/tabicl/checkpoints/epit_pipeline_final_v1/final_epit_pipeline_optuna_empirical_features_scm_target_v7_trial_0056/step-1500.ckpt,electrochemical_metrics_alloys__pitting_potential__epit_mv_sce_avg,electrochemical_metrics_alloys,Pitting Potential,"Epit, mV (SCE) Avg.",,continuous,0,,median,False,,608,486,122,21,False,0,,,,,epit_pipeline_development_fold_1,0,0,0,0,True,,,normal_corrosion,221.22745500002733,364.2964662865475,0.0093422267678949,0.4187306886036502,0.4170952887248909,0.4439176185531875,0.7310015827883829,"environment,material,process_history","{""environment"": 3, ""material"": 17, ""process_history"": 1}","Composition, wt.% N:numeric_sparse_0.34;Composition, wt.% C:numeric_sparse_0.45;Composition, wt.% Si:numeric_sparse_0.44;Composition, wt.% Mn:numeric_sparse_0.41;Composition, wt.% Cu:numeric_sparse_0.19;Composition, wt.% P:numeric_sparse_0.23;Composition, wt.% S:numeric_sparse_0.25;Test Solution:high_cardinality;Heat treatment:categorical_sparse_0.54;Microstructures:categorical_sparse_0.28",,,,,,,,,,,,,,,,,,,,,,,step-1500,1500
1,pretrained_tabicl_v2,pretrained_tabicl_regressor,/home/fcolanto/.cache/huggingface/hub/models--jingang--TabICL/snapshots/4dcd344ece2c00be9e831fdd35bed57b5ad83e19/tabicl-regressor-v2-20260212.ckpt,electrochemical_metrics_alloys__pitting_potential__epit_mv_sce_avg,electrochemical_metrics_alloys,Pitting Potential,"Epit, mV (SCE) Avg.",,continuous,0,,median,False,,608,486,122,21,False,0,,,,,epit_pipeline_development_fold_1,0,0,0,0,True,,,normal_corrosion,247.5178470109265,504.15891098827655,-0.8973551477817541,0.4972654121034983,0.2579260068849429,0.4966722290164623,1.011651212722474,"environment,material,process_history","{""environment"": 3, ""material"": 17, ""process_history"": 1}","Composition, wt.% N:numeric_sparse_0.34;Composition, wt.% C:numeric_sparse_0.45;Composition, wt.% Si:numeric_sparse_0.44;Composition, wt.% Mn:numeric_sparse_0.41;Composition, wt.% Cu:numeric_sparse_0.19;Composition, wt.% P:numeric_sparse_0.23;Composition, wt.% S:numeric_sparse_0.25;Test Solution:high_cardinality;Heat treatment:categorical_sparse_0.54;Microstructures:categorical_sparse_0.28",,,,,,,,,,,,,,,,,,,,,,,step-1500,1500
1,catboost,catboost_regressor,catboost==1.2.10;iterations=1000;depth=6;learning_rate=0.03;l2_leaf_reg=3;thread_count=8,electrochemical_metrics_alloys__pitting_potential__epit_mv_sce_avg,electrochemical_metrics_alloys,Pitting Potential,"Epit, mV (SCE) Avg.",,continuous,0,,median,False,,608,486,122,21,False,0,,,,,epit_pipeline_development_fold_1,0,0,0,0,True,,,normal_corrosion,217.56468986329372,340.6674030557137,0.1336868750181218,0.4787131740337256,0.4886175443365949,0.4365678708610748,0.6835872260211673,"environment,material,process_history","{""environment"": 3, ""material"": 17, ""process_history"": 1}","Composition, wt.% N:numeric_sparse_0.34;Composition, wt.% C:numeric_sparse_0.45;Composition, wt.% Si:numeric_sparse_0.44;Composition, wt.% Mn:numeric_sparse_0.41;Composition, wt.% Cu:numeric_sparse_0.19;Composition, wt.% P:numeric_sparse_0.23;Composition, wt.% S:numeric_sparse_0.25;Test Solution:high_cardinality;Heat treatment:categorical_sparse_0.54;Microstructures:categorical_sparse_0.28",,,,,,,,,,,,,,,,,,,,,,,step-1500,1500
1,generic_baseline,local_tabicl_regressor,/home/fcolanto/projects/tabicl/checkpoints/tabicl_s1_regression_baseline/step-2000.ckpt,electrochemical_metrics_alloys__pitting_potential__epit_mv_sce_avg,electrochemical_metrics_alloys,Pitting Potential,"Epit, mV (SCE) Avg.",,continuous,0,,median,False,,608,486,122,21,False,0,,,,,epit_pipeline_development_fold_1,0,0,0,0,True,,,normal_corrosion,239.2264430752596,426.9828659493052,-0.3609263732825758,0.4223393533653516,0.3497104647571358,0.4800346001580399,0.8567888511631934,"environment,material,process_history","{""environment"": 3, ""material"": 17, ""process_history"": 1}","Composition, wt.% N:numeric_sparse_0.34;Composition, wt.% C:numeric_sparse_0.45;Composition, wt.% Si:numeric_sparse_0.44;Composition, wt.% Mn:numeric_sparse_0.41;Composition, wt.% Cu:numeric_sparse_0.19;Composition, wt.% P:numeric_sparse_0.23;Composition, wt.% S:numeric_sparse_0.25;Test Solution:high_cardinality;Heat treatment:categorical_sparse_0.54;Microstructures:categorical_sparse_0.28",,,,,,,,,,,,,,,,,,,,,,,step-2000,2000
1,trial_0056,local_tabicl_regressor,/home/fcolanto/projects/tabicl/checkpoints/epit_pipeline_final_v1/final_epit_pipeline_optuna_empirical_features_scm_target_v7_trial_0056/step-2000.ckpt,electrochemical_metrics_alloys__pitting_potential__epit_mv_sce_avg,electrochemical_metrics_alloys,Pitting Potential,"Epit, mV (SCE) Avg.",,continuous,0,,median,False,,608,486,122,21,False,0,,,,,epit_pipeline_development_fold_1,0,0,0,0,True,,,normal_corrosion,216.7969706804974,363.8775414828895,0.0116193418613829,0.4144181359351334,0.4395427060531094,0.4350273565006645,0.7301609633399843,"environment,material,process_history","{""environment"": 3, ""material"": 17, ""process_history"": 1}","Composition, wt.% N:numeric_sparse_0.34;Composition, wt.% C:numeric_sparse_0.45;Composition, wt.% Si:numeric_sparse_0.44;Composition, wt.% Mn:numeric_sparse_0.41;Composition, wt.% Cu:numeric_sparse_0.19;Composition, wt.% P:numeric_sparse_0.23;Composition, wt.% S:numeric_sparse_0.25;Test Solution:high_cardinality;Heat treatment:categorical_sparse_0.54;Microstructures:categorical_sparse_0.28",,,,,,,,,,,,,,,,,,,,,,,step-2000,2000
1,pretrained_tabicl_v2,pretrained_tabicl_regressor,/home/fcolanto/.cache/huggingface/hub/models--jingang--TabICL/snapshots/4dcd344ece2c00be9e831fdd35bed57b5ad83e19/tabicl-regressor-v2-20260212.ckpt,electrochemical_metrics_alloys__pitting_potential__epit_mv_sce_avg,electrochemical_metrics_alloys,Pitting Potential,"Epit, mV (SCE) Avg.",,continuous,0,,median,False,,608,486,122,21,False,0,,,,,epit_pipeline_development_fold_1,0,0,0,0,True,,,normal_corrosion,247.5178470109265,504.15891098827655,-0.8973551477817541,0.4972654121034983,0.2579260068849429,0.4966722290164623,1.011651212722474,"environment,material,process_history","{""environment"": 3, ""material"": 17, ""process_history"": 1}","Composition, wt.% N:numeric_sparse_0.34;Composition, wt.% C:numeric_sparse_0.45;Composition, wt.% Si:numeric_sparse_0.44;Composition, wt.% Mn:numeric_sparse_0.41;Composition, wt.% Cu:numeric_sparse_0.19;Composition, wt.% P:numeric_sparse_0.23;Composition, wt.% S:numeric_sparse_0.25;Test Solution:high_cardinality;Heat treatment:categorical_sparse_0.54;Microstructures:categorical_sparse_0.28",,,,,,,,,,,,,,,,,,,,,,,step-2000,2000
1,catboost,catboost_regressor,catboost==1.2.10;iterations=1000;depth=6;learning_rate=0.03;l2_leaf_reg=3;thread_count=8,electrochemical_metrics_alloys__pitting_potential__epit_mv_sce_avg,electrochemical_metrics_alloys,Pitting Potential,"Epit, mV (SCE) Avg.",,continuous,0,,median,False,,608,486,122,21,False,0,,,,,epit_pipeline_development_fold_1,0,0,0,0,True,,,normal_corrosion,217.56468986329372,340.6674030557137,0.1336868750181218,0.4787131740337256,0.4886175443365949,0.4365678708610748,0.6835872260211673,"environment,material,process_history","{""environment"": 3, ""material"": 17, ""process_history"": 1}","Composition, wt.% N:numeric_sparse_0.34;Composition, wt.% C:numeric_sparse_0.45;Composition, wt.% Si:numeric_sparse_0.44;Composition, wt.% Mn:numeric_sparse_0.41;Composition, wt.% Cu:numeric_sparse_0.19;Composition, wt.% P:numeric_sparse_0.23;Composition, wt.% S:numeric_sparse_0.25;Test Solution:high_cardinality;Heat treatment:categorical_sparse_0.54;Microstructures:categorical_sparse_0.28",,,,,,,,,,,,,,,,,,,,,,,step-2000,2000
1,generic_baseline,local_tabicl_regressor,/home/fcolanto/projects/tabicl/checkpoints/tabicl_s1_regression_baseline/step-2500.ckpt,electrochemical_metrics_alloys__pitting_potential__epit_mv_sce_avg,electrochemical_metrics_alloys,Pitting Potential,"Epit, mV (SCE) Avg.",,continuous,0,,median,False,,608,486,122,21,False,0,,,,,epit_pipeline_development_fold_1,0,0,0,0,True,,,normal_corrosion,257.5563063078187,464.32268054530965,-0.609361213523983,0.4359379389829352,0.3207273341682393,0.5168155197532244,0.9317153632124044,"environment,material,process_history","{""environment"": 3, ""material"": 17, ""process_history"": 1}","Composition, wt.% N:numeric_sparse_0.34;Composition, wt.% C:numeric_sparse_0.45;Composition, wt.% Si:numeric_sparse_0.44;Composition, wt.% Mn:numeric_sparse_0.41;Composition, wt.% Cu:numeric_sparse_0.19;Composition, wt.% P:numeric_sparse_0.23;Composition, wt.% S:numeric_sparse_0.25;Test Solution:high_cardinality;Heat treatment:categorical_sparse_0.54;Microstructures:categorical_sparse_0.28",,,,,,,,,,,,,,,,,,,,,,,step-2500,2500
1,trial_0056,local_tabicl_regressor,/home/fcolanto/projects/tabicl/checkpoints/epit_pipeline_final_v1/final_epit_pipeline_optuna_empirical_features_scm_target_v7_trial_0056/step-2500.ckpt,electrochemical_metrics_alloys__pitting_potential__epit_mv_sce_avg,electrochemical_metrics_alloys,Pitting Potential,"Epit, mV (SCE) Avg.",,continuous,0,,median,False,,608,486,122,21,False,0,,,,,epit_pipeline_development_fold_1,0,0,0,0,True,,,normal_corrosion,220.4646066185224,383.3977982921523,-0.0972686308477186,0.4211100280069698,0.4350327476062409,0.442386878000055,0.7693305407159639,"environment,material,process_history","{""environment"": 3, ""material"": 17, ""process_history"": 1}","Composition, wt.% N:numeric_sparse_0.34;Composition, wt.% C:numeric_sparse_0.45;Composition, wt.% Si:numeric_sparse_0.44;Composition, wt.% Mn:numeric_sparse_0.41;Composition, wt.% Cu:numeric_sparse_0.19;Composition, wt.% P:numeric_sparse_0.23;Composition, wt.% S:numeric_sparse_0.25;Test Solution:high_cardinality;Heat treatment:categorical_sparse_0.54;Microstructures:categorical_sparse_0.28",,,,,,,,,,,,,,,,,,,,,,,step-2500,2500
1,pretrained_tabicl_v2,pretrained_tabicl_regressor,/home/fcolanto/.cache/huggingface/hub/models--jingang--TabICL/snapshots/4dcd344ece2c00be9e831fdd35bed57b5ad83e19/tabicl-regressor-v2-20260212.ckpt,electrochemical_metrics_alloys__pitting_potential__epit_mv_sce_avg,electrochemical_metrics_alloys,Pitting Potential,"Epit, mV (SCE) Avg.",,continuous,0,,median,False,,608,486,122,21,False,0,,,,,epit_pipeline_development_fold_1,0,0,0,0,True,,,normal_corrosion,247.5178470109265,504.15891098827655,-0.8973551477817541,0.4972654121034983,0.2579260068849429,0.4966722290164623,1.011651212722474,"environment,material,process_history","{""environment"": 3, ""material"": 17, ""process_history"": 1}","Composition, wt.% N:numeric_sparse_0.34;Composition, wt.% C:numeric_sparse_0.45;Composition, wt.% Si:numeric_sparse_0.44;Composition, wt.% Mn:numeric_sparse_0.41;Composition, wt.% Cu:numeric_sparse_0.19;Composition, wt.% P:numeric_sparse_0.23;Composition, wt.% S:numeric_sparse_0.25;Test Solution:high_cardinality;Heat treatment:categorical_sparse_0.54;Microstructures:categorical_sparse_0.28",,,,,,,,,,,,,,,,,,,,,,,step-2500,2500
1,catboost,catboost_regressor,catboost==1.2.10;iterations=1000;depth=6;learning_rate=0.03;l2_leaf_reg=3;thread_count=8,electrochemical_metrics_alloys__pitting_potential__epit_mv_sce_avg,electrochemical_metrics_alloys,Pitting Potential,"Epit, mV (SCE) Avg.",,continuous,0,,median,False,,608,486,122,21,False,0,,,,,epit_pipeline_development_fold_1,0,0,0,0,True,,,normal_corrosion,217.56468986329372,340.6674030557137,0.1336868750181218,0.4787131740337256,0.4886175443365949,0.4365678708610748,0.6835872260211673,"environment,material,process_history","{""environment"": 3, ""material"": 17, ""process_history"": 1}","Composition, wt.% N:numeric_sparse_0.34;Composition, wt.% C:numeric_sparse_0.45;Composition, wt.% Si:numeric_sparse_0.44;Composition, wt.% Mn:numeric_sparse_0.41;Composition, wt.% Cu:numeric_sparse_0.19;Composition, wt.% P:numeric_sparse_0.23;Composition, wt.% S:numeric_sparse_0.25;Test Solution:high_cardinality;Heat treatment:categorical_sparse_0.54;Microstructures:categorical_sparse_0.28",,,,,,,,,,,,,,,,,,,,,,,step-2500,2500
1,generic_baseline,local_tabicl_regressor,/home/fcolanto/projects/tabicl/checkpoints/tabicl_s1_regression_baseline/step-3000.ckpt,electrochemical_metrics_alloys__pitting_potential__epit_mv_sce_avg,electrochemical_metrics_alloys,Pitting Potential,"Epit, mV (SCE) Avg.",,continuous,0,,median,False,,608,486,122,21,False,0,,,,,epit_pipeline_development_fold_1,0,0,0,0,True,,,normal_corrosion,258.7539744896915,452.960279169091,-0.5315598538569388,0.4310569885680699,0.3297152357062977,0.519218774842489,0.9089154346955038,"environment,material,process_history","{""environment"": 3, ""material"": 17, ""process_history"": 1}","Composition, wt.% N:numeric_sparse_0.34;Composition, wt.% C:numeric_sparse_0.45;Composition, wt.% Si:numeric_sparse_0.44;Composition, wt.% Mn:numeric_sparse_0.41;Composition, wt.% Cu:numeric_sparse_0.19;Composition, wt.% P:numeric_sparse_0.23;Composition, wt.% S:numeric_sparse_0.25;Test Solution:high_cardinality;Heat treatment:categorical_sparse_0.54;Microstructures:categorical_sparse_0.28",,,,,,,,,,,,,,,,,,,,,,,step-3000,3000
1,trial_0056,local_tabicl_regressor,/home/fcolanto/projects/tabicl/checkpoints/epit_pipeline_final_v1/final_epit_pipeline_optuna_empirical_features_scm_target_v7_trial_0056/step-3000.ckpt,electrochemical_metrics_alloys__pitting_potential__epit_mv_sce_avg,electrochemical_metrics_alloys,Pitting Potential,"Epit, mV (SCE) Avg.",,continuous,0,,median,False,,608,486,122,21,False,0,,,,,epit_pipeline_development_fold_1,0,0,0,0,True,,,normal_corrosion,221.5574719025001,359.6066238478814,0.0346848996161097,0.4528709044032264,0.4820395250239883,0.444579834359214,0.7215908896772495,"environment,material,process_history","{""environment"": 3, ""material"": 17, ""process_history"": 1}","Composition, wt.% N:numeric_sparse_0.34;Composition, wt.% C:numeric_sparse_0.45;Composition, wt.% Si:numeric_sparse_0.44;Composition, wt.% Mn:numeric_sparse_0.41;Composition, wt.% Cu:numeric_sparse_0.19;Composition, wt.% P:numeric_sparse_0.23;Composition, wt.% S:numeric_sparse_0.25;Test Solution:high_cardinality;Heat treatment:categorical_sparse_0.54;Microstructures:categorical_sparse_0.28",,,,,,,,,,,,,,,,,,,,,,,step-3000,3000
1,pretrained_tabicl_v2,pretrained_tabicl_regressor,/home/fcolanto/.cache/huggingface/hub/models--jingang--TabICL/snapshots/4dcd344ece2c00be9e831fdd35bed57b5ad83e19/tabicl-regressor-v2-20260212.ckpt,electrochemical_metrics_alloys__pitting_potential__epit_mv_sce_avg,electrochemical_metrics_alloys,Pitting Potential,"Epit, mV (SCE) Avg.",,continuous,0,,median,False,,608,486,122,21,False,0,,,,,epit_pipeline_development_fold_1,0,0,0,0,True,,,normal_corrosion,247.5178470109265,504.15891098827655,-0.8973551477817541,0.4972654121034983,0.2579260068849429,0.4966722290164623,1.011651212722474,"environment,material,process_history","{""environment"": 3, ""material"": 17, ""process_history"": 1}","Composition, wt.% N:numeric_sparse_0.34;Composition, wt.% C:numeric_sparse_0.45;Composition, wt.% Si:numeric_sparse_0.44;Composition, wt.% Mn:numeric_sparse_0.41;Composition, wt.% Cu:numeric_sparse_0.19;Composition, wt.% P:numeric_sparse_0.23;Composition, wt.% S:numeric_sparse_0.25;Test Solution:high_cardinality;Heat treatment:categorical_sparse_0.54;Microstructures:categorical_sparse_0.28",,,,,,,,,,,,,,,,,,,,,,,step-3000,3000
1,catboost,catboost_regressor,catboost==1.2.10;iterations=1000;depth=6;learning_rate=0.03;l2_leaf_reg=3;thread_count=8,electrochemical_metrics_alloys__pitting_potential__epit_mv_sce_avg,electrochemical_metrics_alloys,Pitting Potential,"Epit, mV (SCE) Avg.",,continuous,0,,median,False,,608,486,122,21,False,0,,,,,epit_pipeline_development_fold_1,0,0,0,0,True,,,normal_corrosion,217.56468986329372,340.6674030557137,0.1336868750181218,0.4787131740337256,0.4886175443365949,0.4365678708610748,0.6835872260211673,"environment,material,process_history","{""environment"": 3, ""material"": 17, ""process_history"": 1}","Composition, wt.% N:numeric_sparse_0.34;Composition, wt.% C:numeric_sparse_0.45;Composition, wt.% Si:numeric_sparse_0.44;Composition, wt.% Mn:numeric_sparse_0.41;Composition, wt.% Cu:numeric_sparse_0.19;Composition, wt.% P:numeric_sparse_0.23;Composition, wt.% S:numeric_sparse_0.25;Test Solution:high_cardinality;Heat treatment:categorical_sparse_0.54;Microstructures:categorical_sparse_0.28",,,,,,,,,,,,,,,,,,,,,,,step-3000,3000
1,generic_baseline,local_tabicl_regressor,/home/fcolanto/projects/tabicl/checkpoints/tabicl_s1_regression_baseline/step-3500.ckpt,electrochemical_metrics_alloys__pitting_potential__epit_mv_sce_avg,electrochemical_metrics_alloys,Pitting Potential,"Epit, mV (SCE) Avg.",,continuous,0,,median,False,,608,486,122,21,False,0,,,,,epit_pipeline_development_fold_1,0,0,0,0,True,,,normal_corrosion,265.6700002552561,460.4483618832503,-0.5826161708554396,0.4560202244745648,0.2857308070352088,0.5330965536548049,0.9239411097230382,"environment,material,process_history","{""environment"": 3, ""material"": 17, ""process_history"": 1}","Composition, wt.% N:numeric_sparse_0.34;Composition, wt.% C:numeric_sparse_0.45;Composition, wt.% Si:numeric_sparse_0.44;Composition, wt.% Mn:numeric_sparse_0.41;Composition, wt.% Cu:numeric_sparse_0.19;Composition, wt.% P:numeric_sparse_0.23;Composition, wt.% S:numeric_sparse_0.25;Test Solution:high_cardinality;Heat treatment:categorical_sparse_0.54;Microstructures:categorical_sparse_0.28",,,,,,,,,,,,,,,,,,,,,,,step-3500,3500
1,trial_0056,local_tabicl_regressor,/home/fcolanto/projects/tabicl/checkpoints/epit_pipeline_final_v1/final_epit_pipeline_optuna_empirical_features_scm_target_v7_trial_0056/step-3500.ckpt,electrochemical_metrics_alloys__pitting_potential__epit_mv_sce_avg,electrochemical_metrics_alloys,Pitting Potential,"Epit, mV (SCE) Avg.",,continuous,0,,median,False,,608,486,122,21,False,0,,,,,epit_pipeline_development_fold_1,0,0,0,0,True,,,normal_corrosion,217.60696618790965,359.6011816090905,0.034714117295561,0.4484559079548446,0.4857149744910101,0.4366527030323108,0.7215799692167503,"environment,material,process_history","{""environment"": 3, ""material"": 17, ""process_history"": 1}","Composition, wt.% N:numeric_sparse_0.34;Composition, wt.% C:numeric_sparse_0.45;Composition, wt.% Si:numeric_sparse_0.44;Composition, wt.% Mn:numeric_sparse_0.41;Composition, wt.% Cu:numeric_sparse_0.19;Composition, wt.% P:numeric_sparse_0.23;Composition, wt.% S:numeric_sparse_0.25;Test Solution:high_cardinality;Heat treatment:categorical_sparse_0.54;Microstructures:categorical_sparse_0.28",,,,,,,,,,,,,,,,,,,,,,,step-3500,3500
1,pretrained_tabicl_v2,pretrained_tabicl_regressor,/home/fcolanto/.cache/huggingface/hub/models--jingang--TabICL/snapshots/4dcd344ece2c00be9e831fdd35bed57b5ad83e19/tabicl-regressor-v2-20260212.ckpt,electrochemical_metrics_alloys__pitting_potential__epit_mv_sce_avg,electrochemical_metrics_alloys,Pitting Potential,"Epit, mV (SCE) Avg.",,continuous,0,,median,False,,608,486,122,21,False,0,,,,,epit_pipeline_development_fold_1,0,0,0,0,True,,,normal_corrosion,247.5178470109265,504.15891098827655,-0.8973551477817541,0.4972654121034983,0.2579260068849429,0.4966722290164623,1.011651212722474,"environment,material,process_history","{""environment"": 3, ""material"": 17, ""process_history"": 1}","Composition, wt.% N:numeric_sparse_0.34;Composition, wt.% C:numeric_sparse_0.45;Composition, wt.% Si:numeric_sparse_0.44;Composition, wt.% Mn:numeric_sparse_0.41;Composition, wt.% Cu:numeric_sparse_0.19;Composition, wt.% P:numeric_sparse_0.23;Composition, wt.% S:numeric_sparse_0.25;Test Solution:high_cardinality;Heat treatment:categorical_sparse_0.54;Microstructures:categorical_sparse_0.28",,,,,,,,,,,,,,,,,,,,,,,step-3500,3500
1,catboost,catboost_regressor,catboost==1.2.10;iterations=1000;depth=6;learning_rate=0.03;l2_leaf_reg=3;thread_count=8,electrochemical_metrics_alloys__pitting_potential__epit_mv_sce_avg,electrochemical_metrics_alloys,Pitting Potential,"Epit, mV (SCE) Avg.",,continuous,0,,median,False,,608,486,122,21,False,0,,,,,epit_pipeline_development_fold_1,0,0,0,0,True,,,normal_corrosion,217.56468986329372,340.6674030557137,0.1336868750181218,0.4787131740337256,0.4886175443365949,0.4365678708610748,0.6835872260211673,"environment,material,process_history","{""environment"": 3, ""material"": 17, ""process_history"": 1}","Composition, wt.% N:numeric_sparse_0.34;Composition, wt.% C:numeric_sparse_0.45;Composition, wt.% Si:numeric_sparse_0.44;Composition, wt.% Mn:numeric_sparse_0.41;Composition, wt.% Cu:numeric_sparse_0.19;Composition, wt.% P:numeric_sparse_0.23;Composition, wt.% S:numeric_sparse_0.25;Test Solution:high_cardinality;Heat treatment:categorical_sparse_0.54;Microstructures:categorical_sparse_0.28",,,,,,,,,,,,,,,,,,,,,,,step-3500,3500
1,generic_baseline,local_tabicl_regressor,/home/fcolanto/projects/tabicl/checkpoints/tabicl_s1_regression_baseline/step-4000.ckpt,electrochemical_metrics_alloys__pitting_potential__epit_mv_sce_avg,electrochemical_metrics_alloys,Pitting Potential,"Epit, mV (SCE) Avg.",,continuous,0,,median,False,,608,486,122,21,False,0,,,,,epit_pipeline_development_fold_1,0,0,0,0,True,,,normal_corrosion,260.62478614401044,472.993810134102,-0.6700314473957505,0.4530460502204153,0.3182485496028325,0.5229727675571217,0.9491149540417718,"environment,material,process_history","{""environment"": 3, ""material"": 17, ""process_history"": 1}","Composition, wt.% N:numeric_sparse_0.34;Composition, wt.% C:numeric_sparse_0.45;Composition, wt.% Si:numeric_sparse_0.44;Composition, wt.% Mn:numeric_sparse_0.41;Composition, wt.% Cu:numeric_sparse_0.19;Composition, wt.% P:numeric_sparse_0.23;Composition, wt.% S:numeric_sparse_0.25;Test Solution:high_cardinality;Heat treatment:categorical_sparse_0.54;Microstructures:categorical_sparse_0.28",,,,,,,,,,,,,,,,,,,,,,,step-4000,4000
1,trial_0056,local_tabicl_regressor,/home/fcolanto/projects/tabicl/checkpoints/epit_pipeline_final_v1/final_epit_pipeline_optuna_empirical_features_scm_target_v7_trial_0056/step-4000.ckpt,electrochemical_metrics_alloys__pitting_potential__epit_mv_sce_avg,electrochemical_metrics_alloys,Pitting Potential,"Epit, mV (SCE) Avg.",,continuous,0,,median,False,,608,486,122,21,False,0,,,,,epit_pipeline_development_fold_1,0,0,0,0,True,,,normal_corrosion,215.5778019991365,363.2692158669027,0.0149213026435875,0.4583896499637039,0.4615168066536979,0.4325809582557257,0.7289402899893204,"environment,material,process_history","{""environment"": 3, ""material"": 17, ""process_history"": 1}","Composition, wt.% N:numeric_sparse_0.34;Composition, wt.% C:numeric_sparse_0.45;Composition, wt.% Si:numeric_sparse_0.44;Composition, wt.% Mn:numeric_sparse_0.41;Composition, wt.% Cu:numeric_sparse_0.19;Composition, wt.% P:numeric_sparse_0.23;Composition, wt.% S:numeric_sparse_0.25;Test Solution:high_cardinality;Heat treatment:categorical_sparse_0.54;Microstructures:categorical_sparse_0.28",,,,,,,,,,,,,,,,,,,,,,,step-4000,4000
1,pretrained_tabicl_v2,pretrained_tabicl_regressor,/home/fcolanto/.cache/huggingface/hub/models--jingang--TabICL/snapshots/4dcd344ece2c00be9e831fdd35bed57b5ad83e19/tabicl-regressor-v2-20260212.ckpt,electrochemical_metrics_alloys__pitting_potential__epit_mv_sce_avg,electrochemical_metrics_alloys,Pitting Potential,"Epit, mV (SCE) Avg.",,continuous,0,,median,False,,608,486,122,21,False,0,,,,,epit_pipeline_development_fold_1,0,0,0,0,True,,,normal_corrosion,247.5178470109265,504.15891098827655,-0.8973551477817541,0.4972654121034983,0.2579260068849429,0.4966722290164623,1.011651212722474,"environment,material,process_history","{""environment"": 3, ""material"": 17, ""process_history"": 1}","Composition, wt.% N:numeric_sparse_0.34;Composition, wt.% C:numeric_sparse_0.45;Composition, wt.% Si:numeric_sparse_0.44;Composition, wt.% Mn:numeric_sparse_0.41;Composition, wt.% Cu:numeric_sparse_0.19;Composition, wt.% P:numeric_sparse_0.23;Composition, wt.% S:numeric_sparse_0.25;Test Solution:high_cardinality;Heat treatment:categorical_sparse_0.54;Microstructures:categorical_sparse_0.28",,,,,,,,,,,,,,,,,,,,,,,step-4000,4000
1,catboost,catboost_regressor,catboost==1.2.10;iterations=1000;depth=6;learning_rate=0.03;l2_leaf_reg=3;thread_count=8,electrochemical_metrics_alloys__pitting_potential__epit_mv_sce_avg,electrochemical_metrics_alloys,Pitting Potential,"Epit, mV (SCE) Avg.",,continuous,0,,median,False,,608,486,122,21,False,0,,,,,epit_pipeline_development_fold_1,0,0,0,0,True,,,normal_corrosion,217.56468986329372,340.6674030557137,0.1336868750181218,0.4787131740337256,0.4886175443365949,0.4365678708610748,0.6835872260211673,"environment,material,process_history","{""environment"": 3, ""material"": 17, ""process_history"": 1}","Composition, wt.% N:numeric_sparse_0.34;Composition, wt.% C:numeric_sparse_0.45;Composition, wt.% Si:numeric_sparse_0.44;Composition, wt.% Mn:numeric_sparse_0.41;Composition, wt.% Cu:numeric_sparse_0.19;Composition, wt.% P:numeric_sparse_0.23;Composition, wt.% S:numeric_sparse_0.25;Test Solution:high_cardinality;Heat treatment:categorical_sparse_0.54;Microstructures:categorical_sparse_0.28",,,,,,,,,,,,,,,,,,,,,,,step-4000,4000
1,generic_baseline,local_tabicl_regressor,/home/fcolanto/projects/tabicl/checkpoints/tabicl_s1_regression_baseline/step-4500.ckpt,electrochemical_metrics_alloys__pitting_potential__epit_mv_sce_avg,electrochemical_metrics_alloys,Pitting Potential,"Epit, mV (SCE) Avg.",,continuous,0,,median,False,,608,486,122,21,False,0,,,,,epit_pipeline_development_fold_1,0,0,0,0,True,,,normal_corrosion,253.0569506636914,440.9000606829258,-0.4510890057686212,0.4534161696831539,0.3373635975293115,0.5077870596890584,0.8847152581414278,"environment,material,process_history","{""environment"": 3, ""material"": 17, ""process_history"": 1}","Composition, wt.% N:numeric_sparse_0.34;Composition, wt.% C:numeric_sparse_0.45;Composition, wt.% Si:numeric_sparse_0.44;Composition, wt.% Mn:numeric_sparse_0.41;Composition, wt.% Cu:numeric_sparse_0.19;Composition, wt.% P:numeric_sparse_0.23;Composition, wt.% S:numeric_sparse_0.25;Test Solution:high_cardinality;Heat treatment:categorical_sparse_0.54;Microstructures:categorical_sparse_0.28",,,,,,,,,,,,,,,,,,,,,,,step-4500,4500
1,trial_0056,local_tabicl_regressor,/home/fcolanto/projects/tabicl/checkpoints/epit_pipeline_final_v1/final_epit_pipeline_optuna_empirical_features_scm_target_v7_trial_0056/step-4500.ckpt,electrochemical_metrics_alloys__pitting_potential__epit_mv_sce_avg,electrochemical_metrics_alloys,Pitting Potential,"Epit, mV (SCE) Avg.",,continuous,0,,median,False,,608,486,122,21,False,0,,,,,epit_pipeline_development_fold_1,0,0,0,0,True,,,normal_corrosion,213.34352605200468,366.5276288539929,-0.0028296572961294,0.4646651576399594,0.460605708642173,0.4280976338074048,0.7354786598923312,"environment,material,process_history","{""environment"": 3, ""material"": 17, ""process_history"": 1}","Composition, wt.% N:numeric_sparse_0.34;Composition, wt.% C:numeric_sparse_0.45;Composition, wt.% Si:numeric_sparse_0.44;Composition, wt.% Mn:numeric_sparse_0.41;Composition, wt.% Cu:numeric_sparse_0.19;Composition, wt.% P:numeric_sparse_0.23;Composition, wt.% S:numeric_sparse_0.25;Test Solution:high_cardinality;Heat treatment:categorical_sparse_0.54;Microstructures:categorical_sparse_0.28",,,,,,,,,,,,,,,,,,,,,,,step-4500,4500
1,pretrained_tabicl_v2,pretrained_tabicl_regressor,/home/fcolanto/.cache/huggingface/hub/models--jingang--TabICL/snapshots/4dcd344ece2c00be9e831fdd35bed57b5ad83e19/tabicl-regressor-v2-20260212.ckpt,electrochemical_metrics_alloys__pitting_potential__epit_mv_sce_avg,electrochemical_metrics_alloys,Pitting Potential,"Epit, mV (SCE) Avg.",,continuous,0,,median,False,,608,486,122,21,False,0,,,,,epit_pipeline_development_fold_1,0,0,0,0,True,,,normal_corrosion,247.5178470109265,504.15891098827655,-0.8973551477817541,0.4972654121034983,0.2579260068849429,0.4966722290164623,1.011651212722474,"environment,material,process_history","{""environment"": 3, ""material"": 17, ""process_history"": 1}","Composition, wt.% N:numeric_sparse_0.34;Composition, wt.% C:numeric_sparse_0.45;Composition, wt.% Si:numeric_sparse_0.44;Composition, wt.% Mn:numeric_sparse_0.41;Composition, wt.% Cu:numeric_sparse_0.19;Composition, wt.% P:numeric_sparse_0.23;Composition, wt.% S:numeric_sparse_0.25;Test Solution:high_cardinality;Heat treatment:categorical_sparse_0.54;Microstructures:categorical_sparse_0.28",,,,,,,,,,,,,,,,,,,,,,,step-4500,4500
1,catboost,catboost_regressor,catboost==1.2.10;iterations=1000;depth=6;learning_rate=0.03;l2_leaf_reg=3;thread_count=8,electrochemical_metrics_alloys__pitting_potential__epit_mv_sce_avg,electrochemical_metrics_alloys,Pitting Potential,"Epit, mV (SCE) Avg.",,continuous,0,,median,False,,608,486,122,21,False,0,,,,,epit_pipeline_development_fold_1,0,0,0,0,True,,,normal_corrosion,217.56468986329372,340.6674030557137,0.1336868750181218,0.4787131740337256,0.4886175443365949,0.4365678708610748,0.6835872260211673,"environment,material,process_history","{""environment"": 3, ""material"": 17, ""process_history"": 1}","Composition, wt.% N:numeric_sparse_0.34;Composition, wt.% C:numeric_sparse_0.45;Composition, wt.% Si:numeric_sparse_0.44;Composition, wt.% Mn:numeric_sparse_0.41;Composition, wt.% Cu:numeric_sparse_0.19;Composition, wt.% P:numeric_sparse_0.23;Composition, wt.% S:numeric_sparse_0.25;Test Solution:high_cardinality;Heat treatment:categorical_sparse_0.54;Microstructures:categorical_sparse_0.28",,,,,,,,,,,,,,,,,,,,,,,step-4500,4500
1,generic_baseline,local_tabicl_regressor,/home/fcolanto/projects/tabicl/checkpoints/tabicl_s1_regression_baseline/step-5000.ckpt,electrochemical_metrics_alloys__pitting_potential__epit_mv_sce_avg,electrochemical_metrics_alloys,Pitting Potential,"Epit, mV (SCE) Avg.",,continuous,0,,median,False,,608,486,122,21,False,0,,,,,epit_pipeline_development_fold_1,0,0,0,0,True,,,normal_corrosion,266.65636472619144,438.4633030689357,-0.4350936304760349,0.4635944549084656,0.3458832193992664,0.5350758042273119,0.8798256315939738,"environment,material,process_history","{""environment"": 3, ""material"": 17, ""process_history"": 1}","Composition, wt.% N:numeric_sparse_0.34;Composition, wt.% C:numeric_sparse_0.45;Composition, wt.% Si:numeric_sparse_0.44;Composition, wt.% Mn:numeric_sparse_0.41;Composition, wt.% Cu:numeric_sparse_0.19;Composition, wt.% P:numeric_sparse_0.23;Composition, wt.% S:numeric_sparse_0.25;Test Solution:high_cardinality;Heat treatment:categorical_sparse_0.54;Microstructures:categorical_sparse_0.28",,,,,,,,,,,,,,,,,,,,,,,step-5000,5000
1,trial_0056,local_tabicl_regressor,/home/fcolanto/projects/tabicl/checkpoints/epit_pipeline_final_v1/final_epit_pipeline_optuna_empirical_features_scm_target_v7_trial_0056/step-5000.ckpt,electrochemical_metrics_alloys__pitting_potential__epit_mv_sce_avg,electrochemical_metrics_alloys,Pitting Potential,"Epit, mV (SCE) Avg.",,continuous,0,,median,False,,608,486,122,21,False,0,,,,,epit_pipeline_development_fold_1,0,0,0,0,True,,,normal_corrosion,214.55825793195424,361.5416791764568,0.0242681624179171,0.4560499662171062,0.4807524820254051,0.4305351291143403,0.7254737945058104,"environment,material,process_history","{""environment"": 3, ""material"": 17, ""process_history"": 1}","Composition, wt.% N:numeric_sparse_0.34;Composition, wt.% C:numeric_sparse_0.45;Composition, wt.% Si:numeric_sparse_0.44;Composition, wt.% Mn:numeric_sparse_0.41;Composition, wt.% Cu:numeric_sparse_0.19;Composition, wt.% P:numeric_sparse_0.23;Composition, wt.% S:numeric_sparse_0.25;Test Solution:high_cardinality;Heat treatment:categorical_sparse_0.54;Microstructures:categorical_sparse_0.28",,,,,,,,,,,,,,,,,,,,,,,step-5000,5000
1,pretrained_tabicl_v2,pretrained_tabicl_regressor,/home/fcolanto/.cache/huggingface/hub/models--jingang--TabICL/snapshots/4dcd344ece2c00be9e831fdd35bed57b5ad83e19/tabicl-regressor-v2-20260212.ckpt,electrochemical_metrics_alloys__pitting_potential__epit_mv_sce_avg,electrochemical_metrics_alloys,Pitting Potential,"Epit, mV (SCE) Avg.",,continuous,0,,median,False,,608,486,122,21,False,0,,,,,epit_pipeline_development_fold_1,0,0,0,0,True,,,normal_corrosion,247.5178470109265,504.15891098827655,-0.8973551477817541,0.4972654121034983,0.2579260068849429,0.4966722290164623,1.011651212722474,"environment,material,process_history","{""environment"": 3, ""material"": 17, ""process_history"": 1}","Composition, wt.% N:numeric_sparse_0.34;Composition, wt.% C:numeric_sparse_0.45;Composition, wt.% Si:numeric_sparse_0.44;Composition, wt.% Mn:numeric_sparse_0.41;Composition, wt.% Cu:numeric_sparse_0.19;Composition, wt.% P:numeric_sparse_0.23;Composition, wt.% S:numeric_sparse_0.25;Test Solution:high_cardinality;Heat treatment:categorical_sparse_0.54;Microstructures:categorical_sparse_0.28",,,,,,,,,,,,,,,,,,,,,,,step-5000,5000
1,catboost,catboost_regressor,catboost==1.2.10;iterations=1000;depth=6;learning_rate=0.03;l2_leaf_reg=3;thread_count=8,electrochemical_metrics_alloys__pitting_potential__epit_mv_sce_avg,electrochemical_metrics_alloys,Pitting Potential,"Epit, mV (SCE) Avg.",,continuous,0,,median,False,,608,486,122,21,False,0,,,,,epit_pipeline_development_fold_1,0,0,0,0,True,,,normal_corrosion,217.56468986329372,340.6674030557137,0.1336868750181218,0.4787131740337256,0.4886175443365949,0.4365678708610748,0.6835872260211673,"environment,material,process_history","{""environment"": 3, ""material"": 17, ""process_history"": 1}","Composition, wt.% N:numeric_sparse_0.34;Composition, wt.% C:numeric_sparse_0.45;Composition, wt.% Si:numeric_sparse_0.44;Composition, wt.% Mn:numeric_sparse_0.41;Composition, wt.% Cu:numeric_sparse_0.19;Composition, wt.% P:numeric_sparse_0.23;Composition, wt.% S:numeric_sparse_0.25;Test Solution:high_cardinality;Heat treatment:categorical_sparse_0.54;Microstructures:categorical_sparse_0.28",,,,,,,,,,,,,,,,,,,,,,,step-5000,5000
1,generic_baseline,local_tabicl_regressor,/home/fcolanto/projects/tabicl/checkpoints/tabicl_s1_regression_baseline/step-5500.ckpt,electrochemical_metrics_alloys__pitting_potential__epit_mv_sce_avg,electrochemical_metrics_alloys,Pitting Potential,"Epit, mV (SCE) Avg.",,continuous,0,,median,False,,608,486,122,21,False,0,,,,,epit_pipeline_development_fold_1,0,0,0,0,True,,,normal_corrosion,246.96431044320076,435.99043618450105,-0.4189518546219319,0.4515721816455812,0.3280228360382223,0.4955614960157735,0.8748635477588678,"environment,material,process_history","{""environment"": 3, ""material"": 17, ""process_history"": 1}","Composition, wt.% N:numeric_sparse_0.34;Composition, wt.% C:numeric_sparse_0.45;Composition, wt.% Si:numeric_sparse_0.44;Composition, wt.% Mn:numeric_sparse_0.41;Composition, wt.% Cu:numeric_sparse_0.19;Composition, wt.% P:numeric_sparse_0.23;Composition, wt.% S:numeric_sparse_0.25;Test Solution:high_cardinality;Heat treatment:categorical_sparse_0.54;Microstructures:categorical_sparse_0.28",,,,,,,,,,,,,,,,,,,,,,,step-5500,5500
1,trial_0056,local_tabicl_regressor,/home/fcolanto/projects/tabicl/checkpoints/epit_pipeline_final_v1/final_epit_pipeline_optuna_empirical_features_scm_target_v7_trial_0056/step-5500.ckpt,electrochemical_metrics_alloys__pitting_potential__epit_mv_sce_avg,electrochemical_metrics_alloys,Pitting Potential,"Epit, mV (SCE) Avg.",,continuous,0,,median,False,,608,486,122,21,False,0,,,,,epit_pipeline_development_fold_1,0,0,0,0,True,,,normal_corrosion,227.98645003032655,375.1927716076378,-0.0508062808571139,0.4453363296260477,0.4595639765367862,0.4574802976413816,0.752866237467732,"environment,material,process_history","{""environment"": 3, ""material"": 17, ""process_history"": 1}","Composition, wt.% N:numeric_sparse_0.34;Composition, wt.% C:numeric_sparse_0.45;Composition, wt.% Si:numeric_sparse_0.44;Composition, wt.% Mn:numeric_sparse_0.41;Composition, wt.% Cu:numeric_sparse_0.19;Composition, wt.% P:numeric_sparse_0.23;Composition, wt.% S:numeric_sparse_0.25;Test Solution:high_cardinality;Heat treatment:categorical_sparse_0.54;Microstructures:categorical_sparse_0.28",,,,,,,,,,,,,,,,,,,,,,,step-5500,5500
1,pretrained_tabicl_v2,pretrained_tabicl_regressor,/home/fcolanto/.cache/huggingface/hub/models--jingang--TabICL/snapshots/4dcd344ece2c00be9e831fdd35bed57b5ad83e19/tabicl-regressor-v2-20260212.ckpt,electrochemical_metrics_alloys__pitting_potential__epit_mv_sce_avg,electrochemical_metrics_alloys,Pitting Potential,"Epit, mV (SCE) Avg.",,continuous,0,,median,False,,608,486,122,21,False,0,,,,,epit_pipeline_development_fold_1,0,0,0,0,True,,,normal_corrosion,247.5178470109265,504.15891098827655,-0.8973551477817541,0.4972654121034983,0.2579260068849429,0.4966722290164623,1.011651212722474,"environment,material,process_history","{""environment"": 3, ""material"": 17, ""process_history"": 1}","Composition, wt.% N:numeric_sparse_0.34;Composition, wt.% C:numeric_sparse_0.45;Composition, wt.% Si:numeric_sparse_0.44;Composition, wt.% Mn:numeric_sparse_0.41;Composition, wt.% Cu:numeric_sparse_0.19;Composition, wt.% P:numeric_sparse_0.23;Composition, wt.% S:numeric_sparse_0.25;Test Solution:high_cardinality;Heat treatment:categorical_sparse_0.54;Microstructures:categorical_sparse_0.28",,,,,,,,,,,,,,,,,,,,,,,step-5500,5500
1,catboost,catboost_regressor,catboost==1.2.10;iterations=1000;depth=6;learning_rate=0.03;l2_leaf_reg=3;thread_count=8,electrochemical_metrics_alloys__pitting_potential__epit_mv_sce_avg,electrochemical_metrics_alloys,Pitting Potential,"Epit, mV (SCE) Avg.",,continuous,0,,median,False,,608,486,122,21,False,0,,,,,epit_pipeline_development_fold_1,0,0,0,0,True,,,normal_corrosion,217.56468986329372,340.6674030557137,0.1336868750181218,0.4787131740337256,0.4886175443365949,0.4365678708610748,0.6835872260211673,"environment,material,process_history","{""environment"": 3, ""material"": 17, ""process_history"": 1}","Composition, wt.% N:numeric_sparse_0.34;Composition, wt.% C:numeric_sparse_0.45;Composition, wt.% Si:numeric_sparse_0.44;Composition, wt.% Mn:numeric_sparse_0.41;Composition, wt.% Cu:numeric_sparse_0.19;Composition, wt.% P:numeric_sparse_0.23;Composition, wt.% S:numeric_sparse_0.25;Test Solution:high_cardinality;Heat treatment:categorical_sparse_0.54;Microstructures:categorical_sparse_0.28",,,,,,,,,,,,,,,,,,,,,,,step-5500,5500
1,generic_baseline,local_tabicl_regressor,/home/fcolanto/projects/tabicl/checkpoints/tabicl_s1_regression_baseline/step-6000.ckpt,electrochemical_metrics_alloys__pitting_potential__epit_mv_sce_avg,electrochemical_metrics_alloys,Pitting Potential,"Epit, mV (SCE) Avg.",,continuous,0,,median,False,,608,486,122,21,False,0,,,,,epit_pipeline_development_fold_1,0,0,0,0,True,,,normal_corrosion,257.8257523337296,460.2091109028381,-0.5809719295911022,0.4475933974211412,0.2515992996793605,0.5173561933244635,0.9234610258859708,"environment,material,process_history","{""environment"": 3, ""material"": 17, ""process_history"": 1}","Composition, wt.% N:numeric_sparse_0.34;Composition, wt.% C:numeric_sparse_0.45;Composition, wt.% Si:numeric_sparse_0.44;Composition, wt.% Mn:numeric_sparse_0.41;Composition, wt.% Cu:numeric_sparse_0.19;Composition, wt.% P:numeric_sparse_0.23;Composition, wt.% S:numeric_sparse_0.25;Test Solution:high_cardinality;Heat treatment:categorical_sparse_0.54;Microstructures:categorical_sparse_0.28",,,,,,,,,,,,,,,,,,,,,,,step-6000,6000
1,trial_0056,local_tabicl_regressor,/home/fcolanto/projects/tabicl/checkpoints/epit_pipeline_final_v1/final_epit_pipeline_optuna_empirical_features_scm_target_v7_trial_0056/step-6000.ckpt,electrochemical_metrics_alloys__pitting_potential__epit_mv_sce_avg,electrochemical_metrics_alloys,Pitting Potential,"Epit, mV (SCE) Avg.",,continuous,0,,median,False,,608,486,122,21,False,0,,,,,epit_pipeline_development_fold_1,0,0,0,0,True,,,normal_corrosion,222.85115795208952,363.03102841136376,0.0162126670436845,0.4533434676458303,0.4592028792441309,0.4471757600334894,0.7284623402337981,"environment,material,process_history","{""environment"": 3, ""material"": 17, ""process_history"": 1}","Composition, wt.% N:numeric_sparse_0.34;Composition, wt.% C:numeric_sparse_0.45;Composition, wt.% Si:numeric_sparse_0.44;Composition, wt.% Mn:numeric_sparse_0.41;Composition, wt.% Cu:numeric_sparse_0.19;Composition, wt.% P:numeric_sparse_0.23;Composition, wt.% S:numeric_sparse_0.25;Test Solution:high_cardinality;Heat treatment:categorical_sparse_0.54;Microstructures:categorical_sparse_0.28",,,,,,,,,,,,,,,,,,,,,,,step-6000,6000
1,pretrained_tabicl_v2,pretrained_tabicl_regressor,/home/fcolanto/.cache/huggingface/hub/models--jingang--TabICL/snapshots/4dcd344ece2c00be9e831fdd35bed57b5ad83e19/tabicl-regressor-v2-20260212.ckpt,electrochemical_metrics_alloys__pitting_potential__epit_mv_sce_avg,electrochemical_metrics_alloys,Pitting Potential,"Epit, mV (SCE) Avg.",,continuous,0,,median,False,,608,486,122,21,False,0,,,,,epit_pipeline_development_fold_1,0,0,0,0,True,,,normal_corrosion,247.5178470109265,504.15891098827655,-0.8973551477817541,0.4972654121034983,0.2579260068849429,0.4966722290164623,1.011651212722474,"environment,material,process_history","{""environment"": 3, ""material"": 17, ""process_history"": 1}","Composition, wt.% N:numeric_sparse_0.34;Composition, wt.% C:numeric_sparse_0.45;Composition, wt.% Si:numeric_sparse_0.44;Composition, wt.% Mn:numeric_sparse_0.41;Composition, wt.% Cu:numeric_sparse_0.19;Composition, wt.% P:numeric_sparse_0.23;Composition, wt.% S:numeric_sparse_0.25;Test Solution:high_cardinality;Heat treatment:categorical_sparse_0.54;Microstructures:categorical_sparse_0.28",,,,,,,,,,,,,,,,,,,,,,,step-6000,6000
1,catboost,catboost_regressor,catboost==1.2.10;iterations=1000;depth=6;learning_rate=0.03;l2_leaf_reg=3;thread_count=8,electrochemical_metrics_alloys__pitting_potential__epit_mv_sce_avg,electrochemical_metrics_alloys,Pitting Potential,"Epit, mV (SCE) Avg.",,continuous,0,,median,False,,608,486,122,21,False,0,,,,,epit_pipeline_development_fold_1,0,0,0,0,True,,,normal_corrosion,217.56468986329372,340.6674030557137,0.1336868750181218,0.4787131740337256,0.4886175443365949,0.4365678708610748,0.6835872260211673,"environment,material,process_history","{""environment"": 3, ""material"": 17, ""process_history"": 1}","Composition, wt.% N:numeric_sparse_0.34;Composition, wt.% C:numeric_sparse_0.45;Composition, wt.% Si:numeric_sparse_0.44;Composition, wt.% Mn:numeric_sparse_0.41;Composition, wt.% Cu:numeric_sparse_0.19;Composition, wt.% P:numeric_sparse_0.23;Composition, wt.% S:numeric_sparse_0.25;Test Solution:high_cardinality;Heat treatment:categorical_sparse_0.54;Microstructures:categorical_sparse_0.28",,,,,,,,,,,,,,,,,,,,,,,step-6000,6000
1,generic_baseline,local_tabicl_regressor,/home/fcolanto/projects/tabicl/checkpoints/tabicl_s1_regression_baseline/step-6500.ckpt,electrochemical_metrics_alloys__pitting_potential__epit_mv_sce_avg,electrochemical_metrics_alloys,Pitting Potential,"Epit, mV (SCE) Avg.",,continuous,0,,median,False,,608,486,122,21,False,0,,,,,epit_pipeline_development_fold_1,0,0,0,0,True,,,normal_corrosion,256.2445710107876,453.9620175037462,-0.5383415465682979,0.4513111152388281,0.2760154102050497,0.5141833762463068,0.910925534644145,"environment,material,process_history","{""environment"": 3, ""material"": 17, ""process_history"": 1}","Composition, wt.% N:numeric_sparse_0.34;Composition, wt.% C:numeric_sparse_0.45;Composition, wt.% Si:numeric_sparse_0.44;Composition, wt.% Mn:numeric_sparse_0.41;Composition, wt.% Cu:numeric_sparse_0.19;Composition, wt.% P:numeric_sparse_0.23;Composition, wt.% S:numeric_sparse_0.25;Test Solution:high_cardinality;Heat treatment:categorical_sparse_0.54;Microstructures:categorical_sparse_0.28",,,,,,,,,,,,,,,,,,,,,,,step-6500,6500
1,trial_0056,local_tabicl_regressor,/home/fcolanto/projects/tabicl/checkpoints/epit_pipeline_final_v1/final_epit_pipeline_optuna_empirical_features_scm_target_v7_trial_0056/step-6500.ckpt,electrochemical_metrics_alloys__pitting_potential__epit_mv_sce_avg,electrochemical_metrics_alloys,Pitting Potential,"Epit, mV (SCE) Avg.",,continuous,0,,median,False,,608,486,122,21,False,0,,,,,epit_pipeline_development_fold_1,0,0,0,0,True,,,normal_corrosion,224.95807271893432,372.7252002711233,-0.0370298276832858,0.4469357744471681,0.4406388690932228,0.4514035200363886,0.747914779741495,"environment,material,process_history","{""environment"": 3, ""material"": 17, ""process_history"": 1}","Composition, wt.% N:numeric_sparse_0.34;Composition, wt.% C:numeric_sparse_0.45;Composition, wt.% Si:numeric_sparse_0.44;Composition, wt.% Mn:numeric_sparse_0.41;Composition, wt.% Cu:numeric_sparse_0.19;Composition, wt.% P:numeric_sparse_0.23;Composition, wt.% S:numeric_sparse_0.25;Test Solution:high_cardinality;Heat treatment:categorical_sparse_0.54;Microstructures:categorical_sparse_0.28",,,,,,,,,,,,,,,,,,,,,,,step-6500,6500
1,pretrained_tabicl_v2,pretrained_tabicl_regressor,/home/fcolanto/.cache/huggingface/hub/models--jingang--TabICL/snapshots/4dcd344ece2c00be9e831fdd35bed57b5ad83e19/tabicl-regressor-v2-20260212.ckpt,electrochemical_metrics_alloys__pitting_potential__epit_mv_sce_avg,electrochemical_metrics_alloys,Pitting Potential,"Epit, mV (SCE) Avg.",,continuous,0,,median,False,,608,486,122,21,False,0,,,,,epit_pipeline_development_fold_1,0,0,0,0,True,,,normal_corrosion,247.5178470109265,504.15891098827655,-0.8973551477817541,0.4972654121034983,0.2579260068849429,0.4966722290164623,1.011651212722474,"environment,material,process_history","{""environment"": 3, ""material"": 17, ""process_history"": 1}","Composition, wt.% N:numeric_sparse_0.34;Composition, wt.% C:numeric_sparse_0.45;Composition, wt.% Si:numeric_sparse_0.44;Composition, wt.% Mn:numeric_sparse_0.41;Composition, wt.% Cu:numeric_sparse_0.19;Composition, wt.% P:numeric_sparse_0.23;Composition, wt.% S:numeric_sparse_0.25;Test Solution:high_cardinality;Heat treatment:categorical_sparse_0.54;Microstructures:categorical_sparse_0.28",,,,,,,,,,,,,,,,,,,,,,,step-6500,6500
1,catboost,catboost_regressor,catboost==1.2.10;iterations=1000;depth=6;learning_rate=0.03;l2_leaf_reg=3;thread_count=8,electrochemical_metrics_alloys__pitting_potential__epit_mv_sce_avg,electrochemical_metrics_alloys,Pitting Potential,"Epit, mV (SCE) Avg.",,continuous,0,,median,False,,608,486,122,21,False,0,,,,,epit_pipeline_development_fold_1,0,0,0,0,True,,,normal_corrosion,217.56468986329372,340.6674030557137,0.1336868750181218,0.4787131740337256,0.4886175443365949,0.4365678708610748,0.6835872260211673,"environment,material,process_history","{""environment"": 3, ""material"": 17, ""process_history"": 1}","Composition, wt.% N:numeric_sparse_0.34;Composition, wt.% C:numeric_sparse_0.45;Composition, wt.% Si:numeric_sparse_0.44;Composition, wt.% Mn:numeric_sparse_0.41;Composition, wt.% Cu:numeric_sparse_0.19;Composition, wt.% P:numeric_sparse_0.23;Composition, wt.% S:numeric_sparse_0.25;Test Solution:high_cardinality;Heat treatment:categorical_sparse_0.54;Microstructures:categorical_sparse_0.28",,,,,,,,,,,,,,,,,,,,,,,step-6500,6500
1,generic_baseline,local_tabicl_regressor,/home/fcolanto/projects/tabicl/checkpoints/tabicl_s1_regression_baseline/step-7000.ckpt,electrochemical_metrics_alloys__pitting_potential__epit_mv_sce_avg,electrochemical_metrics_alloys,Pitting Potential,"Epit, mV (SCE) Avg.",,continuous,0,,median,False,,608,486,122,21,False,0,,,,,epit_pipeline_development_fold_1,0,0,0,0,True,,,normal_corrosion,257.7624442432695,457.1053784393774,-0.5597191241431847,0.4560598801312867,0.2750453570428013,0.5172291585640075,0.9172330397447136,"environment,material,process_history","{""environment"": 3, ""material"": 17, ""process_history"": 1}","Composition, wt.% N:numeric_sparse_0.34;Composition, wt.% C:numeric_sparse_0.45;Composition, wt.% Si:numeric_sparse_0.44;Composition, wt.% Mn:numeric_sparse_0.41;Composition, wt.% Cu:numeric_sparse_0.19;Composition, wt.% P:numeric_sparse_0.23;Composition, wt.% S:numeric_sparse_0.25;Test Solution:high_cardinality;Heat treatment:categorical_sparse_0.54;Microstructures:categorical_sparse_0.28",,,,,,,,,,,,,,,,,,,,,,,step-7000,7000
1,trial_0056,local_tabicl_regressor,/home/fcolanto/projects/tabicl/checkpoints/epit_pipeline_final_v1/final_epit_pipeline_optuna_empirical_features_scm_target_v7_trial_0056/step-7000.ckpt,electrochemical_metrics_alloys__pitting_potential__epit_mv_sce_avg,electrochemical_metrics_alloys,Pitting Potential,"Epit, mV (SCE) Avg.",,continuous,0,,median,False,,608,486,122,21,False,0,,,,,epit_pipeline_development_fold_1,0,0,0,0,True,,,normal_corrosion,232.55796340411223,375.6661109459267,-0.0534593261025038,0.4411592671179977,0.4527027745106418,0.4666535502563191,0.7538160457626414,"environment,material,process_history","{""environment"": 3, ""material"": 17, ""process_history"": 1}","Composition, wt.% N:numeric_sparse_0.34;Composition, wt.% C:numeric_sparse_0.45;Composition, wt.% Si:numeric_sparse_0.44;Composition, wt.% Mn:numeric_sparse_0.41;Composition, wt.% Cu:numeric_sparse_0.19;Composition, wt.% P:numeric_sparse_0.23;Composition, wt.% S:numeric_sparse_0.25;Test Solution:high_cardinality;Heat treatment:categorical_sparse_0.54;Microstructures:categorical_sparse_0.28",,,,,,,,,,,,,,,,,,,,,,,step-7000,7000
1,pretrained_tabicl_v2,pretrained_tabicl_regressor,/home/fcolanto/.cache/huggingface/hub/models--jingang--TabICL/snapshots/4dcd344ece2c00be9e831fdd35bed57b5ad83e19/tabicl-regressor-v2-20260212.ckpt,electrochemical_metrics_alloys__pitting_potential__epit_mv_sce_avg,electrochemical_metrics_alloys,Pitting Potential,"Epit, mV (SCE) Avg.",,continuous,0,,median,False,,608,486,122,21,False,0,,,,,epit_pipeline_development_fold_1,0,0,0,0,True,,,normal_corrosion,247.5178470109265,504.15891098827655,-0.8973551477817541,0.4972654121034983,0.2579260068849429,0.4966722290164623,1.011651212722474,"environment,material,process_history","{""environment"": 3, ""material"": 17, ""process_history"": 1}","Composition, wt.% N:numeric_sparse_0.34;Composition, wt.% C:numeric_sparse_0.45;Composition, wt.% Si:numeric_sparse_0.44;Composition, wt.% Mn:numeric_sparse_0.41;Composition, wt.% Cu:numeric_sparse_0.19;Composition, wt.% P:numeric_sparse_0.23;Composition, wt.% S:numeric_sparse_0.25;Test Solution:high_cardinality;Heat treatment:categorical_sparse_0.54;Microstructures:categorical_sparse_0.28",,,,,,,,,,,,,,,,,,,,,,,step-7000,7000
1,catboost,catboost_regressor,catboost==1.2.10;iterations=1000;depth=6;learning_rate=0.03;l2_leaf_reg=3;thread_count=8,electrochemical_metrics_alloys__pitting_potential__epit_mv_sce_avg,electrochemical_metrics_alloys,Pitting Potential,"Epit, mV (SCE) Avg.",,continuous,0,,median,False,,608,486,122,21,False,0,,,,,epit_pipeline_development_fold_1,0,0,0,0,True,,,normal_corrosion,217.56468986329372,340.6674030557137,0.1336868750181218,0.4787131740337256,0.4886175443365949,0.4365678708610748,0.6835872260211673,"environment,material,process_history","{""environment"": 3, ""material"": 17, ""process_history"": 1}","Composition, wt.% N:numeric_sparse_0.34;Composition, wt.% C:numeric_sparse_0.45;Composition, wt.% Si:numeric_sparse_0.44;Composition, wt.% Mn:numeric_sparse_0.41;Composition, wt.% Cu:numeric_sparse_0.19;Composition, wt.% P:numeric_sparse_0.23;Composition, wt.% S:numeric_sparse_0.25;Test Solution:high_cardinality;Heat treatment:categorical_sparse_0.54;Microstructures:categorical_sparse_0.28",,,,,,,,,,,,,,,,,,,,,,,step-7000,7000
1,generic_baseline,local_tabicl_regressor,/home/fcolanto/projects/tabicl/checkpoints/tabicl_s1_regression_baseline/step-7500.ckpt,electrochemical_metrics_alloys__pitting_potential__epit_mv_sce_avg,electrochemical_metrics_alloys,Pitting Potential,"Epit, mV (SCE) Avg.",,continuous,0,,median,False,,608,486,122,21,False,0,,,,,epit_pipeline_development_fold_1,0,0,0,0,True,,,normal_corrosion,255.5815512739192,453.2676842505971,-0.5336393697111523,0.4595760150273036,0.2823387598881832,0.512852953028066,0.9095322773550794,"environment,material,process_history","{""environment"": 3, ""material"": 17, ""process_history"": 1}","Composition, wt.% N:numeric_sparse_0.34;Composition, wt.% C:numeric_sparse_0.45;Composition, wt.% Si:numeric_sparse_0.44;Composition, wt.% Mn:numeric_sparse_0.41;Composition, wt.% Cu:numeric_sparse_0.19;Composition, wt.% P:numeric_sparse_0.23;Composition, wt.% S:numeric_sparse_0.25;Test Solution:high_cardinality;Heat treatment:categorical_sparse_0.54;Microstructures:categorical_sparse_0.28",,,,,,,,,,,,,,,,,,,,,,,step-7500,7500
1,trial_0056,local_tabicl_regressor,/home/fcolanto/projects/tabicl/checkpoints/epit_pipeline_final_v1/final_epit_pipeline_optuna_empirical_features_scm_target_v7_trial_0056/step-7500.ckpt,electrochemical_metrics_alloys__pitting_potential__epit_mv_sce_avg,electrochemical_metrics_alloys,Pitting Potential,"Epit, mV (SCE) Avg.",,continuous,0,,median,False,,608,486,122,21,False,0,,,,,epit_pipeline_development_fold_1,0,0,0,0,True,,,normal_corrosion,223.8250353495528,361.8741450751572,0.0224728135801389,0.4493448555930292,0.4459541753032008,0.449129953897197,0.7261409244965306,"environment,material,process_history","{""environment"": 3, ""material"": 17, ""process_history"": 1}","Composition, wt.% N:numeric_sparse_0.34;Composition, wt.% C:numeric_sparse_0.45;Composition, wt.% Si:numeric_sparse_0.44;Composition, wt.% Mn:numeric_sparse_0.41;Composition, wt.% Cu:numeric_sparse_0.19;Composition, wt.% P:numeric_sparse_0.23;Composition, wt.% S:numeric_sparse_0.25;Test Solution:high_cardinality;Heat treatment:categorical_sparse_0.54;Microstructures:categorical_sparse_0.28",,,,,,,,,,,,,,,,,,,,,,,step-7500,7500
1,pretrained_tabicl_v2,pretrained_tabicl_regressor,/home/fcolanto/.cache/huggingface/hub/models--jingang--TabICL/snapshots/4dcd344ece2c00be9e831fdd35bed57b5ad83e19/tabicl-regressor-v2-20260212.ckpt,electrochemical_metrics_alloys__pitting_potential__epit_mv_sce_avg,electrochemical_metrics_alloys,Pitting Potential,"Epit, mV (SCE) Avg.",,continuous,0,,median,False,,608,486,122,21,False,0,,,,,epit_pipeline_development_fold_1,0,0,0,0,True,,,normal_corrosion,247.5178470109265,504.15891098827655,-0.8973551477817541,0.4972654121034983,0.2579260068849429,0.4966722290164623,1.011651212722474,"environment,material,process_history","{""environment"": 3, ""material"": 17, ""process_history"": 1}","Composition, wt.% N:numeric_sparse_0.34;Composition, wt.% C:numeric_sparse_0.45;Composition, wt.% Si:numeric_sparse_0.44;Composition, wt.% Mn:numeric_sparse_0.41;Composition, wt.% Cu:numeric_sparse_0.19;Composition, wt.% P:numeric_sparse_0.23;Composition, wt.% S:numeric_sparse_0.25;Test Solution:high_cardinality;Heat treatment:categorical_sparse_0.54;Microstructures:categorical_sparse_0.28",,,,,,,,,,,,,,,,,,,,,,,step-7500,7500
1,catboost,catboost_regressor,catboost==1.2.10;iterations=1000;depth=6;learning_rate=0.03;l2_leaf_reg=3;thread_count=8,electrochemical_metrics_alloys__pitting_potential__epit_mv_sce_avg,electrochemical_metrics_alloys,Pitting Potential,"Epit, mV (SCE) Avg.",,continuous,0,,median,False,,608,486,122,21,False,0,,,,,epit_pipeline_development_fold_1,0,0,0,0,True,,,normal_corrosion,217.56468986329372,340.6674030557137,0.1336868750181218,0.4787131740337256,0.4886175443365949,0.4365678708610748,0.6835872260211673,"environment,material,process_history","{""environment"": 3, ""material"": 17, ""process_history"": 1}","Composition, wt.% N:numeric_sparse_0.34;Composition, wt.% C:numeric_sparse_0.45;Composition, wt.% Si:numeric_sparse_0.44;Composition, wt.% Mn:numeric_sparse_0.41;Composition, wt.% Cu:numeric_sparse_0.19;Composition, wt.% P:numeric_sparse_0.23;Composition, wt.% S:numeric_sparse_0.25;Test Solution:high_cardinality;Heat treatment:categorical_sparse_0.54;Microstructures:categorical_sparse_0.28",,,,,,,,,,,,,,,,,,,,,,,step-7500,7500
1,generic_baseline,local_tabicl_regressor,/home/fcolanto/projects/tabicl/checkpoints/tabicl_s1_regression_baseline/step-8000.ckpt,electrochemical_metrics_alloys__pitting_potential__epit_mv_sce_avg,electrochemical_metrics_alloys,Pitting Potential,"Epit, mV (SCE) Avg.",,continuous,0,,median,False,,608,486,122,21,False,0,,,,,epit_pipeline_development_fold_1,0,0,0,0,True,,,normal_corrosion,265.0418462885714,467.4933660738642,-0.6314157071104038,0.4571305828627806,0.2597190267334969,0.5318360925019368,0.9380776981631762,"environment,material,process_history","{""environment"": 3, ""material"": 17, ""process_history"": 1}","Composition, wt.% N:numeric_sparse_0.34;Composition, wt.% C:numeric_sparse_0.45;Composition, wt.% Si:numeric_sparse_0.44;Composition, wt.% Mn:numeric_sparse_0.41;Composition, wt.% Cu:numeric_sparse_0.19;Composition, wt.% P:numeric_sparse_0.23;Composition, wt.% S:numeric_sparse_0.25;Test Solution:high_cardinality;Heat treatment:categorical_sparse_0.54;Microstructures:categorical_sparse_0.28",,,,,,,,,,,,,,,,,,,,,,,step-8000,8000
1,trial_0056,local_tabicl_regressor,/home/fcolanto/projects/tabicl/checkpoints/epit_pipeline_final_v1/final_epit_pipeline_optuna_empirical_features_scm_target_v7_trial_0056/step-8000.ckpt,electrochemical_metrics_alloys__pitting_potential__epit_mv_sce_avg,electrochemical_metrics_alloys,Pitting Potential,"Epit, mV (SCE) Avg.",,continuous,0,,median,False,,608,486,122,21,False,0,,,,,epit_pipeline_development_fold_1,0,0,0,0,True,,,normal_corrosion,227.06407137180165,366.4652239678588,-0.0024882034023547,0.4457461047455083,0.4213036116963267,0.4556294417541834,0.7353534375123207,"environment,material,process_history","{""environment"": 3, ""material"": 17, ""process_history"": 1}","Composition, wt.% N:numeric_sparse_0.34;Composition, wt.% C:numeric_sparse_0.45;Composition, wt.% Si:numeric_sparse_0.44;Composition, wt.% Mn:numeric_sparse_0.41;Composition, wt.% Cu:numeric_sparse_0.19;Composition, wt.% P:numeric_sparse_0.23;Composition, wt.% S:numeric_sparse_0.25;Test Solution:high_cardinality;Heat treatment:categorical_sparse_0.54;Microstructures:categorical_sparse_0.28",,,,,,,,,,,,,,,,,,,,,,,step-8000,8000
1,pretrained_tabicl_v2,pretrained_tabicl_regressor,/home/fcolanto/.cache/huggingface/hub/models--jingang--TabICL/snapshots/4dcd344ece2c00be9e831fdd35bed57b5ad83e19/tabicl-regressor-v2-20260212.ckpt,electrochemical_metrics_alloys__pitting_potential__epit_mv_sce_avg,electrochemical_metrics_alloys,Pitting Potential,"Epit, mV (SCE) Avg.",,continuous,0,,median,False,,608,486,122,21,False,0,,,,,epit_pipeline_development_fold_1,0,0,0,0,True,,,normal_corrosion,247.5178470109265,504.15891098827655,-0.8973551477817541,0.4972654121034983,0.2579260068849429,0.4966722290164623,1.011651212722474,"environment,material,process_history","{""environment"": 3, ""material"": 17, ""process_history"": 1}","Composition, wt.% N:numeric_sparse_0.34;Composition, wt.% C:numeric_sparse_0.45;Composition, wt.% Si:numeric_sparse_0.44;Composition, wt.% Mn:numeric_sparse_0.41;Composition, wt.% Cu:numeric_sparse_0.19;Composition, wt.% P:numeric_sparse_0.23;Composition, wt.% S:numeric_sparse_0.25;Test Solution:high_cardinality;Heat treatment:categorical_sparse_0.54;Microstructures:categorical_sparse_0.28",,,,,,,,,,,,,,,,,,,,,,,step-8000,8000
1,catboost,catboost_regressor,catboost==1.2.10;iterations=1000;depth=6;learning_rate=0.03;l2_leaf_reg=3;thread_count=8,electrochemical_metrics_alloys__pitting_potential__epit_mv_sce_avg,electrochemical_metrics_alloys,Pitting Potential,"Epit, mV (SCE) Avg.",,continuous,0,,median,False,,608,486,122,21,False,0,,,,,epit_pipeline_development_fold_1,0,0,0,0,True,,,normal_corrosion,217.56468986329372,340.6674030557137,0.1336868750181218,0.4787131740337256,0.4886175443365949,0.4365678708610748,0.6835872260211673,"environment,material,process_history","{""environment"": 3, ""material"": 17, ""process_history"": 1}","Composition, wt.% N:numeric_sparse_0.34;Composition, wt.% C:numeric_sparse_0.45;Composition, wt.% Si:numeric_sparse_0.44;Composition, wt.% Mn:numeric_sparse_0.41;Composition, wt.% Cu:numeric_sparse_0.19;Composition, wt.% P:numeric_sparse_0.23;Composition, wt.% S:numeric_sparse_0.25;Test Solution:high_cardinality;Heat treatment:categorical_sparse_0.54;Microstructures:categorical_sparse_0.28",,,,,,,,,,,,,,,,,,,,,,,step-8000,8000
1,generic_baseline,local_tabicl_regressor,/home/fcolanto/projects/tabicl/checkpoints/tabicl_s1_regression_baseline/step-8500.ckpt,electrochemical_metrics_alloys__pitting_potential__epit_mv_sce_avg,electrochemical_metrics_alloys,Pitting Potential,"Epit, mV (SCE) Avg.",,continuous,0,,median,False,,608,486,122,21,False,0,,,,,epit_pipeline_development_fold_1,0,0,0,0,True,,,normal_corrosion,257.3620490906616,465.4046836895788,-0.6168704861334462,0.4534260835973344,0.2608578146909783,0.5164257209317936,0.9338865234740044,"environment,material,process_history","{""environment"": 3, ""material"": 17, ""process_history"": 1}","Composition, wt.% N:numeric_sparse_0.34;Composition, wt.% C:numeric_sparse_0.45;Composition, wt.% Si:numeric_sparse_0.44;Composition, wt.% Mn:numeric_sparse_0.41;Composition, wt.% Cu:numeric_sparse_0.19;Composition, wt.% P:numeric_sparse_0.23;Composition, wt.% S:numeric_sparse_0.25;Test Solution:high_cardinality;Heat treatment:categorical_sparse_0.54;Microstructures:categorical_sparse_0.28",,,,,,,,,,,,,,,,,,,,,,,step-8500,8500
1,trial_0056,local_tabicl_regressor,/home/fcolanto/projects/tabicl/checkpoints/epit_pipeline_final_v1/final_epit_pipeline_optuna_empirical_features_scm_target_v7_trial_0056/step-8500.ckpt,electrochemical_metrics_alloys__pitting_potential__epit_mv_sce_avg,electrochemical_metrics_alloys,Pitting Potential,"Epit, mV (SCE) Avg.",,continuous,0,,median,False,,608,486,122,21,False,0,,,,,epit_pipeline_development_fold_1,0,0,0,0,True,,,normal_corrosion,223.00564913309216,358.2360674996359,0.0420290221290229,0.4486211398578528,0.4490543434989764,0.4474857638580968,0.71884071515571,"environment,material,process_history","{""environment"": 3, ""material"": 17, ""process_history"": 1}","Composition, wt.% N:numeric_sparse_0.34;Composition, wt.% C:numeric_sparse_0.45;Composition, wt.% Si:numeric_sparse_0.44;Composition, wt.% Mn:numeric_sparse_0.41;Composition, wt.% Cu:numeric_sparse_0.19;Composition, wt.% P:numeric_sparse_0.23;Composition, wt.% S:numeric_sparse_0.25;Test Solution:high_cardinality;Heat treatment:categorical_sparse_0.54;Microstructures:categorical_sparse_0.28",,,,,,,,,,,,,,,,,,,,,,,step-8500,8500
1,pretrained_tabicl_v2,pretrained_tabicl_regressor,/home/fcolanto/.cache/huggingface/hub/models--jingang--TabICL/snapshots/4dcd344ece2c00be9e831fdd35bed57b5ad83e19/tabicl-regressor-v2-20260212.ckpt,electrochemical_metrics_alloys__pitting_potential__epit_mv_sce_avg,electrochemical_metrics_alloys,Pitting Potential,"Epit, mV (SCE) Avg.",,continuous,0,,median,False,,608,486,122,21,False,0,,,,,epit_pipeline_development_fold_1,0,0,0,0,True,,,normal_corrosion,247.5178470109265,504.15891098827655,-0.8973551477817541,0.4972654121034983,0.2579260068849429,0.4966722290164623,1.011651212722474,"environment,material,process_history","{""environment"": 3, ""material"": 17, ""process_history"": 1}","Composition, wt.% N:numeric_sparse_0.34;Composition, wt.% C:numeric_sparse_0.45;Composition, wt.% Si:numeric_sparse_0.44;Composition, wt.% Mn:numeric_sparse_0.41;Composition, wt.% Cu:numeric_sparse_0.19;Composition, wt.% P:numeric_sparse_0.23;Composition, wt.% S:numeric_sparse_0.25;Test Solution:high_cardinality;Heat treatment:categorical_sparse_0.54;Microstructures:categorical_sparse_0.28",,,,,,,,,,,,,,,,,,,,,,,step-8500,8500
1,catboost,catboost_regressor,catboost==1.2.10;iterations=1000;depth=6;learning_rate=0.03;l2_leaf_reg=3;thread_count=8,electrochemical_metrics_alloys__pitting_potential__epit_mv_sce_avg,electrochemical_metrics_alloys,Pitting Potential,"Epit, mV (SCE) Avg.",,continuous,0,,median,False,,608,486,122,21,False,0,,,,,epit_pipeline_development_fold_1,0,0,0,0,True,,,normal_corrosion,217.56468986329372,340.6674030557137,0.1336868750181218,0.4787131740337256,0.4886175443365949,0.4365678708610748,0.6835872260211673,"environment,material,process_history","{""environment"": 3, ""material"": 17, ""process_history"": 1}","Composition, wt.% N:numeric_sparse_0.34;Composition, wt.% C:numeric_sparse_0.45;Composition, wt.% Si:numeric_sparse_0.44;Composition, wt.% Mn:numeric_sparse_0.41;Composition, wt.% Cu:numeric_sparse_0.19;Composition, wt.% P:numeric_sparse_0.23;Composition, wt.% S:numeric_sparse_0.25;Test Solution:high_cardinality;Heat treatment:categorical_sparse_0.54;Microstructures:categorical_sparse_0.28",,,,,,,,,,,,,,,,,,,,,,,step-8500,8500
1,generic_baseline,local_tabicl_regressor,/home/fcolanto/projects/tabicl/checkpoints/tabicl_s1_regression_baseline/step-9000.ckpt,electrochemical_metrics_alloys__pitting_potential__epit_mv_sce_avg,electrochemical_metrics_alloys,Pitting Potential,"Epit, mV (SCE) Avg.",,continuous,0,,median,False,,608,486,122,21,False,0,,,,,epit_pipeline_development_fold_1,0,0,0,0,True,,,normal_corrosion,259.48495217650185,466.389083779501,-0.6237175626381053,0.4709208374878538,0.2616592247157915,0.5206855632840247,0.9358618322964188,"environment,material,process_history","{""environment"": 3, ""material"": 17, ""process_history"": 1}","Composition, wt.% N:numeric_sparse_0.34;Composition, wt.% C:numeric_sparse_0.45;Composition, wt.% Si:numeric_sparse_0.44;Composition, wt.% Mn:numeric_sparse_0.41;Composition, wt.% Cu:numeric_sparse_0.19;Composition, wt.% P:numeric_sparse_0.23;Composition, wt.% S:numeric_sparse_0.25;Test Solution:high_cardinality;Heat treatment:categorical_sparse_0.54;Microstructures:categorical_sparse_0.28",,,,,,,,,,,,,,,,,,,,,,,step-9000,9000
1,trial_0056,local_tabicl_regressor,/home/fcolanto/projects/tabicl/checkpoints/epit_pipeline_final_v1/final_epit_pipeline_optuna_empirical_features_scm_target_v7_trial_0056/step-9000.ckpt,electrochemical_metrics_alloys__pitting_potential__epit_mv_sce_avg,electrochemical_metrics_alloys,Pitting Potential,"Epit, mV (SCE) Avg.",,continuous,0,,median,False,,608,486,122,21,False,0,,,,,epit_pipeline_development_fold_1,0,0,0,0,True,,,normal_corrosion,222.3616280351337,357.69917484639825,0.0448983153813277,0.4408056708455599,0.447564186694085,0.4461934635326073,0.7177633800299955,"environment,material,process_history","{""environment"": 3, ""material"": 17, ""process_history"": 1}","Composition, wt.% N:numeric_sparse_0.34;Composition, wt.% C:numeric_sparse_0.45;Composition, wt.% Si:numeric_sparse_0.44;Composition, wt.% Mn:numeric_sparse_0.41;Composition, wt.% Cu:numeric_sparse_0.19;Composition, wt.% P:numeric_sparse_0.23;Composition, wt.% S:numeric_sparse_0.25;Test Solution:high_cardinality;Heat treatment:categorical_sparse_0.54;Microstructures:categorical_sparse_0.28",,,,,,,,,,,,,,,,,,,,,,,step-9000,9000
1,pretrained_tabicl_v2,pretrained_tabicl_regressor,/home/fcolanto/.cache/huggingface/hub/models--jingang--TabICL/snapshots/4dcd344ece2c00be9e831fdd35bed57b5ad83e19/tabicl-regressor-v2-20260212.ckpt,electrochemical_metrics_alloys__pitting_potential__epit_mv_sce_avg,electrochemical_metrics_alloys,Pitting Potential,"Epit, mV (SCE) Avg.",,continuous,0,,median,False,,608,486,122,21,False,0,,,,,epit_pipeline_development_fold_1,0,0,0,0,True,,,normal_corrosion,247.5178470109265,504.15891098827655,-0.8973551477817541,0.4972654121034983,0.2579260068849429,0.4966722290164623,1.011651212722474,"environment,material,process_history","{""environment"": 3, ""material"": 17, ""process_history"": 1}","Composition, wt.% N:numeric_sparse_0.34;Composition, wt.% C:numeric_sparse_0.45;Composition, wt.% Si:numeric_sparse_0.44;Composition, wt.% Mn:numeric_sparse_0.41;Composition, wt.% Cu:numeric_sparse_0.19;Composition, wt.% P:numeric_sparse_0.23;Composition, wt.% S:numeric_sparse_0.25;Test Solution:high_cardinality;Heat treatment:categorical_sparse_0.54;Microstructures:categorical_sparse_0.28",,,,,,,,,,,,,,,,,,,,,,,step-9000,9000
1,catboost,catboost_regressor,catboost==1.2.10;iterations=1000;depth=6;learning_rate=0.03;l2_leaf_reg=3;thread_count=8,electrochemical_metrics_alloys__pitting_potential__epit_mv_sce_avg,electrochemical_metrics_alloys,Pitting Potential,"Epit, mV (SCE) Avg.",,continuous,0,,median,False,,608,486,122,21,False,0,,,,,epit_pipeline_development_fold_1,0,0,0,0,True,,,normal_corrosion,217.56468986329372,340.6674030557137,0.1336868750181218,0.4787131740337256,0.4886175443365949,0.4365678708610748,0.6835872260211673,"environment,material,process_history","{""environment"": 3, ""material"": 17, ""process_history"": 1}","Composition, wt.% N:numeric_sparse_0.34;Composition, wt.% C:numeric_sparse_0.45;Composition, wt.% Si:numeric_sparse_0.44;Composition, wt.% Mn:numeric_sparse_0.41;Composition, wt.% Cu:numeric_sparse_0.19;Composition, wt.% P:numeric_sparse_0.23;Composition, wt.% S:numeric_sparse_0.25;Test Solution:high_cardinality;Heat treatment:categorical_sparse_0.54;Microstructures:categorical_sparse_0.28",,,,,,,,,,,,,,,,,,,,,,,step-9000,9000
1,generic_baseline,local_tabicl_regressor,/home/fcolanto/projects/tabicl/checkpoints/tabicl_s1_regression_baseline/step-9500.ckpt,electrochemical_metrics_alloys__pitting_potential__epit_mv_sce_avg,electrochemical_metrics_alloys,Pitting Potential,"Epit, mV (SCE) Avg.",,continuous,0,,median,False,,608,486,122,21,False,0,,,,,epit_pipeline_development_fold_1,0,0,0,0,True,,,normal_corrosion,262.9433335701846,466.2953778103256,-0.6230651599634995,0.4446324417192323,0.2512791893964309,0.5276251921484987,0.9356738007942684,"environment,material,process_history","{""environment"": 3, ""material"": 17, ""process_history"": 1}","Composition, wt.% N:numeric_sparse_0.34;Composition, wt.% C:numeric_sparse_0.45;Composition, wt.% Si:numeric_sparse_0.44;Composition, wt.% Mn:numeric_sparse_0.41;Composition, wt.% Cu:numeric_sparse_0.19;Composition, wt.% P:numeric_sparse_0.23;Composition, wt.% S:numeric_sparse_0.25;Test Solution:high_cardinality;Heat treatment:categorical_sparse_0.54;Microstructures:categorical_sparse_0.28",,,,,,,,,,,,,,,,,,,,,,,step-9500,9500
1,trial_0056,local_tabicl_regressor,/home/fcolanto/projects/tabicl/checkpoints/epit_pipeline_final_v1/final_epit_pipeline_optuna_empirical_features_scm_target_v7_trial_0056/step-9500.ckpt,electrochemical_metrics_alloys__pitting_potential__epit_mv_sce_avg,electrochemical_metrics_alloys,Pitting Potential,"Epit, mV (SCE) Avg.",,continuous,0,,median,False,,608,486,122,21,False,0,,,,,epit_pipeline_development_fold_1,0,0,0,0,True,,,normal_corrosion,223.40577750703557,358.6277319524651,0.0399331511637701,0.4412154459650205,0.4431446007777143,0.4482886661690983,0.7196266336628495,"environment,material,process_history","{""environment"": 3, ""material"": 17, ""process_history"": 1}","Composition, wt.% N:numeric_sparse_0.34;Composition, wt.% C:numeric_sparse_0.45;Composition, wt.% Si:numeric_sparse_0.44;Composition, wt.% Mn:numeric_sparse_0.41;Composition, wt.% Cu:numeric_sparse_0.19;Composition, wt.% P:numeric_sparse_0.23;Composition, wt.% S:numeric_sparse_0.25;Test Solution:high_cardinality;Heat treatment:categorical_sparse_0.54;Microstructures:categorical_sparse_0.28",,,,,,,,,,,,,,,,,,,,,,,step-9500,9500
1,pretrained_tabicl_v2,pretrained_tabicl_regressor,/home/fcolanto/.cache/huggingface/hub/models--jingang--TabICL/snapshots/4dcd344ece2c00be9e831fdd35bed57b5ad83e19/tabicl-regressor-v2-20260212.ckpt,electrochemical_metrics_alloys__pitting_potential__epit_mv_sce_avg,electrochemical_metrics_alloys,Pitting Potential,"Epit, mV (SCE) Avg.",,continuous,0,,median,False,,608,486,122,21,False,0,,,,,epit_pipeline_development_fold_1,0,0,0,0,True,,,normal_corrosion,247.5178470109265,504.15891098827655,-0.8973551477817541,0.4972654121034983,0.2579260068849429,0.4966722290164623,1.011651212722474,"environment,material,process_history","{""environment"": 3, ""material"": 17, ""process_history"": 1}","Composition, wt.% N:numeric_sparse_0.34;Composition, wt.% C:numeric_sparse_0.45;Composition, wt.% Si:numeric_sparse_0.44;Composition, wt.% Mn:numeric_sparse_0.41;Composition, wt.% Cu:numeric_sparse_0.19;Composition, wt.% P:numeric_sparse_0.23;Composition, wt.% S:numeric_sparse_0.25;Test Solution:high_cardinality;Heat treatment:categorical_sparse_0.54;Microstructures:categorical_sparse_0.28",,,,,,,,,,,,,,,,,,,,,,,step-9500,9500
1,catboost,catboost_regressor,catboost==1.2.10;iterations=1000;depth=6;learning_rate=0.03;l2_leaf_reg=3;thread_count=8,electrochemical_metrics_alloys__pitting_potential__epit_mv_sce_avg,electrochemical_metrics_alloys,Pitting Potential,"Epit, mV (SCE) Avg.",,continuous,0,,median,False,,608,486,122,21,False,0,,,,,epit_pipeline_development_fold_1,0,0,0,0,True,,,normal_corrosion,217.56468986329372,340.6674030557137,0.1336868750181218,0.4787131740337256,0.4886175443365949,0.4365678708610748,0.6835872260211673,"environment,material,process_history","{""environment"": 3, ""material"": 17, ""process_history"": 1}","Composition, wt.% N:numeric_sparse_0.34;Composition, wt.% C:numeric_sparse_0.45;Composition, wt.% Si:numeric_sparse_0.44;Composition, wt.% Mn:numeric_sparse_0.41;Composition, wt.% Cu:numeric_sparse_0.19;Composition, wt.% P:numeric_sparse_0.23;Composition, wt.% S:numeric_sparse_0.25;Test Solution:high_cardinality;Heat treatment:categorical_sparse_0.54;Microstructures:categorical_sparse_0.28",,,,,,,,,,,,,,,,,,,,,,,step-9500,9500
1,generic_baseline,local_tabicl_regressor,/home/fcolanto/projects/tabicl/checkpoints/tabicl_s1_regression_baseline/step-10000.ckpt,electrochemical_metrics_alloys__pitting_potential__epit_mv_sce_avg,electrochemical_metrics_alloys,Pitting Potential,"Epit, mV (SCE) Avg.",,continuous,0,,median,False,,608,486,122,21,False,0,,,,,epit_pipeline_development_fold_1,0,0,0,0,True,,,normal_corrosion,263.04057408071867,466.10397632272816,-0.6217329857977234,0.4489251665593881,0.2517190769877522,0.5278203161029968,0.9352897323134292,"environment,material,process_history","{""environment"": 3, ""material"": 17, ""process_history"": 1}","Composition, wt.% N:numeric_sparse_0.34;Composition, wt.% C:numeric_sparse_0.45;Composition, wt.% Si:numeric_sparse_0.44;Composition, wt.% Mn:numeric_sparse_0.41;Composition, wt.% Cu:numeric_sparse_0.19;Composition, wt.% P:numeric_sparse_0.23;Composition, wt.% S:numeric_sparse_0.25;Test Solution:high_cardinality;Heat treatment:categorical_sparse_0.54;Microstructures:categorical_sparse_0.28",,,,,,,,,,,,,,,,,,,,,,,step-10000,10000
1,trial_0056,local_tabicl_regressor,/home/fcolanto/projects/tabicl/checkpoints/epit_pipeline_final_v1/final_epit_pipeline_optuna_empirical_features_scm_target_v7_trial_0056/step-10000.ckpt,electrochemical_metrics_alloys__pitting_potential__epit_mv_sce_avg,electrochemical_metrics_alloys,Pitting Potential,"Epit, mV (SCE) Avg.",,continuous,0,,median,False,,608,486,122,21,False,0,,,,,epit_pipeline_development_fold_1,0,0,0,0,True,,,normal_corrosion,222.9730691420173,358.59781204848787,0.0400933390528717,0.4421870095547094,0.4434450797887762,0.4474203884640236,0.7195665960308977,"environment,material,process_history","{""environment"": 3, ""material"": 17, ""process_history"": 1}","Composition, wt.% N:numeric_sparse_0.34;Composition, wt.% C:numeric_sparse_0.45;Composition, wt.% Si:numeric_sparse_0.44;Composition, wt.% Mn:numeric_sparse_0.41;Composition, wt.% Cu:numeric_sparse_0.19;Composition, wt.% P:numeric_sparse_0.23;Composition, wt.% S:numeric_sparse_0.25;Test Solution:high_cardinality;Heat treatment:categorical_sparse_0.54;Microstructures:categorical_sparse_0.28",,,,,,,,,,,,,,,,,,,,,,,step-10000,10000
1,pretrained_tabicl_v2,pretrained_tabicl_regressor,/home/fcolanto/.cache/huggingface/hub/models--jingang--TabICL/snapshots/4dcd344ece2c00be9e831fdd35bed57b5ad83e19/tabicl-regressor-v2-20260212.ckpt,electrochemical_metrics_alloys__pitting_potential__epit_mv_sce_avg,electrochemical_metrics_alloys,Pitting Potential,"Epit, mV (SCE) Avg.",,continuous,0,,median,False,,608,486,122,21,False,0,,,,,epit_pipeline_development_fold_1,0,0,0,0,True,,,normal_corrosion,247.5178470109265,504.15891098827655,-0.8973551477817541,0.4972654121034983,0.2579260068849429,0.4966722290164623,1.011651212722474,"environment,material,process_history","{""environment"": 3, ""material"": 17, ""process_history"": 1}","Composition, wt.% N:numeric_sparse_0.34;Composition, wt.% C:numeric_sparse_0.45;Composition, wt.% Si:numeric_sparse_0.44;Composition, wt.% Mn:numeric_sparse_0.41;Composition, wt.% Cu:numeric_sparse_0.19;Composition, wt.% P:numeric_sparse_0.23;Composition, wt.% S:numeric_sparse_0.25;Test Solution:high_cardinality;Heat treatment:categorical_sparse_0.54;Microstructures:categorical_sparse_0.28",,,,,,,,,,,,,,,,,,,,,,,step-10000,10000
1,catboost,catboost_regressor,catboost==1.2.10;iterations=1000;depth=6;learning_rate=0.03;l2_leaf_reg=3;thread_count=8,electrochemical_metrics_alloys__pitting_potential__epit_mv_sce_avg,electrochemical_metrics_alloys,Pitting Potential,"Epit, mV (SCE) Avg.",,continuous,0,,median,False,,608,486,122,21,False,0,,,,,epit_pipeline_development_fold_1,0,0,0,0,True,,,normal_corrosion,217.56468986329372,340.6674030557137,0.1336868750181218,0.4787131740337256,0.4886175443365949,0.4365678708610748,0.6835872260211673,"environment,material,process_history","{""environment"": 3, ""material"": 17, ""process_history"": 1}","Composition, wt.% N:numeric_sparse_0.34;Composition, wt.% C:numeric_sparse_0.45;Composition, wt.% Si:numeric_sparse_0.44;Composition, wt.% Mn:numeric_sparse_0.41;Composition, wt.% Cu:numeric_sparse_0.19;Composition, wt.% P:numeric_sparse_0.23;Composition, wt.% S:numeric_sparse_0.25;Test Solution:high_cardinality;Heat treatment:categorical_sparse_0.54;Microstructures:categorical_sparse_0.28",,,,,,,,,,,,,,,,,,,,,,,step-10000,10000
2,generic_baseline,local_tabicl_regressor,/home/fcolanto/projects/tabicl/checkpoints/tabicl_s1_regression_baseline/step-500.ckpt,electrochemical_metrics_alloys__pitting_potential__epit_mv_sce_avg,electrochemical_metrics_alloys,Pitting Potential,"Epit, mV (SCE) Avg.",,continuous,0,,median,False,,608,486,122,21,False,0,,,,,epit_pipeline_development_fold_2,0,0,0,0,True,,,normal_corrosion,245.47760777336663,344.52871639590853,0.1533150407731099,0.4065851473855655,0.4906037753503406,0.4822813848403789,0.6768836798104264,"environment,material,process_history","{""environment"": 3, ""material"": 17, ""process_history"": 1}","Composition, wt.% N:numeric_sparse_0.34;Composition, wt.% C:numeric_sparse_0.45;Composition, wt.% Si:numeric_sparse_0.44;Composition, wt.% Mn:numeric_sparse_0.41;Composition, wt.% Cu:numeric_sparse_0.19;Composition, wt.% P:numeric_sparse_0.23;Composition, wt.% S:numeric_sparse_0.25;Test Solution:high_cardinality;Heat treatment:categorical_sparse_0.54;Microstructures:categorical_sparse_0.28",,,,,,,,,,,,,,,,,,,,,,,step-500,500
2,trial_0056,local_tabicl_regressor,/home/fcolanto/projects/tabicl/checkpoints/epit_pipeline_final_v1/final_epit_pipeline_optuna_empirical_features_scm_target_v7_trial_0056/step-500.ckpt,electrochemical_metrics_alloys__pitting_potential__epit_mv_sce_avg,electrochemical_metrics_alloys,Pitting Potential,"Epit, mV (SCE) Avg.",,continuous,0,,median,False,,608,486,122,21,False,0,,,,,epit_pipeline_development_fold_2,0,0,0,0,True,,,normal_corrosion,206.68731671321603,322.28007119455015,0.2591370194202311,0.5335586260370808,0.5658476474115185,0.4060714386031543,0.6331725343586597,"environment,material,process_history","{""environment"": 3, ""material"": 17, ""process_history"": 1}","Composition, wt.% N:numeric_sparse_0.34;Composition, wt.% C:numeric_sparse_0.45;Composition, wt.% Si:numeric_sparse_0.44;Composition, wt.% Mn:numeric_sparse_0.41;Composition, wt.% Cu:numeric_sparse_0.19;Composition, wt.% P:numeric_sparse_0.23;Composition, wt.% S:numeric_sparse_0.25;Test Solution:high_cardinality;Heat treatment:categorical_sparse_0.54;Microstructures:categorical_sparse_0.28",,,,,,,,,,,,,,,,,,,,,,,step-500,500
2,pretrained_tabicl_v2,pretrained_tabicl_regressor,/home/fcolanto/.cache/huggingface/hub/models--jingang--TabICL/snapshots/4dcd344ece2c00be9e831fdd35bed57b5ad83e19/tabicl-regressor-v2-20260212.ckpt,electrochemical_metrics_alloys__pitting_potential__epit_mv_sce_avg,electrochemical_metrics_alloys,Pitting Potential,"Epit, mV (SCE) Avg.",,continuous,0,,median,False,,608,486,122,21,False,0,,,,,epit_pipeline_development_fold_2,0,0,0,0,True,,,normal_corrosion,207.80827415220085,285.3713058802669,0.4191130793881557,0.5600380115222819,0.6642602160311927,0.4082737450005664,0.5606591568250354,"environment,material,process_history","{""environment"": 3, ""material"": 17, ""process_history"": 1}","Composition, wt.% N:numeric_sparse_0.34;Composition, wt.% C:numeric_sparse_0.45;Composition, wt.% Si:numeric_sparse_0.44;Composition, wt.% Mn:numeric_sparse_0.41;Composition, wt.% Cu:numeric_sparse_0.19;Composition, wt.% P:numeric_sparse_0.23;Composition, wt.% S:numeric_sparse_0.25;Test Solution:high_cardinality;Heat treatment:categorical_sparse_0.54;Microstructures:categorical_sparse_0.28",,,,,,,,,,,,,,,,,,,,,,,step-500,500
2,catboost,catboost_regressor,catboost==1.2.10;iterations=1000;depth=6;learning_rate=0.03;l2_leaf_reg=3;thread_count=8,electrochemical_metrics_alloys__pitting_potential__epit_mv_sce_avg,electrochemical_metrics_alloys,Pitting Potential,"Epit, mV (SCE) Avg.",,continuous,0,,median,False,,608,486,122,21,False,0,,,,,epit_pipeline_development_fold_2,0,0,0,0,True,,,normal_corrosion,220.3852586003285,305.6460507027,0.3336405365220811,0.4912719438106525,0.5955699014113132,0.4329833123284302,0.600492248319376,"environment,material,process_history","{""environment"": 3, ""material"": 17, ""process_history"": 1}","Composition, wt.% N:numeric_sparse_0.34;Composition, wt.% C:numeric_sparse_0.45;Composition, wt.% Si:numeric_sparse_0.44;Composition, wt.% Mn:numeric_sparse_0.41;Composition, wt.% Cu:numeric_sparse_0.19;Composition, wt.% P:numeric_sparse_0.23;Composition, wt.% S:numeric_sparse_0.25;Test Solution:high_cardinality;Heat treatment:categorical_sparse_0.54;Microstructures:categorical_sparse_0.28",,,,,,,,,,,,,,,,,,,,,,,step-500,500
2,generic_baseline,local_tabicl_regressor,/home/fcolanto/projects/tabicl/checkpoints/tabicl_s1_regression_baseline/step-1000.ckpt,electrochemical_metrics_alloys__pitting_potential__epit_mv_sce_avg,electrochemical_metrics_alloys,Pitting Potential,"Epit, mV (SCE) Avg.",,continuous,0,,median,False,,608,486,122,21,False,0,,,,,epit_pipeline_development_fold_2,0,0,0,0,True,,,normal_corrosion,237.52264599538256,321.0917896432911,0.2645902317682247,0.4400049609185602,0.5373367467233937,0.4666525459518215,0.6308379586011407,"environment,material,process_history","{""environment"": 3, ""material"": 17, ""process_history"": 1}","Composition, wt.% N:numeric_sparse_0.34;Composition, wt.% C:numeric_sparse_0.45;Composition, wt.% Si:numeric_sparse_0.44;Composition, wt.% Mn:numeric_sparse_0.41;Composition, wt.% Cu:numeric_sparse_0.19;Composition, wt.% P:numeric_sparse_0.23;Composition, wt.% S:numeric_sparse_0.25;Test Solution:high_cardinality;Heat treatment:categorical_sparse_0.54;Microstructures:categorical_sparse_0.28",,,,,,,,,,,,,,,,,,,,,,,step-1000,1000
2,trial_0056,local_tabicl_regressor,/home/fcolanto/projects/tabicl/checkpoints/epit_pipeline_final_v1/final_epit_pipeline_optuna_empirical_features_scm_target_v7_trial_0056/step-1000.ckpt,electrochemical_metrics_alloys__pitting_potential__epit_mv_sce_avg,electrochemical_metrics_alloys,Pitting Potential,"Epit, mV (SCE) Avg.",,continuous,0,,median,False,,608,486,122,21,False,0,,,,,epit_pipeline_development_fold_2,0,0,0,0,True,,,normal_corrosion,193.0044286672015,282.71743097787487,0.4298670196322216,0.6544245280065377,0.6651402243574953,0.3791891406399926,0.5554451803864985,"environment,material,process_history","{""environment"": 3, ""material"": 17, ""process_history"": 1}","Composition, wt.% N:numeric_sparse_0.34;Composition, wt.% C:numeric_sparse_0.45;Composition, wt.% Si:numeric_sparse_0.44;Composition, wt.% Mn:numeric_sparse_0.41;Composition, wt.% Cu:numeric_sparse_0.19;Composition, wt.% P:numeric_sparse_0.23;Composition, wt.% S:numeric_sparse_0.25;Test Solution:high_cardinality;Heat treatment:categorical_sparse_0.54;Microstructures:categorical_sparse_0.28",,,,,,,,,,,,,,,,,,,,,,,step-1000,1000
2,pretrained_tabicl_v2,pretrained_tabicl_regressor,/home/fcolanto/.cache/huggingface/hub/models--jingang--TabICL/snapshots/4dcd344ece2c00be9e831fdd35bed57b5ad83e19/tabicl-regressor-v2-20260212.ckpt,electrochemical_metrics_alloys__pitting_potential__epit_mv_sce_avg,electrochemical_metrics_alloys,Pitting Potential,"Epit, mV (SCE) Avg.",,continuous,0,,median,False,,608,486,122,21,False,0,,,,,epit_pipeline_development_fold_2,0,0,0,0,True,,,normal_corrosion,207.80827415220085,285.3713058802669,0.4191130793881557,0.5600380115222819,0.6642602160311927,0.4082737450005664,0.5606591568250354,"environment,material,process_history","{""environment"": 3, ""material"": 17, ""process_history"": 1}","Composition, wt.% N:numeric_sparse_0.34;Composition, wt.% C:numeric_sparse_0.45;Composition, wt.% Si:numeric_sparse_0.44;Composition, wt.% Mn:numeric_sparse_0.41;Composition, wt.% Cu:numeric_sparse_0.19;Composition, wt.% P:numeric_sparse_0.23;Composition, wt.% S:numeric_sparse_0.25;Test Solution:high_cardinality;Heat treatment:categorical_sparse_0.54;Microstructures:categorical_sparse_0.28",,,,,,,,,,,,,,,,,,,,,,,step-1000,1000
2,catboost,catboost_regressor,catboost==1.2.10;iterations=1000;depth=6;learning_rate=0.03;l2_leaf_reg=3;thread_count=8,electrochemical_metrics_alloys__pitting_potential__epit_mv_sce_avg,electrochemical_metrics_alloys,Pitting Potential,"Epit, mV (SCE) Avg.",,continuous,0,,median,False,,608,486,122,21,False,0,,,,,epit_pipeline_development_fold_2,0,0,0,0,True,,,normal_corrosion,220.3852586003285,305.6460507027,0.3336405365220811,0.4912719438106525,0.5955699014113132,0.4329833123284302,0.600492248319376,"environment,material,process_history","{""environment"": 3, ""material"": 17, ""process_history"": 1}","Composition, wt.% N:numeric_sparse_0.34;Composition, wt.% C:numeric_sparse_0.45;Composition, wt.% Si:numeric_sparse_0.44;Composition, wt.% Mn:numeric_sparse_0.41;Composition, wt.% Cu:numeric_sparse_0.19;Composition, wt.% P:numeric_sparse_0.23;Composition, wt.% S:numeric_sparse_0.25;Test Solution:high_cardinality;Heat treatment:categorical_sparse_0.54;Microstructures:categorical_sparse_0.28",,,,,,,,,,,,,,,,,,,,,,,step-1000,1000
2,generic_baseline,local_tabicl_regressor,/home/fcolanto/projects/tabicl/checkpoints/tabicl_s1_regression_baseline/step-1500.ckpt,electrochemical_metrics_alloys__pitting_potential__epit_mv_sce_avg,electrochemical_metrics_alloys,Pitting Potential,"Epit, mV (SCE) Avg.",,continuous,0,,median,False,,608,486,122,21,False,0,,,,,epit_pipeline_development_fold_2,0,0,0,0,True,,,normal_corrosion,231.82279830811467,316.11679091369587,0.2872025756876649,0.4981789678220187,0.5683708129035627,0.4554542518958818,0.6210637502786305,"environment,material,process_history","{""environment"": 3, ""material"": 17, ""process_history"": 1}","Composition, wt.% N:numeric_sparse_0.34;Composition, wt.% C:numeric_sparse_0.45;Composition, wt.% Si:numeric_sparse_0.44;Composition, wt.% Mn:numeric_sparse_0.41;Composition, wt.% Cu:numeric_sparse_0.19;Composition, wt.% P:numeric_sparse_0.23;Composition, wt.% S:numeric_sparse_0.25;Test Solution:high_cardinality;Heat treatment:categorical_sparse_0.54;Microstructures:categorical_sparse_0.28",,,,,,,,,,,,,,,,,,,,,,,step-1500,1500
2,trial_0056,local_tabicl_regressor,/home/fcolanto/projects/tabicl/checkpoints/epit_pipeline_final_v1/final_epit_pipeline_optuna_empirical_features_scm_target_v7_trial_0056/step-1500.ckpt,electrochemical_metrics_alloys__pitting_potential__epit_mv_sce_avg,electrochemical_metrics_alloys,Pitting Potential,"Epit, mV (SCE) Avg.",,continuous,0,,median,False,,608,486,122,21,False,0,,,,,epit_pipeline_development_fold_2,0,0,0,0,True,,,normal_corrosion,186.13185903709453,275.69922047234,0.4578217780271778,0.6599933952734578,0.6849795872130997,0.3656868402522522,0.5416567443967052,"environment,material,process_history","{""environment"": 3, ""material"": 17, ""process_history"": 1}","Composition, wt.% N:numeric_sparse_0.34;Composition, wt.% C:numeric_sparse_0.45;Composition, wt.% Si:numeric_sparse_0.44;Composition, wt.% Mn:numeric_sparse_0.41;Composition, wt.% Cu:numeric_sparse_0.19;Composition, wt.% P:numeric_sparse_0.23;Composition, wt.% S:numeric_sparse_0.25;Test Solution:high_cardinality;Heat treatment:categorical_sparse_0.54;Microstructures:categorical_sparse_0.28",,,,,,,,,,,,,,,,,,,,,,,step-1500,1500
2,pretrained_tabicl_v2,pretrained_tabicl_regressor,/home/fcolanto/.cache/huggingface/hub/models--jingang--TabICL/snapshots/4dcd344ece2c00be9e831fdd35bed57b5ad83e19/tabicl-regressor-v2-20260212.ckpt,electrochemical_metrics_alloys__pitting_potential__epit_mv_sce_avg,electrochemical_metrics_alloys,Pitting Potential,"Epit, mV (SCE) Avg.",,continuous,0,,median,False,,608,486,122,21,False,0,,,,,epit_pipeline_development_fold_2,0,0,0,0,True,,,normal_corrosion,207.80827415220085,285.3713058802669,0.4191130793881557,0.5600380115222819,0.6642602160311927,0.4082737450005664,0.5606591568250354,"environment,material,process_history","{""environment"": 3, ""material"": 17, ""process_history"": 1}","Composition, wt.% N:numeric_sparse_0.34;Composition, wt.% C:numeric_sparse_0.45;Composition, wt.% Si:numeric_sparse_0.44;Composition, wt.% Mn:numeric_sparse_0.41;Composition, wt.% Cu:numeric_sparse_0.19;Composition, wt.% P:numeric_sparse_0.23;Composition, wt.% S:numeric_sparse_0.25;Test Solution:high_cardinality;Heat treatment:categorical_sparse_0.54;Microstructures:categorical_sparse_0.28",,,,,,,,,,,,,,,,,,,,,,,step-1500,1500
2,catboost,catboost_regressor,catboost==1.2.10;iterations=1000;depth=6;learning_rate=0.03;l2_leaf_reg=3;thread_count=8,electrochemical_metrics_alloys__pitting_potential__epit_mv_sce_avg,electrochemical_metrics_alloys,Pitting Potential,"Epit, mV (SCE) Avg.",,continuous,0,,median,False,,608,486,122,21,False,0,,,,,epit_pipeline_development_fold_2,0,0,0,0,True,,,normal_corrosion,220.3852586003285,305.6460507027,0.3336405365220811,0.4912719438106525,0.5955699014113132,0.4329833123284302,0.600492248319376,"environment,material,process_history","{""environment"": 3, ""material"": 17, ""process_history"": 1}","Composition, wt.% N:numeric_sparse_0.34;Composition, wt.% C:numeric_sparse_0.45;Composition, wt.% Si:numeric_sparse_0.44;Composition, wt.% Mn:numeric_sparse_0.41;Composition, wt.% Cu:numeric_sparse_0.19;Composition, wt.% P:numeric_sparse_0.23;Composition, wt.% S:numeric_sparse_0.25;Test Solution:high_cardinality;Heat treatment:categorical_sparse_0.54;Microstructures:categorical_sparse_0.28",,,,,,,,,,,,,,,,,,,,,,,step-1500,1500
2,generic_baseline,local_tabicl_regressor,/home/fcolanto/projects/tabicl/checkpoints/tabicl_s1_regression_baseline/step-2000.ckpt,electrochemical_metrics_alloys__pitting_potential__epit_mv_sce_avg,electrochemical_metrics_alloys,Pitting Potential,"Epit, mV (SCE) Avg.",,continuous,0,,median,False,,608,486,122,21,False,0,,,,,epit_pipeline_development_fold_2,0,0,0,0,True,,,normal_corrosion,230.8069627868544,324.0048675840316,0.2511858160404883,0.5320019871749327,0.5679061132655667,0.4534584749025857,0.6365611823043199,"environment,material,process_history","{""environment"": 3, ""material"": 17, ""process_history"": 1}","Composition, wt.% N:numeric_sparse_0.34;Composition, wt.% C:numeric_sparse_0.45;Composition, wt.% Si:numeric_sparse_0.44;Composition, wt.% Mn:numeric_sparse_0.41;Composition, wt.% Cu:numeric_sparse_0.19;Composition, wt.% P:numeric_sparse_0.23;Composition, wt.% S:numeric_sparse_0.25;Test Solution:high_cardinality;Heat treatment:categorical_sparse_0.54;Microstructures:categorical_sparse_0.28",,,,,,,,,,,,,,,,,,,,,,,step-2000,2000
2,trial_0056,local_tabicl_regressor,/home/fcolanto/projects/tabicl/checkpoints/epit_pipeline_final_v1/final_epit_pipeline_optuna_empirical_features_scm_target_v7_trial_0056/step-2000.ckpt,electrochemical_metrics_alloys__pitting_potential__epit_mv_sce_avg,electrochemical_metrics_alloys,Pitting Potential,"Epit, mV (SCE) Avg.",,continuous,0,,median,False,,608,486,122,21,False,0,,,,,epit_pipeline_development_fold_2,0,0,0,0,True,,,normal_corrosion,186.32630480785852,278.1927414745296,0.4479701254937794,0.6681930152670654,0.6824948420077473,0.3660688611479707,0.5465556790611443,"environment,material,process_history","{""environment"": 3, ""material"": 17, ""process_history"": 1}","Composition, wt.% N:numeric_sparse_0.34;Composition, wt.% C:numeric_sparse_0.45;Composition, wt.% Si:numeric_sparse_0.44;Composition, wt.% Mn:numeric_sparse_0.41;Composition, wt.% Cu:numeric_sparse_0.19;Composition, wt.% P:numeric_sparse_0.23;Composition, wt.% S:numeric_sparse_0.25;Test Solution:high_cardinality;Heat treatment:categorical_sparse_0.54;Microstructures:categorical_sparse_0.28",,,,,,,,,,,,,,,,,,,,,,,step-2000,2000
2,pretrained_tabicl_v2,pretrained_tabicl_regressor,/home/fcolanto/.cache/huggingface/hub/models--jingang--TabICL/snapshots/4dcd344ece2c00be9e831fdd35bed57b5ad83e19/tabicl-regressor-v2-20260212.ckpt,electrochemical_metrics_alloys__pitting_potential__epit_mv_sce_avg,electrochemical_metrics_alloys,Pitting Potential,"Epit, mV (SCE) Avg.",,continuous,0,,median,False,,608,486,122,21,False,0,,,,,epit_pipeline_development_fold_2,0,0,0,0,True,,,normal_corrosion,207.80827415220085,285.3713058802669,0.4191130793881557,0.5600380115222819,0.6642602160311927,0.4082737450005664,0.5606591568250354,"environment,material,process_history","{""environment"": 3, ""material"": 17, ""process_history"": 1}","Composition, wt.% N:numeric_sparse_0.34;Composition, wt.% C:numeric_sparse_0.45;Composition, wt.% Si:numeric_sparse_0.44;Composition, wt.% Mn:numeric_sparse_0.41;Composition, wt.% Cu:numeric_sparse_0.19;Composition, wt.% P:numeric_sparse_0.23;Composition, wt.% S:numeric_sparse_0.25;Test Solution:high_cardinality;Heat treatment:categorical_sparse_0.54;Microstructures:categorical_sparse_0.28",,,,,,,,,,,,,,,,,,,,,,,step-2000,2000
2,catboost,catboost_regressor,catboost==1.2.10;iterations=1000;depth=6;learning_rate=0.03;l2_leaf_reg=3;thread_count=8,electrochemical_metrics_alloys__pitting_potential__epit_mv_sce_avg,electrochemical_metrics_alloys,Pitting Potential,"Epit, mV (SCE) Avg.",,continuous,0,,median,False,,608,486,122,21,False,0,,,,,epit_pipeline_development_fold_2,0,0,0,0,True,,,normal_corrosion,220.3852586003285,305.6460507027,0.3336405365220811,0.4912719438106525,0.5955699014113132,0.4329833123284302,0.600492248319376,"environment,material,process_history","{""environment"": 3, ""material"": 17, ""process_history"": 1}","Composition, wt.% N:numeric_sparse_0.34;Composition, wt.% C:numeric_sparse_0.45;Composition, wt.% Si:numeric_sparse_0.44;Composition, wt.% Mn:numeric_sparse_0.41;Composition, wt.% Cu:numeric_sparse_0.19;Composition, wt.% P:numeric_sparse_0.23;Composition, wt.% S:numeric_sparse_0.25;Test Solution:high_cardinality;Heat treatment:categorical_sparse_0.54;Microstructures:categorical_sparse_0.28",,,,,,,,,,,,,,,,,,,,,,,step-2000,2000
2,generic_baseline,local_tabicl_regressor,/home/fcolanto/projects/tabicl/checkpoints/tabicl_s1_regression_baseline/step-2500.ckpt,electrochemical_metrics_alloys__pitting_potential__epit_mv_sce_avg,electrochemical_metrics_alloys,Pitting Potential,"Epit, mV (SCE) Avg.",,continuous,0,,median,False,,608,486,122,21,False,0,,,,,epit_pipeline_development_fold_2,0,0,0,0,True,,,normal_corrosion,245.5427571544101,333.7054945015341,0.2056759581978939,0.4790663509646899,0.5483232046911684,0.4824093815810844,0.6556196692515784,"environment,material,process_history","{""environment"": 3, ""material"": 17, ""process_history"": 1}","Composition, wt.% N:numeric_sparse_0.34;Composition, wt.% C:numeric_sparse_0.45;Composition, wt.% Si:numeric_sparse_0.44;Composition, wt.% Mn:numeric_sparse_0.41;Composition, wt.% Cu:numeric_sparse_0.19;Composition, wt.% P:numeric_sparse_0.23;Composition, wt.% S:numeric_sparse_0.25;Test Solution:high_cardinality;Heat treatment:categorical_sparse_0.54;Microstructures:categorical_sparse_0.28",,,,,,,,,,,,,,,,,,,,,,,step-2500,2500
2,trial_0056,local_tabicl_regressor,/home/fcolanto/projects/tabicl/checkpoints/epit_pipeline_final_v1/final_epit_pipeline_optuna_empirical_features_scm_target_v7_trial_0056/step-2500.ckpt,electrochemical_metrics_alloys__pitting_potential__epit_mv_sce_avg,electrochemical_metrics_alloys,Pitting Potential,"Epit, mV (SCE) Avg.",,continuous,0,,median,False,,608,486,122,21,False,0,,,,,epit_pipeline_development_fold_2,0,0,0,0,True,,,normal_corrosion,172.17883920266993,264.6107205655494,0.5005570771328016,0.7085466469163797,0.7283716273008927,0.3382738236863409,0.5198715512813045,"environment,material,process_history","{""environment"": 3, ""material"": 17, ""process_history"": 1}","Composition, wt.% N:numeric_sparse_0.34;Composition, wt.% C:numeric_sparse_0.45;Composition, wt.% Si:numeric_sparse_0.44;Composition, wt.% Mn:numeric_sparse_0.41;Composition, wt.% Cu:numeric_sparse_0.19;Composition, wt.% P:numeric_sparse_0.23;Composition, wt.% S:numeric_sparse_0.25;Test Solution:high_cardinality;Heat treatment:categorical_sparse_0.54;Microstructures:categorical_sparse_0.28",,,,,,,,,,,,,,,,,,,,,,,step-2500,2500
2,pretrained_tabicl_v2,pretrained_tabicl_regressor,/home/fcolanto/.cache/huggingface/hub/models--jingang--TabICL/snapshots/4dcd344ece2c00be9e831fdd35bed57b5ad83e19/tabicl-regressor-v2-20260212.ckpt,electrochemical_metrics_alloys__pitting_potential__epit_mv_sce_avg,electrochemical_metrics_alloys,Pitting Potential,"Epit, mV (SCE) Avg.",,continuous,0,,median,False,,608,486,122,21,False,0,,,,,epit_pipeline_development_fold_2,0,0,0,0,True,,,normal_corrosion,207.80827415220085,285.3713058802669,0.4191130793881557,0.5600380115222819,0.6642602160311927,0.4082737450005664,0.5606591568250354,"environment,material,process_history","{""environment"": 3, ""material"": 17, ""process_history"": 1}","Composition, wt.% N:numeric_sparse_0.34;Composition, wt.% C:numeric_sparse_0.45;Composition, wt.% Si:numeric_sparse_0.44;Composition, wt.% Mn:numeric_sparse_0.41;Composition, wt.% Cu:numeric_sparse_0.19;Composition, wt.% P:numeric_sparse_0.23;Composition, wt.% S:numeric_sparse_0.25;Test Solution:high_cardinality;Heat treatment:categorical_sparse_0.54;Microstructures:categorical_sparse_0.28",,,,,,,,,,,,,,,,,,,,,,,step-2500,2500
2,catboost,catboost_regressor,catboost==1.2.10;iterations=1000;depth=6;learning_rate=0.03;l2_leaf_reg=3;thread_count=8,electrochemical_metrics_alloys__pitting_potential__epit_mv_sce_avg,electrochemical_metrics_alloys,Pitting Potential,"Epit, mV (SCE) Avg.",,continuous,0,,median,False,,608,486,122,21,False,0,,,,,epit_pipeline_development_fold_2,0,0,0,0,True,,,normal_corrosion,220.3852586003285,305.6460507027,0.3336405365220811,0.4912719438106525,0.5955699014113132,0.4329833123284302,0.600492248319376,"environment,material,process_history","{""environment"": 3, ""material"": 17, ""process_history"": 1}","Composition, wt.% N:numeric_sparse_0.34;Composition, wt.% C:numeric_sparse_0.45;Composition, wt.% Si:numeric_sparse_0.44;Composition, wt.% Mn:numeric_sparse_0.41;Composition, wt.% Cu:numeric_sparse_0.19;Composition, wt.% P:numeric_sparse_0.23;Composition, wt.% S:numeric_sparse_0.25;Test Solution:high_cardinality;Heat treatment:categorical_sparse_0.54;Microstructures:categorical_sparse_0.28",,,,,,,,,,,,,,,,,,,,,,,step-2500,2500
2,generic_baseline,local_tabicl_regressor,/home/fcolanto/projects/tabicl/checkpoints/tabicl_s1_regression_baseline/step-3000.ckpt,electrochemical_metrics_alloys__pitting_potential__epit_mv_sce_avg,electrochemical_metrics_alloys,Pitting Potential,"Epit, mV (SCE) Avg.",,continuous,0,,median,False,,608,486,122,21,False,0,,,,,epit_pipeline_development_fold_2,0,0,0,0,True,,,normal_corrosion,224.5487511569556,315.2864719000617,0.2909421554215735,0.5221432743813289,0.5611503681844319,0.4411631824770612,0.6194324511659045,"environment,material,process_history","{""environment"": 3, ""material"": 17, ""process_history"": 1}","Composition, wt.% N:numeric_sparse_0.34;Composition, wt.% C:numeric_sparse_0.45;Composition, wt.% Si:numeric_sparse_0.44;Composition, wt.% Mn:numeric_sparse_0.41;Composition, wt.% Cu:numeric_sparse_0.19;Composition, wt.% P:numeric_sparse_0.23;Composition, wt.% S:numeric_sparse_0.25;Test Solution:high_cardinality;Heat treatment:categorical_sparse_0.54;Microstructures:categorical_sparse_0.28",,,,,,,,,,,,,,,,,,,,,,,step-3000,3000
2,trial_0056,local_tabicl_regressor,/home/fcolanto/projects/tabicl/checkpoints/epit_pipeline_final_v1/final_epit_pipeline_optuna_empirical_features_scm_target_v7_trial_0056/step-3000.ckpt,electrochemical_metrics_alloys__pitting_potential__epit_mv_sce_avg,electrochemical_metrics_alloys,Pitting Potential,"Epit, mV (SCE) Avg.",,continuous,0,,median,False,,608,486,122,21,False,0,,,,,epit_pipeline_development_fold_2,0,0,0,0,True,,,normal_corrosion,222.59471698827448,312.48286167970906,0.3034963461939026,0.5137387465120246,0.6151207090668015,0.4373241589773414,0.6139242949153652,"environment,material,process_history","{""environment"": 3, ""material"": 17, ""process_history"": 1}","Composition, wt.% N:numeric_sparse_0.34;Composition, wt.% C:numeric_sparse_0.45;Composition, wt.% Si:numeric_sparse_0.44;Composition, wt.% Mn:numeric_sparse_0.41;Composition, wt.% Cu:numeric_sparse_0.19;Composition, wt.% P:numeric_sparse_0.23;Composition, wt.% S:numeric_sparse_0.25;Test Solution:high_cardinality;Heat treatment:categorical_sparse_0.54;Microstructures:categorical_sparse_0.28",,,,,,,,,,,,,,,,,,,,,,,step-3000,3000
2,pretrained_tabicl_v2,pretrained_tabicl_regressor,/home/fcolanto/.cache/huggingface/hub/models--jingang--TabICL/snapshots/4dcd344ece2c00be9e831fdd35bed57b5ad83e19/tabicl-regressor-v2-20260212.ckpt,electrochemical_metrics_alloys__pitting_potential__epit_mv_sce_avg,electrochemical_metrics_alloys,Pitting Potential,"Epit, mV (SCE) Avg.",,continuous,0,,median,False,,608,486,122,21,False,0,,,,,epit_pipeline_development_fold_2,0,0,0,0,True,,,normal_corrosion,207.80827415220085,285.3713058802669,0.4191130793881557,0.5600380115222819,0.6642602160311927,0.4082737450005664,0.5606591568250354,"environment,material,process_history","{""environment"": 3, ""material"": 17, ""process_history"": 1}","Composition, wt.% N:numeric_sparse_0.34;Composition, wt.% C:numeric_sparse_0.45;Composition, wt.% Si:numeric_sparse_0.44;Composition, wt.% Mn:numeric_sparse_0.41;Composition, wt.% Cu:numeric_sparse_0.19;Composition, wt.% P:numeric_sparse_0.23;Composition, wt.% S:numeric_sparse_0.25;Test Solution:high_cardinality;Heat treatment:categorical_sparse_0.54;Microstructures:categorical_sparse_0.28",,,,,,,,,,,,,,,,,,,,,,,step-3000,3000
2,catboost,catboost_regressor,catboost==1.2.10;iterations=1000;depth=6;learning_rate=0.03;l2_leaf_reg=3;thread_count=8,electrochemical_metrics_alloys__pitting_potential__epit_mv_sce_avg,electrochemical_metrics_alloys,Pitting Potential,"Epit, mV (SCE) Avg.",,continuous,0,,median,False,,608,486,122,21,False,0,,,,,epit_pipeline_development_fold_2,0,0,0,0,True,,,normal_corrosion,220.3852586003285,305.6460507027,0.3336405365220811,0.4912719438106525,0.5955699014113132,0.4329833123284302,0.600492248319376,"environment,material,process_history","{""environment"": 3, ""material"": 17, ""process_history"": 1}","Composition, wt.% N:numeric_sparse_0.34;Composition, wt.% C:numeric_sparse_0.45;Composition, wt.% Si:numeric_sparse_0.44;Composition, wt.% Mn:numeric_sparse_0.41;Composition, wt.% Cu:numeric_sparse_0.19;Composition, wt.% P:numeric_sparse_0.23;Composition, wt.% S:numeric_sparse_0.25;Test Solution:high_cardinality;Heat treatment:categorical_sparse_0.54;Microstructures:categorical_sparse_0.28",,,,,,,,,,,,,,,,,,,,,,,step-3000,3000
2,generic_baseline,local_tabicl_regressor,/home/fcolanto/projects/tabicl/checkpoints/tabicl_s1_regression_baseline/step-3500.ckpt,electrochemical_metrics_alloys__pitting_potential__epit_mv_sce_avg,electrochemical_metrics_alloys,Pitting Potential,"Epit, mV (SCE) Avg.",,continuous,0,,median,False,,608,486,122,21,False,0,,,,,epit_pipeline_development_fold_2,0,0,0,0,True,,,normal_corrosion,232.63859131488655,312.3597576590297,0.3040450195543525,0.590899781574804,0.5870491676041288,0.4570570122642014,0.6136824366941157,"environment,material,process_history","{""environment"": 3, ""material"": 17, ""process_history"": 1}","Composition, wt.% N:numeric_sparse_0.34;Composition, wt.% C:numeric_sparse_0.45;Composition, wt.% Si:numeric_sparse_0.44;Composition, wt.% Mn:numeric_sparse_0.41;Composition, wt.% Cu:numeric_sparse_0.19;Composition, wt.% P:numeric_sparse_0.23;Composition, wt.% S:numeric_sparse_0.25;Test Solution:high_cardinality;Heat treatment:categorical_sparse_0.54;Microstructures:categorical_sparse_0.28",,,,,,,,,,,,,,,,,,,,,,,step-3500,3500
2,trial_0056,local_tabicl_regressor,/home/fcolanto/projects/tabicl/checkpoints/epit_pipeline_final_v1/final_epit_pipeline_optuna_empirical_features_scm_target_v7_trial_0056/step-3500.ckpt,electrochemical_metrics_alloys__pitting_potential__epit_mv_sce_avg,electrochemical_metrics_alloys,Pitting Potential,"Epit, mV (SCE) Avg.",,continuous,0,,median,False,,608,486,122,21,False,0,,,,,epit_pipeline_development_fold_2,0,0,0,0,True,,,normal_corrosion,231.25834008517828,323.9513432048832,0.2514331981497503,0.4880856024610846,0.5903794133135063,0.4543452803040875,0.6364560248036722,"environment,material,process_history","{""environment"": 3, ""material"": 17, ""process_history"": 1}","Composition, wt.% N:numeric_sparse_0.34;Composition, wt.% C:numeric_sparse_0.45;Composition, wt.% Si:numeric_sparse_0.44;Composition, wt.% Mn:numeric_sparse_0.41;Composition, wt.% Cu:numeric_sparse_0.19;Composition, wt.% P:numeric_sparse_0.23;Composition, wt.% S:numeric_sparse_0.25;Test Solution:high_cardinality;Heat treatment:categorical_sparse_0.54;Microstructures:categorical_sparse_0.28",,,,,,,,,,,,,,,,,,,,,,,step-3500,3500
2,pretrained_tabicl_v2,pretrained_tabicl_regressor,/home/fcolanto/.cache/huggingface/hub/models--jingang--TabICL/snapshots/4dcd344ece2c00be9e831fdd35bed57b5ad83e19/tabicl-regressor-v2-20260212.ckpt,electrochemical_metrics_alloys__pitting_potential__epit_mv_sce_avg,electrochemical_metrics_alloys,Pitting Potential,"Epit, mV (SCE) Avg.",,continuous,0,,median,False,,608,486,122,21,False,0,,,,,epit_pipeline_development_fold_2,0,0,0,0,True,,,normal_corrosion,207.80827415220085,285.3713058802669,0.4191130793881557,0.5600380115222819,0.6642602160311927,0.4082737450005664,0.5606591568250354,"environment,material,process_history","{""environment"": 3, ""material"": 17, ""process_history"": 1}","Composition, wt.% N:numeric_sparse_0.34;Composition, wt.% C:numeric_sparse_0.45;Composition, wt.% Si:numeric_sparse_0.44;Composition, wt.% Mn:numeric_sparse_0.41;Composition, wt.% Cu:numeric_sparse_0.19;Composition, wt.% P:numeric_sparse_0.23;Composition, wt.% S:numeric_sparse_0.25;Test Solution:high_cardinality;Heat treatment:categorical_sparse_0.54;Microstructures:categorical_sparse_0.28",,,,,,,,,,,,,,,,,,,,,,,step-3500,3500
2,catboost,catboost_regressor,catboost==1.2.10;iterations=1000;depth=6;learning_rate=0.03;l2_leaf_reg=3;thread_count=8,electrochemical_metrics_alloys__pitting_potential__epit_mv_sce_avg,electrochemical_metrics_alloys,Pitting Potential,"Epit, mV (SCE) Avg.",,continuous,0,,median,False,,608,486,122,21,False,0,,,,,epit_pipeline_development_fold_2,0,0,0,0,True,,,normal_corrosion,220.3852586003285,305.6460507027,0.3336405365220811,0.4912719438106525,0.5955699014113132,0.4329833123284302,0.600492248319376,"environment,material,process_history","{""environment"": 3, ""material"": 17, ""process_history"": 1}","Composition, wt.% N:numeric_sparse_0.34;Composition, wt.% C:numeric_sparse_0.45;Composition, wt.% Si:numeric_sparse_0.44;Composition, wt.% Mn:numeric_sparse_0.41;Composition, wt.% Cu:numeric_sparse_0.19;Composition, wt.% P:numeric_sparse_0.23;Composition, wt.% S:numeric_sparse_0.25;Test Solution:high_cardinality;Heat treatment:categorical_sparse_0.54;Microstructures:categorical_sparse_0.28",,,,,,,,,,,,,,,,,,,,,,,step-3500,3500
2,generic_baseline,local_tabicl_regressor,/home/fcolanto/projects/tabicl/checkpoints/tabicl_s1_regression_baseline/step-4000.ckpt,electrochemical_metrics_alloys__pitting_potential__epit_mv_sce_avg,electrochemical_metrics_alloys,Pitting Potential,"Epit, mV (SCE) Avg.",,continuous,0,,median,False,,608,486,122,21,False,0,,,,,epit_pipeline_development_fold_2,0,0,0,0,True,,,normal_corrosion,246.6336895164507,333.55387701871894,0.2063975888247279,0.5984681531126362,0.5828158528722267,0.4845526987459553,0.6553217916152377,"environment,material,process_history","{""environment"": 3, ""material"": 17, ""process_history"": 1}","Composition, wt.% N:numeric_sparse_0.34;Composition, wt.% C:numeric_sparse_0.45;Composition, wt.% Si:numeric_sparse_0.44;Composition, wt.% Mn:numeric_sparse_0.41;Composition, wt.% Cu:numeric_sparse_0.19;Composition, wt.% P:numeric_sparse_0.23;Composition, wt.% S:numeric_sparse_0.25;Test Solution:high_cardinality;Heat treatment:categorical_sparse_0.54;Microstructures:categorical_sparse_0.28",,,,,,,,,,,,,,,,,,,,,,,step-4000,4000
2,trial_0056,local_tabicl_regressor,/home/fcolanto/projects/tabicl/checkpoints/epit_pipeline_final_v1/final_epit_pipeline_optuna_empirical_features_scm_target_v7_trial_0056/step-4000.ckpt,electrochemical_metrics_alloys__pitting_potential__epit_mv_sce_avg,electrochemical_metrics_alloys,Pitting Potential,"Epit, mV (SCE) Avg.",,continuous,0,,median,False,,608,486,122,21,False,0,,,,,epit_pipeline_development_fold_2,0,0,0,0,True,,,normal_corrosion,213.6665559124948,300.27883665478697,0.3568379038229505,0.5288787945534257,0.6391779300289964,0.4197833090124015,0.5899474680958696,"environment,material,process_history","{""environment"": 3, ""material"": 17, ""process_history"": 1}","Composition, wt.% N:numeric_sparse_0.34;Composition, wt.% C:numeric_sparse_0.45;Composition, wt.% Si:numeric_sparse_0.44;Composition, wt.% Mn:numeric_sparse_0.41;Composition, wt.% Cu:numeric_sparse_0.19;Composition, wt.% P:numeric_sparse_0.23;Composition, wt.% S:numeric_sparse_0.25;Test Solution:high_cardinality;Heat treatment:categorical_sparse_0.54;Microstructures:categorical_sparse_0.28",,,,,,,,,,,,,,,,,,,,,,,step-4000,4000
2,pretrained_tabicl_v2,pretrained_tabicl_regressor,/home/fcolanto/.cache/huggingface/hub/models--jingang--TabICL/snapshots/4dcd344ece2c00be9e831fdd35bed57b5ad83e19/tabicl-regressor-v2-20260212.ckpt,electrochemical_metrics_alloys__pitting_potential__epit_mv_sce_avg,electrochemical_metrics_alloys,Pitting Potential,"Epit, mV (SCE) Avg.",,continuous,0,,median,False,,608,486,122,21,False,0,,,,,epit_pipeline_development_fold_2,0,0,0,0,True,,,normal_corrosion,207.80827415220085,285.3713058802669,0.4191130793881557,0.5600380115222819,0.6642602160311927,0.4082737450005664,0.5606591568250354,"environment,material,process_history","{""environment"": 3, ""material"": 17, ""process_history"": 1}","Composition, wt.% N:numeric_sparse_0.34;Composition, wt.% C:numeric_sparse_0.45;Composition, wt.% Si:numeric_sparse_0.44;Composition, wt.% Mn:numeric_sparse_0.41;Composition, wt.% Cu:numeric_sparse_0.19;Composition, wt.% P:numeric_sparse_0.23;Composition, wt.% S:numeric_sparse_0.25;Test Solution:high_cardinality;Heat treatment:categorical_sparse_0.54;Microstructures:categorical_sparse_0.28",,,,,,,,,,,,,,,,,,,,,,,step-4000,4000
2,catboost,catboost_regressor,catboost==1.2.10;iterations=1000;depth=6;learning_rate=0.03;l2_leaf_reg=3;thread_count=8,electrochemical_metrics_alloys__pitting_potential__epit_mv_sce_avg,electrochemical_metrics_alloys,Pitting Potential,"Epit, mV (SCE) Avg.",,continuous,0,,median,False,,608,486,122,21,False,0,,,,,epit_pipeline_development_fold_2,0,0,0,0,True,,,normal_corrosion,220.3852586003285,305.6460507027,0.3336405365220811,0.4912719438106525,0.5955699014113132,0.4329833123284302,0.600492248319376,"environment,material,process_history","{""environment"": 3, ""material"": 17, ""process_history"": 1}","Composition, wt.% N:numeric_sparse_0.34;Composition, wt.% C:numeric_sparse_0.45;Composition, wt.% Si:numeric_sparse_0.44;Composition, wt.% Mn:numeric_sparse_0.41;Composition, wt.% Cu:numeric_sparse_0.19;Composition, wt.% P:numeric_sparse_0.23;Composition, wt.% S:numeric_sparse_0.25;Test Solution:high_cardinality;Heat treatment:categorical_sparse_0.54;Microstructures:categorical_sparse_0.28",,,,,,,,,,,,,,,,,,,,,,,step-4000,4000
2,generic_baseline,local_tabicl_regressor,/home/fcolanto/projects/tabicl/checkpoints/tabicl_s1_regression_baseline/step-4500.ckpt,electrochemical_metrics_alloys__pitting_potential__epit_mv_sce_avg,electrochemical_metrics_alloys,Pitting Potential,"Epit, mV (SCE) Avg.",,continuous,0,,median,False,,608,486,122,21,False,0,,,,,epit_pipeline_development_fold_2,0,0,0,0,True,,,normal_corrosion,221.51677181435423,313.8370837943793,0.2974463216494238,0.626335624207396,0.5914241708641655,0.4352063572927974,0.6165848883713989,"environment,material,process_history","{""environment"": 3, ""material"": 17, ""process_history"": 1}","Composition, wt.% N:numeric_sparse_0.34;Composition, wt.% C:numeric_sparse_0.45;Composition, wt.% Si:numeric_sparse_0.44;Composition, wt.% Mn:numeric_sparse_0.41;Composition, wt.% Cu:numeric_sparse_0.19;Composition, wt.% P:numeric_sparse_0.23;Composition, wt.% S:numeric_sparse_0.25;Test Solution:high_cardinality;Heat treatment:categorical_sparse_0.54;Microstructures:categorical_sparse_0.28",,,,,,,,,,,,,,,,,,,,,,,step-4500,4500
2,trial_0056,local_tabicl_regressor,/home/fcolanto/projects/tabicl/checkpoints/epit_pipeline_final_v1/final_epit_pipeline_optuna_empirical_features_scm_target_v7_trial_0056/step-4500.ckpt,electrochemical_metrics_alloys__pitting_potential__epit_mv_sce_avg,electrochemical_metrics_alloys,Pitting Potential,"Epit, mV (SCE) Avg.",,continuous,0,,median,False,,608,486,122,21,False,0,,,,,epit_pipeline_development_fold_2,0,0,0,0,True,,,normal_corrosion,195.0679834997851,286.08423616756164,0.4162070466219378,0.6031083250074467,0.6713410984410586,0.3832433356086486,0.5620598263580733,"environment,material,process_history","{""environment"": 3, ""material"": 17, ""process_history"": 1}","Composition, wt.% N:numeric_sparse_0.34;Composition, wt.% C:numeric_sparse_0.45;Composition, wt.% Si:numeric_sparse_0.44;Composition, wt.% Mn:numeric_sparse_0.41;Composition, wt.% Cu:numeric_sparse_0.19;Composition, wt.% P:numeric_sparse_0.23;Composition, wt.% S:numeric_sparse_0.25;Test Solution:high_cardinality;Heat treatment:categorical_sparse_0.54;Microstructures:categorical_sparse_0.28",,,,,,,,,,,,,,,,,,,,,,,step-4500,4500
2,pretrained_tabicl_v2,pretrained_tabicl_regressor,/home/fcolanto/.cache/huggingface/hub/models--jingang--TabICL/snapshots/4dcd344ece2c00be9e831fdd35bed57b5ad83e19/tabicl-regressor-v2-20260212.ckpt,electrochemical_metrics_alloys__pitting_potential__epit_mv_sce_avg,electrochemical_metrics_alloys,Pitting Potential,"Epit, mV (SCE) Avg.",,continuous,0,,median,False,,608,486,122,21,False,0,,,,,epit_pipeline_development_fold_2,0,0,0,0,True,,,normal_corrosion,207.80827415220085,285.3713058802669,0.4191130793881557,0.5600380115222819,0.6642602160311927,0.4082737450005664,0.5606591568250354,"environment,material,process_history","{""environment"": 3, ""material"": 17, ""process_history"": 1}","Composition, wt.% N:numeric_sparse_0.34;Composition, wt.% C:numeric_sparse_0.45;Composition, wt.% Si:numeric_sparse_0.44;Composition, wt.% Mn:numeric_sparse_0.41;Composition, wt.% Cu:numeric_sparse_0.19;Composition, wt.% P:numeric_sparse_0.23;Composition, wt.% S:numeric_sparse_0.25;Test Solution:high_cardinality;Heat treatment:categorical_sparse_0.54;Microstructures:categorical_sparse_0.28",,,,,,,,,,,,,,,,,,,,,,,step-4500,4500
2,catboost,catboost_regressor,catboost==1.2.10;iterations=1000;depth=6;learning_rate=0.03;l2_leaf_reg=3;thread_count=8,electrochemical_metrics_alloys__pitting_potential__epit_mv_sce_avg,electrochemical_metrics_alloys,Pitting Potential,"Epit, mV (SCE) Avg.",,continuous,0,,median,False,,608,486,122,21,False,0,,,,,epit_pipeline_development_fold_2,0,0,0,0,True,,,normal_corrosion,220.3852586003285,305.6460507027,0.3336405365220811,0.4912719438106525,0.5955699014113132,0.4329833123284302,0.600492248319376,"environment,material,process_history","{""environment"": 3, ""material"": 17, ""process_history"": 1}","Composition, wt.% N:numeric_sparse_0.34;Composition, wt.% C:numeric_sparse_0.45;Composition, wt.% Si:numeric_sparse_0.44;Composition, wt.% Mn:numeric_sparse_0.41;Composition, wt.% Cu:numeric_sparse_0.19;Composition, wt.% P:numeric_sparse_0.23;Composition, wt.% S:numeric_sparse_0.25;Test Solution:high_cardinality;Heat treatment:categorical_sparse_0.54;Microstructures:categorical_sparse_0.28",,,,,,,,,,,,,,,,,,,,,,,step-4500,4500
2,generic_baseline,local_tabicl_regressor,/home/fcolanto/projects/tabicl/checkpoints/tabicl_s1_regression_baseline/step-5000.ckpt,electrochemical_metrics_alloys__pitting_potential__epit_mv_sce_avg,electrochemical_metrics_alloys,Pitting Potential,"Epit, mV (SCE) Avg.",,continuous,0,,median,False,,608,486,122,21,False,0,,,,,epit_pipeline_development_fold_2,0,0,0,0,True,,,normal_corrosion,248.08467555440853,325.1629054580084,0.2458235209743121,0.5667570068656935,0.5709284396592638,0.4874034009428596,0.6388363393527574,"environment,material,process_history","{""environment"": 3, ""material"": 17, ""process_history"": 1}","Composition, wt.% N:numeric_sparse_0.34;Composition, wt.% C:numeric_sparse_0.45;Composition, wt.% Si:numeric_sparse_0.44;Composition, wt.% Mn:numeric_sparse_0.41;Composition, wt.% Cu:numeric_sparse_0.19;Composition, wt.% P:numeric_sparse_0.23;Composition, wt.% S:numeric_sparse_0.25;Test Solution:high_cardinality;Heat treatment:categorical_sparse_0.54;Microstructures:categorical_sparse_0.28",,,,,,,,,,,,,,,,,,,,,,,step-5000,5000
2,trial_0056,local_tabicl_regressor,/home/fcolanto/projects/tabicl/checkpoints/epit_pipeline_final_v1/final_epit_pipeline_optuna_empirical_features_scm_target_v7_trial_0056/step-5000.ckpt,electrochemical_metrics_alloys__pitting_potential__epit_mv_sce_avg,electrochemical_metrics_alloys,Pitting Potential,"Epit, mV (SCE) Avg.",,continuous,0,,median,False,,608,486,122,21,False,0,,,,,epit_pipeline_development_fold_2,0,0,0,0,True,,,normal_corrosion,197.7093848644711,283.00128033484697,0.4287216136400126,0.5953383505596549,0.6731337283782765,0.388432805718102,0.5560028494228244,"environment,material,process_history","{""environment"": 3, ""material"": 17, ""process_history"": 1}","Composition, wt.% N:numeric_sparse_0.34;Composition, wt.% C:numeric_sparse_0.45;Composition, wt.% Si:numeric_sparse_0.44;Composition, wt.% Mn:numeric_sparse_0.41;Composition, wt.% Cu:numeric_sparse_0.19;Composition, wt.% P:numeric_sparse_0.23;Composition, wt.% S:numeric_sparse_0.25;Test Solution:high_cardinality;Heat treatment:categorical_sparse_0.54;Microstructures:categorical_sparse_0.28",,,,,,,,,,,,,,,,,,,,,,,step-5000,5000
2,pretrained_tabicl_v2,pretrained_tabicl_regressor,/home/fcolanto/.cache/huggingface/hub/models--jingang--TabICL/snapshots/4dcd344ece2c00be9e831fdd35bed57b5ad83e19/tabicl-regressor-v2-20260212.ckpt,electrochemical_metrics_alloys__pitting_potential__epit_mv_sce_avg,electrochemical_metrics_alloys,Pitting Potential,"Epit, mV (SCE) Avg.",,continuous,0,,median,False,,608,486,122,21,False,0,,,,,epit_pipeline_development_fold_2,0,0,0,0,True,,,normal_corrosion,207.80827415220085,285.3713058802669,0.4191130793881557,0.5600380115222819,0.6642602160311927,0.4082737450005664,0.5606591568250354,"environment,material,process_history","{""environment"": 3, ""material"": 17, ""process_history"": 1}","Composition, wt.% N:numeric_sparse_0.34;Composition, wt.% C:numeric_sparse_0.45;Composition, wt.% Si:numeric_sparse_0.44;Composition, wt.% Mn:numeric_sparse_0.41;Composition, wt.% Cu:numeric_sparse_0.19;Composition, wt.% P:numeric_sparse_0.23;Composition, wt.% S:numeric_sparse_0.25;Test Solution:high_cardinality;Heat treatment:categorical_sparse_0.54;Microstructures:categorical_sparse_0.28",,,,,,,,,,,,,,,,,,,,,,,step-5000,5000
2,catboost,catboost_regressor,catboost==1.2.10;iterations=1000;depth=6;learning_rate=0.03;l2_leaf_reg=3;thread_count=8,electrochemical_metrics_alloys__pitting_potential__epit_mv_sce_avg,electrochemical_metrics_alloys,Pitting Potential,"Epit, mV (SCE) Avg.",,continuous,0,,median,False,,608,486,122,21,False,0,,,,,epit_pipeline_development_fold_2,0,0,0,0,True,,,normal_corrosion,220.3852586003285,305.6460507027,0.3336405365220811,0.4912719438106525,0.5955699014113132,0.4329833123284302,0.600492248319376,"environment,material,process_history","{""environment"": 3, ""material"": 17, ""process_history"": 1}","Composition, wt.% N:numeric_sparse_0.34;Composition, wt.% C:numeric_sparse_0.45;Composition, wt.% Si:numeric_sparse_0.44;Composition, wt.% Mn:numeric_sparse_0.41;Composition, wt.% Cu:numeric_sparse_0.19;Composition, wt.% P:numeric_sparse_0.23;Composition, wt.% S:numeric_sparse_0.25;Test Solution:high_cardinality;Heat treatment:categorical_sparse_0.54;Microstructures:categorical_sparse_0.28",,,,,,,,,,,,,,,,,,,,,,,step-5000,5000
2,generic_baseline,local_tabicl_regressor,/home/fcolanto/projects/tabicl/checkpoints/tabicl_s1_regression_baseline/step-5500.ckpt,electrochemical_metrics_alloys__pitting_potential__epit_mv_sce_avg,electrochemical_metrics_alloys,Pitting Potential,"Epit, mV (SCE) Avg.",,continuous,0,,median,False,,608,486,122,21,False,0,,,,,epit_pipeline_development_fold_2,0,0,0,0,True,,,normal_corrosion,236.6607972555084,314.1095453339261,0.296225930828655,0.5892572136034928,0.6039328574123813,0.4649593014740066,0.6171201841558099,"environment,material,process_history","{""environment"": 3, ""material"": 17, ""process_history"": 1}","Composition, wt.% N:numeric_sparse_0.34;Composition, wt.% C:numeric_sparse_0.45;Composition, wt.% Si:numeric_sparse_0.44;Composition, wt.% Mn:numeric_sparse_0.41;Composition, wt.% Cu:numeric_sparse_0.19;Composition, wt.% P:numeric_sparse_0.23;Composition, wt.% S:numeric_sparse_0.25;Test Solution:high_cardinality;Heat treatment:categorical_sparse_0.54;Microstructures:categorical_sparse_0.28",,,,,,,,,,,,,,,,,,,,,,,step-5500,5500
2,trial_0056,local_tabicl_regressor,/home/fcolanto/projects/tabicl/checkpoints/epit_pipeline_final_v1/final_epit_pipeline_optuna_empirical_features_scm_target_v7_trial_0056/step-5500.ckpt,electrochemical_metrics_alloys__pitting_potential__epit_mv_sce_avg,electrochemical_metrics_alloys,Pitting Potential,"Epit, mV (SCE) Avg.",,continuous,0,,median,False,,608,486,122,21,False,0,,,,,epit_pipeline_development_fold_2,0,0,0,0,True,,,normal_corrosion,200.20038716929872,284.3853684085919,0.4231199912244746,0.5701545116433753,0.6714016383596979,0.3933267919847516,0.558722119498012,"environment,material,process_history","{""environment"": 3, ""material"": 17, ""process_history"": 1}","Composition, wt.% N:numeric_sparse_0.34;Composition, wt.% C:numeric_sparse_0.45;Composition, wt.% Si:numeric_sparse_0.44;Composition, wt.% Mn:numeric_sparse_0.41;Composition, wt.% Cu:numeric_sparse_0.19;Composition, wt.% P:numeric_sparse_0.23;Composition, wt.% S:numeric_sparse_0.25;Test Solution:high_cardinality;Heat treatment:categorical_sparse_0.54;Microstructures:categorical_sparse_0.28",,,,,,,,,,,,,,,,,,,,,,,step-5500,5500
2,pretrained_tabicl_v2,pretrained_tabicl_regressor,/home/fcolanto/.cache/huggingface/hub/models--jingang--TabICL/snapshots/4dcd344ece2c00be9e831fdd35bed57b5ad83e19/tabicl-regressor-v2-20260212.ckpt,electrochemical_metrics_alloys__pitting_potential__epit_mv_sce_avg,electrochemical_metrics_alloys,Pitting Potential,"Epit, mV (SCE) Avg.",,continuous,0,,median,False,,608,486,122,21,False,0,,,,,epit_pipeline_development_fold_2,0,0,0,0,True,,,normal_corrosion,207.80827415220085,285.3713058802669,0.4191130793881557,0.5600380115222819,0.6642602160311927,0.4082737450005664,0.5606591568250354,"environment,material,process_history","{""environment"": 3, ""material"": 17, ""process_history"": 1}","Composition, wt.% N:numeric_sparse_0.34;Composition, wt.% C:numeric_sparse_0.45;Composition, wt.% Si:numeric_sparse_0.44;Composition, wt.% Mn:numeric_sparse_0.41;Composition, wt.% Cu:numeric_sparse_0.19;Composition, wt.% P:numeric_sparse_0.23;Composition, wt.% S:numeric_sparse_0.25;Test Solution:high_cardinality;Heat treatment:categorical_sparse_0.54;Microstructures:categorical_sparse_0.28",,,,,,,,,,,,,,,,,,,,,,,step-5500,5500
2,catboost,catboost_regressor,catboost==1.2.10;iterations=1000;depth=6;learning_rate=0.03;l2_leaf_reg=3;thread_count=8,electrochemical_metrics_alloys__pitting_potential__epit_mv_sce_avg,electrochemical_metrics_alloys,Pitting Potential,"Epit, mV (SCE) Avg.",,continuous,0,,median,False,,608,486,122,21,False,0,,,,,epit_pipeline_development_fold_2,0,0,0,0,True,,,normal_corrosion,220.3852586003285,305.6460507027,0.3336405365220811,0.4912719438106525,0.5955699014113132,0.4329833123284302,0.600492248319376,"environment,material,process_history","{""environment"": 3, ""material"": 17, ""process_history"": 1}","Composition, wt.% N:numeric_sparse_0.34;Composition, wt.% C:numeric_sparse_0.45;Composition, wt.% Si:numeric_sparse_0.44;Composition, wt.% Mn:numeric_sparse_0.41;Composition, wt.% Cu:numeric_sparse_0.19;Composition, wt.% P:numeric_sparse_0.23;Composition, wt.% S:numeric_sparse_0.25;Test Solution:high_cardinality;Heat treatment:categorical_sparse_0.54;Microstructures:categorical_sparse_0.28",,,,,,,,,,,,,,,,,,,,,,,step-5500,5500
2,generic_baseline,local_tabicl_regressor,/home/fcolanto/projects/tabicl/checkpoints/tabicl_s1_regression_baseline/step-6000.ckpt,electrochemical_metrics_alloys__pitting_potential__epit_mv_sce_avg,electrochemical_metrics_alloys,Pitting Potential,"Epit, mV (SCE) Avg.",,continuous,0,,median,False,,608,486,122,21,False,0,,,,,epit_pipeline_development_fold_2,0,0,0,0,True,,,normal_corrosion,216.10923869277624,287.7642729053516,0.4093302365644992,0.6495596184416081,0.657633235279302,0.4245823635766268,0.5653605365606597,"environment,material,process_history","{""environment"": 3, ""material"": 17, ""process_history"": 1}","Composition, wt.% N:numeric_sparse_0.34;Composition, wt.% C:numeric_sparse_0.45;Composition, wt.% Si:numeric_sparse_0.44;Composition, wt.% Mn:numeric_sparse_0.41;Composition, wt.% Cu:numeric_sparse_0.19;Composition, wt.% P:numeric_sparse_0.23;Composition, wt.% S:numeric_sparse_0.25;Test Solution:high_cardinality;Heat treatment:categorical_sparse_0.54;Microstructures:categorical_sparse_0.28",,,,,,,,,,,,,,,,,,,,,,,step-6000,6000
2,trial_0056,local_tabicl_regressor,/home/fcolanto/projects/tabicl/checkpoints/epit_pipeline_final_v1/final_epit_pipeline_optuna_empirical_features_scm_target_v7_trial_0056/step-6000.ckpt,electrochemical_metrics_alloys__pitting_potential__epit_mv_sce_avg,electrochemical_metrics_alloys,Pitting Potential,"Epit, mV (SCE) Avg.",,continuous,0,,median,False,,608,486,122,21,False,0,,,,,epit_pipeline_development_fold_2,0,0,0,0,True,,,normal_corrosion,205.92802987649804,290.9004394587266,0.3963853839248049,0.5597273447429997,0.6543306144966091,0.4045796939571762,0.5715220547625487,"environment,material,process_history","{""environment"": 3, ""material"": 17, ""process_history"": 1}","Composition, wt.% N:numeric_sparse_0.34;Composition, wt.% C:numeric_sparse_0.45;Composition, wt.% Si:numeric_sparse_0.44;Composition, wt.% Mn:numeric_sparse_0.41;Composition, wt.% Cu:numeric_sparse_0.19;Composition, wt.% P:numeric_sparse_0.23;Composition, wt.% S:numeric_sparse_0.25;Test Solution:high_cardinality;Heat treatment:categorical_sparse_0.54;Microstructures:categorical_sparse_0.28",,,,,,,,,,,,,,,,,,,,,,,step-6000,6000
2,pretrained_tabicl_v2,pretrained_tabicl_regressor,/home/fcolanto/.cache/huggingface/hub/models--jingang--TabICL/snapshots/4dcd344ece2c00be9e831fdd35bed57b5ad83e19/tabicl-regressor-v2-20260212.ckpt,electrochemical_metrics_alloys__pitting_potential__epit_mv_sce_avg,electrochemical_metrics_alloys,Pitting Potential,"Epit, mV (SCE) Avg.",,continuous,0,,median,False,,608,486,122,21,False,0,,,,,epit_pipeline_development_fold_2,0,0,0,0,True,,,normal_corrosion,207.80827415220085,285.3713058802669,0.4191130793881557,0.5600380115222819,0.6642602160311927,0.4082737450005664,0.5606591568250354,"environment,material,process_history","{""environment"": 3, ""material"": 17, ""process_history"": 1}","Composition, wt.% N:numeric_sparse_0.34;Composition, wt.% C:numeric_sparse_0.45;Composition, wt.% Si:numeric_sparse_0.44;Composition, wt.% Mn:numeric_sparse_0.41;Composition, wt.% Cu:numeric_sparse_0.19;Composition, wt.% P:numeric_sparse_0.23;Composition, wt.% S:numeric_sparse_0.25;Test Solution:high_cardinality;Heat treatment:categorical_sparse_0.54;Microstructures:categorical_sparse_0.28",,,,,,,,,,,,,,,,,,,,,,,step-6000,6000
2,catboost,catboost_regressor,catboost==1.2.10;iterations=1000;depth=6;learning_rate=0.03;l2_leaf_reg=3;thread_count=8,electrochemical_metrics_alloys__pitting_potential__epit_mv_sce_avg,electrochemical_metrics_alloys,Pitting Potential,"Epit, mV (SCE) Avg.",,continuous,0,,median,False,,608,486,122,21,False,0,,,,,epit_pipeline_development_fold_2,0,0,0,0,True,,,normal_corrosion,220.3852586003285,305.6460507027,0.3336405365220811,0.4912719438106525,0.5955699014113132,0.4329833123284302,0.600492248319376,"environment,material,process_history","{""environment"": 3, ""material"": 17, ""process_history"": 1}","Composition, wt.% N:numeric_sparse_0.34;Composition, wt.% C:numeric_sparse_0.45;Composition, wt.% Si:numeric_sparse_0.44;Composition, wt.% Mn:numeric_sparse_0.41;Composition, wt.% Cu:numeric_sparse_0.19;Composition, wt.% P:numeric_sparse_0.23;Composition, wt.% S:numeric_sparse_0.25;Test Solution:high_cardinality;Heat treatment:categorical_sparse_0.54;Microstructures:categorical_sparse_0.28",,,,,,,,,,,,,,,,,,,,,,,step-6000,6000
2,generic_baseline,local_tabicl_regressor,/home/fcolanto/projects/tabicl/checkpoints/tabicl_s1_regression_baseline/step-6500.ckpt,electrochemical_metrics_alloys__pitting_potential__epit_mv_sce_avg,electrochemical_metrics_alloys,Pitting Potential,"Epit, mV (SCE) Avg.",,continuous,0,,median,False,,608,486,122,21,False,0,,,,,epit_pipeline_development_fold_2,0,0,0,0,True,,,normal_corrosion,222.03717975182624,300.2078713264713,0.3571418667427447,0.6182979475349035,0.61748932570572,0.4362287848088649,0.5898080449642603,"environment,material,process_history","{""environment"": 3, ""material"": 17, ""process_history"": 1}","Composition, wt.% N:numeric_sparse_0.34;Composition, wt.% C:numeric_sparse_0.45;Composition, wt.% Si:numeric_sparse_0.44;Composition, wt.% Mn:numeric_sparse_0.41;Composition, wt.% Cu:numeric_sparse_0.19;Composition, wt.% P:numeric_sparse_0.23;Composition, wt.% S:numeric_sparse_0.25;Test Solution:high_cardinality;Heat treatment:categorical_sparse_0.54;Microstructures:categorical_sparse_0.28",,,,,,,,,,,,,,,,,,,,,,,step-6500,6500
2,trial_0056,local_tabicl_regressor,/home/fcolanto/projects/tabicl/checkpoints/epit_pipeline_final_v1/final_epit_pipeline_optuna_empirical_features_scm_target_v7_trial_0056/step-6500.ckpt,electrochemical_metrics_alloys__pitting_potential__epit_mv_sce_avg,electrochemical_metrics_alloys,Pitting Potential,"Epit, mV (SCE) Avg.",,continuous,0,,median,False,,608,486,122,21,False,0,,,,,epit_pipeline_development_fold_2,0,0,0,0,True,,,normal_corrosion,196.63783386859748,283.21653328373435,0.4278522456790393,0.5889862064130552,0.6791447226788924,0.3863275664545105,0.5564257494633699,"environment,material,process_history","{""environment"": 3, ""material"": 17, ""process_history"": 1}","Composition, wt.% N:numeric_sparse_0.34;Composition, wt.% C:numeric_sparse_0.45;Composition, wt.% Si:numeric_sparse_0.44;Composition, wt.% Mn:numeric_sparse_0.41;Composition, wt.% Cu:numeric_sparse_0.19;Composition, wt.% P:numeric_sparse_0.23;Composition, wt.% S:numeric_sparse_0.25;Test Solution:high_cardinality;Heat treatment:categorical_sparse_0.54;Microstructures:categorical_sparse_0.28",,,,,,,,,,,,,,,,,,,,,,,step-6500,6500
2,pretrained_tabicl_v2,pretrained_tabicl_regressor,/home/fcolanto/.cache/huggingface/hub/models--jingang--TabICL/snapshots/4dcd344ece2c00be9e831fdd35bed57b5ad83e19/tabicl-regressor-v2-20260212.ckpt,electrochemical_metrics_alloys__pitting_potential__epit_mv_sce_avg,electrochemical_metrics_alloys,Pitting Potential,"Epit, mV (SCE) Avg.",,continuous,0,,median,False,,608,486,122,21,False,0,,,,,epit_pipeline_development_fold_2,0,0,0,0,True,,,normal_corrosion,207.80827415220085,285.3713058802669,0.4191130793881557,0.5600380115222819,0.6642602160311927,0.4082737450005664,0.5606591568250354,"environment,material,process_history","{""environment"": 3, ""material"": 17, ""process_history"": 1}","Composition, wt.% N:numeric_sparse_0.34;Composition, wt.% C:numeric_sparse_0.45;Composition, wt.% Si:numeric_sparse_0.44;Composition, wt.% Mn:numeric_sparse_0.41;Composition, wt.% Cu:numeric_sparse_0.19;Composition, wt.% P:numeric_sparse_0.23;Composition, wt.% S:numeric_sparse_0.25;Test Solution:high_cardinality;Heat treatment:categorical_sparse_0.54;Microstructures:categorical_sparse_0.28",,,,,,,,,,,,,,,,,,,,,,,step-6500,6500
2,catboost,catboost_regressor,catboost==1.2.10;iterations=1000;depth=6;learning_rate=0.03;l2_leaf_reg=3;thread_count=8,electrochemical_metrics_alloys__pitting_potential__epit_mv_sce_avg,electrochemical_metrics_alloys,Pitting Potential,"Epit, mV (SCE) Avg.",,continuous,0,,median,False,,608,486,122,21,False,0,,,,,epit_pipeline_development_fold_2,0,0,0,0,True,,,normal_corrosion,220.3852586003285,305.6460507027,0.3336405365220811,0.4912719438106525,0.5955699014113132,0.4329833123284302,0.600492248319376,"environment,material,process_history","{""environment"": 3, ""material"": 17, ""process_history"": 1}","Composition, wt.% N:numeric_sparse_0.34;Composition, wt.% C:numeric_sparse_0.45;Composition, wt.% Si:numeric_sparse_0.44;Composition, wt.% Mn:numeric_sparse_0.41;Composition, wt.% Cu:numeric_sparse_0.19;Composition, wt.% P:numeric_sparse_0.23;Composition, wt.% S:numeric_sparse_0.25;Test Solution:high_cardinality;Heat treatment:categorical_sparse_0.54;Microstructures:categorical_sparse_0.28",,,,,,,,,,,,,,,,,,,,,,,step-6500,6500
2,generic_baseline,local_tabicl_regressor,/home/fcolanto/projects/tabicl/checkpoints/tabicl_s1_regression_baseline/step-7000.ckpt,electrochemical_metrics_alloys__pitting_potential__epit_mv_sce_avg,electrochemical_metrics_alloys,Pitting Potential,"Epit, mV (SCE) Avg.",,continuous,0,,median,False,,608,486,122,21,False,0,,,,,epit_pipeline_development_fold_2,0,0,0,0,True,,,normal_corrosion,217.38400542591447,288.3835675956118,0.4067851515867813,0.6414029630025821,0.6470789802974611,0.4270868537864791,0.5665772434674612,"environment,material,process_history","{""environment"": 3, ""material"": 17, ""process_history"": 1}","Composition, wt.% N:numeric_sparse_0.34;Composition, wt.% C:numeric_sparse_0.45;Composition, wt.% Si:numeric_sparse_0.44;Composition, wt.% Mn:numeric_sparse_0.41;Composition, wt.% Cu:numeric_sparse_0.19;Composition, wt.% P:numeric_sparse_0.23;Composition, wt.% S:numeric_sparse_0.25;Test Solution:high_cardinality;Heat treatment:categorical_sparse_0.54;Microstructures:categorical_sparse_0.28",,,,,,,,,,,,,,,,,,,,,,,step-7000,7000
2,trial_0056,local_tabicl_regressor,/home/fcolanto/projects/tabicl/checkpoints/epit_pipeline_final_v1/final_epit_pipeline_optuna_empirical_features_scm_target_v7_trial_0056/step-7000.ckpt,electrochemical_metrics_alloys__pitting_potential__epit_mv_sce_avg,electrochemical_metrics_alloys,Pitting Potential,"Epit, mV (SCE) Avg.",,continuous,0,,median,False,,608,486,122,21,False,0,,,,,epit_pipeline_development_fold_2,0,0,0,0,True,,,normal_corrosion,207.8160821320973,286.47268929654746,0.414620589682027,0.5706766962298283,0.6556804663711219,0.4082890850692245,0.5628230068155178,"environment,material,process_history","{""environment"": 3, ""material"": 17, ""process_history"": 1}","Composition, wt.% N:numeric_sparse_0.34;Composition, wt.% C:numeric_sparse_0.45;Composition, wt.% Si:numeric_sparse_0.44;Composition, wt.% Mn:numeric_sparse_0.41;Composition, wt.% Cu:numeric_sparse_0.19;Composition, wt.% P:numeric_sparse_0.23;Composition, wt.% S:numeric_sparse_0.25;Test Solution:high_cardinality;Heat treatment:categorical_sparse_0.54;Microstructures:categorical_sparse_0.28",,,,,,,,,,,,,,,,,,,,,,,step-7000,7000
2,pretrained_tabicl_v2,pretrained_tabicl_regressor,/home/fcolanto/.cache/huggingface/hub/models--jingang--TabICL/snapshots/4dcd344ece2c00be9e831fdd35bed57b5ad83e19/tabicl-regressor-v2-20260212.ckpt,electrochemical_metrics_alloys__pitting_potential__epit_mv_sce_avg,electrochemical_metrics_alloys,Pitting Potential,"Epit, mV (SCE) Avg.",,continuous,0,,median,False,,608,486,122,21,False,0,,,,,epit_pipeline_development_fold_2,0,0,0,0,True,,,normal_corrosion,207.80827415220085,285.3713058802669,0.4191130793881557,0.5600380115222819,0.6642602160311927,0.4082737450005664,0.5606591568250354,"environment,material,process_history","{""environment"": 3, ""material"": 17, ""process_history"": 1}","Composition, wt.% N:numeric_sparse_0.34;Composition, wt.% C:numeric_sparse_0.45;Composition, wt.% Si:numeric_sparse_0.44;Composition, wt.% Mn:numeric_sparse_0.41;Composition, wt.% Cu:numeric_sparse_0.19;Composition, wt.% P:numeric_sparse_0.23;Composition, wt.% S:numeric_sparse_0.25;Test Solution:high_cardinality;Heat treatment:categorical_sparse_0.54;Microstructures:categorical_sparse_0.28",,,,,,,,,,,,,,,,,,,,,,,step-7000,7000
2,catboost,catboost_regressor,catboost==1.2.10;iterations=1000;depth=6;learning_rate=0.03;l2_leaf_reg=3;thread_count=8,electrochemical_metrics_alloys__pitting_potential__epit_mv_sce_avg,electrochemical_metrics_alloys,Pitting Potential,"Epit, mV (SCE) Avg.",,continuous,0,,median,False,,608,486,122,21,False,0,,,,,epit_pipeline_development_fold_2,0,0,0,0,True,,,normal_corrosion,220.3852586003285,305.6460507027,0.3336405365220811,0.4912719438106525,0.5955699014113132,0.4329833123284302,0.600492248319376,"environment,material,process_history","{""environment"": 3, ""material"": 17, ""process_history"": 1}","Composition, wt.% N:numeric_sparse_0.34;Composition, wt.% C:numeric_sparse_0.45;Composition, wt.% Si:numeric_sparse_0.44;Composition, wt.% Mn:numeric_sparse_0.41;Composition, wt.% Cu:numeric_sparse_0.19;Composition, wt.% P:numeric_sparse_0.23;Composition, wt.% S:numeric_sparse_0.25;Test Solution:high_cardinality;Heat treatment:categorical_sparse_0.54;Microstructures:categorical_sparse_0.28",,,,,,,,,,,,,,,,,,,,,,,step-7000,7000
2,generic_baseline,local_tabicl_regressor,/home/fcolanto/projects/tabicl/checkpoints/tabicl_s1_regression_baseline/step-7500.ckpt,electrochemical_metrics_alloys__pitting_potential__epit_mv_sce_avg,electrochemical_metrics_alloys,Pitting Potential,"Epit, mV (SCE) Avg.",,continuous,0,,median,False,,608,486,122,21,False,0,,,,,epit_pipeline_development_fold_2,0,0,0,0,True,,,normal_corrosion,215.962089629916,293.3471705179785,0.386188812348419,0.6184830256161781,0.6381095399578695,0.4242932648907714,0.5763290628407659,"environment,material,process_history","{""environment"": 3, ""material"": 17, ""process_history"": 1}","Composition, wt.% N:numeric_sparse_0.34;Composition, wt.% C:numeric_sparse_0.45;Composition, wt.% Si:numeric_sparse_0.44;Composition, wt.% Mn:numeric_sparse_0.41;Composition, wt.% Cu:numeric_sparse_0.19;Composition, wt.% P:numeric_sparse_0.23;Composition, wt.% S:numeric_sparse_0.25;Test Solution:high_cardinality;Heat treatment:categorical_sparse_0.54;Microstructures:categorical_sparse_0.28",,,,,,,,,,,,,,,,,,,,,,,step-7500,7500
2,trial_0056,local_tabicl_regressor,/home/fcolanto/projects/tabicl/checkpoints/epit_pipeline_final_v1/final_epit_pipeline_optuna_empirical_features_scm_target_v7_trial_0056/step-7500.ckpt,electrochemical_metrics_alloys__pitting_potential__epit_mv_sce_avg,electrochemical_metrics_alloys,Pitting Potential,"Epit, mV (SCE) Avg.",,continuous,0,,median,False,,608,486,122,21,False,0,,,,,epit_pipeline_development_fold_2,0,0,0,0,True,,,normal_corrosion,201.8617854797255,283.34021414958727,0.4273524218861582,0.5758820172656736,0.6696596241468723,0.3965908839122884,0.5566687409924257,"environment,material,process_history","{""environment"": 3, ""material"": 17, ""process_history"": 1}","Composition, wt.% N:numeric_sparse_0.34;Composition, wt.% C:numeric_sparse_0.45;Composition, wt.% Si:numeric_sparse_0.44;Composition, wt.% Mn:numeric_sparse_0.41;Composition, wt.% Cu:numeric_sparse_0.19;Composition, wt.% P:numeric_sparse_0.23;Composition, wt.% S:numeric_sparse_0.25;Test Solution:high_cardinality;Heat treatment:categorical_sparse_0.54;Microstructures:categorical_sparse_0.28",,,,,,,,,,,,,,,,,,,,,,,step-7500,7500
2,pretrained_tabicl_v2,pretrained_tabicl_regressor,/home/fcolanto/.cache/huggingface/hub/models--jingang--TabICL/snapshots/4dcd344ece2c00be9e831fdd35bed57b5ad83e19/tabicl-regressor-v2-20260212.ckpt,electrochemical_metrics_alloys__pitting_potential__epit_mv_sce_avg,electrochemical_metrics_alloys,Pitting Potential,"Epit, mV (SCE) Avg.",,continuous,0,,median,False,,608,486,122,21,False,0,,,,,epit_pipeline_development_fold_2,0,0,0,0,True,,,normal_corrosion,207.80827415220085,285.3713058802669,0.4191130793881557,0.5600380115222819,0.6642602160311927,0.4082737450005664,0.5606591568250354,"environment,material,process_history","{""environment"": 3, ""material"": 17, ""process_history"": 1}","Composition, wt.% N:numeric_sparse_0.34;Composition, wt.% C:numeric_sparse_0.45;Composition, wt.% Si:numeric_sparse_0.44;Composition, wt.% Mn:numeric_sparse_0.41;Composition, wt.% Cu:numeric_sparse_0.19;Composition, wt.% P:numeric_sparse_0.23;Composition, wt.% S:numeric_sparse_0.25;Test Solution:high_cardinality;Heat treatment:categorical_sparse_0.54;Microstructures:categorical_sparse_0.28",,,,,,,,,,,,,,,,,,,,,,,step-7500,7500
2,catboost,catboost_regressor,catboost==1.2.10;iterations=1000;depth=6;learning_rate=0.03;l2_leaf_reg=3;thread_count=8,electrochemical_metrics_alloys__pitting_potential__epit_mv_sce_avg,electrochemical_metrics_alloys,Pitting Potential,"Epit, mV (SCE) Avg.",,continuous,0,,median,False,,608,486,122,21,False,0,,,,,epit_pipeline_development_fold_2,0,0,0,0,True,,,normal_corrosion,220.3852586003285,305.6460507027,0.3336405365220811,0.4912719438106525,0.5955699014113132,0.4329833123284302,0.600492248319376,"environment,material,process_history","{""environment"": 3, ""material"": 17, ""process_history"": 1}","Composition, wt.% N:numeric_sparse_0.34;Composition, wt.% C:numeric_sparse_0.45;Composition, wt.% Si:numeric_sparse_0.44;Composition, wt.% Mn:numeric_sparse_0.41;Composition, wt.% Cu:numeric_sparse_0.19;Composition, wt.% P:numeric_sparse_0.23;Composition, wt.% S:numeric_sparse_0.25;Test Solution:high_cardinality;Heat treatment:categorical_sparse_0.54;Microstructures:categorical_sparse_0.28",,,,,,,,,,,,,,,,,,,,,,,step-7500,7500
2,generic_baseline,local_tabicl_regressor,/home/fcolanto/projects/tabicl/checkpoints/tabicl_s1_regression_baseline/step-8000.ckpt,electrochemical_metrics_alloys__pitting_potential__epit_mv_sce_avg,electrochemical_metrics_alloys,Pitting Potential,"Epit, mV (SCE) Avg.",,continuous,0,,median,False,,608,486,122,21,False,0,,,,,epit_pipeline_development_fold_2,0,0,0,0,True,,,normal_corrosion,229.58174618459157,296.4092724473166,0.3733074045301139,0.5977675003763827,0.626143140112305,0.4510513341249458,0.5823450688316951,"environment,material,process_history","{""environment"": 3, ""material"": 17, ""process_history"": 1}","Composition, wt.% N:numeric_sparse_0.34;Composition, wt.% C:numeric_sparse_0.45;Composition, wt.% Si:numeric_sparse_0.44;Composition, wt.% Mn:numeric_sparse_0.41;Composition, wt.% Cu:numeric_sparse_0.19;Composition, wt.% P:numeric_sparse_0.23;Composition, wt.% S:numeric_sparse_0.25;Test Solution:high_cardinality;Heat treatment:categorical_sparse_0.54;Microstructures:categorical_sparse_0.28",,,,,,,,,,,,,,,,,,,,,,,step-8000,8000
2,trial_0056,local_tabicl_regressor,/home/fcolanto/projects/tabicl/checkpoints/epit_pipeline_final_v1/final_epit_pipeline_optuna_empirical_features_scm_target_v7_trial_0056/step-8000.ckpt,electrochemical_metrics_alloys__pitting_potential__epit_mv_sce_avg,electrochemical_metrics_alloys,Pitting Potential,"Epit, mV (SCE) Avg.",,continuous,0,,median,False,,608,486,122,21,False,0,,,,,epit_pipeline_development_fold_2,0,0,0,0,True,,,normal_corrosion,214.448882617677,298.7064936696296,0.3635558182332427,0.5288721846219516,0.6337632997885413,0.4213203192928716,0.586858340092692,"environment,material,process_history","{""environment"": 3, ""material"": 17, ""process_history"": 1}","Composition, wt.% N:numeric_sparse_0.34;Composition, wt.% C:numeric_sparse_0.45;Composition, wt.% Si:numeric_sparse_0.44;Composition, wt.% Mn:numeric_sparse_0.41;Composition, wt.% Cu:numeric_sparse_0.19;Composition, wt.% P:numeric_sparse_0.23;Composition, wt.% S:numeric_sparse_0.25;Test Solution:high_cardinality;Heat treatment:categorical_sparse_0.54;Microstructures:categorical_sparse_0.28",,,,,,,,,,,,,,,,,,,,,,,step-8000,8000
2,pretrained_tabicl_v2,pretrained_tabicl_regressor,/home/fcolanto/.cache/huggingface/hub/models--jingang--TabICL/snapshots/4dcd344ece2c00be9e831fdd35bed57b5ad83e19/tabicl-regressor-v2-20260212.ckpt,electrochemical_metrics_alloys__pitting_potential__epit_mv_sce_avg,electrochemical_metrics_alloys,Pitting Potential,"Epit, mV (SCE) Avg.",,continuous,0,,median,False,,608,486,122,21,False,0,,,,,epit_pipeline_development_fold_2,0,0,0,0,True,,,normal_corrosion,207.80827415220085,285.3713058802669,0.4191130793881557,0.5600380115222819,0.6642602160311927,0.4082737450005664,0.5606591568250354,"environment,material,process_history","{""environment"": 3, ""material"": 17, ""process_history"": 1}","Composition, wt.% N:numeric_sparse_0.34;Composition, wt.% C:numeric_sparse_0.45;Composition, wt.% Si:numeric_sparse_0.44;Composition, wt.% Mn:numeric_sparse_0.41;Composition, wt.% Cu:numeric_sparse_0.19;Composition, wt.% P:numeric_sparse_0.23;Composition, wt.% S:numeric_sparse_0.25;Test Solution:high_cardinality;Heat treatment:categorical_sparse_0.54;Microstructures:categorical_sparse_0.28",,,,,,,,,,,,,,,,,,,,,,,step-8000,8000
2,catboost,catboost_regressor,catboost==1.2.10;iterations=1000;depth=6;learning_rate=0.03;l2_leaf_reg=3;thread_count=8,electrochemical_metrics_alloys__pitting_potential__epit_mv_sce_avg,electrochemical_metrics_alloys,Pitting Potential,"Epit, mV (SCE) Avg.",,continuous,0,,median,False,,608,486,122,21,False,0,,,,,epit_pipeline_development_fold_2,0,0,0,0,True,,,normal_corrosion,220.3852586003285,305.6460507027,0.3336405365220811,0.4912719438106525,0.5955699014113132,0.4329833123284302,0.600492248319376,"environment,material,process_history","{""environment"": 3, ""material"": 17, ""process_history"": 1}","Composition, wt.% N:numeric_sparse_0.34;Composition, wt.% C:numeric_sparse_0.45;Composition, wt.% Si:numeric_sparse_0.44;Composition, wt.% Mn:numeric_sparse_0.41;Composition, wt.% Cu:numeric_sparse_0.19;Composition, wt.% P:numeric_sparse_0.23;Composition, wt.% S:numeric_sparse_0.25;Test Solution:high_cardinality;Heat treatment:categorical_sparse_0.54;Microstructures:categorical_sparse_0.28",,,,,,,,,,,,,,,,,,,,,,,step-8000,8000
2,generic_baseline,local_tabicl_regressor,/home/fcolanto/projects/tabicl/checkpoints/tabicl_s1_regression_baseline/step-8500.ckpt,electrochemical_metrics_alloys__pitting_potential__epit_mv_sce_avg,electrochemical_metrics_alloys,Pitting Potential,"Epit, mV (SCE) Avg.",,continuous,0,,median,False,,608,486,122,21,False,0,,,,,epit_pipeline_development_fold_2,0,0,0,0,True,,,normal_corrosion,227.92402092734332,301.73618057152777,0.3505798344954003,0.5937585769373476,0.6089221452172217,0.4477944585182362,0.5928106613978158,"environment,material,process_history","{""environment"": 3, ""material"": 17, ""process_history"": 1}","Composition, wt.% N:numeric_sparse_0.34;Composition, wt.% C:numeric_sparse_0.45;Composition, wt.% Si:numeric_sparse_0.44;Composition, wt.% Mn:numeric_sparse_0.41;Composition, wt.% Cu:numeric_sparse_0.19;Composition, wt.% P:numeric_sparse_0.23;Composition, wt.% S:numeric_sparse_0.25;Test Solution:high_cardinality;Heat treatment:categorical_sparse_0.54;Microstructures:categorical_sparse_0.28",,,,,,,,,,,,,,,,,,,,,,,step-8500,8500
2,trial_0056,local_tabicl_regressor,/home/fcolanto/projects/tabicl/checkpoints/epit_pipeline_final_v1/final_epit_pipeline_optuna_empirical_features_scm_target_v7_trial_0056/step-8500.ckpt,electrochemical_metrics_alloys__pitting_potential__epit_mv_sce_avg,electrochemical_metrics_alloys,Pitting Potential,"Epit, mV (SCE) Avg.",,continuous,0,,median,False,,608,486,122,21,False,0,,,,,epit_pipeline_development_fold_2,0,0,0,0,True,,,normal_corrosion,207.4265864000556,287.8882554163814,0.4088211497637855,0.5621796293198867,0.6553974369257743,0.4075238562455352,0.5656041207215851,"environment,material,process_history","{""environment"": 3, ""material"": 17, ""process_history"": 1}","Composition, wt.% N:numeric_sparse_0.34;Composition, wt.% C:numeric_sparse_0.45;Composition, wt.% Si:numeric_sparse_0.44;Composition, wt.% Mn:numeric_sparse_0.41;Composition, wt.% Cu:numeric_sparse_0.19;Composition, wt.% P:numeric_sparse_0.23;Composition, wt.% S:numeric_sparse_0.25;Test Solution:high_cardinality;Heat treatment:categorical_sparse_0.54;Microstructures:categorical_sparse_0.28",,,,,,,,,,,,,,,,,,,,,,,step-8500,8500
2,pretrained_tabicl_v2,pretrained_tabicl_regressor,/home/fcolanto/.cache/huggingface/hub/models--jingang--TabICL/snapshots/4dcd344ece2c00be9e831fdd35bed57b5ad83e19/tabicl-regressor-v2-20260212.ckpt,electrochemical_metrics_alloys__pitting_potential__epit_mv_sce_avg,electrochemical_metrics_alloys,Pitting Potential,"Epit, mV (SCE) Avg.",,continuous,0,,median,False,,608,486,122,21,False,0,,,,,epit_pipeline_development_fold_2,0,0,0,0,True,,,normal_corrosion,207.80827415220085,285.3713058802669,0.4191130793881557,0.5600380115222819,0.6642602160311927,0.4082737450005664,0.5606591568250354,"environment,material,process_history","{""environment"": 3, ""material"": 17, ""process_history"": 1}","Composition, wt.% N:numeric_sparse_0.34;Composition, wt.% C:numeric_sparse_0.45;Composition, wt.% Si:numeric_sparse_0.44;Composition, wt.% Mn:numeric_sparse_0.41;Composition, wt.% Cu:numeric_sparse_0.19;Composition, wt.% P:numeric_sparse_0.23;Composition, wt.% S:numeric_sparse_0.25;Test Solution:high_cardinality;Heat treatment:categorical_sparse_0.54;Microstructures:categorical_sparse_0.28",,,,,,,,,,,,,,,,,,,,,,,step-8500,8500
2,catboost,catboost_regressor,catboost==1.2.10;iterations=1000;depth=6;learning_rate=0.03;l2_leaf_reg=3;thread_count=8,electrochemical_metrics_alloys__pitting_potential__epit_mv_sce_avg,electrochemical_metrics_alloys,Pitting Potential,"Epit, mV (SCE) Avg.",,continuous,0,,median,False,,608,486,122,21,False,0,,,,,epit_pipeline_development_fold_2,0,0,0,0,True,,,normal_corrosion,220.3852586003285,305.6460507027,0.3336405365220811,0.4912719438106525,0.5955699014113132,0.4329833123284302,0.600492248319376,"environment,material,process_history","{""environment"": 3, ""material"": 17, ""process_history"": 1}","Composition, wt.% N:numeric_sparse_0.34;Composition, wt.% C:numeric_sparse_0.45;Composition, wt.% Si:numeric_sparse_0.44;Composition, wt.% Mn:numeric_sparse_0.41;Composition, wt.% Cu:numeric_sparse_0.19;Composition, wt.% P:numeric_sparse_0.23;Composition, wt.% S:numeric_sparse_0.25;Test Solution:high_cardinality;Heat treatment:categorical_sparse_0.54;Microstructures:categorical_sparse_0.28",,,,,,,,,,,,,,,,,,,,,,,step-8500,8500
2,generic_baseline,local_tabicl_regressor,/home/fcolanto/projects/tabicl/checkpoints/tabicl_s1_regression_baseline/step-9000.ckpt,electrochemical_metrics_alloys__pitting_potential__epit_mv_sce_avg,electrochemical_metrics_alloys,Pitting Potential,"Epit, mV (SCE) Avg.",,continuous,0,,median,False,,608,486,122,21,False,0,,,,,epit_pipeline_development_fold_2,0,0,0,0,True,,,normal_corrosion,222.27756707492435,297.4350910421351,0.3689621602299803,0.6164471667221586,0.6244188814484876,0.4367010654870638,0.5843604592251066,"environment,material,process_history","{""environment"": 3, ""material"": 17, ""process_history"": 1}","Composition, wt.% N:numeric_sparse_0.34;Composition, wt.% C:numeric_sparse_0.45;Composition, wt.% Si:numeric_sparse_0.44;Composition, wt.% Mn:numeric_sparse_0.41;Composition, wt.% Cu:numeric_sparse_0.19;Composition, wt.% P:numeric_sparse_0.23;Composition, wt.% S:numeric_sparse_0.25;Test Solution:high_cardinality;Heat treatment:categorical_sparse_0.54;Microstructures:categorical_sparse_0.28",,,,,,,,,,,,,,,,,,,,,,,step-9000,9000
2,trial_0056,local_tabicl_regressor,/home/fcolanto/projects/tabicl/checkpoints/epit_pipeline_final_v1/final_epit_pipeline_optuna_empirical_features_scm_target_v7_trial_0056/step-9000.ckpt,electrochemical_metrics_alloys__pitting_potential__epit_mv_sce_avg,electrochemical_metrics_alloys,Pitting Potential,"Epit, mV (SCE) Avg.",,continuous,0,,median,False,,608,486,122,21,False,0,,,,,epit_pipeline_development_fold_2,0,0,0,0,True,,,normal_corrosion,210.1677743368072,294.20297572699815,0.3826021470002398,0.5189837271367144,0.6413840124119026,0.4129093735896053,0.5780104338020661,"environment,material,process_history","{""environment"": 3, ""material"": 17, ""process_history"": 1}","Composition, wt.% N:numeric_sparse_0.34;Composition, wt.% C:numeric_sparse_0.45;Composition, wt.% Si:numeric_sparse_0.44;Composition, wt.% Mn:numeric_sparse_0.41;Composition, wt.% Cu:numeric_sparse_0.19;Composition, wt.% P:numeric_sparse_0.23;Composition, wt.% S:numeric_sparse_0.25;Test Solution:high_cardinality;Heat treatment:categorical_sparse_0.54;Microstructures:categorical_sparse_0.28",,,,,,,,,,,,,,,,,,,,,,,step-9000,9000
2,pretrained_tabicl_v2,pretrained_tabicl_regressor,/home/fcolanto/.cache/huggingface/hub/models--jingang--TabICL/snapshots/4dcd344ece2c00be9e831fdd35bed57b5ad83e19/tabicl-regressor-v2-20260212.ckpt,electrochemical_metrics_alloys__pitting_potential__epit_mv_sce_avg,electrochemical_metrics_alloys,Pitting Potential,"Epit, mV (SCE) Avg.",,continuous,0,,median,False,,608,486,122,21,False,0,,,,,epit_pipeline_development_fold_2,0,0,0,0,True,,,normal_corrosion,207.80827415220085,285.3713058802669,0.4191130793881557,0.5600380115222819,0.6642602160311927,0.4082737450005664,0.5606591568250354,"environment,material,process_history","{""environment"": 3, ""material"": 17, ""process_history"": 1}","Composition, wt.% N:numeric_sparse_0.34;Composition, wt.% C:numeric_sparse_0.45;Composition, wt.% Si:numeric_sparse_0.44;Composition, wt.% Mn:numeric_sparse_0.41;Composition, wt.% Cu:numeric_sparse_0.19;Composition, wt.% P:numeric_sparse_0.23;Composition, wt.% S:numeric_sparse_0.25;Test Solution:high_cardinality;Heat treatment:categorical_sparse_0.54;Microstructures:categorical_sparse_0.28",,,,,,,,,,,,,,,,,,,,,,,step-9000,9000
2,catboost,catboost_regressor,catboost==1.2.10;iterations=1000;depth=6;learning_rate=0.03;l2_leaf_reg=3;thread_count=8,electrochemical_metrics_alloys__pitting_potential__epit_mv_sce_avg,electrochemical_metrics_alloys,Pitting Potential,"Epit, mV (SCE) Avg.",,continuous,0,,median,False,,608,486,122,21,False,0,,,,,epit_pipeline_development_fold_2,0,0,0,0,True,,,normal_corrosion,220.3852586003285,305.6460507027,0.3336405365220811,0.4912719438106525,0.5955699014113132,0.4329833123284302,0.600492248319376,"environment,material,process_history","{""environment"": 3, ""material"": 17, ""process_history"": 1}","Composition, wt.% N:numeric_sparse_0.34;Composition, wt.% C:numeric_sparse_0.45;Composition, wt.% Si:numeric_sparse_0.44;Composition, wt.% Mn:numeric_sparse_0.41;Composition, wt.% Cu:numeric_sparse_0.19;Composition, wt.% P:numeric_sparse_0.23;Composition, wt.% S:numeric_sparse_0.25;Test Solution:high_cardinality;Heat treatment:categorical_sparse_0.54;Microstructures:categorical_sparse_0.28",,,,,,,,,,,,,,,,,,,,,,,step-9000,9000
2,generic_baseline,local_tabicl_regressor,/home/fcolanto/projects/tabicl/checkpoints/tabicl_s1_regression_baseline/step-9500.ckpt,electrochemical_metrics_alloys__pitting_potential__epit_mv_sce_avg,electrochemical_metrics_alloys,Pitting Potential,"Epit, mV (SCE) Avg.",,continuous,0,,median,False,,608,486,122,21,False,0,,,,,epit_pipeline_development_fold_2,0,0,0,0,True,,,normal_corrosion,221.72646238862504,296.3564356070541,0.3735308085082283,0.6140114069739568,0.6286193085359233,0.435618329127885,0.5822412621149705,"environment,material,process_history","{""environment"": 3, ""material"": 17, ""process_history"": 1}","Composition, wt.% N:numeric_sparse_0.34;Composition, wt.% C:numeric_sparse_0.45;Composition, wt.% Si:numeric_sparse_0.44;Composition, wt.% Mn:numeric_sparse_0.41;Composition, wt.% Cu:numeric_sparse_0.19;Composition, wt.% P:numeric_sparse_0.23;Composition, wt.% S:numeric_sparse_0.25;Test Solution:high_cardinality;Heat treatment:categorical_sparse_0.54;Microstructures:categorical_sparse_0.28",,,,,,,,,,,,,,,,,,,,,,,step-9500,9500
2,trial_0056,local_tabicl_regressor,/home/fcolanto/projects/tabicl/checkpoints/epit_pipeline_final_v1/final_epit_pipeline_optuna_empirical_features_scm_target_v7_trial_0056/step-9500.ckpt,electrochemical_metrics_alloys__pitting_potential__epit_mv_sce_avg,electrochemical_metrics_alloys,Pitting Potential,"Epit, mV (SCE) Avg.",,continuous,0,,median,False,,608,486,122,21,False,0,,,,,epit_pipeline_development_fold_2,0,0,0,0,True,,,normal_corrosion,209.4389666685903,291.9468308844717,0.392035076666224,0.5245162397805267,0.6450722856457383,0.41147751031418,0.5735778638869368,"environment,material,process_history","{""environment"": 3, ""material"": 17, ""process_history"": 1}","Composition, wt.% N:numeric_sparse_0.34;Composition, wt.% C:numeric_sparse_0.45;Composition, wt.% Si:numeric_sparse_0.44;Composition, wt.% Mn:numeric_sparse_0.41;Composition, wt.% Cu:numeric_sparse_0.19;Composition, wt.% P:numeric_sparse_0.23;Composition, wt.% S:numeric_sparse_0.25;Test Solution:high_cardinality;Heat treatment:categorical_sparse_0.54;Microstructures:categorical_sparse_0.28",,,,,,,,,,,,,,,,,,,,,,,step-9500,9500
2,pretrained_tabicl_v2,pretrained_tabicl_regressor,/home/fcolanto/.cache/huggingface/hub/models--jingang--TabICL/snapshots/4dcd344ece2c00be9e831fdd35bed57b5ad83e19/tabicl-regressor-v2-20260212.ckpt,electrochemical_metrics_alloys__pitting_potential__epit_mv_sce_avg,electrochemical_metrics_alloys,Pitting Potential,"Epit, mV (SCE) Avg.",,continuous,0,,median,False,,608,486,122,21,False,0,,,,,epit_pipeline_development_fold_2,0,0,0,0,True,,,normal_corrosion,207.80827415220085,285.3713058802669,0.4191130793881557,0.5600380115222819,0.6642602160311927,0.4082737450005664,0.5606591568250354,"environment,material,process_history","{""environment"": 3, ""material"": 17, ""process_history"": 1}","Composition, wt.% N:numeric_sparse_0.34;Composition, wt.% C:numeric_sparse_0.45;Composition, wt.% Si:numeric_sparse_0.44;Composition, wt.% Mn:numeric_sparse_0.41;Composition, wt.% Cu:numeric_sparse_0.19;Composition, wt.% P:numeric_sparse_0.23;Composition, wt.% S:numeric_sparse_0.25;Test Solution:high_cardinality;Heat treatment:categorical_sparse_0.54;Microstructures:categorical_sparse_0.28",,,,,,,,,,,,,,,,,,,,,,,step-9500,9500
2,catboost,catboost_regressor,catboost==1.2.10;iterations=1000;depth=6;learning_rate=0.03;l2_leaf_reg=3;thread_count=8,electrochemical_metrics_alloys__pitting_potential__epit_mv_sce_avg,electrochemical_metrics_alloys,Pitting Potential,"Epit, mV (SCE) Avg.",,continuous,0,,median,False,,608,486,122,21,False,0,,,,,epit_pipeline_development_fold_2,0,0,0,0,True,,,normal_corrosion,220.3852586003285,305.6460507027,0.3336405365220811,0.4912719438106525,0.5955699014113132,0.4329833123284302,0.600492248319376,"environment,material,process_history","{""environment"": 3, ""material"": 17, ""process_history"": 1}","Composition, wt.% N:numeric_sparse_0.34;Composition, wt.% C:numeric_sparse_0.45;Composition, wt.% Si:numeric_sparse_0.44;Composition, wt.% Mn:numeric_sparse_0.41;Composition, wt.% Cu:numeric_sparse_0.19;Composition, wt.% P:numeric_sparse_0.23;Composition, wt.% S:numeric_sparse_0.25;Test Solution:high_cardinality;Heat treatment:categorical_sparse_0.54;Microstructures:categorical_sparse_0.28",,,,,,,,,,,,,,,,,,,,,,,step-9500,9500
2,generic_baseline,local_tabicl_regressor,/home/fcolanto/projects/tabicl/checkpoints/tabicl_s1_regression_baseline/step-10000.ckpt,electrochemical_metrics_alloys__pitting_potential__epit_mv_sce_avg,electrochemical_metrics_alloys,Pitting Potential,"Epit, mV (SCE) Avg.",,continuous,0,,median,False,,608,486,122,21,False,0,,,,,epit_pipeline_development_fold_2,0,0,0,0,True,,,normal_corrosion,222.54998161069693,297.46614761413826,0.3688303741976662,0.6110699874679871,0.6253750638274019,0.4372362689247816,0.5844214750003943,"environment,material,process_history","{""environment"": 3, ""material"": 17, ""process_history"": 1}","Composition, wt.% N:numeric_sparse_0.34;Composition, wt.% C:numeric_sparse_0.45;Composition, wt.% Si:numeric_sparse_0.44;Composition, wt.% Mn:numeric_sparse_0.41;Composition, wt.% Cu:numeric_sparse_0.19;Composition, wt.% P:numeric_sparse_0.23;Composition, wt.% S:numeric_sparse_0.25;Test Solution:high_cardinality;Heat treatment:categorical_sparse_0.54;Microstructures:categorical_sparse_0.28",,,,,,,,,,,,,,,,,,,,,,,step-10000,10000
2,trial_0056,local_tabicl_regressor,/home/fcolanto/projects/tabicl/checkpoints/epit_pipeline_final_v1/final_epit_pipeline_optuna_empirical_features_scm_target_v7_trial_0056/step-10000.ckpt,electrochemical_metrics_alloys__pitting_potential__epit_mv_sce_avg,electrochemical_metrics_alloys,Pitting Potential,"Epit, mV (SCE) Avg.",,continuous,0,,median,False,,608,486,122,21,False,0,,,,,epit_pipeline_development_fold_2,0,0,0,0,True,,,normal_corrosion,210.18142895186543,293.04751373519235,0.3874421991866543,0.5246186937183752,0.6429892270600625,0.4129362003406051,0.5757403375004392,"environment,material,process_history","{""environment"": 3, ""material"": 17, ""process_history"": 1}","Composition, wt.% N:numeric_sparse_0.34;Composition, wt.% C:numeric_sparse_0.45;Composition, wt.% Si:numeric_sparse_0.44;Composition, wt.% Mn:numeric_sparse_0.41;Composition, wt.% Cu:numeric_sparse_0.19;Composition, wt.% P:numeric_sparse_0.23;Composition, wt.% S:numeric_sparse_0.25;Test Solution:high_cardinality;Heat treatment:categorical_sparse_0.54;Microstructures:categorical_sparse_0.28",,,,,,,,,,,,,,,,,,,,,,,step-10000,10000
2,pretrained_tabicl_v2,pretrained_tabicl_regressor,/home/fcolanto/.cache/huggingface/hub/models--jingang--TabICL/snapshots/4dcd344ece2c00be9e831fdd35bed57b5ad83e19/tabicl-regressor-v2-20260212.ckpt,electrochemical_metrics_alloys__pitting_potential__epit_mv_sce_avg,electrochemical_metrics_alloys,Pitting Potential,"Epit, mV (SCE) Avg.",,continuous,0,,median,False,,608,486,122,21,False,0,,,,,epit_pipeline_development_fold_2,0,0,0,0,True,,,normal_corrosion,207.80827415220085,285.3713058802669,0.4191130793881557,0.5600380115222819,0.6642602160311927,0.4082737450005664,0.5606591568250354,"environment,material,process_history","{""environment"": 3, ""material"": 17, ""process_history"": 1}","Composition, wt.% N:numeric_sparse_0.34;Composition, wt.% C:numeric_sparse_0.45;Composition, wt.% Si:numeric_sparse_0.44;Composition, wt.% Mn:numeric_sparse_0.41;Composition, wt.% Cu:numeric_sparse_0.19;Composition, wt.% P:numeric_sparse_0.23;Composition, wt.% S:numeric_sparse_0.25;Test Solution:high_cardinality;Heat treatment:categorical_sparse_0.54;Microstructures:categorical_sparse_0.28",,,,,,,,,,,,,,,,,,,,,,,step-10000,10000
2,catboost,catboost_regressor,catboost==1.2.10;iterations=1000;depth=6;learning_rate=0.03;l2_leaf_reg=3;thread_count=8,electrochemical_metrics_alloys__pitting_potential__epit_mv_sce_avg,electrochemical_metrics_alloys,Pitting Potential,"Epit, mV (SCE) Avg.",,continuous,0,,median,False,,608,486,122,21,False,0,,,,,epit_pipeline_development_fold_2,0,0,0,0,True,,,normal_corrosion,220.3852586003285,305.6460507027,0.3336405365220811,0.4912719438106525,0.5955699014113132,0.4329833123284302,0.600492248319376,"environment,material,process_history","{""environment"": 3, ""material"": 17, ""process_history"": 1}","Composition, wt.% N:numeric_sparse_0.34;Composition, wt.% C:numeric_sparse_0.45;Composition, wt.% Si:numeric_sparse_0.44;Composition, wt.% Mn:numeric_sparse_0.41;Composition, wt.% Cu:numeric_sparse_0.19;Composition, wt.% P:numeric_sparse_0.23;Composition, wt.% S:numeric_sparse_0.25;Test Solution:high_cardinality;Heat treatment:categorical_sparse_0.54;Microstructures:categorical_sparse_0.28",,,,,,,,,,,,,,,,,,,,,,,step-10000,10000
3,generic_baseline,local_tabicl_regressor,/home/fcolanto/projects/tabicl/checkpoints/tabicl_s1_regression_baseline/step-500.ckpt,electrochemical_metrics_alloys__pitting_potential__epit_mv_sce_avg,electrochemical_metrics_alloys,Pitting Potential,"Epit, mV (SCE) Avg.",,continuous,0,,median,False,,608,486,122,21,False,0,,,,,epit_pipeline_development_fold_3,0,0,0,0,True,,,normal_corrosion,242.88519686138147,320.6524627419316,0.2518866363697161,0.581749018592722,0.5877027628153139,0.4682440200522087,0.6181669370308003,"environment,material,process_history","{""environment"": 3, ""material"": 17, ""process_history"": 1}","Composition, wt.% N:numeric_sparse_0.34;Composition, wt.% C:numeric_sparse_0.45;Composition, wt.% Si:numeric_sparse_0.44;Composition, wt.% Mn:numeric_sparse_0.41;Composition, wt.% Cu:numeric_sparse_0.19;Composition, wt.% P:numeric_sparse_0.23;Composition, wt.% S:numeric_sparse_0.25;Test Solution:high_cardinality;Heat treatment:categorical_sparse_0.54;Microstructures:categorical_sparse_0.28",,,,,,,,,,,,,,,,,,,,,,,step-500,500
3,trial_0056,local_tabicl_regressor,/home/fcolanto/projects/tabicl/checkpoints/epit_pipeline_final_v1/final_epit_pipeline_optuna_empirical_features_scm_target_v7_trial_0056/step-500.ckpt,electrochemical_metrics_alloys__pitting_potential__epit_mv_sce_avg,electrochemical_metrics_alloys,Pitting Potential,"Epit, mV (SCE) Avg.",,continuous,0,,median,False,,608,486,122,21,False,0,,,,,epit_pipeline_development_fold_3,0,0,0,0,True,,,normal_corrosion,241.38784254977736,329.76553439313346,0.2087590068952964,0.6422958904254862,0.5971162938057035,0.4653573591466939,0.6357354894173746,"environment,material,process_history","{""environment"": 3, ""material"": 17, ""process_history"": 1}","Composition, wt.% N:numeric_sparse_0.34;Composition, wt.% C:numeric_sparse_0.45;Composition, wt.% Si:numeric_sparse_0.44;Composition, wt.% Mn:numeric_sparse_0.41;Composition, wt.% Cu:numeric_sparse_0.19;Composition, wt.% P:numeric_sparse_0.23;Composition, wt.% S:numeric_sparse_0.25;Test Solution:high_cardinality;Heat treatment:categorical_sparse_0.54;Microstructures:categorical_sparse_0.28",,,,,,,,,,,,,,,,,,,,,,,step-500,500
3,pretrained_tabicl_v2,pretrained_tabicl_regressor,/home/fcolanto/.cache/huggingface/hub/models--jingang--TabICL/snapshots/4dcd344ece2c00be9e831fdd35bed57b5ad83e19/tabicl-regressor-v2-20260212.ckpt,electrochemical_metrics_alloys__pitting_potential__epit_mv_sce_avg,electrochemical_metrics_alloys,Pitting Potential,"Epit, mV (SCE) Avg.",,continuous,0,,median,False,,608,486,122,21,False,0,,,,,epit_pipeline_development_fold_3,0,0,0,0,True,,,normal_corrosion,147.73902746228697,205.5124688962792,0.6926914763250632,0.7846405285170341,0.833511454750715,0.2848173418202422,0.3961953459920749,"environment,material,process_history","{""environment"": 3, ""material"": 17, ""process_history"": 1}","Composition, wt.% N:numeric_sparse_0.34;Composition, wt.% C:numeric_sparse_0.45;Composition, wt.% Si:numeric_sparse_0.44;Composition, wt.% Mn:numeric_sparse_0.41;Composition, wt.% Cu:numeric_sparse_0.19;Composition, wt.% P:numeric_sparse_0.23;Composition, wt.% S:numeric_sparse_0.25;Test Solution:high_cardinality;Heat treatment:categorical_sparse_0.54;Microstructures:categorical_sparse_0.28",,,,,,,,,,,,,,,,,,,,,,,step-500,500
3,catboost,catboost_regressor,catboost==1.2.10;iterations=1000;depth=6;learning_rate=0.03;l2_leaf_reg=3;thread_count=8,electrochemical_metrics_alloys__pitting_potential__epit_mv_sce_avg,electrochemical_metrics_alloys,Pitting Potential,"Epit, mV (SCE) Avg.",,continuous,0,,median,False,,608,486,122,21,False,0,,,,,epit_pipeline_development_fold_3,0,0,0,0,True,,,normal_corrosion,150.36678957921768,197.1535948556598,0.7171816047883497,0.8101561604970628,0.8491104201638314,0.2898832491430124,0.3800807666168508,"environment,material,process_history","{""environment"": 3, ""material"": 17, ""process_history"": 1}","Composition, wt.% N:numeric_sparse_0.34;Composition, wt.% C:numeric_sparse_0.45;Composition, wt.% Si:numeric_sparse_0.44;Composition, wt.% Mn:numeric_sparse_0.41;Composition, wt.% Cu:numeric_sparse_0.19;Composition, wt.% P:numeric_sparse_0.23;Composition, wt.% S:numeric_sparse_0.25;Test Solution:high_cardinality;Heat treatment:categorical_sparse_0.54;Microstructures:categorical_sparse_0.28",,,,,,,,,,,,,,,,,,,,,,,step-500,500
3,generic_baseline,local_tabicl_regressor,/home/fcolanto/projects/tabicl/checkpoints/tabicl_s1_regression_baseline/step-1000.ckpt,electrochemical_metrics_alloys__pitting_potential__epit_mv_sce_avg,electrochemical_metrics_alloys,Pitting Potential,"Epit, mV (SCE) Avg.",,continuous,0,,median,False,,608,486,122,21,False,0,,,,,epit_pipeline_development_fold_3,0,0,0,0,True,,,normal_corrosion,186.31815646023253,256.46278740592714,0.5214283485052724,0.6901451049666851,0.7226449782245723,0.359191765150868,0.4944194546252318,"environment,material,process_history","{""environment"": 3, ""material"": 17, ""process_history"": 1}","Composition, wt.% N:numeric_sparse_0.34;Composition, wt.% C:numeric_sparse_0.45;Composition, wt.% Si:numeric_sparse_0.44;Composition, wt.% Mn:numeric_sparse_0.41;Composition, wt.% Cu:numeric_sparse_0.19;Composition, wt.% P:numeric_sparse_0.23;Composition, wt.% S:numeric_sparse_0.25;Test Solution:high_cardinality;Heat treatment:categorical_sparse_0.54;Microstructures:categorical_sparse_0.28",,,,,,,,,,,,,,,,,,,,,,,step-1000,1000
3,trial_0056,local_tabicl_regressor,/home/fcolanto/projects/tabicl/checkpoints/epit_pipeline_final_v1/final_epit_pipeline_optuna_empirical_features_scm_target_v7_trial_0056/step-1000.ckpt,electrochemical_metrics_alloys__pitting_potential__epit_mv_sce_avg,electrochemical_metrics_alloys,Pitting Potential,"Epit, mV (SCE) Avg.",,continuous,0,,median,False,,608,486,122,21,False,0,,,,,epit_pipeline_development_fold_3,0,0,0,0,True,,,normal_corrosion,180.2097664029168,250.39796905319167,0.5437951929968481,0.7244869469543627,0.7586079787325087,0.3474157608762361,0.4827274496654071,"environment,material,process_history","{""environment"": 3, ""material"": 17, ""process_history"": 1}","Composition, wt.% N:numeric_sparse_0.34;Composition, wt.% C:numeric_sparse_0.45;Composition, wt.% Si:numeric_sparse_0.44;Composition, wt.% Mn:numeric_sparse_0.41;Composition, wt.% Cu:numeric_sparse_0.19;Composition, wt.% P:numeric_sparse_0.23;Composition, wt.% S:numeric_sparse_0.25;Test Solution:high_cardinality;Heat treatment:categorical_sparse_0.54;Microstructures:categorical_sparse_0.28",,,,,,,,,,,,,,,,,,,,,,,step-1000,1000
3,pretrained_tabicl_v2,pretrained_tabicl_regressor,/home/fcolanto/.cache/huggingface/hub/models--jingang--TabICL/snapshots/4dcd344ece2c00be9e831fdd35bed57b5ad83e19/tabicl-regressor-v2-20260212.ckpt,electrochemical_metrics_alloys__pitting_potential__epit_mv_sce_avg,electrochemical_metrics_alloys,Pitting Potential,"Epit, mV (SCE) Avg.",,continuous,0,,median,False,,608,486,122,21,False,0,,,,,epit_pipeline_development_fold_3,0,0,0,0,True,,,normal_corrosion,147.73902746228697,205.5124688962792,0.6926914763250632,0.7846405285170341,0.833511454750715,0.2848173418202422,0.3961953459920749,"environment,material,process_history","{""environment"": 3, ""material"": 17, ""process_history"": 1}","Composition, wt.% N:numeric_sparse_0.34;Composition, wt.% C:numeric_sparse_0.45;Composition, wt.% Si:numeric_sparse_0.44;Composition, wt.% Mn:numeric_sparse_0.41;Composition, wt.% Cu:numeric_sparse_0.19;Composition, wt.% P:numeric_sparse_0.23;Composition, wt.% S:numeric_sparse_0.25;Test Solution:high_cardinality;Heat treatment:categorical_sparse_0.54;Microstructures:categorical_sparse_0.28",,,,,,,,,,,,,,,,,,,,,,,step-1000,1000
3,catboost,catboost_regressor,catboost==1.2.10;iterations=1000;depth=6;learning_rate=0.03;l2_leaf_reg=3;thread_count=8,electrochemical_metrics_alloys__pitting_potential__epit_mv_sce_avg,electrochemical_metrics_alloys,Pitting Potential,"Epit, mV (SCE) Avg.",,continuous,0,,median,False,,608,486,122,21,False,0,,,,,epit_pipeline_development_fold_3,0,0,0,0,True,,,normal_corrosion,150.36678957921768,197.1535948556598,0.7171816047883497,0.8101561604970628,0.8491104201638314,0.2898832491430124,0.3800807666168508,"environment,material,process_history","{""environment"": 3, ""material"": 17, ""process_history"": 1}","Composition, wt.% N:numeric_sparse_0.34;Composition, wt.% C:numeric_sparse_0.45;Composition, wt.% Si:numeric_sparse_0.44;Composition, wt.% Mn:numeric_sparse_0.41;Composition, wt.% Cu:numeric_sparse_0.19;Composition, wt.% P:numeric_sparse_0.23;Composition, wt.% S:numeric_sparse_0.25;Test Solution:high_cardinality;Heat treatment:categorical_sparse_0.54;Microstructures:categorical_sparse_0.28",,,,,,,,,,,,,,,,,,,,,,,step-1000,1000
3,generic_baseline,local_tabicl_regressor,/home/fcolanto/projects/tabicl/checkpoints/tabicl_s1_regression_baseline/step-1500.ckpt,electrochemical_metrics_alloys__pitting_potential__epit_mv_sce_avg,electrochemical_metrics_alloys,Pitting Potential,"Epit, mV (SCE) Avg.",,continuous,0,,median,False,,608,486,122,21,False,0,,,,,epit_pipeline_development_fold_3,0,0,0,0,True,,,normal_corrosion,197.1980480906689,269.03597842360466,0.4733537720181778,0.6251861111963257,0.7105694587961757,0.3801664653820863,0.518658566695786,"environment,material,process_history","{""environment"": 3, ""material"": 17, ""process_history"": 1}","Composition, wt.% N:numeric_sparse_0.34;Composition, wt.% C:numeric_sparse_0.45;Composition, wt.% Si:numeric_sparse_0.44;Composition, wt.% Mn:numeric_sparse_0.41;Composition, wt.% Cu:numeric_sparse_0.19;Composition, wt.% P:numeric_sparse_0.23;Composition, wt.% S:numeric_sparse_0.25;Test Solution:high_cardinality;Heat treatment:categorical_sparse_0.54;Microstructures:categorical_sparse_0.28",,,,,,,,,,,,,,,,,,,,,,,step-1500,1500
3,trial_0056,local_tabicl_regressor,/home/fcolanto/projects/tabicl/checkpoints/epit_pipeline_final_v1/final_epit_pipeline_optuna_empirical_features_scm_target_v7_trial_0056/step-1500.ckpt,electrochemical_metrics_alloys__pitting_potential__epit_mv_sce_avg,electrochemical_metrics_alloys,Pitting Potential,"Epit, mV (SCE) Avg.",,continuous,0,,median,False,,608,486,122,21,False,0,,,,,epit_pipeline_development_fold_3,0,0,0,0,True,,,normal_corrosion,172.79899820043218,224.0350066046585,0.6348006282824876,0.7772770770736172,0.8146218776472162,0.3331289787271086,0.4319038520279122,"environment,material,process_history","{""environment"": 3, ""material"": 17, ""process_history"": 1}","Composition, wt.% N:numeric_sparse_0.34;Composition, wt.% C:numeric_sparse_0.45;Composition, wt.% Si:numeric_sparse_0.44;Composition, wt.% Mn:numeric_sparse_0.41;Composition, wt.% Cu:numeric_sparse_0.19;Composition, wt.% P:numeric_sparse_0.23;Composition, wt.% S:numeric_sparse_0.25;Test Solution:high_cardinality;Heat treatment:categorical_sparse_0.54;Microstructures:categorical_sparse_0.28",,,,,,,,,,,,,,,,,,,,,,,step-1500,1500
3,pretrained_tabicl_v2,pretrained_tabicl_regressor,/home/fcolanto/.cache/huggingface/hub/models--jingang--TabICL/snapshots/4dcd344ece2c00be9e831fdd35bed57b5ad83e19/tabicl-regressor-v2-20260212.ckpt,electrochemical_metrics_alloys__pitting_potential__epit_mv_sce_avg,electrochemical_metrics_alloys,Pitting Potential,"Epit, mV (SCE) Avg.",,continuous,0,,median,False,,608,486,122,21,False,0,,,,,epit_pipeline_development_fold_3,0,0,0,0,True,,,normal_corrosion,147.73902746228697,205.5124688962792,0.6926914763250632,0.7846405285170341,0.833511454750715,0.2848173418202422,0.3961953459920749,"environment,material,process_history","{""environment"": 3, ""material"": 17, ""process_history"": 1}","Composition, wt.% N:numeric_sparse_0.34;Composition, wt.% C:numeric_sparse_0.45;Composition, wt.% Si:numeric_sparse_0.44;Composition, wt.% Mn:numeric_sparse_0.41;Composition, wt.% Cu:numeric_sparse_0.19;Composition, wt.% P:numeric_sparse_0.23;Composition, wt.% S:numeric_sparse_0.25;Test Solution:high_cardinality;Heat treatment:categorical_sparse_0.54;Microstructures:categorical_sparse_0.28",,,,,,,,,,,,,,,,,,,,,,,step-1500,1500
3,catboost,catboost_regressor,catboost==1.2.10;iterations=1000;depth=6;learning_rate=0.03;l2_leaf_reg=3;thread_count=8,electrochemical_metrics_alloys__pitting_potential__epit_mv_sce_avg,electrochemical_metrics_alloys,Pitting Potential,"Epit, mV (SCE) Avg.",,continuous,0,,median,False,,608,486,122,21,False,0,,,,,epit_pipeline_development_fold_3,0,0,0,0,True,,,normal_corrosion,150.36678957921768,197.1535948556598,0.7171816047883497,0.8101561604970628,0.8491104201638314,0.2898832491430124,0.3800807666168508,"environment,material,process_history","{""environment"": 3, ""material"": 17, ""process_history"": 1}","Composition, wt.% N:numeric_sparse_0.34;Composition, wt.% C:numeric_sparse_0.45;Composition, wt.% Si:numeric_sparse_0.44;Composition, wt.% Mn:numeric_sparse_0.41;Composition, wt.% Cu:numeric_sparse_0.19;Composition, wt.% P:numeric_sparse_0.23;Composition, wt.% S:numeric_sparse_0.25;Test Solution:high_cardinality;Heat treatment:categorical_sparse_0.54;Microstructures:categorical_sparse_0.28",,,,,,,,,,,,,,,,,,,,,,,step-1500,1500
3,generic_baseline,local_tabicl_regressor,/home/fcolanto/projects/tabicl/checkpoints/tabicl_s1_regression_baseline/step-2000.ckpt,electrochemical_metrics_alloys__pitting_potential__epit_mv_sce_avg,electrochemical_metrics_alloys,Pitting Potential,"Epit, mV (SCE) Avg.",,continuous,0,,median,False,,608,486,122,21,False,0,,,,,epit_pipeline_development_fold_3,0,0,0,0,True,,,normal_corrosion,208.12745624226423,271.67767319937514,0.4629605973799436,0.6118671213772188,0.7088079829816495,0.4012366255887418,0.5237513339683162,"environment,material,process_history","{""environment"": 3, ""material"": 17, ""process_history"": 1}","Composition, wt.% N:numeric_sparse_0.34;Composition, wt.% C:numeric_sparse_0.45;Composition, wt.% Si:numeric_sparse_0.44;Composition, wt.% Mn:numeric_sparse_0.41;Composition, wt.% Cu:numeric_sparse_0.19;Composition, wt.% P:numeric_sparse_0.23;Composition, wt.% S:numeric_sparse_0.25;Test Solution:high_cardinality;Heat treatment:categorical_sparse_0.54;Microstructures:categorical_sparse_0.28",,,,,,,,,,,,,,,,,,,,,,,step-2000,2000
3,trial_0056,local_tabicl_regressor,/home/fcolanto/projects/tabicl/checkpoints/epit_pipeline_final_v1/final_epit_pipeline_optuna_empirical_features_scm_target_v7_trial_0056/step-2000.ckpt,electrochemical_metrics_alloys__pitting_potential__epit_mv_sce_avg,electrochemical_metrics_alloys,Pitting Potential,"Epit, mV (SCE) Avg.",,continuous,0,,median,False,,608,486,122,21,False,0,,,,,epit_pipeline_development_fold_3,0,0,0,0,True,,,normal_corrosion,166.09725512642154,222.22487133706505,0.6406781890144411,0.7619949408642994,0.8168079324096182,0.3202090842301101,0.4284141991981435,"environment,material,process_history","{""environment"": 3, ""material"": 17, ""process_history"": 1}","Composition, wt.% N:numeric_sparse_0.34;Composition, wt.% C:numeric_sparse_0.45;Composition, wt.% Si:numeric_sparse_0.44;Composition, wt.% Mn:numeric_sparse_0.41;Composition, wt.% Cu:numeric_sparse_0.19;Composition, wt.% P:numeric_sparse_0.23;Composition, wt.% S:numeric_sparse_0.25;Test Solution:high_cardinality;Heat treatment:categorical_sparse_0.54;Microstructures:categorical_sparse_0.28",,,,,,,,,,,,,,,,,,,,,,,step-2000,2000
3,pretrained_tabicl_v2,pretrained_tabicl_regressor,/home/fcolanto/.cache/huggingface/hub/models--jingang--TabICL/snapshots/4dcd344ece2c00be9e831fdd35bed57b5ad83e19/tabicl-regressor-v2-20260212.ckpt,electrochemical_metrics_alloys__pitting_potential__epit_mv_sce_avg,electrochemical_metrics_alloys,Pitting Potential,"Epit, mV (SCE) Avg.",,continuous,0,,median,False,,608,486,122,21,False,0,,,,,epit_pipeline_development_fold_3,0,0,0,0,True,,,normal_corrosion,147.73902746228697,205.5124688962792,0.6926914763250632,0.7846405285170341,0.833511454750715,0.2848173418202422,0.3961953459920749,"environment,material,process_history","{""environment"": 3, ""material"": 17, ""process_history"": 1}","Composition, wt.% N:numeric_sparse_0.34;Composition, wt.% C:numeric_sparse_0.45;Composition, wt.% Si:numeric_sparse_0.44;Composition, wt.% Mn:numeric_sparse_0.41;Composition, wt.% Cu:numeric_sparse_0.19;Composition, wt.% P:numeric_sparse_0.23;Composition, wt.% S:numeric_sparse_0.25;Test Solution:high_cardinality;Heat treatment:categorical_sparse_0.54;Microstructures:categorical_sparse_0.28",,,,,,,,,,,,,,,,,,,,,,,step-2000,2000
3,catboost,catboost_regressor,catboost==1.2.10;iterations=1000;depth=6;learning_rate=0.03;l2_leaf_reg=3;thread_count=8,electrochemical_metrics_alloys__pitting_potential__epit_mv_sce_avg,electrochemical_metrics_alloys,Pitting Potential,"Epit, mV (SCE) Avg.",,continuous,0,,median,False,,608,486,122,21,False,0,,,,,epit_pipeline_development_fold_3,0,0,0,0,True,,,normal_corrosion,150.36678957921768,197.1535948556598,0.7171816047883497,0.8101561604970628,0.8491104201638314,0.2898832491430124,0.3800807666168508,"environment,material,process_history","{""environment"": 3, ""material"": 17, ""process_history"": 1}","Composition, wt.% N:numeric_sparse_0.34;Composition, wt.% C:numeric_sparse_0.45;Composition, wt.% Si:numeric_sparse_0.44;Composition, wt.% Mn:numeric_sparse_0.41;Composition, wt.% Cu:numeric_sparse_0.19;Composition, wt.% P:numeric_sparse_0.23;Composition, wt.% S:numeric_sparse_0.25;Test Solution:high_cardinality;Heat treatment:categorical_sparse_0.54;Microstructures:categorical_sparse_0.28",,,,,,,,,,,,,,,,,,,,,,,step-2000,2000
3,generic_baseline,local_tabicl_regressor,/home/fcolanto/projects/tabicl/checkpoints/tabicl_s1_regression_baseline/step-2500.ckpt,electrochemical_metrics_alloys__pitting_potential__epit_mv_sce_avg,electrochemical_metrics_alloys,Pitting Potential,"Epit, mV (SCE) Avg.",,continuous,0,,median,False,,608,486,122,21,False,0,,,,,epit_pipeline_development_fold_3,0,0,0,0,True,,,normal_corrosion,185.7651764065789,258.26395071325913,0.5146826321976612,0.6515299493720335,0.7299690959748637,0.3581257075784947,0.4978918109429245,"environment,material,process_history","{""environment"": 3, ""material"": 17, ""process_history"": 1}","Composition, wt.% N:numeric_sparse_0.34;Composition, wt.% C:numeric_sparse_0.45;Composition, wt.% Si:numeric_sparse_0.44;Composition, wt.% Mn:numeric_sparse_0.41;Composition, wt.% Cu:numeric_sparse_0.19;Composition, wt.% P:numeric_sparse_0.23;Composition, wt.% S:numeric_sparse_0.25;Test Solution:high_cardinality;Heat treatment:categorical_sparse_0.54;Microstructures:categorical_sparse_0.28",,,,,,,,,,,,,,,,,,,,,,,step-2500,2500
3,trial_0056,local_tabicl_regressor,/home/fcolanto/projects/tabicl/checkpoints/epit_pipeline_final_v1/final_epit_pipeline_optuna_empirical_features_scm_target_v7_trial_0056/step-2500.ckpt,electrochemical_metrics_alloys__pitting_potential__epit_mv_sce_avg,electrochemical_metrics_alloys,Pitting Potential,"Epit, mV (SCE) Avg.",,continuous,0,,median,False,,608,486,122,21,False,0,,,,,epit_pipeline_development_fold_3,0,0,0,0,True,,,normal_corrosion,144.707535490284,195.8197904341036,0.7209953664085448,0.8162590832563386,0.8516948794400857,0.2789731075644313,0.3775094038809434,"environment,material,process_history","{""environment"": 3, ""material"": 17, ""process_history"": 1}","Composition, wt.% N:numeric_sparse_0.34;Composition, wt.% C:numeric_sparse_0.45;Composition, wt.% Si:numeric_sparse_0.44;Composition, wt.% Mn:numeric_sparse_0.41;Composition, wt.% Cu:numeric_sparse_0.19;Composition, wt.% P:numeric_sparse_0.23;Composition, wt.% S:numeric_sparse_0.25;Test Solution:high_cardinality;Heat treatment:categorical_sparse_0.54;Microstructures:categorical_sparse_0.28",,,,,,,,,,,,,,,,,,,,,,,step-2500,2500
3,pretrained_tabicl_v2,pretrained_tabicl_regressor,/home/fcolanto/.cache/huggingface/hub/models--jingang--TabICL/snapshots/4dcd344ece2c00be9e831fdd35bed57b5ad83e19/tabicl-regressor-v2-20260212.ckpt,electrochemical_metrics_alloys__pitting_potential__epit_mv_sce_avg,electrochemical_metrics_alloys,Pitting Potential,"Epit, mV (SCE) Avg.",,continuous,0,,median,False,,608,486,122,21,False,0,,,,,epit_pipeline_development_fold_3,0,0,0,0,True,,,normal_corrosion,147.73902746228697,205.5124688962792,0.6926914763250632,0.7846405285170341,0.833511454750715,0.2848173418202422,0.3961953459920749,"environment,material,process_history","{""environment"": 3, ""material"": 17, ""process_history"": 1}","Composition, wt.% N:numeric_sparse_0.34;Composition, wt.% C:numeric_sparse_0.45;Composition, wt.% Si:numeric_sparse_0.44;Composition, wt.% Mn:numeric_sparse_0.41;Composition, wt.% Cu:numeric_sparse_0.19;Composition, wt.% P:numeric_sparse_0.23;Composition, wt.% S:numeric_sparse_0.25;Test Solution:high_cardinality;Heat treatment:categorical_sparse_0.54;Microstructures:categorical_sparse_0.28",,,,,,,,,,,,,,,,,,,,,,,step-2500,2500
3,catboost,catboost_regressor,catboost==1.2.10;iterations=1000;depth=6;learning_rate=0.03;l2_leaf_reg=3;thread_count=8,electrochemical_metrics_alloys__pitting_potential__epit_mv_sce_avg,electrochemical_metrics_alloys,Pitting Potential,"Epit, mV (SCE) Avg.",,continuous,0,,median,False,,608,486,122,21,False,0,,,,,epit_pipeline_development_fold_3,0,0,0,0,True,,,normal_corrosion,150.36678957921768,197.1535948556598,0.7171816047883497,0.8101561604970628,0.8491104201638314,0.2898832491430124,0.3800807666168508,"environment,material,process_history","{""environment"": 3, ""material"": 17, ""process_history"": 1}","Composition, wt.% N:numeric_sparse_0.34;Composition, wt.% C:numeric_sparse_0.45;Composition, wt.% Si:numeric_sparse_0.44;Composition, wt.% Mn:numeric_sparse_0.41;Composition, wt.% Cu:numeric_sparse_0.19;Composition, wt.% P:numeric_sparse_0.23;Composition, wt.% S:numeric_sparse_0.25;Test Solution:high_cardinality;Heat treatment:categorical_sparse_0.54;Microstructures:categorical_sparse_0.28",,,,,,,,,,,,,,,,,,,,,,,step-2500,2500
3,generic_baseline,local_tabicl_regressor,/home/fcolanto/projects/tabicl/checkpoints/tabicl_s1_regression_baseline/step-3000.ckpt,electrochemical_metrics_alloys__pitting_potential__epit_mv_sce_avg,electrochemical_metrics_alloys,Pitting Potential,"Epit, mV (SCE) Avg.",,continuous,0,,median,False,,608,486,122,21,False,0,,,,,epit_pipeline_development_fold_3,0,0,0,0,True,,,normal_corrosion,174.15350694747048,243.64560119878576,0.568067977390268,0.6928981368573341,0.7575696191974126,0.3357402561087889,0.4697099586454715,"environment,material,process_history","{""environment"": 3, ""material"": 17, ""process_history"": 1}","Composition, wt.% N:numeric_sparse_0.34;Composition, wt.% C:numeric_sparse_0.45;Composition, wt.% Si:numeric_sparse_0.44;Composition, wt.% Mn:numeric_sparse_0.41;Composition, wt.% Cu:numeric_sparse_0.19;Composition, wt.% P:numeric_sparse_0.23;Composition, wt.% S:numeric_sparse_0.25;Test Solution:high_cardinality;Heat treatment:categorical_sparse_0.54;Microstructures:categorical_sparse_0.28",,,,,,,,,,,,,,,,,,,,,,,step-3000,3000
3,trial_0056,local_tabicl_regressor,/home/fcolanto/projects/tabicl/checkpoints/epit_pipeline_final_v1/final_epit_pipeline_optuna_empirical_features_scm_target_v7_trial_0056/step-3000.ckpt,electrochemical_metrics_alloys__pitting_potential__epit_mv_sce_avg,electrochemical_metrics_alloys,Pitting Potential,"Epit, mV (SCE) Avg.",,continuous,0,,median,False,,608,486,122,21,False,0,,,,,epit_pipeline_development_fold_3,0,0,0,0,True,,,normal_corrosion,147.93903066413125,199.58937554697505,0.7101501420928236,0.8052733953757649,0.8454566984365831,0.2852029161758022,0.3847765642924824,"environment,material,process_history","{""environment"": 3, ""material"": 17, ""process_history"": 1}","Composition, wt.% N:numeric_sparse_0.34;Composition, wt.% C:numeric_sparse_0.45;Composition, wt.% Si:numeric_sparse_0.44;Composition, wt.% Mn:numeric_sparse_0.41;Composition, wt.% Cu:numeric_sparse_0.19;Composition, wt.% P:numeric_sparse_0.23;Composition, wt.% S:numeric_sparse_0.25;Test Solution:high_cardinality;Heat treatment:categorical_sparse_0.54;Microstructures:categorical_sparse_0.28",,,,,,,,,,,,,,,,,,,,,,,step-3000,3000
3,pretrained_tabicl_v2,pretrained_tabicl_regressor,/home/fcolanto/.cache/huggingface/hub/models--jingang--TabICL/snapshots/4dcd344ece2c00be9e831fdd35bed57b5ad83e19/tabicl-regressor-v2-20260212.ckpt,electrochemical_metrics_alloys__pitting_potential__epit_mv_sce_avg,electrochemical_metrics_alloys,Pitting Potential,"Epit, mV (SCE) Avg.",,continuous,0,,median,False,,608,486,122,21,False,0,,,,,epit_pipeline_development_fold_3,0,0,0,0,True,,,normal_corrosion,147.73902746228697,205.5124688962792,0.6926914763250632,0.7846405285170341,0.833511454750715,0.2848173418202422,0.3961953459920749,"environment,material,process_history","{""environment"": 3, ""material"": 17, ""process_history"": 1}","Composition, wt.% N:numeric_sparse_0.34;Composition, wt.% C:numeric_sparse_0.45;Composition, wt.% Si:numeric_sparse_0.44;Composition, wt.% Mn:numeric_sparse_0.41;Composition, wt.% Cu:numeric_sparse_0.19;Composition, wt.% P:numeric_sparse_0.23;Composition, wt.% S:numeric_sparse_0.25;Test Solution:high_cardinality;Heat treatment:categorical_sparse_0.54;Microstructures:categorical_sparse_0.28",,,,,,,,,,,,,,,,,,,,,,,step-3000,3000
3,catboost,catboost_regressor,catboost==1.2.10;iterations=1000;depth=6;learning_rate=0.03;l2_leaf_reg=3;thread_count=8,electrochemical_metrics_alloys__pitting_potential__epit_mv_sce_avg,electrochemical_metrics_alloys,Pitting Potential,"Epit, mV (SCE) Avg.",,continuous,0,,median,False,,608,486,122,21,False,0,,,,,epit_pipeline_development_fold_3,0,0,0,0,True,,,normal_corrosion,150.36678957921768,197.1535948556598,0.7171816047883497,0.8101561604970628,0.8491104201638314,0.2898832491430124,0.3800807666168508,"environment,material,process_history","{""environment"": 3, ""material"": 17, ""process_history"": 1}","Composition, wt.% N:numeric_sparse_0.34;Composition, wt.% C:numeric_sparse_0.45;Composition, wt.% Si:numeric_sparse_0.44;Composition, wt.% Mn:numeric_sparse_0.41;Composition, wt.% Cu:numeric_sparse_0.19;Composition, wt.% P:numeric_sparse_0.23;Composition, wt.% S:numeric_sparse_0.25;Test Solution:high_cardinality;Heat treatment:categorical_sparse_0.54;Microstructures:categorical_sparse_0.28",,,,,,,,,,,,,,,,,,,,,,,step-3000,3000
3,generic_baseline,local_tabicl_regressor,/home/fcolanto/projects/tabicl/checkpoints/tabicl_s1_regression_baseline/step-3500.ckpt,electrochemical_metrics_alloys__pitting_potential__epit_mv_sce_avg,electrochemical_metrics_alloys,Pitting Potential,"Epit, mV (SCE) Avg.",,continuous,0,,median,False,,608,486,122,21,False,0,,,,,epit_pipeline_development_fold_3,0,0,0,0,True,,,normal_corrosion,194.1456028520844,249.07228564207892,0.5486129812045552,0.6986652924986101,0.7581342191809655,0.3742818365616656,0.4801717429457003,"environment,material,process_history","{""environment"": 3, ""material"": 17, ""process_history"": 1}","Composition, wt.% N:numeric_sparse_0.34;Composition, wt.% C:numeric_sparse_0.45;Composition, wt.% Si:numeric_sparse_0.44;Composition, wt.% Mn:numeric_sparse_0.41;Composition, wt.% Cu:numeric_sparse_0.19;Composition, wt.% P:numeric_sparse_0.23;Composition, wt.% S:numeric_sparse_0.25;Test Solution:high_cardinality;Heat treatment:categorical_sparse_0.54;Microstructures:categorical_sparse_0.28",,,,,,,,,,,,,,,,,,,,,,,step-3500,3500
3,trial_0056,local_tabicl_regressor,/home/fcolanto/projects/tabicl/checkpoints/epit_pipeline_final_v1/final_epit_pipeline_optuna_empirical_features_scm_target_v7_trial_0056/step-3500.ckpt,electrochemical_metrics_alloys__pitting_potential__epit_mv_sce_avg,electrochemical_metrics_alloys,Pitting Potential,"Epit, mV (SCE) Avg.",,continuous,0,,median,False,,608,486,122,21,False,0,,,,,epit_pipeline_development_fold_3,0,0,0,0,True,,,normal_corrosion,155.8110708993067,212.2296260834132,0.6722744727566977,0.7812397244168205,0.8242218836287217,0.3003789574222968,0.4091449564470146,"environment,material,process_history","{""environment"": 3, ""material"": 17, ""process_history"": 1}","Composition, wt.% N:numeric_sparse_0.34;Composition, wt.% C:numeric_sparse_0.45;Composition, wt.% Si:numeric_sparse_0.44;Composition, wt.% Mn:numeric_sparse_0.41;Composition, wt.% Cu:numeric_sparse_0.19;Composition, wt.% P:numeric_sparse_0.23;Composition, wt.% S:numeric_sparse_0.25;Test Solution:high_cardinality;Heat treatment:categorical_sparse_0.54;Microstructures:categorical_sparse_0.28",,,,,,,,,,,,,,,,,,,,,,,step-3500,3500
3,pretrained_tabicl_v2,pretrained_tabicl_regressor,/home/fcolanto/.cache/huggingface/hub/models--jingang--TabICL/snapshots/4dcd344ece2c00be9e831fdd35bed57b5ad83e19/tabicl-regressor-v2-20260212.ckpt,electrochemical_metrics_alloys__pitting_potential__epit_mv_sce_avg,electrochemical_metrics_alloys,Pitting Potential,"Epit, mV (SCE) Avg.",,continuous,0,,median,False,,608,486,122,21,False,0,,,,,epit_pipeline_development_fold_3,0,0,0,0,True,,,normal_corrosion,147.73902746228697,205.5124688962792,0.6926914763250632,0.7846405285170341,0.833511454750715,0.2848173418202422,0.3961953459920749,"environment,material,process_history","{""environment"": 3, ""material"": 17, ""process_history"": 1}","Composition, wt.% N:numeric_sparse_0.34;Composition, wt.% C:numeric_sparse_0.45;Composition, wt.% Si:numeric_sparse_0.44;Composition, wt.% Mn:numeric_sparse_0.41;Composition, wt.% Cu:numeric_sparse_0.19;Composition, wt.% P:numeric_sparse_0.23;Composition, wt.% S:numeric_sparse_0.25;Test Solution:high_cardinality;Heat treatment:categorical_sparse_0.54;Microstructures:categorical_sparse_0.28",,,,,,,,,,,,,,,,,,,,,,,step-3500,3500
3,catboost,catboost_regressor,catboost==1.2.10;iterations=1000;depth=6;learning_rate=0.03;l2_leaf_reg=3;thread_count=8,electrochemical_metrics_alloys__pitting_potential__epit_mv_sce_avg,electrochemical_metrics_alloys,Pitting Potential,"Epit, mV (SCE) Avg.",,continuous,0,,median,False,,608,486,122,21,False,0,,,,,epit_pipeline_development_fold_3,0,0,0,0,True,,,normal_corrosion,150.36678957921768,197.1535948556598,0.7171816047883497,0.8101561604970628,0.8491104201638314,0.2898832491430124,0.3800807666168508,"environment,material,process_history","{""environment"": 3, ""material"": 17, ""process_history"": 1}","Composition, wt.% N:numeric_sparse_0.34;Composition, wt.% C:numeric_sparse_0.45;Composition, wt.% Si:numeric_sparse_0.44;Composition, wt.% Mn:numeric_sparse_0.41;Composition, wt.% Cu:numeric_sparse_0.19;Composition, wt.% P:numeric_sparse_0.23;Composition, wt.% S:numeric_sparse_0.25;Test Solution:high_cardinality;Heat treatment:categorical_sparse_0.54;Microstructures:categorical_sparse_0.28",,,,,,,,,,,,,,,,,,,,,,,step-3500,3500
3,generic_baseline,local_tabicl_regressor,/home/fcolanto/projects/tabicl/checkpoints/tabicl_s1_regression_baseline/step-4000.ckpt,electrochemical_metrics_alloys__pitting_potential__epit_mv_sce_avg,electrochemical_metrics_alloys,Pitting Potential,"Epit, mV (SCE) Avg.",,continuous,0,,median,False,,608,486,122,21,False,0,,,,,epit_pipeline_development_fold_3,0,0,0,0,True,,,normal_corrosion,179.15598381164426,242.41229817293103,0.5724296800457604,0.690614409322594,0.7662737422582899,0.3453842356817216,0.4673323466121686,"environment,material,process_history","{""environment"": 3, ""material"": 17, ""process_history"": 1}","Composition, wt.% N:numeric_sparse_0.34;Composition, wt.% C:numeric_sparse_0.45;Composition, wt.% Si:numeric_sparse_0.44;Composition, wt.% Mn:numeric_sparse_0.41;Composition, wt.% Cu:numeric_sparse_0.19;Composition, wt.% P:numeric_sparse_0.23;Composition, wt.% S:numeric_sparse_0.25;Test Solution:high_cardinality;Heat treatment:categorical_sparse_0.54;Microstructures:categorical_sparse_0.28",,,,,,,,,,,,,,,,,,,,,,,step-4000,4000
3,trial_0056,local_tabicl_regressor,/home/fcolanto/projects/tabicl/checkpoints/epit_pipeline_final_v1/final_epit_pipeline_optuna_empirical_features_scm_target_v7_trial_0056/step-4000.ckpt,electrochemical_metrics_alloys__pitting_potential__epit_mv_sce_avg,electrochemical_metrics_alloys,Pitting Potential,"Epit, mV (SCE) Avg.",,continuous,0,,median,False,,608,486,122,21,False,0,,,,,epit_pipeline_development_fold_3,0,0,0,0,True,,,normal_corrosion,154.23665322209752,215.42859850060532,0.662320290754711,0.7861013209488072,0.8280341528723931,0.2973437306075542,0.4153120663574512,"environment,material,process_history","{""environment"": 3, ""material"": 17, ""process_history"": 1}","Composition, wt.% N:numeric_sparse_0.34;Composition, wt.% C:numeric_sparse_0.45;Composition, wt.% Si:numeric_sparse_0.44;Composition, wt.% Mn:numeric_sparse_0.41;Composition, wt.% Cu:numeric_sparse_0.19;Composition, wt.% P:numeric_sparse_0.23;Composition, wt.% S:numeric_sparse_0.25;Test Solution:high_cardinality;Heat treatment:categorical_sparse_0.54;Microstructures:categorical_sparse_0.28",,,,,,,,,,,,,,,,,,,,,,,step-4000,4000
3,pretrained_tabicl_v2,pretrained_tabicl_regressor,/home/fcolanto/.cache/huggingface/hub/models--jingang--TabICL/snapshots/4dcd344ece2c00be9e831fdd35bed57b5ad83e19/tabicl-regressor-v2-20260212.ckpt,electrochemical_metrics_alloys__pitting_potential__epit_mv_sce_avg,electrochemical_metrics_alloys,Pitting Potential,"Epit, mV (SCE) Avg.",,continuous,0,,median,False,,608,486,122,21,False,0,,,,,epit_pipeline_development_fold_3,0,0,0,0,True,,,normal_corrosion,147.73902746228697,205.5124688962792,0.6926914763250632,0.7846405285170341,0.833511454750715,0.2848173418202422,0.3961953459920749,"environment,material,process_history","{""environment"": 3, ""material"": 17, ""process_history"": 1}","Composition, wt.% N:numeric_sparse_0.34;Composition, wt.% C:numeric_sparse_0.45;Composition, wt.% Si:numeric_sparse_0.44;Composition, wt.% Mn:numeric_sparse_0.41;Composition, wt.% Cu:numeric_sparse_0.19;Composition, wt.% P:numeric_sparse_0.23;Composition, wt.% S:numeric_sparse_0.25;Test Solution:high_cardinality;Heat treatment:categorical_sparse_0.54;Microstructures:categorical_sparse_0.28",,,,,,,,,,,,,,,,,,,,,,,step-4000,4000
3,catboost,catboost_regressor,catboost==1.2.10;iterations=1000;depth=6;learning_rate=0.03;l2_leaf_reg=3;thread_count=8,electrochemical_metrics_alloys__pitting_potential__epit_mv_sce_avg,electrochemical_metrics_alloys,Pitting Potential,"Epit, mV (SCE) Avg.",,continuous,0,,median,False,,608,486,122,21,False,0,,,,,epit_pipeline_development_fold_3,0,0,0,0,True,,,normal_corrosion,150.36678957921768,197.1535948556598,0.7171816047883497,0.8101561604970628,0.8491104201638314,0.2898832491430124,0.3800807666168508,"environment,material,process_history","{""environment"": 3, ""material"": 17, ""process_history"": 1}","Composition, wt.% N:numeric_sparse_0.34;Composition, wt.% C:numeric_sparse_0.45;Composition, wt.% Si:numeric_sparse_0.44;Composition, wt.% Mn:numeric_sparse_0.41;Composition, wt.% Cu:numeric_sparse_0.19;Composition, wt.% P:numeric_sparse_0.23;Composition, wt.% S:numeric_sparse_0.25;Test Solution:high_cardinality;Heat treatment:categorical_sparse_0.54;Microstructures:categorical_sparse_0.28",,,,,,,,,,,,,,,,,,,,,,,step-4000,4000
3,generic_baseline,local_tabicl_regressor,/home/fcolanto/projects/tabicl/checkpoints/tabicl_s1_regression_baseline/step-4500.ckpt,electrochemical_metrics_alloys__pitting_potential__epit_mv_sce_avg,electrochemical_metrics_alloys,Pitting Potential,"Epit, mV (SCE) Avg.",,continuous,0,,median,False,,608,486,122,21,False,0,,,,,epit_pipeline_development_fold_3,0,0,0,0,True,,,normal_corrosion,191.0670828571945,246.4063705129169,0.5582240021415679,0.6896691906902704,0.7518734286885377,0.3683469397592019,0.4750322826849367,"environment,material,process_history","{""environment"": 3, ""material"": 17, ""process_history"": 1}","Composition, wt.% N:numeric_sparse_0.34;Composition, wt.% C:numeric_sparse_0.45;Composition, wt.% Si:numeric_sparse_0.44;Composition, wt.% Mn:numeric_sparse_0.41;Composition, wt.% Cu:numeric_sparse_0.19;Composition, wt.% P:numeric_sparse_0.23;Composition, wt.% S:numeric_sparse_0.25;Test Solution:high_cardinality;Heat treatment:categorical_sparse_0.54;Microstructures:categorical_sparse_0.28",,,,,,,,,,,,,,,,,,,,,,,step-4500,4500
3,trial_0056,local_tabicl_regressor,/home/fcolanto/projects/tabicl/checkpoints/epit_pipeline_final_v1/final_epit_pipeline_optuna_empirical_features_scm_target_v7_trial_0056/step-4500.ckpt,electrochemical_metrics_alloys__pitting_potential__epit_mv_sce_avg,electrochemical_metrics_alloys,Pitting Potential,"Epit, mV (SCE) Avg.",,continuous,0,,median,False,,608,486,122,21,False,0,,,,,epit_pipeline_development_fold_3,0,0,0,0,True,,,normal_corrosion,161.47659571647432,220.83908654541568,0.6451456468943224,0.7727195368848955,0.8192841076620275,0.3113011879673314,0.4257426265780162,"environment,material,process_history","{""environment"": 3, ""material"": 17, ""process_history"": 1}","Composition, wt.% N:numeric_sparse_0.34;Composition, wt.% C:numeric_sparse_0.45;Composition, wt.% Si:numeric_sparse_0.44;Composition, wt.% Mn:numeric_sparse_0.41;Composition, wt.% Cu:numeric_sparse_0.19;Composition, wt.% P:numeric_sparse_0.23;Composition, wt.% S:numeric_sparse_0.25;Test Solution:high_cardinality;Heat treatment:categorical_sparse_0.54;Microstructures:categorical_sparse_0.28",,,,,,,,,,,,,,,,,,,,,,,step-4500,4500
3,pretrained_tabicl_v2,pretrained_tabicl_regressor,/home/fcolanto/.cache/huggingface/hub/models--jingang--TabICL/snapshots/4dcd344ece2c00be9e831fdd35bed57b5ad83e19/tabicl-regressor-v2-20260212.ckpt,electrochemical_metrics_alloys__pitting_potential__epit_mv_sce_avg,electrochemical_metrics_alloys,Pitting Potential,"Epit, mV (SCE) Avg.",,continuous,0,,median,False,,608,486,122,21,False,0,,,,,epit_pipeline_development_fold_3,0,0,0,0,True,,,normal_corrosion,147.73902746228697,205.5124688962792,0.6926914763250632,0.7846405285170341,0.833511454750715,0.2848173418202422,0.3961953459920749,"environment,material,process_history","{""environment"": 3, ""material"": 17, ""process_history"": 1}","Composition, wt.% N:numeric_sparse_0.34;Composition, wt.% C:numeric_sparse_0.45;Composition, wt.% Si:numeric_sparse_0.44;Composition, wt.% Mn:numeric_sparse_0.41;Composition, wt.% Cu:numeric_sparse_0.19;Composition, wt.% P:numeric_sparse_0.23;Composition, wt.% S:numeric_sparse_0.25;Test Solution:high_cardinality;Heat treatment:categorical_sparse_0.54;Microstructures:categorical_sparse_0.28",,,,,,,,,,,,,,,,,,,,,,,step-4500,4500
3,catboost,catboost_regressor,catboost==1.2.10;iterations=1000;depth=6;learning_rate=0.03;l2_leaf_reg=3;thread_count=8,electrochemical_metrics_alloys__pitting_potential__epit_mv_sce_avg,electrochemical_metrics_alloys,Pitting Potential,"Epit, mV (SCE) Avg.",,continuous,0,,median,False,,608,486,122,21,False,0,,,,,epit_pipeline_development_fold_3,0,0,0,0,True,,,normal_corrosion,150.36678957921768,197.1535948556598,0.7171816047883497,0.8101561604970628,0.8491104201638314,0.2898832491430124,0.3800807666168508,"environment,material,process_history","{""environment"": 3, ""material"": 17, ""process_history"": 1}","Composition, wt.% N:numeric_sparse_0.34;Composition, wt.% C:numeric_sparse_0.45;Composition, wt.% Si:numeric_sparse_0.44;Composition, wt.% Mn:numeric_sparse_0.41;Composition, wt.% Cu:numeric_sparse_0.19;Composition, wt.% P:numeric_sparse_0.23;Composition, wt.% S:numeric_sparse_0.25;Test Solution:high_cardinality;Heat treatment:categorical_sparse_0.54;Microstructures:categorical_sparse_0.28",,,,,,,,,,,,,,,,,,,,,,,step-4500,4500
3,generic_baseline,local_tabicl_regressor,/home/fcolanto/projects/tabicl/checkpoints/tabicl_s1_regression_baseline/step-5000.ckpt,electrochemical_metrics_alloys__pitting_potential__epit_mv_sce_avg,electrochemical_metrics_alloys,Pitting Potential,"Epit, mV (SCE) Avg.",,continuous,0,,median,False,,608,486,122,21,False,0,,,,,epit_pipeline_development_fold_3,0,0,0,0,True,,,normal_corrosion,191.0002894015369,236.03265231626747,0.5946385673061174,0.7256569028838822,0.7890874150525853,0.3682181726025599,0.45503340430924,"environment,material,process_history","{""environment"": 3, ""material"": 17, ""process_history"": 1}","Composition, wt.% N:numeric_sparse_0.34;Composition, wt.% C:numeric_sparse_0.45;Composition, wt.% Si:numeric_sparse_0.44;Composition, wt.% Mn:numeric_sparse_0.41;Composition, wt.% Cu:numeric_sparse_0.19;Composition, wt.% P:numeric_sparse_0.23;Composition, wt.% S:numeric_sparse_0.25;Test Solution:high_cardinality;Heat treatment:categorical_sparse_0.54;Microstructures:categorical_sparse_0.28",,,,,,,,,,,,,,,,,,,,,,,step-5000,5000
3,trial_0056,local_tabicl_regressor,/home/fcolanto/projects/tabicl/checkpoints/epit_pipeline_final_v1/final_epit_pipeline_optuna_empirical_features_scm_target_v7_trial_0056/step-5000.ckpt,electrochemical_metrics_alloys__pitting_potential__epit_mv_sce_avg,electrochemical_metrics_alloys,Pitting Potential,"Epit, mV (SCE) Avg.",,continuous,0,,median,False,,608,486,122,21,False,0,,,,,epit_pipeline_development_fold_3,0,0,0,0,True,,,normal_corrosion,166.60189517961277,224.33699371802936,0.633815426592806,0.7518454079277045,0.8115644053763379,0.3211819499717817,0.4324860351407407,"environment,material,process_history","{""environment"": 3, ""material"": 17, ""process_history"": 1}","Composition, wt.% N:numeric_sparse_0.34;Composition, wt.% C:numeric_sparse_0.45;Composition, wt.% Si:numeric_sparse_0.44;Composition, wt.% Mn:numeric_sparse_0.41;Composition, wt.% Cu:numeric_sparse_0.19;Composition, wt.% P:numeric_sparse_0.23;Composition, wt.% S:numeric_sparse_0.25;Test Solution:high_cardinality;Heat treatment:categorical_sparse_0.54;Microstructures:categorical_sparse_0.28",,,,,,,,,,,,,,,,,,,,,,,step-5000,5000
3,pretrained_tabicl_v2,pretrained_tabicl_regressor,/home/fcolanto/.cache/huggingface/hub/models--jingang--TabICL/snapshots/4dcd344ece2c00be9e831fdd35bed57b5ad83e19/tabicl-regressor-v2-20260212.ckpt,electrochemical_metrics_alloys__pitting_potential__epit_mv_sce_avg,electrochemical_metrics_alloys,Pitting Potential,"Epit, mV (SCE) Avg.",,continuous,0,,median,False,,608,486,122,21,False,0,,,,,epit_pipeline_development_fold_3,0,0,0,0,True,,,normal_corrosion,147.73902746228697,205.5124688962792,0.6926914763250632,0.7846405285170341,0.833511454750715,0.2848173418202422,0.3961953459920749,"environment,material,process_history","{""environment"": 3, ""material"": 17, ""process_history"": 1}","Composition, wt.% N:numeric_sparse_0.34;Composition, wt.% C:numeric_sparse_0.45;Composition, wt.% Si:numeric_sparse_0.44;Composition, wt.% Mn:numeric_sparse_0.41;Composition, wt.% Cu:numeric_sparse_0.19;Composition, wt.% P:numeric_sparse_0.23;Composition, wt.% S:numeric_sparse_0.25;Test Solution:high_cardinality;Heat treatment:categorical_sparse_0.54;Microstructures:categorical_sparse_0.28",,,,,,,,,,,,,,,,,,,,,,,step-5000,5000
3,catboost,catboost_regressor,catboost==1.2.10;iterations=1000;depth=6;learning_rate=0.03;l2_leaf_reg=3;thread_count=8,electrochemical_metrics_alloys__pitting_potential__epit_mv_sce_avg,electrochemical_metrics_alloys,Pitting Potential,"Epit, mV (SCE) Avg.",,continuous,0,,median,False,,608,486,122,21,False,0,,,,,epit_pipeline_development_fold_3,0,0,0,0,True,,,normal_corrosion,150.36678957921768,197.1535948556598,0.7171816047883497,0.8101561604970628,0.8491104201638314,0.2898832491430124,0.3800807666168508,"environment,material,process_history","{""environment"": 3, ""material"": 17, ""process_history"": 1}","Composition, wt.% N:numeric_sparse_0.34;Composition, wt.% C:numeric_sparse_0.45;Composition, wt.% Si:numeric_sparse_0.44;Composition, wt.% Mn:numeric_sparse_0.41;Composition, wt.% Cu:numeric_sparse_0.19;Composition, wt.% P:numeric_sparse_0.23;Composition, wt.% S:numeric_sparse_0.25;Test Solution:high_cardinality;Heat treatment:categorical_sparse_0.54;Microstructures:categorical_sparse_0.28",,,,,,,,,,,,,,,,,,,,,,,step-5000,5000
3,generic_baseline,local_tabicl_regressor,/home/fcolanto/projects/tabicl/checkpoints/tabicl_s1_regression_baseline/step-5500.ckpt,electrochemical_metrics_alloys__pitting_potential__epit_mv_sce_avg,electrochemical_metrics_alloys,Pitting Potential,"Epit, mV (SCE) Avg.",,continuous,0,,median,False,,608,486,122,21,False,0,,,,,epit_pipeline_development_fold_3,0,0,0,0,True,,,normal_corrosion,178.67315456449788,238.398260723893,0.586472478714269,0.7021751602871689,0.7750948500275057,0.3444534177043229,0.459593920985306,"environment,material,process_history","{""environment"": 3, ""material"": 17, ""process_history"": 1}","Composition, wt.% N:numeric_sparse_0.34;Composition, wt.% C:numeric_sparse_0.45;Composition, wt.% Si:numeric_sparse_0.44;Composition, wt.% Mn:numeric_sparse_0.41;Composition, wt.% Cu:numeric_sparse_0.19;Composition, wt.% P:numeric_sparse_0.23;Composition, wt.% S:numeric_sparse_0.25;Test Solution:high_cardinality;Heat treatment:categorical_sparse_0.54;Microstructures:categorical_sparse_0.28",,,,,,,,,,,,,,,,,,,,,,,step-5500,5500
3,trial_0056,local_tabicl_regressor,/home/fcolanto/projects/tabicl/checkpoints/epit_pipeline_final_v1/final_epit_pipeline_optuna_empirical_features_scm_target_v7_trial_0056/step-5500.ckpt,electrochemical_metrics_alloys__pitting_potential__epit_mv_sce_avg,electrochemical_metrics_alloys,Pitting Potential,"Epit, mV (SCE) Avg.",,continuous,0,,median,False,,608,486,122,21,False,0,,,,,epit_pipeline_development_fold_3,0,0,0,0,True,,,normal_corrosion,166.129185398779,231.7414409227772,0.6092439966417122,0.7369565619884795,0.7939810654892251,0.3202706407155741,0.4467606314118102,"environment,material,process_history","{""environment"": 3, ""material"": 17, ""process_history"": 1}","Composition, wt.% N:numeric_sparse_0.34;Composition, wt.% C:numeric_sparse_0.45;Composition, wt.% Si:numeric_sparse_0.44;Composition, wt.% Mn:numeric_sparse_0.41;Composition, wt.% Cu:numeric_sparse_0.19;Composition, wt.% P:numeric_sparse_0.23;Composition, wt.% S:numeric_sparse_0.25;Test Solution:high_cardinality;Heat treatment:categorical_sparse_0.54;Microstructures:categorical_sparse_0.28",,,,,,,,,,,,,,,,,,,,,,,step-5500,5500
3,pretrained_tabicl_v2,pretrained_tabicl_regressor,/home/fcolanto/.cache/huggingface/hub/models--jingang--TabICL/snapshots/4dcd344ece2c00be9e831fdd35bed57b5ad83e19/tabicl-regressor-v2-20260212.ckpt,electrochemical_metrics_alloys__pitting_potential__epit_mv_sce_avg,electrochemical_metrics_alloys,Pitting Potential,"Epit, mV (SCE) Avg.",,continuous,0,,median,False,,608,486,122,21,False,0,,,,,epit_pipeline_development_fold_3,0,0,0,0,True,,,normal_corrosion,147.73902746228697,205.5124688962792,0.6926914763250632,0.7846405285170341,0.833511454750715,0.2848173418202422,0.3961953459920749,"environment,material,process_history","{""environment"": 3, ""material"": 17, ""process_history"": 1}","Composition, wt.% N:numeric_sparse_0.34;Composition, wt.% C:numeric_sparse_0.45;Composition, wt.% Si:numeric_sparse_0.44;Composition, wt.% Mn:numeric_sparse_0.41;Composition, wt.% Cu:numeric_sparse_0.19;Composition, wt.% P:numeric_sparse_0.23;Composition, wt.% S:numeric_sparse_0.25;Test Solution:high_cardinality;Heat treatment:categorical_sparse_0.54;Microstructures:categorical_sparse_0.28",,,,,,,,,,,,,,,,,,,,,,,step-5500,5500
3,catboost,catboost_regressor,catboost==1.2.10;iterations=1000;depth=6;learning_rate=0.03;l2_leaf_reg=3;thread_count=8,electrochemical_metrics_alloys__pitting_potential__epit_mv_sce_avg,electrochemical_metrics_alloys,Pitting Potential,"Epit, mV (SCE) Avg.",,continuous,0,,median,False,,608,486,122,21,False,0,,,,,epit_pipeline_development_fold_3,0,0,0,0,True,,,normal_corrosion,150.36678957921768,197.1535948556598,0.7171816047883497,0.8101561604970628,0.8491104201638314,0.2898832491430124,0.3800807666168508,"environment,material,process_history","{""environment"": 3, ""material"": 17, ""process_history"": 1}","Composition, wt.% N:numeric_sparse_0.34;Composition, wt.% C:numeric_sparse_0.45;Composition, wt.% Si:numeric_sparse_0.44;Composition, wt.% Mn:numeric_sparse_0.41;Composition, wt.% Cu:numeric_sparse_0.19;Composition, wt.% P:numeric_sparse_0.23;Composition, wt.% S:numeric_sparse_0.25;Test Solution:high_cardinality;Heat treatment:categorical_sparse_0.54;Microstructures:categorical_sparse_0.28",,,,,,,,,,,,,,,,,,,,,,,step-5500,5500
3,generic_baseline,local_tabicl_regressor,/home/fcolanto/projects/tabicl/checkpoints/tabicl_s1_regression_baseline/step-6000.ckpt,electrochemical_metrics_alloys__pitting_potential__epit_mv_sce_avg,electrochemical_metrics_alloys,Pitting Potential,"Epit, mV (SCE) Avg.",,continuous,0,,median,False,,608,486,122,21,False,0,,,,,epit_pipeline_development_fold_3,0,0,0,0,True,,,normal_corrosion,177.10859040053944,241.232235506011,0.5765823709594342,0.7024395571073991,0.7680281793260689,0.3414371868955774,0.4650573735211262,"environment,material,process_history","{""environment"": 3, ""material"": 17, ""process_history"": 1}","Composition, wt.% N:numeric_sparse_0.34;Composition, wt.% C:numeric_sparse_0.45;Composition, wt.% Si:numeric_sparse_0.44;Composition, wt.% Mn:numeric_sparse_0.41;Composition, wt.% Cu:numeric_sparse_0.19;Composition, wt.% P:numeric_sparse_0.23;Composition, wt.% S:numeric_sparse_0.25;Test Solution:high_cardinality;Heat treatment:categorical_sparse_0.54;Microstructures:categorical_sparse_0.28",,,,,,,,,,,,,,,,,,,,,,,step-6000,6000
3,trial_0056,local_tabicl_regressor,/home/fcolanto/projects/tabicl/checkpoints/epit_pipeline_final_v1/final_epit_pipeline_optuna_empirical_features_scm_target_v7_trial_0056/step-6000.ckpt,electrochemical_metrics_alloys__pitting_potential__epit_mv_sce_avg,electrochemical_metrics_alloys,Pitting Potential,"Epit, mV (SCE) Avg.",,continuous,0,,median,False,,608,486,122,21,False,0,,,,,epit_pipeline_development_fold_3,0,0,0,0,True,,,normal_corrosion,157.2479821382009,212.86555757250068,0.6703075162012273,0.7739093225759325,0.8280196848879666,0.3031490936992392,0.4103709311905394,"environment,material,process_history","{""environment"": 3, ""material"": 17, ""process_history"": 1}","Composition, wt.% N:numeric_sparse_0.34;Composition, wt.% C:numeric_sparse_0.45;Composition, wt.% Si:numeric_sparse_0.44;Composition, wt.% Mn:numeric_sparse_0.41;Composition, wt.% Cu:numeric_sparse_0.19;Composition, wt.% P:numeric_sparse_0.23;Composition, wt.% S:numeric_sparse_0.25;Test Solution:high_cardinality;Heat treatment:categorical_sparse_0.54;Microstructures:categorical_sparse_0.28",,,,,,,,,,,,,,,,,,,,,,,step-6000,6000
3,pretrained_tabicl_v2,pretrained_tabicl_regressor,/home/fcolanto/.cache/huggingface/hub/models--jingang--TabICL/snapshots/4dcd344ece2c00be9e831fdd35bed57b5ad83e19/tabicl-regressor-v2-20260212.ckpt,electrochemical_metrics_alloys__pitting_potential__epit_mv_sce_avg,electrochemical_metrics_alloys,Pitting Potential,"Epit, mV (SCE) Avg.",,continuous,0,,median,False,,608,486,122,21,False,0,,,,,epit_pipeline_development_fold_3,0,0,0,0,True,,,normal_corrosion,147.73902746228697,205.5124688962792,0.6926914763250632,0.7846405285170341,0.833511454750715,0.2848173418202422,0.3961953459920749,"environment,material,process_history","{""environment"": 3, ""material"": 17, ""process_history"": 1}","Composition, wt.% N:numeric_sparse_0.34;Composition, wt.% C:numeric_sparse_0.45;Composition, wt.% Si:numeric_sparse_0.44;Composition, wt.% Mn:numeric_sparse_0.41;Composition, wt.% Cu:numeric_sparse_0.19;Composition, wt.% P:numeric_sparse_0.23;Composition, wt.% S:numeric_sparse_0.25;Test Solution:high_cardinality;Heat treatment:categorical_sparse_0.54;Microstructures:categorical_sparse_0.28",,,,,,,,,,,,,,,,,,,,,,,step-6000,6000
3,catboost,catboost_regressor,catboost==1.2.10;iterations=1000;depth=6;learning_rate=0.03;l2_leaf_reg=3;thread_count=8,electrochemical_metrics_alloys__pitting_potential__epit_mv_sce_avg,electrochemical_metrics_alloys,Pitting Potential,"Epit, mV (SCE) Avg.",,continuous,0,,median,False,,608,486,122,21,False,0,,,,,epit_pipeline_development_fold_3,0,0,0,0,True,,,normal_corrosion,150.36678957921768,197.1535948556598,0.7171816047883497,0.8101561604970628,0.8491104201638314,0.2898832491430124,0.3800807666168508,"environment,material,process_history","{""environment"": 3, ""material"": 17, ""process_history"": 1}","Composition, wt.% N:numeric_sparse_0.34;Composition, wt.% C:numeric_sparse_0.45;Composition, wt.% Si:numeric_sparse_0.44;Composition, wt.% Mn:numeric_sparse_0.41;Composition, wt.% Cu:numeric_sparse_0.19;Composition, wt.% P:numeric_sparse_0.23;Composition, wt.% S:numeric_sparse_0.25;Test Solution:high_cardinality;Heat treatment:categorical_sparse_0.54;Microstructures:categorical_sparse_0.28",,,,,,,,,,,,,,,,,,,,,,,step-6000,6000
3,generic_baseline,local_tabicl_regressor,/home/fcolanto/projects/tabicl/checkpoints/tabicl_s1_regression_baseline/step-6500.ckpt,electrochemical_metrics_alloys__pitting_potential__epit_mv_sce_avg,electrochemical_metrics_alloys,Pitting Potential,"Epit, mV (SCE) Avg.",,continuous,0,,median,False,,608,486,122,21,False,0,,,,,epit_pipeline_development_fold_3,0,0,0,0,True,,,normal_corrosion,173.0233671869684,231.251004858231,0.6108961659756723,0.7105598444487257,0.7837483654771129,0.3335615264393133,0.4458151487005986,"environment,material,process_history","{""environment"": 3, ""material"": 17, ""process_history"": 1}","Composition, wt.% N:numeric_sparse_0.34;Composition, wt.% C:numeric_sparse_0.45;Composition, wt.% Si:numeric_sparse_0.44;Composition, wt.% Mn:numeric_sparse_0.41;Composition, wt.% Cu:numeric_sparse_0.19;Composition, wt.% P:numeric_sparse_0.23;Composition, wt.% S:numeric_sparse_0.25;Test Solution:high_cardinality;Heat treatment:categorical_sparse_0.54;Microstructures:categorical_sparse_0.28",,,,,,,,,,,,,,,,,,,,,,,step-6500,6500
3,trial_0056,local_tabicl_regressor,/home/fcolanto/projects/tabicl/checkpoints/epit_pipeline_final_v1/final_epit_pipeline_optuna_empirical_features_scm_target_v7_trial_0056/step-6500.ckpt,electrochemical_metrics_alloys__pitting_potential__epit_mv_sce_avg,electrochemical_metrics_alloys,Pitting Potential,"Epit, mV (SCE) Avg.",,continuous,0,,median,False,,608,486,122,21,False,0,,,,,epit_pipeline_development_fold_3,0,0,0,0,True,,,normal_corrosion,169.29259527286646,226.927354064248,0.6253101300619879,0.7589576823919025,0.8137412553851942,0.3263691917003874,0.4374798377996548,"environment,material,process_history","{""environment"": 3, ""material"": 17, ""process_history"": 1}","Composition, wt.% N:numeric_sparse_0.34;Composition, wt.% C:numeric_sparse_0.45;Composition, wt.% Si:numeric_sparse_0.44;Composition, wt.% Mn:numeric_sparse_0.41;Composition, wt.% Cu:numeric_sparse_0.19;Composition, wt.% P:numeric_sparse_0.23;Composition, wt.% S:numeric_sparse_0.25;Test Solution:high_cardinality;Heat treatment:categorical_sparse_0.54;Microstructures:categorical_sparse_0.28",,,,,,,,,,,,,,,,,,,,,,,step-6500,6500
3,pretrained_tabicl_v2,pretrained_tabicl_regressor,/home/fcolanto/.cache/huggingface/hub/models--jingang--TabICL/snapshots/4dcd344ece2c00be9e831fdd35bed57b5ad83e19/tabicl-regressor-v2-20260212.ckpt,electrochemical_metrics_alloys__pitting_potential__epit_mv_sce_avg,electrochemical_metrics_alloys,Pitting Potential,"Epit, mV (SCE) Avg.",,continuous,0,,median,False,,608,486,122,21,False,0,,,,,epit_pipeline_development_fold_3,0,0,0,0,True,,,normal_corrosion,147.73902746228697,205.5124688962792,0.6926914763250632,0.7846405285170341,0.833511454750715,0.2848173418202422,0.3961953459920749,"environment,material,process_history","{""environment"": 3, ""material"": 17, ""process_history"": 1}","Composition, wt.% N:numeric_sparse_0.34;Composition, wt.% C:numeric_sparse_0.45;Composition, wt.% Si:numeric_sparse_0.44;Composition, wt.% Mn:numeric_sparse_0.41;Composition, wt.% Cu:numeric_sparse_0.19;Composition, wt.% P:numeric_sparse_0.23;Composition, wt.% S:numeric_sparse_0.25;Test Solution:high_cardinality;Heat treatment:categorical_sparse_0.54;Microstructures:categorical_sparse_0.28",,,,,,,,,,,,,,,,,,,,,,,step-6500,6500
3,catboost,catboost_regressor,catboost==1.2.10;iterations=1000;depth=6;learning_rate=0.03;l2_leaf_reg=3;thread_count=8,electrochemical_metrics_alloys__pitting_potential__epit_mv_sce_avg,electrochemical_metrics_alloys,Pitting Potential,"Epit, mV (SCE) Avg.",,continuous,0,,median,False,,608,486,122,21,False,0,,,,,epit_pipeline_development_fold_3,0,0,0,0,True,,,normal_corrosion,150.36678957921768,197.1535948556598,0.7171816047883497,0.8101561604970628,0.8491104201638314,0.2898832491430124,0.3800807666168508,"environment,material,process_history","{""environment"": 3, ""material"": 17, ""process_history"": 1}","Composition, wt.% N:numeric_sparse_0.34;Composition, wt.% C:numeric_sparse_0.45;Composition, wt.% Si:numeric_sparse_0.44;Composition, wt.% Mn:numeric_sparse_0.41;Composition, wt.% Cu:numeric_sparse_0.19;Composition, wt.% P:numeric_sparse_0.23;Composition, wt.% S:numeric_sparse_0.25;Test Solution:high_cardinality;Heat treatment:categorical_sparse_0.54;Microstructures:categorical_sparse_0.28",,,,,,,,,,,,,,,,,,,,,,,step-6500,6500
3,generic_baseline,local_tabicl_regressor,/home/fcolanto/projects/tabicl/checkpoints/tabicl_s1_regression_baseline/step-7000.ckpt,electrochemical_metrics_alloys__pitting_potential__epit_mv_sce_avg,electrochemical_metrics_alloys,Pitting Potential,"Epit, mV (SCE) Avg.",,continuous,0,,median,False,,608,486,122,21,False,0,,,,,epit_pipeline_development_fold_3,0,0,0,0,True,,,normal_corrosion,169.3817179470062,227.36573664222703,0.6238610657154188,0.7309514492089962,0.7922965997770817,0.3265410060380097,0.4383249696697165,"environment,material,process_history","{""environment"": 3, ""material"": 17, ""process_history"": 1}","Composition, wt.% N:numeric_sparse_0.34;Composition, wt.% C:numeric_sparse_0.45;Composition, wt.% Si:numeric_sparse_0.44;Composition, wt.% Mn:numeric_sparse_0.41;Composition, wt.% Cu:numeric_sparse_0.19;Composition, wt.% P:numeric_sparse_0.23;Composition, wt.% S:numeric_sparse_0.25;Test Solution:high_cardinality;Heat treatment:categorical_sparse_0.54;Microstructures:categorical_sparse_0.28",,,,,,,,,,,,,,,,,,,,,,,step-7000,7000
3,trial_0056,local_tabicl_regressor,/home/fcolanto/projects/tabicl/checkpoints/epit_pipeline_final_v1/final_epit_pipeline_optuna_empirical_features_scm_target_v7_trial_0056/step-7000.ckpt,electrochemical_metrics_alloys__pitting_potential__epit_mv_sce_avg,electrochemical_metrics_alloys,Pitting Potential,"Epit, mV (SCE) Avg.",,continuous,0,,median,False,,608,486,122,21,False,0,,,,,epit_pipeline_development_fold_3,0,0,0,0,True,,,normal_corrosion,161.88501657003366,218.4367616114187,0.6528239866986305,0.7656601417847434,0.8160973812860154,0.3120885583991857,0.4211113262801705,"environment,material,process_history","{""environment"": 3, ""material"": 17, ""process_history"": 1}","Composition, wt.% N:numeric_sparse_0.34;Composition, wt.% C:numeric_sparse_0.45;Composition, wt.% Si:numeric_sparse_0.44;Composition, wt.% Mn:numeric_sparse_0.41;Composition, wt.% Cu:numeric_sparse_0.19;Composition, wt.% P:numeric_sparse_0.23;Composition, wt.% S:numeric_sparse_0.25;Test Solution:high_cardinality;Heat treatment:categorical_sparse_0.54;Microstructures:categorical_sparse_0.28",,,,,,,,,,,,,,,,,,,,,,,step-7000,7000
3,pretrained_tabicl_v2,pretrained_tabicl_regressor,/home/fcolanto/.cache/huggingface/hub/models--jingang--TabICL/snapshots/4dcd344ece2c00be9e831fdd35bed57b5ad83e19/tabicl-regressor-v2-20260212.ckpt,electrochemical_metrics_alloys__pitting_potential__epit_mv_sce_avg,electrochemical_metrics_alloys,Pitting Potential,"Epit, mV (SCE) Avg.",,continuous,0,,median,False,,608,486,122,21,False,0,,,,,epit_pipeline_development_fold_3,0,0,0,0,True,,,normal_corrosion,147.73902746228697,205.5124688962792,0.6926914763250632,0.7846405285170341,0.833511454750715,0.2848173418202422,0.3961953459920749,"environment,material,process_history","{""environment"": 3, ""material"": 17, ""process_history"": 1}","Composition, wt.% N:numeric_sparse_0.34;Composition, wt.% C:numeric_sparse_0.45;Composition, wt.% Si:numeric_sparse_0.44;Composition, wt.% Mn:numeric_sparse_0.41;Composition, wt.% Cu:numeric_sparse_0.19;Composition, wt.% P:numeric_sparse_0.23;Composition, wt.% S:numeric_sparse_0.25;Test Solution:high_cardinality;Heat treatment:categorical_sparse_0.54;Microstructures:categorical_sparse_0.28",,,,,,,,,,,,,,,,,,,,,,,step-7000,7000
3,catboost,catboost_regressor,catboost==1.2.10;iterations=1000;depth=6;learning_rate=0.03;l2_leaf_reg=3;thread_count=8,electrochemical_metrics_alloys__pitting_potential__epit_mv_sce_avg,electrochemical_metrics_alloys,Pitting Potential,"Epit, mV (SCE) Avg.",,continuous,0,,median,False,,608,486,122,21,False,0,,,,,epit_pipeline_development_fold_3,0,0,0,0,True,,,normal_corrosion,150.36678957921768,197.1535948556598,0.7171816047883497,0.8101561604970628,0.8491104201638314,0.2898832491430124,0.3800807666168508,"environment,material,process_history","{""environment"": 3, ""material"": 17, ""process_history"": 1}","Composition, wt.% N:numeric_sparse_0.34;Composition, wt.% C:numeric_sparse_0.45;Composition, wt.% Si:numeric_sparse_0.44;Composition, wt.% Mn:numeric_sparse_0.41;Composition, wt.% Cu:numeric_sparse_0.19;Composition, wt.% P:numeric_sparse_0.23;Composition, wt.% S:numeric_sparse_0.25;Test Solution:high_cardinality;Heat treatment:categorical_sparse_0.54;Microstructures:categorical_sparse_0.28",,,,,,,,,,,,,,,,,,,,,,,step-7000,7000
3,generic_baseline,local_tabicl_regressor,/home/fcolanto/projects/tabicl/checkpoints/tabicl_s1_regression_baseline/step-7500.ckpt,electrochemical_metrics_alloys__pitting_potential__epit_mv_sce_avg,electrochemical_metrics_alloys,Pitting Potential,"Epit, mV (SCE) Avg.",,continuous,0,,median,False,,608,486,122,21,False,0,,,,,epit_pipeline_development_fold_3,0,0,0,0,True,,,normal_corrosion,179.76719530696553,238.55956942122103,0.5859126746851213,0.715239668166804,0.7734535788406849,0.3465625542098561,0.4599048984918906,"environment,material,process_history","{""environment"": 3, ""material"": 17, ""process_history"": 1}","Composition, wt.% N:numeric_sparse_0.34;Composition, wt.% C:numeric_sparse_0.45;Composition, wt.% Si:numeric_sparse_0.44;Composition, wt.% Mn:numeric_sparse_0.41;Composition, wt.% Cu:numeric_sparse_0.19;Composition, wt.% P:numeric_sparse_0.23;Composition, wt.% S:numeric_sparse_0.25;Test Solution:high_cardinality;Heat treatment:categorical_sparse_0.54;Microstructures:categorical_sparse_0.28",,,,,,,,,,,,,,,,,,,,,,,step-7500,7500
3,trial_0056,local_tabicl_regressor,/home/fcolanto/projects/tabicl/checkpoints/epit_pipeline_final_v1/final_epit_pipeline_optuna_empirical_features_scm_target_v7_trial_0056/step-7500.ckpt,electrochemical_metrics_alloys__pitting_potential__epit_mv_sce_avg,electrochemical_metrics_alloys,Pitting Potential,"Epit, mV (SCE) Avg.",,continuous,0,,median,False,,608,486,122,21,False,0,,,,,epit_pipeline_development_fold_3,0,0,0,0,True,,,normal_corrosion,166.7522510345852,221.59408008603788,0.6427151830489076,0.7598368018191687,0.8205936013594448,0.3214718121407424,0.427198134015862,"environment,material,process_history","{""environment"": 3, ""material"": 17, ""process_history"": 1}","Composition, wt.% N:numeric_sparse_0.34;Composition, wt.% C:numeric_sparse_0.45;Composition, wt.% Si:numeric_sparse_0.44;Composition, wt.% Mn:numeric_sparse_0.41;Composition, wt.% Cu:numeric_sparse_0.19;Composition, wt.% P:numeric_sparse_0.23;Composition, wt.% S:numeric_sparse_0.25;Test Solution:high_cardinality;Heat treatment:categorical_sparse_0.54;Microstructures:categorical_sparse_0.28",,,,,,,,,,,,,,,,,,,,,,,step-7500,7500
3,pretrained_tabicl_v2,pretrained_tabicl_regressor,/home/fcolanto/.cache/huggingface/hub/models--jingang--TabICL/snapshots/4dcd344ece2c00be9e831fdd35bed57b5ad83e19/tabicl-regressor-v2-20260212.ckpt,electrochemical_metrics_alloys__pitting_potential__epit_mv_sce_avg,electrochemical_metrics_alloys,Pitting Potential,"Epit, mV (SCE) Avg.",,continuous,0,,median,False,,608,486,122,21,False,0,,,,,epit_pipeline_development_fold_3,0,0,0,0,True,,,normal_corrosion,147.73902746228697,205.5124688962792,0.6926914763250632,0.7846405285170341,0.833511454750715,0.2848173418202422,0.3961953459920749,"environment,material,process_history","{""environment"": 3, ""material"": 17, ""process_history"": 1}","Composition, wt.% N:numeric_sparse_0.34;Composition, wt.% C:numeric_sparse_0.45;Composition, wt.% Si:numeric_sparse_0.44;Composition, wt.% Mn:numeric_sparse_0.41;Composition, wt.% Cu:numeric_sparse_0.19;Composition, wt.% P:numeric_sparse_0.23;Composition, wt.% S:numeric_sparse_0.25;Test Solution:high_cardinality;Heat treatment:categorical_sparse_0.54;Microstructures:categorical_sparse_0.28",,,,,,,,,,,,,,,,,,,,,,,step-7500,7500
3,catboost,catboost_regressor,catboost==1.2.10;iterations=1000;depth=6;learning_rate=0.03;l2_leaf_reg=3;thread_count=8,electrochemical_metrics_alloys__pitting_potential__epit_mv_sce_avg,electrochemical_metrics_alloys,Pitting Potential,"Epit, mV (SCE) Avg.",,continuous,0,,median,False,,608,486,122,21,False,0,,,,,epit_pipeline_development_fold_3,0,0,0,0,True,,,normal_corrosion,150.36678957921768,197.1535948556598,0.7171816047883497,0.8101561604970628,0.8491104201638314,0.2898832491430124,0.3800807666168508,"environment,material,process_history","{""environment"": 3, ""material"": 17, ""process_history"": 1}","Composition, wt.% N:numeric_sparse_0.34;Composition, wt.% C:numeric_sparse_0.45;Composition, wt.% Si:numeric_sparse_0.44;Composition, wt.% Mn:numeric_sparse_0.41;Composition, wt.% Cu:numeric_sparse_0.19;Composition, wt.% P:numeric_sparse_0.23;Composition, wt.% S:numeric_sparse_0.25;Test Solution:high_cardinality;Heat treatment:categorical_sparse_0.54;Microstructures:categorical_sparse_0.28",,,,,,,,,,,,,,,,,,,,,,,step-7500,7500
3,generic_baseline,local_tabicl_regressor,/home/fcolanto/projects/tabicl/checkpoints/tabicl_s1_regression_baseline/step-8000.ckpt,electrochemical_metrics_alloys__pitting_potential__epit_mv_sce_avg,electrochemical_metrics_alloys,Pitting Potential,"Epit, mV (SCE) Avg.",,continuous,0,,median,False,,608,486,122,21,False,0,,,,,epit_pipeline_development_fold_3,0,0,0,0,True,,,normal_corrosion,177.32488403567328,234.86149323896677,0.5986512741523058,0.7219487374801506,0.7744093416901667,0.341854166614949,0.4527755959225523,"environment,material,process_history","{""environment"": 3, ""material"": 17, ""process_history"": 1}","Composition, wt.% N:numeric_sparse_0.34;Composition, wt.% C:numeric_sparse_0.45;Composition, wt.% Si:numeric_sparse_0.44;Composition, wt.% Mn:numeric_sparse_0.41;Composition, wt.% Cu:numeric_sparse_0.19;Composition, wt.% P:numeric_sparse_0.23;Composition, wt.% S:numeric_sparse_0.25;Test Solution:high_cardinality;Heat treatment:categorical_sparse_0.54;Microstructures:categorical_sparse_0.28",,,,,,,,,,,,,,,,,,,,,,,step-8000,8000
3,trial_0056,local_tabicl_regressor,/home/fcolanto/projects/tabicl/checkpoints/epit_pipeline_final_v1/final_epit_pipeline_optuna_empirical_features_scm_target_v7_trial_0056/step-8000.ckpt,electrochemical_metrics_alloys__pitting_potential__epit_mv_sce_avg,electrochemical_metrics_alloys,Pitting Potential,"Epit, mV (SCE) Avg.",,continuous,0,,median,False,,608,486,122,21,False,0,,,,,epit_pipeline_development_fold_3,0,0,0,0,True,,,normal_corrosion,170.86254031120856,224.8432846745233,0.6321607272174512,0.7551206235383087,0.8134638664282804,0.3293957959789259,0.4334620835613453,"environment,material,process_history","{""environment"": 3, ""material"": 17, ""process_history"": 1}","Composition, wt.% N:numeric_sparse_0.34;Composition, wt.% C:numeric_sparse_0.45;Composition, wt.% Si:numeric_sparse_0.44;Composition, wt.% Mn:numeric_sparse_0.41;Composition, wt.% Cu:numeric_sparse_0.19;Composition, wt.% P:numeric_sparse_0.23;Composition, wt.% S:numeric_sparse_0.25;Test Solution:high_cardinality;Heat treatment:categorical_sparse_0.54;Microstructures:categorical_sparse_0.28",,,,,,,,,,,,,,,,,,,,,,,step-8000,8000
3,pretrained_tabicl_v2,pretrained_tabicl_regressor,/home/fcolanto/.cache/huggingface/hub/models--jingang--TabICL/snapshots/4dcd344ece2c00be9e831fdd35bed57b5ad83e19/tabicl-regressor-v2-20260212.ckpt,electrochemical_metrics_alloys__pitting_potential__epit_mv_sce_avg,electrochemical_metrics_alloys,Pitting Potential,"Epit, mV (SCE) Avg.",,continuous,0,,median,False,,608,486,122,21,False,0,,,,,epit_pipeline_development_fold_3,0,0,0,0,True,,,normal_corrosion,147.73902746228697,205.5124688962792,0.6926914763250632,0.7846405285170341,0.833511454750715,0.2848173418202422,0.3961953459920749,"environment,material,process_history","{""environment"": 3, ""material"": 17, ""process_history"": 1}","Composition, wt.% N:numeric_sparse_0.34;Composition, wt.% C:numeric_sparse_0.45;Composition, wt.% Si:numeric_sparse_0.44;Composition, wt.% Mn:numeric_sparse_0.41;Composition, wt.% Cu:numeric_sparse_0.19;Composition, wt.% P:numeric_sparse_0.23;Composition, wt.% S:numeric_sparse_0.25;Test Solution:high_cardinality;Heat treatment:categorical_sparse_0.54;Microstructures:categorical_sparse_0.28",,,,,,,,,,,,,,,,,,,,,,,step-8000,8000
3,catboost,catboost_regressor,catboost==1.2.10;iterations=1000;depth=6;learning_rate=0.03;l2_leaf_reg=3;thread_count=8,electrochemical_metrics_alloys__pitting_potential__epit_mv_sce_avg,electrochemical_metrics_alloys,Pitting Potential,"Epit, mV (SCE) Avg.",,continuous,0,,median,False,,608,486,122,21,False,0,,,,,epit_pipeline_development_fold_3,0,0,0,0,True,,,normal_corrosion,150.36678957921768,197.1535948556598,0.7171816047883497,0.8101561604970628,0.8491104201638314,0.2898832491430124,0.3800807666168508,"environment,material,process_history","{""environment"": 3, ""material"": 17, ""process_history"": 1}","Composition, wt.% N:numeric_sparse_0.34;Composition, wt.% C:numeric_sparse_0.45;Composition, wt.% Si:numeric_sparse_0.44;Composition, wt.% Mn:numeric_sparse_0.41;Composition, wt.% Cu:numeric_sparse_0.19;Composition, wt.% P:numeric_sparse_0.23;Composition, wt.% S:numeric_sparse_0.25;Test Solution:high_cardinality;Heat treatment:categorical_sparse_0.54;Microstructures:categorical_sparse_0.28",,,,,,,,,,,,,,,,,,,,,,,step-8000,8000
3,generic_baseline,local_tabicl_regressor,/home/fcolanto/projects/tabicl/checkpoints/tabicl_s1_regression_baseline/step-8500.ckpt,electrochemical_metrics_alloys__pitting_potential__epit_mv_sce_avg,electrochemical_metrics_alloys,Pitting Potential,"Epit, mV (SCE) Avg.",,continuous,0,,median,False,,608,486,122,21,False,0,,,,,epit_pipeline_development_fold_3,0,0,0,0,True,,,normal_corrosion,178.15080106388152,235.1666430777464,0.5976076713086037,0.7090759172951826,0.7757137520693144,0.343446403253967,0.4533638762668255,"environment,material,process_history","{""environment"": 3, ""material"": 17, ""process_history"": 1}","Composition, wt.% N:numeric_sparse_0.34;Composition, wt.% C:numeric_sparse_0.45;Composition, wt.% Si:numeric_sparse_0.44;Composition, wt.% Mn:numeric_sparse_0.41;Composition, wt.% Cu:numeric_sparse_0.19;Composition, wt.% P:numeric_sparse_0.23;Composition, wt.% S:numeric_sparse_0.25;Test Solution:high_cardinality;Heat treatment:categorical_sparse_0.54;Microstructures:categorical_sparse_0.28",,,,,,,,,,,,,,,,,,,,,,,step-8500,8500
3,trial_0056,local_tabicl_regressor,/home/fcolanto/projects/tabicl/checkpoints/epit_pipeline_final_v1/final_epit_pipeline_optuna_empirical_features_scm_target_v7_trial_0056/step-8500.ckpt,electrochemical_metrics_alloys__pitting_potential__epit_mv_sce_avg,electrochemical_metrics_alloys,Pitting Potential,"Epit, mV (SCE) Avg.",,continuous,0,,median,False,,608,486,122,21,False,0,,,,,epit_pipeline_development_fold_3,0,0,0,0,True,,,normal_corrosion,175.39030198943522,228.7904673037623,0.6191323347112779,0.7319264124835958,0.8061684761173186,0.3381246001936231,0.4410716237312634,"environment,material,process_history","{""environment"": 3, ""material"": 17, ""process_history"": 1}","Composition, wt.% N:numeric_sparse_0.34;Composition, wt.% C:numeric_sparse_0.45;Composition, wt.% Si:numeric_sparse_0.44;Composition, wt.% Mn:numeric_sparse_0.41;Composition, wt.% Cu:numeric_sparse_0.19;Composition, wt.% P:numeric_sparse_0.23;Composition, wt.% S:numeric_sparse_0.25;Test Solution:high_cardinality;Heat treatment:categorical_sparse_0.54;Microstructures:categorical_sparse_0.28",,,,,,,,,,,,,,,,,,,,,,,step-8500,8500
3,pretrained_tabicl_v2,pretrained_tabicl_regressor,/home/fcolanto/.cache/huggingface/hub/models--jingang--TabICL/snapshots/4dcd344ece2c00be9e831fdd35bed57b5ad83e19/tabicl-regressor-v2-20260212.ckpt,electrochemical_metrics_alloys__pitting_potential__epit_mv_sce_avg,electrochemical_metrics_alloys,Pitting Potential,"Epit, mV (SCE) Avg.",,continuous,0,,median,False,,608,486,122,21,False,0,,,,,epit_pipeline_development_fold_3,0,0,0,0,True,,,normal_corrosion,147.73902746228697,205.5124688962792,0.6926914763250632,0.7846405285170341,0.833511454750715,0.2848173418202422,0.3961953459920749,"environment,material,process_history","{""environment"": 3, ""material"": 17, ""process_history"": 1}","Composition, wt.% N:numeric_sparse_0.34;Composition, wt.% C:numeric_sparse_0.45;Composition, wt.% Si:numeric_sparse_0.44;Composition, wt.% Mn:numeric_sparse_0.41;Composition, wt.% Cu:numeric_sparse_0.19;Composition, wt.% P:numeric_sparse_0.23;Composition, wt.% S:numeric_sparse_0.25;Test Solution:high_cardinality;Heat treatment:categorical_sparse_0.54;Microstructures:categorical_sparse_0.28",,,,,,,,,,,,,,,,,,,,,,,step-8500,8500
3,catboost,catboost_regressor,catboost==1.2.10;iterations=1000;depth=6;learning_rate=0.03;l2_leaf_reg=3;thread_count=8,electrochemical_metrics_alloys__pitting_potential__epit_mv_sce_avg,electrochemical_metrics_alloys,Pitting Potential,"Epit, mV (SCE) Avg.",,continuous,0,,median,False,,608,486,122,21,False,0,,,,,epit_pipeline_development_fold_3,0,0,0,0,True,,,normal_corrosion,150.36678957921768,197.1535948556598,0.7171816047883497,0.8101561604970628,0.8491104201638314,0.2898832491430124,0.3800807666168508,"environment,material,process_history","{""environment"": 3, ""material"": 17, ""process_history"": 1}","Composition, wt.% N:numeric_sparse_0.34;Composition, wt.% C:numeric_sparse_0.45;Composition, wt.% Si:numeric_sparse_0.44;Composition, wt.% Mn:numeric_sparse_0.41;Composition, wt.% Cu:numeric_sparse_0.19;Composition, wt.% P:numeric_sparse_0.23;Composition, wt.% S:numeric_sparse_0.25;Test Solution:high_cardinality;Heat treatment:categorical_sparse_0.54;Microstructures:categorical_sparse_0.28",,,,,,,,,,,,,,,,,,,,,,,step-8500,8500
3,generic_baseline,local_tabicl_regressor,/home/fcolanto/projects/tabicl/checkpoints/tabicl_s1_regression_baseline/step-9000.ckpt,electrochemical_metrics_alloys__pitting_potential__epit_mv_sce_avg,electrochemical_metrics_alloys,Pitting Potential,"Epit, mV (SCE) Avg.",,continuous,0,,median,False,,608,486,122,21,False,0,,,,,epit_pipeline_development_fold_3,0,0,0,0,True,,,normal_corrosion,175.58529379419417,234.8029168262323,0.5988514486172674,0.7169946020610833,0.7809733385700073,0.3385005133728428,0.4526626699174542,"environment,material,process_history","{""environment"": 3, ""material"": 17, ""process_history"": 1}","Composition, wt.% N:numeric_sparse_0.34;Composition, wt.% C:numeric_sparse_0.45;Composition, wt.% Si:numeric_sparse_0.44;Composition, wt.% Mn:numeric_sparse_0.41;Composition, wt.% Cu:numeric_sparse_0.19;Composition, wt.% P:numeric_sparse_0.23;Composition, wt.% S:numeric_sparse_0.25;Test Solution:high_cardinality;Heat treatment:categorical_sparse_0.54;Microstructures:categorical_sparse_0.28",,,,,,,,,,,,,,,,,,,,,,,step-9000,9000
3,trial_0056,local_tabicl_regressor,/home/fcolanto/projects/tabicl/checkpoints/epit_pipeline_final_v1/final_epit_pipeline_optuna_empirical_features_scm_target_v7_trial_0056/step-9000.ckpt,electrochemical_metrics_alloys__pitting_potential__epit_mv_sce_avg,electrochemical_metrics_alloys,Pitting Potential,"Epit, mV (SCE) Avg.",,continuous,0,,median,False,,608,486,122,21,False,0,,,,,epit_pipeline_development_fold_3,0,0,0,0,True,,,normal_corrosion,173.72494105403644,226.10616918634915,0.62801701338281,0.7515644863062096,0.8145971689874887,0.3349140492448385,0.4358967239936172,"environment,material,process_history","{""environment"": 3, ""material"": 17, ""process_history"": 1}","Composition, wt.% N:numeric_sparse_0.34;Composition, wt.% C:numeric_sparse_0.45;Composition, wt.% Si:numeric_sparse_0.44;Composition, wt.% Mn:numeric_sparse_0.41;Composition, wt.% Cu:numeric_sparse_0.19;Composition, wt.% P:numeric_sparse_0.23;Composition, wt.% S:numeric_sparse_0.25;Test Solution:high_cardinality;Heat treatment:categorical_sparse_0.54;Microstructures:categorical_sparse_0.28",,,,,,,,,,,,,,,,,,,,,,,step-9000,9000
3,pretrained_tabicl_v2,pretrained_tabicl_regressor,/home/fcolanto/.cache/huggingface/hub/models--jingang--TabICL/snapshots/4dcd344ece2c00be9e831fdd35bed57b5ad83e19/tabicl-regressor-v2-20260212.ckpt,electrochemical_metrics_alloys__pitting_potential__epit_mv_sce_avg,electrochemical_metrics_alloys,Pitting Potential,"Epit, mV (SCE) Avg.",,continuous,0,,median,False,,608,486,122,21,False,0,,,,,epit_pipeline_development_fold_3,0,0,0,0,True,,,normal_corrosion,147.73902746228697,205.5124688962792,0.6926914763250632,0.7846405285170341,0.833511454750715,0.2848173418202422,0.3961953459920749,"environment,material,process_history","{""environment"": 3, ""material"": 17, ""process_history"": 1}","Composition, wt.% N:numeric_sparse_0.34;Composition, wt.% C:numeric_sparse_0.45;Composition, wt.% Si:numeric_sparse_0.44;Composition, wt.% Mn:numeric_sparse_0.41;Composition, wt.% Cu:numeric_sparse_0.19;Composition, wt.% P:numeric_sparse_0.23;Composition, wt.% S:numeric_sparse_0.25;Test Solution:high_cardinality;Heat treatment:categorical_sparse_0.54;Microstructures:categorical_sparse_0.28",,,,,,,,,,,,,,,,,,,,,,,step-9000,9000
3,catboost,catboost_regressor,catboost==1.2.10;iterations=1000;depth=6;learning_rate=0.03;l2_leaf_reg=3;thread_count=8,electrochemical_metrics_alloys__pitting_potential__epit_mv_sce_avg,electrochemical_metrics_alloys,Pitting Potential,"Epit, mV (SCE) Avg.",,continuous,0,,median,False,,608,486,122,21,False,0,,,,,epit_pipeline_development_fold_3,0,0,0,0,True,,,normal_corrosion,150.36678957921768,197.1535948556598,0.7171816047883497,0.8101561604970628,0.8491104201638314,0.2898832491430124,0.3800807666168508,"environment,material,process_history","{""environment"": 3, ""material"": 17, ""process_history"": 1}","Composition, wt.% N:numeric_sparse_0.34;Composition, wt.% C:numeric_sparse_0.45;Composition, wt.% Si:numeric_sparse_0.44;Composition, wt.% Mn:numeric_sparse_0.41;Composition, wt.% Cu:numeric_sparse_0.19;Composition, wt.% P:numeric_sparse_0.23;Composition, wt.% S:numeric_sparse_0.25;Test Solution:high_cardinality;Heat treatment:categorical_sparse_0.54;Microstructures:categorical_sparse_0.28",,,,,,,,,,,,,,,,,,,,,,,step-9000,9000
3,generic_baseline,local_tabicl_regressor,/home/fcolanto/projects/tabicl/checkpoints/tabicl_s1_regression_baseline/step-9500.ckpt,electrochemical_metrics_alloys__pitting_potential__epit_mv_sce_avg,electrochemical_metrics_alloys,Pitting Potential,"Epit, mV (SCE) Avg.",,continuous,0,,median,False,,608,486,122,21,False,0,,,,,epit_pipeline_development_fold_3,0,0,0,0,True,,,normal_corrosion,178.91773533802342,237.1126441575048,0.5909205341804253,0.7253693713418817,0.7811823655261497,0.3449249305264421,0.4571154567681767,"environment,material,process_history","{""environment"": 3, ""material"": 17, ""process_history"": 1}","Composition, wt.% N:numeric_sparse_0.34;Composition, wt.% C:numeric_sparse_0.45;Composition, wt.% Si:numeric_sparse_0.44;Composition, wt.% Mn:numeric_sparse_0.41;Composition, wt.% Cu:numeric_sparse_0.19;Composition, wt.% P:numeric_sparse_0.23;Composition, wt.% S:numeric_sparse_0.25;Test Solution:high_cardinality;Heat treatment:categorical_sparse_0.54;Microstructures:categorical_sparse_0.28",,,,,,,,,,,,,,,,,,,,,,,step-9500,9500
3,trial_0056,local_tabicl_regressor,/home/fcolanto/projects/tabicl/checkpoints/epit_pipeline_final_v1/final_epit_pipeline_optuna_empirical_features_scm_target_v7_trial_0056/step-9500.ckpt,electrochemical_metrics_alloys__pitting_potential__epit_mv_sce_avg,electrochemical_metrics_alloys,Pitting Potential,"Epit, mV (SCE) Avg.",,continuous,0,,median,False,,608,486,122,21,False,0,,,,,epit_pipeline_development_fold_3,0,0,0,0,True,,,normal_corrosion,172.52559435533797,223.95162501403468,0.6350724182883869,0.7532797606774545,0.8163538693629206,0.3326018996083359,0.4317431055859859,"environment,material,process_history","{""environment"": 3, ""material"": 17, ""process_history"": 1}","Composition, wt.% N:numeric_sparse_0.34;Composition, wt.% C:numeric_sparse_0.45;Composition, wt.% Si:numeric_sparse_0.44;Composition, wt.% Mn:numeric_sparse_0.41;Composition, wt.% Cu:numeric_sparse_0.19;Composition, wt.% P:numeric_sparse_0.23;Composition, wt.% S:numeric_sparse_0.25;Test Solution:high_cardinality;Heat treatment:categorical_sparse_0.54;Microstructures:categorical_sparse_0.28",,,,,,,,,,,,,,,,,,,,,,,step-9500,9500
3,pretrained_tabicl_v2,pretrained_tabicl_regressor,/home/fcolanto/.cache/huggingface/hub/models--jingang--TabICL/snapshots/4dcd344ece2c00be9e831fdd35bed57b5ad83e19/tabicl-regressor-v2-20260212.ckpt,electrochemical_metrics_alloys__pitting_potential__epit_mv_sce_avg,electrochemical_metrics_alloys,Pitting Potential,"Epit, mV (SCE) Avg.",,continuous,0,,median,False,,608,486,122,21,False,0,,,,,epit_pipeline_development_fold_3,0,0,0,0,True,,,normal_corrosion,147.73902746228697,205.5124688962792,0.6926914763250632,0.7846405285170341,0.833511454750715,0.2848173418202422,0.3961953459920749,"environment,material,process_history","{""environment"": 3, ""material"": 17, ""process_history"": 1}","Composition, wt.% N:numeric_sparse_0.34;Composition, wt.% C:numeric_sparse_0.45;Composition, wt.% Si:numeric_sparse_0.44;Composition, wt.% Mn:numeric_sparse_0.41;Composition, wt.% Cu:numeric_sparse_0.19;Composition, wt.% P:numeric_sparse_0.23;Composition, wt.% S:numeric_sparse_0.25;Test Solution:high_cardinality;Heat treatment:categorical_sparse_0.54;Microstructures:categorical_sparse_0.28",,,,,,,,,,,,,,,,,,,,,,,step-9500,9500
3,catboost,catboost_regressor,catboost==1.2.10;iterations=1000;depth=6;learning_rate=0.03;l2_leaf_reg=3;thread_count=8,electrochemical_metrics_alloys__pitting_potential__epit_mv_sce_avg,electrochemical_metrics_alloys,Pitting Potential,"Epit, mV (SCE) Avg.",,continuous,0,,median,False,,608,486,122,21,False,0,,,,,epit_pipeline_development_fold_3,0,0,0,0,True,,,normal_corrosion,150.36678957921768,197.1535948556598,0.7171816047883497,0.8101561604970628,0.8491104201638314,0.2898832491430124,0.3800807666168508,"environment,material,process_history","{""environment"": 3, ""material"": 17, ""process_history"": 1}","Composition, wt.% N:numeric_sparse_0.34;Composition, wt.% C:numeric_sparse_0.45;Composition, wt.% Si:numeric_sparse_0.44;Composition, wt.% Mn:numeric_sparse_0.41;Composition, wt.% Cu:numeric_sparse_0.19;Composition, wt.% P:numeric_sparse_0.23;Composition, wt.% S:numeric_sparse_0.25;Test Solution:high_cardinality;Heat treatment:categorical_sparse_0.54;Microstructures:categorical_sparse_0.28",,,,,,,,,,,,,,,,,,,,,,,step-9500,9500
3,generic_baseline,local_tabicl_regressor,/home/fcolanto/projects/tabicl/checkpoints/tabicl_s1_regression_baseline/step-10000.ckpt,electrochemical_metrics_alloys__pitting_potential__epit_mv_sce_avg,electrochemical_metrics_alloys,Pitting Potential,"Epit, mV (SCE) Avg.",,continuous,0,,median,False,,608,486,122,21,False,0,,,,,epit_pipeline_development_fold_3,0,0,0,0,True,,,normal_corrosion,178.88043016274244,237.4202879411468,0.5898583183869182,0.7243580535045003,0.7808403644932412,0.3448530120832103,0.4577085450413941,"environment,material,process_history","{""environment"": 3, ""material"": 17, ""process_history"": 1}","Composition, wt.% N:numeric_sparse_0.34;Composition, wt.% C:numeric_sparse_0.45;Composition, wt.% Si:numeric_sparse_0.44;Composition, wt.% Mn:numeric_sparse_0.41;Composition, wt.% Cu:numeric_sparse_0.19;Composition, wt.% P:numeric_sparse_0.23;Composition, wt.% S:numeric_sparse_0.25;Test Solution:high_cardinality;Heat treatment:categorical_sparse_0.54;Microstructures:categorical_sparse_0.28",,,,,,,,,,,,,,,,,,,,,,,step-10000,10000
3,trial_0056,local_tabicl_regressor,/home/fcolanto/projects/tabicl/checkpoints/epit_pipeline_final_v1/final_epit_pipeline_optuna_empirical_features_scm_target_v7_trial_0056/step-10000.ckpt,electrochemical_metrics_alloys__pitting_potential__epit_mv_sce_avg,electrochemical_metrics_alloys,Pitting Potential,"Epit, mV (SCE) Avg.",,continuous,0,,median,False,,608,486,122,21,False,0,,,,,epit_pipeline_development_fold_3,0,0,0,0,True,,,normal_corrosion,172.07290179192145,223.319341174267,0.6371301134797238,0.7543208231571117,0.8180252523189171,0.331729180362861,0.4305241629300618,"environment,material,process_history","{""environment"": 3, ""material"": 17, ""process_history"": 1}","Composition, wt.% N:numeric_sparse_0.34;Composition, wt.% C:numeric_sparse_0.45;Composition, wt.% Si:numeric_sparse_0.44;Composition, wt.% Mn:numeric_sparse_0.41;Composition, wt.% Cu:numeric_sparse_0.19;Composition, wt.% P:numeric_sparse_0.23;Composition, wt.% S:numeric_sparse_0.25;Test Solution:high_cardinality;Heat treatment:categorical_sparse_0.54;Microstructures:categorical_sparse_0.28",,,,,,,,,,,,,,,,,,,,,,,step-10000,10000
3,pretrained_tabicl_v2,pretrained_tabicl_regressor,/home/fcolanto/.cache/huggingface/hub/models--jingang--TabICL/snapshots/4dcd344ece2c00be9e831fdd35bed57b5ad83e19/tabicl-regressor-v2-20260212.ckpt,electrochemical_metrics_alloys__pitting_potential__epit_mv_sce_avg,electrochemical_metrics_alloys,Pitting Potential,"Epit, mV (SCE) Avg.",,continuous,0,,median,False,,608,486,122,21,False,0,,,,,epit_pipeline_development_fold_3,0,0,0,0,True,,,normal_corrosion,147.73902746228697,205.5124688962792,0.6926914763250632,0.7846405285170341,0.833511454750715,0.2848173418202422,0.3961953459920749,"environment,material,process_history","{""environment"": 3, ""material"": 17, ""process_history"": 1}","Composition, wt.% N:numeric_sparse_0.34;Composition, wt.% C:numeric_sparse_0.45;Composition, wt.% Si:numeric_sparse_0.44;Composition, wt.% Mn:numeric_sparse_0.41;Composition, wt.% Cu:numeric_sparse_0.19;Composition, wt.% P:numeric_sparse_0.23;Composition, wt.% S:numeric_sparse_0.25;Test Solution:high_cardinality;Heat treatment:categorical_sparse_0.54;Microstructures:categorical_sparse_0.28",,,,,,,,,,,,,,,,,,,,,,,step-10000,10000
3,catboost,catboost_regressor,catboost==1.2.10;iterations=1000;depth=6;learning_rate=0.03;l2_leaf_reg=3;thread_count=8,electrochemical_metrics_alloys__pitting_potential__epit_mv_sce_avg,electrochemical_metrics_alloys,Pitting Potential,"Epit, mV (SCE) Avg.",,continuous,0,,median,False,,608,486,122,21,False,0,,,,,epit_pipeline_development_fold_3,0,0,0,0,True,,,normal_corrosion,150.36678957921768,197.1535948556598,0.7171816047883497,0.8101561604970628,0.8491104201638314,0.2898832491430124,0.3800807666168508,"environment,material,process_history","{""environment"": 3, ""material"": 17, ""process_history"": 1}","Composition, wt.% N:numeric_sparse_0.34;Composition, wt.% C:numeric_sparse_0.45;Composition, wt.% Si:numeric_sparse_0.44;Composition, wt.% Mn:numeric_sparse_0.41;Composition, wt.% Cu:numeric_sparse_0.19;Composition, wt.% P:numeric_sparse_0.23;Composition, wt.% S:numeric_sparse_0.25;Test Solution:high_cardinality;Heat treatment:categorical_sparse_0.54;Microstructures:categorical_sparse_0.28",,,,,,,,,,,,,,,,,,,,,,,step-10000,10000
4,generic_baseline,local_tabicl_regressor,/home/fcolanto/projects/tabicl/checkpoints/tabicl_s1_regression_baseline/step-500.ckpt,electrochemical_metrics_alloys__pitting_potential__epit_mv_sce_avg,electrochemical_metrics_alloys,Pitting Potential,"Epit, mV (SCE) Avg.",,continuous,0,,median,False,,608,487,121,21,False,0,,,,,epit_pipeline_development_fold_4,0,0,0,0,True,,,normal_corrosion,250.61015038670476,326.825484933153,0.2217094417146339,0.4997315602545449,0.5240934145181532,0.4886140580750726,0.6372109279258199,"environment,material,process_history","{""environment"": 3, ""material"": 17, ""process_history"": 1}","Composition, wt.% N:numeric_sparse_0.34;Composition, wt.% C:numeric_sparse_0.45;Composition, wt.% Si:numeric_sparse_0.44;Composition, wt.% Mn:numeric_sparse_0.41;Composition, wt.% Cu:numeric_sparse_0.19;Composition, wt.% P:numeric_sparse_0.23;Composition, wt.% S:numeric_sparse_0.25;Test Solution:high_cardinality;Heat treatment:categorical_sparse_0.54;Microstructures:categorical_sparse_0.28",,,,,,,,,,,,,,,,,,,,,,,step-500,500
4,trial_0056,local_tabicl_regressor,/home/fcolanto/projects/tabicl/checkpoints/epit_pipeline_final_v1/final_epit_pipeline_optuna_empirical_features_scm_target_v7_trial_0056/step-500.ckpt,electrochemical_metrics_alloys__pitting_potential__epit_mv_sce_avg,electrochemical_metrics_alloys,Pitting Potential,"Epit, mV (SCE) Avg.",,continuous,0,,median,False,,608,487,121,21,False,0,,,,,epit_pipeline_development_fold_4,0,0,0,0,True,,,normal_corrosion,221.4717135928966,312.23123288398324,0.2896659694619976,0.5519731594479853,0.622991061855314,0.4318029120547799,0.6087565468590042,"environment,material,process_history","{""environment"": 3, ""material"": 17, ""process_history"": 1}","Composition, wt.% N:numeric_sparse_0.34;Composition, wt.% C:numeric_sparse_0.45;Composition, wt.% Si:numeric_sparse_0.44;Composition, wt.% Mn:numeric_sparse_0.41;Composition, wt.% Cu:numeric_sparse_0.19;Composition, wt.% P:numeric_sparse_0.23;Composition, wt.% S:numeric_sparse_0.25;Test Solution:high_cardinality;Heat treatment:categorical_sparse_0.54;Microstructures:categorical_sparse_0.28",,,,,,,,,,,,,,,,,,,,,,,step-500,500
4,pretrained_tabicl_v2,pretrained_tabicl_regressor,/home/fcolanto/.cache/huggingface/hub/models--jingang--TabICL/snapshots/4dcd344ece2c00be9e831fdd35bed57b5ad83e19/tabicl-regressor-v2-20260212.ckpt,electrochemical_metrics_alloys__pitting_potential__epit_mv_sce_avg,electrochemical_metrics_alloys,Pitting Potential,"Epit, mV (SCE) Avg.",,continuous,0,,median,False,,608,487,121,21,False,0,,,,,epit_pipeline_development_fold_4,0,0,0,0,True,,,normal_corrosion,179.26880134642678,246.08812648475617,0.558743360436929,0.7264166761737962,0.7510518633431433,0.349519987027543,0.4797974780361789,"environment,material,process_history","{""environment"": 3, ""material"": 17, ""process_history"": 1}","Composition, wt.% N:numeric_sparse_0.34;Composition, wt.% C:numeric_sparse_0.45;Composition, wt.% Si:numeric_sparse_0.44;Composition, wt.% Mn:numeric_sparse_0.41;Composition, wt.% Cu:numeric_sparse_0.19;Composition, wt.% P:numeric_sparse_0.23;Composition, wt.% S:numeric_sparse_0.25;Test Solution:high_cardinality;Heat treatment:categorical_sparse_0.54;Microstructures:categorical_sparse_0.28",,,,,,,,,,,,,,,,,,,,,,,step-500,500
4,catboost,catboost_regressor,catboost==1.2.10;iterations=1000;depth=6;learning_rate=0.03;l2_leaf_reg=3;thread_count=8,electrochemical_metrics_alloys__pitting_potential__epit_mv_sce_avg,electrochemical_metrics_alloys,Pitting Potential,"Epit, mV (SCE) Avg.",,continuous,0,,median,False,,608,487,121,21,False,0,,,,,epit_pipeline_development_fold_4,0,0,0,0,True,,,normal_corrosion,176.78525495127911,215.45749218665375,0.6617536377540367,0.7670399984280225,0.8227456609591492,0.3446778220925699,0.4200769978293113,"environment,material,process_history","{""environment"": 3, ""material"": 17, ""process_history"": 1}","Composition, wt.% N:numeric_sparse_0.34;Composition, wt.% C:numeric_sparse_0.45;Composition, wt.% Si:numeric_sparse_0.44;Composition, wt.% Mn:numeric_sparse_0.41;Composition, wt.% Cu:numeric_sparse_0.19;Composition, wt.% P:numeric_sparse_0.23;Composition, wt.% S:numeric_sparse_0.25;Test Solution:high_cardinality;Heat treatment:categorical_sparse_0.54;Microstructures:categorical_sparse_0.28",,,,,,,,,,,,,,,,,,,,,,,step-500,500
4,generic_baseline,local_tabicl_regressor,/home/fcolanto/projects/tabicl/checkpoints/tabicl_s1_regression_baseline/step-1000.ckpt,electrochemical_metrics_alloys__pitting_potential__epit_mv_sce_avg,electrochemical_metrics_alloys,Pitting Potential,"Epit, mV (SCE) Avg.",,continuous,0,,median,False,,608,487,121,21,False,0,,,,,epit_pipeline_development_fold_4,0,0,0,0,True,,,normal_corrosion,212.9282002377991,289.3366715546636,0.3900181739457486,0.5540495453849353,0.6289640698765875,0.4151456428890605,0.5641190710755773,"environment,material,process_history","{""environment"": 3, ""material"": 17, ""process_history"": 1}","Composition, wt.% N:numeric_sparse_0.34;Composition, wt.% C:numeric_sparse_0.45;Composition, wt.% Si:numeric_sparse_0.44;Composition, wt.% Mn:numeric_sparse_0.41;Composition, wt.% Cu:numeric_sparse_0.19;Composition, wt.% P:numeric_sparse_0.23;Composition, wt.% S:numeric_sparse_0.25;Test Solution:high_cardinality;Heat treatment:categorical_sparse_0.54;Microstructures:categorical_sparse_0.28",,,,,,,,,,,,,,,,,,,,,,,step-1000,1000
4,trial_0056,local_tabicl_regressor,/home/fcolanto/projects/tabicl/checkpoints/epit_pipeline_final_v1/final_epit_pipeline_optuna_empirical_features_scm_target_v7_trial_0056/step-1000.ckpt,electrochemical_metrics_alloys__pitting_potential__epit_mv_sce_avg,electrochemical_metrics_alloys,Pitting Potential,"Epit, mV (SCE) Avg.",,continuous,0,,median,False,,608,487,121,21,False,0,,,,,epit_pipeline_development_fold_4,0,0,0,0,True,,,normal_corrosion,230.81488678040463,312.5166660185883,0.2883666404832493,0.6587325916841815,0.6861943181425351,0.4500192762339728,0.6093130552126892,"environment,material,process_history","{""environment"": 3, ""material"": 17, ""process_history"": 1}","Composition, wt.% N:numeric_sparse_0.34;Composition, wt.% C:numeric_sparse_0.45;Composition, wt.% Si:numeric_sparse_0.44;Composition, wt.% Mn:numeric_sparse_0.41;Composition, wt.% Cu:numeric_sparse_0.19;Composition, wt.% P:numeric_sparse_0.23;Composition, wt.% S:numeric_sparse_0.25;Test Solution:high_cardinality;Heat treatment:categorical_sparse_0.54;Microstructures:categorical_sparse_0.28",,,,,,,,,,,,,,,,,,,,,,,step-1000,1000
4,pretrained_tabicl_v2,pretrained_tabicl_regressor,/home/fcolanto/.cache/huggingface/hub/models--jingang--TabICL/snapshots/4dcd344ece2c00be9e831fdd35bed57b5ad83e19/tabicl-regressor-v2-20260212.ckpt,electrochemical_metrics_alloys__pitting_potential__epit_mv_sce_avg,electrochemical_metrics_alloys,Pitting Potential,"Epit, mV (SCE) Avg.",,continuous,0,,median,False,,608,487,121,21,False,0,,,,,epit_pipeline_development_fold_4,0,0,0,0,True,,,normal_corrosion,179.26880134642678,246.08812648475617,0.558743360436929,0.7264166761737962,0.7510518633431433,0.349519987027543,0.4797974780361789,"environment,material,process_history","{""environment"": 3, ""material"": 17, ""process_history"": 1}","Composition, wt.% N:numeric_sparse_0.34;Composition, wt.% C:numeric_sparse_0.45;Composition, wt.% Si:numeric_sparse_0.44;Composition, wt.% Mn:numeric_sparse_0.41;Composition, wt.% Cu:numeric_sparse_0.19;Composition, wt.% P:numeric_sparse_0.23;Composition, wt.% S:numeric_sparse_0.25;Test Solution:high_cardinality;Heat treatment:categorical_sparse_0.54;Microstructures:categorical_sparse_0.28",,,,,,,,,,,,,,,,,,,,,,,step-1000,1000
4,catboost,catboost_regressor,catboost==1.2.10;iterations=1000;depth=6;learning_rate=0.03;l2_leaf_reg=3;thread_count=8,electrochemical_metrics_alloys__pitting_potential__epit_mv_sce_avg,electrochemical_metrics_alloys,Pitting Potential,"Epit, mV (SCE) Avg.",,continuous,0,,median,False,,608,487,121,21,False,0,,,,,epit_pipeline_development_fold_4,0,0,0,0,True,,,normal_corrosion,176.78525495127911,215.45749218665375,0.6617536377540367,0.7670399984280225,0.8227456609591492,0.3446778220925699,0.4200769978293113,"environment,material,process_history","{""environment"": 3, ""material"": 17, ""process_history"": 1}","Composition, wt.% N:numeric_sparse_0.34;Composition, wt.% C:numeric_sparse_0.45;Composition, wt.% Si:numeric_sparse_0.44;Composition, wt.% Mn:numeric_sparse_0.41;Composition, wt.% Cu:numeric_sparse_0.19;Composition, wt.% P:numeric_sparse_0.23;Composition, wt.% S:numeric_sparse_0.25;Test Solution:high_cardinality;Heat treatment:categorical_sparse_0.54;Microstructures:categorical_sparse_0.28",,,,,,,,,,,,,,,,,,,,,,,step-1000,1000
4,generic_baseline,local_tabicl_regressor,/home/fcolanto/projects/tabicl/checkpoints/tabicl_s1_regression_baseline/step-1500.ckpt,electrochemical_metrics_alloys__pitting_potential__epit_mv_sce_avg,electrochemical_metrics_alloys,Pitting Potential,"Epit, mV (SCE) Avg.",,continuous,0,,median,False,,608,487,121,21,False,0,,,,,epit_pipeline_development_fold_4,0,0,0,0,True,,,normal_corrosion,215.5723901953469,295.2670565670839,0.3647569491516217,0.5340918521704017,0.6284180212901366,0.4203010142237218,0.575681529668715,"environment,material,process_history","{""environment"": 3, ""material"": 17, ""process_history"": 1}","Composition, wt.% N:numeric_sparse_0.34;Composition, wt.% C:numeric_sparse_0.45;Composition, wt.% Si:numeric_sparse_0.44;Composition, wt.% Mn:numeric_sparse_0.41;Composition, wt.% Cu:numeric_sparse_0.19;Composition, wt.% P:numeric_sparse_0.23;Composition, wt.% S:numeric_sparse_0.25;Test Solution:high_cardinality;Heat treatment:categorical_sparse_0.54;Microstructures:categorical_sparse_0.28",,,,,,,,,,,,,,,,,,,,,,,step-1500,1500
4,trial_0056,local_tabicl_regressor,/home/fcolanto/projects/tabicl/checkpoints/epit_pipeline_final_v1/final_epit_pipeline_optuna_empirical_features_scm_target_v7_trial_0056/step-1500.ckpt,electrochemical_metrics_alloys__pitting_potential__epit_mv_sce_avg,electrochemical_metrics_alloys,Pitting Potential,"Epit, mV (SCE) Avg.",,continuous,0,,median,False,,608,487,121,21,False,0,,,,,epit_pipeline_development_fold_4,0,0,0,0,True,,,normal_corrosion,206.60802165509315,267.22267866205726,0.4796967249375911,0.6706049125797927,0.7140183606866713,0.4028232046307139,0.5210034678534944,"environment,material,process_history","{""environment"": 3, ""material"": 17, ""process_history"": 1}","Composition, wt.% N:numeric_sparse_0.34;Composition, wt.% C:numeric_sparse_0.45;Composition, wt.% Si:numeric_sparse_0.44;Composition, wt.% Mn:numeric_sparse_0.41;Composition, wt.% Cu:numeric_sparse_0.19;Composition, wt.% P:numeric_sparse_0.23;Composition, wt.% S:numeric_sparse_0.25;Test Solution:high_cardinality;Heat treatment:categorical_sparse_0.54;Microstructures:categorical_sparse_0.28",,,,,,,,,,,,,,,,,,,,,,,step-1500,1500
4,pretrained_tabicl_v2,pretrained_tabicl_regressor,/home/fcolanto/.cache/huggingface/hub/models--jingang--TabICL/snapshots/4dcd344ece2c00be9e831fdd35bed57b5ad83e19/tabicl-regressor-v2-20260212.ckpt,electrochemical_metrics_alloys__pitting_potential__epit_mv_sce_avg,electrochemical_metrics_alloys,Pitting Potential,"Epit, mV (SCE) Avg.",,continuous,0,,median,False,,608,487,121,21,False,0,,,,,epit_pipeline_development_fold_4,0,0,0,0,True,,,normal_corrosion,179.26880134642678,246.08812648475617,0.558743360436929,0.7264166761737962,0.7510518633431433,0.349519987027543,0.4797974780361789,"environment,material,process_history","{""environment"": 3, ""material"": 17, ""process_history"": 1}","Composition, wt.% N:numeric_sparse_0.34;Composition, wt.% C:numeric_sparse_0.45;Composition, wt.% Si:numeric_sparse_0.44;Composition, wt.% Mn:numeric_sparse_0.41;Composition, wt.% Cu:numeric_sparse_0.19;Composition, wt.% P:numeric_sparse_0.23;Composition, wt.% S:numeric_sparse_0.25;Test Solution:high_cardinality;Heat treatment:categorical_sparse_0.54;Microstructures:categorical_sparse_0.28",,,,,,,,,,,,,,,,,,,,,,,step-1500,1500
4,catboost,catboost_regressor,catboost==1.2.10;iterations=1000;depth=6;learning_rate=0.03;l2_leaf_reg=3;thread_count=8,electrochemical_metrics_alloys__pitting_potential__epit_mv_sce_avg,electrochemical_metrics_alloys,Pitting Potential,"Epit, mV (SCE) Avg.",,continuous,0,,median,False,,608,487,121,21,False,0,,,,,epit_pipeline_development_fold_4,0,0,0,0,True,,,normal_corrosion,176.78525495127911,215.45749218665375,0.6617536377540367,0.7670399984280225,0.8227456609591492,0.3446778220925699,0.4200769978293113,"environment,material,process_history","{""environment"": 3, ""material"": 17, ""process_history"": 1}","Composition, wt.% N:numeric_sparse_0.34;Composition, wt.% C:numeric_sparse_0.45;Composition, wt.% Si:numeric_sparse_0.44;Composition, wt.% Mn:numeric_sparse_0.41;Composition, wt.% Cu:numeric_sparse_0.19;Composition, wt.% P:numeric_sparse_0.23;Composition, wt.% S:numeric_sparse_0.25;Test Solution:high_cardinality;Heat treatment:categorical_sparse_0.54;Microstructures:categorical_sparse_0.28",,,,,,,,,,,,,,,,,,,,,,,step-1500,1500
4,generic_baseline,local_tabicl_regressor,/home/fcolanto/projects/tabicl/checkpoints/tabicl_s1_regression_baseline/step-2000.ckpt,electrochemical_metrics_alloys__pitting_potential__epit_mv_sce_avg,electrochemical_metrics_alloys,Pitting Potential,"Epit, mV (SCE) Avg.",,continuous,0,,median,False,,608,487,121,21,False,0,,,,,epit_pipeline_development_fold_4,0,0,0,0,True,,,normal_corrosion,227.0559355238948,298.10494222600744,0.3524873076126684,0.6009054127027632,0.6472338866272451,0.442690457250721,0.5812145490856062,"environment,material,process_history","{""environment"": 3, ""material"": 17, ""process_history"": 1}","Composition, wt.% N:numeric_sparse_0.34;Composition, wt.% C:numeric_sparse_0.45;Composition, wt.% Si:numeric_sparse_0.44;Composition, wt.% Mn:numeric_sparse_0.41;Composition, wt.% Cu:numeric_sparse_0.19;Composition, wt.% P:numeric_sparse_0.23;Composition, wt.% S:numeric_sparse_0.25;Test Solution:high_cardinality;Heat treatment:categorical_sparse_0.54;Microstructures:categorical_sparse_0.28",,,,,,,,,,,,,,,,,,,,,,,step-2000,2000
4,trial_0056,local_tabicl_regressor,/home/fcolanto/projects/tabicl/checkpoints/epit_pipeline_final_v1/final_epit_pipeline_optuna_empirical_features_scm_target_v7_trial_0056/step-2000.ckpt,electrochemical_metrics_alloys__pitting_potential__epit_mv_sce_avg,electrochemical_metrics_alloys,Pitting Potential,"Epit, mV (SCE) Avg.",,continuous,0,,median,False,,608,487,121,21,False,0,,,,,epit_pipeline_development_fold_4,0,0,0,0,True,,,normal_corrosion,202.96560500591312,267.3935458315319,0.4790311289532836,0.6394557362727915,0.7169489094689933,0.3957215929146288,0.5213366071973716,"environment,material,process_history","{""environment"": 3, ""material"": 17, ""process_history"": 1}","Composition, wt.% N:numeric_sparse_0.34;Composition, wt.% C:numeric_sparse_0.45;Composition, wt.% Si:numeric_sparse_0.44;Composition, wt.% Mn:numeric_sparse_0.41;Composition, wt.% Cu:numeric_sparse_0.19;Composition, wt.% P:numeric_sparse_0.23;Composition, wt.% S:numeric_sparse_0.25;Test Solution:high_cardinality;Heat treatment:categorical_sparse_0.54;Microstructures:categorical_sparse_0.28",,,,,,,,,,,,,,,,,,,,,,,step-2000,2000
4,pretrained_tabicl_v2,pretrained_tabicl_regressor,/home/fcolanto/.cache/huggingface/hub/models--jingang--TabICL/snapshots/4dcd344ece2c00be9e831fdd35bed57b5ad83e19/tabicl-regressor-v2-20260212.ckpt,electrochemical_metrics_alloys__pitting_potential__epit_mv_sce_avg,electrochemical_metrics_alloys,Pitting Potential,"Epit, mV (SCE) Avg.",,continuous,0,,median,False,,608,487,121,21,False,0,,,,,epit_pipeline_development_fold_4,0,0,0,0,True,,,normal_corrosion,179.26880134642678,246.08812648475617,0.558743360436929,0.7264166761737962,0.7510518633431433,0.349519987027543,0.4797974780361789,"environment,material,process_history","{""environment"": 3, ""material"": 17, ""process_history"": 1}","Composition, wt.% N:numeric_sparse_0.34;Composition, wt.% C:numeric_sparse_0.45;Composition, wt.% Si:numeric_sparse_0.44;Composition, wt.% Mn:numeric_sparse_0.41;Composition, wt.% Cu:numeric_sparse_0.19;Composition, wt.% P:numeric_sparse_0.23;Composition, wt.% S:numeric_sparse_0.25;Test Solution:high_cardinality;Heat treatment:categorical_sparse_0.54;Microstructures:categorical_sparse_0.28",,,,,,,,,,,,,,,,,,,,,,,step-2000,2000
4,catboost,catboost_regressor,catboost==1.2.10;iterations=1000;depth=6;learning_rate=0.03;l2_leaf_reg=3;thread_count=8,electrochemical_metrics_alloys__pitting_potential__epit_mv_sce_avg,electrochemical_metrics_alloys,Pitting Potential,"Epit, mV (SCE) Avg.",,continuous,0,,median,False,,608,487,121,21,False,0,,,,,epit_pipeline_development_fold_4,0,0,0,0,True,,,normal_corrosion,176.78525495127911,215.45749218665375,0.6617536377540367,0.7670399984280225,0.8227456609591492,0.3446778220925699,0.4200769978293113,"environment,material,process_history","{""environment"": 3, ""material"": 17, ""process_history"": 1}","Composition, wt.% N:numeric_sparse_0.34;Composition, wt.% C:numeric_sparse_0.45;Composition, wt.% Si:numeric_sparse_0.44;Composition, wt.% Mn:numeric_sparse_0.41;Composition, wt.% Cu:numeric_sparse_0.19;Composition, wt.% P:numeric_sparse_0.23;Composition, wt.% S:numeric_sparse_0.25;Test Solution:high_cardinality;Heat treatment:categorical_sparse_0.54;Microstructures:categorical_sparse_0.28",,,,,,,,,,,,,,,,,,,,,,,step-2000,2000
4,generic_baseline,local_tabicl_regressor,/home/fcolanto/projects/tabicl/checkpoints/tabicl_s1_regression_baseline/step-2500.ckpt,electrochemical_metrics_alloys__pitting_potential__epit_mv_sce_avg,electrochemical_metrics_alloys,Pitting Potential,"Epit, mV (SCE) Avg.",,continuous,0,,median,False,,608,487,121,21,False,0,,,,,epit_pipeline_development_fold_4,0,0,0,0,True,,,normal_corrosion,204.95593454722416,295.28715081734646,0.3646704839201906,0.6065688993040362,0.6484193413433474,0.3996021340363115,0.575720707384181,"environment,material,process_history","{""environment"": 3, ""material"": 17, ""process_history"": 1}","Composition, wt.% N:numeric_sparse_0.34;Composition, wt.% C:numeric_sparse_0.45;Composition, wt.% Si:numeric_sparse_0.44;Composition, wt.% Mn:numeric_sparse_0.41;Composition, wt.% Cu:numeric_sparse_0.19;Composition, wt.% P:numeric_sparse_0.23;Composition, wt.% S:numeric_sparse_0.25;Test Solution:high_cardinality;Heat treatment:categorical_sparse_0.54;Microstructures:categorical_sparse_0.28",,,,,,,,,,,,,,,,,,,,,,,step-2500,2500
4,trial_0056,local_tabicl_regressor,/home/fcolanto/projects/tabicl/checkpoints/epit_pipeline_final_v1/final_epit_pipeline_optuna_empirical_features_scm_target_v7_trial_0056/step-2500.ckpt,electrochemical_metrics_alloys__pitting_potential__epit_mv_sce_avg,electrochemical_metrics_alloys,Pitting Potential,"Epit, mV (SCE) Avg.",,continuous,0,,median,False,,608,487,121,21,False,0,,,,,epit_pipeline_development_fold_4,0,0,0,0,True,,,normal_corrosion,196.1765330378976,261.33688813748466,0.5023644884323364,0.6655545187266241,0.7252458235017849,0.3824849542559906,0.5095279550350647,"environment,material,process_history","{""environment"": 3, ""material"": 17, ""process_history"": 1}","Composition, wt.% N:numeric_sparse_0.34;Composition, wt.% C:numeric_sparse_0.45;Composition, wt.% Si:numeric_sparse_0.44;Composition, wt.% Mn:numeric_sparse_0.41;Composition, wt.% Cu:numeric_sparse_0.19;Composition, wt.% P:numeric_sparse_0.23;Composition, wt.% S:numeric_sparse_0.25;Test Solution:high_cardinality;Heat treatment:categorical_sparse_0.54;Microstructures:categorical_sparse_0.28",,,,,,,,,,,,,,,,,,,,,,,step-2500,2500
4,pretrained_tabicl_v2,pretrained_tabicl_regressor,/home/fcolanto/.cache/huggingface/hub/models--jingang--TabICL/snapshots/4dcd344ece2c00be9e831fdd35bed57b5ad83e19/tabicl-regressor-v2-20260212.ckpt,electrochemical_metrics_alloys__pitting_potential__epit_mv_sce_avg,electrochemical_metrics_alloys,Pitting Potential,"Epit, mV (SCE) Avg.",,continuous,0,,median,False,,608,487,121,21,False,0,,,,,epit_pipeline_development_fold_4,0,0,0,0,True,,,normal_corrosion,179.26880134642678,246.08812648475617,0.558743360436929,0.7264166761737962,0.7510518633431433,0.349519987027543,0.4797974780361789,"environment,material,process_history","{""environment"": 3, ""material"": 17, ""process_history"": 1}","Composition, wt.% N:numeric_sparse_0.34;Composition, wt.% C:numeric_sparse_0.45;Composition, wt.% Si:numeric_sparse_0.44;Composition, wt.% Mn:numeric_sparse_0.41;Composition, wt.% Cu:numeric_sparse_0.19;Composition, wt.% P:numeric_sparse_0.23;Composition, wt.% S:numeric_sparse_0.25;Test Solution:high_cardinality;Heat treatment:categorical_sparse_0.54;Microstructures:categorical_sparse_0.28",,,,,,,,,,,,,,,,,,,,,,,step-2500,2500
4,catboost,catboost_regressor,catboost==1.2.10;iterations=1000;depth=6;learning_rate=0.03;l2_leaf_reg=3;thread_count=8,electrochemical_metrics_alloys__pitting_potential__epit_mv_sce_avg,electrochemical_metrics_alloys,Pitting Potential,"Epit, mV (SCE) Avg.",,continuous,0,,median,False,,608,487,121,21,False,0,,,,,epit_pipeline_development_fold_4,0,0,0,0,True,,,normal_corrosion,176.78525495127911,215.45749218665375,0.6617536377540367,0.7670399984280225,0.8227456609591492,0.3446778220925699,0.4200769978293113,"environment,material,process_history","{""environment"": 3, ""material"": 17, ""process_history"": 1}","Composition, wt.% N:numeric_sparse_0.34;Composition, wt.% C:numeric_sparse_0.45;Composition, wt.% Si:numeric_sparse_0.44;Composition, wt.% Mn:numeric_sparse_0.41;Composition, wt.% Cu:numeric_sparse_0.19;Composition, wt.% P:numeric_sparse_0.23;Composition, wt.% S:numeric_sparse_0.25;Test Solution:high_cardinality;Heat treatment:categorical_sparse_0.54;Microstructures:categorical_sparse_0.28",,,,,,,,,,,,,,,,,,,,,,,step-2500,2500
4,generic_baseline,local_tabicl_regressor,/home/fcolanto/projects/tabicl/checkpoints/tabicl_s1_regression_baseline/step-3000.ckpt,electrochemical_metrics_alloys__pitting_potential__epit_mv_sce_avg,electrochemical_metrics_alloys,Pitting Potential,"Epit, mV (SCE) Avg.",,continuous,0,,median,False,,608,487,121,21,False,0,,,,,epit_pipeline_development_fold_4,0,0,0,0,True,,,normal_corrosion,198.8150246643713,277.89788759314337,0.4372954530192761,0.6256492940558127,0.676298387609996,0.3876292155671111,0.5418168991872556,"environment,material,process_history","{""environment"": 3, ""material"": 17, ""process_history"": 1}","Composition, wt.% N:numeric_sparse_0.34;Composition, wt.% C:numeric_sparse_0.45;Composition, wt.% Si:numeric_sparse_0.44;Composition, wt.% Mn:numeric_sparse_0.41;Composition, wt.% Cu:numeric_sparse_0.19;Composition, wt.% P:numeric_sparse_0.23;Composition, wt.% S:numeric_sparse_0.25;Test Solution:high_cardinality;Heat treatment:categorical_sparse_0.54;Microstructures:categorical_sparse_0.28",,,,,,,,,,,,,,,,,,,,,,,step-3000,3000
4,trial_0056,local_tabicl_regressor,/home/fcolanto/projects/tabicl/checkpoints/epit_pipeline_final_v1/final_epit_pipeline_optuna_empirical_features_scm_target_v7_trial_0056/step-3000.ckpt,electrochemical_metrics_alloys__pitting_potential__epit_mv_sce_avg,electrochemical_metrics_alloys,Pitting Potential,"Epit, mV (SCE) Avg.",,continuous,0,,median,False,,608,487,121,21,False,0,,,,,epit_pipeline_development_fold_4,0,0,0,0,True,,,normal_corrosion,187.7337017500586,256.1983891985537,0.5217414716462005,0.6841065020490953,0.7363423371009653,0.3660239846949865,0.4995094349747586,"environment,material,process_history","{""environment"": 3, ""material"": 17, ""process_history"": 1}","Composition, wt.% N:numeric_sparse_0.34;Composition, wt.% C:numeric_sparse_0.45;Composition, wt.% Si:numeric_sparse_0.44;Composition, wt.% Mn:numeric_sparse_0.41;Composition, wt.% Cu:numeric_sparse_0.19;Composition, wt.% P:numeric_sparse_0.23;Composition, wt.% S:numeric_sparse_0.25;Test Solution:high_cardinality;Heat treatment:categorical_sparse_0.54;Microstructures:categorical_sparse_0.28",,,,,,,,,,,,,,,,,,,,,,,step-3000,3000
4,pretrained_tabicl_v2,pretrained_tabicl_regressor,/home/fcolanto/.cache/huggingface/hub/models--jingang--TabICL/snapshots/4dcd344ece2c00be9e831fdd35bed57b5ad83e19/tabicl-regressor-v2-20260212.ckpt,electrochemical_metrics_alloys__pitting_potential__epit_mv_sce_avg,electrochemical_metrics_alloys,Pitting Potential,"Epit, mV (SCE) Avg.",,continuous,0,,median,False,,608,487,121,21,False,0,,,,,epit_pipeline_development_fold_4,0,0,0,0,True,,,normal_corrosion,179.26880134642678,246.08812648475617,0.558743360436929,0.7264166761737962,0.7510518633431433,0.349519987027543,0.4797974780361789,"environment,material,process_history","{""environment"": 3, ""material"": 17, ""process_history"": 1}","Composition, wt.% N:numeric_sparse_0.34;Composition, wt.% C:numeric_sparse_0.45;Composition, wt.% Si:numeric_sparse_0.44;Composition, wt.% Mn:numeric_sparse_0.41;Composition, wt.% Cu:numeric_sparse_0.19;Composition, wt.% P:numeric_sparse_0.23;Composition, wt.% S:numeric_sparse_0.25;Test Solution:high_cardinality;Heat treatment:categorical_sparse_0.54;Microstructures:categorical_sparse_0.28",,,,,,,,,,,,,,,,,,,,,,,step-3000,3000
4,catboost,catboost_regressor,catboost==1.2.10;iterations=1000;depth=6;learning_rate=0.03;l2_leaf_reg=3;thread_count=8,electrochemical_metrics_alloys__pitting_potential__epit_mv_sce_avg,electrochemical_metrics_alloys,Pitting Potential,"Epit, mV (SCE) Avg.",,continuous,0,,median,False,,608,487,121,21,False,0,,,,,epit_pipeline_development_fold_4,0,0,0,0,True,,,normal_corrosion,176.78525495127911,215.45749218665375,0.6617536377540367,0.7670399984280225,0.8227456609591492,0.3446778220925699,0.4200769978293113,"environment,material,process_history","{""environment"": 3, ""material"": 17, ""process_history"": 1}","Composition, wt.% N:numeric_sparse_0.34;Composition, wt.% C:numeric_sparse_0.45;Composition, wt.% Si:numeric_sparse_0.44;Composition, wt.% Mn:numeric_sparse_0.41;Composition, wt.% Cu:numeric_sparse_0.19;Composition, wt.% P:numeric_sparse_0.23;Composition, wt.% S:numeric_sparse_0.25;Test Solution:high_cardinality;Heat treatment:categorical_sparse_0.54;Microstructures:categorical_sparse_0.28",,,,,,,,,,,,,,,,,,,,,,,step-3000,3000
4,generic_baseline,local_tabicl_regressor,/home/fcolanto/projects/tabicl/checkpoints/tabicl_s1_regression_baseline/step-3500.ckpt,electrochemical_metrics_alloys__pitting_potential__epit_mv_sce_avg,electrochemical_metrics_alloys,Pitting Potential,"Epit, mV (SCE) Avg.",,continuous,0,,median,False,,608,487,121,21,False,0,,,,,epit_pipeline_development_fold_4,0,0,0,0,True,,,normal_corrosion,219.60759878425444,285.536490176437,0.4059360930307508,0.6000382759982622,0.6681257519936711,0.4281684515193106,0.5567098658148508,"environment,material,process_history","{""environment"": 3, ""material"": 17, ""process_history"": 1}","Composition, wt.% N:numeric_sparse_0.34;Composition, wt.% C:numeric_sparse_0.45;Composition, wt.% Si:numeric_sparse_0.44;Composition, wt.% Mn:numeric_sparse_0.41;Composition, wt.% Cu:numeric_sparse_0.19;Composition, wt.% P:numeric_sparse_0.23;Composition, wt.% S:numeric_sparse_0.25;Test Solution:high_cardinality;Heat treatment:categorical_sparse_0.54;Microstructures:categorical_sparse_0.28",,,,,,,,,,,,,,,,,,,,,,,step-3500,3500
4,trial_0056,local_tabicl_regressor,/home/fcolanto/projects/tabicl/checkpoints/epit_pipeline_final_v1/final_epit_pipeline_optuna_empirical_features_scm_target_v7_trial_0056/step-3500.ckpt,electrochemical_metrics_alloys__pitting_potential__epit_mv_sce_avg,electrochemical_metrics_alloys,Pitting Potential,"Epit, mV (SCE) Avg.",,continuous,0,,median,False,,608,487,121,21,False,0,,,,,epit_pipeline_development_fold_4,0,0,0,0,True,,,normal_corrosion,195.44903162742327,257.15771185685594,0.5181531334874434,0.6282540914220681,0.727178093065533,0.3810665463587899,0.5013798242481107,"environment,material,process_history","{""environment"": 3, ""material"": 17, ""process_history"": 1}","Composition, wt.% N:numeric_sparse_0.34;Composition, wt.% C:numeric_sparse_0.45;Composition, wt.% Si:numeric_sparse_0.44;Composition, wt.% Mn:numeric_sparse_0.41;Composition, wt.% Cu:numeric_sparse_0.19;Composition, wt.% P:numeric_sparse_0.23;Composition, wt.% S:numeric_sparse_0.25;Test Solution:high_cardinality;Heat treatment:categorical_sparse_0.54;Microstructures:categorical_sparse_0.28",,,,,,,,,,,,,,,,,,,,,,,step-3500,3500
4,pretrained_tabicl_v2,pretrained_tabicl_regressor,/home/fcolanto/.cache/huggingface/hub/models--jingang--TabICL/snapshots/4dcd344ece2c00be9e831fdd35bed57b5ad83e19/tabicl-regressor-v2-20260212.ckpt,electrochemical_metrics_alloys__pitting_potential__epit_mv_sce_avg,electrochemical_metrics_alloys,Pitting Potential,"Epit, mV (SCE) Avg.",,continuous,0,,median,False,,608,487,121,21,False,0,,,,,epit_pipeline_development_fold_4,0,0,0,0,True,,,normal_corrosion,179.26880134642678,246.08812648475617,0.558743360436929,0.7264166761737962,0.7510518633431433,0.349519987027543,0.4797974780361789,"environment,material,process_history","{""environment"": 3, ""material"": 17, ""process_history"": 1}","Composition, wt.% N:numeric_sparse_0.34;Composition, wt.% C:numeric_sparse_0.45;Composition, wt.% Si:numeric_sparse_0.44;Composition, wt.% Mn:numeric_sparse_0.41;Composition, wt.% Cu:numeric_sparse_0.19;Composition, wt.% P:numeric_sparse_0.23;Composition, wt.% S:numeric_sparse_0.25;Test Solution:high_cardinality;Heat treatment:categorical_sparse_0.54;Microstructures:categorical_sparse_0.28",,,,,,,,,,,,,,,,,,,,,,,step-3500,3500
4,catboost,catboost_regressor,catboost==1.2.10;iterations=1000;depth=6;learning_rate=0.03;l2_leaf_reg=3;thread_count=8,electrochemical_metrics_alloys__pitting_potential__epit_mv_sce_avg,electrochemical_metrics_alloys,Pitting Potential,"Epit, mV (SCE) Avg.",,continuous,0,,median,False,,608,487,121,21,False,0,,,,,epit_pipeline_development_fold_4,0,0,0,0,True,,,normal_corrosion,176.78525495127911,215.45749218665375,0.6617536377540367,0.7670399984280225,0.8227456609591492,0.3446778220925699,0.4200769978293113,"environment,material,process_history","{""environment"": 3, ""material"": 17, ""process_history"": 1}","Composition, wt.% N:numeric_sparse_0.34;Composition, wt.% C:numeric_sparse_0.45;Composition, wt.% Si:numeric_sparse_0.44;Composition, wt.% Mn:numeric_sparse_0.41;Composition, wt.% Cu:numeric_sparse_0.19;Composition, wt.% P:numeric_sparse_0.23;Composition, wt.% S:numeric_sparse_0.25;Test Solution:high_cardinality;Heat treatment:categorical_sparse_0.54;Microstructures:categorical_sparse_0.28",,,,,,,,,,,,,,,,,,,,,,,step-3500,3500
4,generic_baseline,local_tabicl_regressor,/home/fcolanto/projects/tabicl/checkpoints/tabicl_s1_regression_baseline/step-4000.ckpt,electrochemical_metrics_alloys__pitting_potential__epit_mv_sce_avg,electrochemical_metrics_alloys,Pitting Potential,"Epit, mV (SCE) Avg.",,continuous,0,,median,False,,608,487,121,21,False,0,,,,,epit_pipeline_development_fold_4,0,0,0,0,True,,,normal_corrosion,199.9031695739384,274.3206072996211,0.4516891995771708,0.654244481787838,0.6993169706107297,0.3897507692999384,0.5348422836802907,"environment,material,process_history","{""environment"": 3, ""material"": 17, ""process_history"": 1}","Composition, wt.% N:numeric_sparse_0.34;Composition, wt.% C:numeric_sparse_0.45;Composition, wt.% Si:numeric_sparse_0.44;Composition, wt.% Mn:numeric_sparse_0.41;Composition, wt.% Cu:numeric_sparse_0.19;Composition, wt.% P:numeric_sparse_0.23;Composition, wt.% S:numeric_sparse_0.25;Test Solution:high_cardinality;Heat treatment:categorical_sparse_0.54;Microstructures:categorical_sparse_0.28",,,,,,,,,,,,,,,,,,,,,,,step-4000,4000
4,trial_0056,local_tabicl_regressor,/home/fcolanto/projects/tabicl/checkpoints/epit_pipeline_final_v1/final_epit_pipeline_optuna_empirical_features_scm_target_v7_trial_0056/step-4000.ckpt,electrochemical_metrics_alloys__pitting_potential__epit_mv_sce_avg,electrochemical_metrics_alloys,Pitting Potential,"Epit, mV (SCE) Avg.",,continuous,0,,median,False,,608,487,121,21,False,0,,,,,epit_pipeline_development_fold_4,0,0,0,0,True,,,normal_corrosion,207.82415285344024,268.72142097813366,0.4738440231384652,0.6734332686276772,0.722667735180226,0.4051942929488014,0.5239255624451816,"environment,material,process_history","{""environment"": 3, ""material"": 17, ""process_history"": 1}","Composition, wt.% N:numeric_sparse_0.34;Composition, wt.% C:numeric_sparse_0.45;Composition, wt.% Si:numeric_sparse_0.44;Composition, wt.% Mn:numeric_sparse_0.41;Composition, wt.% Cu:numeric_sparse_0.19;Composition, wt.% P:numeric_sparse_0.23;Composition, wt.% S:numeric_sparse_0.25;Test Solution:high_cardinality;Heat treatment:categorical_sparse_0.54;Microstructures:categorical_sparse_0.28",,,,,,,,,,,,,,,,,,,,,,,step-4000,4000
4,pretrained_tabicl_v2,pretrained_tabicl_regressor,/home/fcolanto/.cache/huggingface/hub/models--jingang--TabICL/snapshots/4dcd344ece2c00be9e831fdd35bed57b5ad83e19/tabicl-regressor-v2-20260212.ckpt,electrochemical_metrics_alloys__pitting_potential__epit_mv_sce_avg,electrochemical_metrics_alloys,Pitting Potential,"Epit, mV (SCE) Avg.",,continuous,0,,median,False,,608,487,121,21,False,0,,,,,epit_pipeline_development_fold_4,0,0,0,0,True,,,normal_corrosion,179.26880134642678,246.08812648475617,0.558743360436929,0.7264166761737962,0.7510518633431433,0.349519987027543,0.4797974780361789,"environment,material,process_history","{""environment"": 3, ""material"": 17, ""process_history"": 1}","Composition, wt.% N:numeric_sparse_0.34;Composition, wt.% C:numeric_sparse_0.45;Composition, wt.% Si:numeric_sparse_0.44;Composition, wt.% Mn:numeric_sparse_0.41;Composition, wt.% Cu:numeric_sparse_0.19;Composition, wt.% P:numeric_sparse_0.23;Composition, wt.% S:numeric_sparse_0.25;Test Solution:high_cardinality;Heat treatment:categorical_sparse_0.54;Microstructures:categorical_sparse_0.28",,,,,,,,,,,,,,,,,,,,,,,step-4000,4000
4,catboost,catboost_regressor,catboost==1.2.10;iterations=1000;depth=6;learning_rate=0.03;l2_leaf_reg=3;thread_count=8,electrochemical_metrics_alloys__pitting_potential__epit_mv_sce_avg,electrochemical_metrics_alloys,Pitting Potential,"Epit, mV (SCE) Avg.",,continuous,0,,median,False,,608,487,121,21,False,0,,,,,epit_pipeline_development_fold_4,0,0,0,0,True,,,normal_corrosion,176.78525495127911,215.45749218665375,0.6617536377540367,0.7670399984280225,0.8227456609591492,0.3446778220925699,0.4200769978293113,"environment,material,process_history","{""environment"": 3, ""material"": 17, ""process_history"": 1}","Composition, wt.% N:numeric_sparse_0.34;Composition, wt.% C:numeric_sparse_0.45;Composition, wt.% Si:numeric_sparse_0.44;Composition, wt.% Mn:numeric_sparse_0.41;Composition, wt.% Cu:numeric_sparse_0.19;Composition, wt.% P:numeric_sparse_0.23;Composition, wt.% S:numeric_sparse_0.25;Test Solution:high_cardinality;Heat treatment:categorical_sparse_0.54;Microstructures:categorical_sparse_0.28",,,,,,,,,,,,,,,,,,,,,,,step-4000,4000
4,generic_baseline,local_tabicl_regressor,/home/fcolanto/projects/tabicl/checkpoints/tabicl_s1_regression_baseline/step-4500.ckpt,electrochemical_metrics_alloys__pitting_potential__epit_mv_sce_avg,electrochemical_metrics_alloys,Pitting Potential,"Epit, mV (SCE) Avg.",,continuous,0,,median,False,,608,487,121,21,False,0,,,,,epit_pipeline_development_fold_4,0,0,0,0,True,,,normal_corrosion,210.00539656519777,284.1310992440804,0.4117695848346142,0.6402957749552769,0.6490027815443907,0.4094470590079894,0.5539697782103341,"environment,material,process_history","{""environment"": 3, ""material"": 17, ""process_history"": 1}","Composition, wt.% N:numeric_sparse_0.34;Composition, wt.% C:numeric_sparse_0.45;Composition, wt.% Si:numeric_sparse_0.44;Composition, wt.% Mn:numeric_sparse_0.41;Composition, wt.% Cu:numeric_sparse_0.19;Composition, wt.% P:numeric_sparse_0.23;Composition, wt.% S:numeric_sparse_0.25;Test Solution:high_cardinality;Heat treatment:categorical_sparse_0.54;Microstructures:categorical_sparse_0.28",,,,,,,,,,,,,,,,,,,,,,,step-4500,4500
4,trial_0056,local_tabicl_regressor,/home/fcolanto/projects/tabicl/checkpoints/epit_pipeline_final_v1/final_epit_pipeline_optuna_empirical_features_scm_target_v7_trial_0056/step-4500.ckpt,electrochemical_metrics_alloys__pitting_potential__epit_mv_sce_avg,electrochemical_metrics_alloys,Pitting Potential,"Epit, mV (SCE) Avg.",,continuous,0,,median,False,,608,487,121,21,False,0,,,,,epit_pipeline_development_fold_4,0,0,0,0,True,,,normal_corrosion,205.22310735147903,272.523721119584,0.4588488895026426,0.6477680545260952,0.7007923980934365,0.4001230402641432,0.5313388986538975,"environment,material,process_history","{""environment"": 3, ""material"": 17, ""process_history"": 1}","Composition, wt.% N:numeric_sparse_0.34;Composition, wt.% C:numeric_sparse_0.45;Composition, wt.% Si:numeric_sparse_0.44;Composition, wt.% Mn:numeric_sparse_0.41;Composition, wt.% Cu:numeric_sparse_0.19;Composition, wt.% P:numeric_sparse_0.23;Composition, wt.% S:numeric_sparse_0.25;Test Solution:high_cardinality;Heat treatment:categorical_sparse_0.54;Microstructures:categorical_sparse_0.28",,,,,,,,,,,,,,,,,,,,,,,step-4500,4500
4,pretrained_tabicl_v2,pretrained_tabicl_regressor,/home/fcolanto/.cache/huggingface/hub/models--jingang--TabICL/snapshots/4dcd344ece2c00be9e831fdd35bed57b5ad83e19/tabicl-regressor-v2-20260212.ckpt,electrochemical_metrics_alloys__pitting_potential__epit_mv_sce_avg,electrochemical_metrics_alloys,Pitting Potential,"Epit, mV (SCE) Avg.",,continuous,0,,median,False,,608,487,121,21,False,0,,,,,epit_pipeline_development_fold_4,0,0,0,0,True,,,normal_corrosion,179.26880134642678,246.08812648475617,0.558743360436929,0.7264166761737962,0.7510518633431433,0.349519987027543,0.4797974780361789,"environment,material,process_history","{""environment"": 3, ""material"": 17, ""process_history"": 1}","Composition, wt.% N:numeric_sparse_0.34;Composition, wt.% C:numeric_sparse_0.45;Composition, wt.% Si:numeric_sparse_0.44;Composition, wt.% Mn:numeric_sparse_0.41;Composition, wt.% Cu:numeric_sparse_0.19;Composition, wt.% P:numeric_sparse_0.23;Composition, wt.% S:numeric_sparse_0.25;Test Solution:high_cardinality;Heat treatment:categorical_sparse_0.54;Microstructures:categorical_sparse_0.28",,,,,,,,,,,,,,,,,,,,,,,step-4500,4500
4,catboost,catboost_regressor,catboost==1.2.10;iterations=1000;depth=6;learning_rate=0.03;l2_leaf_reg=3;thread_count=8,electrochemical_metrics_alloys__pitting_potential__epit_mv_sce_avg,electrochemical_metrics_alloys,Pitting Potential,"Epit, mV (SCE) Avg.",,continuous,0,,median,False,,608,487,121,21,False,0,,,,,epit_pipeline_development_fold_4,0,0,0,0,True,,,normal_corrosion,176.78525495127911,215.45749218665375,0.6617536377540367,0.7670399984280225,0.8227456609591492,0.3446778220925699,0.4200769978293113,"environment,material,process_history","{""environment"": 3, ""material"": 17, ""process_history"": 1}","Composition, wt.% N:numeric_sparse_0.34;Composition, wt.% C:numeric_sparse_0.45;Composition, wt.% Si:numeric_sparse_0.44;Composition, wt.% Mn:numeric_sparse_0.41;Composition, wt.% Cu:numeric_sparse_0.19;Composition, wt.% P:numeric_sparse_0.23;Composition, wt.% S:numeric_sparse_0.25;Test Solution:high_cardinality;Heat treatment:categorical_sparse_0.54;Microstructures:categorical_sparse_0.28",,,,,,,,,,,,,,,,,,,,,,,step-4500,4500
4,generic_baseline,local_tabicl_regressor,/home/fcolanto/projects/tabicl/checkpoints/tabicl_s1_regression_baseline/step-5000.ckpt,electrochemical_metrics_alloys__pitting_potential__epit_mv_sce_avg,electrochemical_metrics_alloys,Pitting Potential,"Epit, mV (SCE) Avg.",,continuous,0,,median,False,,608,487,121,21,False,0,,,,,epit_pipeline_development_fold_4,0,0,0,0,True,,,normal_corrosion,213.35408976719285,279.74259205596184,0.4298001184377471,0.6470499569426803,0.6905219111146444,0.4159759987662173,0.5454135154142364,"environment,material,process_history","{""environment"": 3, ""material"": 17, ""process_history"": 1}","Composition, wt.% N:numeric_sparse_0.34;Composition, wt.% C:numeric_sparse_0.45;Composition, wt.% Si:numeric_sparse_0.44;Composition, wt.% Mn:numeric_sparse_0.41;Composition, wt.% Cu:numeric_sparse_0.19;Composition, wt.% P:numeric_sparse_0.23;Composition, wt.% S:numeric_sparse_0.25;Test Solution:high_cardinality;Heat treatment:categorical_sparse_0.54;Microstructures:categorical_sparse_0.28",,,,,,,,,,,,,,,,,,,,,,,step-5000,5000
4,trial_0056,local_tabicl_regressor,/home/fcolanto/projects/tabicl/checkpoints/epit_pipeline_final_v1/final_epit_pipeline_optuna_empirical_features_scm_target_v7_trial_0056/step-5000.ckpt,electrochemical_metrics_alloys__pitting_potential__epit_mv_sce_avg,electrochemical_metrics_alloys,Pitting Potential,"Epit, mV (SCE) Avg.",,continuous,0,,median,False,,608,487,121,21,False,0,,,,,epit_pipeline_development_fold_4,0,0,0,0,True,,,normal_corrosion,200.8083725990627,263.5586793596094,0.4938670879818153,0.6547051481621041,0.7191422005440496,0.3915156416437175,0.5138597764858831,"environment,material,process_history","{""environment"": 3, ""material"": 17, ""process_history"": 1}","Composition, wt.% N:numeric_sparse_0.34;Composition, wt.% C:numeric_sparse_0.45;Composition, wt.% Si:numeric_sparse_0.44;Composition, wt.% Mn:numeric_sparse_0.41;Composition, wt.% Cu:numeric_sparse_0.19;Composition, wt.% P:numeric_sparse_0.23;Composition, wt.% S:numeric_sparse_0.25;Test Solution:high_cardinality;Heat treatment:categorical_sparse_0.54;Microstructures:categorical_sparse_0.28",,,,,,,,,,,,,,,,,,,,,,,step-5000,5000
4,pretrained_tabicl_v2,pretrained_tabicl_regressor,/home/fcolanto/.cache/huggingface/hub/models--jingang--TabICL/snapshots/4dcd344ece2c00be9e831fdd35bed57b5ad83e19/tabicl-regressor-v2-20260212.ckpt,electrochemical_metrics_alloys__pitting_potential__epit_mv_sce_avg,electrochemical_metrics_alloys,Pitting Potential,"Epit, mV (SCE) Avg.",,continuous,0,,median,False,,608,487,121,21,False,0,,,,,epit_pipeline_development_fold_4,0,0,0,0,True,,,normal_corrosion,179.26880134642678,246.08812648475617,0.558743360436929,0.7264166761737962,0.7510518633431433,0.349519987027543,0.4797974780361789,"environment,material,process_history","{""environment"": 3, ""material"": 17, ""process_history"": 1}","Composition, wt.% N:numeric_sparse_0.34;Composition, wt.% C:numeric_sparse_0.45;Composition, wt.% Si:numeric_sparse_0.44;Composition, wt.% Mn:numeric_sparse_0.41;Composition, wt.% Cu:numeric_sparse_0.19;Composition, wt.% P:numeric_sparse_0.23;Composition, wt.% S:numeric_sparse_0.25;Test Solution:high_cardinality;Heat treatment:categorical_sparse_0.54;Microstructures:categorical_sparse_0.28",,,,,,,,,,,,,,,,,,,,,,,step-5000,5000
4,catboost,catboost_regressor,catboost==1.2.10;iterations=1000;depth=6;learning_rate=0.03;l2_leaf_reg=3;thread_count=8,electrochemical_metrics_alloys__pitting_potential__epit_mv_sce_avg,electrochemical_metrics_alloys,Pitting Potential,"Epit, mV (SCE) Avg.",,continuous,0,,median,False,,608,487,121,21,False,0,,,,,epit_pipeline_development_fold_4,0,0,0,0,True,,,normal_corrosion,176.78525495127911,215.45749218665375,0.6617536377540367,0.7670399984280225,0.8227456609591492,0.3446778220925699,0.4200769978293113,"environment,material,process_history","{""environment"": 3, ""material"": 17, ""process_history"": 1}","Composition, wt.% N:numeric_sparse_0.34;Composition, wt.% C:numeric_sparse_0.45;Composition, wt.% Si:numeric_sparse_0.44;Composition, wt.% Mn:numeric_sparse_0.41;Composition, wt.% Cu:numeric_sparse_0.19;Composition, wt.% P:numeric_sparse_0.23;Composition, wt.% S:numeric_sparse_0.25;Test Solution:high_cardinality;Heat treatment:categorical_sparse_0.54;Microstructures:categorical_sparse_0.28",,,,,,,,,,,,,,,,,,,,,,,step-5000,5000
4,generic_baseline,local_tabicl_regressor,/home/fcolanto/projects/tabicl/checkpoints/tabicl_s1_regression_baseline/step-5500.ckpt,electrochemical_metrics_alloys__pitting_potential__epit_mv_sce_avg,electrochemical_metrics_alloys,Pitting Potential,"Epit, mV (SCE) Avg.",,continuous,0,,median,False,,608,487,121,21,False,0,,,,,epit_pipeline_development_fold_4,0,0,0,0,True,,,normal_corrosion,219.04208648743597,283.6273875296896,0.4138533828454144,0.5943781766497412,0.6663032278583921,0.4270658734401168,0.5529876925905433,"environment,material,process_history","{""environment"": 3, ""material"": 17, ""process_history"": 1}","Composition, wt.% N:numeric_sparse_0.34;Composition, wt.% C:numeric_sparse_0.45;Composition, wt.% Si:numeric_sparse_0.44;Composition, wt.% Mn:numeric_sparse_0.41;Composition, wt.% Cu:numeric_sparse_0.19;Composition, wt.% P:numeric_sparse_0.23;Composition, wt.% S:numeric_sparse_0.25;Test Solution:high_cardinality;Heat treatment:categorical_sparse_0.54;Microstructures:categorical_sparse_0.28",,,,,,,,,,,,,,,,,,,,,,,step-5500,5500
4,trial_0056,local_tabicl_regressor,/home/fcolanto/projects/tabicl/checkpoints/epit_pipeline_final_v1/final_epit_pipeline_optuna_empirical_features_scm_target_v7_trial_0056/step-5500.ckpt,electrochemical_metrics_alloys__pitting_potential__epit_mv_sce_avg,electrochemical_metrics_alloys,Pitting Potential,"Epit, mV (SCE) Avg.",,continuous,0,,median,False,,608,487,121,21,False,0,,,,,epit_pipeline_development_fold_4,0,0,0,0,True,,,normal_corrosion,194.5816857487592,261.26462547982305,0.5026396542776765,0.6671262040035323,0.7210534315822397,0.3793754840100589,0.5093870646906279,"environment,material,process_history","{""environment"": 3, ""material"": 17, ""process_history"": 1}","Composition, wt.% N:numeric_sparse_0.34;Composition, wt.% C:numeric_sparse_0.45;Composition, wt.% Si:numeric_sparse_0.44;Composition, wt.% Mn:numeric_sparse_0.41;Composition, wt.% Cu:numeric_sparse_0.19;Composition, wt.% P:numeric_sparse_0.23;Composition, wt.% S:numeric_sparse_0.25;Test Solution:high_cardinality;Heat treatment:categorical_sparse_0.54;Microstructures:categorical_sparse_0.28",,,,,,,,,,,,,,,,,,,,,,,step-5500,5500
4,pretrained_tabicl_v2,pretrained_tabicl_regressor,/home/fcolanto/.cache/huggingface/hub/models--jingang--TabICL/snapshots/4dcd344ece2c00be9e831fdd35bed57b5ad83e19/tabicl-regressor-v2-20260212.ckpt,electrochemical_metrics_alloys__pitting_potential__epit_mv_sce_avg,electrochemical_metrics_alloys,Pitting Potential,"Epit, mV (SCE) Avg.",,continuous,0,,median,False,,608,487,121,21,False,0,,,,,epit_pipeline_development_fold_4,0,0,0,0,True,,,normal_corrosion,179.26880134642678,246.08812648475617,0.558743360436929,0.7264166761737962,0.7510518633431433,0.349519987027543,0.4797974780361789,"environment,material,process_history","{""environment"": 3, ""material"": 17, ""process_history"": 1}","Composition, wt.% N:numeric_sparse_0.34;Composition, wt.% C:numeric_sparse_0.45;Composition, wt.% Si:numeric_sparse_0.44;Composition, wt.% Mn:numeric_sparse_0.41;Composition, wt.% Cu:numeric_sparse_0.19;Composition, wt.% P:numeric_sparse_0.23;Composition, wt.% S:numeric_sparse_0.25;Test Solution:high_cardinality;Heat treatment:categorical_sparse_0.54;Microstructures:categorical_sparse_0.28",,,,,,,,,,,,,,,,,,,,,,,step-5500,5500
4,catboost,catboost_regressor,catboost==1.2.10;iterations=1000;depth=6;learning_rate=0.03;l2_leaf_reg=3;thread_count=8,electrochemical_metrics_alloys__pitting_potential__epit_mv_sce_avg,electrochemical_metrics_alloys,Pitting Potential,"Epit, mV (SCE) Avg.",,continuous,0,,median,False,,608,487,121,21,False,0,,,,,epit_pipeline_development_fold_4,0,0,0,0,True,,,normal_corrosion,176.78525495127911,215.45749218665375,0.6617536377540367,0.7670399984280225,0.8227456609591492,0.3446778220925699,0.4200769978293113,"environment,material,process_history","{""environment"": 3, ""material"": 17, ""process_history"": 1}","Composition, wt.% N:numeric_sparse_0.34;Composition, wt.% C:numeric_sparse_0.45;Composition, wt.% Si:numeric_sparse_0.44;Composition, wt.% Mn:numeric_sparse_0.41;Composition, wt.% Cu:numeric_sparse_0.19;Composition, wt.% P:numeric_sparse_0.23;Composition, wt.% S:numeric_sparse_0.25;Test Solution:high_cardinality;Heat treatment:categorical_sparse_0.54;Microstructures:categorical_sparse_0.28",,,,,,,,,,,,,,,,,,,,,,,step-5500,5500
4,generic_baseline,local_tabicl_regressor,/home/fcolanto/projects/tabicl/checkpoints/tabicl_s1_regression_baseline/step-6000.ckpt,electrochemical_metrics_alloys__pitting_potential__epit_mv_sce_avg,electrochemical_metrics_alloys,Pitting Potential,"Epit, mV (SCE) Avg.",,continuous,0,,median,False,,608,487,121,21,False,0,,,,,epit_pipeline_development_fold_4,0,0,0,0,True,,,normal_corrosion,204.0278934175996,259.7330633396939,0.5084537255633794,0.6397267164929482,0.7146903281182807,0.3977927342905042,0.5064009813602923,"environment,material,process_history","{""environment"": 3, ""material"": 17, ""process_history"": 1}","Composition, wt.% N:numeric_sparse_0.34;Composition, wt.% C:numeric_sparse_0.45;Composition, wt.% Si:numeric_sparse_0.44;Composition, wt.% Mn:numeric_sparse_0.41;Composition, wt.% Cu:numeric_sparse_0.19;Composition, wt.% P:numeric_sparse_0.23;Composition, wt.% S:numeric_sparse_0.25;Test Solution:high_cardinality;Heat treatment:categorical_sparse_0.54;Microstructures:categorical_sparse_0.28",,,,,,,,,,,,,,,,,,,,,,,step-6000,6000
4,trial_0056,local_tabicl_regressor,/home/fcolanto/projects/tabicl/checkpoints/epit_pipeline_final_v1/final_epit_pipeline_optuna_empirical_features_scm_target_v7_trial_0056/step-6000.ckpt,electrochemical_metrics_alloys__pitting_potential__epit_mv_sce_avg,electrochemical_metrics_alloys,Pitting Potential,"Epit, mV (SCE) Avg.",,continuous,0,,median,False,,608,487,121,21,False,0,,,,,epit_pipeline_development_fold_4,0,0,0,0,True,,,normal_corrosion,200.5044859055338,260.05897902356924,0.5072193570923225,0.6364241450597896,0.7244013113906613,0.3909231544268547,0.5070364184511001,"environment,material,process_history","{""environment"": 3, ""material"": 17, ""process_history"": 1}","Composition, wt.% N:numeric_sparse_0.34;Composition, wt.% C:numeric_sparse_0.45;Composition, wt.% Si:numeric_sparse_0.44;Composition, wt.% Mn:numeric_sparse_0.41;Composition, wt.% Cu:numeric_sparse_0.19;Composition, wt.% P:numeric_sparse_0.23;Composition, wt.% S:numeric_sparse_0.25;Test Solution:high_cardinality;Heat treatment:categorical_sparse_0.54;Microstructures:categorical_sparse_0.28",,,,,,,,,,,,,,,,,,,,,,,step-6000,6000
4,pretrained_tabicl_v2,pretrained_tabicl_regressor,/home/fcolanto/.cache/huggingface/hub/models--jingang--TabICL/snapshots/4dcd344ece2c00be9e831fdd35bed57b5ad83e19/tabicl-regressor-v2-20260212.ckpt,electrochemical_metrics_alloys__pitting_potential__epit_mv_sce_avg,electrochemical_metrics_alloys,Pitting Potential,"Epit, mV (SCE) Avg.",,continuous,0,,median,False,,608,487,121,21,False,0,,,,,epit_pipeline_development_fold_4,0,0,0,0,True,,,normal_corrosion,179.26880134642678,246.08812648475617,0.558743360436929,0.7264166761737962,0.7510518633431433,0.349519987027543,0.4797974780361789,"environment,material,process_history","{""environment"": 3, ""material"": 17, ""process_history"": 1}","Composition, wt.% N:numeric_sparse_0.34;Composition, wt.% C:numeric_sparse_0.45;Composition, wt.% Si:numeric_sparse_0.44;Composition, wt.% Mn:numeric_sparse_0.41;Composition, wt.% Cu:numeric_sparse_0.19;Composition, wt.% P:numeric_sparse_0.23;Composition, wt.% S:numeric_sparse_0.25;Test Solution:high_cardinality;Heat treatment:categorical_sparse_0.54;Microstructures:categorical_sparse_0.28",,,,,,,,,,,,,,,,,,,,,,,step-6000,6000
4,catboost,catboost_regressor,catboost==1.2.10;iterations=1000;depth=6;learning_rate=0.03;l2_leaf_reg=3;thread_count=8,electrochemical_metrics_alloys__pitting_potential__epit_mv_sce_avg,electrochemical_metrics_alloys,Pitting Potential,"Epit, mV (SCE) Avg.",,continuous,0,,median,False,,608,487,121,21,False,0,,,,,epit_pipeline_development_fold_4,0,0,0,0,True,,,normal_corrosion,176.78525495127911,215.45749218665375,0.6617536377540367,0.7670399984280225,0.8227456609591492,0.3446778220925699,0.4200769978293113,"environment,material,process_history","{""environment"": 3, ""material"": 17, ""process_history"": 1}","Composition, wt.% N:numeric_sparse_0.34;Composition, wt.% C:numeric_sparse_0.45;Composition, wt.% Si:numeric_sparse_0.44;Composition, wt.% Mn:numeric_sparse_0.41;Composition, wt.% Cu:numeric_sparse_0.19;Composition, wt.% P:numeric_sparse_0.23;Composition, wt.% S:numeric_sparse_0.25;Test Solution:high_cardinality;Heat treatment:categorical_sparse_0.54;Microstructures:categorical_sparse_0.28",,,,,,,,,,,,,,,,,,,,,,,step-6000,6000
4,generic_baseline,local_tabicl_regressor,/home/fcolanto/projects/tabicl/checkpoints/tabicl_s1_regression_baseline/step-6500.ckpt,electrochemical_metrics_alloys__pitting_potential__epit_mv_sce_avg,electrochemical_metrics_alloys,Pitting Potential,"Epit, mV (SCE) Avg.",,continuous,0,,median,False,,608,487,121,21,False,0,,,,,epit_pipeline_development_fold_4,0,0,0,0,True,,,normal_corrosion,201.8428888979715,252.71149831951163,0.5346711933907884,0.6597487675097689,0.7312919867892304,0.3935326357924966,0.4927110515100636,"environment,material,process_history","{""environment"": 3, ""material"": 17, ""process_history"": 1}","Composition, wt.% N:numeric_sparse_0.34;Composition, wt.% C:numeric_sparse_0.45;Composition, wt.% Si:numeric_sparse_0.44;Composition, wt.% Mn:numeric_sparse_0.41;Composition, wt.% Cu:numeric_sparse_0.19;Composition, wt.% P:numeric_sparse_0.23;Composition, wt.% S:numeric_sparse_0.25;Test Solution:high_cardinality;Heat treatment:categorical_sparse_0.54;Microstructures:categorical_sparse_0.28",,,,,,,,,,,,,,,,,,,,,,,step-6500,6500
4,trial_0056,local_tabicl_regressor,/home/fcolanto/projects/tabicl/checkpoints/epit_pipeline_final_v1/final_epit_pipeline_optuna_empirical_features_scm_target_v7_trial_0056/step-6500.ckpt,electrochemical_metrics_alloys__pitting_potential__epit_mv_sce_avg,electrochemical_metrics_alloys,Pitting Potential,"Epit, mV (SCE) Avg.",,continuous,0,,median,False,,608,487,121,21,False,0,,,,,epit_pipeline_development_fold_4,0,0,0,0,True,,,normal_corrosion,201.68665647519583,262.9860514750454,0.4960640254567899,0.6769695605007209,0.7360492036731477,0.3932280297820156,0.5127433251609386,"environment,material,process_history","{""environment"": 3, ""material"": 17, ""process_history"": 1}","Composition, wt.% N:numeric_sparse_0.34;Composition, wt.% C:numeric_sparse_0.45;Composition, wt.% Si:numeric_sparse_0.44;Composition, wt.% Mn:numeric_sparse_0.41;Composition, wt.% Cu:numeric_sparse_0.19;Composition, wt.% P:numeric_sparse_0.23;Composition, wt.% S:numeric_sparse_0.25;Test Solution:high_cardinality;Heat treatment:categorical_sparse_0.54;Microstructures:categorical_sparse_0.28",,,,,,,,,,,,,,,,,,,,,,,step-6500,6500
4,pretrained_tabicl_v2,pretrained_tabicl_regressor,/home/fcolanto/.cache/huggingface/hub/models--jingang--TabICL/snapshots/4dcd344ece2c00be9e831fdd35bed57b5ad83e19/tabicl-regressor-v2-20260212.ckpt,electrochemical_metrics_alloys__pitting_potential__epit_mv_sce_avg,electrochemical_metrics_alloys,Pitting Potential,"Epit, mV (SCE) Avg.",,continuous,0,,median,False,,608,487,121,21,False,0,,,,,epit_pipeline_development_fold_4,0,0,0,0,True,,,normal_corrosion,179.26880134642678,246.08812648475617,0.558743360436929,0.7264166761737962,0.7510518633431433,0.349519987027543,0.4797974780361789,"environment,material,process_history","{""environment"": 3, ""material"": 17, ""process_history"": 1}","Composition, wt.% N:numeric_sparse_0.34;Composition, wt.% C:numeric_sparse_0.45;Composition, wt.% Si:numeric_sparse_0.44;Composition, wt.% Mn:numeric_sparse_0.41;Composition, wt.% Cu:numeric_sparse_0.19;Composition, wt.% P:numeric_sparse_0.23;Composition, wt.% S:numeric_sparse_0.25;Test Solution:high_cardinality;Heat treatment:categorical_sparse_0.54;Microstructures:categorical_sparse_0.28",,,,,,,,,,,,,,,,,,,,,,,step-6500,6500
4,catboost,catboost_regressor,catboost==1.2.10;iterations=1000;depth=6;learning_rate=0.03;l2_leaf_reg=3;thread_count=8,electrochemical_metrics_alloys__pitting_potential__epit_mv_sce_avg,electrochemical_metrics_alloys,Pitting Potential,"Epit, mV (SCE) Avg.",,continuous,0,,median,False,,608,487,121,21,False,0,,,,,epit_pipeline_development_fold_4,0,0,0,0,True,,,normal_corrosion,176.78525495127911,215.45749218665375,0.6617536377540367,0.7670399984280225,0.8227456609591492,0.3446778220925699,0.4200769978293113,"environment,material,process_history","{""environment"": 3, ""material"": 17, ""process_history"": 1}","Composition, wt.% N:numeric_sparse_0.34;Composition, wt.% C:numeric_sparse_0.45;Composition, wt.% Si:numeric_sparse_0.44;Composition, wt.% Mn:numeric_sparse_0.41;Composition, wt.% Cu:numeric_sparse_0.19;Composition, wt.% P:numeric_sparse_0.23;Composition, wt.% S:numeric_sparse_0.25;Test Solution:high_cardinality;Heat treatment:categorical_sparse_0.54;Microstructures:categorical_sparse_0.28",,,,,,,,,,,,,,,,,,,,,,,step-6500,6500
4,generic_baseline,local_tabicl_regressor,/home/fcolanto/projects/tabicl/checkpoints/tabicl_s1_regression_baseline/step-7000.ckpt,electrochemical_metrics_alloys__pitting_potential__epit_mv_sce_avg,electrochemical_metrics_alloys,Pitting Potential,"Epit, mV (SCE) Avg.",,continuous,0,,median,False,,608,487,121,21,False,0,,,,,epit_pipeline_development_fold_4,0,0,0,0,True,,,normal_corrosion,204.2833684577517,261.9909608868692,0.4998704115587751,0.6355570083552885,0.7091307474789894,0.3982908334134367,0.5108031992335137,"environment,material,process_history","{""environment"": 3, ""material"": 17, ""process_history"": 1}","Composition, wt.% N:numeric_sparse_0.34;Composition, wt.% C:numeric_sparse_0.45;Composition, wt.% Si:numeric_sparse_0.44;Composition, wt.% Mn:numeric_sparse_0.41;Composition, wt.% Cu:numeric_sparse_0.19;Composition, wt.% P:numeric_sparse_0.23;Composition, wt.% S:numeric_sparse_0.25;Test Solution:high_cardinality;Heat treatment:categorical_sparse_0.54;Microstructures:categorical_sparse_0.28",,,,,,,,,,,,,,,,,,,,,,,step-7000,7000
4,trial_0056,local_tabicl_regressor,/home/fcolanto/projects/tabicl/checkpoints/epit_pipeline_final_v1/final_epit_pipeline_optuna_empirical_features_scm_target_v7_trial_0056/step-7000.ckpt,electrochemical_metrics_alloys__pitting_potential__epit_mv_sce_avg,electrochemical_metrics_alloys,Pitting Potential,"Epit, mV (SCE) Avg.",,continuous,0,,median,False,,608,487,121,21,False,0,,,,,epit_pipeline_development_fold_4,0,0,0,0,True,,,normal_corrosion,194.96327444343413,262.7367089774802,0.4970191566271689,0.6552098488221458,0.7158452499135495,0.3801194666473662,0.5122571826427768,"environment,material,process_history","{""environment"": 3, ""material"": 17, ""process_history"": 1}","Composition, wt.% N:numeric_sparse_0.34;Composition, wt.% C:numeric_sparse_0.45;Composition, wt.% Si:numeric_sparse_0.44;Composition, wt.% Mn:numeric_sparse_0.41;Composition, wt.% Cu:numeric_sparse_0.19;Composition, wt.% P:numeric_sparse_0.23;Composition, wt.% S:numeric_sparse_0.25;Test Solution:high_cardinality;Heat treatment:categorical_sparse_0.54;Microstructures:categorical_sparse_0.28",,,,,,,,,,,,,,,,,,,,,,,step-7000,7000
4,pretrained_tabicl_v2,pretrained_tabicl_regressor,/home/fcolanto/.cache/huggingface/hub/models--jingang--TabICL/snapshots/4dcd344ece2c00be9e831fdd35bed57b5ad83e19/tabicl-regressor-v2-20260212.ckpt,electrochemical_metrics_alloys__pitting_potential__epit_mv_sce_avg,electrochemical_metrics_alloys,Pitting Potential,"Epit, mV (SCE) Avg.",,continuous,0,,median,False,,608,487,121,21,False,0,,,,,epit_pipeline_development_fold_4,0,0,0,0,True,,,normal_corrosion,179.26880134642678,246.08812648475617,0.558743360436929,0.7264166761737962,0.7510518633431433,0.349519987027543,0.4797974780361789,"environment,material,process_history","{""environment"": 3, ""material"": 17, ""process_history"": 1}","Composition, wt.% N:numeric_sparse_0.34;Composition, wt.% C:numeric_sparse_0.45;Composition, wt.% Si:numeric_sparse_0.44;Composition, wt.% Mn:numeric_sparse_0.41;Composition, wt.% Cu:numeric_sparse_0.19;Composition, wt.% P:numeric_sparse_0.23;Composition, wt.% S:numeric_sparse_0.25;Test Solution:high_cardinality;Heat treatment:categorical_sparse_0.54;Microstructures:categorical_sparse_0.28",,,,,,,,,,,,,,,,,,,,,,,step-7000,7000
4,catboost,catboost_regressor,catboost==1.2.10;iterations=1000;depth=6;learning_rate=0.03;l2_leaf_reg=3;thread_count=8,electrochemical_metrics_alloys__pitting_potential__epit_mv_sce_avg,electrochemical_metrics_alloys,Pitting Potential,"Epit, mV (SCE) Avg.",,continuous,0,,median,False,,608,487,121,21,False,0,,,,,epit_pipeline_development_fold_4,0,0,0,0,True,,,normal_corrosion,176.78525495127911,215.45749218665375,0.6617536377540367,0.7670399984280225,0.8227456609591492,0.3446778220925699,0.4200769978293113,"environment,material,process_history","{""environment"": 3, ""material"": 17, ""process_history"": 1}","Composition, wt.% N:numeric_sparse_0.34;Composition, wt.% C:numeric_sparse_0.45;Composition, wt.% Si:numeric_sparse_0.44;Composition, wt.% Mn:numeric_sparse_0.41;Composition, wt.% Cu:numeric_sparse_0.19;Composition, wt.% P:numeric_sparse_0.23;Composition, wt.% S:numeric_sparse_0.25;Test Solution:high_cardinality;Heat treatment:categorical_sparse_0.54;Microstructures:categorical_sparse_0.28",,,,,,,,,,,,,,,,,,,,,,,step-7000,7000
4,generic_baseline,local_tabicl_regressor,/home/fcolanto/projects/tabicl/checkpoints/tabicl_s1_regression_baseline/step-7500.ckpt,electrochemical_metrics_alloys__pitting_potential__epit_mv_sce_avg,electrochemical_metrics_alloys,Pitting Potential,"Epit, mV (SCE) Avg.",,continuous,0,,median,False,,608,487,121,21,False,0,,,,,epit_pipeline_development_fold_4,0,0,0,0,True,,,normal_corrosion,218.84383589938716,273.8475674499752,0.4535785889978517,0.6066468061173312,0.6873851504521684,0.4266793447053756,0.5339199989276179,"environment,material,process_history","{""environment"": 3, ""material"": 17, ""process_history"": 1}","Composition, wt.% N:numeric_sparse_0.34;Composition, wt.% C:numeric_sparse_0.45;Composition, wt.% Si:numeric_sparse_0.44;Composition, wt.% Mn:numeric_sparse_0.41;Composition, wt.% Cu:numeric_sparse_0.19;Composition, wt.% P:numeric_sparse_0.23;Composition, wt.% S:numeric_sparse_0.25;Test Solution:high_cardinality;Heat treatment:categorical_sparse_0.54;Microstructures:categorical_sparse_0.28",,,,,,,,,,,,,,,,,,,,,,,step-7500,7500
4,trial_0056,local_tabicl_regressor,/home/fcolanto/projects/tabicl/checkpoints/epit_pipeline_final_v1/final_epit_pipeline_optuna_empirical_features_scm_target_v7_trial_0056/step-7500.ckpt,electrochemical_metrics_alloys__pitting_potential__epit_mv_sce_avg,electrochemical_metrics_alloys,Pitting Potential,"Epit, mV (SCE) Avg.",,continuous,0,,median,False,,608,487,121,21,False,0,,,,,epit_pipeline_development_fold_4,0,0,0,0,True,,,normal_corrosion,205.87150104931445,271.24403205931816,0.4639191215963361,0.6123407779933718,0.6986289417787044,0.4013872120282988,0.528843891712455,"environment,material,process_history","{""environment"": 3, ""material"": 17, ""process_history"": 1}","Composition, wt.% N:numeric_sparse_0.34;Composition, wt.% C:numeric_sparse_0.45;Composition, wt.% Si:numeric_sparse_0.44;Composition, wt.% Mn:numeric_sparse_0.41;Composition, wt.% Cu:numeric_sparse_0.19;Composition, wt.% P:numeric_sparse_0.23;Composition, wt.% S:numeric_sparse_0.25;Test Solution:high_cardinality;Heat treatment:categorical_sparse_0.54;Microstructures:categorical_sparse_0.28",,,,,,,,,,,,,,,,,,,,,,,step-7500,7500
4,pretrained_tabicl_v2,pretrained_tabicl_regressor,/home/fcolanto/.cache/huggingface/hub/models--jingang--TabICL/snapshots/4dcd344ece2c00be9e831fdd35bed57b5ad83e19/tabicl-regressor-v2-20260212.ckpt,electrochemical_metrics_alloys__pitting_potential__epit_mv_sce_avg,electrochemical_metrics_alloys,Pitting Potential,"Epit, mV (SCE) Avg.",,continuous,0,,median,False,,608,487,121,21,False,0,,,,,epit_pipeline_development_fold_4,0,0,0,0,True,,,normal_corrosion,179.26880134642678,246.08812648475617,0.558743360436929,0.7264166761737962,0.7510518633431433,0.349519987027543,0.4797974780361789,"environment,material,process_history","{""environment"": 3, ""material"": 17, ""process_history"": 1}","Composition, wt.% N:numeric_sparse_0.34;Composition, wt.% C:numeric_sparse_0.45;Composition, wt.% Si:numeric_sparse_0.44;Composition, wt.% Mn:numeric_sparse_0.41;Composition, wt.% Cu:numeric_sparse_0.19;Composition, wt.% P:numeric_sparse_0.23;Composition, wt.% S:numeric_sparse_0.25;Test Solution:high_cardinality;Heat treatment:categorical_sparse_0.54;Microstructures:categorical_sparse_0.28",,,,,,,,,,,,,,,,,,,,,,,step-7500,7500
4,catboost,catboost_regressor,catboost==1.2.10;iterations=1000;depth=6;learning_rate=0.03;l2_leaf_reg=3;thread_count=8,electrochemical_metrics_alloys__pitting_potential__epit_mv_sce_avg,electrochemical_metrics_alloys,Pitting Potential,"Epit, mV (SCE) Avg.",,continuous,0,,median,False,,608,487,121,21,False,0,,,,,epit_pipeline_development_fold_4,0,0,0,0,True,,,normal_corrosion,176.78525495127911,215.45749218665375,0.6617536377540367,0.7670399984280225,0.8227456609591492,0.3446778220925699,0.4200769978293113,"environment,material,process_history","{""environment"": 3, ""material"": 17, ""process_history"": 1}","Composition, wt.% N:numeric_sparse_0.34;Composition, wt.% C:numeric_sparse_0.45;Composition, wt.% Si:numeric_sparse_0.44;Composition, wt.% Mn:numeric_sparse_0.41;Composition, wt.% Cu:numeric_sparse_0.19;Composition, wt.% P:numeric_sparse_0.23;Composition, wt.% S:numeric_sparse_0.25;Test Solution:high_cardinality;Heat treatment:categorical_sparse_0.54;Microstructures:categorical_sparse_0.28",,,,,,,,,,,,,,,,,,,,,,,step-7500,7500
4,generic_baseline,local_tabicl_regressor,/home/fcolanto/projects/tabicl/checkpoints/tabicl_s1_regression_baseline/step-8000.ckpt,electrochemical_metrics_alloys__pitting_potential__epit_mv_sce_avg,electrochemical_metrics_alloys,Pitting Potential,"Epit, mV (SCE) Avg.",,continuous,0,,median,False,,608,487,121,21,False,0,,,,,epit_pipeline_development_fold_4,0,0,0,0,True,,,normal_corrosion,211.5582932785807,267.92023528050595,0.4769767858625747,0.615985461954478,0.6941915901240707,0.4124747383087945,0.5223634924556559,"environment,material,process_history","{""environment"": 3, ""material"": 17, ""process_history"": 1}","Composition, wt.% N:numeric_sparse_0.34;Composition, wt.% C:numeric_sparse_0.45;Composition, wt.% Si:numeric_sparse_0.44;Composition, wt.% Mn:numeric_sparse_0.41;Composition, wt.% Cu:numeric_sparse_0.19;Composition, wt.% P:numeric_sparse_0.23;Composition, wt.% S:numeric_sparse_0.25;Test Solution:high_cardinality;Heat treatment:categorical_sparse_0.54;Microstructures:categorical_sparse_0.28",,,,,,,,,,,,,,,,,,,,,,,step-8000,8000
4,trial_0056,local_tabicl_regressor,/home/fcolanto/projects/tabicl/checkpoints/epit_pipeline_final_v1/final_epit_pipeline_optuna_empirical_features_scm_target_v7_trial_0056/step-8000.ckpt,electrochemical_metrics_alloys__pitting_potential__epit_mv_sce_avg,electrochemical_metrics_alloys,Pitting Potential,"Epit, mV (SCE) Avg.",,continuous,0,,median,False,,608,487,121,21,False,0,,,,,epit_pipeline_development_fold_4,0,0,0,0,True,,,normal_corrosion,194.5459090587412,256.20552358934293,0.521714835016996,0.6634578092731623,0.7450058531968441,0.3793057302763524,0.4995233448807622,"environment,material,process_history","{""environment"": 3, ""material"": 17, ""process_history"": 1}","Composition, wt.% N:numeric_sparse_0.34;Composition, wt.% C:numeric_sparse_0.45;Composition, wt.% Si:numeric_sparse_0.44;Composition, wt.% Mn:numeric_sparse_0.41;Composition, wt.% Cu:numeric_sparse_0.19;Composition, wt.% P:numeric_sparse_0.23;Composition, wt.% S:numeric_sparse_0.25;Test Solution:high_cardinality;Heat treatment:categorical_sparse_0.54;Microstructures:categorical_sparse_0.28",,,,,,,,,,,,,,,,,,,,,,,step-8000,8000
4,pretrained_tabicl_v2,pretrained_tabicl_regressor,/home/fcolanto/.cache/huggingface/hub/models--jingang--TabICL/snapshots/4dcd344ece2c00be9e831fdd35bed57b5ad83e19/tabicl-regressor-v2-20260212.ckpt,electrochemical_metrics_alloys__pitting_potential__epit_mv_sce_avg,electrochemical_metrics_alloys,Pitting Potential,"Epit, mV (SCE) Avg.",,continuous,0,,median,False,,608,487,121,21,False,0,,,,,epit_pipeline_development_fold_4,0,0,0,0,True,,,normal_corrosion,179.26880134642678,246.08812648475617,0.558743360436929,0.7264166761737962,0.7510518633431433,0.349519987027543,0.4797974780361789,"environment,material,process_history","{""environment"": 3, ""material"": 17, ""process_history"": 1}","Composition, wt.% N:numeric_sparse_0.34;Composition, wt.% C:numeric_sparse_0.45;Composition, wt.% Si:numeric_sparse_0.44;Composition, wt.% Mn:numeric_sparse_0.41;Composition, wt.% Cu:numeric_sparse_0.19;Composition, wt.% P:numeric_sparse_0.23;Composition, wt.% S:numeric_sparse_0.25;Test Solution:high_cardinality;Heat treatment:categorical_sparse_0.54;Microstructures:categorical_sparse_0.28",,,,,,,,,,,,,,,,,,,,,,,step-8000,8000
4,catboost,catboost_regressor,catboost==1.2.10;iterations=1000;depth=6;learning_rate=0.03;l2_leaf_reg=3;thread_count=8,electrochemical_metrics_alloys__pitting_potential__epit_mv_sce_avg,electrochemical_metrics_alloys,Pitting Potential,"Epit, mV (SCE) Avg.",,continuous,0,,median,False,,608,487,121,21,False,0,,,,,epit_pipeline_development_fold_4,0,0,0,0,True,,,normal_corrosion,176.78525495127911,215.45749218665375,0.6617536377540367,0.7670399984280225,0.8227456609591492,0.3446778220925699,0.4200769978293113,"environment,material,process_history","{""environment"": 3, ""material"": 17, ""process_history"": 1}","Composition, wt.% N:numeric_sparse_0.34;Composition, wt.% C:numeric_sparse_0.45;Composition, wt.% Si:numeric_sparse_0.44;Composition, wt.% Mn:numeric_sparse_0.41;Composition, wt.% Cu:numeric_sparse_0.19;Composition, wt.% P:numeric_sparse_0.23;Composition, wt.% S:numeric_sparse_0.25;Test Solution:high_cardinality;Heat treatment:categorical_sparse_0.54;Microstructures:categorical_sparse_0.28",,,,,,,,,,,,,,,,,,,,,,,step-8000,8000
4,generic_baseline,local_tabicl_regressor,/home/fcolanto/projects/tabicl/checkpoints/tabicl_s1_regression_baseline/step-8500.ckpt,electrochemical_metrics_alloys__pitting_potential__epit_mv_sce_avg,electrochemical_metrics_alloys,Pitting Potential,"Epit, mV (SCE) Avg.",,continuous,0,,median,False,,608,487,121,21,False,0,,,,,epit_pipeline_development_fold_4,0,0,0,0,True,,,normal_corrosion,208.97030694753727,264.06650630698425,0.49191476712464,0.6302966048314984,0.707181863176507,0.4074289470609034,0.5148498855663566,"environment,material,process_history","{""environment"": 3, ""material"": 17, ""process_history"": 1}","Composition, wt.% N:numeric_sparse_0.34;Composition, wt.% C:numeric_sparse_0.45;Composition, wt.% Si:numeric_sparse_0.44;Composition, wt.% Mn:numeric_sparse_0.41;Composition, wt.% Cu:numeric_sparse_0.19;Composition, wt.% P:numeric_sparse_0.23;Composition, wt.% S:numeric_sparse_0.25;Test Solution:high_cardinality;Heat treatment:categorical_sparse_0.54;Microstructures:categorical_sparse_0.28",,,,,,,,,,,,,,,,,,,,,,,step-8500,8500
4,trial_0056,local_tabicl_regressor,/home/fcolanto/projects/tabicl/checkpoints/epit_pipeline_final_v1/final_epit_pipeline_optuna_empirical_features_scm_target_v7_trial_0056/step-8500.ckpt,electrochemical_metrics_alloys__pitting_potential__epit_mv_sce_avg,electrochemical_metrics_alloys,Pitting Potential,"Epit, mV (SCE) Avg.",,continuous,0,,median,False,,608,487,121,21,False,0,,,,,epit_pipeline_development_fold_4,0,0,0,0,True,,,normal_corrosion,200.61488377908915,262.9984668996538,0.4960164432618476,0.6473412606793486,0.7265080578971344,0.3911383969177016,0.5127675314869444,"environment,material,process_history","{""environment"": 3, ""material"": 17, ""process_history"": 1}","Composition, wt.% N:numeric_sparse_0.34;Composition, wt.% C:numeric_sparse_0.45;Composition, wt.% Si:numeric_sparse_0.44;Composition, wt.% Mn:numeric_sparse_0.41;Composition, wt.% Cu:numeric_sparse_0.19;Composition, wt.% P:numeric_sparse_0.23;Composition, wt.% S:numeric_sparse_0.25;Test Solution:high_cardinality;Heat treatment:categorical_sparse_0.54;Microstructures:categorical_sparse_0.28",,,,,,,,,,,,,,,,,,,,,,,step-8500,8500
4,pretrained_tabicl_v2,pretrained_tabicl_regressor,/home/fcolanto/.cache/huggingface/hub/models--jingang--TabICL/snapshots/4dcd344ece2c00be9e831fdd35bed57b5ad83e19/tabicl-regressor-v2-20260212.ckpt,electrochemical_metrics_alloys__pitting_potential__epit_mv_sce_avg,electrochemical_metrics_alloys,Pitting Potential,"Epit, mV (SCE) Avg.",,continuous,0,,median,False,,608,487,121,21,False,0,,,,,epit_pipeline_development_fold_4,0,0,0,0,True,,,normal_corrosion,179.26880134642678,246.08812648475617,0.558743360436929,0.7264166761737962,0.7510518633431433,0.349519987027543,0.4797974780361789,"environment,material,process_history","{""environment"": 3, ""material"": 17, ""process_history"": 1}","Composition, wt.% N:numeric_sparse_0.34;Composition, wt.% C:numeric_sparse_0.45;Composition, wt.% Si:numeric_sparse_0.44;Composition, wt.% Mn:numeric_sparse_0.41;Composition, wt.% Cu:numeric_sparse_0.19;Composition, wt.% P:numeric_sparse_0.23;Composition, wt.% S:numeric_sparse_0.25;Test Solution:high_cardinality;Heat treatment:categorical_sparse_0.54;Microstructures:categorical_sparse_0.28",,,,,,,,,,,,,,,,,,,,,,,step-8500,8500
4,catboost,catboost_regressor,catboost==1.2.10;iterations=1000;depth=6;learning_rate=0.03;l2_leaf_reg=3;thread_count=8,electrochemical_metrics_alloys__pitting_potential__epit_mv_sce_avg,electrochemical_metrics_alloys,Pitting Potential,"Epit, mV (SCE) Avg.",,continuous,0,,median,False,,608,487,121,21,False,0,,,,,epit_pipeline_development_fold_4,0,0,0,0,True,,,normal_corrosion,176.78525495127911,215.45749218665375,0.6617536377540367,0.7670399984280225,0.8227456609591492,0.3446778220925699,0.4200769978293113,"environment,material,process_history","{""environment"": 3, ""material"": 17, ""process_history"": 1}","Composition, wt.% N:numeric_sparse_0.34;Composition, wt.% C:numeric_sparse_0.45;Composition, wt.% Si:numeric_sparse_0.44;Composition, wt.% Mn:numeric_sparse_0.41;Composition, wt.% Cu:numeric_sparse_0.19;Composition, wt.% P:numeric_sparse_0.23;Composition, wt.% S:numeric_sparse_0.25;Test Solution:high_cardinality;Heat treatment:categorical_sparse_0.54;Microstructures:categorical_sparse_0.28",,,,,,,,,,,,,,,,,,,,,,,step-8500,8500
4,generic_baseline,local_tabicl_regressor,/home/fcolanto/projects/tabicl/checkpoints/tabicl_s1_regression_baseline/step-9000.ckpt,electrochemical_metrics_alloys__pitting_potential__epit_mv_sce_avg,electrochemical_metrics_alloys,Pitting Potential,"Epit, mV (SCE) Avg.",,continuous,0,,median,False,,608,487,121,21,False,0,,,,,epit_pipeline_development_fold_4,0,0,0,0,True,,,normal_corrosion,214.45311672365432,266.3412413383352,0.4831235175691338,0.6332198039564377,0.7023927708561398,0.4181187692018996,0.5192849314453796,"environment,material,process_history","{""environment"": 3, ""material"": 17, ""process_history"": 1}","Composition, wt.% N:numeric_sparse_0.34;Composition, wt.% C:numeric_sparse_0.45;Composition, wt.% Si:numeric_sparse_0.44;Composition, wt.% Mn:numeric_sparse_0.41;Composition, wt.% Cu:numeric_sparse_0.19;Composition, wt.% P:numeric_sparse_0.23;Composition, wt.% S:numeric_sparse_0.25;Test Solution:high_cardinality;Heat treatment:categorical_sparse_0.54;Microstructures:categorical_sparse_0.28",,,,,,,,,,,,,,,,,,,,,,,step-9000,9000
4,trial_0056,local_tabicl_regressor,/home/fcolanto/projects/tabicl/checkpoints/epit_pipeline_final_v1/final_epit_pipeline_optuna_empirical_features_scm_target_v7_trial_0056/step-9000.ckpt,electrochemical_metrics_alloys__pitting_potential__epit_mv_sce_avg,electrochemical_metrics_alloys,Pitting Potential,"Epit, mV (SCE) Avg.",,continuous,0,,median,False,,608,487,121,21,False,0,,,,,epit_pipeline_development_fold_4,0,0,0,0,True,,,normal_corrosion,198.27847651833403,257.77396109282563,0.5158409838731022,0.6542004475020625,0.7429513617570013,0.3865831088288829,0.502581324025786,"environment,material,process_history","{""environment"": 3, ""material"": 17, ""process_history"": 1}","Composition, wt.% N:numeric_sparse_0.34;Composition, wt.% C:numeric_sparse_0.45;Composition, wt.% Si:numeric_sparse_0.44;Composition, wt.% Mn:numeric_sparse_0.41;Composition, wt.% Cu:numeric_sparse_0.19;Composition, wt.% P:numeric_sparse_0.23;Composition, wt.% S:numeric_sparse_0.25;Test Solution:high_cardinality;Heat treatment:categorical_sparse_0.54;Microstructures:categorical_sparse_0.28",,,,,,,,,,,,,,,,,,,,,,,step-9000,9000
4,pretrained_tabicl_v2,pretrained_tabicl_regressor,/home/fcolanto/.cache/huggingface/hub/models--jingang--TabICL/snapshots/4dcd344ece2c00be9e831fdd35bed57b5ad83e19/tabicl-regressor-v2-20260212.ckpt,electrochemical_metrics_alloys__pitting_potential__epit_mv_sce_avg,electrochemical_metrics_alloys,Pitting Potential,"Epit, mV (SCE) Avg.",,continuous,0,,median,False,,608,487,121,21,False,0,,,,,epit_pipeline_development_fold_4,0,0,0,0,True,,,normal_corrosion,179.26880134642678,246.08812648475617,0.558743360436929,0.7264166761737962,0.7510518633431433,0.349519987027543,0.4797974780361789,"environment,material,process_history","{""environment"": 3, ""material"": 17, ""process_history"": 1}","Composition, wt.% N:numeric_sparse_0.34;Composition, wt.% C:numeric_sparse_0.45;Composition, wt.% Si:numeric_sparse_0.44;Composition, wt.% Mn:numeric_sparse_0.41;Composition, wt.% Cu:numeric_sparse_0.19;Composition, wt.% P:numeric_sparse_0.23;Composition, wt.% S:numeric_sparse_0.25;Test Solution:high_cardinality;Heat treatment:categorical_sparse_0.54;Microstructures:categorical_sparse_0.28",,,,,,,,,,,,,,,,,,,,,,,step-9000,9000
4,catboost,catboost_regressor,catboost==1.2.10;iterations=1000;depth=6;learning_rate=0.03;l2_leaf_reg=3;thread_count=8,electrochemical_metrics_alloys__pitting_potential__epit_mv_sce_avg,electrochemical_metrics_alloys,Pitting Potential,"Epit, mV (SCE) Avg.",,continuous,0,,median,False,,608,487,121,21,False,0,,,,,epit_pipeline_development_fold_4,0,0,0,0,True,,,normal_corrosion,176.78525495127911,215.45749218665375,0.6617536377540367,0.7670399984280225,0.8227456609591492,0.3446778220925699,0.4200769978293113,"environment,material,process_history","{""environment"": 3, ""material"": 17, ""process_history"": 1}","Composition, wt.% N:numeric_sparse_0.34;Composition, wt.% C:numeric_sparse_0.45;Composition, wt.% Si:numeric_sparse_0.44;Composition, wt.% Mn:numeric_sparse_0.41;Composition, wt.% Cu:numeric_sparse_0.19;Composition, wt.% P:numeric_sparse_0.23;Composition, wt.% S:numeric_sparse_0.25;Test Solution:high_cardinality;Heat treatment:categorical_sparse_0.54;Microstructures:categorical_sparse_0.28",,,,,,,,,,,,,,,,,,,,,,,step-9000,9000
4,generic_baseline,local_tabicl_regressor,/home/fcolanto/projects/tabicl/checkpoints/tabicl_s1_regression_baseline/step-9500.ckpt,electrochemical_metrics_alloys__pitting_potential__epit_mv_sce_avg,electrochemical_metrics_alloys,Pitting Potential,"Epit, mV (SCE) Avg.",,continuous,0,,median,False,,608,487,121,21,False,0,,,,,epit_pipeline_development_fold_4,0,0,0,0,True,,,normal_corrosion,212.64139567853067,264.67425447326286,0.489573362983453,0.652574566181123,0.7162593301293534,0.4145864606717307,0.5160348108271844,"environment,material,process_history","{""environment"": 3, ""material"": 17, ""process_history"": 1}","Composition, wt.% N:numeric_sparse_0.34;Composition, wt.% C:numeric_sparse_0.45;Composition, wt.% Si:numeric_sparse_0.44;Composition, wt.% Mn:numeric_sparse_0.41;Composition, wt.% Cu:numeric_sparse_0.19;Composition, wt.% P:numeric_sparse_0.23;Composition, wt.% S:numeric_sparse_0.25;Test Solution:high_cardinality;Heat treatment:categorical_sparse_0.54;Microstructures:categorical_sparse_0.28",,,,,,,,,,,,,,,,,,,,,,,step-9500,9500
4,trial_0056,local_tabicl_regressor,/home/fcolanto/projects/tabicl/checkpoints/epit_pipeline_final_v1/final_epit_pipeline_optuna_empirical_features_scm_target_v7_trial_0056/step-9500.ckpt,electrochemical_metrics_alloys__pitting_potential__epit_mv_sce_avg,electrochemical_metrics_alloys,Pitting Potential,"Epit, mV (SCE) Avg.",,continuous,0,,median,False,,608,487,121,21,False,0,,,,,epit_pipeline_development_fold_4,0,0,0,0,True,,,normal_corrosion,198.87193433143932,258.8400327218017,0.5118280455475772,0.6473175499100849,0.7388138163870881,0.3877401722196127,0.5046598415320759,"environment,material,process_history","{""environment"": 3, ""material"": 17, ""process_history"": 1}","Composition, wt.% N:numeric_sparse_0.34;Composition, wt.% C:numeric_sparse_0.45;Composition, wt.% Si:numeric_sparse_0.44;Composition, wt.% Mn:numeric_sparse_0.41;Composition, wt.% Cu:numeric_sparse_0.19;Composition, wt.% P:numeric_sparse_0.23;Composition, wt.% S:numeric_sparse_0.25;Test Solution:high_cardinality;Heat treatment:categorical_sparse_0.54;Microstructures:categorical_sparse_0.28",,,,,,,,,,,,,,,,,,,,,,,step-9500,9500
4,pretrained_tabicl_v2,pretrained_tabicl_regressor,/home/fcolanto/.cache/huggingface/hub/models--jingang--TabICL/snapshots/4dcd344ece2c00be9e831fdd35bed57b5ad83e19/tabicl-regressor-v2-20260212.ckpt,electrochemical_metrics_alloys__pitting_potential__epit_mv_sce_avg,electrochemical_metrics_alloys,Pitting Potential,"Epit, mV (SCE) Avg.",,continuous,0,,median,False,,608,487,121,21,False,0,,,,,epit_pipeline_development_fold_4,0,0,0,0,True,,,normal_corrosion,179.26880134642678,246.08812648475617,0.558743360436929,0.7264166761737962,0.7510518633431433,0.349519987027543,0.4797974780361789,"environment,material,process_history","{""environment"": 3, ""material"": 17, ""process_history"": 1}","Composition, wt.% N:numeric_sparse_0.34;Composition, wt.% C:numeric_sparse_0.45;Composition, wt.% Si:numeric_sparse_0.44;Composition, wt.% Mn:numeric_sparse_0.41;Composition, wt.% Cu:numeric_sparse_0.19;Composition, wt.% P:numeric_sparse_0.23;Composition, wt.% S:numeric_sparse_0.25;Test Solution:high_cardinality;Heat treatment:categorical_sparse_0.54;Microstructures:categorical_sparse_0.28",,,,,,,,,,,,,,,,,,,,,,,step-9500,9500
4,catboost,catboost_regressor,catboost==1.2.10;iterations=1000;depth=6;learning_rate=0.03;l2_leaf_reg=3;thread_count=8,electrochemical_metrics_alloys__pitting_potential__epit_mv_sce_avg,electrochemical_metrics_alloys,Pitting Potential,"Epit, mV (SCE) Avg.",,continuous,0,,median,False,,608,487,121,21,False,0,,,,,epit_pipeline_development_fold_4,0,0,0,0,True,,,normal_corrosion,176.78525495127911,215.45749218665375,0.6617536377540367,0.7670399984280225,0.8227456609591492,0.3446778220925699,0.4200769978293113,"environment,material,process_history","{""environment"": 3, ""material"": 17, ""process_history"": 1}","Composition, wt.% N:numeric_sparse_0.34;Composition, wt.% C:numeric_sparse_0.45;Composition, wt.% Si:numeric_sparse_0.44;Composition, wt.% Mn:numeric_sparse_0.41;Composition, wt.% Cu:numeric_sparse_0.19;Composition, wt.% P:numeric_sparse_0.23;Composition, wt.% S:numeric_sparse_0.25;Test Solution:high_cardinality;Heat treatment:categorical_sparse_0.54;Microstructures:categorical_sparse_0.28",,,,,,,,,,,,,,,,,,,,,,,step-9500,9500
4,generic_baseline,local_tabicl_regressor,/home/fcolanto/projects/tabicl/checkpoints/tabicl_s1_regression_baseline/step-10000.ckpt,electrochemical_metrics_alloys__pitting_potential__epit_mv_sce_avg,electrochemical_metrics_alloys,Pitting Potential,"Epit, mV (SCE) Avg.",,continuous,0,,median,False,,608,487,121,21,False,0,,,,,epit_pipeline_development_fold_4,0,0,0,0,True,,,normal_corrosion,213.29727845874763,265.1492364548532,0.4877397052339549,0.6534044431053524,0.714916847980346,0.415865233883306,0.5169608821502304,"environment,material,process_history","{""environment"": 3, ""material"": 17, ""process_history"": 1}","Composition, wt.% N:numeric_sparse_0.34;Composition, wt.% C:numeric_sparse_0.45;Composition, wt.% Si:numeric_sparse_0.44;Composition, wt.% Mn:numeric_sparse_0.41;Composition, wt.% Cu:numeric_sparse_0.19;Composition, wt.% P:numeric_sparse_0.23;Composition, wt.% S:numeric_sparse_0.25;Test Solution:high_cardinality;Heat treatment:categorical_sparse_0.54;Microstructures:categorical_sparse_0.28",,,,,,,,,,,,,,,,,,,,,,,step-10000,10000
4,trial_0056,local_tabicl_regressor,/home/fcolanto/projects/tabicl/checkpoints/epit_pipeline_final_v1/final_epit_pipeline_optuna_empirical_features_scm_target_v7_trial_0056/step-10000.ckpt,electrochemical_metrics_alloys__pitting_potential__epit_mv_sce_avg,electrochemical_metrics_alloys,Pitting Potential,"Epit, mV (SCE) Avg.",,continuous,0,,median,False,,608,487,121,21,False,0,,,,,epit_pipeline_development_fold_4,0,0,0,0,True,,,normal_corrosion,198.8844750383576,258.8779445789152,0.5116850316515371,0.6465960650739179,0.741077785183579,0.387764622808262,0.5047337581963641,"environment,material,process_history","{""environment"": 3, ""material"": 17, ""process_history"": 1}","Composition, wt.% N:numeric_sparse_0.34;Composition, wt.% C:numeric_sparse_0.45;Composition, wt.% Si:numeric_sparse_0.44;Composition, wt.% Mn:numeric_sparse_0.41;Composition, wt.% Cu:numeric_sparse_0.19;Composition, wt.% P:numeric_sparse_0.23;Composition, wt.% S:numeric_sparse_0.25;Test Solution:high_cardinality;Heat treatment:categorical_sparse_0.54;Microstructures:categorical_sparse_0.28",,,,,,,,,,,,,,,,,,,,,,,step-10000,10000
4,pretrained_tabicl_v2,pretrained_tabicl_regressor,/home/fcolanto/.cache/huggingface/hub/models--jingang--TabICL/snapshots/4dcd344ece2c00be9e831fdd35bed57b5ad83e19/tabicl-regressor-v2-20260212.ckpt,electrochemical_metrics_alloys__pitting_potential__epit_mv_sce_avg,electrochemical_metrics_alloys,Pitting Potential,"Epit, mV (SCE) Avg.",,continuous,0,,median,False,,608,487,121,21,False,0,,,,,epit_pipeline_development_fold_4,0,0,0,0,True,,,normal_corrosion,179.26880134642678,246.08812648475617,0.558743360436929,0.7264166761737962,0.7510518633431433,0.349519987027543,0.4797974780361789,"environment,material,process_history","{""environment"": 3, ""material"": 17, ""process_history"": 1}","Composition, wt.% N:numeric_sparse_0.34;Composition, wt.% C:numeric_sparse_0.45;Composition, wt.% Si:numeric_sparse_0.44;Composition, wt.% Mn:numeric_sparse_0.41;Composition, wt.% Cu:numeric_sparse_0.19;Composition, wt.% P:numeric_sparse_0.23;Composition, wt.% S:numeric_sparse_0.25;Test Solution:high_cardinality;Heat treatment:categorical_sparse_0.54;Microstructures:categorical_sparse_0.28",,,,,,,,,,,,,,,,,,,,,,,step-10000,10000
4,catboost,catboost_regressor,catboost==1.2.10;iterations=1000;depth=6;learning_rate=0.03;l2_leaf_reg=3;thread_count=8,electrochemical_metrics_alloys__pitting_potential__epit_mv_sce_avg,electrochemical_metrics_alloys,Pitting Potential,"Epit, mV (SCE) Avg.",,continuous,0,,median,False,,608,487,121,21,False,0,,,,,epit_pipeline_development_fold_4,0,0,0,0,True,,,normal_corrosion,176.78525495127911,215.45749218665375,0.6617536377540367,0.7670399984280225,0.8227456609591492,0.3446778220925699,0.4200769978293113,"environment,material,process_history","{""environment"": 3, ""material"": 17, ""process_history"": 1}","Composition, wt.% N:numeric_sparse_0.34;Composition, wt.% C:numeric_sparse_0.45;Composition, wt.% Si:numeric_sparse_0.44;Composition, wt.% Mn:numeric_sparse_0.41;Composition, wt.% Cu:numeric_sparse_0.19;Composition, wt.% P:numeric_sparse_0.23;Composition, wt.% S:numeric_sparse_0.25;Test Solution:high_cardinality;Heat treatment:categorical_sparse_0.54;Microstructures:categorical_sparse_0.28",,,,,,,,,,,,,,,,,,,,,,,step-10000,10000
5,generic_baseline,local_tabicl_regressor,/home/fcolanto/projects/tabicl/checkpoints/tabicl_s1_regression_baseline/step-500.ckpt,electrochemical_metrics_alloys__pitting_potential__epit_mv_sce_avg,electrochemical_metrics_alloys,Pitting Potential,"Epit, mV (SCE) Avg.",,continuous,0,,median,False,,608,487,121,21,False,0,,,,,epit_pipeline_development_fold_5,0,0,0,0,True,,,normal_corrosion,299.2889476550257,383.6478940866575,0.5594112591294603,0.7816241264060878,0.8345420087594598,0.6471112381730285,0.8295089601873675,"environment,material,process_history","{""environment"": 3, ""material"": 17, ""process_history"": 1}","Composition, wt.% N:numeric_sparse_0.34;Composition, wt.% C:numeric_sparse_0.45;Composition, wt.% Si:numeric_sparse_0.44;Composition, wt.% Mn:numeric_sparse_0.41;Composition, wt.% Cu:numeric_sparse_0.19;Composition, wt.% P:numeric_sparse_0.23;Composition, wt.% S:numeric_sparse_0.25;Test Solution:high_cardinality;Heat treatment:categorical_sparse_0.54;Microstructures:categorical_sparse_0.28",,,,,,,,,,,,,,,,,,,,,,,step-500,500
5,trial_0056,local_tabicl_regressor,/home/fcolanto/projects/tabicl/checkpoints/epit_pipeline_final_v1/final_epit_pipeline_optuna_empirical_features_scm_target_v7_trial_0056/step-500.ckpt,electrochemical_metrics_alloys__pitting_potential__epit_mv_sce_avg,electrochemical_metrics_alloys,Pitting Potential,"Epit, mV (SCE) Avg.",,continuous,0,,median,False,,608,487,121,21,False,0,,,,,epit_pipeline_development_fold_5,0,0,0,0,True,,,normal_corrosion,294.44772367819684,401.2917636866738,0.5179542594235118,0.8439552958933433,0.8277779946601569,0.636643726871777,0.867657867430646,"environment,material,process_history","{""environment"": 3, ""material"": 17, ""process_history"": 1}","Composition, wt.% N:numeric_sparse_0.34;Composition, wt.% C:numeric_sparse_0.45;Composition, wt.% Si:numeric_sparse_0.44;Composition, wt.% Mn:numeric_sparse_0.41;Composition, wt.% Cu:numeric_sparse_0.19;Composition, wt.% P:numeric_sparse_0.23;Composition, wt.% S:numeric_sparse_0.25;Test Solution:high_cardinality;Heat treatment:categorical_sparse_0.54;Microstructures:categorical_sparse_0.28",,,,,,,,,,,,,,,,,,,,,,,step-500,500
5,pretrained_tabicl_v2,pretrained_tabicl_regressor,/home/fcolanto/.cache/huggingface/hub/models--jingang--TabICL/snapshots/4dcd344ece2c00be9e831fdd35bed57b5ad83e19/tabicl-regressor-v2-20260212.ckpt,electrochemical_metrics_alloys__pitting_potential__epit_mv_sce_avg,electrochemical_metrics_alloys,Pitting Potential,"Epit, mV (SCE) Avg.",,continuous,0,,median,False,,608,487,121,21,False,0,,,,,epit_pipeline_development_fold_5,0,0,0,0,True,,,normal_corrosion,188.9494359413199,260.65988789830766,0.7966162897556599,0.8765706002620413,0.9273144092547476,0.4085393209542052,0.5635889468071517,"environment,material,process_history","{""environment"": 3, ""material"": 17, ""process_history"": 1}","Composition, wt.% N:numeric_sparse_0.34;Composition, wt.% C:numeric_sparse_0.45;Composition, wt.% Si:numeric_sparse_0.44;Composition, wt.% Mn:numeric_sparse_0.41;Composition, wt.% Cu:numeric_sparse_0.19;Composition, wt.% P:numeric_sparse_0.23;Composition, wt.% S:numeric_sparse_0.25;Test Solution:high_cardinality;Heat treatment:categorical_sparse_0.54;Microstructures:categorical_sparse_0.28",,,,,,,,,,,,,,,,,,,,,,,step-500,500
5,catboost,catboost_regressor,catboost==1.2.10;iterations=1000;depth=6;learning_rate=0.03;l2_leaf_reg=3;thread_count=8,electrochemical_metrics_alloys__pitting_potential__epit_mv_sce_avg,electrochemical_metrics_alloys,Pitting Potential,"Epit, mV (SCE) Avg.",,continuous,0,,median,False,,608,487,121,21,False,0,,,,,epit_pipeline_development_fold_5,0,0,0,0,True,,,normal_corrosion,184.17920914311293,245.27082356558748,0.8199224654334067,0.9112805160230548,0.9323509602938432,0.3982253170661901,0.5303152941958648,"environment,material,process_history","{""environment"": 3, ""material"": 17, ""process_history"": 1}","Composition, wt.% N:numeric_sparse_0.34;Composition, wt.% C:numeric_sparse_0.45;Composition, wt.% Si:numeric_sparse_0.44;Composition, wt.% Mn:numeric_sparse_0.41;Composition, wt.% Cu:numeric_sparse_0.19;Composition, wt.% P:numeric_sparse_0.23;Composition, wt.% S:numeric_sparse_0.25;Test Solution:high_cardinality;Heat treatment:categorical_sparse_0.54;Microstructures:categorical_sparse_0.28",,,,,,,,,,,,,,,,,,,,,,,step-500,500
5,generic_baseline,local_tabicl_regressor,/home/fcolanto/projects/tabicl/checkpoints/tabicl_s1_regression_baseline/step-1000.ckpt,electrochemical_metrics_alloys__pitting_potential__epit_mv_sce_avg,electrochemical_metrics_alloys,Pitting Potential,"Epit, mV (SCE) Avg.",,continuous,0,,median,False,,608,487,121,21,False,0,,,,,epit_pipeline_development_fold_5,0,0,0,0,True,,,normal_corrosion,288.145031800816,384.71514441404514,0.5569565472778679,0.8353924659583482,0.8297094501259735,0.6230162849747372,0.8318165284628003,"environment,material,process_history","{""environment"": 3, ""material"": 17, ""process_history"": 1}","Composition, wt.% N:numeric_sparse_0.34;Composition, wt.% C:numeric_sparse_0.45;Composition, wt.% Si:numeric_sparse_0.44;Composition, wt.% Mn:numeric_sparse_0.41;Composition, wt.% Cu:numeric_sparse_0.19;Composition, wt.% P:numeric_sparse_0.23;Composition, wt.% S:numeric_sparse_0.25;Test Solution:high_cardinality;Heat treatment:categorical_sparse_0.54;Microstructures:categorical_sparse_0.28",,,,,,,,,,,,,,,,,,,,,,,step-1000,1000
5,trial_0056,local_tabicl_regressor,/home/fcolanto/projects/tabicl/checkpoints/epit_pipeline_final_v1/final_epit_pipeline_optuna_empirical_features_scm_target_v7_trial_0056/step-1000.ckpt,electrochemical_metrics_alloys__pitting_potential__epit_mv_sce_avg,electrochemical_metrics_alloys,Pitting Potential,"Epit, mV (SCE) Avg.",,continuous,0,,median,False,,608,487,121,21,False,0,,,,,epit_pipeline_development_fold_5,0,0,0,0,True,,,normal_corrosion,242.7859895937444,318.7549716356589,0.6958542922691615,0.9070993922731616,0.9071668997335324,0.5249426802026905,0.6891999386716948,"environment,material,process_history","{""environment"": 3, ""material"": 17, ""process_history"": 1}","Composition, wt.% N:numeric_sparse_0.34;Composition, wt.% C:numeric_sparse_0.45;Composition, wt.% Si:numeric_sparse_0.44;Composition, wt.% Mn:numeric_sparse_0.41;Composition, wt.% Cu:numeric_sparse_0.19;Composition, wt.% P:numeric_sparse_0.23;Composition, wt.% S:numeric_sparse_0.25;Test Solution:high_cardinality;Heat treatment:categorical_sparse_0.54;Microstructures:categorical_sparse_0.28",,,,,,,,,,,,,,,,,,,,,,,step-1000,1000
5,pretrained_tabicl_v2,pretrained_tabicl_regressor,/home/fcolanto/.cache/huggingface/hub/models--jingang--TabICL/snapshots/4dcd344ece2c00be9e831fdd35bed57b5ad83e19/tabicl-regressor-v2-20260212.ckpt,electrochemical_metrics_alloys__pitting_potential__epit_mv_sce_avg,electrochemical_metrics_alloys,Pitting Potential,"Epit, mV (SCE) Avg.",,continuous,0,,median,False,,608,487,121,21,False,0,,,,,epit_pipeline_development_fold_5,0,0,0,0,True,,,normal_corrosion,188.9494359413199,260.65988789830766,0.7966162897556599,0.8765706002620413,0.9273144092547476,0.4085393209542052,0.5635889468071517,"environment,material,process_history","{""environment"": 3, ""material"": 17, ""process_history"": 1}","Composition, wt.% N:numeric_sparse_0.34;Composition, wt.% C:numeric_sparse_0.45;Composition, wt.% Si:numeric_sparse_0.44;Composition, wt.% Mn:numeric_sparse_0.41;Composition, wt.% Cu:numeric_sparse_0.19;Composition, wt.% P:numeric_sparse_0.23;Composition, wt.% S:numeric_sparse_0.25;Test Solution:high_cardinality;Heat treatment:categorical_sparse_0.54;Microstructures:categorical_sparse_0.28",,,,,,,,,,,,,,,,,,,,,,,step-1000,1000
5,catboost,catboost_regressor,catboost==1.2.10;iterations=1000;depth=6;learning_rate=0.03;l2_leaf_reg=3;thread_count=8,electrochemical_metrics_alloys__pitting_potential__epit_mv_sce_avg,electrochemical_metrics_alloys,Pitting Potential,"Epit, mV (SCE) Avg.",,continuous,0,,median,False,,608,487,121,21,False,0,,,,,epit_pipeline_development_fold_5,0,0,0,0,True,,,normal_corrosion,184.17920914311293,245.27082356558748,0.8199224654334067,0.9112805160230548,0.9323509602938432,0.3982253170661901,0.5303152941958648,"environment,material,process_history","{""environment"": 3, ""material"": 17, ""process_history"": 1}","Composition, wt.% N:numeric_sparse_0.34;Composition, wt.% C:numeric_sparse_0.45;Composition, wt.% Si:numeric_sparse_0.44;Composition, wt.% Mn:numeric_sparse_0.41;Composition, wt.% Cu:numeric_sparse_0.19;Composition, wt.% P:numeric_sparse_0.23;Composition, wt.% S:numeric_sparse_0.25;Test Solution:high_cardinality;Heat treatment:categorical_sparse_0.54;Microstructures:categorical_sparse_0.28",,,,,,,,,,,,,,,,,,,,,,,step-1000,1000
5,generic_baseline,local_tabicl_regressor,/home/fcolanto/projects/tabicl/checkpoints/tabicl_s1_regression_baseline/step-1500.ckpt,electrochemical_metrics_alloys__pitting_potential__epit_mv_sce_avg,electrochemical_metrics_alloys,Pitting Potential,"Epit, mV (SCE) Avg.",,continuous,0,,median,False,,608,487,121,21,False,0,,,,,epit_pipeline_development_fold_5,0,0,0,0,True,,,normal_corrosion,270.1565804342338,365.9523826902721,0.5991176683186704,0.8998745045155093,0.8414066022233687,0.584122336074019,0.7912483950059938,"environment,material,process_history","{""environment"": 3, ""material"": 17, ""process_history"": 1}","Composition, wt.% N:numeric_sparse_0.34;Composition, wt.% C:numeric_sparse_0.45;Composition, wt.% Si:numeric_sparse_0.44;Composition, wt.% Mn:numeric_sparse_0.41;Composition, wt.% Cu:numeric_sparse_0.19;Composition, wt.% P:numeric_sparse_0.23;Composition, wt.% S:numeric_sparse_0.25;Test Solution:high_cardinality;Heat treatment:categorical_sparse_0.54;Microstructures:categorical_sparse_0.28",,,,,,,,,,,,,,,,,,,,,,,step-1500,1500
5,trial_0056,local_tabicl_regressor,/home/fcolanto/projects/tabicl/checkpoints/epit_pipeline_final_v1/final_epit_pipeline_optuna_empirical_features_scm_target_v7_trial_0056/step-1500.ckpt,electrochemical_metrics_alloys__pitting_potential__epit_mv_sce_avg,electrochemical_metrics_alloys,Pitting Potential,"Epit, mV (SCE) Avg.",,continuous,0,,median,False,,608,487,121,21,False,0,,,,,epit_pipeline_development_fold_5,0,0,0,0,True,,,normal_corrosion,206.73546421219896,268.0685669695414,0.784890523743725,0.9257289668943932,0.9321660346184792,0.4469955982966464,0.5796077123665759,"environment,material,process_history","{""environment"": 3, ""material"": 17, ""process_history"": 1}","Composition, wt.% N:numeric_sparse_0.34;Composition, wt.% C:numeric_sparse_0.45;Composition, wt.% Si:numeric_sparse_0.44;Composition, wt.% Mn:numeric_sparse_0.41;Composition, wt.% Cu:numeric_sparse_0.19;Composition, wt.% P:numeric_sparse_0.23;Composition, wt.% S:numeric_sparse_0.25;Test Solution:high_cardinality;Heat treatment:categorical_sparse_0.54;Microstructures:categorical_sparse_0.28",,,,,,,,,,,,,,,,,,,,,,,step-1500,1500
5,pretrained_tabicl_v2,pretrained_tabicl_regressor,/home/fcolanto/.cache/huggingface/hub/models--jingang--TabICL/snapshots/4dcd344ece2c00be9e831fdd35bed57b5ad83e19/tabicl-regressor-v2-20260212.ckpt,electrochemical_metrics_alloys__pitting_potential__epit_mv_sce_avg,electrochemical_metrics_alloys,Pitting Potential,"Epit, mV (SCE) Avg.",,continuous,0,,median,False,,608,487,121,21,False,0,,,,,epit_pipeline_development_fold_5,0,0,0,0,True,,,normal_corrosion,188.9494359413199,260.65988789830766,0.7966162897556599,0.8765706002620413,0.9273144092547476,0.4085393209542052,0.5635889468071517,"environment,material,process_history","{""environment"": 3, ""material"": 17, ""process_history"": 1}","Composition, wt.% N:numeric_sparse_0.34;Composition, wt.% C:numeric_sparse_0.45;Composition, wt.% Si:numeric_sparse_0.44;Composition, wt.% Mn:numeric_sparse_0.41;Composition, wt.% Cu:numeric_sparse_0.19;Composition, wt.% P:numeric_sparse_0.23;Composition, wt.% S:numeric_sparse_0.25;Test Solution:high_cardinality;Heat treatment:categorical_sparse_0.54;Microstructures:categorical_sparse_0.28",,,,,,,,,,,,,,,,,,,,,,,step-1500,1500
5,catboost,catboost_regressor,catboost==1.2.10;iterations=1000;depth=6;learning_rate=0.03;l2_leaf_reg=3;thread_count=8,electrochemical_metrics_alloys__pitting_potential__epit_mv_sce_avg,electrochemical_metrics_alloys,Pitting Potential,"Epit, mV (SCE) Avg.",,continuous,0,,median,False,,608,487,121,21,False,0,,,,,epit_pipeline_development_fold_5,0,0,0,0,True,,,normal_corrosion,184.17920914311293,245.27082356558748,0.8199224654334067,0.9112805160230548,0.9323509602938432,0.3982253170661901,0.5303152941958648,"environment,material,process_history","{""environment"": 3, ""material"": 17, ""process_history"": 1}","Composition, wt.% N:numeric_sparse_0.34;Composition, wt.% C:numeric_sparse_0.45;Composition, wt.% Si:numeric_sparse_0.44;Composition, wt.% Mn:numeric_sparse_0.41;Composition, wt.% Cu:numeric_sparse_0.19;Composition, wt.% P:numeric_sparse_0.23;Composition, wt.% S:numeric_sparse_0.25;Test Solution:high_cardinality;Heat treatment:categorical_sparse_0.54;Microstructures:categorical_sparse_0.28",,,,,,,,,,,,,,,,,,,,,,,step-1500,1500
5,generic_baseline,local_tabicl_regressor,/home/fcolanto/projects/tabicl/checkpoints/tabicl_s1_regression_baseline/step-2000.ckpt,electrochemical_metrics_alloys__pitting_potential__epit_mv_sce_avg,electrochemical_metrics_alloys,Pitting Potential,"Epit, mV (SCE) Avg.",,continuous,0,,median,False,,608,487,121,21,False,0,,,,,epit_pipeline_development_fold_5,0,0,0,0,True,,,normal_corrosion,230.86554866770487,304.42218642536886,0.7225911199100045,0.900192900881763,0.8946260121385479,0.4991687538761186,0.6582101328116083,"environment,material,process_history","{""environment"": 3, ""material"": 17, ""process_history"": 1}","Composition, wt.% N:numeric_sparse_0.34;Composition, wt.% C:numeric_sparse_0.45;Composition, wt.% Si:numeric_sparse_0.44;Composition, wt.% Mn:numeric_sparse_0.41;Composition, wt.% Cu:numeric_sparse_0.19;Composition, wt.% P:numeric_sparse_0.23;Composition, wt.% S:numeric_sparse_0.25;Test Solution:high_cardinality;Heat treatment:categorical_sparse_0.54;Microstructures:categorical_sparse_0.28",,,,,,,,,,,,,,,,,,,,,,,step-2000,2000
5,trial_0056,local_tabicl_regressor,/home/fcolanto/projects/tabicl/checkpoints/epit_pipeline_final_v1/final_epit_pipeline_optuna_empirical_features_scm_target_v7_trial_0056/step-2000.ckpt,electrochemical_metrics_alloys__pitting_potential__epit_mv_sce_avg,electrochemical_metrics_alloys,Pitting Potential,"Epit, mV (SCE) Avg.",,continuous,0,,median,False,,608,487,121,21,False,0,,,,,epit_pipeline_development_fold_5,0,0,0,0,True,,,normal_corrosion,197.55684974555544,260.2463827513009,0.7972610648632757,0.9203162286680788,0.9304562576583588,0.4271499453957955,0.5626948816244345,"environment,material,process_history","{""environment"": 3, ""material"": 17, ""process_history"": 1}","Composition, wt.% N:numeric_sparse_0.34;Composition, wt.% C:numeric_sparse_0.45;Composition, wt.% Si:numeric_sparse_0.44;Composition, wt.% Mn:numeric_sparse_0.41;Composition, wt.% Cu:numeric_sparse_0.19;Composition, wt.% P:numeric_sparse_0.23;Composition, wt.% S:numeric_sparse_0.25;Test Solution:high_cardinality;Heat treatment:categorical_sparse_0.54;Microstructures:categorical_sparse_0.28",,,,,,,,,,,,,,,,,,,,,,,step-2000,2000
5,pretrained_tabicl_v2,pretrained_tabicl_regressor,/home/fcolanto/.cache/huggingface/hub/models--jingang--TabICL/snapshots/4dcd344ece2c00be9e831fdd35bed57b5ad83e19/tabicl-regressor-v2-20260212.ckpt,electrochemical_metrics_alloys__pitting_potential__epit_mv_sce_avg,electrochemical_metrics_alloys,Pitting Potential,"Epit, mV (SCE) Avg.",,continuous,0,,median,False,,608,487,121,21,False,0,,,,,epit_pipeline_development_fold_5,0,0,0,0,True,,,normal_corrosion,188.9494359413199,260.65988789830766,0.7966162897556599,0.8765706002620413,0.9273144092547476,0.4085393209542052,0.5635889468071517,"environment,material,process_history","{""environment"": 3, ""material"": 17, ""process_history"": 1}","Composition, wt.% N:numeric_sparse_0.34;Composition, wt.% C:numeric_sparse_0.45;Composition, wt.% Si:numeric_sparse_0.44;Composition, wt.% Mn:numeric_sparse_0.41;Composition, wt.% Cu:numeric_sparse_0.19;Composition, wt.% P:numeric_sparse_0.23;Composition, wt.% S:numeric_sparse_0.25;Test Solution:high_cardinality;Heat treatment:categorical_sparse_0.54;Microstructures:categorical_sparse_0.28",,,,,,,,,,,,,,,,,,,,,,,step-2000,2000
5,catboost,catboost_regressor,catboost==1.2.10;iterations=1000;depth=6;learning_rate=0.03;l2_leaf_reg=3;thread_count=8,electrochemical_metrics_alloys__pitting_potential__epit_mv_sce_avg,electrochemical_metrics_alloys,Pitting Potential,"Epit, mV (SCE) Avg.",,continuous,0,,median,False,,608,487,121,21,False,0,,,,,epit_pipeline_development_fold_5,0,0,0,0,True,,,normal_corrosion,184.17920914311293,245.27082356558748,0.8199224654334067,0.9112805160230548,0.9323509602938432,0.3982253170661901,0.5303152941958648,"environment,material,process_history","{""environment"": 3, ""material"": 17, ""process_history"": 1}","Composition, wt.% N:numeric_sparse_0.34;Composition, wt.% C:numeric_sparse_0.45;Composition, wt.% Si:numeric_sparse_0.44;Composition, wt.% Mn:numeric_sparse_0.41;Composition, wt.% Cu:numeric_sparse_0.19;Composition, wt.% P:numeric_sparse_0.23;Composition, wt.% S:numeric_sparse_0.25;Test Solution:high_cardinality;Heat treatment:categorical_sparse_0.54;Microstructures:categorical_sparse_0.28",,,,,,,,,,,,,,,,,,,,,,,step-2000,2000
5,generic_baseline,local_tabicl_regressor,/home/fcolanto/projects/tabicl/checkpoints/tabicl_s1_regression_baseline/step-2500.ckpt,electrochemical_metrics_alloys__pitting_potential__epit_mv_sce_avg,electrochemical_metrics_alloys,Pitting Potential,"Epit, mV (SCE) Avg.",,continuous,0,,median,False,,608,487,121,21,False,0,,,,,epit_pipeline_development_fold_5,0,0,0,0,True,,,normal_corrosion,218.8600228422674,285.6990679597652,0.7556651562710973,0.8916436197283106,0.9244019601147272,0.4732108601994971,0.6177277145076003,"environment,material,process_history","{""environment"": 3, ""material"": 17, ""process_history"": 1}","Composition, wt.% N:numeric_sparse_0.34;Composition, wt.% C:numeric_sparse_0.45;Composition, wt.% Si:numeric_sparse_0.44;Composition, wt.% Mn:numeric_sparse_0.41;Composition, wt.% Cu:numeric_sparse_0.19;Composition, wt.% P:numeric_sparse_0.23;Composition, wt.% S:numeric_sparse_0.25;Test Solution:high_cardinality;Heat treatment:categorical_sparse_0.54;Microstructures:categorical_sparse_0.28",,,,,,,,,,,,,,,,,,,,,,,step-2500,2500
5,trial_0056,local_tabicl_regressor,/home/fcolanto/projects/tabicl/checkpoints/epit_pipeline_final_v1/final_epit_pipeline_optuna_empirical_features_scm_target_v7_trial_0056/step-2500.ckpt,electrochemical_metrics_alloys__pitting_potential__epit_mv_sce_avg,electrochemical_metrics_alloys,Pitting Potential,"Epit, mV (SCE) Avg.",,continuous,0,,median,False,,608,487,121,21,False,0,,,,,epit_pipeline_development_fold_5,0,0,0,0,True,,,normal_corrosion,222.99723479163956,299.3717113975483,0.7317193946961225,0.8715880358497082,0.8948428765704285,0.4821561833332746,0.6472901868055099,"environment,material,process_history","{""environment"": 3, ""material"": 17, ""process_history"": 1}","Composition, wt.% N:numeric_sparse_0.34;Composition, wt.% C:numeric_sparse_0.45;Composition, wt.% Si:numeric_sparse_0.44;Composition, wt.% Mn:numeric_sparse_0.41;Composition, wt.% Cu:numeric_sparse_0.19;Composition, wt.% P:numeric_sparse_0.23;Composition, wt.% S:numeric_sparse_0.25;Test Solution:high_cardinality;Heat treatment:categorical_sparse_0.54;Microstructures:categorical_sparse_0.28",,,,,,,,,,,,,,,,,,,,,,,step-2500,2500
5,pretrained_tabicl_v2,pretrained_tabicl_regressor,/home/fcolanto/.cache/huggingface/hub/models--jingang--TabICL/snapshots/4dcd344ece2c00be9e831fdd35bed57b5ad83e19/tabicl-regressor-v2-20260212.ckpt,electrochemical_metrics_alloys__pitting_potential__epit_mv_sce_avg,electrochemical_metrics_alloys,Pitting Potential,"Epit, mV (SCE) Avg.",,continuous,0,,median,False,,608,487,121,21,False,0,,,,,epit_pipeline_development_fold_5,0,0,0,0,True,,,normal_corrosion,188.9494359413199,260.65988789830766,0.7966162897556599,0.8765706002620413,0.9273144092547476,0.4085393209542052,0.5635889468071517,"environment,material,process_history","{""environment"": 3, ""material"": 17, ""process_history"": 1}","Composition, wt.% N:numeric_sparse_0.34;Composition, wt.% C:numeric_sparse_0.45;Composition, wt.% Si:numeric_sparse_0.44;Composition, wt.% Mn:numeric_sparse_0.41;Composition, wt.% Cu:numeric_sparse_0.19;Composition, wt.% P:numeric_sparse_0.23;Composition, wt.% S:numeric_sparse_0.25;Test Solution:high_cardinality;Heat treatment:categorical_sparse_0.54;Microstructures:categorical_sparse_0.28",,,,,,,,,,,,,,,,,,,,,,,step-2500,2500
5,catboost,catboost_regressor,catboost==1.2.10;iterations=1000;depth=6;learning_rate=0.03;l2_leaf_reg=3;thread_count=8,electrochemical_metrics_alloys__pitting_potential__epit_mv_sce_avg,electrochemical_metrics_alloys,Pitting Potential,"Epit, mV (SCE) Avg.",,continuous,0,,median,False,,608,487,121,21,False,0,,,,,epit_pipeline_development_fold_5,0,0,0,0,True,,,normal_corrosion,184.17920914311293,245.27082356558748,0.8199224654334067,0.9112805160230548,0.9323509602938432,0.3982253170661901,0.5303152941958648,"environment,material,process_history","{""environment"": 3, ""material"": 17, ""process_history"": 1}","Composition, wt.% N:numeric_sparse_0.34;Composition, wt.% C:numeric_sparse_0.45;Composition, wt.% Si:numeric_sparse_0.44;Composition, wt.% Mn:numeric_sparse_0.41;Composition, wt.% Cu:numeric_sparse_0.19;Composition, wt.% P:numeric_sparse_0.23;Composition, wt.% S:numeric_sparse_0.25;Test Solution:high_cardinality;Heat treatment:categorical_sparse_0.54;Microstructures:categorical_sparse_0.28",,,,,,,,,,,,,,,,,,,,,,,step-2500,2500
5,generic_baseline,local_tabicl_regressor,/home/fcolanto/projects/tabicl/checkpoints/tabicl_s1_regression_baseline/step-3000.ckpt,electrochemical_metrics_alloys__pitting_potential__epit_mv_sce_avg,electrochemical_metrics_alloys,Pitting Potential,"Epit, mV (SCE) Avg.",,continuous,0,,median,False,,608,487,121,21,False,0,,,,,epit_pipeline_development_fold_5,0,0,0,0,True,,,normal_corrosion,253.18036838195945,326.5387600182233,0.6808188494223728,0.8600343123891591,0.8927642855271634,0.5474170127177501,0.7060297513907531,"environment,material,process_history","{""environment"": 3, ""material"": 17, ""process_history"": 1}","Composition, wt.% N:numeric_sparse_0.34;Composition, wt.% C:numeric_sparse_0.45;Composition, wt.% Si:numeric_sparse_0.44;Composition, wt.% Mn:numeric_sparse_0.41;Composition, wt.% Cu:numeric_sparse_0.19;Composition, wt.% P:numeric_sparse_0.23;Composition, wt.% S:numeric_sparse_0.25;Test Solution:high_cardinality;Heat treatment:categorical_sparse_0.54;Microstructures:categorical_sparse_0.28",,,,,,,,,,,,,,,,,,,,,,,step-3000,3000
5,trial_0056,local_tabicl_regressor,/home/fcolanto/projects/tabicl/checkpoints/epit_pipeline_final_v1/final_epit_pipeline_optuna_empirical_features_scm_target_v7_trial_0056/step-3000.ckpt,electrochemical_metrics_alloys__pitting_potential__epit_mv_sce_avg,electrochemical_metrics_alloys,Pitting Potential,"Epit, mV (SCE) Avg.",,continuous,0,,median,False,,608,487,121,21,False,0,,,,,epit_pipeline_development_fold_5,0,0,0,0,True,,,normal_corrosion,202.8181954749104,267.0780968483827,0.786477176749351,0.8795377834198956,0.9193253411887996,0.4385258280538603,0.5774661553478545,"environment,material,process_history","{""environment"": 3, ""material"": 17, ""process_history"": 1}","Composition, wt.% N:numeric_sparse_0.34;Composition, wt.% C:numeric_sparse_0.45;Composition, wt.% Si:numeric_sparse_0.44;Composition, wt.% Mn:numeric_sparse_0.41;Composition, wt.% Cu:numeric_sparse_0.19;Composition, wt.% P:numeric_sparse_0.23;Composition, wt.% S:numeric_sparse_0.25;Test Solution:high_cardinality;Heat treatment:categorical_sparse_0.54;Microstructures:categorical_sparse_0.28",,,,,,,,,,,,,,,,,,,,,,,step-3000,3000
5,pretrained_tabicl_v2,pretrained_tabicl_regressor,/home/fcolanto/.cache/huggingface/hub/models--jingang--TabICL/snapshots/4dcd344ece2c00be9e831fdd35bed57b5ad83e19/tabicl-regressor-v2-20260212.ckpt,electrochemical_metrics_alloys__pitting_potential__epit_mv_sce_avg,electrochemical_metrics_alloys,Pitting Potential,"Epit, mV (SCE) Avg.",,continuous,0,,median,False,,608,487,121,21,False,0,,,,,epit_pipeline_development_fold_5,0,0,0,0,True,,,normal_corrosion,188.9494359413199,260.65988789830766,0.7966162897556599,0.8765706002620413,0.9273144092547476,0.4085393209542052,0.5635889468071517,"environment,material,process_history","{""environment"": 3, ""material"": 17, ""process_history"": 1}","Composition, wt.% N:numeric_sparse_0.34;Composition, wt.% C:numeric_sparse_0.45;Composition, wt.% Si:numeric_sparse_0.44;Composition, wt.% Mn:numeric_sparse_0.41;Composition, wt.% Cu:numeric_sparse_0.19;Composition, wt.% P:numeric_sparse_0.23;Composition, wt.% S:numeric_sparse_0.25;Test Solution:high_cardinality;Heat treatment:categorical_sparse_0.54;Microstructures:categorical_sparse_0.28",,,,,,,,,,,,,,,,,,,,,,,step-3000,3000
5,catboost,catboost_regressor,catboost==1.2.10;iterations=1000;depth=6;learning_rate=0.03;l2_leaf_reg=3;thread_count=8,electrochemical_metrics_alloys__pitting_potential__epit_mv_sce_avg,electrochemical_metrics_alloys,Pitting Potential,"Epit, mV (SCE) Avg.",,continuous,0,,median,False,,608,487,121,21,False,0,,,,,epit_pipeline_development_fold_5,0,0,0,0,True,,,normal_corrosion,184.17920914311293,245.27082356558748,0.8199224654334067,0.9112805160230548,0.9323509602938432,0.3982253170661901,0.5303152941958648,"environment,material,process_history","{""environment"": 3, ""material"": 17, ""process_history"": 1}","Composition, wt.% N:numeric_sparse_0.34;Composition, wt.% C:numeric_sparse_0.45;Composition, wt.% Si:numeric_sparse_0.44;Composition, wt.% Mn:numeric_sparse_0.41;Composition, wt.% Cu:numeric_sparse_0.19;Composition, wt.% P:numeric_sparse_0.23;Composition, wt.% S:numeric_sparse_0.25;Test Solution:high_cardinality;Heat treatment:categorical_sparse_0.54;Microstructures:categorical_sparse_0.28",,,,,,,,,,,,,,,,,,,,,,,step-3000,3000
5,generic_baseline,local_tabicl_regressor,/home/fcolanto/projects/tabicl/checkpoints/tabicl_s1_regression_baseline/step-3500.ckpt,electrochemical_metrics_alloys__pitting_potential__epit_mv_sce_avg,electrochemical_metrics_alloys,Pitting Potential,"Epit, mV (SCE) Avg.",,continuous,0,,median,False,,608,487,121,21,False,0,,,,,epit_pipeline_development_fold_5,0,0,0,0,True,,,normal_corrosion,251.5277572878866,321.7843174287063,0.6900458138413461,0.8703855814877925,0.9162288477885794,0.5438437995413764,0.6957498755215271,"environment,material,process_history","{""environment"": 3, ""material"": 17, ""process_history"": 1}","Composition, wt.% N:numeric_sparse_0.34;Composition, wt.% C:numeric_sparse_0.45;Composition, wt.% Si:numeric_sparse_0.44;Composition, wt.% Mn:numeric_sparse_0.41;Composition, wt.% Cu:numeric_sparse_0.19;Composition, wt.% P:numeric_sparse_0.23;Composition, wt.% S:numeric_sparse_0.25;Test Solution:high_cardinality;Heat treatment:categorical_sparse_0.54;Microstructures:categorical_sparse_0.28",,,,,,,,,,,,,,,,,,,,,,,step-3500,3500
5,trial_0056,local_tabicl_regressor,/home/fcolanto/projects/tabicl/checkpoints/epit_pipeline_final_v1/final_epit_pipeline_optuna_empirical_features_scm_target_v7_trial_0056/step-3500.ckpt,electrochemical_metrics_alloys__pitting_potential__epit_mv_sce_avg,electrochemical_metrics_alloys,Pitting Potential,"Epit, mV (SCE) Avg.",,continuous,0,,median,False,,608,487,121,21,False,0,,,,,epit_pipeline_development_fold_5,0,0,0,0,True,,,normal_corrosion,229.9142675851732,303.04725724258964,0.7250913070944887,0.875395243463211,0.9098900471169832,0.497111929913888,0.6552373129569505,"environment,material,process_history","{""environment"": 3, ""material"": 17, ""process_history"": 1}","Composition, wt.% N:numeric_sparse_0.34;Composition, wt.% C:numeric_sparse_0.45;Composition, wt.% Si:numeric_sparse_0.44;Composition, wt.% Mn:numeric_sparse_0.41;Composition, wt.% Cu:numeric_sparse_0.19;Composition, wt.% P:numeric_sparse_0.23;Composition, wt.% S:numeric_sparse_0.25;Test Solution:high_cardinality;Heat treatment:categorical_sparse_0.54;Microstructures:categorical_sparse_0.28",,,,,,,,,,,,,,,,,,,,,,,step-3500,3500
5,pretrained_tabicl_v2,pretrained_tabicl_regressor,/home/fcolanto/.cache/huggingface/hub/models--jingang--TabICL/snapshots/4dcd344ece2c00be9e831fdd35bed57b5ad83e19/tabicl-regressor-v2-20260212.ckpt,electrochemical_metrics_alloys__pitting_potential__epit_mv_sce_avg,electrochemical_metrics_alloys,Pitting Potential,"Epit, mV (SCE) Avg.",,continuous,0,,median,False,,608,487,121,21,False,0,,,,,epit_pipeline_development_fold_5,0,0,0,0,True,,,normal_corrosion,188.9494359413199,260.65988789830766,0.7966162897556599,0.8765706002620413,0.9273144092547476,0.4085393209542052,0.5635889468071517,"environment,material,process_history","{""environment"": 3, ""material"": 17, ""process_history"": 1}","Composition, wt.% N:numeric_sparse_0.34;Composition, wt.% C:numeric_sparse_0.45;Composition, wt.% Si:numeric_sparse_0.44;Composition, wt.% Mn:numeric_sparse_0.41;Composition, wt.% Cu:numeric_sparse_0.19;Composition, wt.% P:numeric_sparse_0.23;Composition, wt.% S:numeric_sparse_0.25;Test Solution:high_cardinality;Heat treatment:categorical_sparse_0.54;Microstructures:categorical_sparse_0.28",,,,,,,,,,,,,,,,,,,,,,,step-3500,3500
5,catboost,catboost_regressor,catboost==1.2.10;iterations=1000;depth=6;learning_rate=0.03;l2_leaf_reg=3;thread_count=8,electrochemical_metrics_alloys__pitting_potential__epit_mv_sce_avg,electrochemical_metrics_alloys,Pitting Potential,"Epit, mV (SCE) Avg.",,continuous,0,,median,False,,608,487,121,21,False,0,,,,,epit_pipeline_development_fold_5,0,0,0,0,True,,,normal_corrosion,184.17920914311293,245.27082356558748,0.8199224654334067,0.9112805160230548,0.9323509602938432,0.3982253170661901,0.5303152941958648,"environment,material,process_history","{""environment"": 3, ""material"": 17, ""process_history"": 1}","Composition, wt.% N:numeric_sparse_0.34;Composition, wt.% C:numeric_sparse_0.45;Composition, wt.% Si:numeric_sparse_0.44;Composition, wt.% Mn:numeric_sparse_0.41;Composition, wt.% Cu:numeric_sparse_0.19;Composition, wt.% P:numeric_sparse_0.23;Composition, wt.% S:numeric_sparse_0.25;Test Solution:high_cardinality;Heat treatment:categorical_sparse_0.54;Microstructures:categorical_sparse_0.28",,,,,,,,,,,,,,,,,,,,,,,step-3500,3500
5,generic_baseline,local_tabicl_regressor,/home/fcolanto/projects/tabicl/checkpoints/tabicl_s1_regression_baseline/step-4000.ckpt,electrochemical_metrics_alloys__pitting_potential__epit_mv_sce_avg,electrochemical_metrics_alloys,Pitting Potential,"Epit, mV (SCE) Avg.",,continuous,0,,median,False,,608,487,121,21,False,0,,,,,epit_pipeline_development_fold_5,0,0,0,0,True,,,normal_corrosion,211.7137256081184,280.32836899675027,0.7647650443463359,0.8764554356189282,0.9225086208808552,0.4577594067202559,0.606115392425406,"environment,material,process_history","{""environment"": 3, ""material"": 17, ""process_history"": 1}","Composition, wt.% N:numeric_sparse_0.34;Composition, wt.% C:numeric_sparse_0.45;Composition, wt.% Si:numeric_sparse_0.44;Composition, wt.% Mn:numeric_sparse_0.41;Composition, wt.% Cu:numeric_sparse_0.19;Composition, wt.% P:numeric_sparse_0.23;Composition, wt.% S:numeric_sparse_0.25;Test Solution:high_cardinality;Heat treatment:categorical_sparse_0.54;Microstructures:categorical_sparse_0.28",,,,,,,,,,,,,,,,,,,,,,,step-4000,4000
5,trial_0056,local_tabicl_regressor,/home/fcolanto/projects/tabicl/checkpoints/epit_pipeline_final_v1/final_epit_pipeline_optuna_empirical_features_scm_target_v7_trial_0056/step-4000.ckpt,electrochemical_metrics_alloys__pitting_potential__epit_mv_sce_avg,electrochemical_metrics_alloys,Pitting Potential,"Epit, mV (SCE) Avg.",,continuous,0,,median,False,,608,487,121,21,False,0,,,,,epit_pipeline_development_fold_5,0,0,0,0,True,,,normal_corrosion,218.8389191803598,284.5394452085644,0.7576445902928568,0.8796461736722375,0.9185135864300282,0.4731652306602374,0.6152204220725717,"environment,material,process_history","{""environment"": 3, ""material"": 17, ""process_history"": 1}","Composition, wt.% N:numeric_sparse_0.34;Composition, wt.% C:numeric_sparse_0.45;Composition, wt.% Si:numeric_sparse_0.44;Composition, wt.% Mn:numeric_sparse_0.41;Composition, wt.% Cu:numeric_sparse_0.19;Composition, wt.% P:numeric_sparse_0.23;Composition, wt.% S:numeric_sparse_0.25;Test Solution:high_cardinality;Heat treatment:categorical_sparse_0.54;Microstructures:categorical_sparse_0.28",,,,,,,,,,,,,,,,,,,,,,,step-4000,4000
5,pretrained_tabicl_v2,pretrained_tabicl_regressor,/home/fcolanto/.cache/huggingface/hub/models--jingang--TabICL/snapshots/4dcd344ece2c00be9e831fdd35bed57b5ad83e19/tabicl-regressor-v2-20260212.ckpt,electrochemical_metrics_alloys__pitting_potential__epit_mv_sce_avg,electrochemical_metrics_alloys,Pitting Potential,"Epit, mV (SCE) Avg.",,continuous,0,,median,False,,608,487,121,21,False,0,,,,,epit_pipeline_development_fold_5,0,0,0,0,True,,,normal_corrosion,188.9494359413199,260.65988789830766,0.7966162897556599,0.8765706002620413,0.9273144092547476,0.4085393209542052,0.5635889468071517,"environment,material,process_history","{""environment"": 3, ""material"": 17, ""process_history"": 1}","Composition, wt.% N:numeric_sparse_0.34;Composition, wt.% C:numeric_sparse_0.45;Composition, wt.% Si:numeric_sparse_0.44;Composition, wt.% Mn:numeric_sparse_0.41;Composition, wt.% Cu:numeric_sparse_0.19;Composition, wt.% P:numeric_sparse_0.23;Composition, wt.% S:numeric_sparse_0.25;Test Solution:high_cardinality;Heat treatment:categorical_sparse_0.54;Microstructures:categorical_sparse_0.28",,,,,,,,,,,,,,,,,,,,,,,step-4000,4000
5,catboost,catboost_regressor,catboost==1.2.10;iterations=1000;depth=6;learning_rate=0.03;l2_leaf_reg=3;thread_count=8,electrochemical_metrics_alloys__pitting_potential__epit_mv_sce_avg,electrochemical_metrics_alloys,Pitting Potential,"Epit, mV (SCE) Avg.",,continuous,0,,median,False,,608,487,121,21,False,0,,,,,epit_pipeline_development_fold_5,0,0,0,0,True,,,normal_corrosion,184.17920914311293,245.27082356558748,0.8199224654334067,0.9112805160230548,0.9323509602938432,0.3982253170661901,0.5303152941958648,"environment,material,process_history","{""environment"": 3, ""material"": 17, ""process_history"": 1}","Composition, wt.% N:numeric_sparse_0.34;Composition, wt.% C:numeric_sparse_0.45;Composition, wt.% Si:numeric_sparse_0.44;Composition, wt.% Mn:numeric_sparse_0.41;Composition, wt.% Cu:numeric_sparse_0.19;Composition, wt.% P:numeric_sparse_0.23;Composition, wt.% S:numeric_sparse_0.25;Test Solution:high_cardinality;Heat treatment:categorical_sparse_0.54;Microstructures:categorical_sparse_0.28",,,,,,,,,,,,,,,,,,,,,,,step-4000,4000
5,generic_baseline,local_tabicl_regressor,/home/fcolanto/projects/tabicl/checkpoints/tabicl_s1_regression_baseline/step-4500.ckpt,electrochemical_metrics_alloys__pitting_potential__epit_mv_sce_avg,electrochemical_metrics_alloys,Pitting Potential,"Epit, mV (SCE) Avg.",,continuous,0,,median,False,,608,487,121,21,False,0,,,,,epit_pipeline_development_fold_5,0,0,0,0,True,,,normal_corrosion,222.3880280166363,290.6504456936633,0.7471227593341991,0.8850656862893229,0.9250942856361614,0.4808389794954298,0.6284333960944072,"environment,material,process_history","{""environment"": 3, ""material"": 17, ""process_history"": 1}","Composition, wt.% N:numeric_sparse_0.34;Composition, wt.% C:numeric_sparse_0.45;Composition, wt.% Si:numeric_sparse_0.44;Composition, wt.% Mn:numeric_sparse_0.41;Composition, wt.% Cu:numeric_sparse_0.19;Composition, wt.% P:numeric_sparse_0.23;Composition, wt.% S:numeric_sparse_0.25;Test Solution:high_cardinality;Heat treatment:categorical_sparse_0.54;Microstructures:categorical_sparse_0.28",,,,,,,,,,,,,,,,,,,,,,,step-4500,4500
5,trial_0056,local_tabicl_regressor,/home/fcolanto/projects/tabicl/checkpoints/epit_pipeline_final_v1/final_epit_pipeline_optuna_empirical_features_scm_target_v7_trial_0056/step-4500.ckpt,electrochemical_metrics_alloys__pitting_potential__epit_mv_sce_avg,electrochemical_metrics_alloys,Pitting Potential,"Epit, mV (SCE) Avg.",,continuous,0,,median,False,,608,487,121,21,False,0,,,,,epit_pipeline_development_fold_5,0,0,0,0,True,,,normal_corrosion,202.0675955901206,260.5347635938392,0.7968115030471399,0.8941738546814123,0.9258285093537882,0.4369029093840445,0.563318407770463,"environment,material,process_history","{""environment"": 3, ""material"": 17, ""process_history"": 1}","Composition, wt.% N:numeric_sparse_0.34;Composition, wt.% C:numeric_sparse_0.45;Composition, wt.% Si:numeric_sparse_0.44;Composition, wt.% Mn:numeric_sparse_0.41;Composition, wt.% Cu:numeric_sparse_0.19;Composition, wt.% P:numeric_sparse_0.23;Composition, wt.% S:numeric_sparse_0.25;Test Solution:high_cardinality;Heat treatment:categorical_sparse_0.54;Microstructures:categorical_sparse_0.28",,,,,,,,,,,,,,,,,,,,,,,step-4500,4500
5,pretrained_tabicl_v2,pretrained_tabicl_regressor,/home/fcolanto/.cache/huggingface/hub/models--jingang--TabICL/snapshots/4dcd344ece2c00be9e831fdd35bed57b5ad83e19/tabicl-regressor-v2-20260212.ckpt,electrochemical_metrics_alloys__pitting_potential__epit_mv_sce_avg,electrochemical_metrics_alloys,Pitting Potential,"Epit, mV (SCE) Avg.",,continuous,0,,median,False,,608,487,121,21,False,0,,,,,epit_pipeline_development_fold_5,0,0,0,0,True,,,normal_corrosion,188.9494359413199,260.65988789830766,0.7966162897556599,0.8765706002620413,0.9273144092547476,0.4085393209542052,0.5635889468071517,"environment,material,process_history","{""environment"": 3, ""material"": 17, ""process_history"": 1}","Composition, wt.% N:numeric_sparse_0.34;Composition, wt.% C:numeric_sparse_0.45;Composition, wt.% Si:numeric_sparse_0.44;Composition, wt.% Mn:numeric_sparse_0.41;Composition, wt.% Cu:numeric_sparse_0.19;Composition, wt.% P:numeric_sparse_0.23;Composition, wt.% S:numeric_sparse_0.25;Test Solution:high_cardinality;Heat treatment:categorical_sparse_0.54;Microstructures:categorical_sparse_0.28",,,,,,,,,,,,,,,,,,,,,,,step-4500,4500
5,catboost,catboost_regressor,catboost==1.2.10;iterations=1000;depth=6;learning_rate=0.03;l2_leaf_reg=3;thread_count=8,electrochemical_metrics_alloys__pitting_potential__epit_mv_sce_avg,electrochemical_metrics_alloys,Pitting Potential,"Epit, mV (SCE) Avg.",,continuous,0,,median,False,,608,487,121,21,False,0,,,,,epit_pipeline_development_fold_5,0,0,0,0,True,,,normal_corrosion,184.17920914311293,245.27082356558748,0.8199224654334067,0.9112805160230548,0.9323509602938432,0.3982253170661901,0.5303152941958648,"environment,material,process_history","{""environment"": 3, ""material"": 17, ""process_history"": 1}","Composition, wt.% N:numeric_sparse_0.34;Composition, wt.% C:numeric_sparse_0.45;Composition, wt.% Si:numeric_sparse_0.44;Composition, wt.% Mn:numeric_sparse_0.41;Composition, wt.% Cu:numeric_sparse_0.19;Composition, wt.% P:numeric_sparse_0.23;Composition, wt.% S:numeric_sparse_0.25;Test Solution:high_cardinality;Heat treatment:categorical_sparse_0.54;Microstructures:categorical_sparse_0.28",,,,,,,,,,,,,,,,,,,,,,,step-4500,4500
5,generic_baseline,local_tabicl_regressor,/home/fcolanto/projects/tabicl/checkpoints/tabicl_s1_regression_baseline/step-5000.ckpt,electrochemical_metrics_alloys__pitting_potential__epit_mv_sce_avg,electrochemical_metrics_alloys,Pitting Potential,"Epit, mV (SCE) Avg.",,continuous,0,,median,False,,608,487,121,21,False,0,,,,,epit_pipeline_development_fold_5,0,0,0,0,True,,,normal_corrosion,262.60453999365075,334.02053912196243,0.6660248890883151,0.8838395215597075,0.923030162312608,0.5677935999862719,0.7222065710745134,"environment,material,process_history","{""environment"": 3, ""material"": 17, ""process_history"": 1}","Composition, wt.% N:numeric_sparse_0.34;Composition, wt.% C:numeric_sparse_0.45;Composition, wt.% Si:numeric_sparse_0.44;Composition, wt.% Mn:numeric_sparse_0.41;Composition, wt.% Cu:numeric_sparse_0.19;Composition, wt.% P:numeric_sparse_0.23;Composition, wt.% S:numeric_sparse_0.25;Test Solution:high_cardinality;Heat treatment:categorical_sparse_0.54;Microstructures:categorical_sparse_0.28",,,,,,,,,,,,,,,,,,,,,,,step-5000,5000
5,trial_0056,local_tabicl_regressor,/home/fcolanto/projects/tabicl/checkpoints/epit_pipeline_final_v1/final_epit_pipeline_optuna_empirical_features_scm_target_v7_trial_0056/step-5000.ckpt,electrochemical_metrics_alloys__pitting_potential__epit_mv_sce_avg,electrochemical_metrics_alloys,Pitting Potential,"Epit, mV (SCE) Avg.",,continuous,0,,median,False,,608,487,121,21,False,0,,,,,epit_pipeline_development_fold_5,0,0,0,0,True,,,normal_corrosion,208.7847871759451,272.26464444124457,0.7781036008141567,0.8931915680195657,0.9262105267585654,0.4514265668669083,0.5886803123053936,"environment,material,process_history","{""environment"": 3, ""material"": 17, ""process_history"": 1}","Composition, wt.% N:numeric_sparse_0.34;Composition, wt.% C:numeric_sparse_0.45;Composition, wt.% Si:numeric_sparse_0.44;Composition, wt.% Mn:numeric_sparse_0.41;Composition, wt.% Cu:numeric_sparse_0.19;Composition, wt.% P:numeric_sparse_0.23;Composition, wt.% S:numeric_sparse_0.25;Test Solution:high_cardinality;Heat treatment:categorical_sparse_0.54;Microstructures:categorical_sparse_0.28",,,,,,,,,,,,,,,,,,,,,,,step-5000,5000
5,pretrained_tabicl_v2,pretrained_tabicl_regressor,/home/fcolanto/.cache/huggingface/hub/models--jingang--TabICL/snapshots/4dcd344ece2c00be9e831fdd35bed57b5ad83e19/tabicl-regressor-v2-20260212.ckpt,electrochemical_metrics_alloys__pitting_potential__epit_mv_sce_avg,electrochemical_metrics_alloys,Pitting Potential,"Epit, mV (SCE) Avg.",,continuous,0,,median,False,,608,487,121,21,False,0,,,,,epit_pipeline_development_fold_5,0,0,0,0,True,,,normal_corrosion,188.9494359413199,260.65988789830766,0.7966162897556599,0.8765706002620413,0.9273144092547476,0.4085393209542052,0.5635889468071517,"environment,material,process_history","{""environment"": 3, ""material"": 17, ""process_history"": 1}","Composition, wt.% N:numeric_sparse_0.34;Composition, wt.% C:numeric_sparse_0.45;Composition, wt.% Si:numeric_sparse_0.44;Composition, wt.% Mn:numeric_sparse_0.41;Composition, wt.% Cu:numeric_sparse_0.19;Composition, wt.% P:numeric_sparse_0.23;Composition, wt.% S:numeric_sparse_0.25;Test Solution:high_cardinality;Heat treatment:categorical_sparse_0.54;Microstructures:categorical_sparse_0.28",,,,,,,,,,,,,,,,,,,,,,,step-5000,5000
5,catboost,catboost_regressor,catboost==1.2.10;iterations=1000;depth=6;learning_rate=0.03;l2_leaf_reg=3;thread_count=8,electrochemical_metrics_alloys__pitting_potential__epit_mv_sce_avg,electrochemical_metrics_alloys,Pitting Potential,"Epit, mV (SCE) Avg.",,continuous,0,,median,False,,608,487,121,21,False,0,,,,,epit_pipeline_development_fold_5,0,0,0,0,True,,,normal_corrosion,184.17920914311293,245.27082356558748,0.8199224654334067,0.9112805160230548,0.9323509602938432,0.3982253170661901,0.5303152941958648,"environment,material,process_history","{""environment"": 3, ""material"": 17, ""process_history"": 1}","Composition, wt.% N:numeric_sparse_0.34;Composition, wt.% C:numeric_sparse_0.45;Composition, wt.% Si:numeric_sparse_0.44;Composition, wt.% Mn:numeric_sparse_0.41;Composition, wt.% Cu:numeric_sparse_0.19;Composition, wt.% P:numeric_sparse_0.23;Composition, wt.% S:numeric_sparse_0.25;Test Solution:high_cardinality;Heat treatment:categorical_sparse_0.54;Microstructures:categorical_sparse_0.28",,,,,,,,,,,,,,,,,,,,,,,step-5000,5000
5,generic_baseline,local_tabicl_regressor,/home/fcolanto/projects/tabicl/checkpoints/tabicl_s1_regression_baseline/step-5500.ckpt,electrochemical_metrics_alloys__pitting_potential__epit_mv_sce_avg,electrochemical_metrics_alloys,Pitting Potential,"Epit, mV (SCE) Avg.",,continuous,0,,median,False,,608,487,121,21,False,0,,,,,epit_pipeline_development_fold_5,0,0,0,0,True,,,normal_corrosion,215.33114901721825,283.1203985030651,0.76005589792349,0.8820646311776118,0.9221273274883688,0.4655808627399314,0.6121522129796002,"environment,material,process_history","{""environment"": 3, ""material"": 17, ""process_history"": 1}","Composition, wt.% N:numeric_sparse_0.34;Composition, wt.% C:numeric_sparse_0.45;Composition, wt.% Si:numeric_sparse_0.44;Composition, wt.% Mn:numeric_sparse_0.41;Composition, wt.% Cu:numeric_sparse_0.19;Composition, wt.% P:numeric_sparse_0.23;Composition, wt.% S:numeric_sparse_0.25;Test Solution:high_cardinality;Heat treatment:categorical_sparse_0.54;Microstructures:categorical_sparse_0.28",,,,,,,,,,,,,,,,,,,,,,,step-5500,5500
5,trial_0056,local_tabicl_regressor,/home/fcolanto/projects/tabicl/checkpoints/epit_pipeline_final_v1/final_epit_pipeline_optuna_empirical_features_scm_target_v7_trial_0056/step-5500.ckpt,electrochemical_metrics_alloys__pitting_potential__epit_mv_sce_avg,electrochemical_metrics_alloys,Pitting Potential,"Epit, mV (SCE) Avg.",,continuous,0,,median,False,,608,487,121,21,False,0,,,,,epit_pipeline_development_fold_5,0,0,0,0,True,,,normal_corrosion,210.45750481419728,274.59414844981325,0.7742902529991423,0.8962027847174338,0.9245996739963666,0.4550432536523184,0.5937170777293259,"environment,material,process_history","{""environment"": 3, ""material"": 17, ""process_history"": 1}","Composition, wt.% N:numeric_sparse_0.34;Composition, wt.% C:numeric_sparse_0.45;Composition, wt.% Si:numeric_sparse_0.44;Composition, wt.% Mn:numeric_sparse_0.41;Composition, wt.% Cu:numeric_sparse_0.19;Composition, wt.% P:numeric_sparse_0.23;Composition, wt.% S:numeric_sparse_0.25;Test Solution:high_cardinality;Heat treatment:categorical_sparse_0.54;Microstructures:categorical_sparse_0.28",,,,,,,,,,,,,,,,,,,,,,,step-5500,5500
5,pretrained_tabicl_v2,pretrained_tabicl_regressor,/home/fcolanto/.cache/huggingface/hub/models--jingang--TabICL/snapshots/4dcd344ece2c00be9e831fdd35bed57b5ad83e19/tabicl-regressor-v2-20260212.ckpt,electrochemical_metrics_alloys__pitting_potential__epit_mv_sce_avg,electrochemical_metrics_alloys,Pitting Potential,"Epit, mV (SCE) Avg.",,continuous,0,,median,False,,608,487,121,21,False,0,,,,,epit_pipeline_development_fold_5,0,0,0,0,True,,,normal_corrosion,188.9494359413199,260.65988789830766,0.7966162897556599,0.8765706002620413,0.9273144092547476,0.4085393209542052,0.5635889468071517,"environment,material,process_history","{""environment"": 3, ""material"": 17, ""process_history"": 1}","Composition, wt.% N:numeric_sparse_0.34;Composition, wt.% C:numeric_sparse_0.45;Composition, wt.% Si:numeric_sparse_0.44;Composition, wt.% Mn:numeric_sparse_0.41;Composition, wt.% Cu:numeric_sparse_0.19;Composition, wt.% P:numeric_sparse_0.23;Composition, wt.% S:numeric_sparse_0.25;Test Solution:high_cardinality;Heat treatment:categorical_sparse_0.54;Microstructures:categorical_sparse_0.28",,,,,,,,,,,,,,,,,,,,,,,step-5500,5500
5,catboost,catboost_regressor,catboost==1.2.10;iterations=1000;depth=6;learning_rate=0.03;l2_leaf_reg=3;thread_count=8,electrochemical_metrics_alloys__pitting_potential__epit_mv_sce_avg,electrochemical_metrics_alloys,Pitting Potential,"Epit, mV (SCE) Avg.",,continuous,0,,median,False,,608,487,121,21,False,0,,,,,epit_pipeline_development_fold_5,0,0,0,0,True,,,normal_corrosion,184.17920914311293,245.27082356558748,0.8199224654334067,0.9112805160230548,0.9323509602938432,0.3982253170661901,0.5303152941958648,"environment,material,process_history","{""environment"": 3, ""material"": 17, ""process_history"": 1}","Composition, wt.% N:numeric_sparse_0.34;Composition, wt.% C:numeric_sparse_0.45;Composition, wt.% Si:numeric_sparse_0.44;Composition, wt.% Mn:numeric_sparse_0.41;Composition, wt.% Cu:numeric_sparse_0.19;Composition, wt.% P:numeric_sparse_0.23;Composition, wt.% S:numeric_sparse_0.25;Test Solution:high_cardinality;Heat treatment:categorical_sparse_0.54;Microstructures:categorical_sparse_0.28",,,,,,,,,,,,,,,,,,,,,,,step-5500,5500
5,generic_baseline,local_tabicl_regressor,/home/fcolanto/projects/tabicl/checkpoints/tabicl_s1_regression_baseline/step-6000.ckpt,electrochemical_metrics_alloys__pitting_potential__epit_mv_sce_avg,electrochemical_metrics_alloys,Pitting Potential,"Epit, mV (SCE) Avg.",,continuous,0,,median,False,,608,487,121,21,False,0,,,,,epit_pipeline_development_fold_5,0,0,0,0,True,,,normal_corrosion,216.42882056066236,280.4040827433899,0.7646379582072196,0.886772832763705,0.926827379738316,0.4679542066176483,0.6062790978235457,"environment,material,process_history","{""environment"": 3, ""material"": 17, ""process_history"": 1}","Composition, wt.% N:numeric_sparse_0.34;Composition, wt.% C:numeric_sparse_0.45;Composition, wt.% Si:numeric_sparse_0.44;Composition, wt.% Mn:numeric_sparse_0.41;Composition, wt.% Cu:numeric_sparse_0.19;Composition, wt.% P:numeric_sparse_0.23;Composition, wt.% S:numeric_sparse_0.25;Test Solution:high_cardinality;Heat treatment:categorical_sparse_0.54;Microstructures:categorical_sparse_0.28",,,,,,,,,,,,,,,,,,,,,,,step-6000,6000
5,trial_0056,local_tabicl_regressor,/home/fcolanto/projects/tabicl/checkpoints/epit_pipeline_final_v1/final_epit_pipeline_optuna_empirical_features_scm_target_v7_trial_0056/step-6000.ckpt,electrochemical_metrics_alloys__pitting_potential__epit_mv_sce_avg,electrochemical_metrics_alloys,Pitting Potential,"Epit, mV (SCE) Avg.",,continuous,0,,median,False,,608,487,121,21,False,0,,,,,epit_pipeline_development_fold_5,0,0,0,0,True,,,normal_corrosion,208.3357545579505,272.7076244227696,0.7773809537182689,0.889878890932372,0.9225950419866498,0.4504556855307038,0.5896381068600424,"environment,material,process_history","{""environment"": 3, ""material"": 17, ""process_history"": 1}","Composition, wt.% N:numeric_sparse_0.34;Composition, wt.% C:numeric_sparse_0.45;Composition, wt.% Si:numeric_sparse_0.44;Composition, wt.% Mn:numeric_sparse_0.41;Composition, wt.% Cu:numeric_sparse_0.19;Composition, wt.% P:numeric_sparse_0.23;Composition, wt.% S:numeric_sparse_0.25;Test Solution:high_cardinality;Heat treatment:categorical_sparse_0.54;Microstructures:categorical_sparse_0.28",,,,,,,,,,,,,,,,,,,,,,,step-6000,6000
5,pretrained_tabicl_v2,pretrained_tabicl_regressor,/home/fcolanto/.cache/huggingface/hub/models--jingang--TabICL/snapshots/4dcd344ece2c00be9e831fdd35bed57b5ad83e19/tabicl-regressor-v2-20260212.ckpt,electrochemical_metrics_alloys__pitting_potential__epit_mv_sce_avg,electrochemical_metrics_alloys,Pitting Potential,"Epit, mV (SCE) Avg.",,continuous,0,,median,False,,608,487,121,21,False,0,,,,,epit_pipeline_development_fold_5,0,0,0,0,True,,,normal_corrosion,188.9494359413199,260.65988789830766,0.7966162897556599,0.8765706002620413,0.9273144092547476,0.4085393209542052,0.5635889468071517,"environment,material,process_history","{""environment"": 3, ""material"": 17, ""process_history"": 1}","Composition, wt.% N:numeric_sparse_0.34;Composition, wt.% C:numeric_sparse_0.45;Composition, wt.% Si:numeric_sparse_0.44;Composition, wt.% Mn:numeric_sparse_0.41;Composition, wt.% Cu:numeric_sparse_0.19;Composition, wt.% P:numeric_sparse_0.23;Composition, wt.% S:numeric_sparse_0.25;Test Solution:high_cardinality;Heat treatment:categorical_sparse_0.54;Microstructures:categorical_sparse_0.28",,,,,,,,,,,,,,,,,,,,,,,step-6000,6000
5,catboost,catboost_regressor,catboost==1.2.10;iterations=1000;depth=6;learning_rate=0.03;l2_leaf_reg=3;thread_count=8,electrochemical_metrics_alloys__pitting_potential__epit_mv_sce_avg,electrochemical_metrics_alloys,Pitting Potential,"Epit, mV (SCE) Avg.",,continuous,0,,median,False,,608,487,121,21,False,0,,,,,epit_pipeline_development_fold_5,0,0,0,0,True,,,normal_corrosion,184.17920914311293,245.27082356558748,0.8199224654334067,0.9112805160230548,0.9323509602938432,0.3982253170661901,0.5303152941958648,"environment,material,process_history","{""environment"": 3, ""material"": 17, ""process_history"": 1}","Composition, wt.% N:numeric_sparse_0.34;Composition, wt.% C:numeric_sparse_0.45;Composition, wt.% Si:numeric_sparse_0.44;Composition, wt.% Mn:numeric_sparse_0.41;Composition, wt.% Cu:numeric_sparse_0.19;Composition, wt.% P:numeric_sparse_0.23;Composition, wt.% S:numeric_sparse_0.25;Test Solution:high_cardinality;Heat treatment:categorical_sparse_0.54;Microstructures:categorical_sparse_0.28",,,,,,,,,,,,,,,,,,,,,,,step-6000,6000
5,generic_baseline,local_tabicl_regressor,/home/fcolanto/projects/tabicl/checkpoints/tabicl_s1_regression_baseline/step-6500.ckpt,electrochemical_metrics_alloys__pitting_potential__epit_mv_sce_avg,electrochemical_metrics_alloys,Pitting Potential,"Epit, mV (SCE) Avg.",,continuous,0,,median,False,,608,487,121,21,False,0,,,,,epit_pipeline_development_fold_5,0,0,0,0,True,,,normal_corrosion,229.1909896340982,296.4257353144631,0.7369734617593648,0.8843001801321596,0.928536603389442,0.4955480856953475,0.6409205087880283,"environment,material,process_history","{""environment"": 3, ""material"": 17, ""process_history"": 1}","Composition, wt.% N:numeric_sparse_0.34;Composition, wt.% C:numeric_sparse_0.45;Composition, wt.% Si:numeric_sparse_0.44;Composition, wt.% Mn:numeric_sparse_0.41;Composition, wt.% Cu:numeric_sparse_0.19;Composition, wt.% P:numeric_sparse_0.23;Composition, wt.% S:numeric_sparse_0.25;Test Solution:high_cardinality;Heat treatment:categorical_sparse_0.54;Microstructures:categorical_sparse_0.28",,,,,,,,,,,,,,,,,,,,,,,step-6500,6500
5,trial_0056,local_tabicl_regressor,/home/fcolanto/projects/tabicl/checkpoints/epit_pipeline_final_v1/final_epit_pipeline_optuna_empirical_features_scm_target_v7_trial_0056/step-6500.ckpt,electrochemical_metrics_alloys__pitting_potential__epit_mv_sce_avg,electrochemical_metrics_alloys,Pitting Potential,"Epit, mV (SCE) Avg.",,continuous,0,,median,False,,608,487,121,21,False,0,,,,,epit_pipeline_development_fold_5,0,0,0,0,True,,,normal_corrosion,206.6879812566447,269.52684528654146,0.7825437904779238,0.8959148731096511,0.9215089370724484,0.4468929324467993,0.582760746565495,"environment,material,process_history","{""environment"": 3, ""material"": 17, ""process_history"": 1}","Composition, wt.% N:numeric_sparse_0.34;Composition, wt.% C:numeric_sparse_0.45;Composition, wt.% Si:numeric_sparse_0.44;Composition, wt.% Mn:numeric_sparse_0.41;Composition, wt.% Cu:numeric_sparse_0.19;Composition, wt.% P:numeric_sparse_0.23;Composition, wt.% S:numeric_sparse_0.25;Test Solution:high_cardinality;Heat treatment:categorical_sparse_0.54;Microstructures:categorical_sparse_0.28",,,,,,,,,,,,,,,,,,,,,,,step-6500,6500
5,pretrained_tabicl_v2,pretrained_tabicl_regressor,/home/fcolanto/.cache/huggingface/hub/models--jingang--TabICL/snapshots/4dcd344ece2c00be9e831fdd35bed57b5ad83e19/tabicl-regressor-v2-20260212.ckpt,electrochemical_metrics_alloys__pitting_potential__epit_mv_sce_avg,electrochemical_metrics_alloys,Pitting Potential,"Epit, mV (SCE) Avg.",,continuous,0,,median,False,,608,487,121,21,False,0,,,,,epit_pipeline_development_fold_5,0,0,0,0,True,,,normal_corrosion,188.9494359413199,260.65988789830766,0.7966162897556599,0.8765706002620413,0.9273144092547476,0.4085393209542052,0.5635889468071517,"environment,material,process_history","{""environment"": 3, ""material"": 17, ""process_history"": 1}","Composition, wt.% N:numeric_sparse_0.34;Composition, wt.% C:numeric_sparse_0.45;Composition, wt.% Si:numeric_sparse_0.44;Composition, wt.% Mn:numeric_sparse_0.41;Composition, wt.% Cu:numeric_sparse_0.19;Composition, wt.% P:numeric_sparse_0.23;Composition, wt.% S:numeric_sparse_0.25;Test Solution:high_cardinality;Heat treatment:categorical_sparse_0.54;Microstructures:categorical_sparse_0.28",,,,,,,,,,,,,,,,,,,,,,,step-6500,6500
5,catboost,catboost_regressor,catboost==1.2.10;iterations=1000;depth=6;learning_rate=0.03;l2_leaf_reg=3;thread_count=8,electrochemical_metrics_alloys__pitting_potential__epit_mv_sce_avg,electrochemical_metrics_alloys,Pitting Potential,"Epit, mV (SCE) Avg.",,continuous,0,,median,False,,608,487,121,21,False,0,,,,,epit_pipeline_development_fold_5,0,0,0,0,True,,,normal_corrosion,184.17920914311293,245.27082356558748,0.8199224654334067,0.9112805160230548,0.9323509602938432,0.3982253170661901,0.5303152941958648,"environment,material,process_history","{""environment"": 3, ""material"": 17, ""process_history"": 1}","Composition, wt.% N:numeric_sparse_0.34;Composition, wt.% C:numeric_sparse_0.45;Composition, wt.% Si:numeric_sparse_0.44;Composition, wt.% Mn:numeric_sparse_0.41;Composition, wt.% Cu:numeric_sparse_0.19;Composition, wt.% P:numeric_sparse_0.23;Composition, wt.% S:numeric_sparse_0.25;Test Solution:high_cardinality;Heat treatment:categorical_sparse_0.54;Microstructures:categorical_sparse_0.28",,,,,,,,,,,,,,,,,,,,,,,step-6500,6500
5,generic_baseline,local_tabicl_regressor,/home/fcolanto/projects/tabicl/checkpoints/tabicl_s1_regression_baseline/step-7000.ckpt,electrochemical_metrics_alloys__pitting_potential__epit_mv_sce_avg,electrochemical_metrics_alloys,Pitting Potential,"Epit, mV (SCE) Avg.",,continuous,0,,median,False,,608,487,121,21,False,0,,,,,epit_pipeline_development_fold_5,0,0,0,0,True,,,normal_corrosion,205.1916842242648,261.5981948295844,0.7951493987287532,0.8974187878608924,0.9411903711164712,0.443657695620032,0.5656177185504527,"environment,material,process_history","{""environment"": 3, ""material"": 17, ""process_history"": 1}","Composition, wt.% N:numeric_sparse_0.34;Composition, wt.% C:numeric_sparse_0.45;Composition, wt.% Si:numeric_sparse_0.44;Composition, wt.% Mn:numeric_sparse_0.41;Composition, wt.% Cu:numeric_sparse_0.19;Composition, wt.% P:numeric_sparse_0.23;Composition, wt.% S:numeric_sparse_0.25;Test Solution:high_cardinality;Heat treatment:categorical_sparse_0.54;Microstructures:categorical_sparse_0.28",,,,,,,,,,,,,,,,,,,,,,,step-7000,7000
5,trial_0056,local_tabicl_regressor,/home/fcolanto/projects/tabicl/checkpoints/epit_pipeline_final_v1/final_epit_pipeline_optuna_empirical_features_scm_target_v7_trial_0056/step-7000.ckpt,electrochemical_metrics_alloys__pitting_potential__epit_mv_sce_avg,electrochemical_metrics_alloys,Pitting Potential,"Epit, mV (SCE) Avg.",,continuous,0,,median,False,,608,487,121,21,False,0,,,,,epit_pipeline_development_fold_5,0,0,0,0,True,,,normal_corrosion,227.66918154577985,289.98760241226574,0.7482748432326736,0.8899974427708709,0.9217485895450924,0.4922576898287131,0.6270002214319259,"environment,material,process_history","{""environment"": 3, ""material"": 17, ""process_history"": 1}","Composition, wt.% N:numeric_sparse_0.34;Composition, wt.% C:numeric_sparse_0.45;Composition, wt.% Si:numeric_sparse_0.44;Composition, wt.% Mn:numeric_sparse_0.41;Composition, wt.% Cu:numeric_sparse_0.19;Composition, wt.% P:numeric_sparse_0.23;Composition, wt.% S:numeric_sparse_0.25;Test Solution:high_cardinality;Heat treatment:categorical_sparse_0.54;Microstructures:categorical_sparse_0.28",,,,,,,,,,,,,,,,,,,,,,,step-7000,7000
5,pretrained_tabicl_v2,pretrained_tabicl_regressor,/home/fcolanto/.cache/huggingface/hub/models--jingang--TabICL/snapshots/4dcd344ece2c00be9e831fdd35bed57b5ad83e19/tabicl-regressor-v2-20260212.ckpt,electrochemical_metrics_alloys__pitting_potential__epit_mv_sce_avg,electrochemical_metrics_alloys,Pitting Potential,"Epit, mV (SCE) Avg.",,continuous,0,,median,False,,608,487,121,21,False,0,,,,,epit_pipeline_development_fold_5,0,0,0,0,True,,,normal_corrosion,188.9494359413199,260.65988789830766,0.7966162897556599,0.8765706002620413,0.9273144092547476,0.4085393209542052,0.5635889468071517,"environment,material,process_history","{""environment"": 3, ""material"": 17, ""process_history"": 1}","Composition, wt.% N:numeric_sparse_0.34;Composition, wt.% C:numeric_sparse_0.45;Composition, wt.% Si:numeric_sparse_0.44;Composition, wt.% Mn:numeric_sparse_0.41;Composition, wt.% Cu:numeric_sparse_0.19;Composition, wt.% P:numeric_sparse_0.23;Composition, wt.% S:numeric_sparse_0.25;Test Solution:high_cardinality;Heat treatment:categorical_sparse_0.54;Microstructures:categorical_sparse_0.28",,,,,,,,,,,,,,,,,,,,,,,step-7000,7000
5,catboost,catboost_regressor,catboost==1.2.10;iterations=1000;depth=6;learning_rate=0.03;l2_leaf_reg=3;thread_count=8,electrochemical_metrics_alloys__pitting_potential__epit_mv_sce_avg,electrochemical_metrics_alloys,Pitting Potential,"Epit, mV (SCE) Avg.",,continuous,0,,median,False,,608,487,121,21,False,0,,,,,epit_pipeline_development_fold_5,0,0,0,0,True,,,normal_corrosion,184.17920914311293,245.27082356558748,0.8199224654334067,0.9112805160230548,0.9323509602938432,0.3982253170661901,0.5303152941958648,"environment,material,process_history","{""environment"": 3, ""material"": 17, ""process_history"": 1}","Composition, wt.% N:numeric_sparse_0.34;Composition, wt.% C:numeric_sparse_0.45;Composition, wt.% Si:numeric_sparse_0.44;Composition, wt.% Mn:numeric_sparse_0.41;Composition, wt.% Cu:numeric_sparse_0.19;Composition, wt.% P:numeric_sparse_0.23;Composition, wt.% S:numeric_sparse_0.25;Test Solution:high_cardinality;Heat treatment:categorical_sparse_0.54;Microstructures:categorical_sparse_0.28",,,,,,,,,,,,,,,,,,,,,,,step-7000,7000
5,generic_baseline,local_tabicl_regressor,/home/fcolanto/projects/tabicl/checkpoints/tabicl_s1_regression_baseline/step-7500.ckpt,electrochemical_metrics_alloys__pitting_potential__epit_mv_sce_avg,electrochemical_metrics_alloys,Pitting Potential,"Epit, mV (SCE) Avg.",,continuous,0,,median,False,,608,487,121,21,False,0,,,,,epit_pipeline_development_fold_5,0,0,0,0,True,,,normal_corrosion,216.27309919573463,276.9263527307888,0.7704399402588811,0.892883333239469,0.932188042685278,0.4676175117745613,0.5987596815800839,"environment,material,process_history","{""environment"": 3, ""material"": 17, ""process_history"": 1}","Composition, wt.% N:numeric_sparse_0.34;Composition, wt.% C:numeric_sparse_0.45;Composition, wt.% Si:numeric_sparse_0.44;Composition, wt.% Mn:numeric_sparse_0.41;Composition, wt.% Cu:numeric_sparse_0.19;Composition, wt.% P:numeric_sparse_0.23;Composition, wt.% S:numeric_sparse_0.25;Test Solution:high_cardinality;Heat treatment:categorical_sparse_0.54;Microstructures:categorical_sparse_0.28",,,,,,,,,,,,,,,,,,,,,,,step-7500,7500
5,trial_0056,local_tabicl_regressor,/home/fcolanto/projects/tabicl/checkpoints/epit_pipeline_final_v1/final_epit_pipeline_optuna_empirical_features_scm_target_v7_trial_0056/step-7500.ckpt,electrochemical_metrics_alloys__pitting_potential__epit_mv_sce_avg,electrochemical_metrics_alloys,Pitting Potential,"Epit, mV (SCE) Avg.",,continuous,0,,median,False,,608,487,121,21,False,0,,,,,epit_pipeline_development_fold_5,0,0,0,0,True,,,normal_corrosion,225.10617636636675,292.0747964945631,0.7446382046916211,0.8865628266497928,0.919045348353682,0.4867160570083605,0.631513073501758,"environment,material,process_history","{""environment"": 3, ""material"": 17, ""process_history"": 1}","Composition, wt.% N:numeric_sparse_0.34;Composition, wt.% C:numeric_sparse_0.45;Composition, wt.% Si:numeric_sparse_0.44;Composition, wt.% Mn:numeric_sparse_0.41;Composition, wt.% Cu:numeric_sparse_0.19;Composition, wt.% P:numeric_sparse_0.23;Composition, wt.% S:numeric_sparse_0.25;Test Solution:high_cardinality;Heat treatment:categorical_sparse_0.54;Microstructures:categorical_sparse_0.28",,,,,,,,,,,,,,,,,,,,,,,step-7500,7500
5,pretrained_tabicl_v2,pretrained_tabicl_regressor,/home/fcolanto/.cache/huggingface/hub/models--jingang--TabICL/snapshots/4dcd344ece2c00be9e831fdd35bed57b5ad83e19/tabicl-regressor-v2-20260212.ckpt,electrochemical_metrics_alloys__pitting_potential__epit_mv_sce_avg,electrochemical_metrics_alloys,Pitting Potential,"Epit, mV (SCE) Avg.",,continuous,0,,median,False,,608,487,121,21,False,0,,,,,epit_pipeline_development_fold_5,0,0,0,0,True,,,normal_corrosion,188.9494359413199,260.65988789830766,0.7966162897556599,0.8765706002620413,0.9273144092547476,0.4085393209542052,0.5635889468071517,"environment,material,process_history","{""environment"": 3, ""material"": 17, ""process_history"": 1}","Composition, wt.% N:numeric_sparse_0.34;Composition, wt.% C:numeric_sparse_0.45;Composition, wt.% Si:numeric_sparse_0.44;Composition, wt.% Mn:numeric_sparse_0.41;Composition, wt.% Cu:numeric_sparse_0.19;Composition, wt.% P:numeric_sparse_0.23;Composition, wt.% S:numeric_sparse_0.25;Test Solution:high_cardinality;Heat treatment:categorical_sparse_0.54;Microstructures:categorical_sparse_0.28",,,,,,,,,,,,,,,,,,,,,,,step-7500,7500
5,catboost,catboost_regressor,catboost==1.2.10;iterations=1000;depth=6;learning_rate=0.03;l2_leaf_reg=3;thread_count=8,electrochemical_metrics_alloys__pitting_potential__epit_mv_sce_avg,electrochemical_metrics_alloys,Pitting Potential,"Epit, mV (SCE) Avg.",,continuous,0,,median,False,,608,487,121,21,False,0,,,,,epit_pipeline_development_fold_5,0,0,0,0,True,,,normal_corrosion,184.17920914311293,245.27082356558748,0.8199224654334067,0.9112805160230548,0.9323509602938432,0.3982253170661901,0.5303152941958648,"environment,material,process_history","{""environment"": 3, ""material"": 17, ""process_history"": 1}","Composition, wt.% N:numeric_sparse_0.34;Composition, wt.% C:numeric_sparse_0.45;Composition, wt.% Si:numeric_sparse_0.44;Composition, wt.% Mn:numeric_sparse_0.41;Composition, wt.% Cu:numeric_sparse_0.19;Composition, wt.% P:numeric_sparse_0.23;Composition, wt.% S:numeric_sparse_0.25;Test Solution:high_cardinality;Heat treatment:categorical_sparse_0.54;Microstructures:categorical_sparse_0.28",,,,,,,,,,,,,,,,,,,,,,,step-7500,7500
5,generic_baseline,local_tabicl_regressor,/home/fcolanto/projects/tabicl/checkpoints/tabicl_s1_regression_baseline/step-8000.ckpt,electrochemical_metrics_alloys__pitting_potential__epit_mv_sce_avg,electrochemical_metrics_alloys,Pitting Potential,"Epit, mV (SCE) Avg.",,continuous,0,,median,False,,608,487,121,21,False,0,,,,,epit_pipeline_development_fold_5,0,0,0,0,True,,,normal_corrosion,228.43934597247303,291.8760340436546,0.7449856435434976,0.8978828336287302,0.93733624492388,0.4939229102107526,0.6310833168511452,"environment,material,process_history","{""environment"": 3, ""material"": 17, ""process_history"": 1}","Composition, wt.% N:numeric_sparse_0.34;Composition, wt.% C:numeric_sparse_0.45;Composition, wt.% Si:numeric_sparse_0.44;Composition, wt.% Mn:numeric_sparse_0.41;Composition, wt.% Cu:numeric_sparse_0.19;Composition, wt.% P:numeric_sparse_0.23;Composition, wt.% S:numeric_sparse_0.25;Test Solution:high_cardinality;Heat treatment:categorical_sparse_0.54;Microstructures:categorical_sparse_0.28",,,,,,,,,,,,,,,,,,,,,,,step-8000,8000
5,trial_0056,local_tabicl_regressor,/home/fcolanto/projects/tabicl/checkpoints/epit_pipeline_final_v1/final_epit_pipeline_optuna_empirical_features_scm_target_v7_trial_0056/step-8000.ckpt,electrochemical_metrics_alloys__pitting_potential__epit_mv_sce_avg,electrochemical_metrics_alloys,Pitting Potential,"Epit, mV (SCE) Avg.",,continuous,0,,median,False,,608,487,121,21,False,0,,,,,epit_pipeline_development_fold_5,0,0,0,0,True,,,normal_corrosion,232.5350554027578,301.95945962181287,0.7270613516944857,0.8830469178394585,0.9137793984210448,0.5027784981681249,0.652885318101217,"environment,material,process_history","{""environment"": 3, ""material"": 17, ""process_history"": 1}","Composition, wt.% N:numeric_sparse_0.34;Composition, wt.% C:numeric_sparse_0.45;Composition, wt.% Si:numeric_sparse_0.44;Composition, wt.% Mn:numeric_sparse_0.41;Composition, wt.% Cu:numeric_sparse_0.19;Composition, wt.% P:numeric_sparse_0.23;Composition, wt.% S:numeric_sparse_0.25;Test Solution:high_cardinality;Heat treatment:categorical_sparse_0.54;Microstructures:categorical_sparse_0.28",,,,,,,,,,,,,,,,,,,,,,,step-8000,8000
5,pretrained_tabicl_v2,pretrained_tabicl_regressor,/home/fcolanto/.cache/huggingface/hub/models--jingang--TabICL/snapshots/4dcd344ece2c00be9e831fdd35bed57b5ad83e19/tabicl-regressor-v2-20260212.ckpt,electrochemical_metrics_alloys__pitting_potential__epit_mv_sce_avg,electrochemical_metrics_alloys,Pitting Potential,"Epit, mV (SCE) Avg.",,continuous,0,,median,False,,608,487,121,21,False,0,,,,,epit_pipeline_development_fold_5,0,0,0,0,True,,,normal_corrosion,188.9494359413199,260.65988789830766,0.7966162897556599,0.8765706002620413,0.9273144092547476,0.4085393209542052,0.5635889468071517,"environment,material,process_history","{""environment"": 3, ""material"": 17, ""process_history"": 1}","Composition, wt.% N:numeric_sparse_0.34;Composition, wt.% C:numeric_sparse_0.45;Composition, wt.% Si:numeric_sparse_0.44;Composition, wt.% Mn:numeric_sparse_0.41;Composition, wt.% Cu:numeric_sparse_0.19;Composition, wt.% P:numeric_sparse_0.23;Composition, wt.% S:numeric_sparse_0.25;Test Solution:high_cardinality;Heat treatment:categorical_sparse_0.54;Microstructures:categorical_sparse_0.28",,,,,,,,,,,,,,,,,,,,,,,step-8000,8000
5,catboost,catboost_regressor,catboost==1.2.10;iterations=1000;depth=6;learning_rate=0.03;l2_leaf_reg=3;thread_count=8,electrochemical_metrics_alloys__pitting_potential__epit_mv_sce_avg,electrochemical_metrics_alloys,Pitting Potential,"Epit, mV (SCE) Avg.",,continuous,0,,median,False,,608,487,121,21,False,0,,,,,epit_pipeline_development_fold_5,0,0,0,0,True,,,normal_corrosion,184.17920914311293,245.27082356558748,0.8199224654334067,0.9112805160230548,0.9323509602938432,0.3982253170661901,0.5303152941958648,"environment,material,process_history","{""environment"": 3, ""material"": 17, ""process_history"": 1}","Composition, wt.% N:numeric_sparse_0.34;Composition, wt.% C:numeric_sparse_0.45;Composition, wt.% Si:numeric_sparse_0.44;Composition, wt.% Mn:numeric_sparse_0.41;Composition, wt.% Cu:numeric_sparse_0.19;Composition, wt.% P:numeric_sparse_0.23;Composition, wt.% S:numeric_sparse_0.25;Test Solution:high_cardinality;Heat treatment:categorical_sparse_0.54;Microstructures:categorical_sparse_0.28",,,,,,,,,,,,,,,,,,,,,,,step-8000,8000
5,generic_baseline,local_tabicl_regressor,/home/fcolanto/projects/tabicl/checkpoints/tabicl_s1_regression_baseline/step-8500.ckpt,electrochemical_metrics_alloys__pitting_potential__epit_mv_sce_avg,electrochemical_metrics_alloys,Pitting Potential,"Epit, mV (SCE) Avg.",,continuous,0,,median,False,,608,487,121,21,False,0,,,,,epit_pipeline_development_fold_5,0,0,0,0,True,,,normal_corrosion,221.6113063460284,282.6445726724433,0.7608617435009865,0.9006095259142015,0.9395302582544554,0.47915958128871,0.6111234003728504,"environment,material,process_history","{""environment"": 3, ""material"": 17, ""process_history"": 1}","Composition, wt.% N:numeric_sparse_0.34;Composition, wt.% C:numeric_sparse_0.45;Composition, wt.% Si:numeric_sparse_0.44;Composition, wt.% Mn:numeric_sparse_0.41;Composition, wt.% Cu:numeric_sparse_0.19;Composition, wt.% P:numeric_sparse_0.23;Composition, wt.% S:numeric_sparse_0.25;Test Solution:high_cardinality;Heat treatment:categorical_sparse_0.54;Microstructures:categorical_sparse_0.28",,,,,,,,,,,,,,,,,,,,,,,step-8500,8500
5,trial_0056,local_tabicl_regressor,/home/fcolanto/projects/tabicl/checkpoints/epit_pipeline_final_v1/final_epit_pipeline_optuna_empirical_features_scm_target_v7_trial_0056/step-8500.ckpt,electrochemical_metrics_alloys__pitting_potential__epit_mv_sce_avg,electrochemical_metrics_alloys,Pitting Potential,"Epit, mV (SCE) Avg.",,continuous,0,,median,False,,608,487,121,21,False,0,,,,,epit_pipeline_development_fold_5,0,0,0,0,True,,,normal_corrosion,236.2397782880157,305.4780286500041,0.7206634815063628,0.8779187040255415,0.9120282452567834,0.5107887098119259,0.6604930349189277,"environment,material,process_history","{""environment"": 3, ""material"": 17, ""process_history"": 1}","Composition, wt.% N:numeric_sparse_0.34;Composition, wt.% C:numeric_sparse_0.45;Composition, wt.% Si:numeric_sparse_0.44;Composition, wt.% Mn:numeric_sparse_0.41;Composition, wt.% Cu:numeric_sparse_0.19;Composition, wt.% P:numeric_sparse_0.23;Composition, wt.% S:numeric_sparse_0.25;Test Solution:high_cardinality;Heat treatment:categorical_sparse_0.54;Microstructures:categorical_sparse_0.28",,,,,,,,,,,,,,,,,,,,,,,step-8500,8500
5,pretrained_tabicl_v2,pretrained_tabicl_regressor,/home/fcolanto/.cache/huggingface/hub/models--jingang--TabICL/snapshots/4dcd344ece2c00be9e831fdd35bed57b5ad83e19/tabicl-regressor-v2-20260212.ckpt,electrochemical_metrics_alloys__pitting_potential__epit_mv_sce_avg,electrochemical_metrics_alloys,Pitting Potential,"Epit, mV (SCE) Avg.",,continuous,0,,median,False,,608,487,121,21,False,0,,,,,epit_pipeline_development_fold_5,0,0,0,0,True,,,normal_corrosion,188.9494359413199,260.65988789830766,0.7966162897556599,0.8765706002620413,0.9273144092547476,0.4085393209542052,0.5635889468071517,"environment,material,process_history","{""environment"": 3, ""material"": 17, ""process_history"": 1}","Composition, wt.% N:numeric_sparse_0.34;Composition, wt.% C:numeric_sparse_0.45;Composition, wt.% Si:numeric_sparse_0.44;Composition, wt.% Mn:numeric_sparse_0.41;Composition, wt.% Cu:numeric_sparse_0.19;Composition, wt.% P:numeric_sparse_0.23;Composition, wt.% S:numeric_sparse_0.25;Test Solution:high_cardinality;Heat treatment:categorical_sparse_0.54;Microstructures:categorical_sparse_0.28",,,,,,,,,,,,,,,,,,,,,,,step-8500,8500
5,catboost,catboost_regressor,catboost==1.2.10;iterations=1000;depth=6;learning_rate=0.03;l2_leaf_reg=3;thread_count=8,electrochemical_metrics_alloys__pitting_potential__epit_mv_sce_avg,electrochemical_metrics_alloys,Pitting Potential,"Epit, mV (SCE) Avg.",,continuous,0,,median,False,,608,487,121,21,False,0,,,,,epit_pipeline_development_fold_5,0,0,0,0,True,,,normal_corrosion,184.17920914311293,245.27082356558748,0.8199224654334067,0.9112805160230548,0.9323509602938432,0.3982253170661901,0.5303152941958648,"environment,material,process_history","{""environment"": 3, ""material"": 17, ""process_history"": 1}","Composition, wt.% N:numeric_sparse_0.34;Composition, wt.% C:numeric_sparse_0.45;Composition, wt.% Si:numeric_sparse_0.44;Composition, wt.% Mn:numeric_sparse_0.41;Composition, wt.% Cu:numeric_sparse_0.19;Composition, wt.% P:numeric_sparse_0.23;Composition, wt.% S:numeric_sparse_0.25;Test Solution:high_cardinality;Heat treatment:categorical_sparse_0.54;Microstructures:categorical_sparse_0.28",,,,,,,,,,,,,,,,,,,,,,,step-8500,8500
5,generic_baseline,local_tabicl_regressor,/home/fcolanto/projects/tabicl/checkpoints/tabicl_s1_regression_baseline/step-9000.ckpt,electrochemical_metrics_alloys__pitting_potential__epit_mv_sce_avg,electrochemical_metrics_alloys,Pitting Potential,"Epit, mV (SCE) Avg.",,continuous,0,,median,False,,608,487,121,21,False,0,,,,,epit_pipeline_development_fold_5,0,0,0,0,True,,,normal_corrosion,217.0380811827972,277.21937818687127,0.7699538721812751,0.8972663640685369,0.9365492334754786,0.4692715268817237,0.5993932501337758,"environment,material,process_history","{""environment"": 3, ""material"": 17, ""process_history"": 1}","Composition, wt.% N:numeric_sparse_0.34;Composition, wt.% C:numeric_sparse_0.45;Composition, wt.% Si:numeric_sparse_0.44;Composition, wt.% Mn:numeric_sparse_0.41;Composition, wt.% Cu:numeric_sparse_0.19;Composition, wt.% P:numeric_sparse_0.23;Composition, wt.% S:numeric_sparse_0.25;Test Solution:high_cardinality;Heat treatment:categorical_sparse_0.54;Microstructures:categorical_sparse_0.28",,,,,,,,,,,,,,,,,,,,,,,step-9000,9000
5,trial_0056,local_tabicl_regressor,/home/fcolanto/projects/tabicl/checkpoints/epit_pipeline_final_v1/final_epit_pipeline_optuna_empirical_features_scm_target_v7_trial_0056/step-9000.ckpt,electrochemical_metrics_alloys__pitting_potential__epit_mv_sce_avg,electrochemical_metrics_alloys,Pitting Potential,"Epit, mV (SCE) Avg.",,continuous,0,,median,False,,608,487,121,21,False,0,,,,,epit_pipeline_development_fold_5,0,0,0,0,True,,,normal_corrosion,229.4272612637469,297.93925140764514,0.734280637455315,0.8804591005648004,0.9146223588263904,0.4960589432729663,0.64419297601653,"environment,material,process_history","{""environment"": 3, ""material"": 17, ""process_history"": 1}","Composition, wt.% N:numeric_sparse_0.34;Composition, wt.% C:numeric_sparse_0.45;Composition, wt.% Si:numeric_sparse_0.44;Composition, wt.% Mn:numeric_sparse_0.41;Composition, wt.% Cu:numeric_sparse_0.19;Composition, wt.% P:numeric_sparse_0.23;Composition, wt.% S:numeric_sparse_0.25;Test Solution:high_cardinality;Heat treatment:categorical_sparse_0.54;Microstructures:categorical_sparse_0.28",,,,,,,,,,,,,,,,,,,,,,,step-9000,9000
5,pretrained_tabicl_v2,pretrained_tabicl_regressor,/home/fcolanto/.cache/huggingface/hub/models--jingang--TabICL/snapshots/4dcd344ece2c00be9e831fdd35bed57b5ad83e19/tabicl-regressor-v2-20260212.ckpt,electrochemical_metrics_alloys__pitting_potential__epit_mv_sce_avg,electrochemical_metrics_alloys,Pitting Potential,"Epit, mV (SCE) Avg.",,continuous,0,,median,False,,608,487,121,21,False,0,,,,,epit_pipeline_development_fold_5,0,0,0,0,True,,,normal_corrosion,188.9494359413199,260.65988789830766,0.7966162897556599,0.8765706002620413,0.9273144092547476,0.4085393209542052,0.5635889468071517,"environment,material,process_history","{""environment"": 3, ""material"": 17, ""process_history"": 1}","Composition, wt.% N:numeric_sparse_0.34;Composition, wt.% C:numeric_sparse_0.45;Composition, wt.% Si:numeric_sparse_0.44;Composition, wt.% Mn:numeric_sparse_0.41;Composition, wt.% Cu:numeric_sparse_0.19;Composition, wt.% P:numeric_sparse_0.23;Composition, wt.% S:numeric_sparse_0.25;Test Solution:high_cardinality;Heat treatment:categorical_sparse_0.54;Microstructures:categorical_sparse_0.28",,,,,,,,,,,,,,,,,,,,,,,step-9000,9000
5,catboost,catboost_regressor,catboost==1.2.10;iterations=1000;depth=6;learning_rate=0.03;l2_leaf_reg=3;thread_count=8,electrochemical_metrics_alloys__pitting_potential__epit_mv_sce_avg,electrochemical_metrics_alloys,Pitting Potential,"Epit, mV (SCE) Avg.",,continuous,0,,median,False,,608,487,121,21,False,0,,,,,epit_pipeline_development_fold_5,0,0,0,0,True,,,normal_corrosion,184.17920914311293,245.27082356558748,0.8199224654334067,0.9112805160230548,0.9323509602938432,0.3982253170661901,0.5303152941958648,"environment,material,process_history","{""environment"": 3, ""material"": 17, ""process_history"": 1}","Composition, wt.% N:numeric_sparse_0.34;Composition, wt.% C:numeric_sparse_0.45;Composition, wt.% Si:numeric_sparse_0.44;Composition, wt.% Mn:numeric_sparse_0.41;Composition, wt.% Cu:numeric_sparse_0.19;Composition, wt.% P:numeric_sparse_0.23;Composition, wt.% S:numeric_sparse_0.25;Test Solution:high_cardinality;Heat treatment:categorical_sparse_0.54;Microstructures:categorical_sparse_0.28",,,,,,,,,,,,,,,,,,,,,,,step-9000,9000
5,generic_baseline,local_tabicl_regressor,/home/fcolanto/projects/tabicl/checkpoints/tabicl_s1_regression_baseline/step-9500.ckpt,electrochemical_metrics_alloys__pitting_potential__epit_mv_sce_avg,electrochemical_metrics_alloys,Pitting Potential,"Epit, mV (SCE) Avg.",,continuous,0,,median,False,,608,487,121,21,False,0,,,,,epit_pipeline_development_fold_5,0,0,0,0,True,,,normal_corrosion,212.6395182076309,271.48607393162007,0.7793708603002463,0.9017171388053185,0.938886055977381,0.4597611204489317,0.5869969166089083,"environment,material,process_history","{""environment"": 3, ""material"": 17, ""process_history"": 1}","Composition, wt.% N:numeric_sparse_0.34;Composition, wt.% C:numeric_sparse_0.45;Composition, wt.% Si:numeric_sparse_0.44;Composition, wt.% Mn:numeric_sparse_0.41;Composition, wt.% Cu:numeric_sparse_0.19;Composition, wt.% P:numeric_sparse_0.23;Composition, wt.% S:numeric_sparse_0.25;Test Solution:high_cardinality;Heat treatment:categorical_sparse_0.54;Microstructures:categorical_sparse_0.28",,,,,,,,,,,,,,,,,,,,,,,step-9500,9500
5,trial_0056,local_tabicl_regressor,/home/fcolanto/projects/tabicl/checkpoints/epit_pipeline_final_v1/final_epit_pipeline_optuna_empirical_features_scm_target_v7_trial_0056/step-9500.ckpt,electrochemical_metrics_alloys__pitting_potential__epit_mv_sce_avg,electrochemical_metrics_alloys,Pitting Potential,"Epit, mV (SCE) Avg.",,continuous,0,,median,False,,608,487,121,21,False,0,,,,,epit_pipeline_development_fold_5,0,0,0,0,True,,,normal_corrosion,234.696612813132,305.3168478504954,0.7209581790042713,0.8757983197141067,0.9094836623472882,0.5074521358121772,0.660144535892963,"environment,material,process_history","{""environment"": 3, ""material"": 17, ""process_history"": 1}","Composition, wt.% N:numeric_sparse_0.34;Composition, wt.% C:numeric_sparse_0.45;Composition, wt.% Si:numeric_sparse_0.44;Composition, wt.% Mn:numeric_sparse_0.41;Composition, wt.% Cu:numeric_sparse_0.19;Composition, wt.% P:numeric_sparse_0.23;Composition, wt.% S:numeric_sparse_0.25;Test Solution:high_cardinality;Heat treatment:categorical_sparse_0.54;Microstructures:categorical_sparse_0.28",,,,,,,,,,,,,,,,,,,,,,,step-9500,9500
5,pretrained_tabicl_v2,pretrained_tabicl_regressor,/home/fcolanto/.cache/huggingface/hub/models--jingang--TabICL/snapshots/4dcd344ece2c00be9e831fdd35bed57b5ad83e19/tabicl-regressor-v2-20260212.ckpt,electrochemical_metrics_alloys__pitting_potential__epit_mv_sce_avg,electrochemical_metrics_alloys,Pitting Potential,"Epit, mV (SCE) Avg.",,continuous,0,,median,False,,608,487,121,21,False,0,,,,,epit_pipeline_development_fold_5,0,0,0,0,True,,,normal_corrosion,188.9494359413199,260.65988789830766,0.7966162897556599,0.8765706002620413,0.9273144092547476,0.4085393209542052,0.5635889468071517,"environment,material,process_history","{""environment"": 3, ""material"": 17, ""process_history"": 1}","Composition, wt.% N:numeric_sparse_0.34;Composition, wt.% C:numeric_sparse_0.45;Composition, wt.% Si:numeric_sparse_0.44;Composition, wt.% Mn:numeric_sparse_0.41;Composition, wt.% Cu:numeric_sparse_0.19;Composition, wt.% P:numeric_sparse_0.23;Composition, wt.% S:numeric_sparse_0.25;Test Solution:high_cardinality;Heat treatment:categorical_sparse_0.54;Microstructures:categorical_sparse_0.28",,,,,,,,,,,,,,,,,,,,,,,step-9500,9500
5,catboost,catboost_regressor,catboost==1.2.10;iterations=1000;depth=6;learning_rate=0.03;l2_leaf_reg=3;thread_count=8,electrochemical_metrics_alloys__pitting_potential__epit_mv_sce_avg,electrochemical_metrics_alloys,Pitting Potential,"Epit, mV (SCE) Avg.",,continuous,0,,median,False,,608,487,121,21,False,0,,,,,epit_pipeline_development_fold_5,0,0,0,0,True,,,normal_corrosion,184.17920914311293,245.27082356558748,0.8199224654334067,0.9112805160230548,0.9323509602938432,0.3982253170661901,0.5303152941958648,"environment,material,process_history","{""environment"": 3, ""material"": 17, ""process_history"": 1}","Composition, wt.% N:numeric_sparse_0.34;Composition, wt.% C:numeric_sparse_0.45;Composition, wt.% Si:numeric_sparse_0.44;Composition, wt.% Mn:numeric_sparse_0.41;Composition, wt.% Cu:numeric_sparse_0.19;Composition, wt.% P:numeric_sparse_0.23;Composition, wt.% S:numeric_sparse_0.25;Test Solution:high_cardinality;Heat treatment:categorical_sparse_0.54;Microstructures:categorical_sparse_0.28",,,,,,,,,,,,,,,,,,,,,,,step-9500,9500
5,generic_baseline,local_tabicl_regressor,/home/fcolanto/projects/tabicl/checkpoints/tabicl_s1_regression_baseline/step-10000.ckpt,electrochemical_metrics_alloys__pitting_potential__epit_mv_sce_avg,electrochemical_metrics_alloys,Pitting Potential,"Epit, mV (SCE) Avg.",,continuous,0,,median,False,,608,487,121,21,False,0,,,,,epit_pipeline_development_fold_5,0,0,0,0,True,,,normal_corrosion,213.87745039706795,272.65132955487843,0.777472854458547,0.900057413066336,0.9387925434261594,0.462437730588255,0.5895163882267642,"environment,material,process_history","{""environment"": 3, ""material"": 17, ""process_history"": 1}","Composition, wt.% N:numeric_sparse_0.34;Composition, wt.% C:numeric_sparse_0.45;Composition, wt.% Si:numeric_sparse_0.44;Composition, wt.% Mn:numeric_sparse_0.41;Composition, wt.% Cu:numeric_sparse_0.19;Composition, wt.% P:numeric_sparse_0.23;Composition, wt.% S:numeric_sparse_0.25;Test Solution:high_cardinality;Heat treatment:categorical_sparse_0.54;Microstructures:categorical_sparse_0.28",,,,,,,,,,,,,,,,,,,,,,,step-10000,10000
5,trial_0056,local_tabicl_regressor,/home/fcolanto/projects/tabicl/checkpoints/epit_pipeline_final_v1/final_epit_pipeline_optuna_empirical_features_scm_target_v7_trial_0056/step-10000.ckpt,electrochemical_metrics_alloys__pitting_potential__epit_mv_sce_avg,electrochemical_metrics_alloys,Pitting Potential,"Epit, mV (SCE) Avg.",,continuous,0,,median,False,,608,487,121,21,False,0,,,,,epit_pipeline_development_fold_5,0,0,0,0,True,,,normal_corrosion,234.0973204678485,304.8039093705276,0.7218949832244561,0.8758220300818065,0.9090365310169516,0.5061563685791319,0.6590354797200597,"environment,material,process_history","{""environment"": 3, ""material"": 17, ""process_history"": 1}","Composition, wt.% N:numeric_sparse_0.34;Composition, wt.% C:numeric_sparse_0.45;Composition, wt.% Si:numeric_sparse_0.44;Composition, wt.% Mn:numeric_sparse_0.41;Composition, wt.% Cu:numeric_sparse_0.19;Composition, wt.% P:numeric_sparse_0.23;Composition, wt.% S:numeric_sparse_0.25;Test Solution:high_cardinality;Heat treatment:categorical_sparse_0.54;Microstructures:categorical_sparse_0.28",,,,,,,,,,,,,,,,,,,,,,,step-10000,10000
5,pretrained_tabicl_v2,pretrained_tabicl_regressor,/home/fcolanto/.cache/huggingface/hub/models--jingang--TabICL/snapshots/4dcd344ece2c00be9e831fdd35bed57b5ad83e19/tabicl-regressor-v2-20260212.ckpt,electrochemical_metrics_alloys__pitting_potential__epit_mv_sce_avg,electrochemical_metrics_alloys,Pitting Potential,"Epit, mV (SCE) Avg.",,continuous,0,,median,False,,608,487,121,21,False,0,,,,,epit_pipeline_development_fold_5,0,0,0,0,True,,,normal_corrosion,188.9494359413199,260.65988789830766,0.7966162897556599,0.8765706002620413,0.9273144092547476,0.4085393209542052,0.5635889468071517,"environment,material,process_history","{""environment"": 3, ""material"": 17, ""process_history"": 1}","Composition, wt.% N:numeric_sparse_0.34;Composition, wt.% C:numeric_sparse_0.45;Composition, wt.% Si:numeric_sparse_0.44;Composition, wt.% Mn:numeric_sparse_0.41;Composition, wt.% Cu:numeric_sparse_0.19;Composition, wt.% P:numeric_sparse_0.23;Composition, wt.% S:numeric_sparse_0.25;Test Solution:high_cardinality;Heat treatment:categorical_sparse_0.54;Microstructures:categorical_sparse_0.28",,,,,,,,,,,,,,,,,,,,,,,step-10000,10000
5,catboost,catboost_regressor,catboost==1.2.10;iterations=1000;depth=6;learning_rate=0.03;l2_leaf_reg=3;thread_count=8,electrochemical_metrics_alloys__pitting_potential__epit_mv_sce_avg,electrochemical_metrics_alloys,Pitting Potential,"Epit, mV (SCE) Avg.",,continuous,0,,median,False,,608,487,121,21,False,0,,,,,epit_pipeline_development_fold_5,0,0,0,0,True,,,normal_corrosion,184.17920914311293,245.27082356558748,0.8199224654334067,0.9112805160230548,0.9323509602938432,0.3982253170661901,0.5303152941958648,"environment,material,process_history","{""environment"": 3, ""material"": 17, ""process_history"": 1}","Composition, wt.% N:numeric_sparse_0.34;Composition, wt.% C:numeric_sparse_0.45;Composition, wt.% Si:numeric_sparse_0.44;Composition, wt.% Mn:numeric_sparse_0.41;Composition, wt.% Cu:numeric_sparse_0.19;Composition, wt.% P:numeric_sparse_0.23;Composition, wt.% S:numeric_sparse_0.25;Test Solution:high_cardinality;Heat treatment:categorical_sparse_0.54;Microstructures:categorical_sparse_0.28",,,,,,,,,,,,,,,,,,,,,,,step-10000,10000
