optuna_validation_fold,model,model_kind,model_source,task_id,dataset,table,target,target_threshold_median,target_binning,target_bins,target_bin_edges,regression_output,regression_uncertainty,regression_quantile_alphas,n_samples,n_train,n_test,n_features,pitting_magpie_features,n_classes,class_labels,class_counts,positive_label,positive_rate,split_strategy,split_group_count,split_train_group_count,split_test_group_count,split_group_overlap_count,include_in_summary,summary_exclusion_reason,task_quality_flags,task_family,test_mae,test_rmse,test_r2,test_spearman,test_pearson,test_nmae_iqr,test_nrmse_iqr,feature_groups,feature_group_counts,dropped_feature_columns,test_pinball_loss,test_npinball_iqr,test_quantile_calibration_mae,test_quantile_calibration_max_error,test_interval_50_coverage,test_interval_50_coverage_error,test_interval_50_mean_width,test_interval_50_nwidth_iqr,test_interval_50_winkler,test_interval_50_nwinkler_iqr,test_interval_80_coverage,test_interval_80_coverage_error,test_interval_80_mean_width,test_interval_80_nwidth_iqr,test_interval_80_winkler,test_interval_80_nwinkler_iqr,test_interval_90_coverage,test_interval_90_coverage_error,test_interval_90_mean_width,test_interval_90_nwidth_iqr,test_interval_90_winkler,test_interval_90_nwinkler_iqr,checkpoint_name,checkpoint_step
1,generic_baseline,local_tabicl_regressor,/home/fcolanto/projects/tabicl/checkpoints/tabicl_s1_regression_baseline/step-500.ckpt,electrochemical_metrics_alloys__pitting_potential__epit_mv_sce_avg,electrochemical_metrics_alloys,Pitting Potential,"Epit, mV (SCE) Avg.",,continuous,0,,median,False,,608,486,122,21,False,0,,,,,epit_pipeline_development_fold_1,0,0,0,0,True,,,normal_corrosion,248.19386855397136,314.8301756962698,0.2601112261189677,0.5457378431700151,0.5517516913985722,0.498028741812214,0.6317419410884261,"environment,material,process_history","{""environment"": 3, ""material"": 17, ""process_history"": 1}","Composition, wt.% N:numeric_sparse_0.34;Composition, wt.% C:numeric_sparse_0.45;Composition, wt.% Si:numeric_sparse_0.44;Composition, wt.% Mn:numeric_sparse_0.41;Composition, wt.% Cu:numeric_sparse_0.19;Composition, wt.% P:numeric_sparse_0.23;Composition, wt.% S:numeric_sparse_0.25;Test Solution:high_cardinality;Heat treatment:categorical_sparse_0.54;Microstructures:categorical_sparse_0.28",,,,,,,,,,,,,,,,,,,,,,,step-500,500
1,epit_scm_trial_0036,local_tabicl_regressor,/home/fcolanto/projects/tabicl/checkpoints/epit_pipeline_final_v1/final_epit_pipeline_optuna_empirical_features_scm_target_v6_trial_0036/step-500.ckpt,electrochemical_metrics_alloys__pitting_potential__epit_mv_sce_avg,electrochemical_metrics_alloys,Pitting Potential,"Epit, mV (SCE) Avg.",,continuous,0,,median,False,,608,486,122,21,False,0,,,,,epit_pipeline_development_fold_1,0,0,0,0,True,,,normal_corrosion,276.38102915847963,338.23541328479376,0.1460117660632397,0.4206440740404863,0.4419583238449554,0.5545894304904253,0.6787071666838108,"environment,material,process_history","{""environment"": 3, ""material"": 17, ""process_history"": 1}","Composition, wt.% N:numeric_sparse_0.34;Composition, wt.% C:numeric_sparse_0.45;Composition, wt.% Si:numeric_sparse_0.44;Composition, wt.% Mn:numeric_sparse_0.41;Composition, wt.% Cu:numeric_sparse_0.19;Composition, wt.% P:numeric_sparse_0.23;Composition, wt.% S:numeric_sparse_0.25;Test Solution:high_cardinality;Heat treatment:categorical_sparse_0.54;Microstructures:categorical_sparse_0.28",,,,,,,,,,,,,,,,,,,,,,,step-500,500
1,pretrained_tabicl_v2,pretrained_tabicl_regressor,/home/fcolanto/.cache/huggingface/hub/models--jingang--TabICL/snapshots/4dcd344ece2c00be9e831fdd35bed57b5ad83e19/tabicl-regressor-v2-20260212.ckpt,electrochemical_metrics_alloys__pitting_potential__epit_mv_sce_avg,electrochemical_metrics_alloys,Pitting Potential,"Epit, mV (SCE) Avg.",,continuous,0,,median,False,,608,486,122,21,False,0,,,,,epit_pipeline_development_fold_1,0,0,0,0,True,,,normal_corrosion,247.5178470109265,504.15891098827655,-0.8973551477817541,0.4972654121034983,0.2579260068849429,0.4966722290164623,1.011651212722474,"environment,material,process_history","{""environment"": 3, ""material"": 17, ""process_history"": 1}","Composition, wt.% N:numeric_sparse_0.34;Composition, wt.% C:numeric_sparse_0.45;Composition, wt.% Si:numeric_sparse_0.44;Composition, wt.% Mn:numeric_sparse_0.41;Composition, wt.% Cu:numeric_sparse_0.19;Composition, wt.% P:numeric_sparse_0.23;Composition, wt.% S:numeric_sparse_0.25;Test Solution:high_cardinality;Heat treatment:categorical_sparse_0.54;Microstructures:categorical_sparse_0.28",,,,,,,,,,,,,,,,,,,,,,,step-500,500
1,catboost,catboost_regressor,catboost==1.2.10;iterations=1000;depth=6;learning_rate=0.03;l2_leaf_reg=3;thread_count=8,electrochemical_metrics_alloys__pitting_potential__epit_mv_sce_avg,electrochemical_metrics_alloys,Pitting Potential,"Epit, mV (SCE) Avg.",,continuous,0,,median,False,,608,486,122,21,False,0,,,,,epit_pipeline_development_fold_1,0,0,0,0,True,,,normal_corrosion,217.56468986329372,340.6674030557137,0.1336868750181218,0.4787131740337256,0.4886175443365949,0.4365678708610748,0.6835872260211673,"environment,material,process_history","{""environment"": 3, ""material"": 17, ""process_history"": 1}","Composition, wt.% N:numeric_sparse_0.34;Composition, wt.% C:numeric_sparse_0.45;Composition, wt.% Si:numeric_sparse_0.44;Composition, wt.% Mn:numeric_sparse_0.41;Composition, wt.% Cu:numeric_sparse_0.19;Composition, wt.% P:numeric_sparse_0.23;Composition, wt.% S:numeric_sparse_0.25;Test Solution:high_cardinality;Heat treatment:categorical_sparse_0.54;Microstructures:categorical_sparse_0.28",,,,,,,,,,,,,,,,,,,,,,,step-500,500
1,generic_baseline,local_tabicl_regressor,/home/fcolanto/projects/tabicl/checkpoints/tabicl_s1_regression_baseline/step-1000.ckpt,electrochemical_metrics_alloys__pitting_potential__epit_mv_sce_avg,electrochemical_metrics_alloys,Pitting Potential,"Epit, mV (SCE) Avg.",,continuous,0,,median,False,,608,486,122,21,False,0,,,,,epit_pipeline_development_fold_1,0,0,0,0,True,,,normal_corrosion,253.8025069563923,380.7803942623566,-0.0823379661941876,0.3531402323854729,0.4140205364812012,0.509283101732995,0.7640784269414855,"environment,material,process_history","{""environment"": 3, ""material"": 17, ""process_history"": 1}","Composition, wt.% N:numeric_sparse_0.34;Composition, wt.% C:numeric_sparse_0.45;Composition, wt.% Si:numeric_sparse_0.44;Composition, wt.% Mn:numeric_sparse_0.41;Composition, wt.% Cu:numeric_sparse_0.19;Composition, wt.% P:numeric_sparse_0.23;Composition, wt.% S:numeric_sparse_0.25;Test Solution:high_cardinality;Heat treatment:categorical_sparse_0.54;Microstructures:categorical_sparse_0.28",,,,,,,,,,,,,,,,,,,,,,,step-1000,1000
1,epit_scm_trial_0036,local_tabicl_regressor,/home/fcolanto/projects/tabicl/checkpoints/epit_pipeline_final_v1/final_epit_pipeline_optuna_empirical_features_scm_target_v6_trial_0036/step-1000.ckpt,electrochemical_metrics_alloys__pitting_potential__epit_mv_sce_avg,electrochemical_metrics_alloys,Pitting Potential,"Epit, mV (SCE) Avg.",,continuous,0,,median,False,,608,486,122,21,False,0,,,,,epit_pipeline_development_fold_1,0,0,0,0,True,,,normal_corrosion,262.47507914269534,424.5479682601549,-0.3454490864753026,0.380056509385526,0.3140200991052825,0.5266855872955295,0.8519029567628434,"environment,material,process_history","{""environment"": 3, ""material"": 17, ""process_history"": 1}","Composition, wt.% N:numeric_sparse_0.34;Composition, wt.% C:numeric_sparse_0.45;Composition, wt.% Si:numeric_sparse_0.44;Composition, wt.% Mn:numeric_sparse_0.41;Composition, wt.% Cu:numeric_sparse_0.19;Composition, wt.% P:numeric_sparse_0.23;Composition, wt.% S:numeric_sparse_0.25;Test Solution:high_cardinality;Heat treatment:categorical_sparse_0.54;Microstructures:categorical_sparse_0.28",,,,,,,,,,,,,,,,,,,,,,,step-1000,1000
1,pretrained_tabicl_v2,pretrained_tabicl_regressor,/home/fcolanto/.cache/huggingface/hub/models--jingang--TabICL/snapshots/4dcd344ece2c00be9e831fdd35bed57b5ad83e19/tabicl-regressor-v2-20260212.ckpt,electrochemical_metrics_alloys__pitting_potential__epit_mv_sce_avg,electrochemical_metrics_alloys,Pitting Potential,"Epit, mV (SCE) Avg.",,continuous,0,,median,False,,608,486,122,21,False,0,,,,,epit_pipeline_development_fold_1,0,0,0,0,True,,,normal_corrosion,247.5178470109265,504.15891098827655,-0.8973551477817541,0.4972654121034983,0.2579260068849429,0.4966722290164623,1.011651212722474,"environment,material,process_history","{""environment"": 3, ""material"": 17, ""process_history"": 1}","Composition, wt.% N:numeric_sparse_0.34;Composition, wt.% C:numeric_sparse_0.45;Composition, wt.% Si:numeric_sparse_0.44;Composition, wt.% Mn:numeric_sparse_0.41;Composition, wt.% Cu:numeric_sparse_0.19;Composition, wt.% P:numeric_sparse_0.23;Composition, wt.% S:numeric_sparse_0.25;Test Solution:high_cardinality;Heat treatment:categorical_sparse_0.54;Microstructures:categorical_sparse_0.28",,,,,,,,,,,,,,,,,,,,,,,step-1000,1000
1,catboost,catboost_regressor,catboost==1.2.10;iterations=1000;depth=6;learning_rate=0.03;l2_leaf_reg=3;thread_count=8,electrochemical_metrics_alloys__pitting_potential__epit_mv_sce_avg,electrochemical_metrics_alloys,Pitting Potential,"Epit, mV (SCE) Avg.",,continuous,0,,median,False,,608,486,122,21,False,0,,,,,epit_pipeline_development_fold_1,0,0,0,0,True,,,normal_corrosion,217.56468986329372,340.6674030557137,0.1336868750181218,0.4787131740337256,0.4886175443365949,0.4365678708610748,0.6835872260211673,"environment,material,process_history","{""environment"": 3, ""material"": 17, ""process_history"": 1}","Composition, wt.% N:numeric_sparse_0.34;Composition, wt.% C:numeric_sparse_0.45;Composition, wt.% Si:numeric_sparse_0.44;Composition, wt.% Mn:numeric_sparse_0.41;Composition, wt.% Cu:numeric_sparse_0.19;Composition, wt.% P:numeric_sparse_0.23;Composition, wt.% S:numeric_sparse_0.25;Test Solution:high_cardinality;Heat treatment:categorical_sparse_0.54;Microstructures:categorical_sparse_0.28",,,,,,,,,,,,,,,,,,,,,,,step-1000,1000
1,generic_baseline,local_tabicl_regressor,/home/fcolanto/projects/tabicl/checkpoints/tabicl_s1_regression_baseline/step-1500.ckpt,electrochemical_metrics_alloys__pitting_potential__epit_mv_sce_avg,electrochemical_metrics_alloys,Pitting Potential,"Epit, mV (SCE) Avg.",,continuous,0,,median,False,,608,486,122,21,False,0,,,,,epit_pipeline_development_fold_1,0,0,0,0,True,,,normal_corrosion,238.61725003496747,397.7377024549093,-0.1808840476998481,0.4226830357236089,0.3956189280533832,0.4788121862235416,0.7981051614166867,"environment,material,process_history","{""environment"": 3, ""material"": 17, ""process_history"": 1}","Composition, wt.% N:numeric_sparse_0.34;Composition, wt.% C:numeric_sparse_0.45;Composition, wt.% Si:numeric_sparse_0.44;Composition, wt.% Mn:numeric_sparse_0.41;Composition, wt.% Cu:numeric_sparse_0.19;Composition, wt.% P:numeric_sparse_0.23;Composition, wt.% S:numeric_sparse_0.25;Test Solution:high_cardinality;Heat treatment:categorical_sparse_0.54;Microstructures:categorical_sparse_0.28",,,,,,,,,,,,,,,,,,,,,,,step-1500,1500
1,epit_scm_trial_0036,local_tabicl_regressor,/home/fcolanto/projects/tabicl/checkpoints/epit_pipeline_final_v1/final_epit_pipeline_optuna_empirical_features_scm_target_v6_trial_0036/step-1500.ckpt,electrochemical_metrics_alloys__pitting_potential__epit_mv_sce_avg,electrochemical_metrics_alloys,Pitting Potential,"Epit, mV (SCE) Avg.",,continuous,0,,median,False,,608,486,122,21,False,0,,,,,epit_pipeline_development_fold_1,0,0,0,0,True,,,normal_corrosion,268.67660112093,428.1311820343347,-0.3682562930999944,0.3896829200547899,0.3522620205092791,0.5391296343871658,0.8590930757532766,"environment,material,process_history","{""environment"": 3, ""material"": 17, ""process_history"": 1}","Composition, wt.% N:numeric_sparse_0.34;Composition, wt.% C:numeric_sparse_0.45;Composition, wt.% Si:numeric_sparse_0.44;Composition, wt.% Mn:numeric_sparse_0.41;Composition, wt.% Cu:numeric_sparse_0.19;Composition, wt.% P:numeric_sparse_0.23;Composition, wt.% S:numeric_sparse_0.25;Test Solution:high_cardinality;Heat treatment:categorical_sparse_0.54;Microstructures:categorical_sparse_0.28",,,,,,,,,,,,,,,,,,,,,,,step-1500,1500
1,pretrained_tabicl_v2,pretrained_tabicl_regressor,/home/fcolanto/.cache/huggingface/hub/models--jingang--TabICL/snapshots/4dcd344ece2c00be9e831fdd35bed57b5ad83e19/tabicl-regressor-v2-20260212.ckpt,electrochemical_metrics_alloys__pitting_potential__epit_mv_sce_avg,electrochemical_metrics_alloys,Pitting Potential,"Epit, mV (SCE) Avg.",,continuous,0,,median,False,,608,486,122,21,False,0,,,,,epit_pipeline_development_fold_1,0,0,0,0,True,,,normal_corrosion,247.5178470109265,504.15891098827655,-0.8973551477817541,0.4972654121034983,0.2579260068849429,0.4966722290164623,1.011651212722474,"environment,material,process_history","{""environment"": 3, ""material"": 17, ""process_history"": 1}","Composition, wt.% N:numeric_sparse_0.34;Composition, wt.% C:numeric_sparse_0.45;Composition, wt.% Si:numeric_sparse_0.44;Composition, wt.% Mn:numeric_sparse_0.41;Composition, wt.% Cu:numeric_sparse_0.19;Composition, wt.% P:numeric_sparse_0.23;Composition, wt.% S:numeric_sparse_0.25;Test Solution:high_cardinality;Heat treatment:categorical_sparse_0.54;Microstructures:categorical_sparse_0.28",,,,,,,,,,,,,,,,,,,,,,,step-1500,1500
1,catboost,catboost_regressor,catboost==1.2.10;iterations=1000;depth=6;learning_rate=0.03;l2_leaf_reg=3;thread_count=8,electrochemical_metrics_alloys__pitting_potential__epit_mv_sce_avg,electrochemical_metrics_alloys,Pitting Potential,"Epit, mV (SCE) Avg.",,continuous,0,,median,False,,608,486,122,21,False,0,,,,,epit_pipeline_development_fold_1,0,0,0,0,True,,,normal_corrosion,217.56468986329372,340.6674030557137,0.1336868750181218,0.4787131740337256,0.4886175443365949,0.4365678708610748,0.6835872260211673,"environment,material,process_history","{""environment"": 3, ""material"": 17, ""process_history"": 1}","Composition, wt.% N:numeric_sparse_0.34;Composition, wt.% C:numeric_sparse_0.45;Composition, wt.% Si:numeric_sparse_0.44;Composition, wt.% Mn:numeric_sparse_0.41;Composition, wt.% Cu:numeric_sparse_0.19;Composition, wt.% P:numeric_sparse_0.23;Composition, wt.% S:numeric_sparse_0.25;Test Solution:high_cardinality;Heat treatment:categorical_sparse_0.54;Microstructures:categorical_sparse_0.28",,,,,,,,,,,,,,,,,,,,,,,step-1500,1500
1,generic_baseline,local_tabicl_regressor,/home/fcolanto/projects/tabicl/checkpoints/tabicl_s1_regression_baseline/step-2000.ckpt,electrochemical_metrics_alloys__pitting_potential__epit_mv_sce_avg,electrochemical_metrics_alloys,Pitting Potential,"Epit, mV (SCE) Avg.",,continuous,0,,median,False,,608,486,122,21,False,0,,,,,epit_pipeline_development_fold_1,0,0,0,0,True,,,normal_corrosion,239.2264430752596,426.9828659493052,-0.3609263732825758,0.4223393533653516,0.3497104647571358,0.4800346001580399,0.8567888511631934,"environment,material,process_history","{""environment"": 3, ""material"": 17, ""process_history"": 1}","Composition, wt.% N:numeric_sparse_0.34;Composition, wt.% C:numeric_sparse_0.45;Composition, wt.% Si:numeric_sparse_0.44;Composition, wt.% Mn:numeric_sparse_0.41;Composition, wt.% Cu:numeric_sparse_0.19;Composition, wt.% P:numeric_sparse_0.23;Composition, wt.% S:numeric_sparse_0.25;Test Solution:high_cardinality;Heat treatment:categorical_sparse_0.54;Microstructures:categorical_sparse_0.28",,,,,,,,,,,,,,,,,,,,,,,step-2000,2000
1,epit_scm_trial_0036,local_tabicl_regressor,/home/fcolanto/projects/tabicl/checkpoints/epit_pipeline_final_v1/final_epit_pipeline_optuna_empirical_features_scm_target_v6_trial_0036/step-2000.ckpt,electrochemical_metrics_alloys__pitting_potential__epit_mv_sce_avg,electrochemical_metrics_alloys,Pitting Potential,"Epit, mV (SCE) Avg.",,continuous,0,,median,False,,608,486,122,21,False,0,,,,,epit_pipeline_development_fold_1,0,0,0,0,True,,,normal_corrosion,226.1242254542471,364.3027848579141,0.0093078613721042,0.4359974224680182,0.4514351154085139,0.4537435358591501,0.7310142617081566,"environment,material,process_history","{""environment"": 3, ""material"": 17, ""process_history"": 1}","Composition, wt.% N:numeric_sparse_0.34;Composition, wt.% C:numeric_sparse_0.45;Composition, wt.% Si:numeric_sparse_0.44;Composition, wt.% Mn:numeric_sparse_0.41;Composition, wt.% Cu:numeric_sparse_0.19;Composition, wt.% P:numeric_sparse_0.23;Composition, wt.% S:numeric_sparse_0.25;Test Solution:high_cardinality;Heat treatment:categorical_sparse_0.54;Microstructures:categorical_sparse_0.28",,,,,,,,,,,,,,,,,,,,,,,step-2000,2000
1,pretrained_tabicl_v2,pretrained_tabicl_regressor,/home/fcolanto/.cache/huggingface/hub/models--jingang--TabICL/snapshots/4dcd344ece2c00be9e831fdd35bed57b5ad83e19/tabicl-regressor-v2-20260212.ckpt,electrochemical_metrics_alloys__pitting_potential__epit_mv_sce_avg,electrochemical_metrics_alloys,Pitting Potential,"Epit, mV (SCE) Avg.",,continuous,0,,median,False,,608,486,122,21,False,0,,,,,epit_pipeline_development_fold_1,0,0,0,0,True,,,normal_corrosion,247.5178470109265,504.15891098827655,-0.8973551477817541,0.4972654121034983,0.2579260068849429,0.4966722290164623,1.011651212722474,"environment,material,process_history","{""environment"": 3, ""material"": 17, ""process_history"": 1}","Composition, wt.% N:numeric_sparse_0.34;Composition, wt.% C:numeric_sparse_0.45;Composition, wt.% Si:numeric_sparse_0.44;Composition, wt.% Mn:numeric_sparse_0.41;Composition, wt.% Cu:numeric_sparse_0.19;Composition, wt.% P:numeric_sparse_0.23;Composition, wt.% S:numeric_sparse_0.25;Test Solution:high_cardinality;Heat treatment:categorical_sparse_0.54;Microstructures:categorical_sparse_0.28",,,,,,,,,,,,,,,,,,,,,,,step-2000,2000
1,catboost,catboost_regressor,catboost==1.2.10;iterations=1000;depth=6;learning_rate=0.03;l2_leaf_reg=3;thread_count=8,electrochemical_metrics_alloys__pitting_potential__epit_mv_sce_avg,electrochemical_metrics_alloys,Pitting Potential,"Epit, mV (SCE) Avg.",,continuous,0,,median,False,,608,486,122,21,False,0,,,,,epit_pipeline_development_fold_1,0,0,0,0,True,,,normal_corrosion,217.56468986329372,340.6674030557137,0.1336868750181218,0.4787131740337256,0.4886175443365949,0.4365678708610748,0.6835872260211673,"environment,material,process_history","{""environment"": 3, ""material"": 17, ""process_history"": 1}","Composition, wt.% N:numeric_sparse_0.34;Composition, wt.% C:numeric_sparse_0.45;Composition, wt.% Si:numeric_sparse_0.44;Composition, wt.% Mn:numeric_sparse_0.41;Composition, wt.% Cu:numeric_sparse_0.19;Composition, wt.% P:numeric_sparse_0.23;Composition, wt.% S:numeric_sparse_0.25;Test Solution:high_cardinality;Heat treatment:categorical_sparse_0.54;Microstructures:categorical_sparse_0.28",,,,,,,,,,,,,,,,,,,,,,,step-2000,2000
1,generic_baseline,local_tabicl_regressor,/home/fcolanto/projects/tabicl/checkpoints/tabicl_s1_regression_baseline/step-2500.ckpt,electrochemical_metrics_alloys__pitting_potential__epit_mv_sce_avg,electrochemical_metrics_alloys,Pitting Potential,"Epit, mV (SCE) Avg.",,continuous,0,,median,False,,608,486,122,21,False,0,,,,,epit_pipeline_development_fold_1,0,0,0,0,True,,,normal_corrosion,257.5563063078187,464.32268054530965,-0.609361213523983,0.4359379389829352,0.3207273341682393,0.5168155197532244,0.9317153632124044,"environment,material,process_history","{""environment"": 3, ""material"": 17, ""process_history"": 1}","Composition, wt.% N:numeric_sparse_0.34;Composition, wt.% C:numeric_sparse_0.45;Composition, wt.% Si:numeric_sparse_0.44;Composition, wt.% Mn:numeric_sparse_0.41;Composition, wt.% Cu:numeric_sparse_0.19;Composition, wt.% P:numeric_sparse_0.23;Composition, wt.% S:numeric_sparse_0.25;Test Solution:high_cardinality;Heat treatment:categorical_sparse_0.54;Microstructures:categorical_sparse_0.28",,,,,,,,,,,,,,,,,,,,,,,step-2500,2500
1,epit_scm_trial_0036,local_tabicl_regressor,/home/fcolanto/projects/tabicl/checkpoints/epit_pipeline_final_v1/final_epit_pipeline_optuna_empirical_features_scm_target_v6_trial_0036/step-2500.ckpt,electrochemical_metrics_alloys__pitting_potential__epit_mv_sce_avg,electrochemical_metrics_alloys,Pitting Potential,"Epit, mV (SCE) Avg.",,continuous,0,,median,False,,608,486,122,21,False,0,,,,,epit_pipeline_development_fold_1,0,0,0,0,True,,,normal_corrosion,232.7262661965207,374.59451996586887,-0.0474578933822975,0.4360172502963792,0.4327615650832705,0.4669912686231547,0.7516657786724636,"environment,material,process_history","{""environment"": 3, ""material"": 17, ""process_history"": 1}","Composition, wt.% N:numeric_sparse_0.34;Composition, wt.% C:numeric_sparse_0.45;Composition, wt.% Si:numeric_sparse_0.44;Composition, wt.% Mn:numeric_sparse_0.41;Composition, wt.% Cu:numeric_sparse_0.19;Composition, wt.% P:numeric_sparse_0.23;Composition, wt.% S:numeric_sparse_0.25;Test Solution:high_cardinality;Heat treatment:categorical_sparse_0.54;Microstructures:categorical_sparse_0.28",,,,,,,,,,,,,,,,,,,,,,,step-2500,2500
1,pretrained_tabicl_v2,pretrained_tabicl_regressor,/home/fcolanto/.cache/huggingface/hub/models--jingang--TabICL/snapshots/4dcd344ece2c00be9e831fdd35bed57b5ad83e19/tabicl-regressor-v2-20260212.ckpt,electrochemical_metrics_alloys__pitting_potential__epit_mv_sce_avg,electrochemical_metrics_alloys,Pitting Potential,"Epit, mV (SCE) Avg.",,continuous,0,,median,False,,608,486,122,21,False,0,,,,,epit_pipeline_development_fold_1,0,0,0,0,True,,,normal_corrosion,247.5178470109265,504.15891098827655,-0.8973551477817541,0.4972654121034983,0.2579260068849429,0.4966722290164623,1.011651212722474,"environment,material,process_history","{""environment"": 3, ""material"": 17, ""process_history"": 1}","Composition, wt.% N:numeric_sparse_0.34;Composition, wt.% C:numeric_sparse_0.45;Composition, wt.% Si:numeric_sparse_0.44;Composition, wt.% Mn:numeric_sparse_0.41;Composition, wt.% Cu:numeric_sparse_0.19;Composition, wt.% P:numeric_sparse_0.23;Composition, wt.% S:numeric_sparse_0.25;Test Solution:high_cardinality;Heat treatment:categorical_sparse_0.54;Microstructures:categorical_sparse_0.28",,,,,,,,,,,,,,,,,,,,,,,step-2500,2500
1,catboost,catboost_regressor,catboost==1.2.10;iterations=1000;depth=6;learning_rate=0.03;l2_leaf_reg=3;thread_count=8,electrochemical_metrics_alloys__pitting_potential__epit_mv_sce_avg,electrochemical_metrics_alloys,Pitting Potential,"Epit, mV (SCE) Avg.",,continuous,0,,median,False,,608,486,122,21,False,0,,,,,epit_pipeline_development_fold_1,0,0,0,0,True,,,normal_corrosion,217.56468986329372,340.6674030557137,0.1336868750181218,0.4787131740337256,0.4886175443365949,0.4365678708610748,0.6835872260211673,"environment,material,process_history","{""environment"": 3, ""material"": 17, ""process_history"": 1}","Composition, wt.% N:numeric_sparse_0.34;Composition, wt.% C:numeric_sparse_0.45;Composition, wt.% Si:numeric_sparse_0.44;Composition, wt.% Mn:numeric_sparse_0.41;Composition, wt.% Cu:numeric_sparse_0.19;Composition, wt.% P:numeric_sparse_0.23;Composition, wt.% S:numeric_sparse_0.25;Test Solution:high_cardinality;Heat treatment:categorical_sparse_0.54;Microstructures:categorical_sparse_0.28",,,,,,,,,,,,,,,,,,,,,,,step-2500,2500
1,generic_baseline,local_tabicl_regressor,/home/fcolanto/projects/tabicl/checkpoints/tabicl_s1_regression_baseline/step-3000.ckpt,electrochemical_metrics_alloys__pitting_potential__epit_mv_sce_avg,electrochemical_metrics_alloys,Pitting Potential,"Epit, mV (SCE) Avg.",,continuous,0,,median,False,,608,486,122,21,False,0,,,,,epit_pipeline_development_fold_1,0,0,0,0,True,,,normal_corrosion,258.7539744896915,452.960279169091,-0.5315598538569388,0.4310569885680699,0.3297152357062977,0.519218774842489,0.9089154346955038,"environment,material,process_history","{""environment"": 3, ""material"": 17, ""process_history"": 1}","Composition, wt.% N:numeric_sparse_0.34;Composition, wt.% C:numeric_sparse_0.45;Composition, wt.% Si:numeric_sparse_0.44;Composition, wt.% Mn:numeric_sparse_0.41;Composition, wt.% Cu:numeric_sparse_0.19;Composition, wt.% P:numeric_sparse_0.23;Composition, wt.% S:numeric_sparse_0.25;Test Solution:high_cardinality;Heat treatment:categorical_sparse_0.54;Microstructures:categorical_sparse_0.28",,,,,,,,,,,,,,,,,,,,,,,step-3000,3000
1,epit_scm_trial_0036,local_tabicl_regressor,/home/fcolanto/projects/tabicl/checkpoints/epit_pipeline_final_v1/final_epit_pipeline_optuna_empirical_features_scm_target_v6_trial_0036/step-3000.ckpt,electrochemical_metrics_alloys__pitting_potential__epit_mv_sce_avg,electrochemical_metrics_alloys,Pitting Potential,"Epit, mV (SCE) Avg.",,continuous,0,,median,False,,608,486,122,21,False,0,,,,,epit_pipeline_development_fold_1,0,0,0,0,True,,,normal_corrosion,226.1280439544269,361.971694449536,0.0219457241522251,0.4573519936128117,0.4629274240199109,0.4537511981066151,0.7263366682208598,"environment,material,process_history","{""environment"": 3, ""material"": 17, ""process_history"": 1}","Composition, wt.% N:numeric_sparse_0.34;Composition, wt.% C:numeric_sparse_0.45;Composition, wt.% Si:numeric_sparse_0.44;Composition, wt.% Mn:numeric_sparse_0.41;Composition, wt.% Cu:numeric_sparse_0.19;Composition, wt.% P:numeric_sparse_0.23;Composition, wt.% S:numeric_sparse_0.25;Test Solution:high_cardinality;Heat treatment:categorical_sparse_0.54;Microstructures:categorical_sparse_0.28",,,,,,,,,,,,,,,,,,,,,,,step-3000,3000
1,pretrained_tabicl_v2,pretrained_tabicl_regressor,/home/fcolanto/.cache/huggingface/hub/models--jingang--TabICL/snapshots/4dcd344ece2c00be9e831fdd35bed57b5ad83e19/tabicl-regressor-v2-20260212.ckpt,electrochemical_metrics_alloys__pitting_potential__epit_mv_sce_avg,electrochemical_metrics_alloys,Pitting Potential,"Epit, mV (SCE) Avg.",,continuous,0,,median,False,,608,486,122,21,False,0,,,,,epit_pipeline_development_fold_1,0,0,0,0,True,,,normal_corrosion,247.5178470109265,504.15891098827655,-0.8973551477817541,0.4972654121034983,0.2579260068849429,0.4966722290164623,1.011651212722474,"environment,material,process_history","{""environment"": 3, ""material"": 17, ""process_history"": 1}","Composition, wt.% N:numeric_sparse_0.34;Composition, wt.% C:numeric_sparse_0.45;Composition, wt.% Si:numeric_sparse_0.44;Composition, wt.% Mn:numeric_sparse_0.41;Composition, wt.% Cu:numeric_sparse_0.19;Composition, wt.% P:numeric_sparse_0.23;Composition, wt.% S:numeric_sparse_0.25;Test Solution:high_cardinality;Heat treatment:categorical_sparse_0.54;Microstructures:categorical_sparse_0.28",,,,,,,,,,,,,,,,,,,,,,,step-3000,3000
1,catboost,catboost_regressor,catboost==1.2.10;iterations=1000;depth=6;learning_rate=0.03;l2_leaf_reg=3;thread_count=8,electrochemical_metrics_alloys__pitting_potential__epit_mv_sce_avg,electrochemical_metrics_alloys,Pitting Potential,"Epit, mV (SCE) Avg.",,continuous,0,,median,False,,608,486,122,21,False,0,,,,,epit_pipeline_development_fold_1,0,0,0,0,True,,,normal_corrosion,217.56468986329372,340.6674030557137,0.1336868750181218,0.4787131740337256,0.4886175443365949,0.4365678708610748,0.6835872260211673,"environment,material,process_history","{""environment"": 3, ""material"": 17, ""process_history"": 1}","Composition, wt.% N:numeric_sparse_0.34;Composition, wt.% C:numeric_sparse_0.45;Composition, wt.% Si:numeric_sparse_0.44;Composition, wt.% Mn:numeric_sparse_0.41;Composition, wt.% Cu:numeric_sparse_0.19;Composition, wt.% P:numeric_sparse_0.23;Composition, wt.% S:numeric_sparse_0.25;Test Solution:high_cardinality;Heat treatment:categorical_sparse_0.54;Microstructures:categorical_sparse_0.28",,,,,,,,,,,,,,,,,,,,,,,step-3000,3000
1,generic_baseline,local_tabicl_regressor,/home/fcolanto/projects/tabicl/checkpoints/tabicl_s1_regression_baseline/step-3500.ckpt,electrochemical_metrics_alloys__pitting_potential__epit_mv_sce_avg,electrochemical_metrics_alloys,Pitting Potential,"Epit, mV (SCE) Avg.",,continuous,0,,median,False,,608,486,122,21,False,0,,,,,epit_pipeline_development_fold_1,0,0,0,0,True,,,normal_corrosion,265.6700002552561,460.4483618832503,-0.5826161708554396,0.4560202244745648,0.2857308070352088,0.5330965536548049,0.9239411097230382,"environment,material,process_history","{""environment"": 3, ""material"": 17, ""process_history"": 1}","Composition, wt.% N:numeric_sparse_0.34;Composition, wt.% C:numeric_sparse_0.45;Composition, wt.% Si:numeric_sparse_0.44;Composition, wt.% Mn:numeric_sparse_0.41;Composition, wt.% Cu:numeric_sparse_0.19;Composition, wt.% P:numeric_sparse_0.23;Composition, wt.% S:numeric_sparse_0.25;Test Solution:high_cardinality;Heat treatment:categorical_sparse_0.54;Microstructures:categorical_sparse_0.28",,,,,,,,,,,,,,,,,,,,,,,step-3500,3500
1,epit_scm_trial_0036,local_tabicl_regressor,/home/fcolanto/projects/tabicl/checkpoints/epit_pipeline_final_v1/final_epit_pipeline_optuna_empirical_features_scm_target_v6_trial_0036/step-3500.ckpt,electrochemical_metrics_alloys__pitting_potential__epit_mv_sce_avg,electrochemical_metrics_alloys,Pitting Potential,"Epit, mV (SCE) Avg.",,continuous,0,,median,False,,608,486,122,21,False,0,,,,,epit_pipeline_development_fold_1,0,0,0,0,True,,,normal_corrosion,218.94018098563316,343.20245270074537,0.1207457013875702,0.4733299186337149,0.4878904365397977,0.4393279475584715,0.6886740865165629,"environment,material,process_history","{""environment"": 3, ""material"": 17, ""process_history"": 1}","Composition, wt.% N:numeric_sparse_0.34;Composition, wt.% C:numeric_sparse_0.45;Composition, wt.% Si:numeric_sparse_0.44;Composition, wt.% Mn:numeric_sparse_0.41;Composition, wt.% Cu:numeric_sparse_0.19;Composition, wt.% P:numeric_sparse_0.23;Composition, wt.% S:numeric_sparse_0.25;Test Solution:high_cardinality;Heat treatment:categorical_sparse_0.54;Microstructures:categorical_sparse_0.28",,,,,,,,,,,,,,,,,,,,,,,step-3500,3500
1,pretrained_tabicl_v2,pretrained_tabicl_regressor,/home/fcolanto/.cache/huggingface/hub/models--jingang--TabICL/snapshots/4dcd344ece2c00be9e831fdd35bed57b5ad83e19/tabicl-regressor-v2-20260212.ckpt,electrochemical_metrics_alloys__pitting_potential__epit_mv_sce_avg,electrochemical_metrics_alloys,Pitting Potential,"Epit, mV (SCE) Avg.",,continuous,0,,median,False,,608,486,122,21,False,0,,,,,epit_pipeline_development_fold_1,0,0,0,0,True,,,normal_corrosion,247.5178470109265,504.15891098827655,-0.8973551477817541,0.4972654121034983,0.2579260068849429,0.4966722290164623,1.011651212722474,"environment,material,process_history","{""environment"": 3, ""material"": 17, ""process_history"": 1}","Composition, wt.% N:numeric_sparse_0.34;Composition, wt.% C:numeric_sparse_0.45;Composition, wt.% Si:numeric_sparse_0.44;Composition, wt.% Mn:numeric_sparse_0.41;Composition, wt.% Cu:numeric_sparse_0.19;Composition, wt.% P:numeric_sparse_0.23;Composition, wt.% S:numeric_sparse_0.25;Test Solution:high_cardinality;Heat treatment:categorical_sparse_0.54;Microstructures:categorical_sparse_0.28",,,,,,,,,,,,,,,,,,,,,,,step-3500,3500
1,catboost,catboost_regressor,catboost==1.2.10;iterations=1000;depth=6;learning_rate=0.03;l2_leaf_reg=3;thread_count=8,electrochemical_metrics_alloys__pitting_potential__epit_mv_sce_avg,electrochemical_metrics_alloys,Pitting Potential,"Epit, mV (SCE) Avg.",,continuous,0,,median,False,,608,486,122,21,False,0,,,,,epit_pipeline_development_fold_1,0,0,0,0,True,,,normal_corrosion,217.56468986329372,340.6674030557137,0.1336868750181218,0.4787131740337256,0.4886175443365949,0.4365678708610748,0.6835872260211673,"environment,material,process_history","{""environment"": 3, ""material"": 17, ""process_history"": 1}","Composition, wt.% N:numeric_sparse_0.34;Composition, wt.% C:numeric_sparse_0.45;Composition, wt.% Si:numeric_sparse_0.44;Composition, wt.% Mn:numeric_sparse_0.41;Composition, wt.% Cu:numeric_sparse_0.19;Composition, wt.% P:numeric_sparse_0.23;Composition, wt.% S:numeric_sparse_0.25;Test Solution:high_cardinality;Heat treatment:categorical_sparse_0.54;Microstructures:categorical_sparse_0.28",,,,,,,,,,,,,,,,,,,,,,,step-3500,3500
1,generic_baseline,local_tabicl_regressor,/home/fcolanto/projects/tabicl/checkpoints/tabicl_s1_regression_baseline/step-4000.ckpt,electrochemical_metrics_alloys__pitting_potential__epit_mv_sce_avg,electrochemical_metrics_alloys,Pitting Potential,"Epit, mV (SCE) Avg.",,continuous,0,,median,False,,608,486,122,21,False,0,,,,,epit_pipeline_development_fold_1,0,0,0,0,True,,,normal_corrosion,260.62478614401044,472.993810134102,-0.6700314473957505,0.4530460502204153,0.3182485496028325,0.5229727675571217,0.9491149540417718,"environment,material,process_history","{""environment"": 3, ""material"": 17, ""process_history"": 1}","Composition, wt.% N:numeric_sparse_0.34;Composition, wt.% C:numeric_sparse_0.45;Composition, wt.% Si:numeric_sparse_0.44;Composition, wt.% Mn:numeric_sparse_0.41;Composition, wt.% Cu:numeric_sparse_0.19;Composition, wt.% P:numeric_sparse_0.23;Composition, wt.% S:numeric_sparse_0.25;Test Solution:high_cardinality;Heat treatment:categorical_sparse_0.54;Microstructures:categorical_sparse_0.28",,,,,,,,,,,,,,,,,,,,,,,step-4000,4000
1,epit_scm_trial_0036,local_tabicl_regressor,/home/fcolanto/projects/tabicl/checkpoints/epit_pipeline_final_v1/final_epit_pipeline_optuna_empirical_features_scm_target_v6_trial_0036/step-4000.ckpt,electrochemical_metrics_alloys__pitting_potential__epit_mv_sce_avg,electrochemical_metrics_alloys,Pitting Potential,"Epit, mV (SCE) Avg.",,continuous,0,,median,False,,608,486,122,21,False,0,,,,,epit_pipeline_development_fold_1,0,0,0,0,True,,,normal_corrosion,252.9826112692002,396.3441912302957,-0.1726238679277882,0.4420184730136409,0.4439130501352583,0.5076378893839205,0.7953089253696848,"environment,material,process_history","{""environment"": 3, ""material"": 17, ""process_history"": 1}","Composition, wt.% N:numeric_sparse_0.34;Composition, wt.% C:numeric_sparse_0.45;Composition, wt.% Si:numeric_sparse_0.44;Composition, wt.% Mn:numeric_sparse_0.41;Composition, wt.% Cu:numeric_sparse_0.19;Composition, wt.% P:numeric_sparse_0.23;Composition, wt.% S:numeric_sparse_0.25;Test Solution:high_cardinality;Heat treatment:categorical_sparse_0.54;Microstructures:categorical_sparse_0.28",,,,,,,,,,,,,,,,,,,,,,,step-4000,4000
1,pretrained_tabicl_v2,pretrained_tabicl_regressor,/home/fcolanto/.cache/huggingface/hub/models--jingang--TabICL/snapshots/4dcd344ece2c00be9e831fdd35bed57b5ad83e19/tabicl-regressor-v2-20260212.ckpt,electrochemical_metrics_alloys__pitting_potential__epit_mv_sce_avg,electrochemical_metrics_alloys,Pitting Potential,"Epit, mV (SCE) Avg.",,continuous,0,,median,False,,608,486,122,21,False,0,,,,,epit_pipeline_development_fold_1,0,0,0,0,True,,,normal_corrosion,247.5178470109265,504.15891098827655,-0.8973551477817541,0.4972654121034983,0.2579260068849429,0.4966722290164623,1.011651212722474,"environment,material,process_history","{""environment"": 3, ""material"": 17, ""process_history"": 1}","Composition, wt.% N:numeric_sparse_0.34;Composition, wt.% C:numeric_sparse_0.45;Composition, wt.% Si:numeric_sparse_0.44;Composition, wt.% Mn:numeric_sparse_0.41;Composition, wt.% Cu:numeric_sparse_0.19;Composition, wt.% P:numeric_sparse_0.23;Composition, wt.% S:numeric_sparse_0.25;Test Solution:high_cardinality;Heat treatment:categorical_sparse_0.54;Microstructures:categorical_sparse_0.28",,,,,,,,,,,,,,,,,,,,,,,step-4000,4000
1,catboost,catboost_regressor,catboost==1.2.10;iterations=1000;depth=6;learning_rate=0.03;l2_leaf_reg=3;thread_count=8,electrochemical_metrics_alloys__pitting_potential__epit_mv_sce_avg,electrochemical_metrics_alloys,Pitting Potential,"Epit, mV (SCE) Avg.",,continuous,0,,median,False,,608,486,122,21,False,0,,,,,epit_pipeline_development_fold_1,0,0,0,0,True,,,normal_corrosion,217.56468986329372,340.6674030557137,0.1336868750181218,0.4787131740337256,0.4886175443365949,0.4365678708610748,0.6835872260211673,"environment,material,process_history","{""environment"": 3, ""material"": 17, ""process_history"": 1}","Composition, wt.% N:numeric_sparse_0.34;Composition, wt.% C:numeric_sparse_0.45;Composition, wt.% Si:numeric_sparse_0.44;Composition, wt.% Mn:numeric_sparse_0.41;Composition, wt.% Cu:numeric_sparse_0.19;Composition, wt.% P:numeric_sparse_0.23;Composition, wt.% S:numeric_sparse_0.25;Test Solution:high_cardinality;Heat treatment:categorical_sparse_0.54;Microstructures:categorical_sparse_0.28",,,,,,,,,,,,,,,,,,,,,,,step-4000,4000
1,generic_baseline,local_tabicl_regressor,/home/fcolanto/projects/tabicl/checkpoints/tabicl_s1_regression_baseline/step-4500.ckpt,electrochemical_metrics_alloys__pitting_potential__epit_mv_sce_avg,electrochemical_metrics_alloys,Pitting Potential,"Epit, mV (SCE) Avg.",,continuous,0,,median,False,,608,486,122,21,False,0,,,,,epit_pipeline_development_fold_1,0,0,0,0,True,,,normal_corrosion,253.0569506636914,440.9000606829258,-0.4510890057686212,0.4534161696831539,0.3373635975293115,0.5077870596890584,0.8847152581414278,"environment,material,process_history","{""environment"": 3, ""material"": 17, ""process_history"": 1}","Composition, wt.% N:numeric_sparse_0.34;Composition, wt.% C:numeric_sparse_0.45;Composition, wt.% Si:numeric_sparse_0.44;Composition, wt.% Mn:numeric_sparse_0.41;Composition, wt.% Cu:numeric_sparse_0.19;Composition, wt.% P:numeric_sparse_0.23;Composition, wt.% S:numeric_sparse_0.25;Test Solution:high_cardinality;Heat treatment:categorical_sparse_0.54;Microstructures:categorical_sparse_0.28",,,,,,,,,,,,,,,,,,,,,,,step-4500,4500
1,epit_scm_trial_0036,local_tabicl_regressor,/home/fcolanto/projects/tabicl/checkpoints/epit_pipeline_final_v1/final_epit_pipeline_optuna_empirical_features_scm_target_v6_trial_0036/step-4500.ckpt,electrochemical_metrics_alloys__pitting_potential__epit_mv_sce_avg,electrochemical_metrics_alloys,Pitting Potential,"Epit, mV (SCE) Avg.",,continuous,0,,median,False,,608,486,122,21,False,0,,,,,epit_pipeline_development_fold_1,0,0,0,0,True,,,normal_corrosion,237.326659997544,388.1923191875995,-0.1248836664040844,0.4298607095902897,0.437765908946603,0.4762224730437673,0.7789512828521971,"environment,material,process_history","{""environment"": 3, ""material"": 17, ""process_history"": 1}","Composition, wt.% N:numeric_sparse_0.34;Composition, wt.% C:numeric_sparse_0.45;Composition, wt.% Si:numeric_sparse_0.44;Composition, wt.% Mn:numeric_sparse_0.41;Composition, wt.% Cu:numeric_sparse_0.19;Composition, wt.% P:numeric_sparse_0.23;Composition, wt.% S:numeric_sparse_0.25;Test Solution:high_cardinality;Heat treatment:categorical_sparse_0.54;Microstructures:categorical_sparse_0.28",,,,,,,,,,,,,,,,,,,,,,,step-4500,4500
1,pretrained_tabicl_v2,pretrained_tabicl_regressor,/home/fcolanto/.cache/huggingface/hub/models--jingang--TabICL/snapshots/4dcd344ece2c00be9e831fdd35bed57b5ad83e19/tabicl-regressor-v2-20260212.ckpt,electrochemical_metrics_alloys__pitting_potential__epit_mv_sce_avg,electrochemical_metrics_alloys,Pitting Potential,"Epit, mV (SCE) Avg.",,continuous,0,,median,False,,608,486,122,21,False,0,,,,,epit_pipeline_development_fold_1,0,0,0,0,True,,,normal_corrosion,247.5178470109265,504.15891098827655,-0.8973551477817541,0.4972654121034983,0.2579260068849429,0.4966722290164623,1.011651212722474,"environment,material,process_history","{""environment"": 3, ""material"": 17, ""process_history"": 1}","Composition, wt.% N:numeric_sparse_0.34;Composition, wt.% C:numeric_sparse_0.45;Composition, wt.% Si:numeric_sparse_0.44;Composition, wt.% Mn:numeric_sparse_0.41;Composition, wt.% Cu:numeric_sparse_0.19;Composition, wt.% P:numeric_sparse_0.23;Composition, wt.% S:numeric_sparse_0.25;Test Solution:high_cardinality;Heat treatment:categorical_sparse_0.54;Microstructures:categorical_sparse_0.28",,,,,,,,,,,,,,,,,,,,,,,step-4500,4500
1,catboost,catboost_regressor,catboost==1.2.10;iterations=1000;depth=6;learning_rate=0.03;l2_leaf_reg=3;thread_count=8,electrochemical_metrics_alloys__pitting_potential__epit_mv_sce_avg,electrochemical_metrics_alloys,Pitting Potential,"Epit, mV (SCE) Avg.",,continuous,0,,median,False,,608,486,122,21,False,0,,,,,epit_pipeline_development_fold_1,0,0,0,0,True,,,normal_corrosion,217.56468986329372,340.6674030557137,0.1336868750181218,0.4787131740337256,0.4886175443365949,0.4365678708610748,0.6835872260211673,"environment,material,process_history","{""environment"": 3, ""material"": 17, ""process_history"": 1}","Composition, wt.% N:numeric_sparse_0.34;Composition, wt.% C:numeric_sparse_0.45;Composition, wt.% Si:numeric_sparse_0.44;Composition, wt.% Mn:numeric_sparse_0.41;Composition, wt.% Cu:numeric_sparse_0.19;Composition, wt.% P:numeric_sparse_0.23;Composition, wt.% S:numeric_sparse_0.25;Test Solution:high_cardinality;Heat treatment:categorical_sparse_0.54;Microstructures:categorical_sparse_0.28",,,,,,,,,,,,,,,,,,,,,,,step-4500,4500
1,generic_baseline,local_tabicl_regressor,/home/fcolanto/projects/tabicl/checkpoints/tabicl_s1_regression_baseline/step-5000.ckpt,electrochemical_metrics_alloys__pitting_potential__epit_mv_sce_avg,electrochemical_metrics_alloys,Pitting Potential,"Epit, mV (SCE) Avg.",,continuous,0,,median,False,,608,486,122,21,False,0,,,,,epit_pipeline_development_fold_1,0,0,0,0,True,,,normal_corrosion,266.65636472619144,438.4633030689357,-0.4350936304760349,0.4635944549084656,0.3458832193992664,0.5350758042273119,0.8798256315939738,"environment,material,process_history","{""environment"": 3, ""material"": 17, ""process_history"": 1}","Composition, wt.% N:numeric_sparse_0.34;Composition, wt.% C:numeric_sparse_0.45;Composition, wt.% Si:numeric_sparse_0.44;Composition, wt.% Mn:numeric_sparse_0.41;Composition, wt.% Cu:numeric_sparse_0.19;Composition, wt.% P:numeric_sparse_0.23;Composition, wt.% S:numeric_sparse_0.25;Test Solution:high_cardinality;Heat treatment:categorical_sparse_0.54;Microstructures:categorical_sparse_0.28",,,,,,,,,,,,,,,,,,,,,,,step-5000,5000
1,epit_scm_trial_0036,local_tabicl_regressor,/home/fcolanto/projects/tabicl/checkpoints/epit_pipeline_final_v1/final_epit_pipeline_optuna_empirical_features_scm_target_v6_trial_0036/step-5000.ckpt,electrochemical_metrics_alloys__pitting_potential__epit_mv_sce_avg,electrochemical_metrics_alloys,Pitting Potential,"Epit, mV (SCE) Avg.",,continuous,0,,median,False,,608,486,122,21,False,0,,,,,epit_pipeline_development_fold_1,0,0,0,0,True,,,normal_corrosion,235.9446230692733,380.5170649513449,-0.0808414985966365,0.4284099734818768,0.4414593795475425,0.473449261455041,0.7635500272424539,"environment,material,process_history","{""environment"": 3, ""material"": 17, ""process_history"": 1}","Composition, wt.% N:numeric_sparse_0.34;Composition, wt.% C:numeric_sparse_0.45;Composition, wt.% Si:numeric_sparse_0.44;Composition, wt.% Mn:numeric_sparse_0.41;Composition, wt.% Cu:numeric_sparse_0.19;Composition, wt.% P:numeric_sparse_0.23;Composition, wt.% S:numeric_sparse_0.25;Test Solution:high_cardinality;Heat treatment:categorical_sparse_0.54;Microstructures:categorical_sparse_0.28",,,,,,,,,,,,,,,,,,,,,,,step-5000,5000
1,pretrained_tabicl_v2,pretrained_tabicl_regressor,/home/fcolanto/.cache/huggingface/hub/models--jingang--TabICL/snapshots/4dcd344ece2c00be9e831fdd35bed57b5ad83e19/tabicl-regressor-v2-20260212.ckpt,electrochemical_metrics_alloys__pitting_potential__epit_mv_sce_avg,electrochemical_metrics_alloys,Pitting Potential,"Epit, mV (SCE) Avg.",,continuous,0,,median,False,,608,486,122,21,False,0,,,,,epit_pipeline_development_fold_1,0,0,0,0,True,,,normal_corrosion,247.5178470109265,504.15891098827655,-0.8973551477817541,0.4972654121034983,0.2579260068849429,0.4966722290164623,1.011651212722474,"environment,material,process_history","{""environment"": 3, ""material"": 17, ""process_history"": 1}","Composition, wt.% N:numeric_sparse_0.34;Composition, wt.% C:numeric_sparse_0.45;Composition, wt.% Si:numeric_sparse_0.44;Composition, wt.% Mn:numeric_sparse_0.41;Composition, wt.% Cu:numeric_sparse_0.19;Composition, wt.% P:numeric_sparse_0.23;Composition, wt.% S:numeric_sparse_0.25;Test Solution:high_cardinality;Heat treatment:categorical_sparse_0.54;Microstructures:categorical_sparse_0.28",,,,,,,,,,,,,,,,,,,,,,,step-5000,5000
1,catboost,catboost_regressor,catboost==1.2.10;iterations=1000;depth=6;learning_rate=0.03;l2_leaf_reg=3;thread_count=8,electrochemical_metrics_alloys__pitting_potential__epit_mv_sce_avg,electrochemical_metrics_alloys,Pitting Potential,"Epit, mV (SCE) Avg.",,continuous,0,,median,False,,608,486,122,21,False,0,,,,,epit_pipeline_development_fold_1,0,0,0,0,True,,,normal_corrosion,217.56468986329372,340.6674030557137,0.1336868750181218,0.4787131740337256,0.4886175443365949,0.4365678708610748,0.6835872260211673,"environment,material,process_history","{""environment"": 3, ""material"": 17, ""process_history"": 1}","Composition, wt.% N:numeric_sparse_0.34;Composition, wt.% C:numeric_sparse_0.45;Composition, wt.% Si:numeric_sparse_0.44;Composition, wt.% Mn:numeric_sparse_0.41;Composition, wt.% Cu:numeric_sparse_0.19;Composition, wt.% P:numeric_sparse_0.23;Composition, wt.% S:numeric_sparse_0.25;Test Solution:high_cardinality;Heat treatment:categorical_sparse_0.54;Microstructures:categorical_sparse_0.28",,,,,,,,,,,,,,,,,,,,,,,step-5000,5000
1,generic_baseline,local_tabicl_regressor,/home/fcolanto/projects/tabicl/checkpoints/tabicl_s1_regression_baseline/step-5500.ckpt,electrochemical_metrics_alloys__pitting_potential__epit_mv_sce_avg,electrochemical_metrics_alloys,Pitting Potential,"Epit, mV (SCE) Avg.",,continuous,0,,median,False,,608,486,122,21,False,0,,,,,epit_pipeline_development_fold_1,0,0,0,0,True,,,normal_corrosion,246.96431044320076,435.99043618450105,-0.4189518546219319,0.4515721816455812,0.3280228360382223,0.4955614960157735,0.8748635477588678,"environment,material,process_history","{""environment"": 3, ""material"": 17, ""process_history"": 1}","Composition, wt.% N:numeric_sparse_0.34;Composition, wt.% C:numeric_sparse_0.45;Composition, wt.% Si:numeric_sparse_0.44;Composition, wt.% Mn:numeric_sparse_0.41;Composition, wt.% Cu:numeric_sparse_0.19;Composition, wt.% P:numeric_sparse_0.23;Composition, wt.% S:numeric_sparse_0.25;Test Solution:high_cardinality;Heat treatment:categorical_sparse_0.54;Microstructures:categorical_sparse_0.28",,,,,,,,,,,,,,,,,,,,,,,step-5500,5500
1,epit_scm_trial_0036,local_tabicl_regressor,/home/fcolanto/projects/tabicl/checkpoints/epit_pipeline_final_v1/final_epit_pipeline_optuna_empirical_features_scm_target_v6_trial_0036/step-5500.ckpt,electrochemical_metrics_alloys__pitting_potential__epit_mv_sce_avg,electrochemical_metrics_alloys,Pitting Potential,"Epit, mV (SCE) Avg.",,continuous,0,,median,False,,608,486,122,21,False,0,,,,,epit_pipeline_development_fold_1,0,0,0,0,True,,,normal_corrosion,238.37738949353977,384.79891631297465,-0.105303168657141,0.42946745766113,0.413453311987453,0.4783308792341562,0.7721420406498909,"environment,material,process_history","{""environment"": 3, ""material"": 17, ""process_history"": 1}","Composition, wt.% N:numeric_sparse_0.34;Composition, wt.% C:numeric_sparse_0.45;Composition, wt.% Si:numeric_sparse_0.44;Composition, wt.% Mn:numeric_sparse_0.41;Composition, wt.% Cu:numeric_sparse_0.19;Composition, wt.% P:numeric_sparse_0.23;Composition, wt.% S:numeric_sparse_0.25;Test Solution:high_cardinality;Heat treatment:categorical_sparse_0.54;Microstructures:categorical_sparse_0.28",,,,,,,,,,,,,,,,,,,,,,,step-5500,5500
1,pretrained_tabicl_v2,pretrained_tabicl_regressor,/home/fcolanto/.cache/huggingface/hub/models--jingang--TabICL/snapshots/4dcd344ece2c00be9e831fdd35bed57b5ad83e19/tabicl-regressor-v2-20260212.ckpt,electrochemical_metrics_alloys__pitting_potential__epit_mv_sce_avg,electrochemical_metrics_alloys,Pitting Potential,"Epit, mV (SCE) Avg.",,continuous,0,,median,False,,608,486,122,21,False,0,,,,,epit_pipeline_development_fold_1,0,0,0,0,True,,,normal_corrosion,247.5178470109265,504.15891098827655,-0.8973551477817541,0.4972654121034983,0.2579260068849429,0.4966722290164623,1.011651212722474,"environment,material,process_history","{""environment"": 3, ""material"": 17, ""process_history"": 1}","Composition, wt.% N:numeric_sparse_0.34;Composition, wt.% C:numeric_sparse_0.45;Composition, wt.% Si:numeric_sparse_0.44;Composition, wt.% Mn:numeric_sparse_0.41;Composition, wt.% Cu:numeric_sparse_0.19;Composition, wt.% P:numeric_sparse_0.23;Composition, wt.% S:numeric_sparse_0.25;Test Solution:high_cardinality;Heat treatment:categorical_sparse_0.54;Microstructures:categorical_sparse_0.28",,,,,,,,,,,,,,,,,,,,,,,step-5500,5500
1,catboost,catboost_regressor,catboost==1.2.10;iterations=1000;depth=6;learning_rate=0.03;l2_leaf_reg=3;thread_count=8,electrochemical_metrics_alloys__pitting_potential__epit_mv_sce_avg,electrochemical_metrics_alloys,Pitting Potential,"Epit, mV (SCE) Avg.",,continuous,0,,median,False,,608,486,122,21,False,0,,,,,epit_pipeline_development_fold_1,0,0,0,0,True,,,normal_corrosion,217.56468986329372,340.6674030557137,0.1336868750181218,0.4787131740337256,0.4886175443365949,0.4365678708610748,0.6835872260211673,"environment,material,process_history","{""environment"": 3, ""material"": 17, ""process_history"": 1}","Composition, wt.% N:numeric_sparse_0.34;Composition, wt.% C:numeric_sparse_0.45;Composition, wt.% Si:numeric_sparse_0.44;Composition, wt.% Mn:numeric_sparse_0.41;Composition, wt.% Cu:numeric_sparse_0.19;Composition, wt.% P:numeric_sparse_0.23;Composition, wt.% S:numeric_sparse_0.25;Test Solution:high_cardinality;Heat treatment:categorical_sparse_0.54;Microstructures:categorical_sparse_0.28",,,,,,,,,,,,,,,,,,,,,,,step-5500,5500
1,generic_baseline,local_tabicl_regressor,/home/fcolanto/projects/tabicl/checkpoints/tabicl_s1_regression_baseline/step-6000.ckpt,electrochemical_metrics_alloys__pitting_potential__epit_mv_sce_avg,electrochemical_metrics_alloys,Pitting Potential,"Epit, mV (SCE) Avg.",,continuous,0,,median,False,,608,486,122,21,False,0,,,,,epit_pipeline_development_fold_1,0,0,0,0,True,,,normal_corrosion,257.8257523337296,460.2091109028381,-0.5809719295911022,0.4475933974211412,0.2515992996793605,0.5173561933244635,0.9234610258859708,"environment,material,process_history","{""environment"": 3, ""material"": 17, ""process_history"": 1}","Composition, wt.% N:numeric_sparse_0.34;Composition, wt.% C:numeric_sparse_0.45;Composition, wt.% Si:numeric_sparse_0.44;Composition, wt.% Mn:numeric_sparse_0.41;Composition, wt.% Cu:numeric_sparse_0.19;Composition, wt.% P:numeric_sparse_0.23;Composition, wt.% S:numeric_sparse_0.25;Test Solution:high_cardinality;Heat treatment:categorical_sparse_0.54;Microstructures:categorical_sparse_0.28",,,,,,,,,,,,,,,,,,,,,,,step-6000,6000
1,epit_scm_trial_0036,local_tabicl_regressor,/home/fcolanto/projects/tabicl/checkpoints/epit_pipeline_final_v1/final_epit_pipeline_optuna_empirical_features_scm_target_v6_trial_0036/step-6000.ckpt,electrochemical_metrics_alloys__pitting_potential__epit_mv_sce_avg,electrochemical_metrics_alloys,Pitting Potential,"Epit, mV (SCE) Avg.",,continuous,0,,median,False,,608,486,122,21,False,0,,,,,epit_pipeline_development_fold_1,0,0,0,0,True,,,normal_corrosion,232.62353783317727,372.607629371774,-0.0363756980471952,0.4240808976230591,0.4370331370818374,0.4667851326785305,0.7476788605891894,"environment,material,process_history","{""environment"": 3, ""material"": 17, ""process_history"": 1}","Composition, wt.% N:numeric_sparse_0.34;Composition, wt.% C:numeric_sparse_0.45;Composition, wt.% Si:numeric_sparse_0.44;Composition, wt.% Mn:numeric_sparse_0.41;Composition, wt.% Cu:numeric_sparse_0.19;Composition, wt.% P:numeric_sparse_0.23;Composition, wt.% S:numeric_sparse_0.25;Test Solution:high_cardinality;Heat treatment:categorical_sparse_0.54;Microstructures:categorical_sparse_0.28",,,,,,,,,,,,,,,,,,,,,,,step-6000,6000
1,pretrained_tabicl_v2,pretrained_tabicl_regressor,/home/fcolanto/.cache/huggingface/hub/models--jingang--TabICL/snapshots/4dcd344ece2c00be9e831fdd35bed57b5ad83e19/tabicl-regressor-v2-20260212.ckpt,electrochemical_metrics_alloys__pitting_potential__epit_mv_sce_avg,electrochemical_metrics_alloys,Pitting Potential,"Epit, mV (SCE) Avg.",,continuous,0,,median,False,,608,486,122,21,False,0,,,,,epit_pipeline_development_fold_1,0,0,0,0,True,,,normal_corrosion,247.5178470109265,504.15891098827655,-0.8973551477817541,0.4972654121034983,0.2579260068849429,0.4966722290164623,1.011651212722474,"environment,material,process_history","{""environment"": 3, ""material"": 17, ""process_history"": 1}","Composition, wt.% N:numeric_sparse_0.34;Composition, wt.% C:numeric_sparse_0.45;Composition, wt.% Si:numeric_sparse_0.44;Composition, wt.% Mn:numeric_sparse_0.41;Composition, wt.% Cu:numeric_sparse_0.19;Composition, wt.% P:numeric_sparse_0.23;Composition, wt.% S:numeric_sparse_0.25;Test Solution:high_cardinality;Heat treatment:categorical_sparse_0.54;Microstructures:categorical_sparse_0.28",,,,,,,,,,,,,,,,,,,,,,,step-6000,6000
1,catboost,catboost_regressor,catboost==1.2.10;iterations=1000;depth=6;learning_rate=0.03;l2_leaf_reg=3;thread_count=8,electrochemical_metrics_alloys__pitting_potential__epit_mv_sce_avg,electrochemical_metrics_alloys,Pitting Potential,"Epit, mV (SCE) Avg.",,continuous,0,,median,False,,608,486,122,21,False,0,,,,,epit_pipeline_development_fold_1,0,0,0,0,True,,,normal_corrosion,217.56468986329372,340.6674030557137,0.1336868750181218,0.4787131740337256,0.4886175443365949,0.4365678708610748,0.6835872260211673,"environment,material,process_history","{""environment"": 3, ""material"": 17, ""process_history"": 1}","Composition, wt.% N:numeric_sparse_0.34;Composition, wt.% C:numeric_sparse_0.45;Composition, wt.% Si:numeric_sparse_0.44;Composition, wt.% Mn:numeric_sparse_0.41;Composition, wt.% Cu:numeric_sparse_0.19;Composition, wt.% P:numeric_sparse_0.23;Composition, wt.% S:numeric_sparse_0.25;Test Solution:high_cardinality;Heat treatment:categorical_sparse_0.54;Microstructures:categorical_sparse_0.28",,,,,,,,,,,,,,,,,,,,,,,step-6000,6000
1,generic_baseline,local_tabicl_regressor,/home/fcolanto/projects/tabicl/checkpoints/tabicl_s1_regression_baseline/step-6500.ckpt,electrochemical_metrics_alloys__pitting_potential__epit_mv_sce_avg,electrochemical_metrics_alloys,Pitting Potential,"Epit, mV (SCE) Avg.",,continuous,0,,median,False,,608,486,122,21,False,0,,,,,epit_pipeline_development_fold_1,0,0,0,0,True,,,normal_corrosion,256.2445710107876,453.9620175037462,-0.5383415465682979,0.4513111152388281,0.2760154102050497,0.5141833762463068,0.910925534644145,"environment,material,process_history","{""environment"": 3, ""material"": 17, ""process_history"": 1}","Composition, wt.% N:numeric_sparse_0.34;Composition, wt.% C:numeric_sparse_0.45;Composition, wt.% Si:numeric_sparse_0.44;Composition, wt.% Mn:numeric_sparse_0.41;Composition, wt.% Cu:numeric_sparse_0.19;Composition, wt.% P:numeric_sparse_0.23;Composition, wt.% S:numeric_sparse_0.25;Test Solution:high_cardinality;Heat treatment:categorical_sparse_0.54;Microstructures:categorical_sparse_0.28",,,,,,,,,,,,,,,,,,,,,,,step-6500,6500
1,epit_scm_trial_0036,local_tabicl_regressor,/home/fcolanto/projects/tabicl/checkpoints/epit_pipeline_final_v1/final_epit_pipeline_optuna_empirical_features_scm_target_v6_trial_0036/step-6500.ckpt,electrochemical_metrics_alloys__pitting_potential__epit_mv_sce_avg,electrochemical_metrics_alloys,Pitting Potential,"Epit, mV (SCE) Avg.",,continuous,0,,median,False,,608,486,122,21,False,0,,,,,epit_pipeline_development_fold_1,0,0,0,0,True,,,normal_corrosion,253.21288273056192,397.2946636440899,-0.1782547466399173,0.4102807290838053,0.4217478568538713,0.5080999548122302,0.7972161545173145,"environment,material,process_history","{""environment"": 3, ""material"": 17, ""process_history"": 1}","Composition, wt.% N:numeric_sparse_0.34;Composition, wt.% C:numeric_sparse_0.45;Composition, wt.% Si:numeric_sparse_0.44;Composition, wt.% Mn:numeric_sparse_0.41;Composition, wt.% Cu:numeric_sparse_0.19;Composition, wt.% P:numeric_sparse_0.23;Composition, wt.% S:numeric_sparse_0.25;Test Solution:high_cardinality;Heat treatment:categorical_sparse_0.54;Microstructures:categorical_sparse_0.28",,,,,,,,,,,,,,,,,,,,,,,step-6500,6500
1,pretrained_tabicl_v2,pretrained_tabicl_regressor,/home/fcolanto/.cache/huggingface/hub/models--jingang--TabICL/snapshots/4dcd344ece2c00be9e831fdd35bed57b5ad83e19/tabicl-regressor-v2-20260212.ckpt,electrochemical_metrics_alloys__pitting_potential__epit_mv_sce_avg,electrochemical_metrics_alloys,Pitting Potential,"Epit, mV (SCE) Avg.",,continuous,0,,median,False,,608,486,122,21,False,0,,,,,epit_pipeline_development_fold_1,0,0,0,0,True,,,normal_corrosion,247.5178470109265,504.15891098827655,-0.8973551477817541,0.4972654121034983,0.2579260068849429,0.4966722290164623,1.011651212722474,"environment,material,process_history","{""environment"": 3, ""material"": 17, ""process_history"": 1}","Composition, wt.% N:numeric_sparse_0.34;Composition, wt.% C:numeric_sparse_0.45;Composition, wt.% Si:numeric_sparse_0.44;Composition, wt.% Mn:numeric_sparse_0.41;Composition, wt.% Cu:numeric_sparse_0.19;Composition, wt.% P:numeric_sparse_0.23;Composition, wt.% S:numeric_sparse_0.25;Test Solution:high_cardinality;Heat treatment:categorical_sparse_0.54;Microstructures:categorical_sparse_0.28",,,,,,,,,,,,,,,,,,,,,,,step-6500,6500
1,catboost,catboost_regressor,catboost==1.2.10;iterations=1000;depth=6;learning_rate=0.03;l2_leaf_reg=3;thread_count=8,electrochemical_metrics_alloys__pitting_potential__epit_mv_sce_avg,electrochemical_metrics_alloys,Pitting Potential,"Epit, mV (SCE) Avg.",,continuous,0,,median,False,,608,486,122,21,False,0,,,,,epit_pipeline_development_fold_1,0,0,0,0,True,,,normal_corrosion,217.56468986329372,340.6674030557137,0.1336868750181218,0.4787131740337256,0.4886175443365949,0.4365678708610748,0.6835872260211673,"environment,material,process_history","{""environment"": 3, ""material"": 17, ""process_history"": 1}","Composition, wt.% N:numeric_sparse_0.34;Composition, wt.% C:numeric_sparse_0.45;Composition, wt.% Si:numeric_sparse_0.44;Composition, wt.% Mn:numeric_sparse_0.41;Composition, wt.% Cu:numeric_sparse_0.19;Composition, wt.% P:numeric_sparse_0.23;Composition, wt.% S:numeric_sparse_0.25;Test Solution:high_cardinality;Heat treatment:categorical_sparse_0.54;Microstructures:categorical_sparse_0.28",,,,,,,,,,,,,,,,,,,,,,,step-6500,6500
1,generic_baseline,local_tabicl_regressor,/home/fcolanto/projects/tabicl/checkpoints/tabicl_s1_regression_baseline/step-7000.ckpt,electrochemical_metrics_alloys__pitting_potential__epit_mv_sce_avg,electrochemical_metrics_alloys,Pitting Potential,"Epit, mV (SCE) Avg.",,continuous,0,,median,False,,608,486,122,21,False,0,,,,,epit_pipeline_development_fold_1,0,0,0,0,True,,,normal_corrosion,257.7624442432695,457.1053784393774,-0.5597191241431847,0.4560598801312867,0.2750453570428013,0.5172291585640075,0.9172330397447136,"environment,material,process_history","{""environment"": 3, ""material"": 17, ""process_history"": 1}","Composition, wt.% N:numeric_sparse_0.34;Composition, wt.% C:numeric_sparse_0.45;Composition, wt.% Si:numeric_sparse_0.44;Composition, wt.% Mn:numeric_sparse_0.41;Composition, wt.% Cu:numeric_sparse_0.19;Composition, wt.% P:numeric_sparse_0.23;Composition, wt.% S:numeric_sparse_0.25;Test Solution:high_cardinality;Heat treatment:categorical_sparse_0.54;Microstructures:categorical_sparse_0.28",,,,,,,,,,,,,,,,,,,,,,,step-7000,7000
1,epit_scm_trial_0036,local_tabicl_regressor,/home/fcolanto/projects/tabicl/checkpoints/epit_pipeline_final_v1/final_epit_pipeline_optuna_empirical_features_scm_target_v6_trial_0036/step-7000.ckpt,electrochemical_metrics_alloys__pitting_potential__epit_mv_sce_avg,electrochemical_metrics_alloys,Pitting Potential,"Epit, mV (SCE) Avg.",,continuous,0,,median,False,,608,486,122,21,False,0,,,,,epit_pipeline_development_fold_1,0,0,0,0,True,,,normal_corrosion,242.113396942024,381.2064250788412,-0.084761238438566,0.4147750368456314,0.4349936526412795,0.4858275958122494,0.7649333053989722,"environment,material,process_history","{""environment"": 3, ""material"": 17, ""process_history"": 1}","Composition, wt.% N:numeric_sparse_0.34;Composition, wt.% C:numeric_sparse_0.45;Composition, wt.% Si:numeric_sparse_0.44;Composition, wt.% Mn:numeric_sparse_0.41;Composition, wt.% Cu:numeric_sparse_0.19;Composition, wt.% P:numeric_sparse_0.23;Composition, wt.% S:numeric_sparse_0.25;Test Solution:high_cardinality;Heat treatment:categorical_sparse_0.54;Microstructures:categorical_sparse_0.28",,,,,,,,,,,,,,,,,,,,,,,step-7000,7000
1,pretrained_tabicl_v2,pretrained_tabicl_regressor,/home/fcolanto/.cache/huggingface/hub/models--jingang--TabICL/snapshots/4dcd344ece2c00be9e831fdd35bed57b5ad83e19/tabicl-regressor-v2-20260212.ckpt,electrochemical_metrics_alloys__pitting_potential__epit_mv_sce_avg,electrochemical_metrics_alloys,Pitting Potential,"Epit, mV (SCE) Avg.",,continuous,0,,median,False,,608,486,122,21,False,0,,,,,epit_pipeline_development_fold_1,0,0,0,0,True,,,normal_corrosion,247.5178470109265,504.15891098827655,-0.8973551477817541,0.4972654121034983,0.2579260068849429,0.4966722290164623,1.011651212722474,"environment,material,process_history","{""environment"": 3, ""material"": 17, ""process_history"": 1}","Composition, wt.% N:numeric_sparse_0.34;Composition, wt.% C:numeric_sparse_0.45;Composition, wt.% Si:numeric_sparse_0.44;Composition, wt.% Mn:numeric_sparse_0.41;Composition, wt.% Cu:numeric_sparse_0.19;Composition, wt.% P:numeric_sparse_0.23;Composition, wt.% S:numeric_sparse_0.25;Test Solution:high_cardinality;Heat treatment:categorical_sparse_0.54;Microstructures:categorical_sparse_0.28",,,,,,,,,,,,,,,,,,,,,,,step-7000,7000
1,catboost,catboost_regressor,catboost==1.2.10;iterations=1000;depth=6;learning_rate=0.03;l2_leaf_reg=3;thread_count=8,electrochemical_metrics_alloys__pitting_potential__epit_mv_sce_avg,electrochemical_metrics_alloys,Pitting Potential,"Epit, mV (SCE) Avg.",,continuous,0,,median,False,,608,486,122,21,False,0,,,,,epit_pipeline_development_fold_1,0,0,0,0,True,,,normal_corrosion,217.56468986329372,340.6674030557137,0.1336868750181218,0.4787131740337256,0.4886175443365949,0.4365678708610748,0.6835872260211673,"environment,material,process_history","{""environment"": 3, ""material"": 17, ""process_history"": 1}","Composition, wt.% N:numeric_sparse_0.34;Composition, wt.% C:numeric_sparse_0.45;Composition, wt.% Si:numeric_sparse_0.44;Composition, wt.% Mn:numeric_sparse_0.41;Composition, wt.% Cu:numeric_sparse_0.19;Composition, wt.% P:numeric_sparse_0.23;Composition, wt.% S:numeric_sparse_0.25;Test Solution:high_cardinality;Heat treatment:categorical_sparse_0.54;Microstructures:categorical_sparse_0.28",,,,,,,,,,,,,,,,,,,,,,,step-7000,7000
1,generic_baseline,local_tabicl_regressor,/home/fcolanto/projects/tabicl/checkpoints/tabicl_s1_regression_baseline/step-7500.ckpt,electrochemical_metrics_alloys__pitting_potential__epit_mv_sce_avg,electrochemical_metrics_alloys,Pitting Potential,"Epit, mV (SCE) Avg.",,continuous,0,,median,False,,608,486,122,21,False,0,,,,,epit_pipeline_development_fold_1,0,0,0,0,True,,,normal_corrosion,255.5815512739192,453.2676842505971,-0.5336393697111523,0.4595760150273036,0.2823387598881832,0.512852953028066,0.9095322773550794,"environment,material,process_history","{""environment"": 3, ""material"": 17, ""process_history"": 1}","Composition, wt.% N:numeric_sparse_0.34;Composition, wt.% C:numeric_sparse_0.45;Composition, wt.% Si:numeric_sparse_0.44;Composition, wt.% Mn:numeric_sparse_0.41;Composition, wt.% Cu:numeric_sparse_0.19;Composition, wt.% P:numeric_sparse_0.23;Composition, wt.% S:numeric_sparse_0.25;Test Solution:high_cardinality;Heat treatment:categorical_sparse_0.54;Microstructures:categorical_sparse_0.28",,,,,,,,,,,,,,,,,,,,,,,step-7500,7500
1,epit_scm_trial_0036,local_tabicl_regressor,/home/fcolanto/projects/tabicl/checkpoints/epit_pipeline_final_v1/final_epit_pipeline_optuna_empirical_features_scm_target_v6_trial_0036/step-7500.ckpt,electrochemical_metrics_alloys__pitting_potential__epit_mv_sce_avg,electrochemical_metrics_alloys,Pitting Potential,"Epit, mV (SCE) Avg.",,continuous,0,,median,False,,608,486,122,21,False,0,,,,,epit_pipeline_development_fold_1,0,0,0,0,True,,,normal_corrosion,239.11751815284143,371.6124517743965,-0.0308470911683746,0.4136018903342724,0.4268830564399995,0.4798160301249446,0.7456819254932936,"environment,material,process_history","{""environment"": 3, ""material"": 17, ""process_history"": 1}","Composition, wt.% N:numeric_sparse_0.34;Composition, wt.% C:numeric_sparse_0.45;Composition, wt.% Si:numeric_sparse_0.44;Composition, wt.% Mn:numeric_sparse_0.41;Composition, wt.% Cu:numeric_sparse_0.19;Composition, wt.% P:numeric_sparse_0.23;Composition, wt.% S:numeric_sparse_0.25;Test Solution:high_cardinality;Heat treatment:categorical_sparse_0.54;Microstructures:categorical_sparse_0.28",,,,,,,,,,,,,,,,,,,,,,,step-7500,7500
1,pretrained_tabicl_v2,pretrained_tabicl_regressor,/home/fcolanto/.cache/huggingface/hub/models--jingang--TabICL/snapshots/4dcd344ece2c00be9e831fdd35bed57b5ad83e19/tabicl-regressor-v2-20260212.ckpt,electrochemical_metrics_alloys__pitting_potential__epit_mv_sce_avg,electrochemical_metrics_alloys,Pitting Potential,"Epit, mV (SCE) Avg.",,continuous,0,,median,False,,608,486,122,21,False,0,,,,,epit_pipeline_development_fold_1,0,0,0,0,True,,,normal_corrosion,247.5178470109265,504.15891098827655,-0.8973551477817541,0.4972654121034983,0.2579260068849429,0.4966722290164623,1.011651212722474,"environment,material,process_history","{""environment"": 3, ""material"": 17, ""process_history"": 1}","Composition, wt.% N:numeric_sparse_0.34;Composition, wt.% C:numeric_sparse_0.45;Composition, wt.% Si:numeric_sparse_0.44;Composition, wt.% Mn:numeric_sparse_0.41;Composition, wt.% Cu:numeric_sparse_0.19;Composition, wt.% P:numeric_sparse_0.23;Composition, wt.% S:numeric_sparse_0.25;Test Solution:high_cardinality;Heat treatment:categorical_sparse_0.54;Microstructures:categorical_sparse_0.28",,,,,,,,,,,,,,,,,,,,,,,step-7500,7500
1,catboost,catboost_regressor,catboost==1.2.10;iterations=1000;depth=6;learning_rate=0.03;l2_leaf_reg=3;thread_count=8,electrochemical_metrics_alloys__pitting_potential__epit_mv_sce_avg,electrochemical_metrics_alloys,Pitting Potential,"Epit, mV (SCE) Avg.",,continuous,0,,median,False,,608,486,122,21,False,0,,,,,epit_pipeline_development_fold_1,0,0,0,0,True,,,normal_corrosion,217.56468986329372,340.6674030557137,0.1336868750181218,0.4787131740337256,0.4886175443365949,0.4365678708610748,0.6835872260211673,"environment,material,process_history","{""environment"": 3, ""material"": 17, ""process_history"": 1}","Composition, wt.% N:numeric_sparse_0.34;Composition, wt.% C:numeric_sparse_0.45;Composition, wt.% Si:numeric_sparse_0.44;Composition, wt.% Mn:numeric_sparse_0.41;Composition, wt.% Cu:numeric_sparse_0.19;Composition, wt.% P:numeric_sparse_0.23;Composition, wt.% S:numeric_sparse_0.25;Test Solution:high_cardinality;Heat treatment:categorical_sparse_0.54;Microstructures:categorical_sparse_0.28",,,,,,,,,,,,,,,,,,,,,,,step-7500,7500
1,generic_baseline,local_tabicl_regressor,/home/fcolanto/projects/tabicl/checkpoints/tabicl_s1_regression_baseline/step-8000.ckpt,electrochemical_metrics_alloys__pitting_potential__epit_mv_sce_avg,electrochemical_metrics_alloys,Pitting Potential,"Epit, mV (SCE) Avg.",,continuous,0,,median,False,,608,486,122,21,False,0,,,,,epit_pipeline_development_fold_1,0,0,0,0,True,,,normal_corrosion,265.0418462885714,467.4933660738642,-0.6314157071104038,0.4571305828627806,0.2597190267334969,0.5318360925019368,0.9380776981631762,"environment,material,process_history","{""environment"": 3, ""material"": 17, ""process_history"": 1}","Composition, wt.% N:numeric_sparse_0.34;Composition, wt.% C:numeric_sparse_0.45;Composition, wt.% Si:numeric_sparse_0.44;Composition, wt.% Mn:numeric_sparse_0.41;Composition, wt.% Cu:numeric_sparse_0.19;Composition, wt.% P:numeric_sparse_0.23;Composition, wt.% S:numeric_sparse_0.25;Test Solution:high_cardinality;Heat treatment:categorical_sparse_0.54;Microstructures:categorical_sparse_0.28",,,,,,,,,,,,,,,,,,,,,,,step-8000,8000
1,epit_scm_trial_0036,local_tabicl_regressor,/home/fcolanto/projects/tabicl/checkpoints/epit_pipeline_final_v1/final_epit_pipeline_optuna_empirical_features_scm_target_v6_trial_0036/step-8000.ckpt,electrochemical_metrics_alloys__pitting_potential__epit_mv_sce_avg,electrochemical_metrics_alloys,Pitting Potential,"Epit, mV (SCE) Avg.",,continuous,0,,median,False,,608,486,122,21,False,0,,,,,epit_pipeline_development_fold_1,0,0,0,0,True,,,normal_corrosion,243.4020623753136,382.14478419437216,-0.0901082018172263,0.4085590126544589,0.4129627395443785,0.4884134470586856,0.7668162278595416,"environment,material,process_history","{""environment"": 3, ""material"": 17, ""process_history"": 1}","Composition, wt.% N:numeric_sparse_0.34;Composition, wt.% C:numeric_sparse_0.45;Composition, wt.% Si:numeric_sparse_0.44;Composition, wt.% Mn:numeric_sparse_0.41;Composition, wt.% Cu:numeric_sparse_0.19;Composition, wt.% P:numeric_sparse_0.23;Composition, wt.% S:numeric_sparse_0.25;Test Solution:high_cardinality;Heat treatment:categorical_sparse_0.54;Microstructures:categorical_sparse_0.28",,,,,,,,,,,,,,,,,,,,,,,step-8000,8000
1,pretrained_tabicl_v2,pretrained_tabicl_regressor,/home/fcolanto/.cache/huggingface/hub/models--jingang--TabICL/snapshots/4dcd344ece2c00be9e831fdd35bed57b5ad83e19/tabicl-regressor-v2-20260212.ckpt,electrochemical_metrics_alloys__pitting_potential__epit_mv_sce_avg,electrochemical_metrics_alloys,Pitting Potential,"Epit, mV (SCE) Avg.",,continuous,0,,median,False,,608,486,122,21,False,0,,,,,epit_pipeline_development_fold_1,0,0,0,0,True,,,normal_corrosion,247.5178470109265,504.15891098827655,-0.8973551477817541,0.4972654121034983,0.2579260068849429,0.4966722290164623,1.011651212722474,"environment,material,process_history","{""environment"": 3, ""material"": 17, ""process_history"": 1}","Composition, wt.% N:numeric_sparse_0.34;Composition, wt.% C:numeric_sparse_0.45;Composition, wt.% Si:numeric_sparse_0.44;Composition, wt.% Mn:numeric_sparse_0.41;Composition, wt.% Cu:numeric_sparse_0.19;Composition, wt.% P:numeric_sparse_0.23;Composition, wt.% S:numeric_sparse_0.25;Test Solution:high_cardinality;Heat treatment:categorical_sparse_0.54;Microstructures:categorical_sparse_0.28",,,,,,,,,,,,,,,,,,,,,,,step-8000,8000
1,catboost,catboost_regressor,catboost==1.2.10;iterations=1000;depth=6;learning_rate=0.03;l2_leaf_reg=3;thread_count=8,electrochemical_metrics_alloys__pitting_potential__epit_mv_sce_avg,electrochemical_metrics_alloys,Pitting Potential,"Epit, mV (SCE) Avg.",,continuous,0,,median,False,,608,486,122,21,False,0,,,,,epit_pipeline_development_fold_1,0,0,0,0,True,,,normal_corrosion,217.56468986329372,340.6674030557137,0.1336868750181218,0.4787131740337256,0.4886175443365949,0.4365678708610748,0.6835872260211673,"environment,material,process_history","{""environment"": 3, ""material"": 17, ""process_history"": 1}","Composition, wt.% N:numeric_sparse_0.34;Composition, wt.% C:numeric_sparse_0.45;Composition, wt.% Si:numeric_sparse_0.44;Composition, wt.% Mn:numeric_sparse_0.41;Composition, wt.% Cu:numeric_sparse_0.19;Composition, wt.% P:numeric_sparse_0.23;Composition, wt.% S:numeric_sparse_0.25;Test Solution:high_cardinality;Heat treatment:categorical_sparse_0.54;Microstructures:categorical_sparse_0.28",,,,,,,,,,,,,,,,,,,,,,,step-8000,8000
1,generic_baseline,local_tabicl_regressor,/home/fcolanto/projects/tabicl/checkpoints/tabicl_s1_regression_baseline/step-8500.ckpt,electrochemical_metrics_alloys__pitting_potential__epit_mv_sce_avg,electrochemical_metrics_alloys,Pitting Potential,"Epit, mV (SCE) Avg.",,continuous,0,,median,False,,608,486,122,21,False,0,,,,,epit_pipeline_development_fold_1,0,0,0,0,True,,,normal_corrosion,257.3620490906616,465.4046836895788,-0.6168704861334462,0.4534260835973344,0.2608578146909783,0.5164257209317936,0.9338865234740044,"environment,material,process_history","{""environment"": 3, ""material"": 17, ""process_history"": 1}","Composition, wt.% N:numeric_sparse_0.34;Composition, wt.% C:numeric_sparse_0.45;Composition, wt.% Si:numeric_sparse_0.44;Composition, wt.% Mn:numeric_sparse_0.41;Composition, wt.% Cu:numeric_sparse_0.19;Composition, wt.% P:numeric_sparse_0.23;Composition, wt.% S:numeric_sparse_0.25;Test Solution:high_cardinality;Heat treatment:categorical_sparse_0.54;Microstructures:categorical_sparse_0.28",,,,,,,,,,,,,,,,,,,,,,,step-8500,8500
1,epit_scm_trial_0036,local_tabicl_regressor,/home/fcolanto/projects/tabicl/checkpoints/epit_pipeline_final_v1/final_epit_pipeline_optuna_empirical_features_scm_target_v6_trial_0036/step-8500.ckpt,electrochemical_metrics_alloys__pitting_potential__epit_mv_sce_avg,electrochemical_metrics_alloys,Pitting Potential,"Epit, mV (SCE) Avg.",,continuous,0,,median,False,,608,486,122,21,False,0,,,,,epit_pipeline_development_fold_1,0,0,0,0,True,,,normal_corrosion,243.47821860396408,381.402580082962,-0.0858778832586757,0.4106343253562431,0.4086148773376894,0.4885662630446604,0.7653269123420913,"environment,material,process_history","{""environment"": 3, ""material"": 17, ""process_history"": 1}","Composition, wt.% N:numeric_sparse_0.34;Composition, wt.% C:numeric_sparse_0.45;Composition, wt.% Si:numeric_sparse_0.44;Composition, wt.% Mn:numeric_sparse_0.41;Composition, wt.% Cu:numeric_sparse_0.19;Composition, wt.% P:numeric_sparse_0.23;Composition, wt.% S:numeric_sparse_0.25;Test Solution:high_cardinality;Heat treatment:categorical_sparse_0.54;Microstructures:categorical_sparse_0.28",,,,,,,,,,,,,,,,,,,,,,,step-8500,8500
1,pretrained_tabicl_v2,pretrained_tabicl_regressor,/home/fcolanto/.cache/huggingface/hub/models--jingang--TabICL/snapshots/4dcd344ece2c00be9e831fdd35bed57b5ad83e19/tabicl-regressor-v2-20260212.ckpt,electrochemical_metrics_alloys__pitting_potential__epit_mv_sce_avg,electrochemical_metrics_alloys,Pitting Potential,"Epit, mV (SCE) Avg.",,continuous,0,,median,False,,608,486,122,21,False,0,,,,,epit_pipeline_development_fold_1,0,0,0,0,True,,,normal_corrosion,247.5178470109265,504.15891098827655,-0.8973551477817541,0.4972654121034983,0.2579260068849429,0.4966722290164623,1.011651212722474,"environment,material,process_history","{""environment"": 3, ""material"": 17, ""process_history"": 1}","Composition, wt.% N:numeric_sparse_0.34;Composition, wt.% C:numeric_sparse_0.45;Composition, wt.% Si:numeric_sparse_0.44;Composition, wt.% Mn:numeric_sparse_0.41;Composition, wt.% Cu:numeric_sparse_0.19;Composition, wt.% P:numeric_sparse_0.23;Composition, wt.% S:numeric_sparse_0.25;Test Solution:high_cardinality;Heat treatment:categorical_sparse_0.54;Microstructures:categorical_sparse_0.28",,,,,,,,,,,,,,,,,,,,,,,step-8500,8500
1,catboost,catboost_regressor,catboost==1.2.10;iterations=1000;depth=6;learning_rate=0.03;l2_leaf_reg=3;thread_count=8,electrochemical_metrics_alloys__pitting_potential__epit_mv_sce_avg,electrochemical_metrics_alloys,Pitting Potential,"Epit, mV (SCE) Avg.",,continuous,0,,median,False,,608,486,122,21,False,0,,,,,epit_pipeline_development_fold_1,0,0,0,0,True,,,normal_corrosion,217.56468986329372,340.6674030557137,0.1336868750181218,0.4787131740337256,0.4886175443365949,0.4365678708610748,0.6835872260211673,"environment,material,process_history","{""environment"": 3, ""material"": 17, ""process_history"": 1}","Composition, wt.% N:numeric_sparse_0.34;Composition, wt.% C:numeric_sparse_0.45;Composition, wt.% Si:numeric_sparse_0.44;Composition, wt.% Mn:numeric_sparse_0.41;Composition, wt.% Cu:numeric_sparse_0.19;Composition, wt.% P:numeric_sparse_0.23;Composition, wt.% S:numeric_sparse_0.25;Test Solution:high_cardinality;Heat treatment:categorical_sparse_0.54;Microstructures:categorical_sparse_0.28",,,,,,,,,,,,,,,,,,,,,,,step-8500,8500
1,generic_baseline,local_tabicl_regressor,/home/fcolanto/projects/tabicl/checkpoints/tabicl_s1_regression_baseline/step-9000.ckpt,electrochemical_metrics_alloys__pitting_potential__epit_mv_sce_avg,electrochemical_metrics_alloys,Pitting Potential,"Epit, mV (SCE) Avg.",,continuous,0,,median,False,,608,486,122,21,False,0,,,,,epit_pipeline_development_fold_1,0,0,0,0,True,,,normal_corrosion,259.48495217650185,466.389083779501,-0.6237175626381053,0.4709208374878538,0.2616592247157915,0.5206855632840247,0.9358618322964188,"environment,material,process_history","{""environment"": 3, ""material"": 17, ""process_history"": 1}","Composition, wt.% N:numeric_sparse_0.34;Composition, wt.% C:numeric_sparse_0.45;Composition, wt.% Si:numeric_sparse_0.44;Composition, wt.% Mn:numeric_sparse_0.41;Composition, wt.% Cu:numeric_sparse_0.19;Composition, wt.% P:numeric_sparse_0.23;Composition, wt.% S:numeric_sparse_0.25;Test Solution:high_cardinality;Heat treatment:categorical_sparse_0.54;Microstructures:categorical_sparse_0.28",,,,,,,,,,,,,,,,,,,,,,,step-9000,9000
1,epit_scm_trial_0036,local_tabicl_regressor,/home/fcolanto/projects/tabicl/checkpoints/epit_pipeline_final_v1/final_epit_pipeline_optuna_empirical_features_scm_target_v6_trial_0036/step-9000.ckpt,electrochemical_metrics_alloys__pitting_potential__epit_mv_sce_avg,electrochemical_metrics_alloys,Pitting Potential,"Epit, mV (SCE) Avg.",,continuous,0,,median,False,,608,486,122,21,False,0,,,,,epit_pipeline_development_fold_1,0,0,0,0,True,,,normal_corrosion,241.20199810695783,373.778604057551,-0.0428998619282678,0.40321210827311,0.4160578235426452,0.48399877216821,0.7500285521945832,"environment,material,process_history","{""environment"": 3, ""material"": 17, ""process_history"": 1}","Composition, wt.% N:numeric_sparse_0.34;Composition, wt.% C:numeric_sparse_0.45;Composition, wt.% Si:numeric_sparse_0.44;Composition, wt.% Mn:numeric_sparse_0.41;Composition, wt.% Cu:numeric_sparse_0.19;Composition, wt.% P:numeric_sparse_0.23;Composition, wt.% S:numeric_sparse_0.25;Test Solution:high_cardinality;Heat treatment:categorical_sparse_0.54;Microstructures:categorical_sparse_0.28",,,,,,,,,,,,,,,,,,,,,,,step-9000,9000
1,pretrained_tabicl_v2,pretrained_tabicl_regressor,/home/fcolanto/.cache/huggingface/hub/models--jingang--TabICL/snapshots/4dcd344ece2c00be9e831fdd35bed57b5ad83e19/tabicl-regressor-v2-20260212.ckpt,electrochemical_metrics_alloys__pitting_potential__epit_mv_sce_avg,electrochemical_metrics_alloys,Pitting Potential,"Epit, mV (SCE) Avg.",,continuous,0,,median,False,,608,486,122,21,False,0,,,,,epit_pipeline_development_fold_1,0,0,0,0,True,,,normal_corrosion,247.5178470109265,504.15891098827655,-0.8973551477817541,0.4972654121034983,0.2579260068849429,0.4966722290164623,1.011651212722474,"environment,material,process_history","{""environment"": 3, ""material"": 17, ""process_history"": 1}","Composition, wt.% N:numeric_sparse_0.34;Composition, wt.% C:numeric_sparse_0.45;Composition, wt.% Si:numeric_sparse_0.44;Composition, wt.% Mn:numeric_sparse_0.41;Composition, wt.% Cu:numeric_sparse_0.19;Composition, wt.% P:numeric_sparse_0.23;Composition, wt.% S:numeric_sparse_0.25;Test Solution:high_cardinality;Heat treatment:categorical_sparse_0.54;Microstructures:categorical_sparse_0.28",,,,,,,,,,,,,,,,,,,,,,,step-9000,9000
1,catboost,catboost_regressor,catboost==1.2.10;iterations=1000;depth=6;learning_rate=0.03;l2_leaf_reg=3;thread_count=8,electrochemical_metrics_alloys__pitting_potential__epit_mv_sce_avg,electrochemical_metrics_alloys,Pitting Potential,"Epit, mV (SCE) Avg.",,continuous,0,,median,False,,608,486,122,21,False,0,,,,,epit_pipeline_development_fold_1,0,0,0,0,True,,,normal_corrosion,217.56468986329372,340.6674030557137,0.1336868750181218,0.4787131740337256,0.4886175443365949,0.4365678708610748,0.6835872260211673,"environment,material,process_history","{""environment"": 3, ""material"": 17, ""process_history"": 1}","Composition, wt.% N:numeric_sparse_0.34;Composition, wt.% C:numeric_sparse_0.45;Composition, wt.% Si:numeric_sparse_0.44;Composition, wt.% Mn:numeric_sparse_0.41;Composition, wt.% Cu:numeric_sparse_0.19;Composition, wt.% P:numeric_sparse_0.23;Composition, wt.% S:numeric_sparse_0.25;Test Solution:high_cardinality;Heat treatment:categorical_sparse_0.54;Microstructures:categorical_sparse_0.28",,,,,,,,,,,,,,,,,,,,,,,step-9000,9000
1,generic_baseline,local_tabicl_regressor,/home/fcolanto/projects/tabicl/checkpoints/tabicl_s1_regression_baseline/step-9500.ckpt,electrochemical_metrics_alloys__pitting_potential__epit_mv_sce_avg,electrochemical_metrics_alloys,Pitting Potential,"Epit, mV (SCE) Avg.",,continuous,0,,median,False,,608,486,122,21,False,0,,,,,epit_pipeline_development_fold_1,0,0,0,0,True,,,normal_corrosion,262.9433335701846,466.2953778103256,-0.6230651599634995,0.4446324417192323,0.2512791893964309,0.5276251921484987,0.9356738007942684,"environment,material,process_history","{""environment"": 3, ""material"": 17, ""process_history"": 1}","Composition, wt.% N:numeric_sparse_0.34;Composition, wt.% C:numeric_sparse_0.45;Composition, wt.% Si:numeric_sparse_0.44;Composition, wt.% Mn:numeric_sparse_0.41;Composition, wt.% Cu:numeric_sparse_0.19;Composition, wt.% P:numeric_sparse_0.23;Composition, wt.% S:numeric_sparse_0.25;Test Solution:high_cardinality;Heat treatment:categorical_sparse_0.54;Microstructures:categorical_sparse_0.28",,,,,,,,,,,,,,,,,,,,,,,step-9500,9500
1,epit_scm_trial_0036,local_tabicl_regressor,/home/fcolanto/projects/tabicl/checkpoints/epit_pipeline_final_v1/final_epit_pipeline_optuna_empirical_features_scm_target_v6_trial_0036/step-9500.ckpt,electrochemical_metrics_alloys__pitting_potential__epit_mv_sce_avg,electrochemical_metrics_alloys,Pitting Potential,"Epit, mV (SCE) Avg.",,continuous,0,,median,False,,608,486,122,21,False,0,,,,,epit_pipeline_development_fold_1,0,0,0,0,True,,,normal_corrosion,239.4528716726317,371.92232387140666,-0.0325669685744693,0.4146626791515858,0.4184753376142788,0.4804889544501767,0.7463037184952553,"environment,material,process_history","{""environment"": 3, ""material"": 17, ""process_history"": 1}","Composition, wt.% N:numeric_sparse_0.34;Composition, wt.% C:numeric_sparse_0.45;Composition, wt.% Si:numeric_sparse_0.44;Composition, wt.% Mn:numeric_sparse_0.41;Composition, wt.% Cu:numeric_sparse_0.19;Composition, wt.% P:numeric_sparse_0.23;Composition, wt.% S:numeric_sparse_0.25;Test Solution:high_cardinality;Heat treatment:categorical_sparse_0.54;Microstructures:categorical_sparse_0.28",,,,,,,,,,,,,,,,,,,,,,,step-9500,9500
1,pretrained_tabicl_v2,pretrained_tabicl_regressor,/home/fcolanto/.cache/huggingface/hub/models--jingang--TabICL/snapshots/4dcd344ece2c00be9e831fdd35bed57b5ad83e19/tabicl-regressor-v2-20260212.ckpt,electrochemical_metrics_alloys__pitting_potential__epit_mv_sce_avg,electrochemical_metrics_alloys,Pitting Potential,"Epit, mV (SCE) Avg.",,continuous,0,,median,False,,608,486,122,21,False,0,,,,,epit_pipeline_development_fold_1,0,0,0,0,True,,,normal_corrosion,247.5178470109265,504.15891098827655,-0.8973551477817541,0.4972654121034983,0.2579260068849429,0.4966722290164623,1.011651212722474,"environment,material,process_history","{""environment"": 3, ""material"": 17, ""process_history"": 1}","Composition, wt.% N:numeric_sparse_0.34;Composition, wt.% C:numeric_sparse_0.45;Composition, wt.% Si:numeric_sparse_0.44;Composition, wt.% Mn:numeric_sparse_0.41;Composition, wt.% Cu:numeric_sparse_0.19;Composition, wt.% P:numeric_sparse_0.23;Composition, wt.% S:numeric_sparse_0.25;Test Solution:high_cardinality;Heat treatment:categorical_sparse_0.54;Microstructures:categorical_sparse_0.28",,,,,,,,,,,,,,,,,,,,,,,step-9500,9500
1,catboost,catboost_regressor,catboost==1.2.10;iterations=1000;depth=6;learning_rate=0.03;l2_leaf_reg=3;thread_count=8,electrochemical_metrics_alloys__pitting_potential__epit_mv_sce_avg,electrochemical_metrics_alloys,Pitting Potential,"Epit, mV (SCE) Avg.",,continuous,0,,median,False,,608,486,122,21,False,0,,,,,epit_pipeline_development_fold_1,0,0,0,0,True,,,normal_corrosion,217.56468986329372,340.6674030557137,0.1336868750181218,0.4787131740337256,0.4886175443365949,0.4365678708610748,0.6835872260211673,"environment,material,process_history","{""environment"": 3, ""material"": 17, ""process_history"": 1}","Composition, wt.% N:numeric_sparse_0.34;Composition, wt.% C:numeric_sparse_0.45;Composition, wt.% Si:numeric_sparse_0.44;Composition, wt.% Mn:numeric_sparse_0.41;Composition, wt.% Cu:numeric_sparse_0.19;Composition, wt.% P:numeric_sparse_0.23;Composition, wt.% S:numeric_sparse_0.25;Test Solution:high_cardinality;Heat treatment:categorical_sparse_0.54;Microstructures:categorical_sparse_0.28",,,,,,,,,,,,,,,,,,,,,,,step-9500,9500
1,generic_baseline,local_tabicl_regressor,/home/fcolanto/projects/tabicl/checkpoints/tabicl_s1_regression_baseline/step-10000.ckpt,electrochemical_metrics_alloys__pitting_potential__epit_mv_sce_avg,electrochemical_metrics_alloys,Pitting Potential,"Epit, mV (SCE) Avg.",,continuous,0,,median,False,,608,486,122,21,False,0,,,,,epit_pipeline_development_fold_1,0,0,0,0,True,,,normal_corrosion,263.04057408071867,466.10397632272816,-0.6217329857977234,0.4489251665593881,0.2517190769877522,0.5278203161029968,0.9352897323134292,"environment,material,process_history","{""environment"": 3, ""material"": 17, ""process_history"": 1}","Composition, wt.% N:numeric_sparse_0.34;Composition, wt.% C:numeric_sparse_0.45;Composition, wt.% Si:numeric_sparse_0.44;Composition, wt.% Mn:numeric_sparse_0.41;Composition, wt.% Cu:numeric_sparse_0.19;Composition, wt.% P:numeric_sparse_0.23;Composition, wt.% S:numeric_sparse_0.25;Test Solution:high_cardinality;Heat treatment:categorical_sparse_0.54;Microstructures:categorical_sparse_0.28",,,,,,,,,,,,,,,,,,,,,,,step-10000,10000
1,epit_scm_trial_0036,local_tabicl_regressor,/home/fcolanto/projects/tabicl/checkpoints/epit_pipeline_final_v1/final_epit_pipeline_optuna_empirical_features_scm_target_v6_trial_0036/step-10000.ckpt,electrochemical_metrics_alloys__pitting_potential__epit_mv_sce_avg,electrochemical_metrics_alloys,Pitting Potential,"Epit, mV (SCE) Avg.",,continuous,0,,median,False,,608,486,122,21,False,0,,,,,epit_pipeline_development_fold_1,0,0,0,0,True,,,normal_corrosion,239.3993256426184,372.3033220259521,-0.0346835804974829,0.4187406025178307,0.4193104836447229,0.4803815083552674,0.7470682338825474,"environment,material,process_history","{""environment"": 3, ""material"": 17, ""process_history"": 1}","Composition, wt.% N:numeric_sparse_0.34;Composition, wt.% C:numeric_sparse_0.45;Composition, wt.% Si:numeric_sparse_0.44;Composition, wt.% Mn:numeric_sparse_0.41;Composition, wt.% Cu:numeric_sparse_0.19;Composition, wt.% P:numeric_sparse_0.23;Composition, wt.% S:numeric_sparse_0.25;Test Solution:high_cardinality;Heat treatment:categorical_sparse_0.54;Microstructures:categorical_sparse_0.28",,,,,,,,,,,,,,,,,,,,,,,step-10000,10000
1,pretrained_tabicl_v2,pretrained_tabicl_regressor,/home/fcolanto/.cache/huggingface/hub/models--jingang--TabICL/snapshots/4dcd344ece2c00be9e831fdd35bed57b5ad83e19/tabicl-regressor-v2-20260212.ckpt,electrochemical_metrics_alloys__pitting_potential__epit_mv_sce_avg,electrochemical_metrics_alloys,Pitting Potential,"Epit, mV (SCE) Avg.",,continuous,0,,median,False,,608,486,122,21,False,0,,,,,epit_pipeline_development_fold_1,0,0,0,0,True,,,normal_corrosion,247.5178470109265,504.15891098827655,-0.8973551477817541,0.4972654121034983,0.2579260068849429,0.4966722290164623,1.011651212722474,"environment,material,process_history","{""environment"": 3, ""material"": 17, ""process_history"": 1}","Composition, wt.% N:numeric_sparse_0.34;Composition, wt.% C:numeric_sparse_0.45;Composition, wt.% Si:numeric_sparse_0.44;Composition, wt.% Mn:numeric_sparse_0.41;Composition, wt.% Cu:numeric_sparse_0.19;Composition, wt.% P:numeric_sparse_0.23;Composition, wt.% S:numeric_sparse_0.25;Test Solution:high_cardinality;Heat treatment:categorical_sparse_0.54;Microstructures:categorical_sparse_0.28",,,,,,,,,,,,,,,,,,,,,,,step-10000,10000
1,catboost,catboost_regressor,catboost==1.2.10;iterations=1000;depth=6;learning_rate=0.03;l2_leaf_reg=3;thread_count=8,electrochemical_metrics_alloys__pitting_potential__epit_mv_sce_avg,electrochemical_metrics_alloys,Pitting Potential,"Epit, mV (SCE) Avg.",,continuous,0,,median,False,,608,486,122,21,False,0,,,,,epit_pipeline_development_fold_1,0,0,0,0,True,,,normal_corrosion,217.56468986329372,340.6674030557137,0.1336868750181218,0.4787131740337256,0.4886175443365949,0.4365678708610748,0.6835872260211673,"environment,material,process_history","{""environment"": 3, ""material"": 17, ""process_history"": 1}","Composition, wt.% N:numeric_sparse_0.34;Composition, wt.% C:numeric_sparse_0.45;Composition, wt.% Si:numeric_sparse_0.44;Composition, wt.% Mn:numeric_sparse_0.41;Composition, wt.% Cu:numeric_sparse_0.19;Composition, wt.% P:numeric_sparse_0.23;Composition, wt.% S:numeric_sparse_0.25;Test Solution:high_cardinality;Heat treatment:categorical_sparse_0.54;Microstructures:categorical_sparse_0.28",,,,,,,,,,,,,,,,,,,,,,,step-10000,10000
2,generic_baseline,local_tabicl_regressor,/home/fcolanto/projects/tabicl/checkpoints/tabicl_s1_regression_baseline/step-500.ckpt,electrochemical_metrics_alloys__pitting_potential__epit_mv_sce_avg,electrochemical_metrics_alloys,Pitting Potential,"Epit, mV (SCE) Avg.",,continuous,0,,median,False,,608,486,122,21,False,0,,,,,epit_pipeline_development_fold_2,0,0,0,0,True,,,normal_corrosion,245.47760777336663,344.52871639590853,0.1533150407731099,0.4065851473855655,0.4906037753503406,0.4822813848403789,0.6768836798104264,"environment,material,process_history","{""environment"": 3, ""material"": 17, ""process_history"": 1}","Composition, wt.% N:numeric_sparse_0.34;Composition, wt.% C:numeric_sparse_0.45;Composition, wt.% Si:numeric_sparse_0.44;Composition, wt.% Mn:numeric_sparse_0.41;Composition, wt.% Cu:numeric_sparse_0.19;Composition, wt.% P:numeric_sparse_0.23;Composition, wt.% S:numeric_sparse_0.25;Test Solution:high_cardinality;Heat treatment:categorical_sparse_0.54;Microstructures:categorical_sparse_0.28",,,,,,,,,,,,,,,,,,,,,,,step-500,500
2,epit_scm_trial_0036,local_tabicl_regressor,/home/fcolanto/projects/tabicl/checkpoints/epit_pipeline_final_v1/final_epit_pipeline_optuna_empirical_features_scm_target_v6_trial_0036/step-500.ckpt,electrochemical_metrics_alloys__pitting_potential__epit_mv_sce_avg,electrochemical_metrics_alloys,Pitting Potential,"Epit, mV (SCE) Avg.",,continuous,0,,median,False,,608,486,122,21,False,0,,,,,epit_pipeline_development_fold_2,0,0,0,0,True,,,normal_corrosion,259.7854842552202,349.071052180167,0.1308421382627199,0.3368834199912955,0.4482138619508347,0.5103915760157962,0.6858078501749376,"environment,material,process_history","{""environment"": 3, ""material"": 17, ""process_history"": 1}","Composition, wt.% N:numeric_sparse_0.34;Composition, wt.% C:numeric_sparse_0.45;Composition, wt.% Si:numeric_sparse_0.44;Composition, wt.% Mn:numeric_sparse_0.41;Composition, wt.% Cu:numeric_sparse_0.19;Composition, wt.% P:numeric_sparse_0.23;Composition, wt.% S:numeric_sparse_0.25;Test Solution:high_cardinality;Heat treatment:categorical_sparse_0.54;Microstructures:categorical_sparse_0.28",,,,,,,,,,,,,,,,,,,,,,,step-500,500
2,pretrained_tabicl_v2,pretrained_tabicl_regressor,/home/fcolanto/.cache/huggingface/hub/models--jingang--TabICL/snapshots/4dcd344ece2c00be9e831fdd35bed57b5ad83e19/tabicl-regressor-v2-20260212.ckpt,electrochemical_metrics_alloys__pitting_potential__epit_mv_sce_avg,electrochemical_metrics_alloys,Pitting Potential,"Epit, mV (SCE) Avg.",,continuous,0,,median,False,,608,486,122,21,False,0,,,,,epit_pipeline_development_fold_2,0,0,0,0,True,,,normal_corrosion,207.80827415220085,285.3713058802669,0.4191130793881557,0.5600380115222819,0.6642602160311927,0.4082737450005664,0.5606591568250354,"environment,material,process_history","{""environment"": 3, ""material"": 17, ""process_history"": 1}","Composition, wt.% N:numeric_sparse_0.34;Composition, wt.% C:numeric_sparse_0.45;Composition, wt.% Si:numeric_sparse_0.44;Composition, wt.% Mn:numeric_sparse_0.41;Composition, wt.% Cu:numeric_sparse_0.19;Composition, wt.% P:numeric_sparse_0.23;Composition, wt.% S:numeric_sparse_0.25;Test Solution:high_cardinality;Heat treatment:categorical_sparse_0.54;Microstructures:categorical_sparse_0.28",,,,,,,,,,,,,,,,,,,,,,,step-500,500
2,catboost,catboost_regressor,catboost==1.2.10;iterations=1000;depth=6;learning_rate=0.03;l2_leaf_reg=3;thread_count=8,electrochemical_metrics_alloys__pitting_potential__epit_mv_sce_avg,electrochemical_metrics_alloys,Pitting Potential,"Epit, mV (SCE) Avg.",,continuous,0,,median,False,,608,486,122,21,False,0,,,,,epit_pipeline_development_fold_2,0,0,0,0,True,,,normal_corrosion,220.3852586003285,305.6460507027,0.3336405365220811,0.4912719438106525,0.5955699014113132,0.4329833123284302,0.600492248319376,"environment,material,process_history","{""environment"": 3, ""material"": 17, ""process_history"": 1}","Composition, wt.% N:numeric_sparse_0.34;Composition, wt.% C:numeric_sparse_0.45;Composition, wt.% Si:numeric_sparse_0.44;Composition, wt.% Mn:numeric_sparse_0.41;Composition, wt.% Cu:numeric_sparse_0.19;Composition, wt.% P:numeric_sparse_0.23;Composition, wt.% S:numeric_sparse_0.25;Test Solution:high_cardinality;Heat treatment:categorical_sparse_0.54;Microstructures:categorical_sparse_0.28",,,,,,,,,,,,,,,,,,,,,,,step-500,500
2,generic_baseline,local_tabicl_regressor,/home/fcolanto/projects/tabicl/checkpoints/tabicl_s1_regression_baseline/step-1000.ckpt,electrochemical_metrics_alloys__pitting_potential__epit_mv_sce_avg,electrochemical_metrics_alloys,Pitting Potential,"Epit, mV (SCE) Avg.",,continuous,0,,median,False,,608,486,122,21,False,0,,,,,epit_pipeline_development_fold_2,0,0,0,0,True,,,normal_corrosion,237.52264599538256,321.0917896432911,0.2645902317682247,0.4400049609185602,0.5373367467233937,0.4666525459518215,0.6308379586011407,"environment,material,process_history","{""environment"": 3, ""material"": 17, ""process_history"": 1}","Composition, wt.% N:numeric_sparse_0.34;Composition, wt.% C:numeric_sparse_0.45;Composition, wt.% Si:numeric_sparse_0.44;Composition, wt.% Mn:numeric_sparse_0.41;Composition, wt.% Cu:numeric_sparse_0.19;Composition, wt.% P:numeric_sparse_0.23;Composition, wt.% S:numeric_sparse_0.25;Test Solution:high_cardinality;Heat treatment:categorical_sparse_0.54;Microstructures:categorical_sparse_0.28",,,,,,,,,,,,,,,,,,,,,,,step-1000,1000
2,epit_scm_trial_0036,local_tabicl_regressor,/home/fcolanto/projects/tabicl/checkpoints/epit_pipeline_final_v1/final_epit_pipeline_optuna_empirical_features_scm_target_v6_trial_0036/step-1000.ckpt,electrochemical_metrics_alloys__pitting_potential__epit_mv_sce_avg,electrochemical_metrics_alloys,Pitting Potential,"Epit, mV (SCE) Avg.",,continuous,0,,median,False,,608,486,122,21,False,0,,,,,epit_pipeline_development_fold_2,0,0,0,0,True,,,normal_corrosion,253.94548315958912,348.86224291800016,0.131881662616682,0.4322548162651907,0.4633100543075906,0.4989179273949795,0.6853976098233276,"environment,material,process_history","{""environment"": 3, ""material"": 17, ""process_history"": 1}","Composition, wt.% N:numeric_sparse_0.34;Composition, wt.% C:numeric_sparse_0.45;Composition, wt.% Si:numeric_sparse_0.44;Composition, wt.% Mn:numeric_sparse_0.41;Composition, wt.% Cu:numeric_sparse_0.19;Composition, wt.% P:numeric_sparse_0.23;Composition, wt.% S:numeric_sparse_0.25;Test Solution:high_cardinality;Heat treatment:categorical_sparse_0.54;Microstructures:categorical_sparse_0.28",,,,,,,,,,,,,,,,,,,,,,,step-1000,1000
2,pretrained_tabicl_v2,pretrained_tabicl_regressor,/home/fcolanto/.cache/huggingface/hub/models--jingang--TabICL/snapshots/4dcd344ece2c00be9e831fdd35bed57b5ad83e19/tabicl-regressor-v2-20260212.ckpt,electrochemical_metrics_alloys__pitting_potential__epit_mv_sce_avg,electrochemical_metrics_alloys,Pitting Potential,"Epit, mV (SCE) Avg.",,continuous,0,,median,False,,608,486,122,21,False,0,,,,,epit_pipeline_development_fold_2,0,0,0,0,True,,,normal_corrosion,207.80827415220085,285.3713058802669,0.4191130793881557,0.5600380115222819,0.6642602160311927,0.4082737450005664,0.5606591568250354,"environment,material,process_history","{""environment"": 3, ""material"": 17, ""process_history"": 1}","Composition, wt.% N:numeric_sparse_0.34;Composition, wt.% C:numeric_sparse_0.45;Composition, wt.% Si:numeric_sparse_0.44;Composition, wt.% Mn:numeric_sparse_0.41;Composition, wt.% Cu:numeric_sparse_0.19;Composition, wt.% P:numeric_sparse_0.23;Composition, wt.% S:numeric_sparse_0.25;Test Solution:high_cardinality;Heat treatment:categorical_sparse_0.54;Microstructures:categorical_sparse_0.28",,,,,,,,,,,,,,,,,,,,,,,step-1000,1000
2,catboost,catboost_regressor,catboost==1.2.10;iterations=1000;depth=6;learning_rate=0.03;l2_leaf_reg=3;thread_count=8,electrochemical_metrics_alloys__pitting_potential__epit_mv_sce_avg,electrochemical_metrics_alloys,Pitting Potential,"Epit, mV (SCE) Avg.",,continuous,0,,median,False,,608,486,122,21,False,0,,,,,epit_pipeline_development_fold_2,0,0,0,0,True,,,normal_corrosion,220.3852586003285,305.6460507027,0.3336405365220811,0.4912719438106525,0.5955699014113132,0.4329833123284302,0.600492248319376,"environment,material,process_history","{""environment"": 3, ""material"": 17, ""process_history"": 1}","Composition, wt.% N:numeric_sparse_0.34;Composition, wt.% C:numeric_sparse_0.45;Composition, wt.% Si:numeric_sparse_0.44;Composition, wt.% Mn:numeric_sparse_0.41;Composition, wt.% Cu:numeric_sparse_0.19;Composition, wt.% P:numeric_sparse_0.23;Composition, wt.% S:numeric_sparse_0.25;Test Solution:high_cardinality;Heat treatment:categorical_sparse_0.54;Microstructures:categorical_sparse_0.28",,,,,,,,,,,,,,,,,,,,,,,step-1000,1000
2,generic_baseline,local_tabicl_regressor,/home/fcolanto/projects/tabicl/checkpoints/tabicl_s1_regression_baseline/step-1500.ckpt,electrochemical_metrics_alloys__pitting_potential__epit_mv_sce_avg,electrochemical_metrics_alloys,Pitting Potential,"Epit, mV (SCE) Avg.",,continuous,0,,median,False,,608,486,122,21,False,0,,,,,epit_pipeline_development_fold_2,0,0,0,0,True,,,normal_corrosion,231.82279830811467,316.11679091369587,0.2872025756876649,0.4981789678220187,0.5683708129035627,0.4554542518958818,0.6210637502786305,"environment,material,process_history","{""environment"": 3, ""material"": 17, ""process_history"": 1}","Composition, wt.% N:numeric_sparse_0.34;Composition, wt.% C:numeric_sparse_0.45;Composition, wt.% Si:numeric_sparse_0.44;Composition, wt.% Mn:numeric_sparse_0.41;Composition, wt.% Cu:numeric_sparse_0.19;Composition, wt.% P:numeric_sparse_0.23;Composition, wt.% S:numeric_sparse_0.25;Test Solution:high_cardinality;Heat treatment:categorical_sparse_0.54;Microstructures:categorical_sparse_0.28",,,,,,,,,,,,,,,,,,,,,,,step-1500,1500
2,epit_scm_trial_0036,local_tabicl_regressor,/home/fcolanto/projects/tabicl/checkpoints/epit_pipeline_final_v1/final_epit_pipeline_optuna_empirical_features_scm_target_v6_trial_0036/step-1500.ckpt,electrochemical_metrics_alloys__pitting_potential__epit_mv_sce_avg,electrochemical_metrics_alloys,Pitting Potential,"Epit, mV (SCE) Avg.",,continuous,0,,median,False,,608,486,122,21,False,0,,,,,epit_pipeline_development_fold_2,0,0,0,0,True,,,normal_corrosion,261.6449516284272,349.07311319011984,0.1308318747459904,0.4764157684435802,0.5068397803821632,0.5140448073958401,0.6858118993700689,"environment,material,process_history","{""environment"": 3, ""material"": 17, ""process_history"": 1}","Composition, wt.% N:numeric_sparse_0.34;Composition, wt.% C:numeric_sparse_0.45;Composition, wt.% Si:numeric_sparse_0.44;Composition, wt.% Mn:numeric_sparse_0.41;Composition, wt.% Cu:numeric_sparse_0.19;Composition, wt.% P:numeric_sparse_0.23;Composition, wt.% S:numeric_sparse_0.25;Test Solution:high_cardinality;Heat treatment:categorical_sparse_0.54;Microstructures:categorical_sparse_0.28",,,,,,,,,,,,,,,,,,,,,,,step-1500,1500
2,pretrained_tabicl_v2,pretrained_tabicl_regressor,/home/fcolanto/.cache/huggingface/hub/models--jingang--TabICL/snapshots/4dcd344ece2c00be9e831fdd35bed57b5ad83e19/tabicl-regressor-v2-20260212.ckpt,electrochemical_metrics_alloys__pitting_potential__epit_mv_sce_avg,electrochemical_metrics_alloys,Pitting Potential,"Epit, mV (SCE) Avg.",,continuous,0,,median,False,,608,486,122,21,False,0,,,,,epit_pipeline_development_fold_2,0,0,0,0,True,,,normal_corrosion,207.80827415220085,285.3713058802669,0.4191130793881557,0.5600380115222819,0.6642602160311927,0.4082737450005664,0.5606591568250354,"environment,material,process_history","{""environment"": 3, ""material"": 17, ""process_history"": 1}","Composition, wt.% N:numeric_sparse_0.34;Composition, wt.% C:numeric_sparse_0.45;Composition, wt.% Si:numeric_sparse_0.44;Composition, wt.% Mn:numeric_sparse_0.41;Composition, wt.% Cu:numeric_sparse_0.19;Composition, wt.% P:numeric_sparse_0.23;Composition, wt.% S:numeric_sparse_0.25;Test Solution:high_cardinality;Heat treatment:categorical_sparse_0.54;Microstructures:categorical_sparse_0.28",,,,,,,,,,,,,,,,,,,,,,,step-1500,1500
2,catboost,catboost_regressor,catboost==1.2.10;iterations=1000;depth=6;learning_rate=0.03;l2_leaf_reg=3;thread_count=8,electrochemical_metrics_alloys__pitting_potential__epit_mv_sce_avg,electrochemical_metrics_alloys,Pitting Potential,"Epit, mV (SCE) Avg.",,continuous,0,,median,False,,608,486,122,21,False,0,,,,,epit_pipeline_development_fold_2,0,0,0,0,True,,,normal_corrosion,220.3852586003285,305.6460507027,0.3336405365220811,0.4912719438106525,0.5955699014113132,0.4329833123284302,0.600492248319376,"environment,material,process_history","{""environment"": 3, ""material"": 17, ""process_history"": 1}","Composition, wt.% N:numeric_sparse_0.34;Composition, wt.% C:numeric_sparse_0.45;Composition, wt.% Si:numeric_sparse_0.44;Composition, wt.% Mn:numeric_sparse_0.41;Composition, wt.% Cu:numeric_sparse_0.19;Composition, wt.% P:numeric_sparse_0.23;Composition, wt.% S:numeric_sparse_0.25;Test Solution:high_cardinality;Heat treatment:categorical_sparse_0.54;Microstructures:categorical_sparse_0.28",,,,,,,,,,,,,,,,,,,,,,,step-1500,1500
2,generic_baseline,local_tabicl_regressor,/home/fcolanto/projects/tabicl/checkpoints/tabicl_s1_regression_baseline/step-2000.ckpt,electrochemical_metrics_alloys__pitting_potential__epit_mv_sce_avg,electrochemical_metrics_alloys,Pitting Potential,"Epit, mV (SCE) Avg.",,continuous,0,,median,False,,608,486,122,21,False,0,,,,,epit_pipeline_development_fold_2,0,0,0,0,True,,,normal_corrosion,230.8069627868544,324.0048675840316,0.2511858160404883,0.5320019871749327,0.5679061132655667,0.4534584749025857,0.6365611823043199,"environment,material,process_history","{""environment"": 3, ""material"": 17, ""process_history"": 1}","Composition, wt.% N:numeric_sparse_0.34;Composition, wt.% C:numeric_sparse_0.45;Composition, wt.% Si:numeric_sparse_0.44;Composition, wt.% Mn:numeric_sparse_0.41;Composition, wt.% Cu:numeric_sparse_0.19;Composition, wt.% P:numeric_sparse_0.23;Composition, wt.% S:numeric_sparse_0.25;Test Solution:high_cardinality;Heat treatment:categorical_sparse_0.54;Microstructures:categorical_sparse_0.28",,,,,,,,,,,,,,,,,,,,,,,step-2000,2000
2,epit_scm_trial_0036,local_tabicl_regressor,/home/fcolanto/projects/tabicl/checkpoints/epit_pipeline_final_v1/final_epit_pipeline_optuna_empirical_features_scm_target_v6_trial_0036/step-2000.ckpt,electrochemical_metrics_alloys__pitting_potential__epit_mv_sce_avg,electrochemical_metrics_alloys,Pitting Potential,"Epit, mV (SCE) Avg.",,continuous,0,,median,False,,608,486,122,21,False,0,,,,,epit_pipeline_development_fold_2,0,0,0,0,True,,,normal_corrosion,219.16059566939475,310.6655764822279,0.3115740066307422,0.5433181898585734,0.589150686837144,0.430577259329744,0.6103539374003111,"environment,material,process_history","{""environment"": 3, ""material"": 17, ""process_history"": 1}","Composition, wt.% N:numeric_sparse_0.34;Composition, wt.% C:numeric_sparse_0.45;Composition, wt.% Si:numeric_sparse_0.44;Composition, wt.% Mn:numeric_sparse_0.41;Composition, wt.% Cu:numeric_sparse_0.19;Composition, wt.% P:numeric_sparse_0.23;Composition, wt.% S:numeric_sparse_0.25;Test Solution:high_cardinality;Heat treatment:categorical_sparse_0.54;Microstructures:categorical_sparse_0.28",,,,,,,,,,,,,,,,,,,,,,,step-2000,2000
2,pretrained_tabicl_v2,pretrained_tabicl_regressor,/home/fcolanto/.cache/huggingface/hub/models--jingang--TabICL/snapshots/4dcd344ece2c00be9e831fdd35bed57b5ad83e19/tabicl-regressor-v2-20260212.ckpt,electrochemical_metrics_alloys__pitting_potential__epit_mv_sce_avg,electrochemical_metrics_alloys,Pitting Potential,"Epit, mV (SCE) Avg.",,continuous,0,,median,False,,608,486,122,21,False,0,,,,,epit_pipeline_development_fold_2,0,0,0,0,True,,,normal_corrosion,207.80827415220085,285.3713058802669,0.4191130793881557,0.5600380115222819,0.6642602160311927,0.4082737450005664,0.5606591568250354,"environment,material,process_history","{""environment"": 3, ""material"": 17, ""process_history"": 1}","Composition, wt.% N:numeric_sparse_0.34;Composition, wt.% C:numeric_sparse_0.45;Composition, wt.% Si:numeric_sparse_0.44;Composition, wt.% Mn:numeric_sparse_0.41;Composition, wt.% Cu:numeric_sparse_0.19;Composition, wt.% P:numeric_sparse_0.23;Composition, wt.% S:numeric_sparse_0.25;Test Solution:high_cardinality;Heat treatment:categorical_sparse_0.54;Microstructures:categorical_sparse_0.28",,,,,,,,,,,,,,,,,,,,,,,step-2000,2000
2,catboost,catboost_regressor,catboost==1.2.10;iterations=1000;depth=6;learning_rate=0.03;l2_leaf_reg=3;thread_count=8,electrochemical_metrics_alloys__pitting_potential__epit_mv_sce_avg,electrochemical_metrics_alloys,Pitting Potential,"Epit, mV (SCE) Avg.",,continuous,0,,median,False,,608,486,122,21,False,0,,,,,epit_pipeline_development_fold_2,0,0,0,0,True,,,normal_corrosion,220.3852586003285,305.6460507027,0.3336405365220811,0.4912719438106525,0.5955699014113132,0.4329833123284302,0.600492248319376,"environment,material,process_history","{""environment"": 3, ""material"": 17, ""process_history"": 1}","Composition, wt.% N:numeric_sparse_0.34;Composition, wt.% C:numeric_sparse_0.45;Composition, wt.% Si:numeric_sparse_0.44;Composition, wt.% Mn:numeric_sparse_0.41;Composition, wt.% Cu:numeric_sparse_0.19;Composition, wt.% P:numeric_sparse_0.23;Composition, wt.% S:numeric_sparse_0.25;Test Solution:high_cardinality;Heat treatment:categorical_sparse_0.54;Microstructures:categorical_sparse_0.28",,,,,,,,,,,,,,,,,,,,,,,step-2000,2000
2,generic_baseline,local_tabicl_regressor,/home/fcolanto/projects/tabicl/checkpoints/tabicl_s1_regression_baseline/step-2500.ckpt,electrochemical_metrics_alloys__pitting_potential__epit_mv_sce_avg,electrochemical_metrics_alloys,Pitting Potential,"Epit, mV (SCE) Avg.",,continuous,0,,median,False,,608,486,122,21,False,0,,,,,epit_pipeline_development_fold_2,0,0,0,0,True,,,normal_corrosion,245.5427571544101,333.7054945015341,0.2056759581978939,0.4790663509646899,0.5483232046911684,0.4824093815810844,0.6556196692515784,"environment,material,process_history","{""environment"": 3, ""material"": 17, ""process_history"": 1}","Composition, wt.% N:numeric_sparse_0.34;Composition, wt.% C:numeric_sparse_0.45;Composition, wt.% Si:numeric_sparse_0.44;Composition, wt.% Mn:numeric_sparse_0.41;Composition, wt.% Cu:numeric_sparse_0.19;Composition, wt.% P:numeric_sparse_0.23;Composition, wt.% S:numeric_sparse_0.25;Test Solution:high_cardinality;Heat treatment:categorical_sparse_0.54;Microstructures:categorical_sparse_0.28",,,,,,,,,,,,,,,,,,,,,,,step-2500,2500
2,epit_scm_trial_0036,local_tabicl_regressor,/home/fcolanto/projects/tabicl/checkpoints/epit_pipeline_final_v1/final_epit_pipeline_optuna_empirical_features_scm_target_v6_trial_0036/step-2500.ckpt,electrochemical_metrics_alloys__pitting_potential__epit_mv_sce_avg,electrochemical_metrics_alloys,Pitting Potential,"Epit, mV (SCE) Avg.",,continuous,0,,median,False,,608,486,122,21,False,0,,,,,epit_pipeline_development_fold_2,0,0,0,0,True,,,normal_corrosion,204.5066751911993,291.6727935915765,0.393175879386644,0.6076823975875164,0.6362781237969082,0.4017872074562971,0.5730394722742997,"environment,material,process_history","{""environment"": 3, ""material"": 17, ""process_history"": 1}","Composition, wt.% N:numeric_sparse_0.34;Composition, wt.% C:numeric_sparse_0.45;Composition, wt.% Si:numeric_sparse_0.44;Composition, wt.% Mn:numeric_sparse_0.41;Composition, wt.% Cu:numeric_sparse_0.19;Composition, wt.% P:numeric_sparse_0.23;Composition, wt.% S:numeric_sparse_0.25;Test Solution:high_cardinality;Heat treatment:categorical_sparse_0.54;Microstructures:categorical_sparse_0.28",,,,,,,,,,,,,,,,,,,,,,,step-2500,2500
2,pretrained_tabicl_v2,pretrained_tabicl_regressor,/home/fcolanto/.cache/huggingface/hub/models--jingang--TabICL/snapshots/4dcd344ece2c00be9e831fdd35bed57b5ad83e19/tabicl-regressor-v2-20260212.ckpt,electrochemical_metrics_alloys__pitting_potential__epit_mv_sce_avg,electrochemical_metrics_alloys,Pitting Potential,"Epit, mV (SCE) Avg.",,continuous,0,,median,False,,608,486,122,21,False,0,,,,,epit_pipeline_development_fold_2,0,0,0,0,True,,,normal_corrosion,207.80827415220085,285.3713058802669,0.4191130793881557,0.5600380115222819,0.6642602160311927,0.4082737450005664,0.5606591568250354,"environment,material,process_history","{""environment"": 3, ""material"": 17, ""process_history"": 1}","Composition, wt.% N:numeric_sparse_0.34;Composition, wt.% C:numeric_sparse_0.45;Composition, wt.% Si:numeric_sparse_0.44;Composition, wt.% Mn:numeric_sparse_0.41;Composition, wt.% Cu:numeric_sparse_0.19;Composition, wt.% P:numeric_sparse_0.23;Composition, wt.% S:numeric_sparse_0.25;Test Solution:high_cardinality;Heat treatment:categorical_sparse_0.54;Microstructures:categorical_sparse_0.28",,,,,,,,,,,,,,,,,,,,,,,step-2500,2500
2,catboost,catboost_regressor,catboost==1.2.10;iterations=1000;depth=6;learning_rate=0.03;l2_leaf_reg=3;thread_count=8,electrochemical_metrics_alloys__pitting_potential__epit_mv_sce_avg,electrochemical_metrics_alloys,Pitting Potential,"Epit, mV (SCE) Avg.",,continuous,0,,median,False,,608,486,122,21,False,0,,,,,epit_pipeline_development_fold_2,0,0,0,0,True,,,normal_corrosion,220.3852586003285,305.6460507027,0.3336405365220811,0.4912719438106525,0.5955699014113132,0.4329833123284302,0.600492248319376,"environment,material,process_history","{""environment"": 3, ""material"": 17, ""process_history"": 1}","Composition, wt.% N:numeric_sparse_0.34;Composition, wt.% C:numeric_sparse_0.45;Composition, wt.% Si:numeric_sparse_0.44;Composition, wt.% Mn:numeric_sparse_0.41;Composition, wt.% Cu:numeric_sparse_0.19;Composition, wt.% P:numeric_sparse_0.23;Composition, wt.% S:numeric_sparse_0.25;Test Solution:high_cardinality;Heat treatment:categorical_sparse_0.54;Microstructures:categorical_sparse_0.28",,,,,,,,,,,,,,,,,,,,,,,step-2500,2500
2,generic_baseline,local_tabicl_regressor,/home/fcolanto/projects/tabicl/checkpoints/tabicl_s1_regression_baseline/step-3000.ckpt,electrochemical_metrics_alloys__pitting_potential__epit_mv_sce_avg,electrochemical_metrics_alloys,Pitting Potential,"Epit, mV (SCE) Avg.",,continuous,0,,median,False,,608,486,122,21,False,0,,,,,epit_pipeline_development_fold_2,0,0,0,0,True,,,normal_corrosion,224.5487511569556,315.2864719000617,0.2909421554215735,0.5221432743813289,0.5611503681844319,0.4411631824770612,0.6194324511659045,"environment,material,process_history","{""environment"": 3, ""material"": 17, ""process_history"": 1}","Composition, wt.% N:numeric_sparse_0.34;Composition, wt.% C:numeric_sparse_0.45;Composition, wt.% Si:numeric_sparse_0.44;Composition, wt.% Mn:numeric_sparse_0.41;Composition, wt.% Cu:numeric_sparse_0.19;Composition, wt.% P:numeric_sparse_0.23;Composition, wt.% S:numeric_sparse_0.25;Test Solution:high_cardinality;Heat treatment:categorical_sparse_0.54;Microstructures:categorical_sparse_0.28",,,,,,,,,,,,,,,,,,,,,,,step-3000,3000
2,epit_scm_trial_0036,local_tabicl_regressor,/home/fcolanto/projects/tabicl/checkpoints/epit_pipeline_final_v1/final_epit_pipeline_optuna_empirical_features_scm_target_v6_trial_0036/step-3000.ckpt,electrochemical_metrics_alloys__pitting_potential__epit_mv_sce_avg,electrochemical_metrics_alloys,Pitting Potential,"Epit, mV (SCE) Avg.",,continuous,0,,median,False,,608,486,122,21,False,0,,,,,epit_pipeline_development_fold_2,0,0,0,0,True,,,normal_corrosion,199.6437161017638,287.6801384673405,0.4096755775845289,0.6485053343714909,0.6448273412780552,0.3922331195484487,0.5651952405336826,"environment,material,process_history","{""environment"": 3, ""material"": 17, ""process_history"": 1}","Composition, wt.% N:numeric_sparse_0.34;Composition, wt.% C:numeric_sparse_0.45;Composition, wt.% Si:numeric_sparse_0.44;Composition, wt.% Mn:numeric_sparse_0.41;Composition, wt.% Cu:numeric_sparse_0.19;Composition, wt.% P:numeric_sparse_0.23;Composition, wt.% S:numeric_sparse_0.25;Test Solution:high_cardinality;Heat treatment:categorical_sparse_0.54;Microstructures:categorical_sparse_0.28",,,,,,,,,,,,,,,,,,,,,,,step-3000,3000
2,pretrained_tabicl_v2,pretrained_tabicl_regressor,/home/fcolanto/.cache/huggingface/hub/models--jingang--TabICL/snapshots/4dcd344ece2c00be9e831fdd35bed57b5ad83e19/tabicl-regressor-v2-20260212.ckpt,electrochemical_metrics_alloys__pitting_potential__epit_mv_sce_avg,electrochemical_metrics_alloys,Pitting Potential,"Epit, mV (SCE) Avg.",,continuous,0,,median,False,,608,486,122,21,False,0,,,,,epit_pipeline_development_fold_2,0,0,0,0,True,,,normal_corrosion,207.80827415220085,285.3713058802669,0.4191130793881557,0.5600380115222819,0.6642602160311927,0.4082737450005664,0.5606591568250354,"environment,material,process_history","{""environment"": 3, ""material"": 17, ""process_history"": 1}","Composition, wt.% N:numeric_sparse_0.34;Composition, wt.% C:numeric_sparse_0.45;Composition, wt.% Si:numeric_sparse_0.44;Composition, wt.% Mn:numeric_sparse_0.41;Composition, wt.% Cu:numeric_sparse_0.19;Composition, wt.% P:numeric_sparse_0.23;Composition, wt.% S:numeric_sparse_0.25;Test Solution:high_cardinality;Heat treatment:categorical_sparse_0.54;Microstructures:categorical_sparse_0.28",,,,,,,,,,,,,,,,,,,,,,,step-3000,3000
2,catboost,catboost_regressor,catboost==1.2.10;iterations=1000;depth=6;learning_rate=0.03;l2_leaf_reg=3;thread_count=8,electrochemical_metrics_alloys__pitting_potential__epit_mv_sce_avg,electrochemical_metrics_alloys,Pitting Potential,"Epit, mV (SCE) Avg.",,continuous,0,,median,False,,608,486,122,21,False,0,,,,,epit_pipeline_development_fold_2,0,0,0,0,True,,,normal_corrosion,220.3852586003285,305.6460507027,0.3336405365220811,0.4912719438106525,0.5955699014113132,0.4329833123284302,0.600492248319376,"environment,material,process_history","{""environment"": 3, ""material"": 17, ""process_history"": 1}","Composition, wt.% N:numeric_sparse_0.34;Composition, wt.% C:numeric_sparse_0.45;Composition, wt.% Si:numeric_sparse_0.44;Composition, wt.% Mn:numeric_sparse_0.41;Composition, wt.% Cu:numeric_sparse_0.19;Composition, wt.% P:numeric_sparse_0.23;Composition, wt.% S:numeric_sparse_0.25;Test Solution:high_cardinality;Heat treatment:categorical_sparse_0.54;Microstructures:categorical_sparse_0.28",,,,,,,,,,,,,,,,,,,,,,,step-3000,3000
2,generic_baseline,local_tabicl_regressor,/home/fcolanto/projects/tabicl/checkpoints/tabicl_s1_regression_baseline/step-3500.ckpt,electrochemical_metrics_alloys__pitting_potential__epit_mv_sce_avg,electrochemical_metrics_alloys,Pitting Potential,"Epit, mV (SCE) Avg.",,continuous,0,,median,False,,608,486,122,21,False,0,,,,,epit_pipeline_development_fold_2,0,0,0,0,True,,,normal_corrosion,232.63859131488655,312.3597576590297,0.3040450195543525,0.590899781574804,0.5870491676041288,0.4570570122642014,0.6136824366941157,"environment,material,process_history","{""environment"": 3, ""material"": 17, ""process_history"": 1}","Composition, wt.% N:numeric_sparse_0.34;Composition, wt.% C:numeric_sparse_0.45;Composition, wt.% Si:numeric_sparse_0.44;Composition, wt.% Mn:numeric_sparse_0.41;Composition, wt.% Cu:numeric_sparse_0.19;Composition, wt.% P:numeric_sparse_0.23;Composition, wt.% S:numeric_sparse_0.25;Test Solution:high_cardinality;Heat treatment:categorical_sparse_0.54;Microstructures:categorical_sparse_0.28",,,,,,,,,,,,,,,,,,,,,,,step-3500,3500
2,epit_scm_trial_0036,local_tabicl_regressor,/home/fcolanto/projects/tabicl/checkpoints/epit_pipeline_final_v1/final_epit_pipeline_optuna_empirical_features_scm_target_v6_trial_0036/step-3500.ckpt,electrochemical_metrics_alloys__pitting_potential__epit_mv_sce_avg,electrochemical_metrics_alloys,Pitting Potential,"Epit, mV (SCE) Avg.",,continuous,0,,median,False,,608,486,122,21,False,0,,,,,epit_pipeline_development_fold_2,0,0,0,0,True,,,normal_corrosion,194.55850791434787,309.88978584094525,0.3150079731906415,0.619662898384303,0.5966849400796064,0.3822423865073608,0.6088297682990323,"environment,material,process_history","{""environment"": 3, ""material"": 17, ""process_history"": 1}","Composition, wt.% N:numeric_sparse_0.34;Composition, wt.% C:numeric_sparse_0.45;Composition, wt.% Si:numeric_sparse_0.44;Composition, wt.% Mn:numeric_sparse_0.41;Composition, wt.% Cu:numeric_sparse_0.19;Composition, wt.% P:numeric_sparse_0.23;Composition, wt.% S:numeric_sparse_0.25;Test Solution:high_cardinality;Heat treatment:categorical_sparse_0.54;Microstructures:categorical_sparse_0.28",,,,,,,,,,,,,,,,,,,,,,,step-3500,3500
2,pretrained_tabicl_v2,pretrained_tabicl_regressor,/home/fcolanto/.cache/huggingface/hub/models--jingang--TabICL/snapshots/4dcd344ece2c00be9e831fdd35bed57b5ad83e19/tabicl-regressor-v2-20260212.ckpt,electrochemical_metrics_alloys__pitting_potential__epit_mv_sce_avg,electrochemical_metrics_alloys,Pitting Potential,"Epit, mV (SCE) Avg.",,continuous,0,,median,False,,608,486,122,21,False,0,,,,,epit_pipeline_development_fold_2,0,0,0,0,True,,,normal_corrosion,207.80827415220085,285.3713058802669,0.4191130793881557,0.5600380115222819,0.6642602160311927,0.4082737450005664,0.5606591568250354,"environment,material,process_history","{""environment"": 3, ""material"": 17, ""process_history"": 1}","Composition, wt.% N:numeric_sparse_0.34;Composition, wt.% C:numeric_sparse_0.45;Composition, wt.% Si:numeric_sparse_0.44;Composition, wt.% Mn:numeric_sparse_0.41;Composition, wt.% Cu:numeric_sparse_0.19;Composition, wt.% P:numeric_sparse_0.23;Composition, wt.% S:numeric_sparse_0.25;Test Solution:high_cardinality;Heat treatment:categorical_sparse_0.54;Microstructures:categorical_sparse_0.28",,,,,,,,,,,,,,,,,,,,,,,step-3500,3500
2,catboost,catboost_regressor,catboost==1.2.10;iterations=1000;depth=6;learning_rate=0.03;l2_leaf_reg=3;thread_count=8,electrochemical_metrics_alloys__pitting_potential__epit_mv_sce_avg,electrochemical_metrics_alloys,Pitting Potential,"Epit, mV (SCE) Avg.",,continuous,0,,median,False,,608,486,122,21,False,0,,,,,epit_pipeline_development_fold_2,0,0,0,0,True,,,normal_corrosion,220.3852586003285,305.6460507027,0.3336405365220811,0.4912719438106525,0.5955699014113132,0.4329833123284302,0.600492248319376,"environment,material,process_history","{""environment"": 3, ""material"": 17, ""process_history"": 1}","Composition, wt.% N:numeric_sparse_0.34;Composition, wt.% C:numeric_sparse_0.45;Composition, wt.% Si:numeric_sparse_0.44;Composition, wt.% Mn:numeric_sparse_0.41;Composition, wt.% Cu:numeric_sparse_0.19;Composition, wt.% P:numeric_sparse_0.23;Composition, wt.% S:numeric_sparse_0.25;Test Solution:high_cardinality;Heat treatment:categorical_sparse_0.54;Microstructures:categorical_sparse_0.28",,,,,,,,,,,,,,,,,,,,,,,step-3500,3500
2,generic_baseline,local_tabicl_regressor,/home/fcolanto/projects/tabicl/checkpoints/tabicl_s1_regression_baseline/step-4000.ckpt,electrochemical_metrics_alloys__pitting_potential__epit_mv_sce_avg,electrochemical_metrics_alloys,Pitting Potential,"Epit, mV (SCE) Avg.",,continuous,0,,median,False,,608,486,122,21,False,0,,,,,epit_pipeline_development_fold_2,0,0,0,0,True,,,normal_corrosion,246.6336895164507,333.55387701871894,0.2063975888247279,0.5984681531126362,0.5828158528722267,0.4845526987459553,0.6553217916152377,"environment,material,process_history","{""environment"": 3, ""material"": 17, ""process_history"": 1}","Composition, wt.% N:numeric_sparse_0.34;Composition, wt.% C:numeric_sparse_0.45;Composition, wt.% Si:numeric_sparse_0.44;Composition, wt.% Mn:numeric_sparse_0.41;Composition, wt.% Cu:numeric_sparse_0.19;Composition, wt.% P:numeric_sparse_0.23;Composition, wt.% S:numeric_sparse_0.25;Test Solution:high_cardinality;Heat treatment:categorical_sparse_0.54;Microstructures:categorical_sparse_0.28",,,,,,,,,,,,,,,,,,,,,,,step-4000,4000
2,epit_scm_trial_0036,local_tabicl_regressor,/home/fcolanto/projects/tabicl/checkpoints/epit_pipeline_final_v1/final_epit_pipeline_optuna_empirical_features_scm_target_v6_trial_0036/step-4000.ckpt,electrochemical_metrics_alloys__pitting_potential__epit_mv_sce_avg,electrochemical_metrics_alloys,Pitting Potential,"Epit, mV (SCE) Avg.",,continuous,0,,median,False,,608,486,122,21,False,0,,,,,epit_pipeline_development_fold_2,0,0,0,0,True,,,normal_corrosion,232.02457017370924,320.3011368017154,0.2682075023369666,0.5461174958378501,0.5612851103055865,0.4558506661172988,0.6292845902478237,"environment,material,process_history","{""environment"": 3, ""material"": 17, ""process_history"": 1}","Composition, wt.% N:numeric_sparse_0.34;Composition, wt.% C:numeric_sparse_0.45;Composition, wt.% Si:numeric_sparse_0.44;Composition, wt.% Mn:numeric_sparse_0.41;Composition, wt.% Cu:numeric_sparse_0.19;Composition, wt.% P:numeric_sparse_0.23;Composition, wt.% S:numeric_sparse_0.25;Test Solution:high_cardinality;Heat treatment:categorical_sparse_0.54;Microstructures:categorical_sparse_0.28",,,,,,,,,,,,,,,,,,,,,,,step-4000,4000
2,pretrained_tabicl_v2,pretrained_tabicl_regressor,/home/fcolanto/.cache/huggingface/hub/models--jingang--TabICL/snapshots/4dcd344ece2c00be9e831fdd35bed57b5ad83e19/tabicl-regressor-v2-20260212.ckpt,electrochemical_metrics_alloys__pitting_potential__epit_mv_sce_avg,electrochemical_metrics_alloys,Pitting Potential,"Epit, mV (SCE) Avg.",,continuous,0,,median,False,,608,486,122,21,False,0,,,,,epit_pipeline_development_fold_2,0,0,0,0,True,,,normal_corrosion,207.80827415220085,285.3713058802669,0.4191130793881557,0.5600380115222819,0.6642602160311927,0.4082737450005664,0.5606591568250354,"environment,material,process_history","{""environment"": 3, ""material"": 17, ""process_history"": 1}","Composition, wt.% N:numeric_sparse_0.34;Composition, wt.% C:numeric_sparse_0.45;Composition, wt.% Si:numeric_sparse_0.44;Composition, wt.% Mn:numeric_sparse_0.41;Composition, wt.% Cu:numeric_sparse_0.19;Composition, wt.% P:numeric_sparse_0.23;Composition, wt.% S:numeric_sparse_0.25;Test Solution:high_cardinality;Heat treatment:categorical_sparse_0.54;Microstructures:categorical_sparse_0.28",,,,,,,,,,,,,,,,,,,,,,,step-4000,4000
2,catboost,catboost_regressor,catboost==1.2.10;iterations=1000;depth=6;learning_rate=0.03;l2_leaf_reg=3;thread_count=8,electrochemical_metrics_alloys__pitting_potential__epit_mv_sce_avg,electrochemical_metrics_alloys,Pitting Potential,"Epit, mV (SCE) Avg.",,continuous,0,,median,False,,608,486,122,21,False,0,,,,,epit_pipeline_development_fold_2,0,0,0,0,True,,,normal_corrosion,220.3852586003285,305.6460507027,0.3336405365220811,0.4912719438106525,0.5955699014113132,0.4329833123284302,0.600492248319376,"environment,material,process_history","{""environment"": 3, ""material"": 17, ""process_history"": 1}","Composition, wt.% N:numeric_sparse_0.34;Composition, wt.% C:numeric_sparse_0.45;Composition, wt.% Si:numeric_sparse_0.44;Composition, wt.% Mn:numeric_sparse_0.41;Composition, wt.% Cu:numeric_sparse_0.19;Composition, wt.% P:numeric_sparse_0.23;Composition, wt.% S:numeric_sparse_0.25;Test Solution:high_cardinality;Heat treatment:categorical_sparse_0.54;Microstructures:categorical_sparse_0.28",,,,,,,,,,,,,,,,,,,,,,,step-4000,4000
2,generic_baseline,local_tabicl_regressor,/home/fcolanto/projects/tabicl/checkpoints/tabicl_s1_regression_baseline/step-4500.ckpt,electrochemical_metrics_alloys__pitting_potential__epit_mv_sce_avg,electrochemical_metrics_alloys,Pitting Potential,"Epit, mV (SCE) Avg.",,continuous,0,,median,False,,608,486,122,21,False,0,,,,,epit_pipeline_development_fold_2,0,0,0,0,True,,,normal_corrosion,221.51677181435423,313.8370837943793,0.2974463216494238,0.626335624207396,0.5914241708641655,0.4352063572927974,0.6165848883713989,"environment,material,process_history","{""environment"": 3, ""material"": 17, ""process_history"": 1}","Composition, wt.% N:numeric_sparse_0.34;Composition, wt.% C:numeric_sparse_0.45;Composition, wt.% Si:numeric_sparse_0.44;Composition, wt.% Mn:numeric_sparse_0.41;Composition, wt.% Cu:numeric_sparse_0.19;Composition, wt.% P:numeric_sparse_0.23;Composition, wt.% S:numeric_sparse_0.25;Test Solution:high_cardinality;Heat treatment:categorical_sparse_0.54;Microstructures:categorical_sparse_0.28",,,,,,,,,,,,,,,,,,,,,,,step-4500,4500
2,epit_scm_trial_0036,local_tabicl_regressor,/home/fcolanto/projects/tabicl/checkpoints/epit_pipeline_final_v1/final_epit_pipeline_optuna_empirical_features_scm_target_v6_trial_0036/step-4500.ckpt,electrochemical_metrics_alloys__pitting_potential__epit_mv_sce_avg,electrochemical_metrics_alloys,Pitting Potential,"Epit, mV (SCE) Avg.",,continuous,0,,median,False,,608,486,122,21,False,0,,,,,epit_pipeline_development_fold_2,0,0,0,0,True,,,normal_corrosion,215.10631075878624,308.26045596846745,0.322192101101499,0.5175658968355221,0.5875459143564981,0.4226119456746145,0.6056286801248887,"environment,material,process_history","{""environment"": 3, ""material"": 17, ""process_history"": 1}","Composition, wt.% N:numeric_sparse_0.34;Composition, wt.% C:numeric_sparse_0.45;Composition, wt.% Si:numeric_sparse_0.44;Composition, wt.% Mn:numeric_sparse_0.41;Composition, wt.% Cu:numeric_sparse_0.19;Composition, wt.% P:numeric_sparse_0.23;Composition, wt.% S:numeric_sparse_0.25;Test Solution:high_cardinality;Heat treatment:categorical_sparse_0.54;Microstructures:categorical_sparse_0.28",,,,,,,,,,,,,,,,,,,,,,,step-4500,4500
2,pretrained_tabicl_v2,pretrained_tabicl_regressor,/home/fcolanto/.cache/huggingface/hub/models--jingang--TabICL/snapshots/4dcd344ece2c00be9e831fdd35bed57b5ad83e19/tabicl-regressor-v2-20260212.ckpt,electrochemical_metrics_alloys__pitting_potential__epit_mv_sce_avg,electrochemical_metrics_alloys,Pitting Potential,"Epit, mV (SCE) Avg.",,continuous,0,,median,False,,608,486,122,21,False,0,,,,,epit_pipeline_development_fold_2,0,0,0,0,True,,,normal_corrosion,207.80827415220085,285.3713058802669,0.4191130793881557,0.5600380115222819,0.6642602160311927,0.4082737450005664,0.5606591568250354,"environment,material,process_history","{""environment"": 3, ""material"": 17, ""process_history"": 1}","Composition, wt.% N:numeric_sparse_0.34;Composition, wt.% C:numeric_sparse_0.45;Composition, wt.% Si:numeric_sparse_0.44;Composition, wt.% Mn:numeric_sparse_0.41;Composition, wt.% Cu:numeric_sparse_0.19;Composition, wt.% P:numeric_sparse_0.23;Composition, wt.% S:numeric_sparse_0.25;Test Solution:high_cardinality;Heat treatment:categorical_sparse_0.54;Microstructures:categorical_sparse_0.28",,,,,,,,,,,,,,,,,,,,,,,step-4500,4500
2,catboost,catboost_regressor,catboost==1.2.10;iterations=1000;depth=6;learning_rate=0.03;l2_leaf_reg=3;thread_count=8,electrochemical_metrics_alloys__pitting_potential__epit_mv_sce_avg,electrochemical_metrics_alloys,Pitting Potential,"Epit, mV (SCE) Avg.",,continuous,0,,median,False,,608,486,122,21,False,0,,,,,epit_pipeline_development_fold_2,0,0,0,0,True,,,normal_corrosion,220.3852586003285,305.6460507027,0.3336405365220811,0.4912719438106525,0.5955699014113132,0.4329833123284302,0.600492248319376,"environment,material,process_history","{""environment"": 3, ""material"": 17, ""process_history"": 1}","Composition, wt.% N:numeric_sparse_0.34;Composition, wt.% C:numeric_sparse_0.45;Composition, wt.% Si:numeric_sparse_0.44;Composition, wt.% Mn:numeric_sparse_0.41;Composition, wt.% Cu:numeric_sparse_0.19;Composition, wt.% P:numeric_sparse_0.23;Composition, wt.% S:numeric_sparse_0.25;Test Solution:high_cardinality;Heat treatment:categorical_sparse_0.54;Microstructures:categorical_sparse_0.28",,,,,,,,,,,,,,,,,,,,,,,step-4500,4500
2,generic_baseline,local_tabicl_regressor,/home/fcolanto/projects/tabicl/checkpoints/tabicl_s1_regression_baseline/step-5000.ckpt,electrochemical_metrics_alloys__pitting_potential__epit_mv_sce_avg,electrochemical_metrics_alloys,Pitting Potential,"Epit, mV (SCE) Avg.",,continuous,0,,median,False,,608,486,122,21,False,0,,,,,epit_pipeline_development_fold_2,0,0,0,0,True,,,normal_corrosion,248.08467555440853,325.1629054580084,0.2458235209743121,0.5667570068656935,0.5709284396592638,0.4874034009428596,0.6388363393527574,"environment,material,process_history","{""environment"": 3, ""material"": 17, ""process_history"": 1}","Composition, wt.% N:numeric_sparse_0.34;Composition, wt.% C:numeric_sparse_0.45;Composition, wt.% Si:numeric_sparse_0.44;Composition, wt.% Mn:numeric_sparse_0.41;Composition, wt.% Cu:numeric_sparse_0.19;Composition, wt.% P:numeric_sparse_0.23;Composition, wt.% S:numeric_sparse_0.25;Test Solution:high_cardinality;Heat treatment:categorical_sparse_0.54;Microstructures:categorical_sparse_0.28",,,,,,,,,,,,,,,,,,,,,,,step-5000,5000
2,epit_scm_trial_0036,local_tabicl_regressor,/home/fcolanto/projects/tabicl/checkpoints/epit_pipeline_final_v1/final_epit_pipeline_optuna_empirical_features_scm_target_v6_trial_0036/step-5000.ckpt,electrochemical_metrics_alloys__pitting_potential__epit_mv_sce_avg,electrochemical_metrics_alloys,Pitting Potential,"Epit, mV (SCE) Avg.",,continuous,0,,median,False,,608,486,122,21,False,0,,,,,epit_pipeline_development_fold_2,0,0,0,0,True,,,normal_corrosion,219.77944249266497,316.96706269011014,0.2833629402309816,0.5038568989582612,0.5676198646306232,0.4317930863277257,0.6227342498958435,"environment,material,process_history","{""environment"": 3, ""material"": 17, ""process_history"": 1}","Composition, wt.% N:numeric_sparse_0.34;Composition, wt.% C:numeric_sparse_0.45;Composition, wt.% Si:numeric_sparse_0.44;Composition, wt.% Mn:numeric_sparse_0.41;Composition, wt.% Cu:numeric_sparse_0.19;Composition, wt.% P:numeric_sparse_0.23;Composition, wt.% S:numeric_sparse_0.25;Test Solution:high_cardinality;Heat treatment:categorical_sparse_0.54;Microstructures:categorical_sparse_0.28",,,,,,,,,,,,,,,,,,,,,,,step-5000,5000
2,pretrained_tabicl_v2,pretrained_tabicl_regressor,/home/fcolanto/.cache/huggingface/hub/models--jingang--TabICL/snapshots/4dcd344ece2c00be9e831fdd35bed57b5ad83e19/tabicl-regressor-v2-20260212.ckpt,electrochemical_metrics_alloys__pitting_potential__epit_mv_sce_avg,electrochemical_metrics_alloys,Pitting Potential,"Epit, mV (SCE) Avg.",,continuous,0,,median,False,,608,486,122,21,False,0,,,,,epit_pipeline_development_fold_2,0,0,0,0,True,,,normal_corrosion,207.80827415220085,285.3713058802669,0.4191130793881557,0.5600380115222819,0.6642602160311927,0.4082737450005664,0.5606591568250354,"environment,material,process_history","{""environment"": 3, ""material"": 17, ""process_history"": 1}","Composition, wt.% N:numeric_sparse_0.34;Composition, wt.% C:numeric_sparse_0.45;Composition, wt.% Si:numeric_sparse_0.44;Composition, wt.% Mn:numeric_sparse_0.41;Composition, wt.% Cu:numeric_sparse_0.19;Composition, wt.% P:numeric_sparse_0.23;Composition, wt.% S:numeric_sparse_0.25;Test Solution:high_cardinality;Heat treatment:categorical_sparse_0.54;Microstructures:categorical_sparse_0.28",,,,,,,,,,,,,,,,,,,,,,,step-5000,5000
2,catboost,catboost_regressor,catboost==1.2.10;iterations=1000;depth=6;learning_rate=0.03;l2_leaf_reg=3;thread_count=8,electrochemical_metrics_alloys__pitting_potential__epit_mv_sce_avg,electrochemical_metrics_alloys,Pitting Potential,"Epit, mV (SCE) Avg.",,continuous,0,,median,False,,608,486,122,21,False,0,,,,,epit_pipeline_development_fold_2,0,0,0,0,True,,,normal_corrosion,220.3852586003285,305.6460507027,0.3336405365220811,0.4912719438106525,0.5955699014113132,0.4329833123284302,0.600492248319376,"environment,material,process_history","{""environment"": 3, ""material"": 17, ""process_history"": 1}","Composition, wt.% N:numeric_sparse_0.34;Composition, wt.% C:numeric_sparse_0.45;Composition, wt.% Si:numeric_sparse_0.44;Composition, wt.% Mn:numeric_sparse_0.41;Composition, wt.% Cu:numeric_sparse_0.19;Composition, wt.% P:numeric_sparse_0.23;Composition, wt.% S:numeric_sparse_0.25;Test Solution:high_cardinality;Heat treatment:categorical_sparse_0.54;Microstructures:categorical_sparse_0.28",,,,,,,,,,,,,,,,,,,,,,,step-5000,5000
2,generic_baseline,local_tabicl_regressor,/home/fcolanto/projects/tabicl/checkpoints/tabicl_s1_regression_baseline/step-5500.ckpt,electrochemical_metrics_alloys__pitting_potential__epit_mv_sce_avg,electrochemical_metrics_alloys,Pitting Potential,"Epit, mV (SCE) Avg.",,continuous,0,,median,False,,608,486,122,21,False,0,,,,,epit_pipeline_development_fold_2,0,0,0,0,True,,,normal_corrosion,236.6607972555084,314.1095453339261,0.296225930828655,0.5892572136034928,0.6039328574123813,0.4649593014740066,0.6171201841558099,"environment,material,process_history","{""environment"": 3, ""material"": 17, ""process_history"": 1}","Composition, wt.% N:numeric_sparse_0.34;Composition, wt.% C:numeric_sparse_0.45;Composition, wt.% Si:numeric_sparse_0.44;Composition, wt.% Mn:numeric_sparse_0.41;Composition, wt.% Cu:numeric_sparse_0.19;Composition, wt.% P:numeric_sparse_0.23;Composition, wt.% S:numeric_sparse_0.25;Test Solution:high_cardinality;Heat treatment:categorical_sparse_0.54;Microstructures:categorical_sparse_0.28",,,,,,,,,,,,,,,,,,,,,,,step-5500,5500
2,epit_scm_trial_0036,local_tabicl_regressor,/home/fcolanto/projects/tabicl/checkpoints/epit_pipeline_final_v1/final_epit_pipeline_optuna_empirical_features_scm_target_v6_trial_0036/step-5500.ckpt,electrochemical_metrics_alloys__pitting_potential__epit_mv_sce_avg,electrochemical_metrics_alloys,Pitting Potential,"Epit, mV (SCE) Avg.",,continuous,0,,median,False,,608,486,122,21,False,0,,,,,epit_pipeline_development_fold_2,0,0,0,0,True,,,normal_corrosion,210.7698185317635,305.3633063127322,0.3348728263128562,0.5335288813454474,0.588523047678316,0.4140921890435782,0.5999367501735923,"environment,material,process_history","{""environment"": 3, ""material"": 17, ""process_history"": 1}","Composition, wt.% N:numeric_sparse_0.34;Composition, wt.% C:numeric_sparse_0.45;Composition, wt.% Si:numeric_sparse_0.44;Composition, wt.% Mn:numeric_sparse_0.41;Composition, wt.% Cu:numeric_sparse_0.19;Composition, wt.% P:numeric_sparse_0.23;Composition, wt.% S:numeric_sparse_0.25;Test Solution:high_cardinality;Heat treatment:categorical_sparse_0.54;Microstructures:categorical_sparse_0.28",,,,,,,,,,,,,,,,,,,,,,,step-5500,5500
2,pretrained_tabicl_v2,pretrained_tabicl_regressor,/home/fcolanto/.cache/huggingface/hub/models--jingang--TabICL/snapshots/4dcd344ece2c00be9e831fdd35bed57b5ad83e19/tabicl-regressor-v2-20260212.ckpt,electrochemical_metrics_alloys__pitting_potential__epit_mv_sce_avg,electrochemical_metrics_alloys,Pitting Potential,"Epit, mV (SCE) Avg.",,continuous,0,,median,False,,608,486,122,21,False,0,,,,,epit_pipeline_development_fold_2,0,0,0,0,True,,,normal_corrosion,207.80827415220085,285.3713058802669,0.4191130793881557,0.5600380115222819,0.6642602160311927,0.4082737450005664,0.5606591568250354,"environment,material,process_history","{""environment"": 3, ""material"": 17, ""process_history"": 1}","Composition, wt.% N:numeric_sparse_0.34;Composition, wt.% C:numeric_sparse_0.45;Composition, wt.% Si:numeric_sparse_0.44;Composition, wt.% Mn:numeric_sparse_0.41;Composition, wt.% Cu:numeric_sparse_0.19;Composition, wt.% P:numeric_sparse_0.23;Composition, wt.% S:numeric_sparse_0.25;Test Solution:high_cardinality;Heat treatment:categorical_sparse_0.54;Microstructures:categorical_sparse_0.28",,,,,,,,,,,,,,,,,,,,,,,step-5500,5500
2,catboost,catboost_regressor,catboost==1.2.10;iterations=1000;depth=6;learning_rate=0.03;l2_leaf_reg=3;thread_count=8,electrochemical_metrics_alloys__pitting_potential__epit_mv_sce_avg,electrochemical_metrics_alloys,Pitting Potential,"Epit, mV (SCE) Avg.",,continuous,0,,median,False,,608,486,122,21,False,0,,,,,epit_pipeline_development_fold_2,0,0,0,0,True,,,normal_corrosion,220.3852586003285,305.6460507027,0.3336405365220811,0.4912719438106525,0.5955699014113132,0.4329833123284302,0.600492248319376,"environment,material,process_history","{""environment"": 3, ""material"": 17, ""process_history"": 1}","Composition, wt.% N:numeric_sparse_0.34;Composition, wt.% C:numeric_sparse_0.45;Composition, wt.% Si:numeric_sparse_0.44;Composition, wt.% Mn:numeric_sparse_0.41;Composition, wt.% Cu:numeric_sparse_0.19;Composition, wt.% P:numeric_sparse_0.23;Composition, wt.% S:numeric_sparse_0.25;Test Solution:high_cardinality;Heat treatment:categorical_sparse_0.54;Microstructures:categorical_sparse_0.28",,,,,,,,,,,,,,,,,,,,,,,step-5500,5500
2,generic_baseline,local_tabicl_regressor,/home/fcolanto/projects/tabicl/checkpoints/tabicl_s1_regression_baseline/step-6000.ckpt,electrochemical_metrics_alloys__pitting_potential__epit_mv_sce_avg,electrochemical_metrics_alloys,Pitting Potential,"Epit, mV (SCE) Avg.",,continuous,0,,median,False,,608,486,122,21,False,0,,,,,epit_pipeline_development_fold_2,0,0,0,0,True,,,normal_corrosion,216.10923869277624,287.7642729053516,0.4093302365644992,0.6495596184416081,0.657633235279302,0.4245823635766268,0.5653605365606597,"environment,material,process_history","{""environment"": 3, ""material"": 17, ""process_history"": 1}","Composition, wt.% N:numeric_sparse_0.34;Composition, wt.% C:numeric_sparse_0.45;Composition, wt.% Si:numeric_sparse_0.44;Composition, wt.% Mn:numeric_sparse_0.41;Composition, wt.% Cu:numeric_sparse_0.19;Composition, wt.% P:numeric_sparse_0.23;Composition, wt.% S:numeric_sparse_0.25;Test Solution:high_cardinality;Heat treatment:categorical_sparse_0.54;Microstructures:categorical_sparse_0.28",,,,,,,,,,,,,,,,,,,,,,,step-6000,6000
2,epit_scm_trial_0036,local_tabicl_regressor,/home/fcolanto/projects/tabicl/checkpoints/epit_pipeline_final_v1/final_epit_pipeline_optuna_empirical_features_scm_target_v6_trial_0036/step-6000.ckpt,electrochemical_metrics_alloys__pitting_potential__epit_mv_sce_avg,electrochemical_metrics_alloys,Pitting Potential,"Epit, mV (SCE) Avg.",,continuous,0,,median,False,,608,486,122,21,False,0,,,,,epit_pipeline_development_fold_2,0,0,0,0,True,,,normal_corrosion,217.97561729435077,313.2877626347725,0.2999035828795398,0.4945104558538992,0.5699270112592731,0.4282491732085457,0.6155056560455654,"environment,material,process_history","{""environment"": 3, ""material"": 17, ""process_history"": 1}","Composition, wt.% N:numeric_sparse_0.34;Composition, wt.% C:numeric_sparse_0.45;Composition, wt.% Si:numeric_sparse_0.44;Composition, wt.% Mn:numeric_sparse_0.41;Composition, wt.% Cu:numeric_sparse_0.19;Composition, wt.% P:numeric_sparse_0.23;Composition, wt.% S:numeric_sparse_0.25;Test Solution:high_cardinality;Heat treatment:categorical_sparse_0.54;Microstructures:categorical_sparse_0.28",,,,,,,,,,,,,,,,,,,,,,,step-6000,6000
2,pretrained_tabicl_v2,pretrained_tabicl_regressor,/home/fcolanto/.cache/huggingface/hub/models--jingang--TabICL/snapshots/4dcd344ece2c00be9e831fdd35bed57b5ad83e19/tabicl-regressor-v2-20260212.ckpt,electrochemical_metrics_alloys__pitting_potential__epit_mv_sce_avg,electrochemical_metrics_alloys,Pitting Potential,"Epit, mV (SCE) Avg.",,continuous,0,,median,False,,608,486,122,21,False,0,,,,,epit_pipeline_development_fold_2,0,0,0,0,True,,,normal_corrosion,207.80827415220085,285.3713058802669,0.4191130793881557,0.5600380115222819,0.6642602160311927,0.4082737450005664,0.5606591568250354,"environment,material,process_history","{""environment"": 3, ""material"": 17, ""process_history"": 1}","Composition, wt.% N:numeric_sparse_0.34;Composition, wt.% C:numeric_sparse_0.45;Composition, wt.% Si:numeric_sparse_0.44;Composition, wt.% Mn:numeric_sparse_0.41;Composition, wt.% Cu:numeric_sparse_0.19;Composition, wt.% P:numeric_sparse_0.23;Composition, wt.% S:numeric_sparse_0.25;Test Solution:high_cardinality;Heat treatment:categorical_sparse_0.54;Microstructures:categorical_sparse_0.28",,,,,,,,,,,,,,,,,,,,,,,step-6000,6000
2,catboost,catboost_regressor,catboost==1.2.10;iterations=1000;depth=6;learning_rate=0.03;l2_leaf_reg=3;thread_count=8,electrochemical_metrics_alloys__pitting_potential__epit_mv_sce_avg,electrochemical_metrics_alloys,Pitting Potential,"Epit, mV (SCE) Avg.",,continuous,0,,median,False,,608,486,122,21,False,0,,,,,epit_pipeline_development_fold_2,0,0,0,0,True,,,normal_corrosion,220.3852586003285,305.6460507027,0.3336405365220811,0.4912719438106525,0.5955699014113132,0.4329833123284302,0.600492248319376,"environment,material,process_history","{""environment"": 3, ""material"": 17, ""process_history"": 1}","Composition, wt.% N:numeric_sparse_0.34;Composition, wt.% C:numeric_sparse_0.45;Composition, wt.% Si:numeric_sparse_0.44;Composition, wt.% Mn:numeric_sparse_0.41;Composition, wt.% Cu:numeric_sparse_0.19;Composition, wt.% P:numeric_sparse_0.23;Composition, wt.% S:numeric_sparse_0.25;Test Solution:high_cardinality;Heat treatment:categorical_sparse_0.54;Microstructures:categorical_sparse_0.28",,,,,,,,,,,,,,,,,,,,,,,step-6000,6000
2,generic_baseline,local_tabicl_regressor,/home/fcolanto/projects/tabicl/checkpoints/tabicl_s1_regression_baseline/step-6500.ckpt,electrochemical_metrics_alloys__pitting_potential__epit_mv_sce_avg,electrochemical_metrics_alloys,Pitting Potential,"Epit, mV (SCE) Avg.",,continuous,0,,median,False,,608,486,122,21,False,0,,,,,epit_pipeline_development_fold_2,0,0,0,0,True,,,normal_corrosion,222.03717975182624,300.2078713264713,0.3571418667427447,0.6182979475349035,0.61748932570572,0.4362287848088649,0.5898080449642603,"environment,material,process_history","{""environment"": 3, ""material"": 17, ""process_history"": 1}","Composition, wt.% N:numeric_sparse_0.34;Composition, wt.% C:numeric_sparse_0.45;Composition, wt.% Si:numeric_sparse_0.44;Composition, wt.% Mn:numeric_sparse_0.41;Composition, wt.% Cu:numeric_sparse_0.19;Composition, wt.% P:numeric_sparse_0.23;Composition, wt.% S:numeric_sparse_0.25;Test Solution:high_cardinality;Heat treatment:categorical_sparse_0.54;Microstructures:categorical_sparse_0.28",,,,,,,,,,,,,,,,,,,,,,,step-6500,6500
2,epit_scm_trial_0036,local_tabicl_regressor,/home/fcolanto/projects/tabicl/checkpoints/epit_pipeline_final_v1/final_epit_pipeline_optuna_empirical_features_scm_target_v6_trial_0036/step-6500.ckpt,electrochemical_metrics_alloys__pitting_potential__epit_mv_sce_avg,electrochemical_metrics_alloys,Pitting Potential,"Epit, mV (SCE) Avg.",,continuous,0,,median,False,,608,486,122,21,False,0,,,,,epit_pipeline_development_fold_2,0,0,0,0,True,,,normal_corrosion,217.98375764569312,306.0616923496,0.3318269677563753,0.54247211862989,0.5905798253766924,0.4282651662759139,0.6013088451197217,"environment,material,process_history","{""environment"": 3, ""material"": 17, ""process_history"": 1}","Composition, wt.% N:numeric_sparse_0.34;Composition, wt.% C:numeric_sparse_0.45;Composition, wt.% Si:numeric_sparse_0.44;Composition, wt.% Mn:numeric_sparse_0.41;Composition, wt.% Cu:numeric_sparse_0.19;Composition, wt.% P:numeric_sparse_0.23;Composition, wt.% S:numeric_sparse_0.25;Test Solution:high_cardinality;Heat treatment:categorical_sparse_0.54;Microstructures:categorical_sparse_0.28",,,,,,,,,,,,,,,,,,,,,,,step-6500,6500
2,pretrained_tabicl_v2,pretrained_tabicl_regressor,/home/fcolanto/.cache/huggingface/hub/models--jingang--TabICL/snapshots/4dcd344ece2c00be9e831fdd35bed57b5ad83e19/tabicl-regressor-v2-20260212.ckpt,electrochemical_metrics_alloys__pitting_potential__epit_mv_sce_avg,electrochemical_metrics_alloys,Pitting Potential,"Epit, mV (SCE) Avg.",,continuous,0,,median,False,,608,486,122,21,False,0,,,,,epit_pipeline_development_fold_2,0,0,0,0,True,,,normal_corrosion,207.80827415220085,285.3713058802669,0.4191130793881557,0.5600380115222819,0.6642602160311927,0.4082737450005664,0.5606591568250354,"environment,material,process_history","{""environment"": 3, ""material"": 17, ""process_history"": 1}","Composition, wt.% N:numeric_sparse_0.34;Composition, wt.% C:numeric_sparse_0.45;Composition, wt.% Si:numeric_sparse_0.44;Composition, wt.% Mn:numeric_sparse_0.41;Composition, wt.% Cu:numeric_sparse_0.19;Composition, wt.% P:numeric_sparse_0.23;Composition, wt.% S:numeric_sparse_0.25;Test Solution:high_cardinality;Heat treatment:categorical_sparse_0.54;Microstructures:categorical_sparse_0.28",,,,,,,,,,,,,,,,,,,,,,,step-6500,6500
2,catboost,catboost_regressor,catboost==1.2.10;iterations=1000;depth=6;learning_rate=0.03;l2_leaf_reg=3;thread_count=8,electrochemical_metrics_alloys__pitting_potential__epit_mv_sce_avg,electrochemical_metrics_alloys,Pitting Potential,"Epit, mV (SCE) Avg.",,continuous,0,,median,False,,608,486,122,21,False,0,,,,,epit_pipeline_development_fold_2,0,0,0,0,True,,,normal_corrosion,220.3852586003285,305.6460507027,0.3336405365220811,0.4912719438106525,0.5955699014113132,0.4329833123284302,0.600492248319376,"environment,material,process_history","{""environment"": 3, ""material"": 17, ""process_history"": 1}","Composition, wt.% N:numeric_sparse_0.34;Composition, wt.% C:numeric_sparse_0.45;Composition, wt.% Si:numeric_sparse_0.44;Composition, wt.% Mn:numeric_sparse_0.41;Composition, wt.% Cu:numeric_sparse_0.19;Composition, wt.% P:numeric_sparse_0.23;Composition, wt.% S:numeric_sparse_0.25;Test Solution:high_cardinality;Heat treatment:categorical_sparse_0.54;Microstructures:categorical_sparse_0.28",,,,,,,,,,,,,,,,,,,,,,,step-6500,6500
2,generic_baseline,local_tabicl_regressor,/home/fcolanto/projects/tabicl/checkpoints/tabicl_s1_regression_baseline/step-7000.ckpt,electrochemical_metrics_alloys__pitting_potential__epit_mv_sce_avg,electrochemical_metrics_alloys,Pitting Potential,"Epit, mV (SCE) Avg.",,continuous,0,,median,False,,608,486,122,21,False,0,,,,,epit_pipeline_development_fold_2,0,0,0,0,True,,,normal_corrosion,217.38400542591447,288.3835675956118,0.4067851515867813,0.6414029630025821,0.6470789802974611,0.4270868537864791,0.5665772434674612,"environment,material,process_history","{""environment"": 3, ""material"": 17, ""process_history"": 1}","Composition, wt.% N:numeric_sparse_0.34;Composition, wt.% C:numeric_sparse_0.45;Composition, wt.% Si:numeric_sparse_0.44;Composition, wt.% Mn:numeric_sparse_0.41;Composition, wt.% Cu:numeric_sparse_0.19;Composition, wt.% P:numeric_sparse_0.23;Composition, wt.% S:numeric_sparse_0.25;Test Solution:high_cardinality;Heat treatment:categorical_sparse_0.54;Microstructures:categorical_sparse_0.28",,,,,,,,,,,,,,,,,,,,,,,step-7000,7000
2,epit_scm_trial_0036,local_tabicl_regressor,/home/fcolanto/projects/tabicl/checkpoints/epit_pipeline_final_v1/final_epit_pipeline_optuna_empirical_features_scm_target_v6_trial_0036/step-7000.ckpt,electrochemical_metrics_alloys__pitting_potential__epit_mv_sce_avg,electrochemical_metrics_alloys,Pitting Potential,"Epit, mV (SCE) Avg.",,continuous,0,,median,False,,608,486,122,21,False,0,,,,,epit_pipeline_development_fold_2,0,0,0,0,True,,,normal_corrosion,227.13231491468,317.37410128869914,0.2815211953058947,0.4914368377184478,0.5557676512145089,0.446239021036027,0.623533944584054,"environment,material,process_history","{""environment"": 3, ""material"": 17, ""process_history"": 1}","Composition, wt.% N:numeric_sparse_0.34;Composition, wt.% C:numeric_sparse_0.45;Composition, wt.% Si:numeric_sparse_0.44;Composition, wt.% Mn:numeric_sparse_0.41;Composition, wt.% Cu:numeric_sparse_0.19;Composition, wt.% P:numeric_sparse_0.23;Composition, wt.% S:numeric_sparse_0.25;Test Solution:high_cardinality;Heat treatment:categorical_sparse_0.54;Microstructures:categorical_sparse_0.28",,,,,,,,,,,,,,,,,,,,,,,step-7000,7000
2,pretrained_tabicl_v2,pretrained_tabicl_regressor,/home/fcolanto/.cache/huggingface/hub/models--jingang--TabICL/snapshots/4dcd344ece2c00be9e831fdd35bed57b5ad83e19/tabicl-regressor-v2-20260212.ckpt,electrochemical_metrics_alloys__pitting_potential__epit_mv_sce_avg,electrochemical_metrics_alloys,Pitting Potential,"Epit, mV (SCE) Avg.",,continuous,0,,median,False,,608,486,122,21,False,0,,,,,epit_pipeline_development_fold_2,0,0,0,0,True,,,normal_corrosion,207.80827415220085,285.3713058802669,0.4191130793881557,0.5600380115222819,0.6642602160311927,0.4082737450005664,0.5606591568250354,"environment,material,process_history","{""environment"": 3, ""material"": 17, ""process_history"": 1}","Composition, wt.% N:numeric_sparse_0.34;Composition, wt.% C:numeric_sparse_0.45;Composition, wt.% Si:numeric_sparse_0.44;Composition, wt.% Mn:numeric_sparse_0.41;Composition, wt.% Cu:numeric_sparse_0.19;Composition, wt.% P:numeric_sparse_0.23;Composition, wt.% S:numeric_sparse_0.25;Test Solution:high_cardinality;Heat treatment:categorical_sparse_0.54;Microstructures:categorical_sparse_0.28",,,,,,,,,,,,,,,,,,,,,,,step-7000,7000
2,catboost,catboost_regressor,catboost==1.2.10;iterations=1000;depth=6;learning_rate=0.03;l2_leaf_reg=3;thread_count=8,electrochemical_metrics_alloys__pitting_potential__epit_mv_sce_avg,electrochemical_metrics_alloys,Pitting Potential,"Epit, mV (SCE) Avg.",,continuous,0,,median,False,,608,486,122,21,False,0,,,,,epit_pipeline_development_fold_2,0,0,0,0,True,,,normal_corrosion,220.3852586003285,305.6460507027,0.3336405365220811,0.4912719438106525,0.5955699014113132,0.4329833123284302,0.600492248319376,"environment,material,process_history","{""environment"": 3, ""material"": 17, ""process_history"": 1}","Composition, wt.% N:numeric_sparse_0.34;Composition, wt.% C:numeric_sparse_0.45;Composition, wt.% Si:numeric_sparse_0.44;Composition, wt.% Mn:numeric_sparse_0.41;Composition, wt.% Cu:numeric_sparse_0.19;Composition, wt.% P:numeric_sparse_0.23;Composition, wt.% S:numeric_sparse_0.25;Test Solution:high_cardinality;Heat treatment:categorical_sparse_0.54;Microstructures:categorical_sparse_0.28",,,,,,,,,,,,,,,,,,,,,,,step-7000,7000
2,generic_baseline,local_tabicl_regressor,/home/fcolanto/projects/tabicl/checkpoints/tabicl_s1_regression_baseline/step-7500.ckpt,electrochemical_metrics_alloys__pitting_potential__epit_mv_sce_avg,electrochemical_metrics_alloys,Pitting Potential,"Epit, mV (SCE) Avg.",,continuous,0,,median,False,,608,486,122,21,False,0,,,,,epit_pipeline_development_fold_2,0,0,0,0,True,,,normal_corrosion,215.962089629916,293.3471705179785,0.386188812348419,0.6184830256161781,0.6381095399578695,0.4242932648907714,0.5763290628407659,"environment,material,process_history","{""environment"": 3, ""material"": 17, ""process_history"": 1}","Composition, wt.% N:numeric_sparse_0.34;Composition, wt.% C:numeric_sparse_0.45;Composition, wt.% Si:numeric_sparse_0.44;Composition, wt.% Mn:numeric_sparse_0.41;Composition, wt.% Cu:numeric_sparse_0.19;Composition, wt.% P:numeric_sparse_0.23;Composition, wt.% S:numeric_sparse_0.25;Test Solution:high_cardinality;Heat treatment:categorical_sparse_0.54;Microstructures:categorical_sparse_0.28",,,,,,,,,,,,,,,,,,,,,,,step-7500,7500
2,epit_scm_trial_0036,local_tabicl_regressor,/home/fcolanto/projects/tabicl/checkpoints/epit_pipeline_final_v1/final_epit_pipeline_optuna_empirical_features_scm_target_v6_trial_0036/step-7500.ckpt,electrochemical_metrics_alloys__pitting_potential__epit_mv_sce_avg,electrochemical_metrics_alloys,Pitting Potential,"Epit, mV (SCE) Avg.",,continuous,0,,median,False,,608,486,122,21,False,0,,,,,epit_pipeline_development_fold_2,0,0,0,0,True,,,normal_corrosion,219.1493773576472,307.216958568594,0.3267732508128997,0.5395835785757132,0.583355639787437,0.4305552190997846,0.6035785567932611,"environment,material,process_history","{""environment"": 3, ""material"": 17, ""process_history"": 1}","Composition, wt.% N:numeric_sparse_0.34;Composition, wt.% C:numeric_sparse_0.45;Composition, wt.% Si:numeric_sparse_0.44;Composition, wt.% Mn:numeric_sparse_0.41;Composition, wt.% Cu:numeric_sparse_0.19;Composition, wt.% P:numeric_sparse_0.23;Composition, wt.% S:numeric_sparse_0.25;Test Solution:high_cardinality;Heat treatment:categorical_sparse_0.54;Microstructures:categorical_sparse_0.28",,,,,,,,,,,,,,,,,,,,,,,step-7500,7500
2,pretrained_tabicl_v2,pretrained_tabicl_regressor,/home/fcolanto/.cache/huggingface/hub/models--jingang--TabICL/snapshots/4dcd344ece2c00be9e831fdd35bed57b5ad83e19/tabicl-regressor-v2-20260212.ckpt,electrochemical_metrics_alloys__pitting_potential__epit_mv_sce_avg,electrochemical_metrics_alloys,Pitting Potential,"Epit, mV (SCE) Avg.",,continuous,0,,median,False,,608,486,122,21,False,0,,,,,epit_pipeline_development_fold_2,0,0,0,0,True,,,normal_corrosion,207.80827415220085,285.3713058802669,0.4191130793881557,0.5600380115222819,0.6642602160311927,0.4082737450005664,0.5606591568250354,"environment,material,process_history","{""environment"": 3, ""material"": 17, ""process_history"": 1}","Composition, wt.% N:numeric_sparse_0.34;Composition, wt.% C:numeric_sparse_0.45;Composition, wt.% Si:numeric_sparse_0.44;Composition, wt.% Mn:numeric_sparse_0.41;Composition, wt.% Cu:numeric_sparse_0.19;Composition, wt.% P:numeric_sparse_0.23;Composition, wt.% S:numeric_sparse_0.25;Test Solution:high_cardinality;Heat treatment:categorical_sparse_0.54;Microstructures:categorical_sparse_0.28",,,,,,,,,,,,,,,,,,,,,,,step-7500,7500
2,catboost,catboost_regressor,catboost==1.2.10;iterations=1000;depth=6;learning_rate=0.03;l2_leaf_reg=3;thread_count=8,electrochemical_metrics_alloys__pitting_potential__epit_mv_sce_avg,electrochemical_metrics_alloys,Pitting Potential,"Epit, mV (SCE) Avg.",,continuous,0,,median,False,,608,486,122,21,False,0,,,,,epit_pipeline_development_fold_2,0,0,0,0,True,,,normal_corrosion,220.3852586003285,305.6460507027,0.3336405365220811,0.4912719438106525,0.5955699014113132,0.4329833123284302,0.600492248319376,"environment,material,process_history","{""environment"": 3, ""material"": 17, ""process_history"": 1}","Composition, wt.% N:numeric_sparse_0.34;Composition, wt.% C:numeric_sparse_0.45;Composition, wt.% Si:numeric_sparse_0.44;Composition, wt.% Mn:numeric_sparse_0.41;Composition, wt.% Cu:numeric_sparse_0.19;Composition, wt.% P:numeric_sparse_0.23;Composition, wt.% S:numeric_sparse_0.25;Test Solution:high_cardinality;Heat treatment:categorical_sparse_0.54;Microstructures:categorical_sparse_0.28",,,,,,,,,,,,,,,,,,,,,,,step-7500,7500
2,generic_baseline,local_tabicl_regressor,/home/fcolanto/projects/tabicl/checkpoints/tabicl_s1_regression_baseline/step-8000.ckpt,electrochemical_metrics_alloys__pitting_potential__epit_mv_sce_avg,electrochemical_metrics_alloys,Pitting Potential,"Epit, mV (SCE) Avg.",,continuous,0,,median,False,,608,486,122,21,False,0,,,,,epit_pipeline_development_fold_2,0,0,0,0,True,,,normal_corrosion,229.58174618459157,296.4092724473166,0.3733074045301139,0.5977675003763827,0.626143140112305,0.4510513341249458,0.5823450688316951,"environment,material,process_history","{""environment"": 3, ""material"": 17, ""process_history"": 1}","Composition, wt.% N:numeric_sparse_0.34;Composition, wt.% C:numeric_sparse_0.45;Composition, wt.% Si:numeric_sparse_0.44;Composition, wt.% Mn:numeric_sparse_0.41;Composition, wt.% Cu:numeric_sparse_0.19;Composition, wt.% P:numeric_sparse_0.23;Composition, wt.% S:numeric_sparse_0.25;Test Solution:high_cardinality;Heat treatment:categorical_sparse_0.54;Microstructures:categorical_sparse_0.28",,,,,,,,,,,,,,,,,,,,,,,step-8000,8000
2,epit_scm_trial_0036,local_tabicl_regressor,/home/fcolanto/projects/tabicl/checkpoints/epit_pipeline_final_v1/final_epit_pipeline_optuna_empirical_features_scm_target_v6_trial_0036/step-8000.ckpt,electrochemical_metrics_alloys__pitting_potential__epit_mv_sce_avg,electrochemical_metrics_alloys,Pitting Potential,"Epit, mV (SCE) Avg.",,continuous,0,,median,False,,608,486,122,21,False,0,,,,,epit_pipeline_development_fold_2,0,0,0,0,True,,,normal_corrosion,225.08656211106515,310.9929309487396,0.3101224260653301,0.5197967487080273,0.5745644381168482,0.4422198010993582,0.6109970794240378,"environment,material,process_history","{""environment"": 3, ""material"": 17, ""process_history"": 1}","Composition, wt.% N:numeric_sparse_0.34;Composition, wt.% C:numeric_sparse_0.45;Composition, wt.% Si:numeric_sparse_0.44;Composition, wt.% Mn:numeric_sparse_0.41;Composition, wt.% Cu:numeric_sparse_0.19;Composition, wt.% P:numeric_sparse_0.23;Composition, wt.% S:numeric_sparse_0.25;Test Solution:high_cardinality;Heat treatment:categorical_sparse_0.54;Microstructures:categorical_sparse_0.28",,,,,,,,,,,,,,,,,,,,,,,step-8000,8000
2,pretrained_tabicl_v2,pretrained_tabicl_regressor,/home/fcolanto/.cache/huggingface/hub/models--jingang--TabICL/snapshots/4dcd344ece2c00be9e831fdd35bed57b5ad83e19/tabicl-regressor-v2-20260212.ckpt,electrochemical_metrics_alloys__pitting_potential__epit_mv_sce_avg,electrochemical_metrics_alloys,Pitting Potential,"Epit, mV (SCE) Avg.",,continuous,0,,median,False,,608,486,122,21,False,0,,,,,epit_pipeline_development_fold_2,0,0,0,0,True,,,normal_corrosion,207.80827415220085,285.3713058802669,0.4191130793881557,0.5600380115222819,0.6642602160311927,0.4082737450005664,0.5606591568250354,"environment,material,process_history","{""environment"": 3, ""material"": 17, ""process_history"": 1}","Composition, wt.% N:numeric_sparse_0.34;Composition, wt.% C:numeric_sparse_0.45;Composition, wt.% Si:numeric_sparse_0.44;Composition, wt.% Mn:numeric_sparse_0.41;Composition, wt.% Cu:numeric_sparse_0.19;Composition, wt.% P:numeric_sparse_0.23;Composition, wt.% S:numeric_sparse_0.25;Test Solution:high_cardinality;Heat treatment:categorical_sparse_0.54;Microstructures:categorical_sparse_0.28",,,,,,,,,,,,,,,,,,,,,,,step-8000,8000
2,catboost,catboost_regressor,catboost==1.2.10;iterations=1000;depth=6;learning_rate=0.03;l2_leaf_reg=3;thread_count=8,electrochemical_metrics_alloys__pitting_potential__epit_mv_sce_avg,electrochemical_metrics_alloys,Pitting Potential,"Epit, mV (SCE) Avg.",,continuous,0,,median,False,,608,486,122,21,False,0,,,,,epit_pipeline_development_fold_2,0,0,0,0,True,,,normal_corrosion,220.3852586003285,305.6460507027,0.3336405365220811,0.4912719438106525,0.5955699014113132,0.4329833123284302,0.600492248319376,"environment,material,process_history","{""environment"": 3, ""material"": 17, ""process_history"": 1}","Composition, wt.% N:numeric_sparse_0.34;Composition, wt.% C:numeric_sparse_0.45;Composition, wt.% Si:numeric_sparse_0.44;Composition, wt.% Mn:numeric_sparse_0.41;Composition, wt.% Cu:numeric_sparse_0.19;Composition, wt.% P:numeric_sparse_0.23;Composition, wt.% S:numeric_sparse_0.25;Test Solution:high_cardinality;Heat treatment:categorical_sparse_0.54;Microstructures:categorical_sparse_0.28",,,,,,,,,,,,,,,,,,,,,,,step-8000,8000
2,generic_baseline,local_tabicl_regressor,/home/fcolanto/projects/tabicl/checkpoints/tabicl_s1_regression_baseline/step-8500.ckpt,electrochemical_metrics_alloys__pitting_potential__epit_mv_sce_avg,electrochemical_metrics_alloys,Pitting Potential,"Epit, mV (SCE) Avg.",,continuous,0,,median,False,,608,486,122,21,False,0,,,,,epit_pipeline_development_fold_2,0,0,0,0,True,,,normal_corrosion,227.92402092734332,301.73618057152777,0.3505798344954003,0.5937585769373476,0.6089221452172217,0.4477944585182362,0.5928106613978158,"environment,material,process_history","{""environment"": 3, ""material"": 17, ""process_history"": 1}","Composition, wt.% N:numeric_sparse_0.34;Composition, wt.% C:numeric_sparse_0.45;Composition, wt.% Si:numeric_sparse_0.44;Composition, wt.% Mn:numeric_sparse_0.41;Composition, wt.% Cu:numeric_sparse_0.19;Composition, wt.% P:numeric_sparse_0.23;Composition, wt.% S:numeric_sparse_0.25;Test Solution:high_cardinality;Heat treatment:categorical_sparse_0.54;Microstructures:categorical_sparse_0.28",,,,,,,,,,,,,,,,,,,,,,,step-8500,8500
2,epit_scm_trial_0036,local_tabicl_regressor,/home/fcolanto/projects/tabicl/checkpoints/epit_pipeline_final_v1/final_epit_pipeline_optuna_empirical_features_scm_target_v6_trial_0036/step-8500.ckpt,electrochemical_metrics_alloys__pitting_potential__epit_mv_sce_avg,electrochemical_metrics_alloys,Pitting Potential,"Epit, mV (SCE) Avg.",,continuous,0,,median,False,,608,486,122,21,False,0,,,,,epit_pipeline_development_fold_2,0,0,0,0,True,,,normal_corrosion,215.98350495014049,301.871096682057,0.3499989506853781,0.5529786047079548,0.5987931636050433,0.4243353388313982,0.5930757264243716,"environment,material,process_history","{""environment"": 3, ""material"": 17, ""process_history"": 1}","Composition, wt.% N:numeric_sparse_0.34;Composition, wt.% C:numeric_sparse_0.45;Composition, wt.% Si:numeric_sparse_0.44;Composition, wt.% Mn:numeric_sparse_0.41;Composition, wt.% Cu:numeric_sparse_0.19;Composition, wt.% P:numeric_sparse_0.23;Composition, wt.% S:numeric_sparse_0.25;Test Solution:high_cardinality;Heat treatment:categorical_sparse_0.54;Microstructures:categorical_sparse_0.28",,,,,,,,,,,,,,,,,,,,,,,step-8500,8500
2,pretrained_tabicl_v2,pretrained_tabicl_regressor,/home/fcolanto/.cache/huggingface/hub/models--jingang--TabICL/snapshots/4dcd344ece2c00be9e831fdd35bed57b5ad83e19/tabicl-regressor-v2-20260212.ckpt,electrochemical_metrics_alloys__pitting_potential__epit_mv_sce_avg,electrochemical_metrics_alloys,Pitting Potential,"Epit, mV (SCE) Avg.",,continuous,0,,median,False,,608,486,122,21,False,0,,,,,epit_pipeline_development_fold_2,0,0,0,0,True,,,normal_corrosion,207.80827415220085,285.3713058802669,0.4191130793881557,0.5600380115222819,0.6642602160311927,0.4082737450005664,0.5606591568250354,"environment,material,process_history","{""environment"": 3, ""material"": 17, ""process_history"": 1}","Composition, wt.% N:numeric_sparse_0.34;Composition, wt.% C:numeric_sparse_0.45;Composition, wt.% Si:numeric_sparse_0.44;Composition, wt.% Mn:numeric_sparse_0.41;Composition, wt.% Cu:numeric_sparse_0.19;Composition, wt.% P:numeric_sparse_0.23;Composition, wt.% S:numeric_sparse_0.25;Test Solution:high_cardinality;Heat treatment:categorical_sparse_0.54;Microstructures:categorical_sparse_0.28",,,,,,,,,,,,,,,,,,,,,,,step-8500,8500
2,catboost,catboost_regressor,catboost==1.2.10;iterations=1000;depth=6;learning_rate=0.03;l2_leaf_reg=3;thread_count=8,electrochemical_metrics_alloys__pitting_potential__epit_mv_sce_avg,electrochemical_metrics_alloys,Pitting Potential,"Epit, mV (SCE) Avg.",,continuous,0,,median,False,,608,486,122,21,False,0,,,,,epit_pipeline_development_fold_2,0,0,0,0,True,,,normal_corrosion,220.3852586003285,305.6460507027,0.3336405365220811,0.4912719438106525,0.5955699014113132,0.4329833123284302,0.600492248319376,"environment,material,process_history","{""environment"": 3, ""material"": 17, ""process_history"": 1}","Composition, wt.% N:numeric_sparse_0.34;Composition, wt.% C:numeric_sparse_0.45;Composition, wt.% Si:numeric_sparse_0.44;Composition, wt.% Mn:numeric_sparse_0.41;Composition, wt.% Cu:numeric_sparse_0.19;Composition, wt.% P:numeric_sparse_0.23;Composition, wt.% S:numeric_sparse_0.25;Test Solution:high_cardinality;Heat treatment:categorical_sparse_0.54;Microstructures:categorical_sparse_0.28",,,,,,,,,,,,,,,,,,,,,,,step-8500,8500
2,generic_baseline,local_tabicl_regressor,/home/fcolanto/projects/tabicl/checkpoints/tabicl_s1_regression_baseline/step-9000.ckpt,electrochemical_metrics_alloys__pitting_potential__epit_mv_sce_avg,electrochemical_metrics_alloys,Pitting Potential,"Epit, mV (SCE) Avg.",,continuous,0,,median,False,,608,486,122,21,False,0,,,,,epit_pipeline_development_fold_2,0,0,0,0,True,,,normal_corrosion,222.27756707492435,297.4350910421351,0.3689621602299803,0.6164471667221586,0.6244188814484876,0.4367010654870638,0.5843604592251066,"environment,material,process_history","{""environment"": 3, ""material"": 17, ""process_history"": 1}","Composition, wt.% N:numeric_sparse_0.34;Composition, wt.% C:numeric_sparse_0.45;Composition, wt.% Si:numeric_sparse_0.44;Composition, wt.% Mn:numeric_sparse_0.41;Composition, wt.% Cu:numeric_sparse_0.19;Composition, wt.% P:numeric_sparse_0.23;Composition, wt.% S:numeric_sparse_0.25;Test Solution:high_cardinality;Heat treatment:categorical_sparse_0.54;Microstructures:categorical_sparse_0.28",,,,,,,,,,,,,,,,,,,,,,,step-9000,9000
2,epit_scm_trial_0036,local_tabicl_regressor,/home/fcolanto/projects/tabicl/checkpoints/epit_pipeline_final_v1/final_epit_pipeline_optuna_empirical_features_scm_target_v6_trial_0036/step-9000.ckpt,electrochemical_metrics_alloys__pitting_potential__epit_mv_sce_avg,electrochemical_metrics_alloys,Pitting Potential,"Epit, mV (SCE) Avg.",,continuous,0,,median,False,,608,486,122,21,False,0,,,,,epit_pipeline_development_fold_2,0,0,0,0,True,,,normal_corrosion,222.70484226543408,311.7346671358842,0.3068277056010361,0.5069999213741907,0.5697752229870153,0.4375405183090793,0.6124543429144519,"environment,material,process_history","{""environment"": 3, ""material"": 17, ""process_history"": 1}","Composition, wt.% N:numeric_sparse_0.34;Composition, wt.% C:numeric_sparse_0.45;Composition, wt.% Si:numeric_sparse_0.44;Composition, wt.% Mn:numeric_sparse_0.41;Composition, wt.% Cu:numeric_sparse_0.19;Composition, wt.% P:numeric_sparse_0.23;Composition, wt.% S:numeric_sparse_0.25;Test Solution:high_cardinality;Heat treatment:categorical_sparse_0.54;Microstructures:categorical_sparse_0.28",,,,,,,,,,,,,,,,,,,,,,,step-9000,9000
2,pretrained_tabicl_v2,pretrained_tabicl_regressor,/home/fcolanto/.cache/huggingface/hub/models--jingang--TabICL/snapshots/4dcd344ece2c00be9e831fdd35bed57b5ad83e19/tabicl-regressor-v2-20260212.ckpt,electrochemical_metrics_alloys__pitting_potential__epit_mv_sce_avg,electrochemical_metrics_alloys,Pitting Potential,"Epit, mV (SCE) Avg.",,continuous,0,,median,False,,608,486,122,21,False,0,,,,,epit_pipeline_development_fold_2,0,0,0,0,True,,,normal_corrosion,207.80827415220085,285.3713058802669,0.4191130793881557,0.5600380115222819,0.6642602160311927,0.4082737450005664,0.5606591568250354,"environment,material,process_history","{""environment"": 3, ""material"": 17, ""process_history"": 1}","Composition, wt.% N:numeric_sparse_0.34;Composition, wt.% C:numeric_sparse_0.45;Composition, wt.% Si:numeric_sparse_0.44;Composition, wt.% Mn:numeric_sparse_0.41;Composition, wt.% Cu:numeric_sparse_0.19;Composition, wt.% P:numeric_sparse_0.23;Composition, wt.% S:numeric_sparse_0.25;Test Solution:high_cardinality;Heat treatment:categorical_sparse_0.54;Microstructures:categorical_sparse_0.28",,,,,,,,,,,,,,,,,,,,,,,step-9000,9000
2,catboost,catboost_regressor,catboost==1.2.10;iterations=1000;depth=6;learning_rate=0.03;l2_leaf_reg=3;thread_count=8,electrochemical_metrics_alloys__pitting_potential__epit_mv_sce_avg,electrochemical_metrics_alloys,Pitting Potential,"Epit, mV (SCE) Avg.",,continuous,0,,median,False,,608,486,122,21,False,0,,,,,epit_pipeline_development_fold_2,0,0,0,0,True,,,normal_corrosion,220.3852586003285,305.6460507027,0.3336405365220811,0.4912719438106525,0.5955699014113132,0.4329833123284302,0.600492248319376,"environment,material,process_history","{""environment"": 3, ""material"": 17, ""process_history"": 1}","Composition, wt.% N:numeric_sparse_0.34;Composition, wt.% C:numeric_sparse_0.45;Composition, wt.% Si:numeric_sparse_0.44;Composition, wt.% Mn:numeric_sparse_0.41;Composition, wt.% Cu:numeric_sparse_0.19;Composition, wt.% P:numeric_sparse_0.23;Composition, wt.% S:numeric_sparse_0.25;Test Solution:high_cardinality;Heat treatment:categorical_sparse_0.54;Microstructures:categorical_sparse_0.28",,,,,,,,,,,,,,,,,,,,,,,step-9000,9000
2,generic_baseline,local_tabicl_regressor,/home/fcolanto/projects/tabicl/checkpoints/tabicl_s1_regression_baseline/step-9500.ckpt,electrochemical_metrics_alloys__pitting_potential__epit_mv_sce_avg,electrochemical_metrics_alloys,Pitting Potential,"Epit, mV (SCE) Avg.",,continuous,0,,median,False,,608,486,122,21,False,0,,,,,epit_pipeline_development_fold_2,0,0,0,0,True,,,normal_corrosion,221.72646238862504,296.3564356070541,0.3735308085082283,0.6140114069739568,0.6286193085359233,0.435618329127885,0.5822412621149705,"environment,material,process_history","{""environment"": 3, ""material"": 17, ""process_history"": 1}","Composition, wt.% N:numeric_sparse_0.34;Composition, wt.% C:numeric_sparse_0.45;Composition, wt.% Si:numeric_sparse_0.44;Composition, wt.% Mn:numeric_sparse_0.41;Composition, wt.% Cu:numeric_sparse_0.19;Composition, wt.% P:numeric_sparse_0.23;Composition, wt.% S:numeric_sparse_0.25;Test Solution:high_cardinality;Heat treatment:categorical_sparse_0.54;Microstructures:categorical_sparse_0.28",,,,,,,,,,,,,,,,,,,,,,,step-9500,9500
2,epit_scm_trial_0036,local_tabicl_regressor,/home/fcolanto/projects/tabicl/checkpoints/epit_pipeline_final_v1/final_epit_pipeline_optuna_empirical_features_scm_target_v6_trial_0036/step-9500.ckpt,electrochemical_metrics_alloys__pitting_potential__epit_mv_sce_avg,electrochemical_metrics_alloys,Pitting Potential,"Epit, mV (SCE) Avg.",,continuous,0,,median,False,,608,486,122,21,False,0,,,,,epit_pipeline_development_fold_2,0,0,0,0,True,,,normal_corrosion,223.6425529292765,312.5233671197301,0.3033157665914399,0.5074031271941101,0.5670630534849636,0.4393828060910061,0.6140038745555781,"environment,material,process_history","{""environment"": 3, ""material"": 17, ""process_history"": 1}","Composition, wt.% N:numeric_sparse_0.34;Composition, wt.% C:numeric_sparse_0.45;Composition, wt.% Si:numeric_sparse_0.44;Composition, wt.% Mn:numeric_sparse_0.41;Composition, wt.% Cu:numeric_sparse_0.19;Composition, wt.% P:numeric_sparse_0.23;Composition, wt.% S:numeric_sparse_0.25;Test Solution:high_cardinality;Heat treatment:categorical_sparse_0.54;Microstructures:categorical_sparse_0.28",,,,,,,,,,,,,,,,,,,,,,,step-9500,9500
2,pretrained_tabicl_v2,pretrained_tabicl_regressor,/home/fcolanto/.cache/huggingface/hub/models--jingang--TabICL/snapshots/4dcd344ece2c00be9e831fdd35bed57b5ad83e19/tabicl-regressor-v2-20260212.ckpt,electrochemical_metrics_alloys__pitting_potential__epit_mv_sce_avg,electrochemical_metrics_alloys,Pitting Potential,"Epit, mV (SCE) Avg.",,continuous,0,,median,False,,608,486,122,21,False,0,,,,,epit_pipeline_development_fold_2,0,0,0,0,True,,,normal_corrosion,207.80827415220085,285.3713058802669,0.4191130793881557,0.5600380115222819,0.6642602160311927,0.4082737450005664,0.5606591568250354,"environment,material,process_history","{""environment"": 3, ""material"": 17, ""process_history"": 1}","Composition, wt.% N:numeric_sparse_0.34;Composition, wt.% C:numeric_sparse_0.45;Composition, wt.% Si:numeric_sparse_0.44;Composition, wt.% Mn:numeric_sparse_0.41;Composition, wt.% Cu:numeric_sparse_0.19;Composition, wt.% P:numeric_sparse_0.23;Composition, wt.% S:numeric_sparse_0.25;Test Solution:high_cardinality;Heat treatment:categorical_sparse_0.54;Microstructures:categorical_sparse_0.28",,,,,,,,,,,,,,,,,,,,,,,step-9500,9500
2,catboost,catboost_regressor,catboost==1.2.10;iterations=1000;depth=6;learning_rate=0.03;l2_leaf_reg=3;thread_count=8,electrochemical_metrics_alloys__pitting_potential__epit_mv_sce_avg,electrochemical_metrics_alloys,Pitting Potential,"Epit, mV (SCE) Avg.",,continuous,0,,median,False,,608,486,122,21,False,0,,,,,epit_pipeline_development_fold_2,0,0,0,0,True,,,normal_corrosion,220.3852586003285,305.6460507027,0.3336405365220811,0.4912719438106525,0.5955699014113132,0.4329833123284302,0.600492248319376,"environment,material,process_history","{""environment"": 3, ""material"": 17, ""process_history"": 1}","Composition, wt.% N:numeric_sparse_0.34;Composition, wt.% C:numeric_sparse_0.45;Composition, wt.% Si:numeric_sparse_0.44;Composition, wt.% Mn:numeric_sparse_0.41;Composition, wt.% Cu:numeric_sparse_0.19;Composition, wt.% P:numeric_sparse_0.23;Composition, wt.% S:numeric_sparse_0.25;Test Solution:high_cardinality;Heat treatment:categorical_sparse_0.54;Microstructures:categorical_sparse_0.28",,,,,,,,,,,,,,,,,,,,,,,step-9500,9500
2,generic_baseline,local_tabicl_regressor,/home/fcolanto/projects/tabicl/checkpoints/tabicl_s1_regression_baseline/step-10000.ckpt,electrochemical_metrics_alloys__pitting_potential__epit_mv_sce_avg,electrochemical_metrics_alloys,Pitting Potential,"Epit, mV (SCE) Avg.",,continuous,0,,median,False,,608,486,122,21,False,0,,,,,epit_pipeline_development_fold_2,0,0,0,0,True,,,normal_corrosion,222.54998161069693,297.46614761413826,0.3688303741976662,0.6110699874679871,0.6253750638274019,0.4372362689247816,0.5844214750003943,"environment,material,process_history","{""environment"": 3, ""material"": 17, ""process_history"": 1}","Composition, wt.% N:numeric_sparse_0.34;Composition, wt.% C:numeric_sparse_0.45;Composition, wt.% Si:numeric_sparse_0.44;Composition, wt.% Mn:numeric_sparse_0.41;Composition, wt.% Cu:numeric_sparse_0.19;Composition, wt.% P:numeric_sparse_0.23;Composition, wt.% S:numeric_sparse_0.25;Test Solution:high_cardinality;Heat treatment:categorical_sparse_0.54;Microstructures:categorical_sparse_0.28",,,,,,,,,,,,,,,,,,,,,,,step-10000,10000
2,epit_scm_trial_0036,local_tabicl_regressor,/home/fcolanto/projects/tabicl/checkpoints/epit_pipeline_final_v1/final_epit_pipeline_optuna_empirical_features_scm_target_v6_trial_0036/step-10000.ckpt,electrochemical_metrics_alloys__pitting_potential__epit_mv_sce_avg,electrochemical_metrics_alloys,Pitting Potential,"Epit, mV (SCE) Avg.",,continuous,0,,median,False,,608,486,122,21,False,0,,,,,epit_pipeline_development_fold_2,0,0,0,0,True,,,normal_corrosion,222.9312189509049,311.6028881872995,0.307413628301471,0.508361567257853,0.5697323985846181,0.4379852727710229,0.6121954413617087,"environment,material,process_history","{""environment"": 3, ""material"": 17, ""process_history"": 1}","Composition, wt.% N:numeric_sparse_0.34;Composition, wt.% C:numeric_sparse_0.45;Composition, wt.% Si:numeric_sparse_0.44;Composition, wt.% Mn:numeric_sparse_0.41;Composition, wt.% Cu:numeric_sparse_0.19;Composition, wt.% P:numeric_sparse_0.23;Composition, wt.% S:numeric_sparse_0.25;Test Solution:high_cardinality;Heat treatment:categorical_sparse_0.54;Microstructures:categorical_sparse_0.28",,,,,,,,,,,,,,,,,,,,,,,step-10000,10000
2,pretrained_tabicl_v2,pretrained_tabicl_regressor,/home/fcolanto/.cache/huggingface/hub/models--jingang--TabICL/snapshots/4dcd344ece2c00be9e831fdd35bed57b5ad83e19/tabicl-regressor-v2-20260212.ckpt,electrochemical_metrics_alloys__pitting_potential__epit_mv_sce_avg,electrochemical_metrics_alloys,Pitting Potential,"Epit, mV (SCE) Avg.",,continuous,0,,median,False,,608,486,122,21,False,0,,,,,epit_pipeline_development_fold_2,0,0,0,0,True,,,normal_corrosion,207.80827415220085,285.3713058802669,0.4191130793881557,0.5600380115222819,0.6642602160311927,0.4082737450005664,0.5606591568250354,"environment,material,process_history","{""environment"": 3, ""material"": 17, ""process_history"": 1}","Composition, wt.% N:numeric_sparse_0.34;Composition, wt.% C:numeric_sparse_0.45;Composition, wt.% Si:numeric_sparse_0.44;Composition, wt.% Mn:numeric_sparse_0.41;Composition, wt.% Cu:numeric_sparse_0.19;Composition, wt.% P:numeric_sparse_0.23;Composition, wt.% S:numeric_sparse_0.25;Test Solution:high_cardinality;Heat treatment:categorical_sparse_0.54;Microstructures:categorical_sparse_0.28",,,,,,,,,,,,,,,,,,,,,,,step-10000,10000
2,catboost,catboost_regressor,catboost==1.2.10;iterations=1000;depth=6;learning_rate=0.03;l2_leaf_reg=3;thread_count=8,electrochemical_metrics_alloys__pitting_potential__epit_mv_sce_avg,electrochemical_metrics_alloys,Pitting Potential,"Epit, mV (SCE) Avg.",,continuous,0,,median,False,,608,486,122,21,False,0,,,,,epit_pipeline_development_fold_2,0,0,0,0,True,,,normal_corrosion,220.3852586003285,305.6460507027,0.3336405365220811,0.4912719438106525,0.5955699014113132,0.4329833123284302,0.600492248319376,"environment,material,process_history","{""environment"": 3, ""material"": 17, ""process_history"": 1}","Composition, wt.% N:numeric_sparse_0.34;Composition, wt.% C:numeric_sparse_0.45;Composition, wt.% Si:numeric_sparse_0.44;Composition, wt.% Mn:numeric_sparse_0.41;Composition, wt.% Cu:numeric_sparse_0.19;Composition, wt.% P:numeric_sparse_0.23;Composition, wt.% S:numeric_sparse_0.25;Test Solution:high_cardinality;Heat treatment:categorical_sparse_0.54;Microstructures:categorical_sparse_0.28",,,,,,,,,,,,,,,,,,,,,,,step-10000,10000
3,generic_baseline,local_tabicl_regressor,/home/fcolanto/projects/tabicl/checkpoints/tabicl_s1_regression_baseline/step-500.ckpt,electrochemical_metrics_alloys__pitting_potential__epit_mv_sce_avg,electrochemical_metrics_alloys,Pitting Potential,"Epit, mV (SCE) Avg.",,continuous,0,,median,False,,608,486,122,21,False,0,,,,,epit_pipeline_development_fold_3,0,0,0,0,True,,,normal_corrosion,242.88519686138147,320.6524627419316,0.2518866363697161,0.581749018592722,0.5877027628153139,0.4682440200522087,0.6181669370308003,"environment,material,process_history","{""environment"": 3, ""material"": 17, ""process_history"": 1}","Composition, wt.% N:numeric_sparse_0.34;Composition, wt.% C:numeric_sparse_0.45;Composition, wt.% Si:numeric_sparse_0.44;Composition, wt.% Mn:numeric_sparse_0.41;Composition, wt.% Cu:numeric_sparse_0.19;Composition, wt.% P:numeric_sparse_0.23;Composition, wt.% S:numeric_sparse_0.25;Test Solution:high_cardinality;Heat treatment:categorical_sparse_0.54;Microstructures:categorical_sparse_0.28",,,,,,,,,,,,,,,,,,,,,,,step-500,500
3,epit_scm_trial_0036,local_tabicl_regressor,/home/fcolanto/projects/tabicl/checkpoints/epit_pipeline_final_v1/final_epit_pipeline_optuna_empirical_features_scm_target_v6_trial_0036/step-500.ckpt,electrochemical_metrics_alloys__pitting_potential__epit_mv_sce_avg,electrochemical_metrics_alloys,Pitting Potential,"Epit, mV (SCE) Avg.",,continuous,0,,median,False,,608,486,122,21,False,0,,,,,epit_pipeline_development_fold_3,0,0,0,0,True,,,normal_corrosion,242.30834420629412,307.56344968268064,0.3117159591091663,0.5716788047021962,0.5967283952435667,0.4671319399020543,0.592933402123865,"environment,material,process_history","{""environment"": 3, ""material"": 17, ""process_history"": 1}","Composition, wt.% N:numeric_sparse_0.34;Composition, wt.% C:numeric_sparse_0.45;Composition, wt.% Si:numeric_sparse_0.44;Composition, wt.% Mn:numeric_sparse_0.41;Composition, wt.% Cu:numeric_sparse_0.19;Composition, wt.% P:numeric_sparse_0.23;Composition, wt.% S:numeric_sparse_0.25;Test Solution:high_cardinality;Heat treatment:categorical_sparse_0.54;Microstructures:categorical_sparse_0.28",,,,,,,,,,,,,,,,,,,,,,,step-500,500
3,pretrained_tabicl_v2,pretrained_tabicl_regressor,/home/fcolanto/.cache/huggingface/hub/models--jingang--TabICL/snapshots/4dcd344ece2c00be9e831fdd35bed57b5ad83e19/tabicl-regressor-v2-20260212.ckpt,electrochemical_metrics_alloys__pitting_potential__epit_mv_sce_avg,electrochemical_metrics_alloys,Pitting Potential,"Epit, mV (SCE) Avg.",,continuous,0,,median,False,,608,486,122,21,False,0,,,,,epit_pipeline_development_fold_3,0,0,0,0,True,,,normal_corrosion,147.73902746228697,205.5124688962792,0.6926914763250632,0.7846405285170341,0.833511454750715,0.2848173418202422,0.3961953459920749,"environment,material,process_history","{""environment"": 3, ""material"": 17, ""process_history"": 1}","Composition, wt.% N:numeric_sparse_0.34;Composition, wt.% C:numeric_sparse_0.45;Composition, wt.% Si:numeric_sparse_0.44;Composition, wt.% Mn:numeric_sparse_0.41;Composition, wt.% Cu:numeric_sparse_0.19;Composition, wt.% P:numeric_sparse_0.23;Composition, wt.% S:numeric_sparse_0.25;Test Solution:high_cardinality;Heat treatment:categorical_sparse_0.54;Microstructures:categorical_sparse_0.28",,,,,,,,,,,,,,,,,,,,,,,step-500,500
3,catboost,catboost_regressor,catboost==1.2.10;iterations=1000;depth=6;learning_rate=0.03;l2_leaf_reg=3;thread_count=8,electrochemical_metrics_alloys__pitting_potential__epit_mv_sce_avg,electrochemical_metrics_alloys,Pitting Potential,"Epit, mV (SCE) Avg.",,continuous,0,,median,False,,608,486,122,21,False,0,,,,,epit_pipeline_development_fold_3,0,0,0,0,True,,,normal_corrosion,150.36678957921768,197.1535948556598,0.7171816047883497,0.8101561604970628,0.8491104201638314,0.2898832491430124,0.3800807666168508,"environment,material,process_history","{""environment"": 3, ""material"": 17, ""process_history"": 1}","Composition, wt.% N:numeric_sparse_0.34;Composition, wt.% C:numeric_sparse_0.45;Composition, wt.% Si:numeric_sparse_0.44;Composition, wt.% Mn:numeric_sparse_0.41;Composition, wt.% Cu:numeric_sparse_0.19;Composition, wt.% P:numeric_sparse_0.23;Composition, wt.% S:numeric_sparse_0.25;Test Solution:high_cardinality;Heat treatment:categorical_sparse_0.54;Microstructures:categorical_sparse_0.28",,,,,,,,,,,,,,,,,,,,,,,step-500,500
3,generic_baseline,local_tabicl_regressor,/home/fcolanto/projects/tabicl/checkpoints/tabicl_s1_regression_baseline/step-1000.ckpt,electrochemical_metrics_alloys__pitting_potential__epit_mv_sce_avg,electrochemical_metrics_alloys,Pitting Potential,"Epit, mV (SCE) Avg.",,continuous,0,,median,False,,608,486,122,21,False,0,,,,,epit_pipeline_development_fold_3,0,0,0,0,True,,,normal_corrosion,186.31815646023253,256.46278740592714,0.5214283485052724,0.6901451049666851,0.7226449782245723,0.359191765150868,0.4944194546252318,"environment,material,process_history","{""environment"": 3, ""material"": 17, ""process_history"": 1}","Composition, wt.% N:numeric_sparse_0.34;Composition, wt.% C:numeric_sparse_0.45;Composition, wt.% Si:numeric_sparse_0.44;Composition, wt.% Mn:numeric_sparse_0.41;Composition, wt.% Cu:numeric_sparse_0.19;Composition, wt.% P:numeric_sparse_0.23;Composition, wt.% S:numeric_sparse_0.25;Test Solution:high_cardinality;Heat treatment:categorical_sparse_0.54;Microstructures:categorical_sparse_0.28",,,,,,,,,,,,,,,,,,,,,,,step-1000,1000
3,epit_scm_trial_0036,local_tabicl_regressor,/home/fcolanto/projects/tabicl/checkpoints/epit_pipeline_final_v1/final_epit_pipeline_optuna_empirical_features_scm_target_v6_trial_0036/step-1000.ckpt,electrochemical_metrics_alloys__pitting_potential__epit_mv_sce_avg,electrochemical_metrics_alloys,Pitting Potential,"Epit, mV (SCE) Avg.",,continuous,0,,median,False,,608,486,122,21,False,0,,,,,epit_pipeline_development_fold_3,0,0,0,0,True,,,normal_corrosion,180.18229999726717,247.8572355757564,0.5530062444212602,0.7560955868129084,0.7454478320911108,0.3473628100156485,0.4778293197145954,"environment,material,process_history","{""environment"": 3, ""material"": 17, ""process_history"": 1}","Composition, wt.% N:numeric_sparse_0.34;Composition, wt.% C:numeric_sparse_0.45;Composition, wt.% Si:numeric_sparse_0.44;Composition, wt.% Mn:numeric_sparse_0.41;Composition, wt.% Cu:numeric_sparse_0.19;Composition, wt.% P:numeric_sparse_0.23;Composition, wt.% S:numeric_sparse_0.25;Test Solution:high_cardinality;Heat treatment:categorical_sparse_0.54;Microstructures:categorical_sparse_0.28",,,,,,,,,,,,,,,,,,,,,,,step-1000,1000
3,pretrained_tabicl_v2,pretrained_tabicl_regressor,/home/fcolanto/.cache/huggingface/hub/models--jingang--TabICL/snapshots/4dcd344ece2c00be9e831fdd35bed57b5ad83e19/tabicl-regressor-v2-20260212.ckpt,electrochemical_metrics_alloys__pitting_potential__epit_mv_sce_avg,electrochemical_metrics_alloys,Pitting Potential,"Epit, mV (SCE) Avg.",,continuous,0,,median,False,,608,486,122,21,False,0,,,,,epit_pipeline_development_fold_3,0,0,0,0,True,,,normal_corrosion,147.73902746228697,205.5124688962792,0.6926914763250632,0.7846405285170341,0.833511454750715,0.2848173418202422,0.3961953459920749,"environment,material,process_history","{""environment"": 3, ""material"": 17, ""process_history"": 1}","Composition, wt.% N:numeric_sparse_0.34;Composition, wt.% C:numeric_sparse_0.45;Composition, wt.% Si:numeric_sparse_0.44;Composition, wt.% Mn:numeric_sparse_0.41;Composition, wt.% Cu:numeric_sparse_0.19;Composition, wt.% P:numeric_sparse_0.23;Composition, wt.% S:numeric_sparse_0.25;Test Solution:high_cardinality;Heat treatment:categorical_sparse_0.54;Microstructures:categorical_sparse_0.28",,,,,,,,,,,,,,,,,,,,,,,step-1000,1000
3,catboost,catboost_regressor,catboost==1.2.10;iterations=1000;depth=6;learning_rate=0.03;l2_leaf_reg=3;thread_count=8,electrochemical_metrics_alloys__pitting_potential__epit_mv_sce_avg,electrochemical_metrics_alloys,Pitting Potential,"Epit, mV (SCE) Avg.",,continuous,0,,median,False,,608,486,122,21,False,0,,,,,epit_pipeline_development_fold_3,0,0,0,0,True,,,normal_corrosion,150.36678957921768,197.1535948556598,0.7171816047883497,0.8101561604970628,0.8491104201638314,0.2898832491430124,0.3800807666168508,"environment,material,process_history","{""environment"": 3, ""material"": 17, ""process_history"": 1}","Composition, wt.% N:numeric_sparse_0.34;Composition, wt.% C:numeric_sparse_0.45;Composition, wt.% Si:numeric_sparse_0.44;Composition, wt.% Mn:numeric_sparse_0.41;Composition, wt.% Cu:numeric_sparse_0.19;Composition, wt.% P:numeric_sparse_0.23;Composition, wt.% S:numeric_sparse_0.25;Test Solution:high_cardinality;Heat treatment:categorical_sparse_0.54;Microstructures:categorical_sparse_0.28",,,,,,,,,,,,,,,,,,,,,,,step-1000,1000
3,generic_baseline,local_tabicl_regressor,/home/fcolanto/projects/tabicl/checkpoints/tabicl_s1_regression_baseline/step-1500.ckpt,electrochemical_metrics_alloys__pitting_potential__epit_mv_sce_avg,electrochemical_metrics_alloys,Pitting Potential,"Epit, mV (SCE) Avg.",,continuous,0,,median,False,,608,486,122,21,False,0,,,,,epit_pipeline_development_fold_3,0,0,0,0,True,,,normal_corrosion,197.1980480906689,269.03597842360466,0.4733537720181778,0.6251861111963257,0.7105694587961757,0.3801664653820863,0.518658566695786,"environment,material,process_history","{""environment"": 3, ""material"": 17, ""process_history"": 1}","Composition, wt.% N:numeric_sparse_0.34;Composition, wt.% C:numeric_sparse_0.45;Composition, wt.% Si:numeric_sparse_0.44;Composition, wt.% Mn:numeric_sparse_0.41;Composition, wt.% Cu:numeric_sparse_0.19;Composition, wt.% P:numeric_sparse_0.23;Composition, wt.% S:numeric_sparse_0.25;Test Solution:high_cardinality;Heat treatment:categorical_sparse_0.54;Microstructures:categorical_sparse_0.28",,,,,,,,,,,,,,,,,,,,,,,step-1500,1500
3,epit_scm_trial_0036,local_tabicl_regressor,/home/fcolanto/projects/tabicl/checkpoints/epit_pipeline_final_v1/final_epit_pipeline_optuna_empirical_features_scm_target_v6_trial_0036/step-1500.ckpt,electrochemical_metrics_alloys__pitting_potential__epit_mv_sce_avg,electrochemical_metrics_alloys,Pitting Potential,"Epit, mV (SCE) Avg.",,continuous,0,,median,False,,608,486,122,21,False,0,,,,,epit_pipeline_development_fold_3,0,0,0,0,True,,,normal_corrosion,189.56613343334692,247.74755912671029,0.55340174500908,0.7251942084484789,0.7486090731785646,0.3654533480492118,0.4776178809687598,"environment,material,process_history","{""environment"": 3, ""material"": 17, ""process_history"": 1}","Composition, wt.% N:numeric_sparse_0.34;Composition, wt.% C:numeric_sparse_0.45;Composition, wt.% Si:numeric_sparse_0.44;Composition, wt.% Mn:numeric_sparse_0.41;Composition, wt.% Cu:numeric_sparse_0.19;Composition, wt.% P:numeric_sparse_0.23;Composition, wt.% S:numeric_sparse_0.25;Test Solution:high_cardinality;Heat treatment:categorical_sparse_0.54;Microstructures:categorical_sparse_0.28",,,,,,,,,,,,,,,,,,,,,,,step-1500,1500
3,pretrained_tabicl_v2,pretrained_tabicl_regressor,/home/fcolanto/.cache/huggingface/hub/models--jingang--TabICL/snapshots/4dcd344ece2c00be9e831fdd35bed57b5ad83e19/tabicl-regressor-v2-20260212.ckpt,electrochemical_metrics_alloys__pitting_potential__epit_mv_sce_avg,electrochemical_metrics_alloys,Pitting Potential,"Epit, mV (SCE) Avg.",,continuous,0,,median,False,,608,486,122,21,False,0,,,,,epit_pipeline_development_fold_3,0,0,0,0,True,,,normal_corrosion,147.73902746228697,205.5124688962792,0.6926914763250632,0.7846405285170341,0.833511454750715,0.2848173418202422,0.3961953459920749,"environment,material,process_history","{""environment"": 3, ""material"": 17, ""process_history"": 1}","Composition, wt.% N:numeric_sparse_0.34;Composition, wt.% C:numeric_sparse_0.45;Composition, wt.% Si:numeric_sparse_0.44;Composition, wt.% Mn:numeric_sparse_0.41;Composition, wt.% Cu:numeric_sparse_0.19;Composition, wt.% P:numeric_sparse_0.23;Composition, wt.% S:numeric_sparse_0.25;Test Solution:high_cardinality;Heat treatment:categorical_sparse_0.54;Microstructures:categorical_sparse_0.28",,,,,,,,,,,,,,,,,,,,,,,step-1500,1500
3,catboost,catboost_regressor,catboost==1.2.10;iterations=1000;depth=6;learning_rate=0.03;l2_leaf_reg=3;thread_count=8,electrochemical_metrics_alloys__pitting_potential__epit_mv_sce_avg,electrochemical_metrics_alloys,Pitting Potential,"Epit, mV (SCE) Avg.",,continuous,0,,median,False,,608,486,122,21,False,0,,,,,epit_pipeline_development_fold_3,0,0,0,0,True,,,normal_corrosion,150.36678957921768,197.1535948556598,0.7171816047883497,0.8101561604970628,0.8491104201638314,0.2898832491430124,0.3800807666168508,"environment,material,process_history","{""environment"": 3, ""material"": 17, ""process_history"": 1}","Composition, wt.% N:numeric_sparse_0.34;Composition, wt.% C:numeric_sparse_0.45;Composition, wt.% Si:numeric_sparse_0.44;Composition, wt.% Mn:numeric_sparse_0.41;Composition, wt.% Cu:numeric_sparse_0.19;Composition, wt.% P:numeric_sparse_0.23;Composition, wt.% S:numeric_sparse_0.25;Test Solution:high_cardinality;Heat treatment:categorical_sparse_0.54;Microstructures:categorical_sparse_0.28",,,,,,,,,,,,,,,,,,,,,,,step-1500,1500
3,generic_baseline,local_tabicl_regressor,/home/fcolanto/projects/tabicl/checkpoints/tabicl_s1_regression_baseline/step-2000.ckpt,electrochemical_metrics_alloys__pitting_potential__epit_mv_sce_avg,electrochemical_metrics_alloys,Pitting Potential,"Epit, mV (SCE) Avg.",,continuous,0,,median,False,,608,486,122,21,False,0,,,,,epit_pipeline_development_fold_3,0,0,0,0,True,,,normal_corrosion,208.12745624226423,271.67767319937514,0.4629605973799436,0.6118671213772188,0.7088079829816495,0.4012366255887418,0.5237513339683162,"environment,material,process_history","{""environment"": 3, ""material"": 17, ""process_history"": 1}","Composition, wt.% N:numeric_sparse_0.34;Composition, wt.% C:numeric_sparse_0.45;Composition, wt.% Si:numeric_sparse_0.44;Composition, wt.% Mn:numeric_sparse_0.41;Composition, wt.% Cu:numeric_sparse_0.19;Composition, wt.% P:numeric_sparse_0.23;Composition, wt.% S:numeric_sparse_0.25;Test Solution:high_cardinality;Heat treatment:categorical_sparse_0.54;Microstructures:categorical_sparse_0.28",,,,,,,,,,,,,,,,,,,,,,,step-2000,2000
3,epit_scm_trial_0036,local_tabicl_regressor,/home/fcolanto/projects/tabicl/checkpoints/epit_pipeline_final_v1/final_epit_pipeline_optuna_empirical_features_scm_target_v6_trial_0036/step-2000.ckpt,electrochemical_metrics_alloys__pitting_potential__epit_mv_sce_avg,electrochemical_metrics_alloys,Pitting Potential,"Epit, mV (SCE) Avg.",,continuous,0,,median,False,,608,486,122,21,False,0,,,,,epit_pipeline_development_fold_3,0,0,0,0,True,,,normal_corrosion,180.77266263614712,241.10107151673355,0.5770426912542957,0.7541126106611803,0.7641801469710873,0.3485009352653135,0.4648045102160791,"environment,material,process_history","{""environment"": 3, ""material"": 17, ""process_history"": 1}","Composition, wt.% N:numeric_sparse_0.34;Composition, wt.% C:numeric_sparse_0.45;Composition, wt.% Si:numeric_sparse_0.44;Composition, wt.% Mn:numeric_sparse_0.41;Composition, wt.% Cu:numeric_sparse_0.19;Composition, wt.% P:numeric_sparse_0.23;Composition, wt.% S:numeric_sparse_0.25;Test Solution:high_cardinality;Heat treatment:categorical_sparse_0.54;Microstructures:categorical_sparse_0.28",,,,,,,,,,,,,,,,,,,,,,,step-2000,2000
3,pretrained_tabicl_v2,pretrained_tabicl_regressor,/home/fcolanto/.cache/huggingface/hub/models--jingang--TabICL/snapshots/4dcd344ece2c00be9e831fdd35bed57b5ad83e19/tabicl-regressor-v2-20260212.ckpt,electrochemical_metrics_alloys__pitting_potential__epit_mv_sce_avg,electrochemical_metrics_alloys,Pitting Potential,"Epit, mV (SCE) Avg.",,continuous,0,,median,False,,608,486,122,21,False,0,,,,,epit_pipeline_development_fold_3,0,0,0,0,True,,,normal_corrosion,147.73902746228697,205.5124688962792,0.6926914763250632,0.7846405285170341,0.833511454750715,0.2848173418202422,0.3961953459920749,"environment,material,process_history","{""environment"": 3, ""material"": 17, ""process_history"": 1}","Composition, wt.% N:numeric_sparse_0.34;Composition, wt.% C:numeric_sparse_0.45;Composition, wt.% Si:numeric_sparse_0.44;Composition, wt.% Mn:numeric_sparse_0.41;Composition, wt.% Cu:numeric_sparse_0.19;Composition, wt.% P:numeric_sparse_0.23;Composition, wt.% S:numeric_sparse_0.25;Test Solution:high_cardinality;Heat treatment:categorical_sparse_0.54;Microstructures:categorical_sparse_0.28",,,,,,,,,,,,,,,,,,,,,,,step-2000,2000
3,catboost,catboost_regressor,catboost==1.2.10;iterations=1000;depth=6;learning_rate=0.03;l2_leaf_reg=3;thread_count=8,electrochemical_metrics_alloys__pitting_potential__epit_mv_sce_avg,electrochemical_metrics_alloys,Pitting Potential,"Epit, mV (SCE) Avg.",,continuous,0,,median,False,,608,486,122,21,False,0,,,,,epit_pipeline_development_fold_3,0,0,0,0,True,,,normal_corrosion,150.36678957921768,197.1535948556598,0.7171816047883497,0.8101561604970628,0.8491104201638314,0.2898832491430124,0.3800807666168508,"environment,material,process_history","{""environment"": 3, ""material"": 17, ""process_history"": 1}","Composition, wt.% N:numeric_sparse_0.34;Composition, wt.% C:numeric_sparse_0.45;Composition, wt.% Si:numeric_sparse_0.44;Composition, wt.% Mn:numeric_sparse_0.41;Composition, wt.% Cu:numeric_sparse_0.19;Composition, wt.% P:numeric_sparse_0.23;Composition, wt.% S:numeric_sparse_0.25;Test Solution:high_cardinality;Heat treatment:categorical_sparse_0.54;Microstructures:categorical_sparse_0.28",,,,,,,,,,,,,,,,,,,,,,,step-2000,2000
3,generic_baseline,local_tabicl_regressor,/home/fcolanto/projects/tabicl/checkpoints/tabicl_s1_regression_baseline/step-2500.ckpt,electrochemical_metrics_alloys__pitting_potential__epit_mv_sce_avg,electrochemical_metrics_alloys,Pitting Potential,"Epit, mV (SCE) Avg.",,continuous,0,,median,False,,608,486,122,21,False,0,,,,,epit_pipeline_development_fold_3,0,0,0,0,True,,,normal_corrosion,185.7651764065789,258.26395071325913,0.5146826321976612,0.6515299493720335,0.7299690959748637,0.3581257075784947,0.4978918109429245,"environment,material,process_history","{""environment"": 3, ""material"": 17, ""process_history"": 1}","Composition, wt.% N:numeric_sparse_0.34;Composition, wt.% C:numeric_sparse_0.45;Composition, wt.% Si:numeric_sparse_0.44;Composition, wt.% Mn:numeric_sparse_0.41;Composition, wt.% Cu:numeric_sparse_0.19;Composition, wt.% P:numeric_sparse_0.23;Composition, wt.% S:numeric_sparse_0.25;Test Solution:high_cardinality;Heat treatment:categorical_sparse_0.54;Microstructures:categorical_sparse_0.28",,,,,,,,,,,,,,,,,,,,,,,step-2500,2500
3,epit_scm_trial_0036,local_tabicl_regressor,/home/fcolanto/projects/tabicl/checkpoints/epit_pipeline_final_v1/final_epit_pipeline_optuna_empirical_features_scm_target_v6_trial_0036/step-2500.ckpt,electrochemical_metrics_alloys__pitting_potential__epit_mv_sce_avg,electrochemical_metrics_alloys,Pitting Potential,"Epit, mV (SCE) Avg.",,continuous,0,,median,False,,608,486,122,21,False,0,,,,,epit_pipeline_development_fold_3,0,0,0,0,True,,,normal_corrosion,176.37468969610651,237.04333360603636,0.5911596557966738,0.7361765913687999,0.7714145793645477,0.3400223430903415,0.4569818370512445,"environment,material,process_history","{""environment"": 3, ""material"": 17, ""process_history"": 1}","Composition, wt.% N:numeric_sparse_0.34;Composition, wt.% C:numeric_sparse_0.45;Composition, wt.% Si:numeric_sparse_0.44;Composition, wt.% Mn:numeric_sparse_0.41;Composition, wt.% Cu:numeric_sparse_0.19;Composition, wt.% P:numeric_sparse_0.23;Composition, wt.% S:numeric_sparse_0.25;Test Solution:high_cardinality;Heat treatment:categorical_sparse_0.54;Microstructures:categorical_sparse_0.28",,,,,,,,,,,,,,,,,,,,,,,step-2500,2500
3,pretrained_tabicl_v2,pretrained_tabicl_regressor,/home/fcolanto/.cache/huggingface/hub/models--jingang--TabICL/snapshots/4dcd344ece2c00be9e831fdd35bed57b5ad83e19/tabicl-regressor-v2-20260212.ckpt,electrochemical_metrics_alloys__pitting_potential__epit_mv_sce_avg,electrochemical_metrics_alloys,Pitting Potential,"Epit, mV (SCE) Avg.",,continuous,0,,median,False,,608,486,122,21,False,0,,,,,epit_pipeline_development_fold_3,0,0,0,0,True,,,normal_corrosion,147.73902746228697,205.5124688962792,0.6926914763250632,0.7846405285170341,0.833511454750715,0.2848173418202422,0.3961953459920749,"environment,material,process_history","{""environment"": 3, ""material"": 17, ""process_history"": 1}","Composition, wt.% N:numeric_sparse_0.34;Composition, wt.% C:numeric_sparse_0.45;Composition, wt.% Si:numeric_sparse_0.44;Composition, wt.% Mn:numeric_sparse_0.41;Composition, wt.% Cu:numeric_sparse_0.19;Composition, wt.% P:numeric_sparse_0.23;Composition, wt.% S:numeric_sparse_0.25;Test Solution:high_cardinality;Heat treatment:categorical_sparse_0.54;Microstructures:categorical_sparse_0.28",,,,,,,,,,,,,,,,,,,,,,,step-2500,2500
3,catboost,catboost_regressor,catboost==1.2.10;iterations=1000;depth=6;learning_rate=0.03;l2_leaf_reg=3;thread_count=8,electrochemical_metrics_alloys__pitting_potential__epit_mv_sce_avg,electrochemical_metrics_alloys,Pitting Potential,"Epit, mV (SCE) Avg.",,continuous,0,,median,False,,608,486,122,21,False,0,,,,,epit_pipeline_development_fold_3,0,0,0,0,True,,,normal_corrosion,150.36678957921768,197.1535948556598,0.7171816047883497,0.8101561604970628,0.8491104201638314,0.2898832491430124,0.3800807666168508,"environment,material,process_history","{""environment"": 3, ""material"": 17, ""process_history"": 1}","Composition, wt.% N:numeric_sparse_0.34;Composition, wt.% C:numeric_sparse_0.45;Composition, wt.% Si:numeric_sparse_0.44;Composition, wt.% Mn:numeric_sparse_0.41;Composition, wt.% Cu:numeric_sparse_0.19;Composition, wt.% P:numeric_sparse_0.23;Composition, wt.% S:numeric_sparse_0.25;Test Solution:high_cardinality;Heat treatment:categorical_sparse_0.54;Microstructures:categorical_sparse_0.28",,,,,,,,,,,,,,,,,,,,,,,step-2500,2500
3,generic_baseline,local_tabicl_regressor,/home/fcolanto/projects/tabicl/checkpoints/tabicl_s1_regression_baseline/step-3000.ckpt,electrochemical_metrics_alloys__pitting_potential__epit_mv_sce_avg,electrochemical_metrics_alloys,Pitting Potential,"Epit, mV (SCE) Avg.",,continuous,0,,median,False,,608,486,122,21,False,0,,,,,epit_pipeline_development_fold_3,0,0,0,0,True,,,normal_corrosion,174.15350694747048,243.64560119878576,0.568067977390268,0.6928981368573341,0.7575696191974126,0.3357402561087889,0.4697099586454715,"environment,material,process_history","{""environment"": 3, ""material"": 17, ""process_history"": 1}","Composition, wt.% N:numeric_sparse_0.34;Composition, wt.% C:numeric_sparse_0.45;Composition, wt.% Si:numeric_sparse_0.44;Composition, wt.% Mn:numeric_sparse_0.41;Composition, wt.% Cu:numeric_sparse_0.19;Composition, wt.% P:numeric_sparse_0.23;Composition, wt.% S:numeric_sparse_0.25;Test Solution:high_cardinality;Heat treatment:categorical_sparse_0.54;Microstructures:categorical_sparse_0.28",,,,,,,,,,,,,,,,,,,,,,,step-3000,3000
3,epit_scm_trial_0036,local_tabicl_regressor,/home/fcolanto/projects/tabicl/checkpoints/epit_pipeline_final_v1/final_epit_pipeline_optuna_empirical_features_scm_target_v6_trial_0036/step-3000.ckpt,electrochemical_metrics_alloys__pitting_potential__epit_mv_sce_avg,electrochemical_metrics_alloys,Pitting Potential,"Epit, mV (SCE) Avg.",,continuous,0,,median,False,,608,486,122,21,False,0,,,,,epit_pipeline_development_fold_3,0,0,0,0,True,,,normal_corrosion,163.78654318871833,231.3204430189857,0.6106624570578307,0.7236574019308897,0.7851099827567832,0.3157543992148257,0.4459490144279339,"environment,material,process_history","{""environment"": 3, ""material"": 17, ""process_history"": 1}","Composition, wt.% N:numeric_sparse_0.34;Composition, wt.% C:numeric_sparse_0.45;Composition, wt.% Si:numeric_sparse_0.44;Composition, wt.% Mn:numeric_sparse_0.41;Composition, wt.% Cu:numeric_sparse_0.19;Composition, wt.% P:numeric_sparse_0.23;Composition, wt.% S:numeric_sparse_0.25;Test Solution:high_cardinality;Heat treatment:categorical_sparse_0.54;Microstructures:categorical_sparse_0.28",,,,,,,,,,,,,,,,,,,,,,,step-3000,3000
3,pretrained_tabicl_v2,pretrained_tabicl_regressor,/home/fcolanto/.cache/huggingface/hub/models--jingang--TabICL/snapshots/4dcd344ece2c00be9e831fdd35bed57b5ad83e19/tabicl-regressor-v2-20260212.ckpt,electrochemical_metrics_alloys__pitting_potential__epit_mv_sce_avg,electrochemical_metrics_alloys,Pitting Potential,"Epit, mV (SCE) Avg.",,continuous,0,,median,False,,608,486,122,21,False,0,,,,,epit_pipeline_development_fold_3,0,0,0,0,True,,,normal_corrosion,147.73902746228697,205.5124688962792,0.6926914763250632,0.7846405285170341,0.833511454750715,0.2848173418202422,0.3961953459920749,"environment,material,process_history","{""environment"": 3, ""material"": 17, ""process_history"": 1}","Composition, wt.% N:numeric_sparse_0.34;Composition, wt.% C:numeric_sparse_0.45;Composition, wt.% Si:numeric_sparse_0.44;Composition, wt.% Mn:numeric_sparse_0.41;Composition, wt.% Cu:numeric_sparse_0.19;Composition, wt.% P:numeric_sparse_0.23;Composition, wt.% S:numeric_sparse_0.25;Test Solution:high_cardinality;Heat treatment:categorical_sparse_0.54;Microstructures:categorical_sparse_0.28",,,,,,,,,,,,,,,,,,,,,,,step-3000,3000
3,catboost,catboost_regressor,catboost==1.2.10;iterations=1000;depth=6;learning_rate=0.03;l2_leaf_reg=3;thread_count=8,electrochemical_metrics_alloys__pitting_potential__epit_mv_sce_avg,electrochemical_metrics_alloys,Pitting Potential,"Epit, mV (SCE) Avg.",,continuous,0,,median,False,,608,486,122,21,False,0,,,,,epit_pipeline_development_fold_3,0,0,0,0,True,,,normal_corrosion,150.36678957921768,197.1535948556598,0.7171816047883497,0.8101561604970628,0.8491104201638314,0.2898832491430124,0.3800807666168508,"environment,material,process_history","{""environment"": 3, ""material"": 17, ""process_history"": 1}","Composition, wt.% N:numeric_sparse_0.34;Composition, wt.% C:numeric_sparse_0.45;Composition, wt.% Si:numeric_sparse_0.44;Composition, wt.% Mn:numeric_sparse_0.41;Composition, wt.% Cu:numeric_sparse_0.19;Composition, wt.% P:numeric_sparse_0.23;Composition, wt.% S:numeric_sparse_0.25;Test Solution:high_cardinality;Heat treatment:categorical_sparse_0.54;Microstructures:categorical_sparse_0.28",,,,,,,,,,,,,,,,,,,,,,,step-3000,3000
3,generic_baseline,local_tabicl_regressor,/home/fcolanto/projects/tabicl/checkpoints/tabicl_s1_regression_baseline/step-3500.ckpt,electrochemical_metrics_alloys__pitting_potential__epit_mv_sce_avg,electrochemical_metrics_alloys,Pitting Potential,"Epit, mV (SCE) Avg.",,continuous,0,,median,False,,608,486,122,21,False,0,,,,,epit_pipeline_development_fold_3,0,0,0,0,True,,,normal_corrosion,194.1456028520844,249.07228564207892,0.5486129812045552,0.6986652924986101,0.7581342191809655,0.3742818365616656,0.4801717429457003,"environment,material,process_history","{""environment"": 3, ""material"": 17, ""process_history"": 1}","Composition, wt.% N:numeric_sparse_0.34;Composition, wt.% C:numeric_sparse_0.45;Composition, wt.% Si:numeric_sparse_0.44;Composition, wt.% Mn:numeric_sparse_0.41;Composition, wt.% Cu:numeric_sparse_0.19;Composition, wt.% P:numeric_sparse_0.23;Composition, wt.% S:numeric_sparse_0.25;Test Solution:high_cardinality;Heat treatment:categorical_sparse_0.54;Microstructures:categorical_sparse_0.28",,,,,,,,,,,,,,,,,,,,,,,step-3500,3500
3,epit_scm_trial_0036,local_tabicl_regressor,/home/fcolanto/projects/tabicl/checkpoints/epit_pipeline_final_v1/final_epit_pipeline_optuna_empirical_features_scm_target_v6_trial_0036/step-3500.ckpt,electrochemical_metrics_alloys__pitting_potential__epit_mv_sce_avg,electrochemical_metrics_alloys,Pitting Potential,"Epit, mV (SCE) Avg.",,continuous,0,,median,False,,608,486,122,21,False,0,,,,,epit_pipeline_development_fold_3,0,0,0,0,True,,,normal_corrosion,179.78393541927022,244.28240335504643,0.5658071962405593,0.719625350422376,0.76968492814613,0.3465948264832715,0.4709376118967958,"environment,material,process_history","{""environment"": 3, ""material"": 17, ""process_history"": 1}","Composition, wt.% N:numeric_sparse_0.34;Composition, wt.% C:numeric_sparse_0.45;Composition, wt.% Si:numeric_sparse_0.44;Composition, wt.% Mn:numeric_sparse_0.41;Composition, wt.% Cu:numeric_sparse_0.19;Composition, wt.% P:numeric_sparse_0.23;Composition, wt.% S:numeric_sparse_0.25;Test Solution:high_cardinality;Heat treatment:categorical_sparse_0.54;Microstructures:categorical_sparse_0.28",,,,,,,,,,,,,,,,,,,,,,,step-3500,3500
3,pretrained_tabicl_v2,pretrained_tabicl_regressor,/home/fcolanto/.cache/huggingface/hub/models--jingang--TabICL/snapshots/4dcd344ece2c00be9e831fdd35bed57b5ad83e19/tabicl-regressor-v2-20260212.ckpt,electrochemical_metrics_alloys__pitting_potential__epit_mv_sce_avg,electrochemical_metrics_alloys,Pitting Potential,"Epit, mV (SCE) Avg.",,continuous,0,,median,False,,608,486,122,21,False,0,,,,,epit_pipeline_development_fold_3,0,0,0,0,True,,,normal_corrosion,147.73902746228697,205.5124688962792,0.6926914763250632,0.7846405285170341,0.833511454750715,0.2848173418202422,0.3961953459920749,"environment,material,process_history","{""environment"": 3, ""material"": 17, ""process_history"": 1}","Composition, wt.% N:numeric_sparse_0.34;Composition, wt.% C:numeric_sparse_0.45;Composition, wt.% Si:numeric_sparse_0.44;Composition, wt.% Mn:numeric_sparse_0.41;Composition, wt.% Cu:numeric_sparse_0.19;Composition, wt.% P:numeric_sparse_0.23;Composition, wt.% S:numeric_sparse_0.25;Test Solution:high_cardinality;Heat treatment:categorical_sparse_0.54;Microstructures:categorical_sparse_0.28",,,,,,,,,,,,,,,,,,,,,,,step-3500,3500
3,catboost,catboost_regressor,catboost==1.2.10;iterations=1000;depth=6;learning_rate=0.03;l2_leaf_reg=3;thread_count=8,electrochemical_metrics_alloys__pitting_potential__epit_mv_sce_avg,electrochemical_metrics_alloys,Pitting Potential,"Epit, mV (SCE) Avg.",,continuous,0,,median,False,,608,486,122,21,False,0,,,,,epit_pipeline_development_fold_3,0,0,0,0,True,,,normal_corrosion,150.36678957921768,197.1535948556598,0.7171816047883497,0.8101561604970628,0.8491104201638314,0.2898832491430124,0.3800807666168508,"environment,material,process_history","{""environment"": 3, ""material"": 17, ""process_history"": 1}","Composition, wt.% N:numeric_sparse_0.34;Composition, wt.% C:numeric_sparse_0.45;Composition, wt.% Si:numeric_sparse_0.44;Composition, wt.% Mn:numeric_sparse_0.41;Composition, wt.% Cu:numeric_sparse_0.19;Composition, wt.% P:numeric_sparse_0.23;Composition, wt.% S:numeric_sparse_0.25;Test Solution:high_cardinality;Heat treatment:categorical_sparse_0.54;Microstructures:categorical_sparse_0.28",,,,,,,,,,,,,,,,,,,,,,,step-3500,3500
3,generic_baseline,local_tabicl_regressor,/home/fcolanto/projects/tabicl/checkpoints/tabicl_s1_regression_baseline/step-4000.ckpt,electrochemical_metrics_alloys__pitting_potential__epit_mv_sce_avg,electrochemical_metrics_alloys,Pitting Potential,"Epit, mV (SCE) Avg.",,continuous,0,,median,False,,608,486,122,21,False,0,,,,,epit_pipeline_development_fold_3,0,0,0,0,True,,,normal_corrosion,179.15598381164426,242.41229817293103,0.5724296800457604,0.690614409322594,0.7662737422582899,0.3453842356817216,0.4673323466121686,"environment,material,process_history","{""environment"": 3, ""material"": 17, ""process_history"": 1}","Composition, wt.% N:numeric_sparse_0.34;Composition, wt.% C:numeric_sparse_0.45;Composition, wt.% Si:numeric_sparse_0.44;Composition, wt.% Mn:numeric_sparse_0.41;Composition, wt.% Cu:numeric_sparse_0.19;Composition, wt.% P:numeric_sparse_0.23;Composition, wt.% S:numeric_sparse_0.25;Test Solution:high_cardinality;Heat treatment:categorical_sparse_0.54;Microstructures:categorical_sparse_0.28",,,,,,,,,,,,,,,,,,,,,,,step-4000,4000
3,epit_scm_trial_0036,local_tabicl_regressor,/home/fcolanto/projects/tabicl/checkpoints/epit_pipeline_final_v1/final_epit_pipeline_optuna_empirical_features_scm_target_v6_trial_0036/step-4000.ckpt,electrochemical_metrics_alloys__pitting_potential__epit_mv_sce_avg,electrochemical_metrics_alloys,Pitting Potential,"Epit, mV (SCE) Avg.",,continuous,0,,median,False,,608,486,122,21,False,0,,,,,epit_pipeline_development_fold_3,0,0,0,0,True,,,normal_corrosion,167.0776136784681,227.8639440722279,0.6222108564426165,0.7519544716160494,0.7984640709620164,0.3220990595576918,0.4392854343372138,"environment,material,process_history","{""environment"": 3, ""material"": 17, ""process_history"": 1}","Composition, wt.% N:numeric_sparse_0.34;Composition, wt.% C:numeric_sparse_0.45;Composition, wt.% Si:numeric_sparse_0.44;Composition, wt.% Mn:numeric_sparse_0.41;Composition, wt.% Cu:numeric_sparse_0.19;Composition, wt.% P:numeric_sparse_0.23;Composition, wt.% S:numeric_sparse_0.25;Test Solution:high_cardinality;Heat treatment:categorical_sparse_0.54;Microstructures:categorical_sparse_0.28",,,,,,,,,,,,,,,,,,,,,,,step-4000,4000
3,pretrained_tabicl_v2,pretrained_tabicl_regressor,/home/fcolanto/.cache/huggingface/hub/models--jingang--TabICL/snapshots/4dcd344ece2c00be9e831fdd35bed57b5ad83e19/tabicl-regressor-v2-20260212.ckpt,electrochemical_metrics_alloys__pitting_potential__epit_mv_sce_avg,electrochemical_metrics_alloys,Pitting Potential,"Epit, mV (SCE) Avg.",,continuous,0,,median,False,,608,486,122,21,False,0,,,,,epit_pipeline_development_fold_3,0,0,0,0,True,,,normal_corrosion,147.73902746228697,205.5124688962792,0.6926914763250632,0.7846405285170341,0.833511454750715,0.2848173418202422,0.3961953459920749,"environment,material,process_history","{""environment"": 3, ""material"": 17, ""process_history"": 1}","Composition, wt.% N:numeric_sparse_0.34;Composition, wt.% C:numeric_sparse_0.45;Composition, wt.% Si:numeric_sparse_0.44;Composition, wt.% Mn:numeric_sparse_0.41;Composition, wt.% Cu:numeric_sparse_0.19;Composition, wt.% P:numeric_sparse_0.23;Composition, wt.% S:numeric_sparse_0.25;Test Solution:high_cardinality;Heat treatment:categorical_sparse_0.54;Microstructures:categorical_sparse_0.28",,,,,,,,,,,,,,,,,,,,,,,step-4000,4000
3,catboost,catboost_regressor,catboost==1.2.10;iterations=1000;depth=6;learning_rate=0.03;l2_leaf_reg=3;thread_count=8,electrochemical_metrics_alloys__pitting_potential__epit_mv_sce_avg,electrochemical_metrics_alloys,Pitting Potential,"Epit, mV (SCE) Avg.",,continuous,0,,median,False,,608,486,122,21,False,0,,,,,epit_pipeline_development_fold_3,0,0,0,0,True,,,normal_corrosion,150.36678957921768,197.1535948556598,0.7171816047883497,0.8101561604970628,0.8491104201638314,0.2898832491430124,0.3800807666168508,"environment,material,process_history","{""environment"": 3, ""material"": 17, ""process_history"": 1}","Composition, wt.% N:numeric_sparse_0.34;Composition, wt.% C:numeric_sparse_0.45;Composition, wt.% Si:numeric_sparse_0.44;Composition, wt.% Mn:numeric_sparse_0.41;Composition, wt.% Cu:numeric_sparse_0.19;Composition, wt.% P:numeric_sparse_0.23;Composition, wt.% S:numeric_sparse_0.25;Test Solution:high_cardinality;Heat treatment:categorical_sparse_0.54;Microstructures:categorical_sparse_0.28",,,,,,,,,,,,,,,,,,,,,,,step-4000,4000
3,generic_baseline,local_tabicl_regressor,/home/fcolanto/projects/tabicl/checkpoints/tabicl_s1_regression_baseline/step-4500.ckpt,electrochemical_metrics_alloys__pitting_potential__epit_mv_sce_avg,electrochemical_metrics_alloys,Pitting Potential,"Epit, mV (SCE) Avg.",,continuous,0,,median,False,,608,486,122,21,False,0,,,,,epit_pipeline_development_fold_3,0,0,0,0,True,,,normal_corrosion,191.0670828571945,246.4063705129169,0.5582240021415679,0.6896691906902704,0.7518734286885377,0.3683469397592019,0.4750322826849367,"environment,material,process_history","{""environment"": 3, ""material"": 17, ""process_history"": 1}","Composition, wt.% N:numeric_sparse_0.34;Composition, wt.% C:numeric_sparse_0.45;Composition, wt.% Si:numeric_sparse_0.44;Composition, wt.% Mn:numeric_sparse_0.41;Composition, wt.% Cu:numeric_sparse_0.19;Composition, wt.% P:numeric_sparse_0.23;Composition, wt.% S:numeric_sparse_0.25;Test Solution:high_cardinality;Heat treatment:categorical_sparse_0.54;Microstructures:categorical_sparse_0.28",,,,,,,,,,,,,,,,,,,,,,,step-4500,4500
3,epit_scm_trial_0036,local_tabicl_regressor,/home/fcolanto/projects/tabicl/checkpoints/epit_pipeline_final_v1/final_epit_pipeline_optuna_empirical_features_scm_target_v6_trial_0036/step-4500.ckpt,electrochemical_metrics_alloys__pitting_potential__epit_mv_sce_avg,electrochemical_metrics_alloys,Pitting Potential,"Epit, mV (SCE) Avg.",,continuous,0,,median,False,,608,486,122,21,False,0,,,,,epit_pipeline_development_fold_3,0,0,0,0,True,,,normal_corrosion,168.27814273820647,231.85405469231617,0.6088641319249444,0.7290808417058661,0.7858126231843997,0.3244134885981829,0.4469777328442712,"environment,material,process_history","{""environment"": 3, ""material"": 17, ""process_history"": 1}","Composition, wt.% N:numeric_sparse_0.34;Composition, wt.% C:numeric_sparse_0.45;Composition, wt.% Si:numeric_sparse_0.44;Composition, wt.% Mn:numeric_sparse_0.41;Composition, wt.% Cu:numeric_sparse_0.19;Composition, wt.% P:numeric_sparse_0.23;Composition, wt.% S:numeric_sparse_0.25;Test Solution:high_cardinality;Heat treatment:categorical_sparse_0.54;Microstructures:categorical_sparse_0.28",,,,,,,,,,,,,,,,,,,,,,,step-4500,4500
3,pretrained_tabicl_v2,pretrained_tabicl_regressor,/home/fcolanto/.cache/huggingface/hub/models--jingang--TabICL/snapshots/4dcd344ece2c00be9e831fdd35bed57b5ad83e19/tabicl-regressor-v2-20260212.ckpt,electrochemical_metrics_alloys__pitting_potential__epit_mv_sce_avg,electrochemical_metrics_alloys,Pitting Potential,"Epit, mV (SCE) Avg.",,continuous,0,,median,False,,608,486,122,21,False,0,,,,,epit_pipeline_development_fold_3,0,0,0,0,True,,,normal_corrosion,147.73902746228697,205.5124688962792,0.6926914763250632,0.7846405285170341,0.833511454750715,0.2848173418202422,0.3961953459920749,"environment,material,process_history","{""environment"": 3, ""material"": 17, ""process_history"": 1}","Composition, wt.% N:numeric_sparse_0.34;Composition, wt.% C:numeric_sparse_0.45;Composition, wt.% Si:numeric_sparse_0.44;Composition, wt.% Mn:numeric_sparse_0.41;Composition, wt.% Cu:numeric_sparse_0.19;Composition, wt.% P:numeric_sparse_0.23;Composition, wt.% S:numeric_sparse_0.25;Test Solution:high_cardinality;Heat treatment:categorical_sparse_0.54;Microstructures:categorical_sparse_0.28",,,,,,,,,,,,,,,,,,,,,,,step-4500,4500
3,catboost,catboost_regressor,catboost==1.2.10;iterations=1000;depth=6;learning_rate=0.03;l2_leaf_reg=3;thread_count=8,electrochemical_metrics_alloys__pitting_potential__epit_mv_sce_avg,electrochemical_metrics_alloys,Pitting Potential,"Epit, mV (SCE) Avg.",,continuous,0,,median,False,,608,486,122,21,False,0,,,,,epit_pipeline_development_fold_3,0,0,0,0,True,,,normal_corrosion,150.36678957921768,197.1535948556598,0.7171816047883497,0.8101561604970628,0.8491104201638314,0.2898832491430124,0.3800807666168508,"environment,material,process_history","{""environment"": 3, ""material"": 17, ""process_history"": 1}","Composition, wt.% N:numeric_sparse_0.34;Composition, wt.% C:numeric_sparse_0.45;Composition, wt.% Si:numeric_sparse_0.44;Composition, wt.% Mn:numeric_sparse_0.41;Composition, wt.% Cu:numeric_sparse_0.19;Composition, wt.% P:numeric_sparse_0.23;Composition, wt.% S:numeric_sparse_0.25;Test Solution:high_cardinality;Heat treatment:categorical_sparse_0.54;Microstructures:categorical_sparse_0.28",,,,,,,,,,,,,,,,,,,,,,,step-4500,4500
3,generic_baseline,local_tabicl_regressor,/home/fcolanto/projects/tabicl/checkpoints/tabicl_s1_regression_baseline/step-5000.ckpt,electrochemical_metrics_alloys__pitting_potential__epit_mv_sce_avg,electrochemical_metrics_alloys,Pitting Potential,"Epit, mV (SCE) Avg.",,continuous,0,,median,False,,608,486,122,21,False,0,,,,,epit_pipeline_development_fold_3,0,0,0,0,True,,,normal_corrosion,191.0002894015369,236.03265231626747,0.5946385673061174,0.7256569028838822,0.7890874150525853,0.3682181726025599,0.45503340430924,"environment,material,process_history","{""environment"": 3, ""material"": 17, ""process_history"": 1}","Composition, wt.% N:numeric_sparse_0.34;Composition, wt.% C:numeric_sparse_0.45;Composition, wt.% Si:numeric_sparse_0.44;Composition, wt.% Mn:numeric_sparse_0.41;Composition, wt.% Cu:numeric_sparse_0.19;Composition, wt.% P:numeric_sparse_0.23;Composition, wt.% S:numeric_sparse_0.25;Test Solution:high_cardinality;Heat treatment:categorical_sparse_0.54;Microstructures:categorical_sparse_0.28",,,,,,,,,,,,,,,,,,,,,,,step-5000,5000
3,epit_scm_trial_0036,local_tabicl_regressor,/home/fcolanto/projects/tabicl/checkpoints/epit_pipeline_final_v1/final_epit_pipeline_optuna_empirical_features_scm_target_v6_trial_0036/step-5000.ckpt,electrochemical_metrics_alloys__pitting_potential__epit_mv_sce_avg,electrochemical_metrics_alloys,Pitting Potential,"Epit, mV (SCE) Avg.",,continuous,0,,median,False,,608,486,122,21,False,0,,,,,epit_pipeline_development_fold_3,0,0,0,0,True,,,normal_corrosion,160.30610734582046,228.60482433452975,0.619750163937739,0.7376836532441131,0.7936385869633737,0.3090446725963592,0.4407137336196751,"environment,material,process_history","{""environment"": 3, ""material"": 17, ""process_history"": 1}","Composition, wt.% N:numeric_sparse_0.34;Composition, wt.% C:numeric_sparse_0.45;Composition, wt.% Si:numeric_sparse_0.44;Composition, wt.% Mn:numeric_sparse_0.41;Composition, wt.% Cu:numeric_sparse_0.19;Composition, wt.% P:numeric_sparse_0.23;Composition, wt.% S:numeric_sparse_0.25;Test Solution:high_cardinality;Heat treatment:categorical_sparse_0.54;Microstructures:categorical_sparse_0.28",,,,,,,,,,,,,,,,,,,,,,,step-5000,5000
3,pretrained_tabicl_v2,pretrained_tabicl_regressor,/home/fcolanto/.cache/huggingface/hub/models--jingang--TabICL/snapshots/4dcd344ece2c00be9e831fdd35bed57b5ad83e19/tabicl-regressor-v2-20260212.ckpt,electrochemical_metrics_alloys__pitting_potential__epit_mv_sce_avg,electrochemical_metrics_alloys,Pitting Potential,"Epit, mV (SCE) Avg.",,continuous,0,,median,False,,608,486,122,21,False,0,,,,,epit_pipeline_development_fold_3,0,0,0,0,True,,,normal_corrosion,147.73902746228697,205.5124688962792,0.6926914763250632,0.7846405285170341,0.833511454750715,0.2848173418202422,0.3961953459920749,"environment,material,process_history","{""environment"": 3, ""material"": 17, ""process_history"": 1}","Composition, wt.% N:numeric_sparse_0.34;Composition, wt.% C:numeric_sparse_0.45;Composition, wt.% Si:numeric_sparse_0.44;Composition, wt.% Mn:numeric_sparse_0.41;Composition, wt.% Cu:numeric_sparse_0.19;Composition, wt.% P:numeric_sparse_0.23;Composition, wt.% S:numeric_sparse_0.25;Test Solution:high_cardinality;Heat treatment:categorical_sparse_0.54;Microstructures:categorical_sparse_0.28",,,,,,,,,,,,,,,,,,,,,,,step-5000,5000
3,catboost,catboost_regressor,catboost==1.2.10;iterations=1000;depth=6;learning_rate=0.03;l2_leaf_reg=3;thread_count=8,electrochemical_metrics_alloys__pitting_potential__epit_mv_sce_avg,electrochemical_metrics_alloys,Pitting Potential,"Epit, mV (SCE) Avg.",,continuous,0,,median,False,,608,486,122,21,False,0,,,,,epit_pipeline_development_fold_3,0,0,0,0,True,,,normal_corrosion,150.36678957921768,197.1535948556598,0.7171816047883497,0.8101561604970628,0.8491104201638314,0.2898832491430124,0.3800807666168508,"environment,material,process_history","{""environment"": 3, ""material"": 17, ""process_history"": 1}","Composition, wt.% N:numeric_sparse_0.34;Composition, wt.% C:numeric_sparse_0.45;Composition, wt.% Si:numeric_sparse_0.44;Composition, wt.% Mn:numeric_sparse_0.41;Composition, wt.% Cu:numeric_sparse_0.19;Composition, wt.% P:numeric_sparse_0.23;Composition, wt.% S:numeric_sparse_0.25;Test Solution:high_cardinality;Heat treatment:categorical_sparse_0.54;Microstructures:categorical_sparse_0.28",,,,,,,,,,,,,,,,,,,,,,,step-5000,5000
3,generic_baseline,local_tabicl_regressor,/home/fcolanto/projects/tabicl/checkpoints/tabicl_s1_regression_baseline/step-5500.ckpt,electrochemical_metrics_alloys__pitting_potential__epit_mv_sce_avg,electrochemical_metrics_alloys,Pitting Potential,"Epit, mV (SCE) Avg.",,continuous,0,,median,False,,608,486,122,21,False,0,,,,,epit_pipeline_development_fold_3,0,0,0,0,True,,,normal_corrosion,178.67315456449788,238.398260723893,0.586472478714269,0.7021751602871689,0.7750948500275057,0.3444534177043229,0.459593920985306,"environment,material,process_history","{""environment"": 3, ""material"": 17, ""process_history"": 1}","Composition, wt.% N:numeric_sparse_0.34;Composition, wt.% C:numeric_sparse_0.45;Composition, wt.% Si:numeric_sparse_0.44;Composition, wt.% Mn:numeric_sparse_0.41;Composition, wt.% Cu:numeric_sparse_0.19;Composition, wt.% P:numeric_sparse_0.23;Composition, wt.% S:numeric_sparse_0.25;Test Solution:high_cardinality;Heat treatment:categorical_sparse_0.54;Microstructures:categorical_sparse_0.28",,,,,,,,,,,,,,,,,,,,,,,step-5500,5500
3,epit_scm_trial_0036,local_tabicl_regressor,/home/fcolanto/projects/tabicl/checkpoints/epit_pipeline_final_v1/final_epit_pipeline_optuna_empirical_features_scm_target_v6_trial_0036/step-5500.ckpt,electrochemical_metrics_alloys__pitting_potential__epit_mv_sce_avg,electrochemical_metrics_alloys,Pitting Potential,"Epit, mV (SCE) Avg.",,continuous,0,,median,False,,608,486,122,21,False,0,,,,,epit_pipeline_development_fold_3,0,0,0,0,True,,,normal_corrosion,161.93525272355805,224.13301665300477,0.6344810261099152,0.7465872161653722,0.7985625995732195,0.3121854057113406,0.4320927998091529,"environment,material,process_history","{""environment"": 3, ""material"": 17, ""process_history"": 1}","Composition, wt.% N:numeric_sparse_0.34;Composition, wt.% C:numeric_sparse_0.45;Composition, wt.% Si:numeric_sparse_0.44;Composition, wt.% Mn:numeric_sparse_0.41;Composition, wt.% Cu:numeric_sparse_0.19;Composition, wt.% P:numeric_sparse_0.23;Composition, wt.% S:numeric_sparse_0.25;Test Solution:high_cardinality;Heat treatment:categorical_sparse_0.54;Microstructures:categorical_sparse_0.28",,,,,,,,,,,,,,,,,,,,,,,step-5500,5500
3,pretrained_tabicl_v2,pretrained_tabicl_regressor,/home/fcolanto/.cache/huggingface/hub/models--jingang--TabICL/snapshots/4dcd344ece2c00be9e831fdd35bed57b5ad83e19/tabicl-regressor-v2-20260212.ckpt,electrochemical_metrics_alloys__pitting_potential__epit_mv_sce_avg,electrochemical_metrics_alloys,Pitting Potential,"Epit, mV (SCE) Avg.",,continuous,0,,median,False,,608,486,122,21,False,0,,,,,epit_pipeline_development_fold_3,0,0,0,0,True,,,normal_corrosion,147.73902746228697,205.5124688962792,0.6926914763250632,0.7846405285170341,0.833511454750715,0.2848173418202422,0.3961953459920749,"environment,material,process_history","{""environment"": 3, ""material"": 17, ""process_history"": 1}","Composition, wt.% N:numeric_sparse_0.34;Composition, wt.% C:numeric_sparse_0.45;Composition, wt.% Si:numeric_sparse_0.44;Composition, wt.% Mn:numeric_sparse_0.41;Composition, wt.% Cu:numeric_sparse_0.19;Composition, wt.% P:numeric_sparse_0.23;Composition, wt.% S:numeric_sparse_0.25;Test Solution:high_cardinality;Heat treatment:categorical_sparse_0.54;Microstructures:categorical_sparse_0.28",,,,,,,,,,,,,,,,,,,,,,,step-5500,5500
3,catboost,catboost_regressor,catboost==1.2.10;iterations=1000;depth=6;learning_rate=0.03;l2_leaf_reg=3;thread_count=8,electrochemical_metrics_alloys__pitting_potential__epit_mv_sce_avg,electrochemical_metrics_alloys,Pitting Potential,"Epit, mV (SCE) Avg.",,continuous,0,,median,False,,608,486,122,21,False,0,,,,,epit_pipeline_development_fold_3,0,0,0,0,True,,,normal_corrosion,150.36678957921768,197.1535948556598,0.7171816047883497,0.8101561604970628,0.8491104201638314,0.2898832491430124,0.3800807666168508,"environment,material,process_history","{""environment"": 3, ""material"": 17, ""process_history"": 1}","Composition, wt.% N:numeric_sparse_0.34;Composition, wt.% C:numeric_sparse_0.45;Composition, wt.% Si:numeric_sparse_0.44;Composition, wt.% Mn:numeric_sparse_0.41;Composition, wt.% Cu:numeric_sparse_0.19;Composition, wt.% P:numeric_sparse_0.23;Composition, wt.% S:numeric_sparse_0.25;Test Solution:high_cardinality;Heat treatment:categorical_sparse_0.54;Microstructures:categorical_sparse_0.28",,,,,,,,,,,,,,,,,,,,,,,step-5500,5500
3,generic_baseline,local_tabicl_regressor,/home/fcolanto/projects/tabicl/checkpoints/tabicl_s1_regression_baseline/step-6000.ckpt,electrochemical_metrics_alloys__pitting_potential__epit_mv_sce_avg,electrochemical_metrics_alloys,Pitting Potential,"Epit, mV (SCE) Avg.",,continuous,0,,median,False,,608,486,122,21,False,0,,,,,epit_pipeline_development_fold_3,0,0,0,0,True,,,normal_corrosion,177.10859040053944,241.232235506011,0.5765823709594342,0.7024395571073991,0.7680281793260689,0.3414371868955774,0.4650573735211262,"environment,material,process_history","{""environment"": 3, ""material"": 17, ""process_history"": 1}","Composition, wt.% N:numeric_sparse_0.34;Composition, wt.% C:numeric_sparse_0.45;Composition, wt.% Si:numeric_sparse_0.44;Composition, wt.% Mn:numeric_sparse_0.41;Composition, wt.% Cu:numeric_sparse_0.19;Composition, wt.% P:numeric_sparse_0.23;Composition, wt.% S:numeric_sparse_0.25;Test Solution:high_cardinality;Heat treatment:categorical_sparse_0.54;Microstructures:categorical_sparse_0.28",,,,,,,,,,,,,,,,,,,,,,,step-6000,6000
3,epit_scm_trial_0036,local_tabicl_regressor,/home/fcolanto/projects/tabicl/checkpoints/epit_pipeline_final_v1/final_epit_pipeline_optuna_empirical_features_scm_target_v6_trial_0036/step-6000.ckpt,electrochemical_metrics_alloys__pitting_potential__epit_mv_sce_avg,electrochemical_metrics_alloys,Pitting Potential,"Epit, mV (SCE) Avg.",,continuous,0,,median,False,,608,486,122,21,False,0,,,,,epit_pipeline_development_fold_3,0,0,0,0,True,,,normal_corrosion,164.7217100579827,225.45478594996703,0.6301571978788927,0.7354329753119018,0.7951258393745687,0.3175572521673417,0.4346409607394562,"environment,material,process_history","{""environment"": 3, ""material"": 17, ""process_history"": 1}","Composition, wt.% N:numeric_sparse_0.34;Composition, wt.% C:numeric_sparse_0.45;Composition, wt.% Si:numeric_sparse_0.44;Composition, wt.% Mn:numeric_sparse_0.41;Composition, wt.% Cu:numeric_sparse_0.19;Composition, wt.% P:numeric_sparse_0.23;Composition, wt.% S:numeric_sparse_0.25;Test Solution:high_cardinality;Heat treatment:categorical_sparse_0.54;Microstructures:categorical_sparse_0.28",,,,,,,,,,,,,,,,,,,,,,,step-6000,6000
3,pretrained_tabicl_v2,pretrained_tabicl_regressor,/home/fcolanto/.cache/huggingface/hub/models--jingang--TabICL/snapshots/4dcd344ece2c00be9e831fdd35bed57b5ad83e19/tabicl-regressor-v2-20260212.ckpt,electrochemical_metrics_alloys__pitting_potential__epit_mv_sce_avg,electrochemical_metrics_alloys,Pitting Potential,"Epit, mV (SCE) Avg.",,continuous,0,,median,False,,608,486,122,21,False,0,,,,,epit_pipeline_development_fold_3,0,0,0,0,True,,,normal_corrosion,147.73902746228697,205.5124688962792,0.6926914763250632,0.7846405285170341,0.833511454750715,0.2848173418202422,0.3961953459920749,"environment,material,process_history","{""environment"": 3, ""material"": 17, ""process_history"": 1}","Composition, wt.% N:numeric_sparse_0.34;Composition, wt.% C:numeric_sparse_0.45;Composition, wt.% Si:numeric_sparse_0.44;Composition, wt.% Mn:numeric_sparse_0.41;Composition, wt.% Cu:numeric_sparse_0.19;Composition, wt.% P:numeric_sparse_0.23;Composition, wt.% S:numeric_sparse_0.25;Test Solution:high_cardinality;Heat treatment:categorical_sparse_0.54;Microstructures:categorical_sparse_0.28",,,,,,,,,,,,,,,,,,,,,,,step-6000,6000
3,catboost,catboost_regressor,catboost==1.2.10;iterations=1000;depth=6;learning_rate=0.03;l2_leaf_reg=3;thread_count=8,electrochemical_metrics_alloys__pitting_potential__epit_mv_sce_avg,electrochemical_metrics_alloys,Pitting Potential,"Epit, mV (SCE) Avg.",,continuous,0,,median,False,,608,486,122,21,False,0,,,,,epit_pipeline_development_fold_3,0,0,0,0,True,,,normal_corrosion,150.36678957921768,197.1535948556598,0.7171816047883497,0.8101561604970628,0.8491104201638314,0.2898832491430124,0.3800807666168508,"environment,material,process_history","{""environment"": 3, ""material"": 17, ""process_history"": 1}","Composition, wt.% N:numeric_sparse_0.34;Composition, wt.% C:numeric_sparse_0.45;Composition, wt.% Si:numeric_sparse_0.44;Composition, wt.% Mn:numeric_sparse_0.41;Composition, wt.% Cu:numeric_sparse_0.19;Composition, wt.% P:numeric_sparse_0.23;Composition, wt.% S:numeric_sparse_0.25;Test Solution:high_cardinality;Heat treatment:categorical_sparse_0.54;Microstructures:categorical_sparse_0.28",,,,,,,,,,,,,,,,,,,,,,,step-6000,6000
3,generic_baseline,local_tabicl_regressor,/home/fcolanto/projects/tabicl/checkpoints/tabicl_s1_regression_baseline/step-6500.ckpt,electrochemical_metrics_alloys__pitting_potential__epit_mv_sce_avg,electrochemical_metrics_alloys,Pitting Potential,"Epit, mV (SCE) Avg.",,continuous,0,,median,False,,608,486,122,21,False,0,,,,,epit_pipeline_development_fold_3,0,0,0,0,True,,,normal_corrosion,173.0233671869684,231.251004858231,0.6108961659756723,0.7105598444487257,0.7837483654771129,0.3335615264393133,0.4458151487005986,"environment,material,process_history","{""environment"": 3, ""material"": 17, ""process_history"": 1}","Composition, wt.% N:numeric_sparse_0.34;Composition, wt.% C:numeric_sparse_0.45;Composition, wt.% Si:numeric_sparse_0.44;Composition, wt.% Mn:numeric_sparse_0.41;Composition, wt.% Cu:numeric_sparse_0.19;Composition, wt.% P:numeric_sparse_0.23;Composition, wt.% S:numeric_sparse_0.25;Test Solution:high_cardinality;Heat treatment:categorical_sparse_0.54;Microstructures:categorical_sparse_0.28",,,,,,,,,,,,,,,,,,,,,,,step-6500,6500
3,epit_scm_trial_0036,local_tabicl_regressor,/home/fcolanto/projects/tabicl/checkpoints/epit_pipeline_final_v1/final_epit_pipeline_optuna_empirical_features_scm_target_v6_trial_0036/step-6500.ckpt,electrochemical_metrics_alloys__pitting_potential__epit_mv_sce_avg,electrochemical_metrics_alloys,Pitting Potential,"Epit, mV (SCE) Avg.",,continuous,0,,median,False,,608,486,122,21,False,0,,,,,epit_pipeline_development_fold_3,0,0,0,0,True,,,normal_corrosion,171.48540332484643,227.23460642756623,0.6242948070229174,0.7451297286938521,0.8013537952849102,0.3305965767807879,0.4380721714767575,"environment,material,process_history","{""environment"": 3, ""material"": 17, ""process_history"": 1}","Composition, wt.% N:numeric_sparse_0.34;Composition, wt.% C:numeric_sparse_0.45;Composition, wt.% Si:numeric_sparse_0.44;Composition, wt.% Mn:numeric_sparse_0.41;Composition, wt.% Cu:numeric_sparse_0.19;Composition, wt.% P:numeric_sparse_0.23;Composition, wt.% S:numeric_sparse_0.25;Test Solution:high_cardinality;Heat treatment:categorical_sparse_0.54;Microstructures:categorical_sparse_0.28",,,,,,,,,,,,,,,,,,,,,,,step-6500,6500
3,pretrained_tabicl_v2,pretrained_tabicl_regressor,/home/fcolanto/.cache/huggingface/hub/models--jingang--TabICL/snapshots/4dcd344ece2c00be9e831fdd35bed57b5ad83e19/tabicl-regressor-v2-20260212.ckpt,electrochemical_metrics_alloys__pitting_potential__epit_mv_sce_avg,electrochemical_metrics_alloys,Pitting Potential,"Epit, mV (SCE) Avg.",,continuous,0,,median,False,,608,486,122,21,False,0,,,,,epit_pipeline_development_fold_3,0,0,0,0,True,,,normal_corrosion,147.73902746228697,205.5124688962792,0.6926914763250632,0.7846405285170341,0.833511454750715,0.2848173418202422,0.3961953459920749,"environment,material,process_history","{""environment"": 3, ""material"": 17, ""process_history"": 1}","Composition, wt.% N:numeric_sparse_0.34;Composition, wt.% C:numeric_sparse_0.45;Composition, wt.% Si:numeric_sparse_0.44;Composition, wt.% Mn:numeric_sparse_0.41;Composition, wt.% Cu:numeric_sparse_0.19;Composition, wt.% P:numeric_sparse_0.23;Composition, wt.% S:numeric_sparse_0.25;Test Solution:high_cardinality;Heat treatment:categorical_sparse_0.54;Microstructures:categorical_sparse_0.28",,,,,,,,,,,,,,,,,,,,,,,step-6500,6500
3,catboost,catboost_regressor,catboost==1.2.10;iterations=1000;depth=6;learning_rate=0.03;l2_leaf_reg=3;thread_count=8,electrochemical_metrics_alloys__pitting_potential__epit_mv_sce_avg,electrochemical_metrics_alloys,Pitting Potential,"Epit, mV (SCE) Avg.",,continuous,0,,median,False,,608,486,122,21,False,0,,,,,epit_pipeline_development_fold_3,0,0,0,0,True,,,normal_corrosion,150.36678957921768,197.1535948556598,0.7171816047883497,0.8101561604970628,0.8491104201638314,0.2898832491430124,0.3800807666168508,"environment,material,process_history","{""environment"": 3, ""material"": 17, ""process_history"": 1}","Composition, wt.% N:numeric_sparse_0.34;Composition, wt.% C:numeric_sparse_0.45;Composition, wt.% Si:numeric_sparse_0.44;Composition, wt.% Mn:numeric_sparse_0.41;Composition, wt.% Cu:numeric_sparse_0.19;Composition, wt.% P:numeric_sparse_0.23;Composition, wt.% S:numeric_sparse_0.25;Test Solution:high_cardinality;Heat treatment:categorical_sparse_0.54;Microstructures:categorical_sparse_0.28",,,,,,,,,,,,,,,,,,,,,,,step-6500,6500
3,generic_baseline,local_tabicl_regressor,/home/fcolanto/projects/tabicl/checkpoints/tabicl_s1_regression_baseline/step-7000.ckpt,electrochemical_metrics_alloys__pitting_potential__epit_mv_sce_avg,electrochemical_metrics_alloys,Pitting Potential,"Epit, mV (SCE) Avg.",,continuous,0,,median,False,,608,486,122,21,False,0,,,,,epit_pipeline_development_fold_3,0,0,0,0,True,,,normal_corrosion,169.3817179470062,227.36573664222703,0.6238610657154188,0.7309514492089962,0.7922965997770817,0.3265410060380097,0.4383249696697165,"environment,material,process_history","{""environment"": 3, ""material"": 17, ""process_history"": 1}","Composition, wt.% N:numeric_sparse_0.34;Composition, wt.% C:numeric_sparse_0.45;Composition, wt.% Si:numeric_sparse_0.44;Composition, wt.% Mn:numeric_sparse_0.41;Composition, wt.% Cu:numeric_sparse_0.19;Composition, wt.% P:numeric_sparse_0.23;Composition, wt.% S:numeric_sparse_0.25;Test Solution:high_cardinality;Heat treatment:categorical_sparse_0.54;Microstructures:categorical_sparse_0.28",,,,,,,,,,,,,,,,,,,,,,,step-7000,7000
3,epit_scm_trial_0036,local_tabicl_regressor,/home/fcolanto/projects/tabicl/checkpoints/epit_pipeline_final_v1/final_epit_pipeline_optuna_empirical_features_scm_target_v6_trial_0036/step-7000.ckpt,electrochemical_metrics_alloys__pitting_potential__epit_mv_sce_avg,electrochemical_metrics_alloys,Pitting Potential,"Epit, mV (SCE) Avg.",,continuous,0,,median,False,,608,486,122,21,False,0,,,,,epit_pipeline_development_fold_3,0,0,0,0,True,,,normal_corrosion,171.32227073547494,228.61406491825412,0.6197194226664475,0.7321875043435734,0.7912142594423005,0.3302820831004982,0.4407315479950534,"environment,material,process_history","{""environment"": 3, ""material"": 17, ""process_history"": 1}","Composition, wt.% N:numeric_sparse_0.34;Composition, wt.% C:numeric_sparse_0.45;Composition, wt.% Si:numeric_sparse_0.44;Composition, wt.% Mn:numeric_sparse_0.41;Composition, wt.% Cu:numeric_sparse_0.19;Composition, wt.% P:numeric_sparse_0.23;Composition, wt.% S:numeric_sparse_0.25;Test Solution:high_cardinality;Heat treatment:categorical_sparse_0.54;Microstructures:categorical_sparse_0.28",,,,,,,,,,,,,,,,,,,,,,,step-7000,7000
3,pretrained_tabicl_v2,pretrained_tabicl_regressor,/home/fcolanto/.cache/huggingface/hub/models--jingang--TabICL/snapshots/4dcd344ece2c00be9e831fdd35bed57b5ad83e19/tabicl-regressor-v2-20260212.ckpt,electrochemical_metrics_alloys__pitting_potential__epit_mv_sce_avg,electrochemical_metrics_alloys,Pitting Potential,"Epit, mV (SCE) Avg.",,continuous,0,,median,False,,608,486,122,21,False,0,,,,,epit_pipeline_development_fold_3,0,0,0,0,True,,,normal_corrosion,147.73902746228697,205.5124688962792,0.6926914763250632,0.7846405285170341,0.833511454750715,0.2848173418202422,0.3961953459920749,"environment,material,process_history","{""environment"": 3, ""material"": 17, ""process_history"": 1}","Composition, wt.% N:numeric_sparse_0.34;Composition, wt.% C:numeric_sparse_0.45;Composition, wt.% Si:numeric_sparse_0.44;Composition, wt.% Mn:numeric_sparse_0.41;Composition, wt.% Cu:numeric_sparse_0.19;Composition, wt.% P:numeric_sparse_0.23;Composition, wt.% S:numeric_sparse_0.25;Test Solution:high_cardinality;Heat treatment:categorical_sparse_0.54;Microstructures:categorical_sparse_0.28",,,,,,,,,,,,,,,,,,,,,,,step-7000,7000
3,catboost,catboost_regressor,catboost==1.2.10;iterations=1000;depth=6;learning_rate=0.03;l2_leaf_reg=3;thread_count=8,electrochemical_metrics_alloys__pitting_potential__epit_mv_sce_avg,electrochemical_metrics_alloys,Pitting Potential,"Epit, mV (SCE) Avg.",,continuous,0,,median,False,,608,486,122,21,False,0,,,,,epit_pipeline_development_fold_3,0,0,0,0,True,,,normal_corrosion,150.36678957921768,197.1535948556598,0.7171816047883497,0.8101561604970628,0.8491104201638314,0.2898832491430124,0.3800807666168508,"environment,material,process_history","{""environment"": 3, ""material"": 17, ""process_history"": 1}","Composition, wt.% N:numeric_sparse_0.34;Composition, wt.% C:numeric_sparse_0.45;Composition, wt.% Si:numeric_sparse_0.44;Composition, wt.% Mn:numeric_sparse_0.41;Composition, wt.% Cu:numeric_sparse_0.19;Composition, wt.% P:numeric_sparse_0.23;Composition, wt.% S:numeric_sparse_0.25;Test Solution:high_cardinality;Heat treatment:categorical_sparse_0.54;Microstructures:categorical_sparse_0.28",,,,,,,,,,,,,,,,,,,,,,,step-7000,7000
3,generic_baseline,local_tabicl_regressor,/home/fcolanto/projects/tabicl/checkpoints/tabicl_s1_regression_baseline/step-7500.ckpt,electrochemical_metrics_alloys__pitting_potential__epit_mv_sce_avg,electrochemical_metrics_alloys,Pitting Potential,"Epit, mV (SCE) Avg.",,continuous,0,,median,False,,608,486,122,21,False,0,,,,,epit_pipeline_development_fold_3,0,0,0,0,True,,,normal_corrosion,179.76719530696553,238.55956942122103,0.5859126746851213,0.715239668166804,0.7734535788406849,0.3465625542098561,0.4599048984918906,"environment,material,process_history","{""environment"": 3, ""material"": 17, ""process_history"": 1}","Composition, wt.% N:numeric_sparse_0.34;Composition, wt.% C:numeric_sparse_0.45;Composition, wt.% Si:numeric_sparse_0.44;Composition, wt.% Mn:numeric_sparse_0.41;Composition, wt.% Cu:numeric_sparse_0.19;Composition, wt.% P:numeric_sparse_0.23;Composition, wt.% S:numeric_sparse_0.25;Test Solution:high_cardinality;Heat treatment:categorical_sparse_0.54;Microstructures:categorical_sparse_0.28",,,,,,,,,,,,,,,,,,,,,,,step-7500,7500
3,epit_scm_trial_0036,local_tabicl_regressor,/home/fcolanto/projects/tabicl/checkpoints/epit_pipeline_final_v1/final_epit_pipeline_optuna_empirical_features_scm_target_v6_trial_0036/step-7500.ckpt,electrochemical_metrics_alloys__pitting_potential__epit_mv_sce_avg,electrochemical_metrics_alloys,Pitting Potential,"Epit, mV (SCE) Avg.",,continuous,0,,median,False,,608,486,122,21,False,0,,,,,epit_pipeline_development_fold_3,0,0,0,0,True,,,normal_corrosion,170.27199810844175,226.20655066444505,0.6276866509616106,0.7219156878776218,0.7926127854065107,0.3282573245586531,0.4360902435141552,"environment,material,process_history","{""environment"": 3, ""material"": 17, ""process_history"": 1}","Composition, wt.% N:numeric_sparse_0.34;Composition, wt.% C:numeric_sparse_0.45;Composition, wt.% Si:numeric_sparse_0.44;Composition, wt.% Mn:numeric_sparse_0.41;Composition, wt.% Cu:numeric_sparse_0.19;Composition, wt.% P:numeric_sparse_0.23;Composition, wt.% S:numeric_sparse_0.25;Test Solution:high_cardinality;Heat treatment:categorical_sparse_0.54;Microstructures:categorical_sparse_0.28",,,,,,,,,,,,,,,,,,,,,,,step-7500,7500
3,pretrained_tabicl_v2,pretrained_tabicl_regressor,/home/fcolanto/.cache/huggingface/hub/models--jingang--TabICL/snapshots/4dcd344ece2c00be9e831fdd35bed57b5ad83e19/tabicl-regressor-v2-20260212.ckpt,electrochemical_metrics_alloys__pitting_potential__epit_mv_sce_avg,electrochemical_metrics_alloys,Pitting Potential,"Epit, mV (SCE) Avg.",,continuous,0,,median,False,,608,486,122,21,False,0,,,,,epit_pipeline_development_fold_3,0,0,0,0,True,,,normal_corrosion,147.73902746228697,205.5124688962792,0.6926914763250632,0.7846405285170341,0.833511454750715,0.2848173418202422,0.3961953459920749,"environment,material,process_history","{""environment"": 3, ""material"": 17, ""process_history"": 1}","Composition, wt.% N:numeric_sparse_0.34;Composition, wt.% C:numeric_sparse_0.45;Composition, wt.% Si:numeric_sparse_0.44;Composition, wt.% Mn:numeric_sparse_0.41;Composition, wt.% Cu:numeric_sparse_0.19;Composition, wt.% P:numeric_sparse_0.23;Composition, wt.% S:numeric_sparse_0.25;Test Solution:high_cardinality;Heat treatment:categorical_sparse_0.54;Microstructures:categorical_sparse_0.28",,,,,,,,,,,,,,,,,,,,,,,step-7500,7500
3,catboost,catboost_regressor,catboost==1.2.10;iterations=1000;depth=6;learning_rate=0.03;l2_leaf_reg=3;thread_count=8,electrochemical_metrics_alloys__pitting_potential__epit_mv_sce_avg,electrochemical_metrics_alloys,Pitting Potential,"Epit, mV (SCE) Avg.",,continuous,0,,median,False,,608,486,122,21,False,0,,,,,epit_pipeline_development_fold_3,0,0,0,0,True,,,normal_corrosion,150.36678957921768,197.1535948556598,0.7171816047883497,0.8101561604970628,0.8491104201638314,0.2898832491430124,0.3800807666168508,"environment,material,process_history","{""environment"": 3, ""material"": 17, ""process_history"": 1}","Composition, wt.% N:numeric_sparse_0.34;Composition, wt.% C:numeric_sparse_0.45;Composition, wt.% Si:numeric_sparse_0.44;Composition, wt.% Mn:numeric_sparse_0.41;Composition, wt.% Cu:numeric_sparse_0.19;Composition, wt.% P:numeric_sparse_0.23;Composition, wt.% S:numeric_sparse_0.25;Test Solution:high_cardinality;Heat treatment:categorical_sparse_0.54;Microstructures:categorical_sparse_0.28",,,,,,,,,,,,,,,,,,,,,,,step-7500,7500
3,generic_baseline,local_tabicl_regressor,/home/fcolanto/projects/tabicl/checkpoints/tabicl_s1_regression_baseline/step-8000.ckpt,electrochemical_metrics_alloys__pitting_potential__epit_mv_sce_avg,electrochemical_metrics_alloys,Pitting Potential,"Epit, mV (SCE) Avg.",,continuous,0,,median,False,,608,486,122,21,False,0,,,,,epit_pipeline_development_fold_3,0,0,0,0,True,,,normal_corrosion,177.32488403567328,234.86149323896677,0.5986512741523058,0.7219487374801506,0.7744093416901667,0.341854166614949,0.4527755959225523,"environment,material,process_history","{""environment"": 3, ""material"": 17, ""process_history"": 1}","Composition, wt.% N:numeric_sparse_0.34;Composition, wt.% C:numeric_sparse_0.45;Composition, wt.% Si:numeric_sparse_0.44;Composition, wt.% Mn:numeric_sparse_0.41;Composition, wt.% Cu:numeric_sparse_0.19;Composition, wt.% P:numeric_sparse_0.23;Composition, wt.% S:numeric_sparse_0.25;Test Solution:high_cardinality;Heat treatment:categorical_sparse_0.54;Microstructures:categorical_sparse_0.28",,,,,,,,,,,,,,,,,,,,,,,step-8000,8000
3,epit_scm_trial_0036,local_tabicl_regressor,/home/fcolanto/projects/tabicl/checkpoints/epit_pipeline_final_v1/final_epit_pipeline_optuna_empirical_features_scm_target_v6_trial_0036/step-8000.ckpt,electrochemical_metrics_alloys__pitting_potential__epit_mv_sce_avg,electrochemical_metrics_alloys,Pitting Potential,"Epit, mV (SCE) Avg.",,continuous,0,,median,False,,608,486,122,21,False,0,,,,,epit_pipeline_development_fold_3,0,0,0,0,True,,,normal_corrosion,175.79540250937671,228.707239627354,0.6194093826635946,0.7235615580835562,0.7884012468230193,0.3389055695504789,0.4409111740114591,"environment,material,process_history","{""environment"": 3, ""material"": 17, ""process_history"": 1}","Composition, wt.% N:numeric_sparse_0.34;Composition, wt.% C:numeric_sparse_0.45;Composition, wt.% Si:numeric_sparse_0.44;Composition, wt.% Mn:numeric_sparse_0.41;Composition, wt.% Cu:numeric_sparse_0.19;Composition, wt.% P:numeric_sparse_0.23;Composition, wt.% S:numeric_sparse_0.25;Test Solution:high_cardinality;Heat treatment:categorical_sparse_0.54;Microstructures:categorical_sparse_0.28",,,,,,,,,,,,,,,,,,,,,,,step-8000,8000
3,pretrained_tabicl_v2,pretrained_tabicl_regressor,/home/fcolanto/.cache/huggingface/hub/models--jingang--TabICL/snapshots/4dcd344ece2c00be9e831fdd35bed57b5ad83e19/tabicl-regressor-v2-20260212.ckpt,electrochemical_metrics_alloys__pitting_potential__epit_mv_sce_avg,electrochemical_metrics_alloys,Pitting Potential,"Epit, mV (SCE) Avg.",,continuous,0,,median,False,,608,486,122,21,False,0,,,,,epit_pipeline_development_fold_3,0,0,0,0,True,,,normal_corrosion,147.73902746228697,205.5124688962792,0.6926914763250632,0.7846405285170341,0.833511454750715,0.2848173418202422,0.3961953459920749,"environment,material,process_history","{""environment"": 3, ""material"": 17, ""process_history"": 1}","Composition, wt.% N:numeric_sparse_0.34;Composition, wt.% C:numeric_sparse_0.45;Composition, wt.% Si:numeric_sparse_0.44;Composition, wt.% Mn:numeric_sparse_0.41;Composition, wt.% Cu:numeric_sparse_0.19;Composition, wt.% P:numeric_sparse_0.23;Composition, wt.% S:numeric_sparse_0.25;Test Solution:high_cardinality;Heat treatment:categorical_sparse_0.54;Microstructures:categorical_sparse_0.28",,,,,,,,,,,,,,,,,,,,,,,step-8000,8000
3,catboost,catboost_regressor,catboost==1.2.10;iterations=1000;depth=6;learning_rate=0.03;l2_leaf_reg=3;thread_count=8,electrochemical_metrics_alloys__pitting_potential__epit_mv_sce_avg,electrochemical_metrics_alloys,Pitting Potential,"Epit, mV (SCE) Avg.",,continuous,0,,median,False,,608,486,122,21,False,0,,,,,epit_pipeline_development_fold_3,0,0,0,0,True,,,normal_corrosion,150.36678957921768,197.1535948556598,0.7171816047883497,0.8101561604970628,0.8491104201638314,0.2898832491430124,0.3800807666168508,"environment,material,process_history","{""environment"": 3, ""material"": 17, ""process_history"": 1}","Composition, wt.% N:numeric_sparse_0.34;Composition, wt.% C:numeric_sparse_0.45;Composition, wt.% Si:numeric_sparse_0.44;Composition, wt.% Mn:numeric_sparse_0.41;Composition, wt.% Cu:numeric_sparse_0.19;Composition, wt.% P:numeric_sparse_0.23;Composition, wt.% S:numeric_sparse_0.25;Test Solution:high_cardinality;Heat treatment:categorical_sparse_0.54;Microstructures:categorical_sparse_0.28",,,,,,,,,,,,,,,,,,,,,,,step-8000,8000
3,generic_baseline,local_tabicl_regressor,/home/fcolanto/projects/tabicl/checkpoints/tabicl_s1_regression_baseline/step-8500.ckpt,electrochemical_metrics_alloys__pitting_potential__epit_mv_sce_avg,electrochemical_metrics_alloys,Pitting Potential,"Epit, mV (SCE) Avg.",,continuous,0,,median,False,,608,486,122,21,False,0,,,,,epit_pipeline_development_fold_3,0,0,0,0,True,,,normal_corrosion,178.15080106388152,235.1666430777464,0.5976076713086037,0.7090759172951826,0.7757137520693144,0.343446403253967,0.4533638762668255,"environment,material,process_history","{""environment"": 3, ""material"": 17, ""process_history"": 1}","Composition, wt.% N:numeric_sparse_0.34;Composition, wt.% C:numeric_sparse_0.45;Composition, wt.% Si:numeric_sparse_0.44;Composition, wt.% Mn:numeric_sparse_0.41;Composition, wt.% Cu:numeric_sparse_0.19;Composition, wt.% P:numeric_sparse_0.23;Composition, wt.% S:numeric_sparse_0.25;Test Solution:high_cardinality;Heat treatment:categorical_sparse_0.54;Microstructures:categorical_sparse_0.28",,,,,,,,,,,,,,,,,,,,,,,step-8500,8500
3,epit_scm_trial_0036,local_tabicl_regressor,/home/fcolanto/projects/tabicl/checkpoints/epit_pipeline_final_v1/final_epit_pipeline_optuna_empirical_features_scm_target_v6_trial_0036/step-8500.ckpt,electrochemical_metrics_alloys__pitting_potential__epit_mv_sce_avg,electrochemical_metrics_alloys,Pitting Potential,"Epit, mV (SCE) Avg.",,continuous,0,,median,False,,608,486,122,21,False,0,,,,,epit_pipeline_development_fold_3,0,0,0,0,True,,,normal_corrosion,167.49292688841902,220.46849842913517,0.6463356035256518,0.7391841051989207,0.8045829660835875,0.3228997173561956,0.425028191644998,"environment,material,process_history","{""environment"": 3, ""material"": 17, ""process_history"": 1}","Composition, wt.% N:numeric_sparse_0.34;Composition, wt.% C:numeric_sparse_0.45;Composition, wt.% Si:numeric_sparse_0.44;Composition, wt.% Mn:numeric_sparse_0.41;Composition, wt.% Cu:numeric_sparse_0.19;Composition, wt.% P:numeric_sparse_0.23;Composition, wt.% S:numeric_sparse_0.25;Test Solution:high_cardinality;Heat treatment:categorical_sparse_0.54;Microstructures:categorical_sparse_0.28",,,,,,,,,,,,,,,,,,,,,,,step-8500,8500
3,pretrained_tabicl_v2,pretrained_tabicl_regressor,/home/fcolanto/.cache/huggingface/hub/models--jingang--TabICL/snapshots/4dcd344ece2c00be9e831fdd35bed57b5ad83e19/tabicl-regressor-v2-20260212.ckpt,electrochemical_metrics_alloys__pitting_potential__epit_mv_sce_avg,electrochemical_metrics_alloys,Pitting Potential,"Epit, mV (SCE) Avg.",,continuous,0,,median,False,,608,486,122,21,False,0,,,,,epit_pipeline_development_fold_3,0,0,0,0,True,,,normal_corrosion,147.73902746228697,205.5124688962792,0.6926914763250632,0.7846405285170341,0.833511454750715,0.2848173418202422,0.3961953459920749,"environment,material,process_history","{""environment"": 3, ""material"": 17, ""process_history"": 1}","Composition, wt.% N:numeric_sparse_0.34;Composition, wt.% C:numeric_sparse_0.45;Composition, wt.% Si:numeric_sparse_0.44;Composition, wt.% Mn:numeric_sparse_0.41;Composition, wt.% Cu:numeric_sparse_0.19;Composition, wt.% P:numeric_sparse_0.23;Composition, wt.% S:numeric_sparse_0.25;Test Solution:high_cardinality;Heat treatment:categorical_sparse_0.54;Microstructures:categorical_sparse_0.28",,,,,,,,,,,,,,,,,,,,,,,step-8500,8500
3,catboost,catboost_regressor,catboost==1.2.10;iterations=1000;depth=6;learning_rate=0.03;l2_leaf_reg=3;thread_count=8,electrochemical_metrics_alloys__pitting_potential__epit_mv_sce_avg,electrochemical_metrics_alloys,Pitting Potential,"Epit, mV (SCE) Avg.",,continuous,0,,median,False,,608,486,122,21,False,0,,,,,epit_pipeline_development_fold_3,0,0,0,0,True,,,normal_corrosion,150.36678957921768,197.1535948556598,0.7171816047883497,0.8101561604970628,0.8491104201638314,0.2898832491430124,0.3800807666168508,"environment,material,process_history","{""environment"": 3, ""material"": 17, ""process_history"": 1}","Composition, wt.% N:numeric_sparse_0.34;Composition, wt.% C:numeric_sparse_0.45;Composition, wt.% Si:numeric_sparse_0.44;Composition, wt.% Mn:numeric_sparse_0.41;Composition, wt.% Cu:numeric_sparse_0.19;Composition, wt.% P:numeric_sparse_0.23;Composition, wt.% S:numeric_sparse_0.25;Test Solution:high_cardinality;Heat treatment:categorical_sparse_0.54;Microstructures:categorical_sparse_0.28",,,,,,,,,,,,,,,,,,,,,,,step-8500,8500
3,generic_baseline,local_tabicl_regressor,/home/fcolanto/projects/tabicl/checkpoints/tabicl_s1_regression_baseline/step-9000.ckpt,electrochemical_metrics_alloys__pitting_potential__epit_mv_sce_avg,electrochemical_metrics_alloys,Pitting Potential,"Epit, mV (SCE) Avg.",,continuous,0,,median,False,,608,486,122,21,False,0,,,,,epit_pipeline_development_fold_3,0,0,0,0,True,,,normal_corrosion,175.58529379419417,234.8029168262323,0.5988514486172674,0.7169946020610833,0.7809733385700073,0.3385005133728428,0.4526626699174542,"environment,material,process_history","{""environment"": 3, ""material"": 17, ""process_history"": 1}","Composition, wt.% N:numeric_sparse_0.34;Composition, wt.% C:numeric_sparse_0.45;Composition, wt.% Si:numeric_sparse_0.44;Composition, wt.% Mn:numeric_sparse_0.41;Composition, wt.% Cu:numeric_sparse_0.19;Composition, wt.% P:numeric_sparse_0.23;Composition, wt.% S:numeric_sparse_0.25;Test Solution:high_cardinality;Heat treatment:categorical_sparse_0.54;Microstructures:categorical_sparse_0.28",,,,,,,,,,,,,,,,,,,,,,,step-9000,9000
3,epit_scm_trial_0036,local_tabicl_regressor,/home/fcolanto/projects/tabicl/checkpoints/epit_pipeline_final_v1/final_epit_pipeline_optuna_empirical_features_scm_target_v6_trial_0036/step-9000.ckpt,electrochemical_metrics_alloys__pitting_potential__epit_mv_sce_avg,electrochemical_metrics_alloys,Pitting Potential,"Epit, mV (SCE) Avg.",,continuous,0,,median,False,,608,486,122,21,False,0,,,,,epit_pipeline_development_fold_3,0,0,0,0,True,,,normal_corrosion,166.64218010827366,221.3265163853556,0.6435774690254451,0.7389924175042536,0.8026376463669644,0.3212596129054946,0.4266823137664335,"environment,material,process_history","{""environment"": 3, ""material"": 17, ""process_history"": 1}","Composition, wt.% N:numeric_sparse_0.34;Composition, wt.% C:numeric_sparse_0.45;Composition, wt.% Si:numeric_sparse_0.44;Composition, wt.% Mn:numeric_sparse_0.41;Composition, wt.% Cu:numeric_sparse_0.19;Composition, wt.% P:numeric_sparse_0.23;Composition, wt.% S:numeric_sparse_0.25;Test Solution:high_cardinality;Heat treatment:categorical_sparse_0.54;Microstructures:categorical_sparse_0.28",,,,,,,,,,,,,,,,,,,,,,,step-9000,9000
3,pretrained_tabicl_v2,pretrained_tabicl_regressor,/home/fcolanto/.cache/huggingface/hub/models--jingang--TabICL/snapshots/4dcd344ece2c00be9e831fdd35bed57b5ad83e19/tabicl-regressor-v2-20260212.ckpt,electrochemical_metrics_alloys__pitting_potential__epit_mv_sce_avg,electrochemical_metrics_alloys,Pitting Potential,"Epit, mV (SCE) Avg.",,continuous,0,,median,False,,608,486,122,21,False,0,,,,,epit_pipeline_development_fold_3,0,0,0,0,True,,,normal_corrosion,147.73902746228697,205.5124688962792,0.6926914763250632,0.7846405285170341,0.833511454750715,0.2848173418202422,0.3961953459920749,"environment,material,process_history","{""environment"": 3, ""material"": 17, ""process_history"": 1}","Composition, wt.% N:numeric_sparse_0.34;Composition, wt.% C:numeric_sparse_0.45;Composition, wt.% Si:numeric_sparse_0.44;Composition, wt.% Mn:numeric_sparse_0.41;Composition, wt.% Cu:numeric_sparse_0.19;Composition, wt.% P:numeric_sparse_0.23;Composition, wt.% S:numeric_sparse_0.25;Test Solution:high_cardinality;Heat treatment:categorical_sparse_0.54;Microstructures:categorical_sparse_0.28",,,,,,,,,,,,,,,,,,,,,,,step-9000,9000
3,catboost,catboost_regressor,catboost==1.2.10;iterations=1000;depth=6;learning_rate=0.03;l2_leaf_reg=3;thread_count=8,electrochemical_metrics_alloys__pitting_potential__epit_mv_sce_avg,electrochemical_metrics_alloys,Pitting Potential,"Epit, mV (SCE) Avg.",,continuous,0,,median,False,,608,486,122,21,False,0,,,,,epit_pipeline_development_fold_3,0,0,0,0,True,,,normal_corrosion,150.36678957921768,197.1535948556598,0.7171816047883497,0.8101561604970628,0.8491104201638314,0.2898832491430124,0.3800807666168508,"environment,material,process_history","{""environment"": 3, ""material"": 17, ""process_history"": 1}","Composition, wt.% N:numeric_sparse_0.34;Composition, wt.% C:numeric_sparse_0.45;Composition, wt.% Si:numeric_sparse_0.44;Composition, wt.% Mn:numeric_sparse_0.41;Composition, wt.% Cu:numeric_sparse_0.19;Composition, wt.% P:numeric_sparse_0.23;Composition, wt.% S:numeric_sparse_0.25;Test Solution:high_cardinality;Heat treatment:categorical_sparse_0.54;Microstructures:categorical_sparse_0.28",,,,,,,,,,,,,,,,,,,,,,,step-9000,9000
3,generic_baseline,local_tabicl_regressor,/home/fcolanto/projects/tabicl/checkpoints/tabicl_s1_regression_baseline/step-9500.ckpt,electrochemical_metrics_alloys__pitting_potential__epit_mv_sce_avg,electrochemical_metrics_alloys,Pitting Potential,"Epit, mV (SCE) Avg.",,continuous,0,,median,False,,608,486,122,21,False,0,,,,,epit_pipeline_development_fold_3,0,0,0,0,True,,,normal_corrosion,178.91773533802342,237.1126441575048,0.5909205341804253,0.7253693713418817,0.7811823655261497,0.3449249305264421,0.4571154567681767,"environment,material,process_history","{""environment"": 3, ""material"": 17, ""process_history"": 1}","Composition, wt.% N:numeric_sparse_0.34;Composition, wt.% C:numeric_sparse_0.45;Composition, wt.% Si:numeric_sparse_0.44;Composition, wt.% Mn:numeric_sparse_0.41;Composition, wt.% Cu:numeric_sparse_0.19;Composition, wt.% P:numeric_sparse_0.23;Composition, wt.% S:numeric_sparse_0.25;Test Solution:high_cardinality;Heat treatment:categorical_sparse_0.54;Microstructures:categorical_sparse_0.28",,,,,,,,,,,,,,,,,,,,,,,step-9500,9500
3,epit_scm_trial_0036,local_tabicl_regressor,/home/fcolanto/projects/tabicl/checkpoints/epit_pipeline_final_v1/final_epit_pipeline_optuna_empirical_features_scm_target_v6_trial_0036/step-9500.ckpt,electrochemical_metrics_alloys__pitting_potential__epit_mv_sce_avg,electrochemical_metrics_alloys,Pitting Potential,"Epit, mV (SCE) Avg.",,continuous,0,,median,False,,608,486,122,21,False,0,,,,,epit_pipeline_development_fold_3,0,0,0,0,True,,,normal_corrosion,166.5322573177463,221.0025269365199,0.6446202055260561,0.7418148535602133,0.8033409578651104,0.3210476992524725,0.4260577136510798,"environment,material,process_history","{""environment"": 3, ""material"": 17, ""process_history"": 1}","Composition, wt.% N:numeric_sparse_0.34;Composition, wt.% C:numeric_sparse_0.45;Composition, wt.% Si:numeric_sparse_0.44;Composition, wt.% Mn:numeric_sparse_0.41;Composition, wt.% Cu:numeric_sparse_0.19;Composition, wt.% P:numeric_sparse_0.23;Composition, wt.% S:numeric_sparse_0.25;Test Solution:high_cardinality;Heat treatment:categorical_sparse_0.54;Microstructures:categorical_sparse_0.28",,,,,,,,,,,,,,,,,,,,,,,step-9500,9500
3,pretrained_tabicl_v2,pretrained_tabicl_regressor,/home/fcolanto/.cache/huggingface/hub/models--jingang--TabICL/snapshots/4dcd344ece2c00be9e831fdd35bed57b5ad83e19/tabicl-regressor-v2-20260212.ckpt,electrochemical_metrics_alloys__pitting_potential__epit_mv_sce_avg,electrochemical_metrics_alloys,Pitting Potential,"Epit, mV (SCE) Avg.",,continuous,0,,median,False,,608,486,122,21,False,0,,,,,epit_pipeline_development_fold_3,0,0,0,0,True,,,normal_corrosion,147.73902746228697,205.5124688962792,0.6926914763250632,0.7846405285170341,0.833511454750715,0.2848173418202422,0.3961953459920749,"environment,material,process_history","{""environment"": 3, ""material"": 17, ""process_history"": 1}","Composition, wt.% N:numeric_sparse_0.34;Composition, wt.% C:numeric_sparse_0.45;Composition, wt.% Si:numeric_sparse_0.44;Composition, wt.% Mn:numeric_sparse_0.41;Composition, wt.% Cu:numeric_sparse_0.19;Composition, wt.% P:numeric_sparse_0.23;Composition, wt.% S:numeric_sparse_0.25;Test Solution:high_cardinality;Heat treatment:categorical_sparse_0.54;Microstructures:categorical_sparse_0.28",,,,,,,,,,,,,,,,,,,,,,,step-9500,9500
3,catboost,catboost_regressor,catboost==1.2.10;iterations=1000;depth=6;learning_rate=0.03;l2_leaf_reg=3;thread_count=8,electrochemical_metrics_alloys__pitting_potential__epit_mv_sce_avg,electrochemical_metrics_alloys,Pitting Potential,"Epit, mV (SCE) Avg.",,continuous,0,,median,False,,608,486,122,21,False,0,,,,,epit_pipeline_development_fold_3,0,0,0,0,True,,,normal_corrosion,150.36678957921768,197.1535948556598,0.7171816047883497,0.8101561604970628,0.8491104201638314,0.2898832491430124,0.3800807666168508,"environment,material,process_history","{""environment"": 3, ""material"": 17, ""process_history"": 1}","Composition, wt.% N:numeric_sparse_0.34;Composition, wt.% C:numeric_sparse_0.45;Composition, wt.% Si:numeric_sparse_0.44;Composition, wt.% Mn:numeric_sparse_0.41;Composition, wt.% Cu:numeric_sparse_0.19;Composition, wt.% P:numeric_sparse_0.23;Composition, wt.% S:numeric_sparse_0.25;Test Solution:high_cardinality;Heat treatment:categorical_sparse_0.54;Microstructures:categorical_sparse_0.28",,,,,,,,,,,,,,,,,,,,,,,step-9500,9500
3,generic_baseline,local_tabicl_regressor,/home/fcolanto/projects/tabicl/checkpoints/tabicl_s1_regression_baseline/step-10000.ckpt,electrochemical_metrics_alloys__pitting_potential__epit_mv_sce_avg,electrochemical_metrics_alloys,Pitting Potential,"Epit, mV (SCE) Avg.",,continuous,0,,median,False,,608,486,122,21,False,0,,,,,epit_pipeline_development_fold_3,0,0,0,0,True,,,normal_corrosion,178.88043016274244,237.4202879411468,0.5898583183869182,0.7243580535045003,0.7808403644932412,0.3448530120832103,0.4577085450413941,"environment,material,process_history","{""environment"": 3, ""material"": 17, ""process_history"": 1}","Composition, wt.% N:numeric_sparse_0.34;Composition, wt.% C:numeric_sparse_0.45;Composition, wt.% Si:numeric_sparse_0.44;Composition, wt.% Mn:numeric_sparse_0.41;Composition, wt.% Cu:numeric_sparse_0.19;Composition, wt.% P:numeric_sparse_0.23;Composition, wt.% S:numeric_sparse_0.25;Test Solution:high_cardinality;Heat treatment:categorical_sparse_0.54;Microstructures:categorical_sparse_0.28",,,,,,,,,,,,,,,,,,,,,,,step-10000,10000
3,epit_scm_trial_0036,local_tabicl_regressor,/home/fcolanto/projects/tabicl/checkpoints/epit_pipeline_final_v1/final_epit_pipeline_optuna_empirical_features_scm_target_v6_trial_0036/step-10000.ckpt,electrochemical_metrics_alloys__pitting_potential__epit_mv_sce_avg,electrochemical_metrics_alloys,Pitting Potential,"Epit, mV (SCE) Avg.",,continuous,0,,median,False,,608,486,122,21,False,0,,,,,epit_pipeline_development_fold_3,0,0,0,0,True,,,normal_corrosion,165.5705158546636,220.1324726834929,0.647412852914832,0.7440357868501488,0.8048598078120965,0.3191936147107054,0.4243803874642007,"environment,material,process_history","{""environment"": 3, ""material"": 17, ""process_history"": 1}","Composition, wt.% N:numeric_sparse_0.34;Composition, wt.% C:numeric_sparse_0.45;Composition, wt.% Si:numeric_sparse_0.44;Composition, wt.% Mn:numeric_sparse_0.41;Composition, wt.% Cu:numeric_sparse_0.19;Composition, wt.% P:numeric_sparse_0.23;Composition, wt.% S:numeric_sparse_0.25;Test Solution:high_cardinality;Heat treatment:categorical_sparse_0.54;Microstructures:categorical_sparse_0.28",,,,,,,,,,,,,,,,,,,,,,,step-10000,10000
3,pretrained_tabicl_v2,pretrained_tabicl_regressor,/home/fcolanto/.cache/huggingface/hub/models--jingang--TabICL/snapshots/4dcd344ece2c00be9e831fdd35bed57b5ad83e19/tabicl-regressor-v2-20260212.ckpt,electrochemical_metrics_alloys__pitting_potential__epit_mv_sce_avg,electrochemical_metrics_alloys,Pitting Potential,"Epit, mV (SCE) Avg.",,continuous,0,,median,False,,608,486,122,21,False,0,,,,,epit_pipeline_development_fold_3,0,0,0,0,True,,,normal_corrosion,147.73902746228697,205.5124688962792,0.6926914763250632,0.7846405285170341,0.833511454750715,0.2848173418202422,0.3961953459920749,"environment,material,process_history","{""environment"": 3, ""material"": 17, ""process_history"": 1}","Composition, wt.% N:numeric_sparse_0.34;Composition, wt.% C:numeric_sparse_0.45;Composition, wt.% Si:numeric_sparse_0.44;Composition, wt.% Mn:numeric_sparse_0.41;Composition, wt.% Cu:numeric_sparse_0.19;Composition, wt.% P:numeric_sparse_0.23;Composition, wt.% S:numeric_sparse_0.25;Test Solution:high_cardinality;Heat treatment:categorical_sparse_0.54;Microstructures:categorical_sparse_0.28",,,,,,,,,,,,,,,,,,,,,,,step-10000,10000
3,catboost,catboost_regressor,catboost==1.2.10;iterations=1000;depth=6;learning_rate=0.03;l2_leaf_reg=3;thread_count=8,electrochemical_metrics_alloys__pitting_potential__epit_mv_sce_avg,electrochemical_metrics_alloys,Pitting Potential,"Epit, mV (SCE) Avg.",,continuous,0,,median,False,,608,486,122,21,False,0,,,,,epit_pipeline_development_fold_3,0,0,0,0,True,,,normal_corrosion,150.36678957921768,197.1535948556598,0.7171816047883497,0.8101561604970628,0.8491104201638314,0.2898832491430124,0.3800807666168508,"environment,material,process_history","{""environment"": 3, ""material"": 17, ""process_history"": 1}","Composition, wt.% N:numeric_sparse_0.34;Composition, wt.% C:numeric_sparse_0.45;Composition, wt.% Si:numeric_sparse_0.44;Composition, wt.% Mn:numeric_sparse_0.41;Composition, wt.% Cu:numeric_sparse_0.19;Composition, wt.% P:numeric_sparse_0.23;Composition, wt.% S:numeric_sparse_0.25;Test Solution:high_cardinality;Heat treatment:categorical_sparse_0.54;Microstructures:categorical_sparse_0.28",,,,,,,,,,,,,,,,,,,,,,,step-10000,10000
4,generic_baseline,local_tabicl_regressor,/home/fcolanto/projects/tabicl/checkpoints/tabicl_s1_regression_baseline/step-500.ckpt,electrochemical_metrics_alloys__pitting_potential__epit_mv_sce_avg,electrochemical_metrics_alloys,Pitting Potential,"Epit, mV (SCE) Avg.",,continuous,0,,median,False,,608,487,121,21,False,0,,,,,epit_pipeline_development_fold_4,0,0,0,0,True,,,normal_corrosion,250.61015038670476,326.825484933153,0.2217094417146339,0.4997315602545449,0.5240934145181532,0.4886140580750726,0.6372109279258199,"environment,material,process_history","{""environment"": 3, ""material"": 17, ""process_history"": 1}","Composition, wt.% N:numeric_sparse_0.34;Composition, wt.% C:numeric_sparse_0.45;Composition, wt.% Si:numeric_sparse_0.44;Composition, wt.% Mn:numeric_sparse_0.41;Composition, wt.% Cu:numeric_sparse_0.19;Composition, wt.% P:numeric_sparse_0.23;Composition, wt.% S:numeric_sparse_0.25;Test Solution:high_cardinality;Heat treatment:categorical_sparse_0.54;Microstructures:categorical_sparse_0.28",,,,,,,,,,,,,,,,,,,,,,,step-500,500
4,epit_scm_trial_0036,local_tabicl_regressor,/home/fcolanto/projects/tabicl/checkpoints/epit_pipeline_final_v1/final_epit_pipeline_optuna_empirical_features_scm_target_v6_trial_0036/step-500.ckpt,electrochemical_metrics_alloys__pitting_potential__epit_mv_sce_avg,electrochemical_metrics_alloys,Pitting Potential,"Epit, mV (SCE) Avg.",,continuous,0,,median,False,,608,487,121,21,False,0,,,,,epit_pipeline_development_fold_4,0,0,0,0,True,,,normal_corrosion,264.4127035377329,327.73308834891594,0.2173807707938175,0.4469852604010628,0.4930744970438924,0.5155248655444198,0.6389804803059387,"environment,material,process_history","{""environment"": 3, ""material"": 17, ""process_history"": 1}","Composition, wt.% N:numeric_sparse_0.34;Composition, wt.% C:numeric_sparse_0.45;Composition, wt.% Si:numeric_sparse_0.44;Composition, wt.% Mn:numeric_sparse_0.41;Composition, wt.% Cu:numeric_sparse_0.19;Composition, wt.% P:numeric_sparse_0.23;Composition, wt.% S:numeric_sparse_0.25;Test Solution:high_cardinality;Heat treatment:categorical_sparse_0.54;Microstructures:categorical_sparse_0.28",,,,,,,,,,,,,,,,,,,,,,,step-500,500
4,pretrained_tabicl_v2,pretrained_tabicl_regressor,/home/fcolanto/.cache/huggingface/hub/models--jingang--TabICL/snapshots/4dcd344ece2c00be9e831fdd35bed57b5ad83e19/tabicl-regressor-v2-20260212.ckpt,electrochemical_metrics_alloys__pitting_potential__epit_mv_sce_avg,electrochemical_metrics_alloys,Pitting Potential,"Epit, mV (SCE) Avg.",,continuous,0,,median,False,,608,487,121,21,False,0,,,,,epit_pipeline_development_fold_4,0,0,0,0,True,,,normal_corrosion,179.26880134642678,246.08812648475617,0.558743360436929,0.7264166761737962,0.7510518633431433,0.349519987027543,0.4797974780361789,"environment,material,process_history","{""environment"": 3, ""material"": 17, ""process_history"": 1}","Composition, wt.% N:numeric_sparse_0.34;Composition, wt.% C:numeric_sparse_0.45;Composition, wt.% Si:numeric_sparse_0.44;Composition, wt.% Mn:numeric_sparse_0.41;Composition, wt.% Cu:numeric_sparse_0.19;Composition, wt.% P:numeric_sparse_0.23;Composition, wt.% S:numeric_sparse_0.25;Test Solution:high_cardinality;Heat treatment:categorical_sparse_0.54;Microstructures:categorical_sparse_0.28",,,,,,,,,,,,,,,,,,,,,,,step-500,500
4,catboost,catboost_regressor,catboost==1.2.10;iterations=1000;depth=6;learning_rate=0.03;l2_leaf_reg=3;thread_count=8,electrochemical_metrics_alloys__pitting_potential__epit_mv_sce_avg,electrochemical_metrics_alloys,Pitting Potential,"Epit, mV (SCE) Avg.",,continuous,0,,median,False,,608,487,121,21,False,0,,,,,epit_pipeline_development_fold_4,0,0,0,0,True,,,normal_corrosion,176.78525495127911,215.45749218665375,0.6617536377540367,0.7670399984280225,0.8227456609591492,0.3446778220925699,0.4200769978293113,"environment,material,process_history","{""environment"": 3, ""material"": 17, ""process_history"": 1}","Composition, wt.% N:numeric_sparse_0.34;Composition, wt.% C:numeric_sparse_0.45;Composition, wt.% Si:numeric_sparse_0.44;Composition, wt.% Mn:numeric_sparse_0.41;Composition, wt.% Cu:numeric_sparse_0.19;Composition, wt.% P:numeric_sparse_0.23;Composition, wt.% S:numeric_sparse_0.25;Test Solution:high_cardinality;Heat treatment:categorical_sparse_0.54;Microstructures:categorical_sparse_0.28",,,,,,,,,,,,,,,,,,,,,,,step-500,500
4,generic_baseline,local_tabicl_regressor,/home/fcolanto/projects/tabicl/checkpoints/tabicl_s1_regression_baseline/step-1000.ckpt,electrochemical_metrics_alloys__pitting_potential__epit_mv_sce_avg,electrochemical_metrics_alloys,Pitting Potential,"Epit, mV (SCE) Avg.",,continuous,0,,median,False,,608,487,121,21,False,0,,,,,epit_pipeline_development_fold_4,0,0,0,0,True,,,normal_corrosion,212.9282002377991,289.3366715546636,0.3900181739457486,0.5540495453849353,0.6289640698765875,0.4151456428890605,0.5641190710755773,"environment,material,process_history","{""environment"": 3, ""material"": 17, ""process_history"": 1}","Composition, wt.% N:numeric_sparse_0.34;Composition, wt.% C:numeric_sparse_0.45;Composition, wt.% Si:numeric_sparse_0.44;Composition, wt.% Mn:numeric_sparse_0.41;Composition, wt.% Cu:numeric_sparse_0.19;Composition, wt.% P:numeric_sparse_0.23;Composition, wt.% S:numeric_sparse_0.25;Test Solution:high_cardinality;Heat treatment:categorical_sparse_0.54;Microstructures:categorical_sparse_0.28",,,,,,,,,,,,,,,,,,,,,,,step-1000,1000
4,epit_scm_trial_0036,local_tabicl_regressor,/home/fcolanto/projects/tabicl/checkpoints/epit_pipeline_final_v1/final_epit_pipeline_optuna_empirical_features_scm_target_v6_trial_0036/step-1000.ckpt,electrochemical_metrics_alloys__pitting_potential__epit_mv_sce_avg,electrochemical_metrics_alloys,Pitting Potential,"Epit, mV (SCE) Avg.",,continuous,0,,median,False,,608,487,121,21,False,0,,,,,epit_pipeline_development_fold_4,0,0,0,0,True,,,normal_corrosion,222.0378458101777,294.2534709732807,0.3691107573699328,0.5695699374944044,0.6252160667990316,0.4329066987915339,0.5737053440695665,"environment,material,process_history","{""environment"": 3, ""material"": 17, ""process_history"": 1}","Composition, wt.% N:numeric_sparse_0.34;Composition, wt.% C:numeric_sparse_0.45;Composition, wt.% Si:numeric_sparse_0.44;Composition, wt.% Mn:numeric_sparse_0.41;Composition, wt.% Cu:numeric_sparse_0.19;Composition, wt.% P:numeric_sparse_0.23;Composition, wt.% S:numeric_sparse_0.25;Test Solution:high_cardinality;Heat treatment:categorical_sparse_0.54;Microstructures:categorical_sparse_0.28",,,,,,,,,,,,,,,,,,,,,,,step-1000,1000
4,pretrained_tabicl_v2,pretrained_tabicl_regressor,/home/fcolanto/.cache/huggingface/hub/models--jingang--TabICL/snapshots/4dcd344ece2c00be9e831fdd35bed57b5ad83e19/tabicl-regressor-v2-20260212.ckpt,electrochemical_metrics_alloys__pitting_potential__epit_mv_sce_avg,electrochemical_metrics_alloys,Pitting Potential,"Epit, mV (SCE) Avg.",,continuous,0,,median,False,,608,487,121,21,False,0,,,,,epit_pipeline_development_fold_4,0,0,0,0,True,,,normal_corrosion,179.26880134642678,246.08812648475617,0.558743360436929,0.7264166761737962,0.7510518633431433,0.349519987027543,0.4797974780361789,"environment,material,process_history","{""environment"": 3, ""material"": 17, ""process_history"": 1}","Composition, wt.% N:numeric_sparse_0.34;Composition, wt.% C:numeric_sparse_0.45;Composition, wt.% Si:numeric_sparse_0.44;Composition, wt.% Mn:numeric_sparse_0.41;Composition, wt.% Cu:numeric_sparse_0.19;Composition, wt.% P:numeric_sparse_0.23;Composition, wt.% S:numeric_sparse_0.25;Test Solution:high_cardinality;Heat treatment:categorical_sparse_0.54;Microstructures:categorical_sparse_0.28",,,,,,,,,,,,,,,,,,,,,,,step-1000,1000
4,catboost,catboost_regressor,catboost==1.2.10;iterations=1000;depth=6;learning_rate=0.03;l2_leaf_reg=3;thread_count=8,electrochemical_metrics_alloys__pitting_potential__epit_mv_sce_avg,electrochemical_metrics_alloys,Pitting Potential,"Epit, mV (SCE) Avg.",,continuous,0,,median,False,,608,487,121,21,False,0,,,,,epit_pipeline_development_fold_4,0,0,0,0,True,,,normal_corrosion,176.78525495127911,215.45749218665375,0.6617536377540367,0.7670399984280225,0.8227456609591492,0.3446778220925699,0.4200769978293113,"environment,material,process_history","{""environment"": 3, ""material"": 17, ""process_history"": 1}","Composition, wt.% N:numeric_sparse_0.34;Composition, wt.% C:numeric_sparse_0.45;Composition, wt.% Si:numeric_sparse_0.44;Composition, wt.% Mn:numeric_sparse_0.41;Composition, wt.% Cu:numeric_sparse_0.19;Composition, wt.% P:numeric_sparse_0.23;Composition, wt.% S:numeric_sparse_0.25;Test Solution:high_cardinality;Heat treatment:categorical_sparse_0.54;Microstructures:categorical_sparse_0.28",,,,,,,,,,,,,,,,,,,,,,,step-1000,1000
4,generic_baseline,local_tabicl_regressor,/home/fcolanto/projects/tabicl/checkpoints/tabicl_s1_regression_baseline/step-1500.ckpt,electrochemical_metrics_alloys__pitting_potential__epit_mv_sce_avg,electrochemical_metrics_alloys,Pitting Potential,"Epit, mV (SCE) Avg.",,continuous,0,,median,False,,608,487,121,21,False,0,,,,,epit_pipeline_development_fold_4,0,0,0,0,True,,,normal_corrosion,215.5723901953469,295.2670565670839,0.3647569491516217,0.5340918521704017,0.6284180212901366,0.4203010142237218,0.575681529668715,"environment,material,process_history","{""environment"": 3, ""material"": 17, ""process_history"": 1}","Composition, wt.% N:numeric_sparse_0.34;Composition, wt.% C:numeric_sparse_0.45;Composition, wt.% Si:numeric_sparse_0.44;Composition, wt.% Mn:numeric_sparse_0.41;Composition, wt.% Cu:numeric_sparse_0.19;Composition, wt.% P:numeric_sparse_0.23;Composition, wt.% S:numeric_sparse_0.25;Test Solution:high_cardinality;Heat treatment:categorical_sparse_0.54;Microstructures:categorical_sparse_0.28",,,,,,,,,,,,,,,,,,,,,,,step-1500,1500
4,epit_scm_trial_0036,local_tabicl_regressor,/home/fcolanto/projects/tabicl/checkpoints/epit_pipeline_final_v1/final_epit_pipeline_optuna_empirical_features_scm_target_v6_trial_0036/step-1500.ckpt,electrochemical_metrics_alloys__pitting_potential__epit_mv_sce_avg,electrochemical_metrics_alloys,Pitting Potential,"Epit, mV (SCE) Avg.",,continuous,0,,median,False,,608,487,121,21,False,0,,,,,epit_pipeline_development_fold_4,0,0,0,0,True,,,normal_corrosion,201.8954716485284,272.0546179087308,0.4607102851839748,0.6346661608815236,0.6865623213848068,0.3936351562654092,0.5304242891572057,"environment,material,process_history","{""environment"": 3, ""material"": 17, ""process_history"": 1}","Composition, wt.% N:numeric_sparse_0.34;Composition, wt.% C:numeric_sparse_0.45;Composition, wt.% Si:numeric_sparse_0.44;Composition, wt.% Mn:numeric_sparse_0.41;Composition, wt.% Cu:numeric_sparse_0.19;Composition, wt.% P:numeric_sparse_0.23;Composition, wt.% S:numeric_sparse_0.25;Test Solution:high_cardinality;Heat treatment:categorical_sparse_0.54;Microstructures:categorical_sparse_0.28",,,,,,,,,,,,,,,,,,,,,,,step-1500,1500
4,pretrained_tabicl_v2,pretrained_tabicl_regressor,/home/fcolanto/.cache/huggingface/hub/models--jingang--TabICL/snapshots/4dcd344ece2c00be9e831fdd35bed57b5ad83e19/tabicl-regressor-v2-20260212.ckpt,electrochemical_metrics_alloys__pitting_potential__epit_mv_sce_avg,electrochemical_metrics_alloys,Pitting Potential,"Epit, mV (SCE) Avg.",,continuous,0,,median,False,,608,487,121,21,False,0,,,,,epit_pipeline_development_fold_4,0,0,0,0,True,,,normal_corrosion,179.26880134642678,246.08812648475617,0.558743360436929,0.7264166761737962,0.7510518633431433,0.349519987027543,0.4797974780361789,"environment,material,process_history","{""environment"": 3, ""material"": 17, ""process_history"": 1}","Composition, wt.% N:numeric_sparse_0.34;Composition, wt.% C:numeric_sparse_0.45;Composition, wt.% Si:numeric_sparse_0.44;Composition, wt.% Mn:numeric_sparse_0.41;Composition, wt.% Cu:numeric_sparse_0.19;Composition, wt.% P:numeric_sparse_0.23;Composition, wt.% S:numeric_sparse_0.25;Test Solution:high_cardinality;Heat treatment:categorical_sparse_0.54;Microstructures:categorical_sparse_0.28",,,,,,,,,,,,,,,,,,,,,,,step-1500,1500
4,catboost,catboost_regressor,catboost==1.2.10;iterations=1000;depth=6;learning_rate=0.03;l2_leaf_reg=3;thread_count=8,electrochemical_metrics_alloys__pitting_potential__epit_mv_sce_avg,electrochemical_metrics_alloys,Pitting Potential,"Epit, mV (SCE) Avg.",,continuous,0,,median,False,,608,487,121,21,False,0,,,,,epit_pipeline_development_fold_4,0,0,0,0,True,,,normal_corrosion,176.78525495127911,215.45749218665375,0.6617536377540367,0.7670399984280225,0.8227456609591492,0.3446778220925699,0.4200769978293113,"environment,material,process_history","{""environment"": 3, ""material"": 17, ""process_history"": 1}","Composition, wt.% N:numeric_sparse_0.34;Composition, wt.% C:numeric_sparse_0.45;Composition, wt.% Si:numeric_sparse_0.44;Composition, wt.% Mn:numeric_sparse_0.41;Composition, wt.% Cu:numeric_sparse_0.19;Composition, wt.% P:numeric_sparse_0.23;Composition, wt.% S:numeric_sparse_0.25;Test Solution:high_cardinality;Heat treatment:categorical_sparse_0.54;Microstructures:categorical_sparse_0.28",,,,,,,,,,,,,,,,,,,,,,,step-1500,1500
4,generic_baseline,local_tabicl_regressor,/home/fcolanto/projects/tabicl/checkpoints/tabicl_s1_regression_baseline/step-2000.ckpt,electrochemical_metrics_alloys__pitting_potential__epit_mv_sce_avg,electrochemical_metrics_alloys,Pitting Potential,"Epit, mV (SCE) Avg.",,continuous,0,,median,False,,608,487,121,21,False,0,,,,,epit_pipeline_development_fold_4,0,0,0,0,True,,,normal_corrosion,227.0559355238948,298.10494222600744,0.3524873076126684,0.6009054127027632,0.6472338866272451,0.442690457250721,0.5812145490856062,"environment,material,process_history","{""environment"": 3, ""material"": 17, ""process_history"": 1}","Composition, wt.% N:numeric_sparse_0.34;Composition, wt.% C:numeric_sparse_0.45;Composition, wt.% Si:numeric_sparse_0.44;Composition, wt.% Mn:numeric_sparse_0.41;Composition, wt.% Cu:numeric_sparse_0.19;Composition, wt.% P:numeric_sparse_0.23;Composition, wt.% S:numeric_sparse_0.25;Test Solution:high_cardinality;Heat treatment:categorical_sparse_0.54;Microstructures:categorical_sparse_0.28",,,,,,,,,,,,,,,,,,,,,,,step-2000,2000
4,epit_scm_trial_0036,local_tabicl_regressor,/home/fcolanto/projects/tabicl/checkpoints/epit_pipeline_final_v1/final_epit_pipeline_optuna_empirical_features_scm_target_v6_trial_0036/step-2000.ckpt,electrochemical_metrics_alloys__pitting_potential__epit_mv_sce_avg,electrochemical_metrics_alloys,Pitting Potential,"Epit, mV (SCE) Avg.",,continuous,0,,median,False,,608,487,121,21,False,0,,,,,epit_pipeline_development_fold_4,0,0,0,0,True,,,normal_corrosion,196.72753280575492,257.04309580575455,0.5185825592834777,0.6713331719214635,0.7346706567556259,0.3835592372894423,0.5011563575857956,"environment,material,process_history","{""environment"": 3, ""material"": 17, ""process_history"": 1}","Composition, wt.% N:numeric_sparse_0.34;Composition, wt.% C:numeric_sparse_0.45;Composition, wt.% Si:numeric_sparse_0.44;Composition, wt.% Mn:numeric_sparse_0.41;Composition, wt.% Cu:numeric_sparse_0.19;Composition, wt.% P:numeric_sparse_0.23;Composition, wt.% S:numeric_sparse_0.25;Test Solution:high_cardinality;Heat treatment:categorical_sparse_0.54;Microstructures:categorical_sparse_0.28",,,,,,,,,,,,,,,,,,,,,,,step-2000,2000
4,pretrained_tabicl_v2,pretrained_tabicl_regressor,/home/fcolanto/.cache/huggingface/hub/models--jingang--TabICL/snapshots/4dcd344ece2c00be9e831fdd35bed57b5ad83e19/tabicl-regressor-v2-20260212.ckpt,electrochemical_metrics_alloys__pitting_potential__epit_mv_sce_avg,electrochemical_metrics_alloys,Pitting Potential,"Epit, mV (SCE) Avg.",,continuous,0,,median,False,,608,487,121,21,False,0,,,,,epit_pipeline_development_fold_4,0,0,0,0,True,,,normal_corrosion,179.26880134642678,246.08812648475617,0.558743360436929,0.7264166761737962,0.7510518633431433,0.349519987027543,0.4797974780361789,"environment,material,process_history","{""environment"": 3, ""material"": 17, ""process_history"": 1}","Composition, wt.% N:numeric_sparse_0.34;Composition, wt.% C:numeric_sparse_0.45;Composition, wt.% Si:numeric_sparse_0.44;Composition, wt.% Mn:numeric_sparse_0.41;Composition, wt.% Cu:numeric_sparse_0.19;Composition, wt.% P:numeric_sparse_0.23;Composition, wt.% S:numeric_sparse_0.25;Test Solution:high_cardinality;Heat treatment:categorical_sparse_0.54;Microstructures:categorical_sparse_0.28",,,,,,,,,,,,,,,,,,,,,,,step-2000,2000
4,catboost,catboost_regressor,catboost==1.2.10;iterations=1000;depth=6;learning_rate=0.03;l2_leaf_reg=3;thread_count=8,electrochemical_metrics_alloys__pitting_potential__epit_mv_sce_avg,electrochemical_metrics_alloys,Pitting Potential,"Epit, mV (SCE) Avg.",,continuous,0,,median,False,,608,487,121,21,False,0,,,,,epit_pipeline_development_fold_4,0,0,0,0,True,,,normal_corrosion,176.78525495127911,215.45749218665375,0.6617536377540367,0.7670399984280225,0.8227456609591492,0.3446778220925699,0.4200769978293113,"environment,material,process_history","{""environment"": 3, ""material"": 17, ""process_history"": 1}","Composition, wt.% N:numeric_sparse_0.34;Composition, wt.% C:numeric_sparse_0.45;Composition, wt.% Si:numeric_sparse_0.44;Composition, wt.% Mn:numeric_sparse_0.41;Composition, wt.% Cu:numeric_sparse_0.19;Composition, wt.% P:numeric_sparse_0.23;Composition, wt.% S:numeric_sparse_0.25;Test Solution:high_cardinality;Heat treatment:categorical_sparse_0.54;Microstructures:categorical_sparse_0.28",,,,,,,,,,,,,,,,,,,,,,,step-2000,2000
4,generic_baseline,local_tabicl_regressor,/home/fcolanto/projects/tabicl/checkpoints/tabicl_s1_regression_baseline/step-2500.ckpt,electrochemical_metrics_alloys__pitting_potential__epit_mv_sce_avg,electrochemical_metrics_alloys,Pitting Potential,"Epit, mV (SCE) Avg.",,continuous,0,,median,False,,608,487,121,21,False,0,,,,,epit_pipeline_development_fold_4,0,0,0,0,True,,,normal_corrosion,204.95593454722416,295.28715081734646,0.3646704839201906,0.6065688993040362,0.6484193413433474,0.3996021340363115,0.575720707384181,"environment,material,process_history","{""environment"": 3, ""material"": 17, ""process_history"": 1}","Composition, wt.% N:numeric_sparse_0.34;Composition, wt.% C:numeric_sparse_0.45;Composition, wt.% Si:numeric_sparse_0.44;Composition, wt.% Mn:numeric_sparse_0.41;Composition, wt.% Cu:numeric_sparse_0.19;Composition, wt.% P:numeric_sparse_0.23;Composition, wt.% S:numeric_sparse_0.25;Test Solution:high_cardinality;Heat treatment:categorical_sparse_0.54;Microstructures:categorical_sparse_0.28",,,,,,,,,,,,,,,,,,,,,,,step-2500,2500
4,epit_scm_trial_0036,local_tabicl_regressor,/home/fcolanto/projects/tabicl/checkpoints/epit_pipeline_final_v1/final_epit_pipeline_optuna_empirical_features_scm_target_v6_trial_0036/step-2500.ckpt,electrochemical_metrics_alloys__pitting_potential__epit_mv_sce_avg,electrochemical_metrics_alloys,Pitting Potential,"Epit, mV (SCE) Avg.",,continuous,0,,median,False,,608,487,121,21,False,0,,,,,epit_pipeline_development_fold_4,0,0,0,0,True,,,normal_corrosion,190.53780343362007,250.3159433997249,0.5434514608040866,0.7095583192273037,0.757984151077243,0.3714911355695459,0.4880404433607426,"environment,material,process_history","{""environment"": 3, ""material"": 17, ""process_history"": 1}","Composition, wt.% N:numeric_sparse_0.34;Composition, wt.% C:numeric_sparse_0.45;Composition, wt.% Si:numeric_sparse_0.44;Composition, wt.% Mn:numeric_sparse_0.41;Composition, wt.% Cu:numeric_sparse_0.19;Composition, wt.% P:numeric_sparse_0.23;Composition, wt.% S:numeric_sparse_0.25;Test Solution:high_cardinality;Heat treatment:categorical_sparse_0.54;Microstructures:categorical_sparse_0.28",,,,,,,,,,,,,,,,,,,,,,,step-2500,2500
4,pretrained_tabicl_v2,pretrained_tabicl_regressor,/home/fcolanto/.cache/huggingface/hub/models--jingang--TabICL/snapshots/4dcd344ece2c00be9e831fdd35bed57b5ad83e19/tabicl-regressor-v2-20260212.ckpt,electrochemical_metrics_alloys__pitting_potential__epit_mv_sce_avg,electrochemical_metrics_alloys,Pitting Potential,"Epit, mV (SCE) Avg.",,continuous,0,,median,False,,608,487,121,21,False,0,,,,,epit_pipeline_development_fold_4,0,0,0,0,True,,,normal_corrosion,179.26880134642678,246.08812648475617,0.558743360436929,0.7264166761737962,0.7510518633431433,0.349519987027543,0.4797974780361789,"environment,material,process_history","{""environment"": 3, ""material"": 17, ""process_history"": 1}","Composition, wt.% N:numeric_sparse_0.34;Composition, wt.% C:numeric_sparse_0.45;Composition, wt.% Si:numeric_sparse_0.44;Composition, wt.% Mn:numeric_sparse_0.41;Composition, wt.% Cu:numeric_sparse_0.19;Composition, wt.% P:numeric_sparse_0.23;Composition, wt.% S:numeric_sparse_0.25;Test Solution:high_cardinality;Heat treatment:categorical_sparse_0.54;Microstructures:categorical_sparse_0.28",,,,,,,,,,,,,,,,,,,,,,,step-2500,2500
4,catboost,catboost_regressor,catboost==1.2.10;iterations=1000;depth=6;learning_rate=0.03;l2_leaf_reg=3;thread_count=8,electrochemical_metrics_alloys__pitting_potential__epit_mv_sce_avg,electrochemical_metrics_alloys,Pitting Potential,"Epit, mV (SCE) Avg.",,continuous,0,,median,False,,608,487,121,21,False,0,,,,,epit_pipeline_development_fold_4,0,0,0,0,True,,,normal_corrosion,176.78525495127911,215.45749218665375,0.6617536377540367,0.7670399984280225,0.8227456609591492,0.3446778220925699,0.4200769978293113,"environment,material,process_history","{""environment"": 3, ""material"": 17, ""process_history"": 1}","Composition, wt.% N:numeric_sparse_0.34;Composition, wt.% C:numeric_sparse_0.45;Composition, wt.% Si:numeric_sparse_0.44;Composition, wt.% Mn:numeric_sparse_0.41;Composition, wt.% Cu:numeric_sparse_0.19;Composition, wt.% P:numeric_sparse_0.23;Composition, wt.% S:numeric_sparse_0.25;Test Solution:high_cardinality;Heat treatment:categorical_sparse_0.54;Microstructures:categorical_sparse_0.28",,,,,,,,,,,,,,,,,,,,,,,step-2500,2500
4,generic_baseline,local_tabicl_regressor,/home/fcolanto/projects/tabicl/checkpoints/tabicl_s1_regression_baseline/step-3000.ckpt,electrochemical_metrics_alloys__pitting_potential__epit_mv_sce_avg,electrochemical_metrics_alloys,Pitting Potential,"Epit, mV (SCE) Avg.",,continuous,0,,median,False,,608,487,121,21,False,0,,,,,epit_pipeline_development_fold_4,0,0,0,0,True,,,normal_corrosion,198.8150246643713,277.89788759314337,0.4372954530192761,0.6256492940558127,0.676298387609996,0.3876292155671111,0.5418168991872556,"environment,material,process_history","{""environment"": 3, ""material"": 17, ""process_history"": 1}","Composition, wt.% N:numeric_sparse_0.34;Composition, wt.% C:numeric_sparse_0.45;Composition, wt.% Si:numeric_sparse_0.44;Composition, wt.% Mn:numeric_sparse_0.41;Composition, wt.% Cu:numeric_sparse_0.19;Composition, wt.% P:numeric_sparse_0.23;Composition, wt.% S:numeric_sparse_0.25;Test Solution:high_cardinality;Heat treatment:categorical_sparse_0.54;Microstructures:categorical_sparse_0.28",,,,,,,,,,,,,,,,,,,,,,,step-3000,3000
4,epit_scm_trial_0036,local_tabicl_regressor,/home/fcolanto/projects/tabicl/checkpoints/epit_pipeline_final_v1/final_epit_pipeline_optuna_empirical_features_scm_target_v6_trial_0036/step-3000.ckpt,electrochemical_metrics_alloys__pitting_potential__epit_mv_sce_avg,electrochemical_metrics_alloys,Pitting Potential,"Epit, mV (SCE) Avg.",,continuous,0,,median,False,,608,487,121,21,False,0,,,,,epit_pipeline_development_fold_4,0,0,0,0,True,,,normal_corrosion,211.642886517096,273.4231555395632,0.4552709761205322,0.6721765978567009,0.7138114144989702,0.4126396695595555,0.5330925239609343,"environment,material,process_history","{""environment"": 3, ""material"": 17, ""process_history"": 1}","Composition, wt.% N:numeric_sparse_0.34;Composition, wt.% C:numeric_sparse_0.45;Composition, wt.% Si:numeric_sparse_0.44;Composition, wt.% Mn:numeric_sparse_0.41;Composition, wt.% Cu:numeric_sparse_0.19;Composition, wt.% P:numeric_sparse_0.23;Composition, wt.% S:numeric_sparse_0.25;Test Solution:high_cardinality;Heat treatment:categorical_sparse_0.54;Microstructures:categorical_sparse_0.28",,,,,,,,,,,,,,,,,,,,,,,step-3000,3000
4,pretrained_tabicl_v2,pretrained_tabicl_regressor,/home/fcolanto/.cache/huggingface/hub/models--jingang--TabICL/snapshots/4dcd344ece2c00be9e831fdd35bed57b5ad83e19/tabicl-regressor-v2-20260212.ckpt,electrochemical_metrics_alloys__pitting_potential__epit_mv_sce_avg,electrochemical_metrics_alloys,Pitting Potential,"Epit, mV (SCE) Avg.",,continuous,0,,median,False,,608,487,121,21,False,0,,,,,epit_pipeline_development_fold_4,0,0,0,0,True,,,normal_corrosion,179.26880134642678,246.08812648475617,0.558743360436929,0.7264166761737962,0.7510518633431433,0.349519987027543,0.4797974780361789,"environment,material,process_history","{""environment"": 3, ""material"": 17, ""process_history"": 1}","Composition, wt.% N:numeric_sparse_0.34;Composition, wt.% C:numeric_sparse_0.45;Composition, wt.% Si:numeric_sparse_0.44;Composition, wt.% Mn:numeric_sparse_0.41;Composition, wt.% Cu:numeric_sparse_0.19;Composition, wt.% P:numeric_sparse_0.23;Composition, wt.% S:numeric_sparse_0.25;Test Solution:high_cardinality;Heat treatment:categorical_sparse_0.54;Microstructures:categorical_sparse_0.28",,,,,,,,,,,,,,,,,,,,,,,step-3000,3000
4,catboost,catboost_regressor,catboost==1.2.10;iterations=1000;depth=6;learning_rate=0.03;l2_leaf_reg=3;thread_count=8,electrochemical_metrics_alloys__pitting_potential__epit_mv_sce_avg,electrochemical_metrics_alloys,Pitting Potential,"Epit, mV (SCE) Avg.",,continuous,0,,median,False,,608,487,121,21,False,0,,,,,epit_pipeline_development_fold_4,0,0,0,0,True,,,normal_corrosion,176.78525495127911,215.45749218665375,0.6617536377540367,0.7670399984280225,0.8227456609591492,0.3446778220925699,0.4200769978293113,"environment,material,process_history","{""environment"": 3, ""material"": 17, ""process_history"": 1}","Composition, wt.% N:numeric_sparse_0.34;Composition, wt.% C:numeric_sparse_0.45;Composition, wt.% Si:numeric_sparse_0.44;Composition, wt.% Mn:numeric_sparse_0.41;Composition, wt.% Cu:numeric_sparse_0.19;Composition, wt.% P:numeric_sparse_0.23;Composition, wt.% S:numeric_sparse_0.25;Test Solution:high_cardinality;Heat treatment:categorical_sparse_0.54;Microstructures:categorical_sparse_0.28",,,,,,,,,,,,,,,,,,,,,,,step-3000,3000
4,generic_baseline,local_tabicl_regressor,/home/fcolanto/projects/tabicl/checkpoints/tabicl_s1_regression_baseline/step-3500.ckpt,electrochemical_metrics_alloys__pitting_potential__epit_mv_sce_avg,electrochemical_metrics_alloys,Pitting Potential,"Epit, mV (SCE) Avg.",,continuous,0,,median,False,,608,487,121,21,False,0,,,,,epit_pipeline_development_fold_4,0,0,0,0,True,,,normal_corrosion,219.60759878425444,285.536490176437,0.4059360930307508,0.6000382759982622,0.6681257519936711,0.4281684515193106,0.5567098658148508,"environment,material,process_history","{""environment"": 3, ""material"": 17, ""process_history"": 1}","Composition, wt.% N:numeric_sparse_0.34;Composition, wt.% C:numeric_sparse_0.45;Composition, wt.% Si:numeric_sparse_0.44;Composition, wt.% Mn:numeric_sparse_0.41;Composition, wt.% Cu:numeric_sparse_0.19;Composition, wt.% P:numeric_sparse_0.23;Composition, wt.% S:numeric_sparse_0.25;Test Solution:high_cardinality;Heat treatment:categorical_sparse_0.54;Microstructures:categorical_sparse_0.28",,,,,,,,,,,,,,,,,,,,,,,step-3500,3500
4,epit_scm_trial_0036,local_tabicl_regressor,/home/fcolanto/projects/tabicl/checkpoints/epit_pipeline_final_v1/final_epit_pipeline_optuna_empirical_features_scm_target_v6_trial_0036/step-3500.ckpt,electrochemical_metrics_alloys__pitting_potential__epit_mv_sce_avg,electrochemical_metrics_alloys,Pitting Potential,"Epit, mV (SCE) Avg.",,continuous,0,,median,False,,608,487,121,21,False,0,,,,,epit_pipeline_development_fold_4,0,0,0,0,True,,,normal_corrosion,212.1836808801787,273.8845429514316,0.45343102099223,0.6753131939050135,0.7272064041399958,0.4136940551378021,0.5339920899813446,"environment,material,process_history","{""environment"": 3, ""material"": 17, ""process_history"": 1}","Composition, wt.% N:numeric_sparse_0.34;Composition, wt.% C:numeric_sparse_0.45;Composition, wt.% Si:numeric_sparse_0.44;Composition, wt.% Mn:numeric_sparse_0.41;Composition, wt.% Cu:numeric_sparse_0.19;Composition, wt.% P:numeric_sparse_0.23;Composition, wt.% S:numeric_sparse_0.25;Test Solution:high_cardinality;Heat treatment:categorical_sparse_0.54;Microstructures:categorical_sparse_0.28",,,,,,,,,,,,,,,,,,,,,,,step-3500,3500
4,pretrained_tabicl_v2,pretrained_tabicl_regressor,/home/fcolanto/.cache/huggingface/hub/models--jingang--TabICL/snapshots/4dcd344ece2c00be9e831fdd35bed57b5ad83e19/tabicl-regressor-v2-20260212.ckpt,electrochemical_metrics_alloys__pitting_potential__epit_mv_sce_avg,electrochemical_metrics_alloys,Pitting Potential,"Epit, mV (SCE) Avg.",,continuous,0,,median,False,,608,487,121,21,False,0,,,,,epit_pipeline_development_fold_4,0,0,0,0,True,,,normal_corrosion,179.26880134642678,246.08812648475617,0.558743360436929,0.7264166761737962,0.7510518633431433,0.349519987027543,0.4797974780361789,"environment,material,process_history","{""environment"": 3, ""material"": 17, ""process_history"": 1}","Composition, wt.% N:numeric_sparse_0.34;Composition, wt.% C:numeric_sparse_0.45;Composition, wt.% Si:numeric_sparse_0.44;Composition, wt.% Mn:numeric_sparse_0.41;Composition, wt.% Cu:numeric_sparse_0.19;Composition, wt.% P:numeric_sparse_0.23;Composition, wt.% S:numeric_sparse_0.25;Test Solution:high_cardinality;Heat treatment:categorical_sparse_0.54;Microstructures:categorical_sparse_0.28",,,,,,,,,,,,,,,,,,,,,,,step-3500,3500
4,catboost,catboost_regressor,catboost==1.2.10;iterations=1000;depth=6;learning_rate=0.03;l2_leaf_reg=3;thread_count=8,electrochemical_metrics_alloys__pitting_potential__epit_mv_sce_avg,electrochemical_metrics_alloys,Pitting Potential,"Epit, mV (SCE) Avg.",,continuous,0,,median,False,,608,487,121,21,False,0,,,,,epit_pipeline_development_fold_4,0,0,0,0,True,,,normal_corrosion,176.78525495127911,215.45749218665375,0.6617536377540367,0.7670399984280225,0.8227456609591492,0.3446778220925699,0.4200769978293113,"environment,material,process_history","{""environment"": 3, ""material"": 17, ""process_history"": 1}","Composition, wt.% N:numeric_sparse_0.34;Composition, wt.% C:numeric_sparse_0.45;Composition, wt.% Si:numeric_sparse_0.44;Composition, wt.% Mn:numeric_sparse_0.41;Composition, wt.% Cu:numeric_sparse_0.19;Composition, wt.% P:numeric_sparse_0.23;Composition, wt.% S:numeric_sparse_0.25;Test Solution:high_cardinality;Heat treatment:categorical_sparse_0.54;Microstructures:categorical_sparse_0.28",,,,,,,,,,,,,,,,,,,,,,,step-3500,3500
4,generic_baseline,local_tabicl_regressor,/home/fcolanto/projects/tabicl/checkpoints/tabicl_s1_regression_baseline/step-4000.ckpt,electrochemical_metrics_alloys__pitting_potential__epit_mv_sce_avg,electrochemical_metrics_alloys,Pitting Potential,"Epit, mV (SCE) Avg.",,continuous,0,,median,False,,608,487,121,21,False,0,,,,,epit_pipeline_development_fold_4,0,0,0,0,True,,,normal_corrosion,199.9031695739384,274.3206072996211,0.4516891995771708,0.654244481787838,0.6993169706107297,0.3897507692999384,0.5348422836802907,"environment,material,process_history","{""environment"": 3, ""material"": 17, ""process_history"": 1}","Composition, wt.% N:numeric_sparse_0.34;Composition, wt.% C:numeric_sparse_0.45;Composition, wt.% Si:numeric_sparse_0.44;Composition, wt.% Mn:numeric_sparse_0.41;Composition, wt.% Cu:numeric_sparse_0.19;Composition, wt.% P:numeric_sparse_0.23;Composition, wt.% S:numeric_sparse_0.25;Test Solution:high_cardinality;Heat treatment:categorical_sparse_0.54;Microstructures:categorical_sparse_0.28",,,,,,,,,,,,,,,,,,,,,,,step-4000,4000
4,epit_scm_trial_0036,local_tabicl_regressor,/home/fcolanto/projects/tabicl/checkpoints/epit_pipeline_final_v1/final_epit_pipeline_optuna_empirical_features_scm_target_v6_trial_0036/step-4000.ckpt,electrochemical_metrics_alloys__pitting_potential__epit_mv_sce_avg,electrochemical_metrics_alloys,Pitting Potential,"Epit, mV (SCE) Avg.",,continuous,0,,median,False,,608,487,121,21,False,0,,,,,epit_pipeline_development_fold_4,0,0,0,0,True,,,normal_corrosion,199.0655493397248,254.4446681407848,0.5282665823143415,0.682128346441952,0.7318022097007588,0.3881176629747023,0.4960902088921521,"environment,material,process_history","{""environment"": 3, ""material"": 17, ""process_history"": 1}","Composition, wt.% N:numeric_sparse_0.34;Composition, wt.% C:numeric_sparse_0.45;Composition, wt.% Si:numeric_sparse_0.44;Composition, wt.% Mn:numeric_sparse_0.41;Composition, wt.% Cu:numeric_sparse_0.19;Composition, wt.% P:numeric_sparse_0.23;Composition, wt.% S:numeric_sparse_0.25;Test Solution:high_cardinality;Heat treatment:categorical_sparse_0.54;Microstructures:categorical_sparse_0.28",,,,,,,,,,,,,,,,,,,,,,,step-4000,4000
4,pretrained_tabicl_v2,pretrained_tabicl_regressor,/home/fcolanto/.cache/huggingface/hub/models--jingang--TabICL/snapshots/4dcd344ece2c00be9e831fdd35bed57b5ad83e19/tabicl-regressor-v2-20260212.ckpt,electrochemical_metrics_alloys__pitting_potential__epit_mv_sce_avg,electrochemical_metrics_alloys,Pitting Potential,"Epit, mV (SCE) Avg.",,continuous,0,,median,False,,608,487,121,21,False,0,,,,,epit_pipeline_development_fold_4,0,0,0,0,True,,,normal_corrosion,179.26880134642678,246.08812648475617,0.558743360436929,0.7264166761737962,0.7510518633431433,0.349519987027543,0.4797974780361789,"environment,material,process_history","{""environment"": 3, ""material"": 17, ""process_history"": 1}","Composition, wt.% N:numeric_sparse_0.34;Composition, wt.% C:numeric_sparse_0.45;Composition, wt.% Si:numeric_sparse_0.44;Composition, wt.% Mn:numeric_sparse_0.41;Composition, wt.% Cu:numeric_sparse_0.19;Composition, wt.% P:numeric_sparse_0.23;Composition, wt.% S:numeric_sparse_0.25;Test Solution:high_cardinality;Heat treatment:categorical_sparse_0.54;Microstructures:categorical_sparse_0.28",,,,,,,,,,,,,,,,,,,,,,,step-4000,4000
4,catboost,catboost_regressor,catboost==1.2.10;iterations=1000;depth=6;learning_rate=0.03;l2_leaf_reg=3;thread_count=8,electrochemical_metrics_alloys__pitting_potential__epit_mv_sce_avg,electrochemical_metrics_alloys,Pitting Potential,"Epit, mV (SCE) Avg.",,continuous,0,,median,False,,608,487,121,21,False,0,,,,,epit_pipeline_development_fold_4,0,0,0,0,True,,,normal_corrosion,176.78525495127911,215.45749218665375,0.6617536377540367,0.7670399984280225,0.8227456609591492,0.3446778220925699,0.4200769978293113,"environment,material,process_history","{""environment"": 3, ""material"": 17, ""process_history"": 1}","Composition, wt.% N:numeric_sparse_0.34;Composition, wt.% C:numeric_sparse_0.45;Composition, wt.% Si:numeric_sparse_0.44;Composition, wt.% Mn:numeric_sparse_0.41;Composition, wt.% Cu:numeric_sparse_0.19;Composition, wt.% P:numeric_sparse_0.23;Composition, wt.% S:numeric_sparse_0.25;Test Solution:high_cardinality;Heat treatment:categorical_sparse_0.54;Microstructures:categorical_sparse_0.28",,,,,,,,,,,,,,,,,,,,,,,step-4000,4000
4,generic_baseline,local_tabicl_regressor,/home/fcolanto/projects/tabicl/checkpoints/tabicl_s1_regression_baseline/step-4500.ckpt,electrochemical_metrics_alloys__pitting_potential__epit_mv_sce_avg,electrochemical_metrics_alloys,Pitting Potential,"Epit, mV (SCE) Avg.",,continuous,0,,median,False,,608,487,121,21,False,0,,,,,epit_pipeline_development_fold_4,0,0,0,0,True,,,normal_corrosion,210.00539656519777,284.1310992440804,0.4117695848346142,0.6402957749552769,0.6490027815443907,0.4094470590079894,0.5539697782103341,"environment,material,process_history","{""environment"": 3, ""material"": 17, ""process_history"": 1}","Composition, wt.% N:numeric_sparse_0.34;Composition, wt.% C:numeric_sparse_0.45;Composition, wt.% Si:numeric_sparse_0.44;Composition, wt.% Mn:numeric_sparse_0.41;Composition, wt.% Cu:numeric_sparse_0.19;Composition, wt.% P:numeric_sparse_0.23;Composition, wt.% S:numeric_sparse_0.25;Test Solution:high_cardinality;Heat treatment:categorical_sparse_0.54;Microstructures:categorical_sparse_0.28",,,,,,,,,,,,,,,,,,,,,,,step-4500,4500
4,epit_scm_trial_0036,local_tabicl_regressor,/home/fcolanto/projects/tabicl/checkpoints/epit_pipeline_final_v1/final_epit_pipeline_optuna_empirical_features_scm_target_v6_trial_0036/step-4500.ckpt,electrochemical_metrics_alloys__pitting_potential__epit_mv_sce_avg,electrochemical_metrics_alloys,Pitting Potential,"Epit, mV (SCE) Avg.",,continuous,0,,median,False,,608,487,121,21,False,0,,,,,epit_pipeline_development_fold_4,0,0,0,0,True,,,normal_corrosion,201.40789374043015,263.65070468180534,0.4935135790331462,0.6673260519158978,0.7201023892476367,0.3926845266922016,0.514039198053822,"environment,material,process_history","{""environment"": 3, ""material"": 17, ""process_history"": 1}","Composition, wt.% N:numeric_sparse_0.34;Composition, wt.% C:numeric_sparse_0.45;Composition, wt.% Si:numeric_sparse_0.44;Composition, wt.% Mn:numeric_sparse_0.41;Composition, wt.% Cu:numeric_sparse_0.19;Composition, wt.% P:numeric_sparse_0.23;Composition, wt.% S:numeric_sparse_0.25;Test Solution:high_cardinality;Heat treatment:categorical_sparse_0.54;Microstructures:categorical_sparse_0.28",,,,,,,,,,,,,,,,,,,,,,,step-4500,4500
4,pretrained_tabicl_v2,pretrained_tabicl_regressor,/home/fcolanto/.cache/huggingface/hub/models--jingang--TabICL/snapshots/4dcd344ece2c00be9e831fdd35bed57b5ad83e19/tabicl-regressor-v2-20260212.ckpt,electrochemical_metrics_alloys__pitting_potential__epit_mv_sce_avg,electrochemical_metrics_alloys,Pitting Potential,"Epit, mV (SCE) Avg.",,continuous,0,,median,False,,608,487,121,21,False,0,,,,,epit_pipeline_development_fold_4,0,0,0,0,True,,,normal_corrosion,179.26880134642678,246.08812648475617,0.558743360436929,0.7264166761737962,0.7510518633431433,0.349519987027543,0.4797974780361789,"environment,material,process_history","{""environment"": 3, ""material"": 17, ""process_history"": 1}","Composition, wt.% N:numeric_sparse_0.34;Composition, wt.% C:numeric_sparse_0.45;Composition, wt.% Si:numeric_sparse_0.44;Composition, wt.% Mn:numeric_sparse_0.41;Composition, wt.% Cu:numeric_sparse_0.19;Composition, wt.% P:numeric_sparse_0.23;Composition, wt.% S:numeric_sparse_0.25;Test Solution:high_cardinality;Heat treatment:categorical_sparse_0.54;Microstructures:categorical_sparse_0.28",,,,,,,,,,,,,,,,,,,,,,,step-4500,4500
4,catboost,catboost_regressor,catboost==1.2.10;iterations=1000;depth=6;learning_rate=0.03;l2_leaf_reg=3;thread_count=8,electrochemical_metrics_alloys__pitting_potential__epit_mv_sce_avg,electrochemical_metrics_alloys,Pitting Potential,"Epit, mV (SCE) Avg.",,continuous,0,,median,False,,608,487,121,21,False,0,,,,,epit_pipeline_development_fold_4,0,0,0,0,True,,,normal_corrosion,176.78525495127911,215.45749218665375,0.6617536377540367,0.7670399984280225,0.8227456609591492,0.3446778220925699,0.4200769978293113,"environment,material,process_history","{""environment"": 3, ""material"": 17, ""process_history"": 1}","Composition, wt.% N:numeric_sparse_0.34;Composition, wt.% C:numeric_sparse_0.45;Composition, wt.% Si:numeric_sparse_0.44;Composition, wt.% Mn:numeric_sparse_0.41;Composition, wt.% Cu:numeric_sparse_0.19;Composition, wt.% P:numeric_sparse_0.23;Composition, wt.% S:numeric_sparse_0.25;Test Solution:high_cardinality;Heat treatment:categorical_sparse_0.54;Microstructures:categorical_sparse_0.28",,,,,,,,,,,,,,,,,,,,,,,step-4500,4500
4,generic_baseline,local_tabicl_regressor,/home/fcolanto/projects/tabicl/checkpoints/tabicl_s1_regression_baseline/step-5000.ckpt,electrochemical_metrics_alloys__pitting_potential__epit_mv_sce_avg,electrochemical_metrics_alloys,Pitting Potential,"Epit, mV (SCE) Avg.",,continuous,0,,median,False,,608,487,121,21,False,0,,,,,epit_pipeline_development_fold_4,0,0,0,0,True,,,normal_corrosion,213.35408976719285,279.74259205596184,0.4298001184377471,0.6470499569426803,0.6905219111146444,0.4159759987662173,0.5454135154142364,"environment,material,process_history","{""environment"": 3, ""material"": 17, ""process_history"": 1}","Composition, wt.% N:numeric_sparse_0.34;Composition, wt.% C:numeric_sparse_0.45;Composition, wt.% Si:numeric_sparse_0.44;Composition, wt.% Mn:numeric_sparse_0.41;Composition, wt.% Cu:numeric_sparse_0.19;Composition, wt.% P:numeric_sparse_0.23;Composition, wt.% S:numeric_sparse_0.25;Test Solution:high_cardinality;Heat treatment:categorical_sparse_0.54;Microstructures:categorical_sparse_0.28",,,,,,,,,,,,,,,,,,,,,,,step-5000,5000
4,epit_scm_trial_0036,local_tabicl_regressor,/home/fcolanto/projects/tabicl/checkpoints/epit_pipeline_final_v1/final_epit_pipeline_optuna_empirical_features_scm_target_v6_trial_0036/step-5000.ckpt,electrochemical_metrics_alloys__pitting_potential__epit_mv_sce_avg,electrochemical_metrics_alloys,Pitting Potential,"Epit, mV (SCE) Avg.",,continuous,0,,median,False,,608,487,121,21,False,0,,,,,epit_pipeline_development_fold_4,0,0,0,0,True,,,normal_corrosion,202.8030037985268,265.1450245032958,0.4877559798303903,0.6649515877367757,0.7176331116978915,0.3954045696988239,0.5169526701175586,"environment,material,process_history","{""environment"": 3, ""material"": 17, ""process_history"": 1}","Composition, wt.% N:numeric_sparse_0.34;Composition, wt.% C:numeric_sparse_0.45;Composition, wt.% Si:numeric_sparse_0.44;Composition, wt.% Mn:numeric_sparse_0.41;Composition, wt.% Cu:numeric_sparse_0.19;Composition, wt.% P:numeric_sparse_0.23;Composition, wt.% S:numeric_sparse_0.25;Test Solution:high_cardinality;Heat treatment:categorical_sparse_0.54;Microstructures:categorical_sparse_0.28",,,,,,,,,,,,,,,,,,,,,,,step-5000,5000
4,pretrained_tabicl_v2,pretrained_tabicl_regressor,/home/fcolanto/.cache/huggingface/hub/models--jingang--TabICL/snapshots/4dcd344ece2c00be9e831fdd35bed57b5ad83e19/tabicl-regressor-v2-20260212.ckpt,electrochemical_metrics_alloys__pitting_potential__epit_mv_sce_avg,electrochemical_metrics_alloys,Pitting Potential,"Epit, mV (SCE) Avg.",,continuous,0,,median,False,,608,487,121,21,False,0,,,,,epit_pipeline_development_fold_4,0,0,0,0,True,,,normal_corrosion,179.26880134642678,246.08812648475617,0.558743360436929,0.7264166761737962,0.7510518633431433,0.349519987027543,0.4797974780361789,"environment,material,process_history","{""environment"": 3, ""material"": 17, ""process_history"": 1}","Composition, wt.% N:numeric_sparse_0.34;Composition, wt.% C:numeric_sparse_0.45;Composition, wt.% Si:numeric_sparse_0.44;Composition, wt.% Mn:numeric_sparse_0.41;Composition, wt.% Cu:numeric_sparse_0.19;Composition, wt.% P:numeric_sparse_0.23;Composition, wt.% S:numeric_sparse_0.25;Test Solution:high_cardinality;Heat treatment:categorical_sparse_0.54;Microstructures:categorical_sparse_0.28",,,,,,,,,,,,,,,,,,,,,,,step-5000,5000
4,catboost,catboost_regressor,catboost==1.2.10;iterations=1000;depth=6;learning_rate=0.03;l2_leaf_reg=3;thread_count=8,electrochemical_metrics_alloys__pitting_potential__epit_mv_sce_avg,electrochemical_metrics_alloys,Pitting Potential,"Epit, mV (SCE) Avg.",,continuous,0,,median,False,,608,487,121,21,False,0,,,,,epit_pipeline_development_fold_4,0,0,0,0,True,,,normal_corrosion,176.78525495127911,215.45749218665375,0.6617536377540367,0.7670399984280225,0.8227456609591492,0.3446778220925699,0.4200769978293113,"environment,material,process_history","{""environment"": 3, ""material"": 17, ""process_history"": 1}","Composition, wt.% N:numeric_sparse_0.34;Composition, wt.% C:numeric_sparse_0.45;Composition, wt.% Si:numeric_sparse_0.44;Composition, wt.% Mn:numeric_sparse_0.41;Composition, wt.% Cu:numeric_sparse_0.19;Composition, wt.% P:numeric_sparse_0.23;Composition, wt.% S:numeric_sparse_0.25;Test Solution:high_cardinality;Heat treatment:categorical_sparse_0.54;Microstructures:categorical_sparse_0.28",,,,,,,,,,,,,,,,,,,,,,,step-5000,5000
4,generic_baseline,local_tabicl_regressor,/home/fcolanto/projects/tabicl/checkpoints/tabicl_s1_regression_baseline/step-5500.ckpt,electrochemical_metrics_alloys__pitting_potential__epit_mv_sce_avg,electrochemical_metrics_alloys,Pitting Potential,"Epit, mV (SCE) Avg.",,continuous,0,,median,False,,608,487,121,21,False,0,,,,,epit_pipeline_development_fold_4,0,0,0,0,True,,,normal_corrosion,219.04208648743597,283.6273875296896,0.4138533828454144,0.5943781766497412,0.6663032278583921,0.4270658734401168,0.5529876925905433,"environment,material,process_history","{""environment"": 3, ""material"": 17, ""process_history"": 1}","Composition, wt.% N:numeric_sparse_0.34;Composition, wt.% C:numeric_sparse_0.45;Composition, wt.% Si:numeric_sparse_0.44;Composition, wt.% Mn:numeric_sparse_0.41;Composition, wt.% Cu:numeric_sparse_0.19;Composition, wt.% P:numeric_sparse_0.23;Composition, wt.% S:numeric_sparse_0.25;Test Solution:high_cardinality;Heat treatment:categorical_sparse_0.54;Microstructures:categorical_sparse_0.28",,,,,,,,,,,,,,,,,,,,,,,step-5500,5500
4,epit_scm_trial_0036,local_tabicl_regressor,/home/fcolanto/projects/tabicl/checkpoints/epit_pipeline_final_v1/final_epit_pipeline_optuna_empirical_features_scm_target_v6_trial_0036/step-5500.ckpt,electrochemical_metrics_alloys__pitting_potential__epit_mv_sce_avg,electrochemical_metrics_alloys,Pitting Potential,"Epit, mV (SCE) Avg.",,continuous,0,,median,False,,608,487,121,21,False,0,,,,,epit_pipeline_development_fold_4,0,0,0,0,True,,,normal_corrosion,196.76113934791664,257.72725369393373,0.5160164225360375,0.672410318296586,0.7274292788499565,0.3836247598906544,0.5024902587130703,"environment,material,process_history","{""environment"": 3, ""material"": 17, ""process_history"": 1}","Composition, wt.% N:numeric_sparse_0.34;Composition, wt.% C:numeric_sparse_0.45;Composition, wt.% Si:numeric_sparse_0.44;Composition, wt.% Mn:numeric_sparse_0.41;Composition, wt.% Cu:numeric_sparse_0.19;Composition, wt.% P:numeric_sparse_0.23;Composition, wt.% S:numeric_sparse_0.25;Test Solution:high_cardinality;Heat treatment:categorical_sparse_0.54;Microstructures:categorical_sparse_0.28",,,,,,,,,,,,,,,,,,,,,,,step-5500,5500
4,pretrained_tabicl_v2,pretrained_tabicl_regressor,/home/fcolanto/.cache/huggingface/hub/models--jingang--TabICL/snapshots/4dcd344ece2c00be9e831fdd35bed57b5ad83e19/tabicl-regressor-v2-20260212.ckpt,electrochemical_metrics_alloys__pitting_potential__epit_mv_sce_avg,electrochemical_metrics_alloys,Pitting Potential,"Epit, mV (SCE) Avg.",,continuous,0,,median,False,,608,487,121,21,False,0,,,,,epit_pipeline_development_fold_4,0,0,0,0,True,,,normal_corrosion,179.26880134642678,246.08812648475617,0.558743360436929,0.7264166761737962,0.7510518633431433,0.349519987027543,0.4797974780361789,"environment,material,process_history","{""environment"": 3, ""material"": 17, ""process_history"": 1}","Composition, wt.% N:numeric_sparse_0.34;Composition, wt.% C:numeric_sparse_0.45;Composition, wt.% Si:numeric_sparse_0.44;Composition, wt.% Mn:numeric_sparse_0.41;Composition, wt.% Cu:numeric_sparse_0.19;Composition, wt.% P:numeric_sparse_0.23;Composition, wt.% S:numeric_sparse_0.25;Test Solution:high_cardinality;Heat treatment:categorical_sparse_0.54;Microstructures:categorical_sparse_0.28",,,,,,,,,,,,,,,,,,,,,,,step-5500,5500
4,catboost,catboost_regressor,catboost==1.2.10;iterations=1000;depth=6;learning_rate=0.03;l2_leaf_reg=3;thread_count=8,electrochemical_metrics_alloys__pitting_potential__epit_mv_sce_avg,electrochemical_metrics_alloys,Pitting Potential,"Epit, mV (SCE) Avg.",,continuous,0,,median,False,,608,487,121,21,False,0,,,,,epit_pipeline_development_fold_4,0,0,0,0,True,,,normal_corrosion,176.78525495127911,215.45749218665375,0.6617536377540367,0.7670399984280225,0.8227456609591492,0.3446778220925699,0.4200769978293113,"environment,material,process_history","{""environment"": 3, ""material"": 17, ""process_history"": 1}","Composition, wt.% N:numeric_sparse_0.34;Composition, wt.% C:numeric_sparse_0.45;Composition, wt.% Si:numeric_sparse_0.44;Composition, wt.% Mn:numeric_sparse_0.41;Composition, wt.% Cu:numeric_sparse_0.19;Composition, wt.% P:numeric_sparse_0.23;Composition, wt.% S:numeric_sparse_0.25;Test Solution:high_cardinality;Heat treatment:categorical_sparse_0.54;Microstructures:categorical_sparse_0.28",,,,,,,,,,,,,,,,,,,,,,,step-5500,5500
4,generic_baseline,local_tabicl_regressor,/home/fcolanto/projects/tabicl/checkpoints/tabicl_s1_regression_baseline/step-6000.ckpt,electrochemical_metrics_alloys__pitting_potential__epit_mv_sce_avg,electrochemical_metrics_alloys,Pitting Potential,"Epit, mV (SCE) Avg.",,continuous,0,,median,False,,608,487,121,21,False,0,,,,,epit_pipeline_development_fold_4,0,0,0,0,True,,,normal_corrosion,204.0278934175996,259.7330633396939,0.5084537255633794,0.6397267164929482,0.7146903281182807,0.3977927342905042,0.5064009813602923,"environment,material,process_history","{""environment"": 3, ""material"": 17, ""process_history"": 1}","Composition, wt.% N:numeric_sparse_0.34;Composition, wt.% C:numeric_sparse_0.45;Composition, wt.% Si:numeric_sparse_0.44;Composition, wt.% Mn:numeric_sparse_0.41;Composition, wt.% Cu:numeric_sparse_0.19;Composition, wt.% P:numeric_sparse_0.23;Composition, wt.% S:numeric_sparse_0.25;Test Solution:high_cardinality;Heat treatment:categorical_sparse_0.54;Microstructures:categorical_sparse_0.28",,,,,,,,,,,,,,,,,,,,,,,step-6000,6000
4,epit_scm_trial_0036,local_tabicl_regressor,/home/fcolanto/projects/tabicl/checkpoints/epit_pipeline_final_v1/final_epit_pipeline_optuna_empirical_features_scm_target_v6_trial_0036/step-6000.ckpt,electrochemical_metrics_alloys__pitting_potential__epit_mv_sce_avg,electrochemical_metrics_alloys,Pitting Potential,"Epit, mV (SCE) Avg.",,continuous,0,,median,False,,608,487,121,21,False,0,,,,,epit_pipeline_development_fold_4,0,0,0,0,True,,,normal_corrosion,205.0902939182969,266.30529090765526,0.4832630429237097,0.6343884061558631,0.7068725698399111,0.3998640942060771,0.5192148389698874,"environment,material,process_history","{""environment"": 3, ""material"": 17, ""process_history"": 1}","Composition, wt.% N:numeric_sparse_0.34;Composition, wt.% C:numeric_sparse_0.45;Composition, wt.% Si:numeric_sparse_0.44;Composition, wt.% Mn:numeric_sparse_0.41;Composition, wt.% Cu:numeric_sparse_0.19;Composition, wt.% P:numeric_sparse_0.23;Composition, wt.% S:numeric_sparse_0.25;Test Solution:high_cardinality;Heat treatment:categorical_sparse_0.54;Microstructures:categorical_sparse_0.28",,,,,,,,,,,,,,,,,,,,,,,step-6000,6000
4,pretrained_tabicl_v2,pretrained_tabicl_regressor,/home/fcolanto/.cache/huggingface/hub/models--jingang--TabICL/snapshots/4dcd344ece2c00be9e831fdd35bed57b5ad83e19/tabicl-regressor-v2-20260212.ckpt,electrochemical_metrics_alloys__pitting_potential__epit_mv_sce_avg,electrochemical_metrics_alloys,Pitting Potential,"Epit, mV (SCE) Avg.",,continuous,0,,median,False,,608,487,121,21,False,0,,,,,epit_pipeline_development_fold_4,0,0,0,0,True,,,normal_corrosion,179.26880134642678,246.08812648475617,0.558743360436929,0.7264166761737962,0.7510518633431433,0.349519987027543,0.4797974780361789,"environment,material,process_history","{""environment"": 3, ""material"": 17, ""process_history"": 1}","Composition, wt.% N:numeric_sparse_0.34;Composition, wt.% C:numeric_sparse_0.45;Composition, wt.% Si:numeric_sparse_0.44;Composition, wt.% Mn:numeric_sparse_0.41;Composition, wt.% Cu:numeric_sparse_0.19;Composition, wt.% P:numeric_sparse_0.23;Composition, wt.% S:numeric_sparse_0.25;Test Solution:high_cardinality;Heat treatment:categorical_sparse_0.54;Microstructures:categorical_sparse_0.28",,,,,,,,,,,,,,,,,,,,,,,step-6000,6000
4,catboost,catboost_regressor,catboost==1.2.10;iterations=1000;depth=6;learning_rate=0.03;l2_leaf_reg=3;thread_count=8,electrochemical_metrics_alloys__pitting_potential__epit_mv_sce_avg,electrochemical_metrics_alloys,Pitting Potential,"Epit, mV (SCE) Avg.",,continuous,0,,median,False,,608,487,121,21,False,0,,,,,epit_pipeline_development_fold_4,0,0,0,0,True,,,normal_corrosion,176.78525495127911,215.45749218665375,0.6617536377540367,0.7670399984280225,0.8227456609591492,0.3446778220925699,0.4200769978293113,"environment,material,process_history","{""environment"": 3, ""material"": 17, ""process_history"": 1}","Composition, wt.% N:numeric_sparse_0.34;Composition, wt.% C:numeric_sparse_0.45;Composition, wt.% Si:numeric_sparse_0.44;Composition, wt.% Mn:numeric_sparse_0.41;Composition, wt.% Cu:numeric_sparse_0.19;Composition, wt.% P:numeric_sparse_0.23;Composition, wt.% S:numeric_sparse_0.25;Test Solution:high_cardinality;Heat treatment:categorical_sparse_0.54;Microstructures:categorical_sparse_0.28",,,,,,,,,,,,,,,,,,,,,,,step-6000,6000
4,generic_baseline,local_tabicl_regressor,/home/fcolanto/projects/tabicl/checkpoints/tabicl_s1_regression_baseline/step-6500.ckpt,electrochemical_metrics_alloys__pitting_potential__epit_mv_sce_avg,electrochemical_metrics_alloys,Pitting Potential,"Epit, mV (SCE) Avg.",,continuous,0,,median,False,,608,487,121,21,False,0,,,,,epit_pipeline_development_fold_4,0,0,0,0,True,,,normal_corrosion,201.8428888979715,252.71149831951163,0.5346711933907884,0.6597487675097689,0.7312919867892304,0.3935326357924966,0.4927110515100636,"environment,material,process_history","{""environment"": 3, ""material"": 17, ""process_history"": 1}","Composition, wt.% N:numeric_sparse_0.34;Composition, wt.% C:numeric_sparse_0.45;Composition, wt.% Si:numeric_sparse_0.44;Composition, wt.% Mn:numeric_sparse_0.41;Composition, wt.% Cu:numeric_sparse_0.19;Composition, wt.% P:numeric_sparse_0.23;Composition, wt.% S:numeric_sparse_0.25;Test Solution:high_cardinality;Heat treatment:categorical_sparse_0.54;Microstructures:categorical_sparse_0.28",,,,,,,,,,,,,,,,,,,,,,,step-6500,6500
4,epit_scm_trial_0036,local_tabicl_regressor,/home/fcolanto/projects/tabicl/checkpoints/epit_pipeline_final_v1/final_epit_pipeline_optuna_empirical_features_scm_target_v6_trial_0036/step-6500.ckpt,electrochemical_metrics_alloys__pitting_potential__epit_mv_sce_avg,electrochemical_metrics_alloys,Pitting Potential,"Epit, mV (SCE) Avg.",,continuous,0,,median,False,,608,487,121,21,False,0,,,,,epit_pipeline_development_fold_4,0,0,0,0,True,,,normal_corrosion,202.16626435901395,262.95215120367635,0.4961939370252057,0.6556400299216444,0.7094236265936774,0.3941631202164437,0.5126772298765381,"environment,material,process_history","{""environment"": 3, ""material"": 17, ""process_history"": 1}","Composition, wt.% N:numeric_sparse_0.34;Composition, wt.% C:numeric_sparse_0.45;Composition, wt.% Si:numeric_sparse_0.44;Composition, wt.% Mn:numeric_sparse_0.41;Composition, wt.% Cu:numeric_sparse_0.19;Composition, wt.% P:numeric_sparse_0.23;Composition, wt.% S:numeric_sparse_0.25;Test Solution:high_cardinality;Heat treatment:categorical_sparse_0.54;Microstructures:categorical_sparse_0.28",,,,,,,,,,,,,,,,,,,,,,,step-6500,6500
4,pretrained_tabicl_v2,pretrained_tabicl_regressor,/home/fcolanto/.cache/huggingface/hub/models--jingang--TabICL/snapshots/4dcd344ece2c00be9e831fdd35bed57b5ad83e19/tabicl-regressor-v2-20260212.ckpt,electrochemical_metrics_alloys__pitting_potential__epit_mv_sce_avg,electrochemical_metrics_alloys,Pitting Potential,"Epit, mV (SCE) Avg.",,continuous,0,,median,False,,608,487,121,21,False,0,,,,,epit_pipeline_development_fold_4,0,0,0,0,True,,,normal_corrosion,179.26880134642678,246.08812648475617,0.558743360436929,0.7264166761737962,0.7510518633431433,0.349519987027543,0.4797974780361789,"environment,material,process_history","{""environment"": 3, ""material"": 17, ""process_history"": 1}","Composition, wt.% N:numeric_sparse_0.34;Composition, wt.% C:numeric_sparse_0.45;Composition, wt.% Si:numeric_sparse_0.44;Composition, wt.% Mn:numeric_sparse_0.41;Composition, wt.% Cu:numeric_sparse_0.19;Composition, wt.% P:numeric_sparse_0.23;Composition, wt.% S:numeric_sparse_0.25;Test Solution:high_cardinality;Heat treatment:categorical_sparse_0.54;Microstructures:categorical_sparse_0.28",,,,,,,,,,,,,,,,,,,,,,,step-6500,6500
4,catboost,catboost_regressor,catboost==1.2.10;iterations=1000;depth=6;learning_rate=0.03;l2_leaf_reg=3;thread_count=8,electrochemical_metrics_alloys__pitting_potential__epit_mv_sce_avg,electrochemical_metrics_alloys,Pitting Potential,"Epit, mV (SCE) Avg.",,continuous,0,,median,False,,608,487,121,21,False,0,,,,,epit_pipeline_development_fold_4,0,0,0,0,True,,,normal_corrosion,176.78525495127911,215.45749218665375,0.6617536377540367,0.7670399984280225,0.8227456609591492,0.3446778220925699,0.4200769978293113,"environment,material,process_history","{""environment"": 3, ""material"": 17, ""process_history"": 1}","Composition, wt.% N:numeric_sparse_0.34;Composition, wt.% C:numeric_sparse_0.45;Composition, wt.% Si:numeric_sparse_0.44;Composition, wt.% Mn:numeric_sparse_0.41;Composition, wt.% Cu:numeric_sparse_0.19;Composition, wt.% P:numeric_sparse_0.23;Composition, wt.% S:numeric_sparse_0.25;Test Solution:high_cardinality;Heat treatment:categorical_sparse_0.54;Microstructures:categorical_sparse_0.28",,,,,,,,,,,,,,,,,,,,,,,step-6500,6500
4,generic_baseline,local_tabicl_regressor,/home/fcolanto/projects/tabicl/checkpoints/tabicl_s1_regression_baseline/step-7000.ckpt,electrochemical_metrics_alloys__pitting_potential__epit_mv_sce_avg,electrochemical_metrics_alloys,Pitting Potential,"Epit, mV (SCE) Avg.",,continuous,0,,median,False,,608,487,121,21,False,0,,,,,epit_pipeline_development_fold_4,0,0,0,0,True,,,normal_corrosion,204.2833684577517,261.9909608868692,0.4998704115587751,0.6355570083552885,0.7091307474789894,0.3982908334134367,0.5108031992335137,"environment,material,process_history","{""environment"": 3, ""material"": 17, ""process_history"": 1}","Composition, wt.% N:numeric_sparse_0.34;Composition, wt.% C:numeric_sparse_0.45;Composition, wt.% Si:numeric_sparse_0.44;Composition, wt.% Mn:numeric_sparse_0.41;Composition, wt.% Cu:numeric_sparse_0.19;Composition, wt.% P:numeric_sparse_0.23;Composition, wt.% S:numeric_sparse_0.25;Test Solution:high_cardinality;Heat treatment:categorical_sparse_0.54;Microstructures:categorical_sparse_0.28",,,,,,,,,,,,,,,,,,,,,,,step-7000,7000
4,epit_scm_trial_0036,local_tabicl_regressor,/home/fcolanto/projects/tabicl/checkpoints/epit_pipeline_final_v1/final_epit_pipeline_optuna_empirical_features_scm_target_v6_trial_0036/step-7000.ckpt,electrochemical_metrics_alloys__pitting_potential__epit_mv_sce_avg,electrochemical_metrics_alloys,Pitting Potential,"Epit, mV (SCE) Avg.",,continuous,0,,median,False,,608,487,121,21,False,0,,,,,epit_pipeline_development_fold_4,0,0,0,0,True,,,normal_corrosion,200.16379900086085,264.9466056492577,0.4885223592214448,0.6474801380421789,0.7075751562186514,0.3902589179194011,0.5165658133149887,"environment,material,process_history","{""environment"": 3, ""material"": 17, ""process_history"": 1}","Composition, wt.% N:numeric_sparse_0.34;Composition, wt.% C:numeric_sparse_0.45;Composition, wt.% Si:numeric_sparse_0.44;Composition, wt.% Mn:numeric_sparse_0.41;Composition, wt.% Cu:numeric_sparse_0.19;Composition, wt.% P:numeric_sparse_0.23;Composition, wt.% S:numeric_sparse_0.25;Test Solution:high_cardinality;Heat treatment:categorical_sparse_0.54;Microstructures:categorical_sparse_0.28",,,,,,,,,,,,,,,,,,,,,,,step-7000,7000
4,pretrained_tabicl_v2,pretrained_tabicl_regressor,/home/fcolanto/.cache/huggingface/hub/models--jingang--TabICL/snapshots/4dcd344ece2c00be9e831fdd35bed57b5ad83e19/tabicl-regressor-v2-20260212.ckpt,electrochemical_metrics_alloys__pitting_potential__epit_mv_sce_avg,electrochemical_metrics_alloys,Pitting Potential,"Epit, mV (SCE) Avg.",,continuous,0,,median,False,,608,487,121,21,False,0,,,,,epit_pipeline_development_fold_4,0,0,0,0,True,,,normal_corrosion,179.26880134642678,246.08812648475617,0.558743360436929,0.7264166761737962,0.7510518633431433,0.349519987027543,0.4797974780361789,"environment,material,process_history","{""environment"": 3, ""material"": 17, ""process_history"": 1}","Composition, wt.% N:numeric_sparse_0.34;Composition, wt.% C:numeric_sparse_0.45;Composition, wt.% Si:numeric_sparse_0.44;Composition, wt.% Mn:numeric_sparse_0.41;Composition, wt.% Cu:numeric_sparse_0.19;Composition, wt.% P:numeric_sparse_0.23;Composition, wt.% S:numeric_sparse_0.25;Test Solution:high_cardinality;Heat treatment:categorical_sparse_0.54;Microstructures:categorical_sparse_0.28",,,,,,,,,,,,,,,,,,,,,,,step-7000,7000
4,catboost,catboost_regressor,catboost==1.2.10;iterations=1000;depth=6;learning_rate=0.03;l2_leaf_reg=3;thread_count=8,electrochemical_metrics_alloys__pitting_potential__epit_mv_sce_avg,electrochemical_metrics_alloys,Pitting Potential,"Epit, mV (SCE) Avg.",,continuous,0,,median,False,,608,487,121,21,False,0,,,,,epit_pipeline_development_fold_4,0,0,0,0,True,,,normal_corrosion,176.78525495127911,215.45749218665375,0.6617536377540367,0.7670399984280225,0.8227456609591492,0.3446778220925699,0.4200769978293113,"environment,material,process_history","{""environment"": 3, ""material"": 17, ""process_history"": 1}","Composition, wt.% N:numeric_sparse_0.34;Composition, wt.% C:numeric_sparse_0.45;Composition, wt.% Si:numeric_sparse_0.44;Composition, wt.% Mn:numeric_sparse_0.41;Composition, wt.% Cu:numeric_sparse_0.19;Composition, wt.% P:numeric_sparse_0.23;Composition, wt.% S:numeric_sparse_0.25;Test Solution:high_cardinality;Heat treatment:categorical_sparse_0.54;Microstructures:categorical_sparse_0.28",,,,,,,,,,,,,,,,,,,,,,,step-7000,7000
4,generic_baseline,local_tabicl_regressor,/home/fcolanto/projects/tabicl/checkpoints/tabicl_s1_regression_baseline/step-7500.ckpt,electrochemical_metrics_alloys__pitting_potential__epit_mv_sce_avg,electrochemical_metrics_alloys,Pitting Potential,"Epit, mV (SCE) Avg.",,continuous,0,,median,False,,608,487,121,21,False,0,,,,,epit_pipeline_development_fold_4,0,0,0,0,True,,,normal_corrosion,218.84383589938716,273.8475674499752,0.4535785889978517,0.6066468061173312,0.6873851504521684,0.4266793447053756,0.5339199989276179,"environment,material,process_history","{""environment"": 3, ""material"": 17, ""process_history"": 1}","Composition, wt.% N:numeric_sparse_0.34;Composition, wt.% C:numeric_sparse_0.45;Composition, wt.% Si:numeric_sparse_0.44;Composition, wt.% Mn:numeric_sparse_0.41;Composition, wt.% Cu:numeric_sparse_0.19;Composition, wt.% P:numeric_sparse_0.23;Composition, wt.% S:numeric_sparse_0.25;Test Solution:high_cardinality;Heat treatment:categorical_sparse_0.54;Microstructures:categorical_sparse_0.28",,,,,,,,,,,,,,,,,,,,,,,step-7500,7500
4,epit_scm_trial_0036,local_tabicl_regressor,/home/fcolanto/projects/tabicl/checkpoints/epit_pipeline_final_v1/final_epit_pipeline_optuna_empirical_features_scm_target_v6_trial_0036/step-7500.ckpt,electrochemical_metrics_alloys__pitting_potential__epit_mv_sce_avg,electrochemical_metrics_alloys,Pitting Potential,"Epit, mV (SCE) Avg.",,continuous,0,,median,False,,608,487,121,21,False,0,,,,,epit_pipeline_development_fold_4,0,0,0,0,True,,,normal_corrosion,204.2698221619372,267.0740968202094,0.4802751648134619,0.6378806637431312,0.7048515864140387,0.3982644222303318,0.5207137781637929,"environment,material,process_history","{""environment"": 3, ""material"": 17, ""process_history"": 1}","Composition, wt.% N:numeric_sparse_0.34;Composition, wt.% C:numeric_sparse_0.45;Composition, wt.% Si:numeric_sparse_0.44;Composition, wt.% Mn:numeric_sparse_0.41;Composition, wt.% Cu:numeric_sparse_0.19;Composition, wt.% P:numeric_sparse_0.23;Composition, wt.% S:numeric_sparse_0.25;Test Solution:high_cardinality;Heat treatment:categorical_sparse_0.54;Microstructures:categorical_sparse_0.28",,,,,,,,,,,,,,,,,,,,,,,step-7500,7500
4,pretrained_tabicl_v2,pretrained_tabicl_regressor,/home/fcolanto/.cache/huggingface/hub/models--jingang--TabICL/snapshots/4dcd344ece2c00be9e831fdd35bed57b5ad83e19/tabicl-regressor-v2-20260212.ckpt,electrochemical_metrics_alloys__pitting_potential__epit_mv_sce_avg,electrochemical_metrics_alloys,Pitting Potential,"Epit, mV (SCE) Avg.",,continuous,0,,median,False,,608,487,121,21,False,0,,,,,epit_pipeline_development_fold_4,0,0,0,0,True,,,normal_corrosion,179.26880134642678,246.08812648475617,0.558743360436929,0.7264166761737962,0.7510518633431433,0.349519987027543,0.4797974780361789,"environment,material,process_history","{""environment"": 3, ""material"": 17, ""process_history"": 1}","Composition, wt.% N:numeric_sparse_0.34;Composition, wt.% C:numeric_sparse_0.45;Composition, wt.% Si:numeric_sparse_0.44;Composition, wt.% Mn:numeric_sparse_0.41;Composition, wt.% Cu:numeric_sparse_0.19;Composition, wt.% P:numeric_sparse_0.23;Composition, wt.% S:numeric_sparse_0.25;Test Solution:high_cardinality;Heat treatment:categorical_sparse_0.54;Microstructures:categorical_sparse_0.28",,,,,,,,,,,,,,,,,,,,,,,step-7500,7500
4,catboost,catboost_regressor,catboost==1.2.10;iterations=1000;depth=6;learning_rate=0.03;l2_leaf_reg=3;thread_count=8,electrochemical_metrics_alloys__pitting_potential__epit_mv_sce_avg,electrochemical_metrics_alloys,Pitting Potential,"Epit, mV (SCE) Avg.",,continuous,0,,median,False,,608,487,121,21,False,0,,,,,epit_pipeline_development_fold_4,0,0,0,0,True,,,normal_corrosion,176.78525495127911,215.45749218665375,0.6617536377540367,0.7670399984280225,0.8227456609591492,0.3446778220925699,0.4200769978293113,"environment,material,process_history","{""environment"": 3, ""material"": 17, ""process_history"": 1}","Composition, wt.% N:numeric_sparse_0.34;Composition, wt.% C:numeric_sparse_0.45;Composition, wt.% Si:numeric_sparse_0.44;Composition, wt.% Mn:numeric_sparse_0.41;Composition, wt.% Cu:numeric_sparse_0.19;Composition, wt.% P:numeric_sparse_0.23;Composition, wt.% S:numeric_sparse_0.25;Test Solution:high_cardinality;Heat treatment:categorical_sparse_0.54;Microstructures:categorical_sparse_0.28",,,,,,,,,,,,,,,,,,,,,,,step-7500,7500
4,generic_baseline,local_tabicl_regressor,/home/fcolanto/projects/tabicl/checkpoints/tabicl_s1_regression_baseline/step-8000.ckpt,electrochemical_metrics_alloys__pitting_potential__epit_mv_sce_avg,electrochemical_metrics_alloys,Pitting Potential,"Epit, mV (SCE) Avg.",,continuous,0,,median,False,,608,487,121,21,False,0,,,,,epit_pipeline_development_fold_4,0,0,0,0,True,,,normal_corrosion,211.5582932785807,267.92023528050595,0.4769767858625747,0.615985461954478,0.6941915901240707,0.4124747383087945,0.5223634924556559,"environment,material,process_history","{""environment"": 3, ""material"": 17, ""process_history"": 1}","Composition, wt.% N:numeric_sparse_0.34;Composition, wt.% C:numeric_sparse_0.45;Composition, wt.% Si:numeric_sparse_0.44;Composition, wt.% Mn:numeric_sparse_0.41;Composition, wt.% Cu:numeric_sparse_0.19;Composition, wt.% P:numeric_sparse_0.23;Composition, wt.% S:numeric_sparse_0.25;Test Solution:high_cardinality;Heat treatment:categorical_sparse_0.54;Microstructures:categorical_sparse_0.28",,,,,,,,,,,,,,,,,,,,,,,step-8000,8000
4,epit_scm_trial_0036,local_tabicl_regressor,/home/fcolanto/projects/tabicl/checkpoints/epit_pipeline_final_v1/final_epit_pipeline_optuna_empirical_features_scm_target_v6_trial_0036/step-8000.ckpt,electrochemical_metrics_alloys__pitting_potential__epit_mv_sce_avg,electrochemical_metrics_alloys,Pitting Potential,"Epit, mV (SCE) Avg.",,continuous,0,,median,False,,608,487,121,21,False,0,,,,,epit_pipeline_development_fold_4,0,0,0,0,True,,,normal_corrosion,202.4610408423268,264.5953214352934,0.4898777637079293,0.6380534136334811,0.7051190365124188,0.3947378452765194,0.5158809152569573,"environment,material,process_history","{""environment"": 3, ""material"": 17, ""process_history"": 1}","Composition, wt.% N:numeric_sparse_0.34;Composition, wt.% C:numeric_sparse_0.45;Composition, wt.% Si:numeric_sparse_0.44;Composition, wt.% Mn:numeric_sparse_0.41;Composition, wt.% Cu:numeric_sparse_0.19;Composition, wt.% P:numeric_sparse_0.23;Composition, wt.% S:numeric_sparse_0.25;Test Solution:high_cardinality;Heat treatment:categorical_sparse_0.54;Microstructures:categorical_sparse_0.28",,,,,,,,,,,,,,,,,,,,,,,step-8000,8000
4,pretrained_tabicl_v2,pretrained_tabicl_regressor,/home/fcolanto/.cache/huggingface/hub/models--jingang--TabICL/snapshots/4dcd344ece2c00be9e831fdd35bed57b5ad83e19/tabicl-regressor-v2-20260212.ckpt,electrochemical_metrics_alloys__pitting_potential__epit_mv_sce_avg,electrochemical_metrics_alloys,Pitting Potential,"Epit, mV (SCE) Avg.",,continuous,0,,median,False,,608,487,121,21,False,0,,,,,epit_pipeline_development_fold_4,0,0,0,0,True,,,normal_corrosion,179.26880134642678,246.08812648475617,0.558743360436929,0.7264166761737962,0.7510518633431433,0.349519987027543,0.4797974780361789,"environment,material,process_history","{""environment"": 3, ""material"": 17, ""process_history"": 1}","Composition, wt.% N:numeric_sparse_0.34;Composition, wt.% C:numeric_sparse_0.45;Composition, wt.% Si:numeric_sparse_0.44;Composition, wt.% Mn:numeric_sparse_0.41;Composition, wt.% Cu:numeric_sparse_0.19;Composition, wt.% P:numeric_sparse_0.23;Composition, wt.% S:numeric_sparse_0.25;Test Solution:high_cardinality;Heat treatment:categorical_sparse_0.54;Microstructures:categorical_sparse_0.28",,,,,,,,,,,,,,,,,,,,,,,step-8000,8000
4,catboost,catboost_regressor,catboost==1.2.10;iterations=1000;depth=6;learning_rate=0.03;l2_leaf_reg=3;thread_count=8,electrochemical_metrics_alloys__pitting_potential__epit_mv_sce_avg,electrochemical_metrics_alloys,Pitting Potential,"Epit, mV (SCE) Avg.",,continuous,0,,median,False,,608,487,121,21,False,0,,,,,epit_pipeline_development_fold_4,0,0,0,0,True,,,normal_corrosion,176.78525495127911,215.45749218665375,0.6617536377540367,0.7670399984280225,0.8227456609591492,0.3446778220925699,0.4200769978293113,"environment,material,process_history","{""environment"": 3, ""material"": 17, ""process_history"": 1}","Composition, wt.% N:numeric_sparse_0.34;Composition, wt.% C:numeric_sparse_0.45;Composition, wt.% Si:numeric_sparse_0.44;Composition, wt.% Mn:numeric_sparse_0.41;Composition, wt.% Cu:numeric_sparse_0.19;Composition, wt.% P:numeric_sparse_0.23;Composition, wt.% S:numeric_sparse_0.25;Test Solution:high_cardinality;Heat treatment:categorical_sparse_0.54;Microstructures:categorical_sparse_0.28",,,,,,,,,,,,,,,,,,,,,,,step-8000,8000
4,generic_baseline,local_tabicl_regressor,/home/fcolanto/projects/tabicl/checkpoints/tabicl_s1_regression_baseline/step-8500.ckpt,electrochemical_metrics_alloys__pitting_potential__epit_mv_sce_avg,electrochemical_metrics_alloys,Pitting Potential,"Epit, mV (SCE) Avg.",,continuous,0,,median,False,,608,487,121,21,False,0,,,,,epit_pipeline_development_fold_4,0,0,0,0,True,,,normal_corrosion,208.97030694753727,264.06650630698425,0.49191476712464,0.6302966048314984,0.707181863176507,0.4074289470609034,0.5148498855663566,"environment,material,process_history","{""environment"": 3, ""material"": 17, ""process_history"": 1}","Composition, wt.% N:numeric_sparse_0.34;Composition, wt.% C:numeric_sparse_0.45;Composition, wt.% Si:numeric_sparse_0.44;Composition, wt.% Mn:numeric_sparse_0.41;Composition, wt.% Cu:numeric_sparse_0.19;Composition, wt.% P:numeric_sparse_0.23;Composition, wt.% S:numeric_sparse_0.25;Test Solution:high_cardinality;Heat treatment:categorical_sparse_0.54;Microstructures:categorical_sparse_0.28",,,,,,,,,,,,,,,,,,,,,,,step-8500,8500
4,epit_scm_trial_0036,local_tabicl_regressor,/home/fcolanto/projects/tabicl/checkpoints/epit_pipeline_final_v1/final_epit_pipeline_optuna_empirical_features_scm_target_v6_trial_0036/step-8500.ckpt,electrochemical_metrics_alloys__pitting_potential__epit_mv_sce_avg,electrochemical_metrics_alloys,Pitting Potential,"Epit, mV (SCE) Avg.",,continuous,0,,median,False,,608,487,121,21,False,0,,,,,epit_pipeline_development_fold_4,0,0,0,0,True,,,normal_corrosion,199.27344086573203,260.83863030827087,0.5042602362800317,0.6594744000368603,0.7154467392191479,0.3885229886249406,0.5085565028431875,"environment,material,process_history","{""environment"": 3, ""material"": 17, ""process_history"": 1}","Composition, wt.% N:numeric_sparse_0.34;Composition, wt.% C:numeric_sparse_0.45;Composition, wt.% Si:numeric_sparse_0.44;Composition, wt.% Mn:numeric_sparse_0.41;Composition, wt.% Cu:numeric_sparse_0.19;Composition, wt.% P:numeric_sparse_0.23;Composition, wt.% S:numeric_sparse_0.25;Test Solution:high_cardinality;Heat treatment:categorical_sparse_0.54;Microstructures:categorical_sparse_0.28",,,,,,,,,,,,,,,,,,,,,,,step-8500,8500
4,pretrained_tabicl_v2,pretrained_tabicl_regressor,/home/fcolanto/.cache/huggingface/hub/models--jingang--TabICL/snapshots/4dcd344ece2c00be9e831fdd35bed57b5ad83e19/tabicl-regressor-v2-20260212.ckpt,electrochemical_metrics_alloys__pitting_potential__epit_mv_sce_avg,electrochemical_metrics_alloys,Pitting Potential,"Epit, mV (SCE) Avg.",,continuous,0,,median,False,,608,487,121,21,False,0,,,,,epit_pipeline_development_fold_4,0,0,0,0,True,,,normal_corrosion,179.26880134642678,246.08812648475617,0.558743360436929,0.7264166761737962,0.7510518633431433,0.349519987027543,0.4797974780361789,"environment,material,process_history","{""environment"": 3, ""material"": 17, ""process_history"": 1}","Composition, wt.% N:numeric_sparse_0.34;Composition, wt.% C:numeric_sparse_0.45;Composition, wt.% Si:numeric_sparse_0.44;Composition, wt.% Mn:numeric_sparse_0.41;Composition, wt.% Cu:numeric_sparse_0.19;Composition, wt.% P:numeric_sparse_0.23;Composition, wt.% S:numeric_sparse_0.25;Test Solution:high_cardinality;Heat treatment:categorical_sparse_0.54;Microstructures:categorical_sparse_0.28",,,,,,,,,,,,,,,,,,,,,,,step-8500,8500
4,catboost,catboost_regressor,catboost==1.2.10;iterations=1000;depth=6;learning_rate=0.03;l2_leaf_reg=3;thread_count=8,electrochemical_metrics_alloys__pitting_potential__epit_mv_sce_avg,electrochemical_metrics_alloys,Pitting Potential,"Epit, mV (SCE) Avg.",,continuous,0,,median,False,,608,487,121,21,False,0,,,,,epit_pipeline_development_fold_4,0,0,0,0,True,,,normal_corrosion,176.78525495127911,215.45749218665375,0.6617536377540367,0.7670399984280225,0.8227456609591492,0.3446778220925699,0.4200769978293113,"environment,material,process_history","{""environment"": 3, ""material"": 17, ""process_history"": 1}","Composition, wt.% N:numeric_sparse_0.34;Composition, wt.% C:numeric_sparse_0.45;Composition, wt.% Si:numeric_sparse_0.44;Composition, wt.% Mn:numeric_sparse_0.41;Composition, wt.% Cu:numeric_sparse_0.19;Composition, wt.% P:numeric_sparse_0.23;Composition, wt.% S:numeric_sparse_0.25;Test Solution:high_cardinality;Heat treatment:categorical_sparse_0.54;Microstructures:categorical_sparse_0.28",,,,,,,,,,,,,,,,,,,,,,,step-8500,8500
4,generic_baseline,local_tabicl_regressor,/home/fcolanto/projects/tabicl/checkpoints/tabicl_s1_regression_baseline/step-9000.ckpt,electrochemical_metrics_alloys__pitting_potential__epit_mv_sce_avg,electrochemical_metrics_alloys,Pitting Potential,"Epit, mV (SCE) Avg.",,continuous,0,,median,False,,608,487,121,21,False,0,,,,,epit_pipeline_development_fold_4,0,0,0,0,True,,,normal_corrosion,214.45311672365432,266.3412413383352,0.4831235175691338,0.6332198039564377,0.7023927708561398,0.4181187692018996,0.5192849314453796,"environment,material,process_history","{""environment"": 3, ""material"": 17, ""process_history"": 1}","Composition, wt.% N:numeric_sparse_0.34;Composition, wt.% C:numeric_sparse_0.45;Composition, wt.% Si:numeric_sparse_0.44;Composition, wt.% Mn:numeric_sparse_0.41;Composition, wt.% Cu:numeric_sparse_0.19;Composition, wt.% P:numeric_sparse_0.23;Composition, wt.% S:numeric_sparse_0.25;Test Solution:high_cardinality;Heat treatment:categorical_sparse_0.54;Microstructures:categorical_sparse_0.28",,,,,,,,,,,,,,,,,,,,,,,step-9000,9000
4,epit_scm_trial_0036,local_tabicl_regressor,/home/fcolanto/projects/tabicl/checkpoints/epit_pipeline_final_v1/final_epit_pipeline_optuna_empirical_features_scm_target_v6_trial_0036/step-9000.ckpt,electrochemical_metrics_alloys__pitting_potential__epit_mv_sce_avg,electrochemical_metrics_alloys,Pitting Potential,"Epit, mV (SCE) Avg.",,continuous,0,,median,False,,608,487,121,21,False,0,,,,,epit_pipeline_development_fold_4,0,0,0,0,True,,,normal_corrosion,203.12676546582568,268.31996996304457,0.475414929335011,0.6420774699028067,0.7031018816165127,0.3960358071082583,0.5231428542855227,"environment,material,process_history","{""environment"": 3, ""material"": 17, ""process_history"": 1}","Composition, wt.% N:numeric_sparse_0.34;Composition, wt.% C:numeric_sparse_0.45;Composition, wt.% Si:numeric_sparse_0.44;Composition, wt.% Mn:numeric_sparse_0.41;Composition, wt.% Cu:numeric_sparse_0.19;Composition, wt.% P:numeric_sparse_0.23;Composition, wt.% S:numeric_sparse_0.25;Test Solution:high_cardinality;Heat treatment:categorical_sparse_0.54;Microstructures:categorical_sparse_0.28",,,,,,,,,,,,,,,,,,,,,,,step-9000,9000
4,pretrained_tabicl_v2,pretrained_tabicl_regressor,/home/fcolanto/.cache/huggingface/hub/models--jingang--TabICL/snapshots/4dcd344ece2c00be9e831fdd35bed57b5ad83e19/tabicl-regressor-v2-20260212.ckpt,electrochemical_metrics_alloys__pitting_potential__epit_mv_sce_avg,electrochemical_metrics_alloys,Pitting Potential,"Epit, mV (SCE) Avg.",,continuous,0,,median,False,,608,487,121,21,False,0,,,,,epit_pipeline_development_fold_4,0,0,0,0,True,,,normal_corrosion,179.26880134642678,246.08812648475617,0.558743360436929,0.7264166761737962,0.7510518633431433,0.349519987027543,0.4797974780361789,"environment,material,process_history","{""environment"": 3, ""material"": 17, ""process_history"": 1}","Composition, wt.% N:numeric_sparse_0.34;Composition, wt.% C:numeric_sparse_0.45;Composition, wt.% Si:numeric_sparse_0.44;Composition, wt.% Mn:numeric_sparse_0.41;Composition, wt.% Cu:numeric_sparse_0.19;Composition, wt.% P:numeric_sparse_0.23;Composition, wt.% S:numeric_sparse_0.25;Test Solution:high_cardinality;Heat treatment:categorical_sparse_0.54;Microstructures:categorical_sparse_0.28",,,,,,,,,,,,,,,,,,,,,,,step-9000,9000
4,catboost,catboost_regressor,catboost==1.2.10;iterations=1000;depth=6;learning_rate=0.03;l2_leaf_reg=3;thread_count=8,electrochemical_metrics_alloys__pitting_potential__epit_mv_sce_avg,electrochemical_metrics_alloys,Pitting Potential,"Epit, mV (SCE) Avg.",,continuous,0,,median,False,,608,487,121,21,False,0,,,,,epit_pipeline_development_fold_4,0,0,0,0,True,,,normal_corrosion,176.78525495127911,215.45749218665375,0.6617536377540367,0.7670399984280225,0.8227456609591492,0.3446778220925699,0.4200769978293113,"environment,material,process_history","{""environment"": 3, ""material"": 17, ""process_history"": 1}","Composition, wt.% N:numeric_sparse_0.34;Composition, wt.% C:numeric_sparse_0.45;Composition, wt.% Si:numeric_sparse_0.44;Composition, wt.% Mn:numeric_sparse_0.41;Composition, wt.% Cu:numeric_sparse_0.19;Composition, wt.% P:numeric_sparse_0.23;Composition, wt.% S:numeric_sparse_0.25;Test Solution:high_cardinality;Heat treatment:categorical_sparse_0.54;Microstructures:categorical_sparse_0.28",,,,,,,,,,,,,,,,,,,,,,,step-9000,9000
4,generic_baseline,local_tabicl_regressor,/home/fcolanto/projects/tabicl/checkpoints/tabicl_s1_regression_baseline/step-9500.ckpt,electrochemical_metrics_alloys__pitting_potential__epit_mv_sce_avg,electrochemical_metrics_alloys,Pitting Potential,"Epit, mV (SCE) Avg.",,continuous,0,,median,False,,608,487,121,21,False,0,,,,,epit_pipeline_development_fold_4,0,0,0,0,True,,,normal_corrosion,212.64139567853067,264.67425447326286,0.489573362983453,0.652574566181123,0.7162593301293534,0.4145864606717307,0.5160348108271844,"environment,material,process_history","{""environment"": 3, ""material"": 17, ""process_history"": 1}","Composition, wt.% N:numeric_sparse_0.34;Composition, wt.% C:numeric_sparse_0.45;Composition, wt.% Si:numeric_sparse_0.44;Composition, wt.% Mn:numeric_sparse_0.41;Composition, wt.% Cu:numeric_sparse_0.19;Composition, wt.% P:numeric_sparse_0.23;Composition, wt.% S:numeric_sparse_0.25;Test Solution:high_cardinality;Heat treatment:categorical_sparse_0.54;Microstructures:categorical_sparse_0.28",,,,,,,,,,,,,,,,,,,,,,,step-9500,9500
4,epit_scm_trial_0036,local_tabicl_regressor,/home/fcolanto/projects/tabicl/checkpoints/epit_pipeline_final_v1/final_epit_pipeline_optuna_empirical_features_scm_target_v6_trial_0036/step-9500.ckpt,electrochemical_metrics_alloys__pitting_potential__epit_mv_sce_avg,electrochemical_metrics_alloys,Pitting Potential,"Epit, mV (SCE) Avg.",,continuous,0,,median,False,,608,487,121,21,False,0,,,,,epit_pipeline_development_fold_4,0,0,0,0,True,,,normal_corrosion,200.74631366443103,267.0134736104816,0.4805110829509736,0.6411561371542742,0.7069613603547691,0.3913946454755919,0.5205955812253492,"environment,material,process_history","{""environment"": 3, ""material"": 17, ""process_history"": 1}","Composition, wt.% N:numeric_sparse_0.34;Composition, wt.% C:numeric_sparse_0.45;Composition, wt.% Si:numeric_sparse_0.44;Composition, wt.% Mn:numeric_sparse_0.41;Composition, wt.% Cu:numeric_sparse_0.19;Composition, wt.% P:numeric_sparse_0.23;Composition, wt.% S:numeric_sparse_0.25;Test Solution:high_cardinality;Heat treatment:categorical_sparse_0.54;Microstructures:categorical_sparse_0.28",,,,,,,,,,,,,,,,,,,,,,,step-9500,9500
4,pretrained_tabicl_v2,pretrained_tabicl_regressor,/home/fcolanto/.cache/huggingface/hub/models--jingang--TabICL/snapshots/4dcd344ece2c00be9e831fdd35bed57b5ad83e19/tabicl-regressor-v2-20260212.ckpt,electrochemical_metrics_alloys__pitting_potential__epit_mv_sce_avg,electrochemical_metrics_alloys,Pitting Potential,"Epit, mV (SCE) Avg.",,continuous,0,,median,False,,608,487,121,21,False,0,,,,,epit_pipeline_development_fold_4,0,0,0,0,True,,,normal_corrosion,179.26880134642678,246.08812648475617,0.558743360436929,0.7264166761737962,0.7510518633431433,0.349519987027543,0.4797974780361789,"environment,material,process_history","{""environment"": 3, ""material"": 17, ""process_history"": 1}","Composition, wt.% N:numeric_sparse_0.34;Composition, wt.% C:numeric_sparse_0.45;Composition, wt.% Si:numeric_sparse_0.44;Composition, wt.% Mn:numeric_sparse_0.41;Composition, wt.% Cu:numeric_sparse_0.19;Composition, wt.% P:numeric_sparse_0.23;Composition, wt.% S:numeric_sparse_0.25;Test Solution:high_cardinality;Heat treatment:categorical_sparse_0.54;Microstructures:categorical_sparse_0.28",,,,,,,,,,,,,,,,,,,,,,,step-9500,9500
4,catboost,catboost_regressor,catboost==1.2.10;iterations=1000;depth=6;learning_rate=0.03;l2_leaf_reg=3;thread_count=8,electrochemical_metrics_alloys__pitting_potential__epit_mv_sce_avg,electrochemical_metrics_alloys,Pitting Potential,"Epit, mV (SCE) Avg.",,continuous,0,,median,False,,608,487,121,21,False,0,,,,,epit_pipeline_development_fold_4,0,0,0,0,True,,,normal_corrosion,176.78525495127911,215.45749218665375,0.6617536377540367,0.7670399984280225,0.8227456609591492,0.3446778220925699,0.4200769978293113,"environment,material,process_history","{""environment"": 3, ""material"": 17, ""process_history"": 1}","Composition, wt.% N:numeric_sparse_0.34;Composition, wt.% C:numeric_sparse_0.45;Composition, wt.% Si:numeric_sparse_0.44;Composition, wt.% Mn:numeric_sparse_0.41;Composition, wt.% Cu:numeric_sparse_0.19;Composition, wt.% P:numeric_sparse_0.23;Composition, wt.% S:numeric_sparse_0.25;Test Solution:high_cardinality;Heat treatment:categorical_sparse_0.54;Microstructures:categorical_sparse_0.28",,,,,,,,,,,,,,,,,,,,,,,step-9500,9500
4,generic_baseline,local_tabicl_regressor,/home/fcolanto/projects/tabicl/checkpoints/tabicl_s1_regression_baseline/step-10000.ckpt,electrochemical_metrics_alloys__pitting_potential__epit_mv_sce_avg,electrochemical_metrics_alloys,Pitting Potential,"Epit, mV (SCE) Avg.",,continuous,0,,median,False,,608,487,121,21,False,0,,,,,epit_pipeline_development_fold_4,0,0,0,0,True,,,normal_corrosion,213.29727845874763,265.1492364548532,0.4877397052339549,0.6534044431053524,0.714916847980346,0.415865233883306,0.5169608821502304,"environment,material,process_history","{""environment"": 3, ""material"": 17, ""process_history"": 1}","Composition, wt.% N:numeric_sparse_0.34;Composition, wt.% C:numeric_sparse_0.45;Composition, wt.% Si:numeric_sparse_0.44;Composition, wt.% Mn:numeric_sparse_0.41;Composition, wt.% Cu:numeric_sparse_0.19;Composition, wt.% P:numeric_sparse_0.23;Composition, wt.% S:numeric_sparse_0.25;Test Solution:high_cardinality;Heat treatment:categorical_sparse_0.54;Microstructures:categorical_sparse_0.28",,,,,,,,,,,,,,,,,,,,,,,step-10000,10000
4,epit_scm_trial_0036,local_tabicl_regressor,/home/fcolanto/projects/tabicl/checkpoints/epit_pipeline_final_v1/final_epit_pipeline_optuna_empirical_features_scm_target_v6_trial_0036/step-10000.ckpt,electrochemical_metrics_alloys__pitting_potential__epit_mv_sce_avg,electrochemical_metrics_alloys,Pitting Potential,"Epit, mV (SCE) Avg.",,continuous,0,,median,False,,608,487,121,21,False,0,,,,,epit_pipeline_development_fold_4,0,0,0,0,True,,,normal_corrosion,200.93386158459504,267.6961559261842,0.4778512975880179,0.648669063758116,0.7054356308243772,0.3917603072423378,0.5219266054322172,"environment,material,process_history","{""environment"": 3, ""material"": 17, ""process_history"": 1}","Composition, wt.% N:numeric_sparse_0.34;Composition, wt.% C:numeric_sparse_0.45;Composition, wt.% Si:numeric_sparse_0.44;Composition, wt.% Mn:numeric_sparse_0.41;Composition, wt.% Cu:numeric_sparse_0.19;Composition, wt.% P:numeric_sparse_0.23;Composition, wt.% S:numeric_sparse_0.25;Test Solution:high_cardinality;Heat treatment:categorical_sparse_0.54;Microstructures:categorical_sparse_0.28",,,,,,,,,,,,,,,,,,,,,,,step-10000,10000
4,pretrained_tabicl_v2,pretrained_tabicl_regressor,/home/fcolanto/.cache/huggingface/hub/models--jingang--TabICL/snapshots/4dcd344ece2c00be9e831fdd35bed57b5ad83e19/tabicl-regressor-v2-20260212.ckpt,electrochemical_metrics_alloys__pitting_potential__epit_mv_sce_avg,electrochemical_metrics_alloys,Pitting Potential,"Epit, mV (SCE) Avg.",,continuous,0,,median,False,,608,487,121,21,False,0,,,,,epit_pipeline_development_fold_4,0,0,0,0,True,,,normal_corrosion,179.26880134642678,246.08812648475617,0.558743360436929,0.7264166761737962,0.7510518633431433,0.349519987027543,0.4797974780361789,"environment,material,process_history","{""environment"": 3, ""material"": 17, ""process_history"": 1}","Composition, wt.% N:numeric_sparse_0.34;Composition, wt.% C:numeric_sparse_0.45;Composition, wt.% Si:numeric_sparse_0.44;Composition, wt.% Mn:numeric_sparse_0.41;Composition, wt.% Cu:numeric_sparse_0.19;Composition, wt.% P:numeric_sparse_0.23;Composition, wt.% S:numeric_sparse_0.25;Test Solution:high_cardinality;Heat treatment:categorical_sparse_0.54;Microstructures:categorical_sparse_0.28",,,,,,,,,,,,,,,,,,,,,,,step-10000,10000
4,catboost,catboost_regressor,catboost==1.2.10;iterations=1000;depth=6;learning_rate=0.03;l2_leaf_reg=3;thread_count=8,electrochemical_metrics_alloys__pitting_potential__epit_mv_sce_avg,electrochemical_metrics_alloys,Pitting Potential,"Epit, mV (SCE) Avg.",,continuous,0,,median,False,,608,487,121,21,False,0,,,,,epit_pipeline_development_fold_4,0,0,0,0,True,,,normal_corrosion,176.78525495127911,215.45749218665375,0.6617536377540367,0.7670399984280225,0.8227456609591492,0.3446778220925699,0.4200769978293113,"environment,material,process_history","{""environment"": 3, ""material"": 17, ""process_history"": 1}","Composition, wt.% N:numeric_sparse_0.34;Composition, wt.% C:numeric_sparse_0.45;Composition, wt.% Si:numeric_sparse_0.44;Composition, wt.% Mn:numeric_sparse_0.41;Composition, wt.% Cu:numeric_sparse_0.19;Composition, wt.% P:numeric_sparse_0.23;Composition, wt.% S:numeric_sparse_0.25;Test Solution:high_cardinality;Heat treatment:categorical_sparse_0.54;Microstructures:categorical_sparse_0.28",,,,,,,,,,,,,,,,,,,,,,,step-10000,10000
5,generic_baseline,local_tabicl_regressor,/home/fcolanto/projects/tabicl/checkpoints/tabicl_s1_regression_baseline/step-500.ckpt,electrochemical_metrics_alloys__pitting_potential__epit_mv_sce_avg,electrochemical_metrics_alloys,Pitting Potential,"Epit, mV (SCE) Avg.",,continuous,0,,median,False,,608,487,121,21,False,0,,,,,epit_pipeline_development_fold_5,0,0,0,0,True,,,normal_corrosion,299.2889476550257,383.6478940866575,0.5594112591294603,0.7816241264060878,0.8345420087594598,0.6471112381730285,0.8295089601873675,"environment,material,process_history","{""environment"": 3, ""material"": 17, ""process_history"": 1}","Composition, wt.% N:numeric_sparse_0.34;Composition, wt.% C:numeric_sparse_0.45;Composition, wt.% Si:numeric_sparse_0.44;Composition, wt.% Mn:numeric_sparse_0.41;Composition, wt.% Cu:numeric_sparse_0.19;Composition, wt.% P:numeric_sparse_0.23;Composition, wt.% S:numeric_sparse_0.25;Test Solution:high_cardinality;Heat treatment:categorical_sparse_0.54;Microstructures:categorical_sparse_0.28",,,,,,,,,,,,,,,,,,,,,,,step-500,500
5,epit_scm_trial_0036,local_tabicl_regressor,/home/fcolanto/projects/tabicl/checkpoints/epit_pipeline_final_v1/final_epit_pipeline_optuna_empirical_features_scm_target_v6_trial_0036/step-500.ckpt,electrochemical_metrics_alloys__pitting_potential__epit_mv_sce_avg,electrochemical_metrics_alloys,Pitting Potential,"Epit, mV (SCE) Avg.",,continuous,0,,median,False,,608,487,121,21,False,0,,,,,epit_pipeline_development_fold_5,0,0,0,0,True,,,normal_corrosion,287.78359888198366,357.35415473299656,0.6177342141056619,0.8050160977395834,0.8555332140076104,0.6222348083934782,0.7726576318551277,"environment,material,process_history","{""environment"": 3, ""material"": 17, ""process_history"": 1}","Composition, wt.% N:numeric_sparse_0.34;Composition, wt.% C:numeric_sparse_0.45;Composition, wt.% Si:numeric_sparse_0.44;Composition, wt.% Mn:numeric_sparse_0.41;Composition, wt.% Cu:numeric_sparse_0.19;Composition, wt.% P:numeric_sparse_0.23;Composition, wt.% S:numeric_sparse_0.25;Test Solution:high_cardinality;Heat treatment:categorical_sparse_0.54;Microstructures:categorical_sparse_0.28",,,,,,,,,,,,,,,,,,,,,,,step-500,500
5,pretrained_tabicl_v2,pretrained_tabicl_regressor,/home/fcolanto/.cache/huggingface/hub/models--jingang--TabICL/snapshots/4dcd344ece2c00be9e831fdd35bed57b5ad83e19/tabicl-regressor-v2-20260212.ckpt,electrochemical_metrics_alloys__pitting_potential__epit_mv_sce_avg,electrochemical_metrics_alloys,Pitting Potential,"Epit, mV (SCE) Avg.",,continuous,0,,median,False,,608,487,121,21,False,0,,,,,epit_pipeline_development_fold_5,0,0,0,0,True,,,normal_corrosion,188.9494359413199,260.65988789830766,0.7966162897556599,0.8765706002620413,0.9273144092547476,0.4085393209542052,0.5635889468071517,"environment,material,process_history","{""environment"": 3, ""material"": 17, ""process_history"": 1}","Composition, wt.% N:numeric_sparse_0.34;Composition, wt.% C:numeric_sparse_0.45;Composition, wt.% Si:numeric_sparse_0.44;Composition, wt.% Mn:numeric_sparse_0.41;Composition, wt.% Cu:numeric_sparse_0.19;Composition, wt.% P:numeric_sparse_0.23;Composition, wt.% S:numeric_sparse_0.25;Test Solution:high_cardinality;Heat treatment:categorical_sparse_0.54;Microstructures:categorical_sparse_0.28",,,,,,,,,,,,,,,,,,,,,,,step-500,500
5,catboost,catboost_regressor,catboost==1.2.10;iterations=1000;depth=6;learning_rate=0.03;l2_leaf_reg=3;thread_count=8,electrochemical_metrics_alloys__pitting_potential__epit_mv_sce_avg,electrochemical_metrics_alloys,Pitting Potential,"Epit, mV (SCE) Avg.",,continuous,0,,median,False,,608,487,121,21,False,0,,,,,epit_pipeline_development_fold_5,0,0,0,0,True,,,normal_corrosion,184.17920914311293,245.27082356558748,0.8199224654334067,0.9112805160230548,0.9323509602938432,0.3982253170661901,0.5303152941958648,"environment,material,process_history","{""environment"": 3, ""material"": 17, ""process_history"": 1}","Composition, wt.% N:numeric_sparse_0.34;Composition, wt.% C:numeric_sparse_0.45;Composition, wt.% Si:numeric_sparse_0.44;Composition, wt.% Mn:numeric_sparse_0.41;Composition, wt.% Cu:numeric_sparse_0.19;Composition, wt.% P:numeric_sparse_0.23;Composition, wt.% S:numeric_sparse_0.25;Test Solution:high_cardinality;Heat treatment:categorical_sparse_0.54;Microstructures:categorical_sparse_0.28",,,,,,,,,,,,,,,,,,,,,,,step-500,500
5,generic_baseline,local_tabicl_regressor,/home/fcolanto/projects/tabicl/checkpoints/tabicl_s1_regression_baseline/step-1000.ckpt,electrochemical_metrics_alloys__pitting_potential__epit_mv_sce_avg,electrochemical_metrics_alloys,Pitting Potential,"Epit, mV (SCE) Avg.",,continuous,0,,median,False,,608,487,121,21,False,0,,,,,epit_pipeline_development_fold_5,0,0,0,0,True,,,normal_corrosion,288.145031800816,384.71514441404514,0.5569565472778679,0.8353924659583482,0.8297094501259735,0.6230162849747372,0.8318165284628003,"environment,material,process_history","{""environment"": 3, ""material"": 17, ""process_history"": 1}","Composition, wt.% N:numeric_sparse_0.34;Composition, wt.% C:numeric_sparse_0.45;Composition, wt.% Si:numeric_sparse_0.44;Composition, wt.% Mn:numeric_sparse_0.41;Composition, wt.% Cu:numeric_sparse_0.19;Composition, wt.% P:numeric_sparse_0.23;Composition, wt.% S:numeric_sparse_0.25;Test Solution:high_cardinality;Heat treatment:categorical_sparse_0.54;Microstructures:categorical_sparse_0.28",,,,,,,,,,,,,,,,,,,,,,,step-1000,1000
5,epit_scm_trial_0036,local_tabicl_regressor,/home/fcolanto/projects/tabicl/checkpoints/epit_pipeline_final_v1/final_epit_pipeline_optuna_empirical_features_scm_target_v6_trial_0036/step-1000.ckpt,electrochemical_metrics_alloys__pitting_potential__epit_mv_sce_avg,electrochemical_metrics_alloys,Pitting Potential,"Epit, mV (SCE) Avg.",,continuous,0,,median,False,,608,487,121,21,False,0,,,,,epit_pipeline_development_fold_5,0,0,0,0,True,,,normal_corrosion,255.07496164130623,345.69120391172106,0.6422790169085634,0.8619684009543814,0.8616042368472902,0.5515134305757973,0.7474404408902077,"environment,material,process_history","{""environment"": 3, ""material"": 17, ""process_history"": 1}","Composition, wt.% N:numeric_sparse_0.34;Composition, wt.% C:numeric_sparse_0.45;Composition, wt.% Si:numeric_sparse_0.44;Composition, wt.% Mn:numeric_sparse_0.41;Composition, wt.% Cu:numeric_sparse_0.19;Composition, wt.% P:numeric_sparse_0.23;Composition, wt.% S:numeric_sparse_0.25;Test Solution:high_cardinality;Heat treatment:categorical_sparse_0.54;Microstructures:categorical_sparse_0.28",,,,,,,,,,,,,,,,,,,,,,,step-1000,1000
5,pretrained_tabicl_v2,pretrained_tabicl_regressor,/home/fcolanto/.cache/huggingface/hub/models--jingang--TabICL/snapshots/4dcd344ece2c00be9e831fdd35bed57b5ad83e19/tabicl-regressor-v2-20260212.ckpt,electrochemical_metrics_alloys__pitting_potential__epit_mv_sce_avg,electrochemical_metrics_alloys,Pitting Potential,"Epit, mV (SCE) Avg.",,continuous,0,,median,False,,608,487,121,21,False,0,,,,,epit_pipeline_development_fold_5,0,0,0,0,True,,,normal_corrosion,188.9494359413199,260.65988789830766,0.7966162897556599,0.8765706002620413,0.9273144092547476,0.4085393209542052,0.5635889468071517,"environment,material,process_history","{""environment"": 3, ""material"": 17, ""process_history"": 1}","Composition, wt.% N:numeric_sparse_0.34;Composition, wt.% C:numeric_sparse_0.45;Composition, wt.% Si:numeric_sparse_0.44;Composition, wt.% Mn:numeric_sparse_0.41;Composition, wt.% Cu:numeric_sparse_0.19;Composition, wt.% P:numeric_sparse_0.23;Composition, wt.% S:numeric_sparse_0.25;Test Solution:high_cardinality;Heat treatment:categorical_sparse_0.54;Microstructures:categorical_sparse_0.28",,,,,,,,,,,,,,,,,,,,,,,step-1000,1000
5,catboost,catboost_regressor,catboost==1.2.10;iterations=1000;depth=6;learning_rate=0.03;l2_leaf_reg=3;thread_count=8,electrochemical_metrics_alloys__pitting_potential__epit_mv_sce_avg,electrochemical_metrics_alloys,Pitting Potential,"Epit, mV (SCE) Avg.",,continuous,0,,median,False,,608,487,121,21,False,0,,,,,epit_pipeline_development_fold_5,0,0,0,0,True,,,normal_corrosion,184.17920914311293,245.27082356558748,0.8199224654334067,0.9112805160230548,0.9323509602938432,0.3982253170661901,0.5303152941958648,"environment,material,process_history","{""environment"": 3, ""material"": 17, ""process_history"": 1}","Composition, wt.% N:numeric_sparse_0.34;Composition, wt.% C:numeric_sparse_0.45;Composition, wt.% Si:numeric_sparse_0.44;Composition, wt.% Mn:numeric_sparse_0.41;Composition, wt.% Cu:numeric_sparse_0.19;Composition, wt.% P:numeric_sparse_0.23;Composition, wt.% S:numeric_sparse_0.25;Test Solution:high_cardinality;Heat treatment:categorical_sparse_0.54;Microstructures:categorical_sparse_0.28",,,,,,,,,,,,,,,,,,,,,,,step-1000,1000
5,generic_baseline,local_tabicl_regressor,/home/fcolanto/projects/tabicl/checkpoints/tabicl_s1_regression_baseline/step-1500.ckpt,electrochemical_metrics_alloys__pitting_potential__epit_mv_sce_avg,electrochemical_metrics_alloys,Pitting Potential,"Epit, mV (SCE) Avg.",,continuous,0,,median,False,,608,487,121,21,False,0,,,,,epit_pipeline_development_fold_5,0,0,0,0,True,,,normal_corrosion,270.1565804342338,365.9523826902721,0.5991176683186704,0.8998745045155093,0.8414066022233687,0.584122336074019,0.7912483950059938,"environment,material,process_history","{""environment"": 3, ""material"": 17, ""process_history"": 1}","Composition, wt.% N:numeric_sparse_0.34;Composition, wt.% C:numeric_sparse_0.45;Composition, wt.% Si:numeric_sparse_0.44;Composition, wt.% Mn:numeric_sparse_0.41;Composition, wt.% Cu:numeric_sparse_0.19;Composition, wt.% P:numeric_sparse_0.23;Composition, wt.% S:numeric_sparse_0.25;Test Solution:high_cardinality;Heat treatment:categorical_sparse_0.54;Microstructures:categorical_sparse_0.28",,,,,,,,,,,,,,,,,,,,,,,step-1500,1500
5,epit_scm_trial_0036,local_tabicl_regressor,/home/fcolanto/projects/tabicl/checkpoints/epit_pipeline_final_v1/final_epit_pipeline_optuna_empirical_features_scm_target_v6_trial_0036/step-1500.ckpt,electrochemical_metrics_alloys__pitting_potential__epit_mv_sce_avg,electrochemical_metrics_alloys,Pitting Potential,"Epit, mV (SCE) Avg.",,continuous,0,,median,False,,608,487,121,21,False,0,,,,,epit_pipeline_development_fold_5,0,0,0,0,True,,,normal_corrosion,289.8291388009935,361.0309442683989,0.6098275399040575,0.8718623986759483,0.9087946232708888,0.6266575974075536,0.7806074470668085,"environment,material,process_history","{""environment"": 3, ""material"": 17, ""process_history"": 1}","Composition, wt.% N:numeric_sparse_0.34;Composition, wt.% C:numeric_sparse_0.45;Composition, wt.% Si:numeric_sparse_0.44;Composition, wt.% Mn:numeric_sparse_0.41;Composition, wt.% Cu:numeric_sparse_0.19;Composition, wt.% P:numeric_sparse_0.23;Composition, wt.% S:numeric_sparse_0.25;Test Solution:high_cardinality;Heat treatment:categorical_sparse_0.54;Microstructures:categorical_sparse_0.28",,,,,,,,,,,,,,,,,,,,,,,step-1500,1500
5,pretrained_tabicl_v2,pretrained_tabicl_regressor,/home/fcolanto/.cache/huggingface/hub/models--jingang--TabICL/snapshots/4dcd344ece2c00be9e831fdd35bed57b5ad83e19/tabicl-regressor-v2-20260212.ckpt,electrochemical_metrics_alloys__pitting_potential__epit_mv_sce_avg,electrochemical_metrics_alloys,Pitting Potential,"Epit, mV (SCE) Avg.",,continuous,0,,median,False,,608,487,121,21,False,0,,,,,epit_pipeline_development_fold_5,0,0,0,0,True,,,normal_corrosion,188.9494359413199,260.65988789830766,0.7966162897556599,0.8765706002620413,0.9273144092547476,0.4085393209542052,0.5635889468071517,"environment,material,process_history","{""environment"": 3, ""material"": 17, ""process_history"": 1}","Composition, wt.% N:numeric_sparse_0.34;Composition, wt.% C:numeric_sparse_0.45;Composition, wt.% Si:numeric_sparse_0.44;Composition, wt.% Mn:numeric_sparse_0.41;Composition, wt.% Cu:numeric_sparse_0.19;Composition, wt.% P:numeric_sparse_0.23;Composition, wt.% S:numeric_sparse_0.25;Test Solution:high_cardinality;Heat treatment:categorical_sparse_0.54;Microstructures:categorical_sparse_0.28",,,,,,,,,,,,,,,,,,,,,,,step-1500,1500
5,catboost,catboost_regressor,catboost==1.2.10;iterations=1000;depth=6;learning_rate=0.03;l2_leaf_reg=3;thread_count=8,electrochemical_metrics_alloys__pitting_potential__epit_mv_sce_avg,electrochemical_metrics_alloys,Pitting Potential,"Epit, mV (SCE) Avg.",,continuous,0,,median,False,,608,487,121,21,False,0,,,,,epit_pipeline_development_fold_5,0,0,0,0,True,,,normal_corrosion,184.17920914311293,245.27082356558748,0.8199224654334067,0.9112805160230548,0.9323509602938432,0.3982253170661901,0.5303152941958648,"environment,material,process_history","{""environment"": 3, ""material"": 17, ""process_history"": 1}","Composition, wt.% N:numeric_sparse_0.34;Composition, wt.% C:numeric_sparse_0.45;Composition, wt.% Si:numeric_sparse_0.44;Composition, wt.% Mn:numeric_sparse_0.41;Composition, wt.% Cu:numeric_sparse_0.19;Composition, wt.% P:numeric_sparse_0.23;Composition, wt.% S:numeric_sparse_0.25;Test Solution:high_cardinality;Heat treatment:categorical_sparse_0.54;Microstructures:categorical_sparse_0.28",,,,,,,,,,,,,,,,,,,,,,,step-1500,1500
5,generic_baseline,local_tabicl_regressor,/home/fcolanto/projects/tabicl/checkpoints/tabicl_s1_regression_baseline/step-2000.ckpt,electrochemical_metrics_alloys__pitting_potential__epit_mv_sce_avg,electrochemical_metrics_alloys,Pitting Potential,"Epit, mV (SCE) Avg.",,continuous,0,,median,False,,608,487,121,21,False,0,,,,,epit_pipeline_development_fold_5,0,0,0,0,True,,,normal_corrosion,230.86554866770487,304.42218642536886,0.7225911199100045,0.900192900881763,0.8946260121385479,0.4991687538761186,0.6582101328116083,"environment,material,process_history","{""environment"": 3, ""material"": 17, ""process_history"": 1}","Composition, wt.% N:numeric_sparse_0.34;Composition, wt.% C:numeric_sparse_0.45;Composition, wt.% Si:numeric_sparse_0.44;Composition, wt.% Mn:numeric_sparse_0.41;Composition, wt.% Cu:numeric_sparse_0.19;Composition, wt.% P:numeric_sparse_0.23;Composition, wt.% S:numeric_sparse_0.25;Test Solution:high_cardinality;Heat treatment:categorical_sparse_0.54;Microstructures:categorical_sparse_0.28",,,,,,,,,,,,,,,,,,,,,,,step-2000,2000
5,epit_scm_trial_0036,local_tabicl_regressor,/home/fcolanto/projects/tabicl/checkpoints/epit_pipeline_final_v1/final_epit_pipeline_optuna_empirical_features_scm_target_v6_trial_0036/step-2000.ckpt,electrochemical_metrics_alloys__pitting_potential__epit_mv_sce_avg,electrochemical_metrics_alloys,Pitting Potential,"Epit, mV (SCE) Avg.",,continuous,0,,median,False,,608,487,121,21,False,0,,,,,epit_pipeline_development_fold_5,0,0,0,0,True,,,normal_corrosion,230.94113184666685,302.93266022168484,0.7252991806846649,0.8578969921007958,0.9057651410367826,0.4993321769657661,0.6549895356144537,"environment,material,process_history","{""environment"": 3, ""material"": 17, ""process_history"": 1}","Composition, wt.% N:numeric_sparse_0.34;Composition, wt.% C:numeric_sparse_0.45;Composition, wt.% Si:numeric_sparse_0.44;Composition, wt.% Mn:numeric_sparse_0.41;Composition, wt.% Cu:numeric_sparse_0.19;Composition, wt.% P:numeric_sparse_0.23;Composition, wt.% S:numeric_sparse_0.25;Test Solution:high_cardinality;Heat treatment:categorical_sparse_0.54;Microstructures:categorical_sparse_0.28",,,,,,,,,,,,,,,,,,,,,,,step-2000,2000
5,pretrained_tabicl_v2,pretrained_tabicl_regressor,/home/fcolanto/.cache/huggingface/hub/models--jingang--TabICL/snapshots/4dcd344ece2c00be9e831fdd35bed57b5ad83e19/tabicl-regressor-v2-20260212.ckpt,electrochemical_metrics_alloys__pitting_potential__epit_mv_sce_avg,electrochemical_metrics_alloys,Pitting Potential,"Epit, mV (SCE) Avg.",,continuous,0,,median,False,,608,487,121,21,False,0,,,,,epit_pipeline_development_fold_5,0,0,0,0,True,,,normal_corrosion,188.9494359413199,260.65988789830766,0.7966162897556599,0.8765706002620413,0.9273144092547476,0.4085393209542052,0.5635889468071517,"environment,material,process_history","{""environment"": 3, ""material"": 17, ""process_history"": 1}","Composition, wt.% N:numeric_sparse_0.34;Composition, wt.% C:numeric_sparse_0.45;Composition, wt.% Si:numeric_sparse_0.44;Composition, wt.% Mn:numeric_sparse_0.41;Composition, wt.% Cu:numeric_sparse_0.19;Composition, wt.% P:numeric_sparse_0.23;Composition, wt.% S:numeric_sparse_0.25;Test Solution:high_cardinality;Heat treatment:categorical_sparse_0.54;Microstructures:categorical_sparse_0.28",,,,,,,,,,,,,,,,,,,,,,,step-2000,2000
5,catboost,catboost_regressor,catboost==1.2.10;iterations=1000;depth=6;learning_rate=0.03;l2_leaf_reg=3;thread_count=8,electrochemical_metrics_alloys__pitting_potential__epit_mv_sce_avg,electrochemical_metrics_alloys,Pitting Potential,"Epit, mV (SCE) Avg.",,continuous,0,,median,False,,608,487,121,21,False,0,,,,,epit_pipeline_development_fold_5,0,0,0,0,True,,,normal_corrosion,184.17920914311293,245.27082356558748,0.8199224654334067,0.9112805160230548,0.9323509602938432,0.3982253170661901,0.5303152941958648,"environment,material,process_history","{""environment"": 3, ""material"": 17, ""process_history"": 1}","Composition, wt.% N:numeric_sparse_0.34;Composition, wt.% C:numeric_sparse_0.45;Composition, wt.% Si:numeric_sparse_0.44;Composition, wt.% Mn:numeric_sparse_0.41;Composition, wt.% Cu:numeric_sparse_0.19;Composition, wt.% P:numeric_sparse_0.23;Composition, wt.% S:numeric_sparse_0.25;Test Solution:high_cardinality;Heat treatment:categorical_sparse_0.54;Microstructures:categorical_sparse_0.28",,,,,,,,,,,,,,,,,,,,,,,step-2000,2000
5,generic_baseline,local_tabicl_regressor,/home/fcolanto/projects/tabicl/checkpoints/tabicl_s1_regression_baseline/step-2500.ckpt,electrochemical_metrics_alloys__pitting_potential__epit_mv_sce_avg,electrochemical_metrics_alloys,Pitting Potential,"Epit, mV (SCE) Avg.",,continuous,0,,median,False,,608,487,121,21,False,0,,,,,epit_pipeline_development_fold_5,0,0,0,0,True,,,normal_corrosion,218.8600228422674,285.6990679597652,0.7556651562710973,0.8916436197283106,0.9244019601147272,0.4732108601994971,0.6177277145076003,"environment,material,process_history","{""environment"": 3, ""material"": 17, ""process_history"": 1}","Composition, wt.% N:numeric_sparse_0.34;Composition, wt.% C:numeric_sparse_0.45;Composition, wt.% Si:numeric_sparse_0.44;Composition, wt.% Mn:numeric_sparse_0.41;Composition, wt.% Cu:numeric_sparse_0.19;Composition, wt.% P:numeric_sparse_0.23;Composition, wt.% S:numeric_sparse_0.25;Test Solution:high_cardinality;Heat treatment:categorical_sparse_0.54;Microstructures:categorical_sparse_0.28",,,,,,,,,,,,,,,,,,,,,,,step-2500,2500
5,epit_scm_trial_0036,local_tabicl_regressor,/home/fcolanto/projects/tabicl/checkpoints/epit_pipeline_final_v1/final_epit_pipeline_optuna_empirical_features_scm_target_v6_trial_0036/step-2500.ckpt,electrochemical_metrics_alloys__pitting_potential__epit_mv_sce_avg,electrochemical_metrics_alloys,Pitting Potential,"Epit, mV (SCE) Avg.",,continuous,0,,median,False,,608,487,121,21,False,0,,,,,epit_pipeline_development_fold_5,0,0,0,0,True,,,normal_corrosion,204.44615353619176,268.0790380753535,0.7848737185053934,0.8635163492456365,0.9177449808464528,0.4420457373755497,0.5796303525953589,"environment,material,process_history","{""environment"": 3, ""material"": 17, ""process_history"": 1}","Composition, wt.% N:numeric_sparse_0.34;Composition, wt.% C:numeric_sparse_0.45;Composition, wt.% Si:numeric_sparse_0.44;Composition, wt.% Mn:numeric_sparse_0.41;Composition, wt.% Cu:numeric_sparse_0.19;Composition, wt.% P:numeric_sparse_0.23;Composition, wt.% S:numeric_sparse_0.25;Test Solution:high_cardinality;Heat treatment:categorical_sparse_0.54;Microstructures:categorical_sparse_0.28",,,,,,,,,,,,,,,,,,,,,,,step-2500,2500
5,pretrained_tabicl_v2,pretrained_tabicl_regressor,/home/fcolanto/.cache/huggingface/hub/models--jingang--TabICL/snapshots/4dcd344ece2c00be9e831fdd35bed57b5ad83e19/tabicl-regressor-v2-20260212.ckpt,electrochemical_metrics_alloys__pitting_potential__epit_mv_sce_avg,electrochemical_metrics_alloys,Pitting Potential,"Epit, mV (SCE) Avg.",,continuous,0,,median,False,,608,487,121,21,False,0,,,,,epit_pipeline_development_fold_5,0,0,0,0,True,,,normal_corrosion,188.9494359413199,260.65988789830766,0.7966162897556599,0.8765706002620413,0.9273144092547476,0.4085393209542052,0.5635889468071517,"environment,material,process_history","{""environment"": 3, ""material"": 17, ""process_history"": 1}","Composition, wt.% N:numeric_sparse_0.34;Composition, wt.% C:numeric_sparse_0.45;Composition, wt.% Si:numeric_sparse_0.44;Composition, wt.% Mn:numeric_sparse_0.41;Composition, wt.% Cu:numeric_sparse_0.19;Composition, wt.% P:numeric_sparse_0.23;Composition, wt.% S:numeric_sparse_0.25;Test Solution:high_cardinality;Heat treatment:categorical_sparse_0.54;Microstructures:categorical_sparse_0.28",,,,,,,,,,,,,,,,,,,,,,,step-2500,2500
5,catboost,catboost_regressor,catboost==1.2.10;iterations=1000;depth=6;learning_rate=0.03;l2_leaf_reg=3;thread_count=8,electrochemical_metrics_alloys__pitting_potential__epit_mv_sce_avg,electrochemical_metrics_alloys,Pitting Potential,"Epit, mV (SCE) Avg.",,continuous,0,,median,False,,608,487,121,21,False,0,,,,,epit_pipeline_development_fold_5,0,0,0,0,True,,,normal_corrosion,184.17920914311293,245.27082356558748,0.8199224654334067,0.9112805160230548,0.9323509602938432,0.3982253170661901,0.5303152941958648,"environment,material,process_history","{""environment"": 3, ""material"": 17, ""process_history"": 1}","Composition, wt.% N:numeric_sparse_0.34;Composition, wt.% C:numeric_sparse_0.45;Composition, wt.% Si:numeric_sparse_0.44;Composition, wt.% Mn:numeric_sparse_0.41;Composition, wt.% Cu:numeric_sparse_0.19;Composition, wt.% P:numeric_sparse_0.23;Composition, wt.% S:numeric_sparse_0.25;Test Solution:high_cardinality;Heat treatment:categorical_sparse_0.54;Microstructures:categorical_sparse_0.28",,,,,,,,,,,,,,,,,,,,,,,step-2500,2500
5,generic_baseline,local_tabicl_regressor,/home/fcolanto/projects/tabicl/checkpoints/tabicl_s1_regression_baseline/step-3000.ckpt,electrochemical_metrics_alloys__pitting_potential__epit_mv_sce_avg,electrochemical_metrics_alloys,Pitting Potential,"Epit, mV (SCE) Avg.",,continuous,0,,median,False,,608,487,121,21,False,0,,,,,epit_pipeline_development_fold_5,0,0,0,0,True,,,normal_corrosion,253.18036838195945,326.5387600182233,0.6808188494223728,0.8600343123891591,0.8927642855271634,0.5474170127177501,0.7060297513907531,"environment,material,process_history","{""environment"": 3, ""material"": 17, ""process_history"": 1}","Composition, wt.% N:numeric_sparse_0.34;Composition, wt.% C:numeric_sparse_0.45;Composition, wt.% Si:numeric_sparse_0.44;Composition, wt.% Mn:numeric_sparse_0.41;Composition, wt.% Cu:numeric_sparse_0.19;Composition, wt.% P:numeric_sparse_0.23;Composition, wt.% S:numeric_sparse_0.25;Test Solution:high_cardinality;Heat treatment:categorical_sparse_0.54;Microstructures:categorical_sparse_0.28",,,,,,,,,,,,,,,,,,,,,,,step-3000,3000
5,epit_scm_trial_0036,local_tabicl_regressor,/home/fcolanto/projects/tabicl/checkpoints/epit_pipeline_final_v1/final_epit_pipeline_optuna_empirical_features_scm_target_v6_trial_0036/step-3000.ckpt,electrochemical_metrics_alloys__pitting_potential__epit_mv_sce_avg,electrochemical_metrics_alloys,Pitting Potential,"Epit, mV (SCE) Avg.",,continuous,0,,median,False,,608,487,121,21,False,0,,,,,epit_pipeline_development_fold_5,0,0,0,0,True,,,normal_corrosion,211.03784877000183,278.9321394880636,0.7671024749346165,0.8544488271981752,0.9069093970988348,0.4562980513945985,0.6030965178120294,"environment,material,process_history","{""environment"": 3, ""material"": 17, ""process_history"": 1}","Composition, wt.% N:numeric_sparse_0.34;Composition, wt.% C:numeric_sparse_0.45;Composition, wt.% Si:numeric_sparse_0.44;Composition, wt.% Mn:numeric_sparse_0.41;Composition, wt.% Cu:numeric_sparse_0.19;Composition, wt.% P:numeric_sparse_0.23;Composition, wt.% S:numeric_sparse_0.25;Test Solution:high_cardinality;Heat treatment:categorical_sparse_0.54;Microstructures:categorical_sparse_0.28",,,,,,,,,,,,,,,,,,,,,,,step-3000,3000
5,pretrained_tabicl_v2,pretrained_tabicl_regressor,/home/fcolanto/.cache/huggingface/hub/models--jingang--TabICL/snapshots/4dcd344ece2c00be9e831fdd35bed57b5ad83e19/tabicl-regressor-v2-20260212.ckpt,electrochemical_metrics_alloys__pitting_potential__epit_mv_sce_avg,electrochemical_metrics_alloys,Pitting Potential,"Epit, mV (SCE) Avg.",,continuous,0,,median,False,,608,487,121,21,False,0,,,,,epit_pipeline_development_fold_5,0,0,0,0,True,,,normal_corrosion,188.9494359413199,260.65988789830766,0.7966162897556599,0.8765706002620413,0.9273144092547476,0.4085393209542052,0.5635889468071517,"environment,material,process_history","{""environment"": 3, ""material"": 17, ""process_history"": 1}","Composition, wt.% N:numeric_sparse_0.34;Composition, wt.% C:numeric_sparse_0.45;Composition, wt.% Si:numeric_sparse_0.44;Composition, wt.% Mn:numeric_sparse_0.41;Composition, wt.% Cu:numeric_sparse_0.19;Composition, wt.% P:numeric_sparse_0.23;Composition, wt.% S:numeric_sparse_0.25;Test Solution:high_cardinality;Heat treatment:categorical_sparse_0.54;Microstructures:categorical_sparse_0.28",,,,,,,,,,,,,,,,,,,,,,,step-3000,3000
5,catboost,catboost_regressor,catboost==1.2.10;iterations=1000;depth=6;learning_rate=0.03;l2_leaf_reg=3;thread_count=8,electrochemical_metrics_alloys__pitting_potential__epit_mv_sce_avg,electrochemical_metrics_alloys,Pitting Potential,"Epit, mV (SCE) Avg.",,continuous,0,,median,False,,608,487,121,21,False,0,,,,,epit_pipeline_development_fold_5,0,0,0,0,True,,,normal_corrosion,184.17920914311293,245.27082356558748,0.8199224654334067,0.9112805160230548,0.9323509602938432,0.3982253170661901,0.5303152941958648,"environment,material,process_history","{""environment"": 3, ""material"": 17, ""process_history"": 1}","Composition, wt.% N:numeric_sparse_0.34;Composition, wt.% C:numeric_sparse_0.45;Composition, wt.% Si:numeric_sparse_0.44;Composition, wt.% Mn:numeric_sparse_0.41;Composition, wt.% Cu:numeric_sparse_0.19;Composition, wt.% P:numeric_sparse_0.23;Composition, wt.% S:numeric_sparse_0.25;Test Solution:high_cardinality;Heat treatment:categorical_sparse_0.54;Microstructures:categorical_sparse_0.28",,,,,,,,,,,,,,,,,,,,,,,step-3000,3000
5,generic_baseline,local_tabicl_regressor,/home/fcolanto/projects/tabicl/checkpoints/tabicl_s1_regression_baseline/step-3500.ckpt,electrochemical_metrics_alloys__pitting_potential__epit_mv_sce_avg,electrochemical_metrics_alloys,Pitting Potential,"Epit, mV (SCE) Avg.",,continuous,0,,median,False,,608,487,121,21,False,0,,,,,epit_pipeline_development_fold_5,0,0,0,0,True,,,normal_corrosion,251.5277572878866,321.7843174287063,0.6900458138413461,0.8703855814877925,0.9162288477885794,0.5438437995413764,0.6957498755215271,"environment,material,process_history","{""environment"": 3, ""material"": 17, ""process_history"": 1}","Composition, wt.% N:numeric_sparse_0.34;Composition, wt.% C:numeric_sparse_0.45;Composition, wt.% Si:numeric_sparse_0.44;Composition, wt.% Mn:numeric_sparse_0.41;Composition, wt.% Cu:numeric_sparse_0.19;Composition, wt.% P:numeric_sparse_0.23;Composition, wt.% S:numeric_sparse_0.25;Test Solution:high_cardinality;Heat treatment:categorical_sparse_0.54;Microstructures:categorical_sparse_0.28",,,,,,,,,,,,,,,,,,,,,,,step-3500,3500
5,epit_scm_trial_0036,local_tabicl_regressor,/home/fcolanto/projects/tabicl/checkpoints/epit_pipeline_final_v1/final_epit_pipeline_optuna_empirical_features_scm_target_v6_trial_0036/step-3500.ckpt,electrochemical_metrics_alloys__pitting_potential__epit_mv_sce_avg,electrochemical_metrics_alloys,Pitting Potential,"Epit, mV (SCE) Avg.",,continuous,0,,median,False,,608,487,121,21,False,0,,,,,epit_pipeline_development_fold_5,0,0,0,0,True,,,normal_corrosion,221.59303334399544,291.81660412156214,0.7450894817394309,0.8354940818199185,0.8871549168862287,0.4791200720951252,0.6309548197222965,"environment,material,process_history","{""environment"": 3, ""material"": 17, ""process_history"": 1}","Composition, wt.% N:numeric_sparse_0.34;Composition, wt.% C:numeric_sparse_0.45;Composition, wt.% Si:numeric_sparse_0.44;Composition, wt.% Mn:numeric_sparse_0.41;Composition, wt.% Cu:numeric_sparse_0.19;Composition, wt.% P:numeric_sparse_0.23;Composition, wt.% S:numeric_sparse_0.25;Test Solution:high_cardinality;Heat treatment:categorical_sparse_0.54;Microstructures:categorical_sparse_0.28",,,,,,,,,,,,,,,,,,,,,,,step-3500,3500
5,pretrained_tabicl_v2,pretrained_tabicl_regressor,/home/fcolanto/.cache/huggingface/hub/models--jingang--TabICL/snapshots/4dcd344ece2c00be9e831fdd35bed57b5ad83e19/tabicl-regressor-v2-20260212.ckpt,electrochemical_metrics_alloys__pitting_potential__epit_mv_sce_avg,electrochemical_metrics_alloys,Pitting Potential,"Epit, mV (SCE) Avg.",,continuous,0,,median,False,,608,487,121,21,False,0,,,,,epit_pipeline_development_fold_5,0,0,0,0,True,,,normal_corrosion,188.9494359413199,260.65988789830766,0.7966162897556599,0.8765706002620413,0.9273144092547476,0.4085393209542052,0.5635889468071517,"environment,material,process_history","{""environment"": 3, ""material"": 17, ""process_history"": 1}","Composition, wt.% N:numeric_sparse_0.34;Composition, wt.% C:numeric_sparse_0.45;Composition, wt.% Si:numeric_sparse_0.44;Composition, wt.% Mn:numeric_sparse_0.41;Composition, wt.% Cu:numeric_sparse_0.19;Composition, wt.% P:numeric_sparse_0.23;Composition, wt.% S:numeric_sparse_0.25;Test Solution:high_cardinality;Heat treatment:categorical_sparse_0.54;Microstructures:categorical_sparse_0.28",,,,,,,,,,,,,,,,,,,,,,,step-3500,3500
5,catboost,catboost_regressor,catboost==1.2.10;iterations=1000;depth=6;learning_rate=0.03;l2_leaf_reg=3;thread_count=8,electrochemical_metrics_alloys__pitting_potential__epit_mv_sce_avg,electrochemical_metrics_alloys,Pitting Potential,"Epit, mV (SCE) Avg.",,continuous,0,,median,False,,608,487,121,21,False,0,,,,,epit_pipeline_development_fold_5,0,0,0,0,True,,,normal_corrosion,184.17920914311293,245.27082356558748,0.8199224654334067,0.9112805160230548,0.9323509602938432,0.3982253170661901,0.5303152941958648,"environment,material,process_history","{""environment"": 3, ""material"": 17, ""process_history"": 1}","Composition, wt.% N:numeric_sparse_0.34;Composition, wt.% C:numeric_sparse_0.45;Composition, wt.% Si:numeric_sparse_0.44;Composition, wt.% Mn:numeric_sparse_0.41;Composition, wt.% Cu:numeric_sparse_0.19;Composition, wt.% P:numeric_sparse_0.23;Composition, wt.% S:numeric_sparse_0.25;Test Solution:high_cardinality;Heat treatment:categorical_sparse_0.54;Microstructures:categorical_sparse_0.28",,,,,,,,,,,,,,,,,,,,,,,step-3500,3500
5,generic_baseline,local_tabicl_regressor,/home/fcolanto/projects/tabicl/checkpoints/tabicl_s1_regression_baseline/step-4000.ckpt,electrochemical_metrics_alloys__pitting_potential__epit_mv_sce_avg,electrochemical_metrics_alloys,Pitting Potential,"Epit, mV (SCE) Avg.",,continuous,0,,median,False,,608,487,121,21,False,0,,,,,epit_pipeline_development_fold_5,0,0,0,0,True,,,normal_corrosion,211.7137256081184,280.32836899675027,0.7647650443463359,0.8764554356189282,0.9225086208808552,0.4577594067202559,0.606115392425406,"environment,material,process_history","{""environment"": 3, ""material"": 17, ""process_history"": 1}","Composition, wt.% N:numeric_sparse_0.34;Composition, wt.% C:numeric_sparse_0.45;Composition, wt.% Si:numeric_sparse_0.44;Composition, wt.% Mn:numeric_sparse_0.41;Composition, wt.% Cu:numeric_sparse_0.19;Composition, wt.% P:numeric_sparse_0.23;Composition, wt.% S:numeric_sparse_0.25;Test Solution:high_cardinality;Heat treatment:categorical_sparse_0.54;Microstructures:categorical_sparse_0.28",,,,,,,,,,,,,,,,,,,,,,,step-4000,4000
5,epit_scm_trial_0036,local_tabicl_regressor,/home/fcolanto/projects/tabicl/checkpoints/epit_pipeline_final_v1/final_epit_pipeline_optuna_empirical_features_scm_target_v6_trial_0036/step-4000.ckpt,electrochemical_metrics_alloys__pitting_potential__epit_mv_sce_avg,electrochemical_metrics_alloys,Pitting Potential,"Epit, mV (SCE) Avg.",,continuous,0,,median,False,,608,487,121,21,False,0,,,,,epit_pipeline_development_fold_5,0,0,0,0,True,,,normal_corrosion,263.1369434824405,336.8732110964755,0.6602959614187087,0.8308434625553819,0.8905699528931154,0.5689447426647362,0.7283745104788659,"environment,material,process_history","{""environment"": 3, ""material"": 17, ""process_history"": 1}","Composition, wt.% N:numeric_sparse_0.34;Composition, wt.% C:numeric_sparse_0.45;Composition, wt.% Si:numeric_sparse_0.44;Composition, wt.% Mn:numeric_sparse_0.41;Composition, wt.% Cu:numeric_sparse_0.19;Composition, wt.% P:numeric_sparse_0.23;Composition, wt.% S:numeric_sparse_0.25;Test Solution:high_cardinality;Heat treatment:categorical_sparse_0.54;Microstructures:categorical_sparse_0.28",,,,,,,,,,,,,,,,,,,,,,,step-4000,4000
5,pretrained_tabicl_v2,pretrained_tabicl_regressor,/home/fcolanto/.cache/huggingface/hub/models--jingang--TabICL/snapshots/4dcd344ece2c00be9e831fdd35bed57b5ad83e19/tabicl-regressor-v2-20260212.ckpt,electrochemical_metrics_alloys__pitting_potential__epit_mv_sce_avg,electrochemical_metrics_alloys,Pitting Potential,"Epit, mV (SCE) Avg.",,continuous,0,,median,False,,608,487,121,21,False,0,,,,,epit_pipeline_development_fold_5,0,0,0,0,True,,,normal_corrosion,188.9494359413199,260.65988789830766,0.7966162897556599,0.8765706002620413,0.9273144092547476,0.4085393209542052,0.5635889468071517,"environment,material,process_history","{""environment"": 3, ""material"": 17, ""process_history"": 1}","Composition, wt.% N:numeric_sparse_0.34;Composition, wt.% C:numeric_sparse_0.45;Composition, wt.% Si:numeric_sparse_0.44;Composition, wt.% Mn:numeric_sparse_0.41;Composition, wt.% Cu:numeric_sparse_0.19;Composition, wt.% P:numeric_sparse_0.23;Composition, wt.% S:numeric_sparse_0.25;Test Solution:high_cardinality;Heat treatment:categorical_sparse_0.54;Microstructures:categorical_sparse_0.28",,,,,,,,,,,,,,,,,,,,,,,step-4000,4000
5,catboost,catboost_regressor,catboost==1.2.10;iterations=1000;depth=6;learning_rate=0.03;l2_leaf_reg=3;thread_count=8,electrochemical_metrics_alloys__pitting_potential__epit_mv_sce_avg,electrochemical_metrics_alloys,Pitting Potential,"Epit, mV (SCE) Avg.",,continuous,0,,median,False,,608,487,121,21,False,0,,,,,epit_pipeline_development_fold_5,0,0,0,0,True,,,normal_corrosion,184.17920914311293,245.27082356558748,0.8199224654334067,0.9112805160230548,0.9323509602938432,0.3982253170661901,0.5303152941958648,"environment,material,process_history","{""environment"": 3, ""material"": 17, ""process_history"": 1}","Composition, wt.% N:numeric_sparse_0.34;Composition, wt.% C:numeric_sparse_0.45;Composition, wt.% Si:numeric_sparse_0.44;Composition, wt.% Mn:numeric_sparse_0.41;Composition, wt.% Cu:numeric_sparse_0.19;Composition, wt.% P:numeric_sparse_0.23;Composition, wt.% S:numeric_sparse_0.25;Test Solution:high_cardinality;Heat treatment:categorical_sparse_0.54;Microstructures:categorical_sparse_0.28",,,,,,,,,,,,,,,,,,,,,,,step-4000,4000
5,generic_baseline,local_tabicl_regressor,/home/fcolanto/projects/tabicl/checkpoints/tabicl_s1_regression_baseline/step-4500.ckpt,electrochemical_metrics_alloys__pitting_potential__epit_mv_sce_avg,electrochemical_metrics_alloys,Pitting Potential,"Epit, mV (SCE) Avg.",,continuous,0,,median,False,,608,487,121,21,False,0,,,,,epit_pipeline_development_fold_5,0,0,0,0,True,,,normal_corrosion,222.3880280166363,290.6504456936633,0.7471227593341991,0.8850656862893229,0.9250942856361614,0.4808389794954298,0.6284333960944072,"environment,material,process_history","{""environment"": 3, ""material"": 17, ""process_history"": 1}","Composition, wt.% N:numeric_sparse_0.34;Composition, wt.% C:numeric_sparse_0.45;Composition, wt.% Si:numeric_sparse_0.44;Composition, wt.% Mn:numeric_sparse_0.41;Composition, wt.% Cu:numeric_sparse_0.19;Composition, wt.% P:numeric_sparse_0.23;Composition, wt.% S:numeric_sparse_0.25;Test Solution:high_cardinality;Heat treatment:categorical_sparse_0.54;Microstructures:categorical_sparse_0.28",,,,,,,,,,,,,,,,,,,,,,,step-4500,4500
5,epit_scm_trial_0036,local_tabicl_regressor,/home/fcolanto/projects/tabicl/checkpoints/epit_pipeline_final_v1/final_epit_pipeline_optuna_empirical_features_scm_target_v6_trial_0036/step-4500.ckpt,electrochemical_metrics_alloys__pitting_potential__epit_mv_sce_avg,electrochemical_metrics_alloys,Pitting Potential,"Epit, mV (SCE) Avg.",,continuous,0,,median,False,,608,487,121,21,False,0,,,,,epit_pipeline_development_fold_5,0,0,0,0,True,,,normal_corrosion,247.82056210048347,322.7251666185891,0.6882306447609285,0.8324659291451219,0.8887795568244397,0.5358282423794237,0.6977841440401927,"environment,material,process_history","{""environment"": 3, ""material"": 17, ""process_history"": 1}","Composition, wt.% N:numeric_sparse_0.34;Composition, wt.% C:numeric_sparse_0.45;Composition, wt.% Si:numeric_sparse_0.44;Composition, wt.% Mn:numeric_sparse_0.41;Composition, wt.% Cu:numeric_sparse_0.19;Composition, wt.% P:numeric_sparse_0.23;Composition, wt.% S:numeric_sparse_0.25;Test Solution:high_cardinality;Heat treatment:categorical_sparse_0.54;Microstructures:categorical_sparse_0.28",,,,,,,,,,,,,,,,,,,,,,,step-4500,4500
5,pretrained_tabicl_v2,pretrained_tabicl_regressor,/home/fcolanto/.cache/huggingface/hub/models--jingang--TabICL/snapshots/4dcd344ece2c00be9e831fdd35bed57b5ad83e19/tabicl-regressor-v2-20260212.ckpt,electrochemical_metrics_alloys__pitting_potential__epit_mv_sce_avg,electrochemical_metrics_alloys,Pitting Potential,"Epit, mV (SCE) Avg.",,continuous,0,,median,False,,608,487,121,21,False,0,,,,,epit_pipeline_development_fold_5,0,0,0,0,True,,,normal_corrosion,188.9494359413199,260.65988789830766,0.7966162897556599,0.8765706002620413,0.9273144092547476,0.4085393209542052,0.5635889468071517,"environment,material,process_history","{""environment"": 3, ""material"": 17, ""process_history"": 1}","Composition, wt.% N:numeric_sparse_0.34;Composition, wt.% C:numeric_sparse_0.45;Composition, wt.% Si:numeric_sparse_0.44;Composition, wt.% Mn:numeric_sparse_0.41;Composition, wt.% Cu:numeric_sparse_0.19;Composition, wt.% P:numeric_sparse_0.23;Composition, wt.% S:numeric_sparse_0.25;Test Solution:high_cardinality;Heat treatment:categorical_sparse_0.54;Microstructures:categorical_sparse_0.28",,,,,,,,,,,,,,,,,,,,,,,step-4500,4500
5,catboost,catboost_regressor,catboost==1.2.10;iterations=1000;depth=6;learning_rate=0.03;l2_leaf_reg=3;thread_count=8,electrochemical_metrics_alloys__pitting_potential__epit_mv_sce_avg,electrochemical_metrics_alloys,Pitting Potential,"Epit, mV (SCE) Avg.",,continuous,0,,median,False,,608,487,121,21,False,0,,,,,epit_pipeline_development_fold_5,0,0,0,0,True,,,normal_corrosion,184.17920914311293,245.27082356558748,0.8199224654334067,0.9112805160230548,0.9323509602938432,0.3982253170661901,0.5303152941958648,"environment,material,process_history","{""environment"": 3, ""material"": 17, ""process_history"": 1}","Composition, wt.% N:numeric_sparse_0.34;Composition, wt.% C:numeric_sparse_0.45;Composition, wt.% Si:numeric_sparse_0.44;Composition, wt.% Mn:numeric_sparse_0.41;Composition, wt.% Cu:numeric_sparse_0.19;Composition, wt.% P:numeric_sparse_0.23;Composition, wt.% S:numeric_sparse_0.25;Test Solution:high_cardinality;Heat treatment:categorical_sparse_0.54;Microstructures:categorical_sparse_0.28",,,,,,,,,,,,,,,,,,,,,,,step-4500,4500
5,generic_baseline,local_tabicl_regressor,/home/fcolanto/projects/tabicl/checkpoints/tabicl_s1_regression_baseline/step-5000.ckpt,electrochemical_metrics_alloys__pitting_potential__epit_mv_sce_avg,electrochemical_metrics_alloys,Pitting Potential,"Epit, mV (SCE) Avg.",,continuous,0,,median,False,,608,487,121,21,False,0,,,,,epit_pipeline_development_fold_5,0,0,0,0,True,,,normal_corrosion,262.60453999365075,334.02053912196243,0.6660248890883151,0.8838395215597075,0.923030162312608,0.5677935999862719,0.7222065710745134,"environment,material,process_history","{""environment"": 3, ""material"": 17, ""process_history"": 1}","Composition, wt.% N:numeric_sparse_0.34;Composition, wt.% C:numeric_sparse_0.45;Composition, wt.% Si:numeric_sparse_0.44;Composition, wt.% Mn:numeric_sparse_0.41;Composition, wt.% Cu:numeric_sparse_0.19;Composition, wt.% P:numeric_sparse_0.23;Composition, wt.% S:numeric_sparse_0.25;Test Solution:high_cardinality;Heat treatment:categorical_sparse_0.54;Microstructures:categorical_sparse_0.28",,,,,,,,,,,,,,,,,,,,,,,step-5000,5000
5,epit_scm_trial_0036,local_tabicl_regressor,/home/fcolanto/projects/tabicl/checkpoints/epit_pipeline_final_v1/final_epit_pipeline_optuna_empirical_features_scm_target_v6_trial_0036/step-5000.ckpt,electrochemical_metrics_alloys__pitting_potential__epit_mv_sce_avg,electrochemical_metrics_alloys,Pitting Potential,"Epit, mV (SCE) Avg.",,continuous,0,,median,False,,608,487,121,21,False,0,,,,,epit_pipeline_development_fold_5,0,0,0,0,True,,,normal_corrosion,262.382059307999,342.8853491109645,0.6480624428788246,0.8200349220796819,0.8698737333739587,0.5673125606659437,0.7413737278074909,"environment,material,process_history","{""environment"": 3, ""material"": 17, ""process_history"": 1}","Composition, wt.% N:numeric_sparse_0.34;Composition, wt.% C:numeric_sparse_0.45;Composition, wt.% Si:numeric_sparse_0.44;Composition, wt.% Mn:numeric_sparse_0.41;Composition, wt.% Cu:numeric_sparse_0.19;Composition, wt.% P:numeric_sparse_0.23;Composition, wt.% S:numeric_sparse_0.25;Test Solution:high_cardinality;Heat treatment:categorical_sparse_0.54;Microstructures:categorical_sparse_0.28",,,,,,,,,,,,,,,,,,,,,,,step-5000,5000
5,pretrained_tabicl_v2,pretrained_tabicl_regressor,/home/fcolanto/.cache/huggingface/hub/models--jingang--TabICL/snapshots/4dcd344ece2c00be9e831fdd35bed57b5ad83e19/tabicl-regressor-v2-20260212.ckpt,electrochemical_metrics_alloys__pitting_potential__epit_mv_sce_avg,electrochemical_metrics_alloys,Pitting Potential,"Epit, mV (SCE) Avg.",,continuous,0,,median,False,,608,487,121,21,False,0,,,,,epit_pipeline_development_fold_5,0,0,0,0,True,,,normal_corrosion,188.9494359413199,260.65988789830766,0.7966162897556599,0.8765706002620413,0.9273144092547476,0.4085393209542052,0.5635889468071517,"environment,material,process_history","{""environment"": 3, ""material"": 17, ""process_history"": 1}","Composition, wt.% N:numeric_sparse_0.34;Composition, wt.% C:numeric_sparse_0.45;Composition, wt.% Si:numeric_sparse_0.44;Composition, wt.% Mn:numeric_sparse_0.41;Composition, wt.% Cu:numeric_sparse_0.19;Composition, wt.% P:numeric_sparse_0.23;Composition, wt.% S:numeric_sparse_0.25;Test Solution:high_cardinality;Heat treatment:categorical_sparse_0.54;Microstructures:categorical_sparse_0.28",,,,,,,,,,,,,,,,,,,,,,,step-5000,5000
5,catboost,catboost_regressor,catboost==1.2.10;iterations=1000;depth=6;learning_rate=0.03;l2_leaf_reg=3;thread_count=8,electrochemical_metrics_alloys__pitting_potential__epit_mv_sce_avg,electrochemical_metrics_alloys,Pitting Potential,"Epit, mV (SCE) Avg.",,continuous,0,,median,False,,608,487,121,21,False,0,,,,,epit_pipeline_development_fold_5,0,0,0,0,True,,,normal_corrosion,184.17920914311293,245.27082356558748,0.8199224654334067,0.9112805160230548,0.9323509602938432,0.3982253170661901,0.5303152941958648,"environment,material,process_history","{""environment"": 3, ""material"": 17, ""process_history"": 1}","Composition, wt.% N:numeric_sparse_0.34;Composition, wt.% C:numeric_sparse_0.45;Composition, wt.% Si:numeric_sparse_0.44;Composition, wt.% Mn:numeric_sparse_0.41;Composition, wt.% Cu:numeric_sparse_0.19;Composition, wt.% P:numeric_sparse_0.23;Composition, wt.% S:numeric_sparse_0.25;Test Solution:high_cardinality;Heat treatment:categorical_sparse_0.54;Microstructures:categorical_sparse_0.28",,,,,,,,,,,,,,,,,,,,,,,step-5000,5000
5,generic_baseline,local_tabicl_regressor,/home/fcolanto/projects/tabicl/checkpoints/tabicl_s1_regression_baseline/step-5500.ckpt,electrochemical_metrics_alloys__pitting_potential__epit_mv_sce_avg,electrochemical_metrics_alloys,Pitting Potential,"Epit, mV (SCE) Avg.",,continuous,0,,median,False,,608,487,121,21,False,0,,,,,epit_pipeline_development_fold_5,0,0,0,0,True,,,normal_corrosion,215.33114901721825,283.1203985030651,0.76005589792349,0.8820646311776118,0.9221273274883688,0.4655808627399314,0.6121522129796002,"environment,material,process_history","{""environment"": 3, ""material"": 17, ""process_history"": 1}","Composition, wt.% N:numeric_sparse_0.34;Composition, wt.% C:numeric_sparse_0.45;Composition, wt.% Si:numeric_sparse_0.44;Composition, wt.% Mn:numeric_sparse_0.41;Composition, wt.% Cu:numeric_sparse_0.19;Composition, wt.% P:numeric_sparse_0.23;Composition, wt.% S:numeric_sparse_0.25;Test Solution:high_cardinality;Heat treatment:categorical_sparse_0.54;Microstructures:categorical_sparse_0.28",,,,,,,,,,,,,,,,,,,,,,,step-5500,5500
5,epit_scm_trial_0036,local_tabicl_regressor,/home/fcolanto/projects/tabicl/checkpoints/epit_pipeline_final_v1/final_epit_pipeline_optuna_empirical_features_scm_target_v6_trial_0036/step-5500.ckpt,electrochemical_metrics_alloys__pitting_potential__epit_mv_sce_avg,electrochemical_metrics_alloys,Pitting Potential,"Epit, mV (SCE) Avg.",,continuous,0,,median,False,,608,487,121,21,False,0,,,,,epit_pipeline_development_fold_5,0,0,0,0,True,,,normal_corrosion,287.71178509368787,371.4200598647548,0.5870490507612711,0.8181922877898727,0.8597991589837963,0.6220795353377034,0.803070399707578,"environment,material,process_history","{""environment"": 3, ""material"": 17, ""process_history"": 1}","Composition, wt.% N:numeric_sparse_0.34;Composition, wt.% C:numeric_sparse_0.45;Composition, wt.% Si:numeric_sparse_0.44;Composition, wt.% Mn:numeric_sparse_0.41;Composition, wt.% Cu:numeric_sparse_0.19;Composition, wt.% P:numeric_sparse_0.23;Composition, wt.% S:numeric_sparse_0.25;Test Solution:high_cardinality;Heat treatment:categorical_sparse_0.54;Microstructures:categorical_sparse_0.28",,,,,,,,,,,,,,,,,,,,,,,step-5500,5500
5,pretrained_tabicl_v2,pretrained_tabicl_regressor,/home/fcolanto/.cache/huggingface/hub/models--jingang--TabICL/snapshots/4dcd344ece2c00be9e831fdd35bed57b5ad83e19/tabicl-regressor-v2-20260212.ckpt,electrochemical_metrics_alloys__pitting_potential__epit_mv_sce_avg,electrochemical_metrics_alloys,Pitting Potential,"Epit, mV (SCE) Avg.",,continuous,0,,median,False,,608,487,121,21,False,0,,,,,epit_pipeline_development_fold_5,0,0,0,0,True,,,normal_corrosion,188.9494359413199,260.65988789830766,0.7966162897556599,0.8765706002620413,0.9273144092547476,0.4085393209542052,0.5635889468071517,"environment,material,process_history","{""environment"": 3, ""material"": 17, ""process_history"": 1}","Composition, wt.% N:numeric_sparse_0.34;Composition, wt.% C:numeric_sparse_0.45;Composition, wt.% Si:numeric_sparse_0.44;Composition, wt.% Mn:numeric_sparse_0.41;Composition, wt.% Cu:numeric_sparse_0.19;Composition, wt.% P:numeric_sparse_0.23;Composition, wt.% S:numeric_sparse_0.25;Test Solution:high_cardinality;Heat treatment:categorical_sparse_0.54;Microstructures:categorical_sparse_0.28",,,,,,,,,,,,,,,,,,,,,,,step-5500,5500
5,catboost,catboost_regressor,catboost==1.2.10;iterations=1000;depth=6;learning_rate=0.03;l2_leaf_reg=3;thread_count=8,electrochemical_metrics_alloys__pitting_potential__epit_mv_sce_avg,electrochemical_metrics_alloys,Pitting Potential,"Epit, mV (SCE) Avg.",,continuous,0,,median,False,,608,487,121,21,False,0,,,,,epit_pipeline_development_fold_5,0,0,0,0,True,,,normal_corrosion,184.17920914311293,245.27082356558748,0.8199224654334067,0.9112805160230548,0.9323509602938432,0.3982253170661901,0.5303152941958648,"environment,material,process_history","{""environment"": 3, ""material"": 17, ""process_history"": 1}","Composition, wt.% N:numeric_sparse_0.34;Composition, wt.% C:numeric_sparse_0.45;Composition, wt.% Si:numeric_sparse_0.44;Composition, wt.% Mn:numeric_sparse_0.41;Composition, wt.% Cu:numeric_sparse_0.19;Composition, wt.% P:numeric_sparse_0.23;Composition, wt.% S:numeric_sparse_0.25;Test Solution:high_cardinality;Heat treatment:categorical_sparse_0.54;Microstructures:categorical_sparse_0.28",,,,,,,,,,,,,,,,,,,,,,,step-5500,5500
5,generic_baseline,local_tabicl_regressor,/home/fcolanto/projects/tabicl/checkpoints/tabicl_s1_regression_baseline/step-6000.ckpt,electrochemical_metrics_alloys__pitting_potential__epit_mv_sce_avg,electrochemical_metrics_alloys,Pitting Potential,"Epit, mV (SCE) Avg.",,continuous,0,,median,False,,608,487,121,21,False,0,,,,,epit_pipeline_development_fold_5,0,0,0,0,True,,,normal_corrosion,216.42882056066236,280.4040827433899,0.7646379582072196,0.886772832763705,0.926827379738316,0.4679542066176483,0.6062790978235457,"environment,material,process_history","{""environment"": 3, ""material"": 17, ""process_history"": 1}","Composition, wt.% N:numeric_sparse_0.34;Composition, wt.% C:numeric_sparse_0.45;Composition, wt.% Si:numeric_sparse_0.44;Composition, wt.% Mn:numeric_sparse_0.41;Composition, wt.% Cu:numeric_sparse_0.19;Composition, wt.% P:numeric_sparse_0.23;Composition, wt.% S:numeric_sparse_0.25;Test Solution:high_cardinality;Heat treatment:categorical_sparse_0.54;Microstructures:categorical_sparse_0.28",,,,,,,,,,,,,,,,,,,,,,,step-6000,6000
5,epit_scm_trial_0036,local_tabicl_regressor,/home/fcolanto/projects/tabicl/checkpoints/epit_pipeline_final_v1/final_epit_pipeline_optuna_empirical_features_scm_target_v6_trial_0036/step-6000.ckpt,electrochemical_metrics_alloys__pitting_potential__epit_mv_sce_avg,electrochemical_metrics_alloys,Pitting Potential,"Epit, mV (SCE) Avg.",,continuous,0,,median,False,,608,487,121,21,False,0,,,,,epit_pipeline_development_fold_5,0,0,0,0,True,,,normal_corrosion,271.5657138409439,351.6485301129571,0.6298435083621503,0.8211730197292698,0.8698556933159045,0.5871691110074463,0.7603211461901774,"environment,material,process_history","{""environment"": 3, ""material"": 17, ""process_history"": 1}","Composition, wt.% N:numeric_sparse_0.34;Composition, wt.% C:numeric_sparse_0.45;Composition, wt.% Si:numeric_sparse_0.44;Composition, wt.% Mn:numeric_sparse_0.41;Composition, wt.% Cu:numeric_sparse_0.19;Composition, wt.% P:numeric_sparse_0.23;Composition, wt.% S:numeric_sparse_0.25;Test Solution:high_cardinality;Heat treatment:categorical_sparse_0.54;Microstructures:categorical_sparse_0.28",,,,,,,,,,,,,,,,,,,,,,,step-6000,6000
5,pretrained_tabicl_v2,pretrained_tabicl_regressor,/home/fcolanto/.cache/huggingface/hub/models--jingang--TabICL/snapshots/4dcd344ece2c00be9e831fdd35bed57b5ad83e19/tabicl-regressor-v2-20260212.ckpt,electrochemical_metrics_alloys__pitting_potential__epit_mv_sce_avg,electrochemical_metrics_alloys,Pitting Potential,"Epit, mV (SCE) Avg.",,continuous,0,,median,False,,608,487,121,21,False,0,,,,,epit_pipeline_development_fold_5,0,0,0,0,True,,,normal_corrosion,188.9494359413199,260.65988789830766,0.7966162897556599,0.8765706002620413,0.9273144092547476,0.4085393209542052,0.5635889468071517,"environment,material,process_history","{""environment"": 3, ""material"": 17, ""process_history"": 1}","Composition, wt.% N:numeric_sparse_0.34;Composition, wt.% C:numeric_sparse_0.45;Composition, wt.% Si:numeric_sparse_0.44;Composition, wt.% Mn:numeric_sparse_0.41;Composition, wt.% Cu:numeric_sparse_0.19;Composition, wt.% P:numeric_sparse_0.23;Composition, wt.% S:numeric_sparse_0.25;Test Solution:high_cardinality;Heat treatment:categorical_sparse_0.54;Microstructures:categorical_sparse_0.28",,,,,,,,,,,,,,,,,,,,,,,step-6000,6000
5,catboost,catboost_regressor,catboost==1.2.10;iterations=1000;depth=6;learning_rate=0.03;l2_leaf_reg=3;thread_count=8,electrochemical_metrics_alloys__pitting_potential__epit_mv_sce_avg,electrochemical_metrics_alloys,Pitting Potential,"Epit, mV (SCE) Avg.",,continuous,0,,median,False,,608,487,121,21,False,0,,,,,epit_pipeline_development_fold_5,0,0,0,0,True,,,normal_corrosion,184.17920914311293,245.27082356558748,0.8199224654334067,0.9112805160230548,0.9323509602938432,0.3982253170661901,0.5303152941958648,"environment,material,process_history","{""environment"": 3, ""material"": 17, ""process_history"": 1}","Composition, wt.% N:numeric_sparse_0.34;Composition, wt.% C:numeric_sparse_0.45;Composition, wt.% Si:numeric_sparse_0.44;Composition, wt.% Mn:numeric_sparse_0.41;Composition, wt.% Cu:numeric_sparse_0.19;Composition, wt.% P:numeric_sparse_0.23;Composition, wt.% S:numeric_sparse_0.25;Test Solution:high_cardinality;Heat treatment:categorical_sparse_0.54;Microstructures:categorical_sparse_0.28",,,,,,,,,,,,,,,,,,,,,,,step-6000,6000
5,generic_baseline,local_tabicl_regressor,/home/fcolanto/projects/tabicl/checkpoints/tabicl_s1_regression_baseline/step-6500.ckpt,electrochemical_metrics_alloys__pitting_potential__epit_mv_sce_avg,electrochemical_metrics_alloys,Pitting Potential,"Epit, mV (SCE) Avg.",,continuous,0,,median,False,,608,487,121,21,False,0,,,,,epit_pipeline_development_fold_5,0,0,0,0,True,,,normal_corrosion,229.1909896340982,296.4257353144631,0.7369734617593648,0.8843001801321596,0.928536603389442,0.4955480856953475,0.6409205087880283,"environment,material,process_history","{""environment"": 3, ""material"": 17, ""process_history"": 1}","Composition, wt.% N:numeric_sparse_0.34;Composition, wt.% C:numeric_sparse_0.45;Composition, wt.% Si:numeric_sparse_0.44;Composition, wt.% Mn:numeric_sparse_0.41;Composition, wt.% Cu:numeric_sparse_0.19;Composition, wt.% P:numeric_sparse_0.23;Composition, wt.% S:numeric_sparse_0.25;Test Solution:high_cardinality;Heat treatment:categorical_sparse_0.54;Microstructures:categorical_sparse_0.28",,,,,,,,,,,,,,,,,,,,,,,step-6500,6500
5,epit_scm_trial_0036,local_tabicl_regressor,/home/fcolanto/projects/tabicl/checkpoints/epit_pipeline_final_v1/final_epit_pipeline_optuna_empirical_features_scm_target_v6_trial_0036/step-6500.ckpt,electrochemical_metrics_alloys__pitting_potential__epit_mv_sce_avg,electrochemical_metrics_alloys,Pitting Potential,"Epit, mV (SCE) Avg.",,continuous,0,,median,False,,608,487,121,21,False,0,,,,,epit_pipeline_development_fold_5,0,0,0,0,True,,,normal_corrosion,276.2064030035213,346.0695804619677,0.6414955008370644,0.8335227341054534,0.8896792087721201,0.5972030335211271,0.7482585523502004,"environment,material,process_history","{""environment"": 3, ""material"": 17, ""process_history"": 1}","Composition, wt.% N:numeric_sparse_0.34;Composition, wt.% C:numeric_sparse_0.45;Composition, wt.% Si:numeric_sparse_0.44;Composition, wt.% Mn:numeric_sparse_0.41;Composition, wt.% Cu:numeric_sparse_0.19;Composition, wt.% P:numeric_sparse_0.23;Composition, wt.% S:numeric_sparse_0.25;Test Solution:high_cardinality;Heat treatment:categorical_sparse_0.54;Microstructures:categorical_sparse_0.28",,,,,,,,,,,,,,,,,,,,,,,step-6500,6500
5,pretrained_tabicl_v2,pretrained_tabicl_regressor,/home/fcolanto/.cache/huggingface/hub/models--jingang--TabICL/snapshots/4dcd344ece2c00be9e831fdd35bed57b5ad83e19/tabicl-regressor-v2-20260212.ckpt,electrochemical_metrics_alloys__pitting_potential__epit_mv_sce_avg,electrochemical_metrics_alloys,Pitting Potential,"Epit, mV (SCE) Avg.",,continuous,0,,median,False,,608,487,121,21,False,0,,,,,epit_pipeline_development_fold_5,0,0,0,0,True,,,normal_corrosion,188.9494359413199,260.65988789830766,0.7966162897556599,0.8765706002620413,0.9273144092547476,0.4085393209542052,0.5635889468071517,"environment,material,process_history","{""environment"": 3, ""material"": 17, ""process_history"": 1}","Composition, wt.% N:numeric_sparse_0.34;Composition, wt.% C:numeric_sparse_0.45;Composition, wt.% Si:numeric_sparse_0.44;Composition, wt.% Mn:numeric_sparse_0.41;Composition, wt.% Cu:numeric_sparse_0.19;Composition, wt.% P:numeric_sparse_0.23;Composition, wt.% S:numeric_sparse_0.25;Test Solution:high_cardinality;Heat treatment:categorical_sparse_0.54;Microstructures:categorical_sparse_0.28",,,,,,,,,,,,,,,,,,,,,,,step-6500,6500
5,catboost,catboost_regressor,catboost==1.2.10;iterations=1000;depth=6;learning_rate=0.03;l2_leaf_reg=3;thread_count=8,electrochemical_metrics_alloys__pitting_potential__epit_mv_sce_avg,electrochemical_metrics_alloys,Pitting Potential,"Epit, mV (SCE) Avg.",,continuous,0,,median,False,,608,487,121,21,False,0,,,,,epit_pipeline_development_fold_5,0,0,0,0,True,,,normal_corrosion,184.17920914311293,245.27082356558748,0.8199224654334067,0.9112805160230548,0.9323509602938432,0.3982253170661901,0.5303152941958648,"environment,material,process_history","{""environment"": 3, ""material"": 17, ""process_history"": 1}","Composition, wt.% N:numeric_sparse_0.34;Composition, wt.% C:numeric_sparse_0.45;Composition, wt.% Si:numeric_sparse_0.44;Composition, wt.% Mn:numeric_sparse_0.41;Composition, wt.% Cu:numeric_sparse_0.19;Composition, wt.% P:numeric_sparse_0.23;Composition, wt.% S:numeric_sparse_0.25;Test Solution:high_cardinality;Heat treatment:categorical_sparse_0.54;Microstructures:categorical_sparse_0.28",,,,,,,,,,,,,,,,,,,,,,,step-6500,6500
5,generic_baseline,local_tabicl_regressor,/home/fcolanto/projects/tabicl/checkpoints/tabicl_s1_regression_baseline/step-7000.ckpt,electrochemical_metrics_alloys__pitting_potential__epit_mv_sce_avg,electrochemical_metrics_alloys,Pitting Potential,"Epit, mV (SCE) Avg.",,continuous,0,,median,False,,608,487,121,21,False,0,,,,,epit_pipeline_development_fold_5,0,0,0,0,True,,,normal_corrosion,205.1916842242648,261.5981948295844,0.7951493987287532,0.8974187878608924,0.9411903711164712,0.443657695620032,0.5656177185504527,"environment,material,process_history","{""environment"": 3, ""material"": 17, ""process_history"": 1}","Composition, wt.% N:numeric_sparse_0.34;Composition, wt.% C:numeric_sparse_0.45;Composition, wt.% Si:numeric_sparse_0.44;Composition, wt.% Mn:numeric_sparse_0.41;Composition, wt.% Cu:numeric_sparse_0.19;Composition, wt.% P:numeric_sparse_0.23;Composition, wt.% S:numeric_sparse_0.25;Test Solution:high_cardinality;Heat treatment:categorical_sparse_0.54;Microstructures:categorical_sparse_0.28",,,,,,,,,,,,,,,,,,,,,,,step-7000,7000
5,epit_scm_trial_0036,local_tabicl_regressor,/home/fcolanto/projects/tabicl/checkpoints/epit_pipeline_final_v1/final_epit_pipeline_optuna_empirical_features_scm_target_v6_trial_0036/step-7000.ckpt,electrochemical_metrics_alloys__pitting_potential__epit_mv_sce_avg,electrochemical_metrics_alloys,Pitting Potential,"Epit, mV (SCE) Avg.",,continuous,0,,median,False,,608,487,121,21,False,0,,,,,epit_pipeline_development_fold_5,0,0,0,0,True,,,normal_corrosion,275.7971655596131,353.6008508917654,0.6257219481616176,0.8254002395705966,0.8722716375818493,0.5963181958045689,0.7645423803065198,"environment,material,process_history","{""environment"": 3, ""material"": 17, ""process_history"": 1}","Composition, wt.% N:numeric_sparse_0.34;Composition, wt.% C:numeric_sparse_0.45;Composition, wt.% Si:numeric_sparse_0.44;Composition, wt.% Mn:numeric_sparse_0.41;Composition, wt.% Cu:numeric_sparse_0.19;Composition, wt.% P:numeric_sparse_0.23;Composition, wt.% S:numeric_sparse_0.25;Test Solution:high_cardinality;Heat treatment:categorical_sparse_0.54;Microstructures:categorical_sparse_0.28",,,,,,,,,,,,,,,,,,,,,,,step-7000,7000
5,pretrained_tabicl_v2,pretrained_tabicl_regressor,/home/fcolanto/.cache/huggingface/hub/models--jingang--TabICL/snapshots/4dcd344ece2c00be9e831fdd35bed57b5ad83e19/tabicl-regressor-v2-20260212.ckpt,electrochemical_metrics_alloys__pitting_potential__epit_mv_sce_avg,electrochemical_metrics_alloys,Pitting Potential,"Epit, mV (SCE) Avg.",,continuous,0,,median,False,,608,487,121,21,False,0,,,,,epit_pipeline_development_fold_5,0,0,0,0,True,,,normal_corrosion,188.9494359413199,260.65988789830766,0.7966162897556599,0.8765706002620413,0.9273144092547476,0.4085393209542052,0.5635889468071517,"environment,material,process_history","{""environment"": 3, ""material"": 17, ""process_history"": 1}","Composition, wt.% N:numeric_sparse_0.34;Composition, wt.% C:numeric_sparse_0.45;Composition, wt.% Si:numeric_sparse_0.44;Composition, wt.% Mn:numeric_sparse_0.41;Composition, wt.% Cu:numeric_sparse_0.19;Composition, wt.% P:numeric_sparse_0.23;Composition, wt.% S:numeric_sparse_0.25;Test Solution:high_cardinality;Heat treatment:categorical_sparse_0.54;Microstructures:categorical_sparse_0.28",,,,,,,,,,,,,,,,,,,,,,,step-7000,7000
5,catboost,catboost_regressor,catboost==1.2.10;iterations=1000;depth=6;learning_rate=0.03;l2_leaf_reg=3;thread_count=8,electrochemical_metrics_alloys__pitting_potential__epit_mv_sce_avg,electrochemical_metrics_alloys,Pitting Potential,"Epit, mV (SCE) Avg.",,continuous,0,,median,False,,608,487,121,21,False,0,,,,,epit_pipeline_development_fold_5,0,0,0,0,True,,,normal_corrosion,184.17920914311293,245.27082356558748,0.8199224654334067,0.9112805160230548,0.9323509602938432,0.3982253170661901,0.5303152941958648,"environment,material,process_history","{""environment"": 3, ""material"": 17, ""process_history"": 1}","Composition, wt.% N:numeric_sparse_0.34;Composition, wt.% C:numeric_sparse_0.45;Composition, wt.% Si:numeric_sparse_0.44;Composition, wt.% Mn:numeric_sparse_0.41;Composition, wt.% Cu:numeric_sparse_0.19;Composition, wt.% P:numeric_sparse_0.23;Composition, wt.% S:numeric_sparse_0.25;Test Solution:high_cardinality;Heat treatment:categorical_sparse_0.54;Microstructures:categorical_sparse_0.28",,,,,,,,,,,,,,,,,,,,,,,step-7000,7000
5,generic_baseline,local_tabicl_regressor,/home/fcolanto/projects/tabicl/checkpoints/tabicl_s1_regression_baseline/step-7500.ckpt,electrochemical_metrics_alloys__pitting_potential__epit_mv_sce_avg,electrochemical_metrics_alloys,Pitting Potential,"Epit, mV (SCE) Avg.",,continuous,0,,median,False,,608,487,121,21,False,0,,,,,epit_pipeline_development_fold_5,0,0,0,0,True,,,normal_corrosion,216.27309919573463,276.9263527307888,0.7704399402588811,0.892883333239469,0.932188042685278,0.4676175117745613,0.5987596815800839,"environment,material,process_history","{""environment"": 3, ""material"": 17, ""process_history"": 1}","Composition, wt.% N:numeric_sparse_0.34;Composition, wt.% C:numeric_sparse_0.45;Composition, wt.% Si:numeric_sparse_0.44;Composition, wt.% Mn:numeric_sparse_0.41;Composition, wt.% Cu:numeric_sparse_0.19;Composition, wt.% P:numeric_sparse_0.23;Composition, wt.% S:numeric_sparse_0.25;Test Solution:high_cardinality;Heat treatment:categorical_sparse_0.54;Microstructures:categorical_sparse_0.28",,,,,,,,,,,,,,,,,,,,,,,step-7500,7500
5,epit_scm_trial_0036,local_tabicl_regressor,/home/fcolanto/projects/tabicl/checkpoints/epit_pipeline_final_v1/final_epit_pipeline_optuna_empirical_features_scm_target_v6_trial_0036/step-7500.ckpt,electrochemical_metrics_alloys__pitting_potential__epit_mv_sce_avg,electrochemical_metrics_alloys,Pitting Potential,"Epit, mV (SCE) Avg.",,continuous,0,,median,False,,608,487,121,21,False,0,,,,,epit_pipeline_development_fold_5,0,0,0,0,True,,,normal_corrosion,282.0053456577133,358.1004462409823,0.6161359139631966,0.8133689215606665,0.8706748940679954,0.6097412879085693,0.7742712351156374,"environment,material,process_history","{""environment"": 3, ""material"": 17, ""process_history"": 1}","Composition, wt.% N:numeric_sparse_0.34;Composition, wt.% C:numeric_sparse_0.45;Composition, wt.% Si:numeric_sparse_0.44;Composition, wt.% Mn:numeric_sparse_0.41;Composition, wt.% Cu:numeric_sparse_0.19;Composition, wt.% P:numeric_sparse_0.23;Composition, wt.% S:numeric_sparse_0.25;Test Solution:high_cardinality;Heat treatment:categorical_sparse_0.54;Microstructures:categorical_sparse_0.28",,,,,,,,,,,,,,,,,,,,,,,step-7500,7500
5,pretrained_tabicl_v2,pretrained_tabicl_regressor,/home/fcolanto/.cache/huggingface/hub/models--jingang--TabICL/snapshots/4dcd344ece2c00be9e831fdd35bed57b5ad83e19/tabicl-regressor-v2-20260212.ckpt,electrochemical_metrics_alloys__pitting_potential__epit_mv_sce_avg,electrochemical_metrics_alloys,Pitting Potential,"Epit, mV (SCE) Avg.",,continuous,0,,median,False,,608,487,121,21,False,0,,,,,epit_pipeline_development_fold_5,0,0,0,0,True,,,normal_corrosion,188.9494359413199,260.65988789830766,0.7966162897556599,0.8765706002620413,0.9273144092547476,0.4085393209542052,0.5635889468071517,"environment,material,process_history","{""environment"": 3, ""material"": 17, ""process_history"": 1}","Composition, wt.% N:numeric_sparse_0.34;Composition, wt.% C:numeric_sparse_0.45;Composition, wt.% Si:numeric_sparse_0.44;Composition, wt.% Mn:numeric_sparse_0.41;Composition, wt.% Cu:numeric_sparse_0.19;Composition, wt.% P:numeric_sparse_0.23;Composition, wt.% S:numeric_sparse_0.25;Test Solution:high_cardinality;Heat treatment:categorical_sparse_0.54;Microstructures:categorical_sparse_0.28",,,,,,,,,,,,,,,,,,,,,,,step-7500,7500
5,catboost,catboost_regressor,catboost==1.2.10;iterations=1000;depth=6;learning_rate=0.03;l2_leaf_reg=3;thread_count=8,electrochemical_metrics_alloys__pitting_potential__epit_mv_sce_avg,electrochemical_metrics_alloys,Pitting Potential,"Epit, mV (SCE) Avg.",,continuous,0,,median,False,,608,487,121,21,False,0,,,,,epit_pipeline_development_fold_5,0,0,0,0,True,,,normal_corrosion,184.17920914311293,245.27082356558748,0.8199224654334067,0.9112805160230548,0.9323509602938432,0.3982253170661901,0.5303152941958648,"environment,material,process_history","{""environment"": 3, ""material"": 17, ""process_history"": 1}","Composition, wt.% N:numeric_sparse_0.34;Composition, wt.% C:numeric_sparse_0.45;Composition, wt.% Si:numeric_sparse_0.44;Composition, wt.% Mn:numeric_sparse_0.41;Composition, wt.% Cu:numeric_sparse_0.19;Composition, wt.% P:numeric_sparse_0.23;Composition, wt.% S:numeric_sparse_0.25;Test Solution:high_cardinality;Heat treatment:categorical_sparse_0.54;Microstructures:categorical_sparse_0.28",,,,,,,,,,,,,,,,,,,,,,,step-7500,7500
5,generic_baseline,local_tabicl_regressor,/home/fcolanto/projects/tabicl/checkpoints/tabicl_s1_regression_baseline/step-8000.ckpt,electrochemical_metrics_alloys__pitting_potential__epit_mv_sce_avg,electrochemical_metrics_alloys,Pitting Potential,"Epit, mV (SCE) Avg.",,continuous,0,,median,False,,608,487,121,21,False,0,,,,,epit_pipeline_development_fold_5,0,0,0,0,True,,,normal_corrosion,228.43934597247303,291.8760340436546,0.7449856435434976,0.8978828336287302,0.93733624492388,0.4939229102107526,0.6310833168511452,"environment,material,process_history","{""environment"": 3, ""material"": 17, ""process_history"": 1}","Composition, wt.% N:numeric_sparse_0.34;Composition, wt.% C:numeric_sparse_0.45;Composition, wt.% Si:numeric_sparse_0.44;Composition, wt.% Mn:numeric_sparse_0.41;Composition, wt.% Cu:numeric_sparse_0.19;Composition, wt.% P:numeric_sparse_0.23;Composition, wt.% S:numeric_sparse_0.25;Test Solution:high_cardinality;Heat treatment:categorical_sparse_0.54;Microstructures:categorical_sparse_0.28",,,,,,,,,,,,,,,,,,,,,,,step-8000,8000
5,epit_scm_trial_0036,local_tabicl_regressor,/home/fcolanto/projects/tabicl/checkpoints/epit_pipeline_final_v1/final_epit_pipeline_optuna_empirical_features_scm_target_v6_trial_0036/step-8000.ckpt,electrochemical_metrics_alloys__pitting_potential__epit_mv_sce_avg,electrochemical_metrics_alloys,Pitting Potential,"Epit, mV (SCE) Avg.",,continuous,0,,median,False,,608,487,121,21,False,0,,,,,epit_pipeline_development_fold_5,0,0,0,0,True,,,normal_corrosion,275.5623031863242,350.89122090312304,0.6314361273832572,0.8175792054250648,0.8738424405697827,0.595810385267728,0.7586837208716174,"environment,material,process_history","{""environment"": 3, ""material"": 17, ""process_history"": 1}","Composition, wt.% N:numeric_sparse_0.34;Composition, wt.% C:numeric_sparse_0.45;Composition, wt.% Si:numeric_sparse_0.44;Composition, wt.% Mn:numeric_sparse_0.41;Composition, wt.% Cu:numeric_sparse_0.19;Composition, wt.% P:numeric_sparse_0.23;Composition, wt.% S:numeric_sparse_0.25;Test Solution:high_cardinality;Heat treatment:categorical_sparse_0.54;Microstructures:categorical_sparse_0.28",,,,,,,,,,,,,,,,,,,,,,,step-8000,8000
5,pretrained_tabicl_v2,pretrained_tabicl_regressor,/home/fcolanto/.cache/huggingface/hub/models--jingang--TabICL/snapshots/4dcd344ece2c00be9e831fdd35bed57b5ad83e19/tabicl-regressor-v2-20260212.ckpt,electrochemical_metrics_alloys__pitting_potential__epit_mv_sce_avg,electrochemical_metrics_alloys,Pitting Potential,"Epit, mV (SCE) Avg.",,continuous,0,,median,False,,608,487,121,21,False,0,,,,,epit_pipeline_development_fold_5,0,0,0,0,True,,,normal_corrosion,188.9494359413199,260.65988789830766,0.7966162897556599,0.8765706002620413,0.9273144092547476,0.4085393209542052,0.5635889468071517,"environment,material,process_history","{""environment"": 3, ""material"": 17, ""process_history"": 1}","Composition, wt.% N:numeric_sparse_0.34;Composition, wt.% C:numeric_sparse_0.45;Composition, wt.% Si:numeric_sparse_0.44;Composition, wt.% Mn:numeric_sparse_0.41;Composition, wt.% Cu:numeric_sparse_0.19;Composition, wt.% P:numeric_sparse_0.23;Composition, wt.% S:numeric_sparse_0.25;Test Solution:high_cardinality;Heat treatment:categorical_sparse_0.54;Microstructures:categorical_sparse_0.28",,,,,,,,,,,,,,,,,,,,,,,step-8000,8000
5,catboost,catboost_regressor,catboost==1.2.10;iterations=1000;depth=6;learning_rate=0.03;l2_leaf_reg=3;thread_count=8,electrochemical_metrics_alloys__pitting_potential__epit_mv_sce_avg,electrochemical_metrics_alloys,Pitting Potential,"Epit, mV (SCE) Avg.",,continuous,0,,median,False,,608,487,121,21,False,0,,,,,epit_pipeline_development_fold_5,0,0,0,0,True,,,normal_corrosion,184.17920914311293,245.27082356558748,0.8199224654334067,0.9112805160230548,0.9323509602938432,0.3982253170661901,0.5303152941958648,"environment,material,process_history","{""environment"": 3, ""material"": 17, ""process_history"": 1}","Composition, wt.% N:numeric_sparse_0.34;Composition, wt.% C:numeric_sparse_0.45;Composition, wt.% Si:numeric_sparse_0.44;Composition, wt.% Mn:numeric_sparse_0.41;Composition, wt.% Cu:numeric_sparse_0.19;Composition, wt.% P:numeric_sparse_0.23;Composition, wt.% S:numeric_sparse_0.25;Test Solution:high_cardinality;Heat treatment:categorical_sparse_0.54;Microstructures:categorical_sparse_0.28",,,,,,,,,,,,,,,,,,,,,,,step-8000,8000
5,generic_baseline,local_tabicl_regressor,/home/fcolanto/projects/tabicl/checkpoints/tabicl_s1_regression_baseline/step-8500.ckpt,electrochemical_metrics_alloys__pitting_potential__epit_mv_sce_avg,electrochemical_metrics_alloys,Pitting Potential,"Epit, mV (SCE) Avg.",,continuous,0,,median,False,,608,487,121,21,False,0,,,,,epit_pipeline_development_fold_5,0,0,0,0,True,,,normal_corrosion,221.6113063460284,282.6445726724433,0.7608617435009865,0.9006095259142015,0.9395302582544554,0.47915958128871,0.6111234003728504,"environment,material,process_history","{""environment"": 3, ""material"": 17, ""process_history"": 1}","Composition, wt.% N:numeric_sparse_0.34;Composition, wt.% C:numeric_sparse_0.45;Composition, wt.% Si:numeric_sparse_0.44;Composition, wt.% Mn:numeric_sparse_0.41;Composition, wt.% Cu:numeric_sparse_0.19;Composition, wt.% P:numeric_sparse_0.23;Composition, wt.% S:numeric_sparse_0.25;Test Solution:high_cardinality;Heat treatment:categorical_sparse_0.54;Microstructures:categorical_sparse_0.28",,,,,,,,,,,,,,,,,,,,,,,step-8500,8500
5,epit_scm_trial_0036,local_tabicl_regressor,/home/fcolanto/projects/tabicl/checkpoints/epit_pipeline_final_v1/final_epit_pipeline_optuna_empirical_features_scm_target_v6_trial_0036/step-8500.ckpt,electrochemical_metrics_alloys__pitting_potential__epit_mv_sce_avg,electrochemical_metrics_alloys,Pitting Potential,"Epit, mV (SCE) Avg.",,continuous,0,,median,False,,608,487,121,21,False,0,,,,,epit_pipeline_development_fold_5,0,0,0,0,True,,,normal_corrosion,281.4744377824631,356.9018761809228,0.6187012167610837,0.819296513485604,0.8739431651899856,0.6085933789891094,0.7716797322830763,"environment,material,process_history","{""environment"": 3, ""material"": 17, ""process_history"": 1}","Composition, wt.% N:numeric_sparse_0.34;Composition, wt.% C:numeric_sparse_0.45;Composition, wt.% Si:numeric_sparse_0.44;Composition, wt.% Mn:numeric_sparse_0.41;Composition, wt.% Cu:numeric_sparse_0.19;Composition, wt.% P:numeric_sparse_0.23;Composition, wt.% S:numeric_sparse_0.25;Test Solution:high_cardinality;Heat treatment:categorical_sparse_0.54;Microstructures:categorical_sparse_0.28",,,,,,,,,,,,,,,,,,,,,,,step-8500,8500
5,pretrained_tabicl_v2,pretrained_tabicl_regressor,/home/fcolanto/.cache/huggingface/hub/models--jingang--TabICL/snapshots/4dcd344ece2c00be9e831fdd35bed57b5ad83e19/tabicl-regressor-v2-20260212.ckpt,electrochemical_metrics_alloys__pitting_potential__epit_mv_sce_avg,electrochemical_metrics_alloys,Pitting Potential,"Epit, mV (SCE) Avg.",,continuous,0,,median,False,,608,487,121,21,False,0,,,,,epit_pipeline_development_fold_5,0,0,0,0,True,,,normal_corrosion,188.9494359413199,260.65988789830766,0.7966162897556599,0.8765706002620413,0.9273144092547476,0.4085393209542052,0.5635889468071517,"environment,material,process_history","{""environment"": 3, ""material"": 17, ""process_history"": 1}","Composition, wt.% N:numeric_sparse_0.34;Composition, wt.% C:numeric_sparse_0.45;Composition, wt.% Si:numeric_sparse_0.44;Composition, wt.% Mn:numeric_sparse_0.41;Composition, wt.% Cu:numeric_sparse_0.19;Composition, wt.% P:numeric_sparse_0.23;Composition, wt.% S:numeric_sparse_0.25;Test Solution:high_cardinality;Heat treatment:categorical_sparse_0.54;Microstructures:categorical_sparse_0.28",,,,,,,,,,,,,,,,,,,,,,,step-8500,8500
5,catboost,catboost_regressor,catboost==1.2.10;iterations=1000;depth=6;learning_rate=0.03;l2_leaf_reg=3;thread_count=8,electrochemical_metrics_alloys__pitting_potential__epit_mv_sce_avg,electrochemical_metrics_alloys,Pitting Potential,"Epit, mV (SCE) Avg.",,continuous,0,,median,False,,608,487,121,21,False,0,,,,,epit_pipeline_development_fold_5,0,0,0,0,True,,,normal_corrosion,184.17920914311293,245.27082356558748,0.8199224654334067,0.9112805160230548,0.9323509602938432,0.3982253170661901,0.5303152941958648,"environment,material,process_history","{""environment"": 3, ""material"": 17, ""process_history"": 1}","Composition, wt.% N:numeric_sparse_0.34;Composition, wt.% C:numeric_sparse_0.45;Composition, wt.% Si:numeric_sparse_0.44;Composition, wt.% Mn:numeric_sparse_0.41;Composition, wt.% Cu:numeric_sparse_0.19;Composition, wt.% P:numeric_sparse_0.23;Composition, wt.% S:numeric_sparse_0.25;Test Solution:high_cardinality;Heat treatment:categorical_sparse_0.54;Microstructures:categorical_sparse_0.28",,,,,,,,,,,,,,,,,,,,,,,step-8500,8500
5,generic_baseline,local_tabicl_regressor,/home/fcolanto/projects/tabicl/checkpoints/tabicl_s1_regression_baseline/step-9000.ckpt,electrochemical_metrics_alloys__pitting_potential__epit_mv_sce_avg,electrochemical_metrics_alloys,Pitting Potential,"Epit, mV (SCE) Avg.",,continuous,0,,median,False,,608,487,121,21,False,0,,,,,epit_pipeline_development_fold_5,0,0,0,0,True,,,normal_corrosion,217.0380811827972,277.21937818687127,0.7699538721812751,0.8972663640685369,0.9365492334754786,0.4692715268817237,0.5993932501337758,"environment,material,process_history","{""environment"": 3, ""material"": 17, ""process_history"": 1}","Composition, wt.% N:numeric_sparse_0.34;Composition, wt.% C:numeric_sparse_0.45;Composition, wt.% Si:numeric_sparse_0.44;Composition, wt.% Mn:numeric_sparse_0.41;Composition, wt.% Cu:numeric_sparse_0.19;Composition, wt.% P:numeric_sparse_0.23;Composition, wt.% S:numeric_sparse_0.25;Test Solution:high_cardinality;Heat treatment:categorical_sparse_0.54;Microstructures:categorical_sparse_0.28",,,,,,,,,,,,,,,,,,,,,,,step-9000,9000
5,epit_scm_trial_0036,local_tabicl_regressor,/home/fcolanto/projects/tabicl/checkpoints/epit_pipeline_final_v1/final_epit_pipeline_optuna_empirical_features_scm_target_v6_trial_0036/step-9000.ckpt,electrochemical_metrics_alloys__pitting_potential__epit_mv_sce_avg,electrochemical_metrics_alloys,Pitting Potential,"Epit, mV (SCE) Avg.",,continuous,0,,median,False,,608,487,121,21,False,0,,,,,epit_pipeline_development_fold_5,0,0,0,0,True,,,normal_corrosion,286.6039329460575,366.7596461845096,0.5973470849022214,0.8194489372779594,0.8619241546734631,0.619684179342827,0.7929938295881289,"environment,material,process_history","{""environment"": 3, ""material"": 17, ""process_history"": 1}","Composition, wt.% N:numeric_sparse_0.34;Composition, wt.% C:numeric_sparse_0.45;Composition, wt.% Si:numeric_sparse_0.44;Composition, wt.% Mn:numeric_sparse_0.41;Composition, wt.% Cu:numeric_sparse_0.19;Composition, wt.% P:numeric_sparse_0.23;Composition, wt.% S:numeric_sparse_0.25;Test Solution:high_cardinality;Heat treatment:categorical_sparse_0.54;Microstructures:categorical_sparse_0.28",,,,,,,,,,,,,,,,,,,,,,,step-9000,9000
5,pretrained_tabicl_v2,pretrained_tabicl_regressor,/home/fcolanto/.cache/huggingface/hub/models--jingang--TabICL/snapshots/4dcd344ece2c00be9e831fdd35bed57b5ad83e19/tabicl-regressor-v2-20260212.ckpt,electrochemical_metrics_alloys__pitting_potential__epit_mv_sce_avg,electrochemical_metrics_alloys,Pitting Potential,"Epit, mV (SCE) Avg.",,continuous,0,,median,False,,608,487,121,21,False,0,,,,,epit_pipeline_development_fold_5,0,0,0,0,True,,,normal_corrosion,188.9494359413199,260.65988789830766,0.7966162897556599,0.8765706002620413,0.9273144092547476,0.4085393209542052,0.5635889468071517,"environment,material,process_history","{""environment"": 3, ""material"": 17, ""process_history"": 1}","Composition, wt.% N:numeric_sparse_0.34;Composition, wt.% C:numeric_sparse_0.45;Composition, wt.% Si:numeric_sparse_0.44;Composition, wt.% Mn:numeric_sparse_0.41;Composition, wt.% Cu:numeric_sparse_0.19;Composition, wt.% P:numeric_sparse_0.23;Composition, wt.% S:numeric_sparse_0.25;Test Solution:high_cardinality;Heat treatment:categorical_sparse_0.54;Microstructures:categorical_sparse_0.28",,,,,,,,,,,,,,,,,,,,,,,step-9000,9000
5,catboost,catboost_regressor,catboost==1.2.10;iterations=1000;depth=6;learning_rate=0.03;l2_leaf_reg=3;thread_count=8,electrochemical_metrics_alloys__pitting_potential__epit_mv_sce_avg,electrochemical_metrics_alloys,Pitting Potential,"Epit, mV (SCE) Avg.",,continuous,0,,median,False,,608,487,121,21,False,0,,,,,epit_pipeline_development_fold_5,0,0,0,0,True,,,normal_corrosion,184.17920914311293,245.27082356558748,0.8199224654334067,0.9112805160230548,0.9323509602938432,0.3982253170661901,0.5303152941958648,"environment,material,process_history","{""environment"": 3, ""material"": 17, ""process_history"": 1}","Composition, wt.% N:numeric_sparse_0.34;Composition, wt.% C:numeric_sparse_0.45;Composition, wt.% Si:numeric_sparse_0.44;Composition, wt.% Mn:numeric_sparse_0.41;Composition, wt.% Cu:numeric_sparse_0.19;Composition, wt.% P:numeric_sparse_0.23;Composition, wt.% S:numeric_sparse_0.25;Test Solution:high_cardinality;Heat treatment:categorical_sparse_0.54;Microstructures:categorical_sparse_0.28",,,,,,,,,,,,,,,,,,,,,,,step-9000,9000
5,generic_baseline,local_tabicl_regressor,/home/fcolanto/projects/tabicl/checkpoints/tabicl_s1_regression_baseline/step-9500.ckpt,electrochemical_metrics_alloys__pitting_potential__epit_mv_sce_avg,electrochemical_metrics_alloys,Pitting Potential,"Epit, mV (SCE) Avg.",,continuous,0,,median,False,,608,487,121,21,False,0,,,,,epit_pipeline_development_fold_5,0,0,0,0,True,,,normal_corrosion,212.6395182076309,271.48607393162007,0.7793708603002463,0.9017171388053185,0.938886055977381,0.4597611204489317,0.5869969166089083,"environment,material,process_history","{""environment"": 3, ""material"": 17, ""process_history"": 1}","Composition, wt.% N:numeric_sparse_0.34;Composition, wt.% C:numeric_sparse_0.45;Composition, wt.% Si:numeric_sparse_0.44;Composition, wt.% Mn:numeric_sparse_0.41;Composition, wt.% Cu:numeric_sparse_0.19;Composition, wt.% P:numeric_sparse_0.23;Composition, wt.% S:numeric_sparse_0.25;Test Solution:high_cardinality;Heat treatment:categorical_sparse_0.54;Microstructures:categorical_sparse_0.28",,,,,,,,,,,,,,,,,,,,,,,step-9500,9500
5,epit_scm_trial_0036,local_tabicl_regressor,/home/fcolanto/projects/tabicl/checkpoints/epit_pipeline_final_v1/final_epit_pipeline_optuna_empirical_features_scm_target_v6_trial_0036/step-9500.ckpt,electrochemical_metrics_alloys__pitting_potential__epit_mv_sce_avg,electrochemical_metrics_alloys,Pitting Potential,"Epit, mV (SCE) Avg.",,continuous,0,,median,False,,608,487,121,21,False,0,,,,,epit_pipeline_development_fold_5,0,0,0,0,True,,,normal_corrosion,284.1069433412021,362.5778511809205,0.6064768381373496,0.8219453002772045,0.8662891173657121,0.6142852828998965,0.7839521106614498,"environment,material,process_history","{""environment"": 3, ""material"": 17, ""process_history"": 1}","Composition, wt.% N:numeric_sparse_0.34;Composition, wt.% C:numeric_sparse_0.45;Composition, wt.% Si:numeric_sparse_0.44;Composition, wt.% Mn:numeric_sparse_0.41;Composition, wt.% Cu:numeric_sparse_0.19;Composition, wt.% P:numeric_sparse_0.23;Composition, wt.% S:numeric_sparse_0.25;Test Solution:high_cardinality;Heat treatment:categorical_sparse_0.54;Microstructures:categorical_sparse_0.28",,,,,,,,,,,,,,,,,,,,,,,step-9500,9500
5,pretrained_tabicl_v2,pretrained_tabicl_regressor,/home/fcolanto/.cache/huggingface/hub/models--jingang--TabICL/snapshots/4dcd344ece2c00be9e831fdd35bed57b5ad83e19/tabicl-regressor-v2-20260212.ckpt,electrochemical_metrics_alloys__pitting_potential__epit_mv_sce_avg,electrochemical_metrics_alloys,Pitting Potential,"Epit, mV (SCE) Avg.",,continuous,0,,median,False,,608,487,121,21,False,0,,,,,epit_pipeline_development_fold_5,0,0,0,0,True,,,normal_corrosion,188.9494359413199,260.65988789830766,0.7966162897556599,0.8765706002620413,0.9273144092547476,0.4085393209542052,0.5635889468071517,"environment,material,process_history","{""environment"": 3, ""material"": 17, ""process_history"": 1}","Composition, wt.% N:numeric_sparse_0.34;Composition, wt.% C:numeric_sparse_0.45;Composition, wt.% Si:numeric_sparse_0.44;Composition, wt.% Mn:numeric_sparse_0.41;Composition, wt.% Cu:numeric_sparse_0.19;Composition, wt.% P:numeric_sparse_0.23;Composition, wt.% S:numeric_sparse_0.25;Test Solution:high_cardinality;Heat treatment:categorical_sparse_0.54;Microstructures:categorical_sparse_0.28",,,,,,,,,,,,,,,,,,,,,,,step-9500,9500
5,catboost,catboost_regressor,catboost==1.2.10;iterations=1000;depth=6;learning_rate=0.03;l2_leaf_reg=3;thread_count=8,electrochemical_metrics_alloys__pitting_potential__epit_mv_sce_avg,electrochemical_metrics_alloys,Pitting Potential,"Epit, mV (SCE) Avg.",,continuous,0,,median,False,,608,487,121,21,False,0,,,,,epit_pipeline_development_fold_5,0,0,0,0,True,,,normal_corrosion,184.17920914311293,245.27082356558748,0.8199224654334067,0.9112805160230548,0.9323509602938432,0.3982253170661901,0.5303152941958648,"environment,material,process_history","{""environment"": 3, ""material"": 17, ""process_history"": 1}","Composition, wt.% N:numeric_sparse_0.34;Composition, wt.% C:numeric_sparse_0.45;Composition, wt.% Si:numeric_sparse_0.44;Composition, wt.% Mn:numeric_sparse_0.41;Composition, wt.% Cu:numeric_sparse_0.19;Composition, wt.% P:numeric_sparse_0.23;Composition, wt.% S:numeric_sparse_0.25;Test Solution:high_cardinality;Heat treatment:categorical_sparse_0.54;Microstructures:categorical_sparse_0.28",,,,,,,,,,,,,,,,,,,,,,,step-9500,9500
5,generic_baseline,local_tabicl_regressor,/home/fcolanto/projects/tabicl/checkpoints/tabicl_s1_regression_baseline/step-10000.ckpt,electrochemical_metrics_alloys__pitting_potential__epit_mv_sce_avg,electrochemical_metrics_alloys,Pitting Potential,"Epit, mV (SCE) Avg.",,continuous,0,,median,False,,608,487,121,21,False,0,,,,,epit_pipeline_development_fold_5,0,0,0,0,True,,,normal_corrosion,213.87745039706795,272.65132955487843,0.777472854458547,0.900057413066336,0.9387925434261594,0.462437730588255,0.5895163882267642,"environment,material,process_history","{""environment"": 3, ""material"": 17, ""process_history"": 1}","Composition, wt.% N:numeric_sparse_0.34;Composition, wt.% C:numeric_sparse_0.45;Composition, wt.% Si:numeric_sparse_0.44;Composition, wt.% Mn:numeric_sparse_0.41;Composition, wt.% Cu:numeric_sparse_0.19;Composition, wt.% P:numeric_sparse_0.23;Composition, wt.% S:numeric_sparse_0.25;Test Solution:high_cardinality;Heat treatment:categorical_sparse_0.54;Microstructures:categorical_sparse_0.28",,,,,,,,,,,,,,,,,,,,,,,step-10000,10000
5,epit_scm_trial_0036,local_tabicl_regressor,/home/fcolanto/projects/tabicl/checkpoints/epit_pipeline_final_v1/final_epit_pipeline_optuna_empirical_features_scm_target_v6_trial_0036/step-10000.ckpt,electrochemical_metrics_alloys__pitting_potential__epit_mv_sce_avg,electrochemical_metrics_alloys,Pitting Potential,"Epit, mV (SCE) Avg.",,continuous,0,,median,False,,608,487,121,21,False,0,,,,,epit_pipeline_development_fold_5,0,0,0,0,True,,,normal_corrosion,283.49957190848005,361.7718385817214,0.6082245018399343,0.8227277424112962,0.8672443936384862,0.6129720473696866,0.7822093807172354,"environment,material,process_history","{""environment"": 3, ""material"": 17, ""process_history"": 1}","Composition, wt.% N:numeric_sparse_0.34;Composition, wt.% C:numeric_sparse_0.45;Composition, wt.% Si:numeric_sparse_0.44;Composition, wt.% Mn:numeric_sparse_0.41;Composition, wt.% Cu:numeric_sparse_0.19;Composition, wt.% P:numeric_sparse_0.23;Composition, wt.% S:numeric_sparse_0.25;Test Solution:high_cardinality;Heat treatment:categorical_sparse_0.54;Microstructures:categorical_sparse_0.28",,,,,,,,,,,,,,,,,,,,,,,step-10000,10000
5,pretrained_tabicl_v2,pretrained_tabicl_regressor,/home/fcolanto/.cache/huggingface/hub/models--jingang--TabICL/snapshots/4dcd344ece2c00be9e831fdd35bed57b5ad83e19/tabicl-regressor-v2-20260212.ckpt,electrochemical_metrics_alloys__pitting_potential__epit_mv_sce_avg,electrochemical_metrics_alloys,Pitting Potential,"Epit, mV (SCE) Avg.",,continuous,0,,median,False,,608,487,121,21,False,0,,,,,epit_pipeline_development_fold_5,0,0,0,0,True,,,normal_corrosion,188.9494359413199,260.65988789830766,0.7966162897556599,0.8765706002620413,0.9273144092547476,0.4085393209542052,0.5635889468071517,"environment,material,process_history","{""environment"": 3, ""material"": 17, ""process_history"": 1}","Composition, wt.% N:numeric_sparse_0.34;Composition, wt.% C:numeric_sparse_0.45;Composition, wt.% Si:numeric_sparse_0.44;Composition, wt.% Mn:numeric_sparse_0.41;Composition, wt.% Cu:numeric_sparse_0.19;Composition, wt.% P:numeric_sparse_0.23;Composition, wt.% S:numeric_sparse_0.25;Test Solution:high_cardinality;Heat treatment:categorical_sparse_0.54;Microstructures:categorical_sparse_0.28",,,,,,,,,,,,,,,,,,,,,,,step-10000,10000
5,catboost,catboost_regressor,catboost==1.2.10;iterations=1000;depth=6;learning_rate=0.03;l2_leaf_reg=3;thread_count=8,electrochemical_metrics_alloys__pitting_potential__epit_mv_sce_avg,electrochemical_metrics_alloys,Pitting Potential,"Epit, mV (SCE) Avg.",,continuous,0,,median,False,,608,487,121,21,False,0,,,,,epit_pipeline_development_fold_5,0,0,0,0,True,,,normal_corrosion,184.17920914311293,245.27082356558748,0.8199224654334067,0.9112805160230548,0.9323509602938432,0.3982253170661901,0.5303152941958648,"environment,material,process_history","{""environment"": 3, ""material"": 17, ""process_history"": 1}","Composition, wt.% N:numeric_sparse_0.34;Composition, wt.% C:numeric_sparse_0.45;Composition, wt.% Si:numeric_sparse_0.44;Composition, wt.% Mn:numeric_sparse_0.41;Composition, wt.% Cu:numeric_sparse_0.19;Composition, wt.% P:numeric_sparse_0.23;Composition, wt.% S:numeric_sparse_0.25;Test Solution:high_cardinality;Heat treatment:categorical_sparse_0.54;Microstructures:categorical_sparse_0.28",,,,,,,,,,,,,,,,,,,,,,,step-10000,10000
