draw_index,sample_scope,metric,n_trials,spearman,kendall_tau
0,all,surrogate_spearman,32,0.043621700879765385,0.00806451612903226
0,all,surrogate_mae,32,0.022360703812316713,0.01612903225806452
0,all,surrogate_rmse,32,-0.01979472140762463,-0.00806451612903226
0,informed,surrogate_spearman,25,0.027692307692307697,0.01333333333333333
0,generic,surrogate_spearman,7,-0.5714285714285715,-0.5238095238095238
0,informed,pren_spearman,25,-0.39307692307692305,-0.2666666666666666
0,generic,fake_pren_spearman,7,0.3571428571428572,0.14285714285714288
1,all,surrogate_spearman,32,-0.15065982404692083,-0.08467741935483872
1,all,surrogate_mae,32,-0.20601173020527858,-0.11290322580645162
1,all,surrogate_rmse,32,-0.016129032258064516,-0.012096774193548388
1,informed,surrogate_spearman,28,-0.13628899835796388,-0.06349206349206349
1,generic,surrogate_spearman,4,-0.39999999999999997,-0.3333333333333334
1,informed,pren_spearman,28,-0.2796934865900383,-0.20634920634920634
1,generic,fake_pren_spearman,4,0.7999999999999999,0.6666666666666669
2,all,surrogate_spearman,32,-0.05755131964809384,-0.020161290322580648
2,all,surrogate_mae,32,-0.17925219941348972,-0.12903225806451615
2,all,surrogate_rmse,32,-0.1785190615835777,-0.12096774193548389
2,informed,surrogate_spearman,25,-0.02846153846153846,0.0
2,generic,surrogate_spearman,7,0.0,-0.04761904761904762
2,informed,pren_spearman,25,0.17307692307692307,0.09333333333333331
2,generic,fake_pren_spearman,7,0.07142857142857144,-0.04761904761904762
3,all,surrogate_spearman,32,0.13379765395894427,0.07661290322580645
3,all,surrogate_mae,32,-0.27382697947214074,-0.1532258064516129
3,all,surrogate_rmse,32,-0.2261730205278592,-0.1370967741935484
3,informed,surrogate_spearman,24,0.02260869565217391,0.021739130434782608
3,generic,surrogate_spearman,8,-0.4047619047619048,-0.21428571428571427
3,informed,pren_spearman,24,-0.2026086956521739,-0.15217391304347824
3,generic,fake_pren_spearman,8,0.2142857142857143,0.07142857142857142
4,all,surrogate_spearman,32,-0.10117302052785922,-0.07258064516129033
4,all,surrogate_mae,32,-0.009897360703812315,0.01612903225806452
4,all,surrogate_rmse,32,0.05388563049853372,0.04435483870967743
4,informed,surrogate_spearman,25,-0.2569230769230769,-0.17333333333333328
4,generic,surrogate_spearman,7,-0.07142857142857144,-0.04761904761904762
4,informed,pren_spearman,25,0.014615384615384615,-0.01333333333333333
4,generic,fake_pren_spearman,7,-0.3214285714285715,-0.23809523809523814
5,all,surrogate_spearman,32,0.32661290322580644,0.22580645161290325
5,all,surrogate_mae,32,-0.3053519061583578,-0.17741935483870971
5,all,surrogate_rmse,32,-0.33724340175953077,-0.19758064516129034
5,informed,surrogate_spearman,26,0.3695726495726495,0.2553846153846154
5,generic,surrogate_spearman,6,0.14285714285714288,0.06666666666666665
5,informed,pren_spearman,26,0.09675213675213674,0.07076923076923078
5,generic,fake_pren_spearman,6,-0.5428571428571429,-0.4666666666666666
6,all,surrogate_spearman,32,-0.2107771260997067,-0.14516129032258066
6,all,surrogate_mae,32,0.2126099706744868,0.12903225806451615
6,all,surrogate_rmse,32,0.1414956011730205,0.09274193548387098
6,informed,surrogate_spearman,26,-0.2998290598290598,-0.20615384615384616
6,generic,surrogate_spearman,6,-0.4285714285714286,-0.2
6,informed,pren_spearman,26,-0.34017094017094013,-0.20615384615384616
6,generic,fake_pren_spearman,6,0.028571428571428574,0.06666666666666665
7,all,surrogate_spearman,32,-0.013563049853372432,-0.01612903225806452
7,all,surrogate_mae,32,-0.05791788856304985,-0.036290322580645164
7,all,surrogate_rmse,32,-0.03665689149560117,-0.01612903225806452
7,informed,surrogate_spearman,28,-0.06951286261631089,-0.052910052910052914
7,generic,surrogate_spearman,4,0.19999999999999998,0.0
7,informed,pren_spearman,28,0.24575807334428024,0.19047619047619047
7,generic,fake_pren_spearman,4,-0.7999999999999999,-0.6666666666666669
8,all,surrogate_spearman,32,-0.03262463343108504,-0.024193548387096777
8,all,surrogate_mae,32,-0.12426686217008798,-0.07258064516129033
8,all,surrogate_rmse,32,0.0007331378299120235,-0.00806451612903226
8,informed,surrogate_spearman,25,-0.25,-0.17333333333333328
8,generic,surrogate_spearman,7,0.0,-0.04761904761904762
8,informed,pren_spearman,25,-0.3423076923076923,-0.25333333333333324
8,generic,fake_pren_spearman,7,0.1785714285714286,0.14285714285714288
9,all,surrogate_spearman,32,-0.08101173020527859,-0.0685483870967742
9,all,surrogate_mae,32,0.06451612903225806,0.07258064516129033
9,all,surrogate_rmse,32,0.11107038123167154,0.08467741935483872
9,informed,surrogate_spearman,25,-0.19384615384615386,-0.14666666666666664
9,generic,surrogate_spearman,7,0.3214285714285715,0.23809523809523814
9,informed,pren_spearman,25,0.30153846153846153,0.23333333333333328
9,generic,fake_pren_spearman,7,-0.42857142857142866,-0.33333333333333337
10,all,surrogate_spearman,32,0.02382697947214076,0.012096774193548388
10,all,surrogate_mae,32,-0.15909090909090906,-0.08467741935483872
10,all,surrogate_rmse,32,-0.05058651026392961,-0.01612903225806452
10,informed,surrogate_spearman,24,-0.0826086956521739,-0.05072463768115942
10,generic,surrogate_spearman,8,0.30952380952380953,0.21428571428571427
10,informed,pren_spearman,24,-0.02695652173913043,-0.007246376811594203
10,generic,fake_pren_spearman,8,-0.30952380952380953,-0.2857142857142857
11,all,surrogate_spearman,32,-0.15799120234604103,-0.10080645161290325
11,all,surrogate_mae,32,0.3966275659824046,0.28225806451612906
11,all,surrogate_rmse,32,0.26173020527859236,0.16935483870967744
11,informed,surrogate_spearman,26,-0.35794871794871796,-0.2307692307692308
11,generic,surrogate_spearman,6,0.14285714285714288,0.2
11,informed,pren_spearman,26,0.02358974358974359,0.009230769230769232
11,generic,fake_pren_spearman,6,-0.2571428571428572,-0.2
12,all,surrogate_spearman,32,0.07881231671554251,0.060483870967741944
12,all,surrogate_mae,32,-0.26796187683284456,-0.1653225806451613
12,all,surrogate_rmse,32,-0.2910557184750733,-0.18145161290322584
12,informed,surrogate_spearman,26,-0.029059829059829054,-0.009230769230769232
12,generic,surrogate_spearman,6,0.6571428571428573,0.6
12,informed,pren_spearman,26,0.13435897435897434,0.07076923076923078
12,generic,fake_pren_spearman,6,0.3142857142857143,0.2
13,all,surrogate_spearman,32,0.05498533724340175,0.04435483870967743
13,all,surrogate_mae,32,-0.05718475073313783,-0.06451612903225808
13,all,surrogate_rmse,32,-0.028958944281524925,-0.05645161290322581
13,informed,surrogate_spearman,25,-0.04461538461538461,-0.033333333333333326
13,generic,surrogate_spearman,7,0.1785714285714286,0.23809523809523814
13,informed,pren_spearman,25,0.061538461538461535,0.033333333333333326
13,generic,fake_pren_spearman,7,0.0,0.04761904761904762
14,all,surrogate_spearman,32,-0.016129032258064516,-0.00403225806451613
14,all,surrogate_mae,32,0.12829912023460407,0.08870967741935486
14,all,surrogate_rmse,32,0.1191348973607038,0.08064516129032259
14,informed,surrogate_spearman,26,0.016752136752136753,-0.003076923076923077
14,generic,surrogate_spearman,6,-0.2571428571428572,-0.2
14,informed,pren_spearman,26,-0.009230769230769232,0.009230769230769232
14,generic,fake_pren_spearman,6,0.6,0.3333333333333333
15,all,surrogate_spearman,32,-0.2001466275659824,-0.12096774193548389
15,all,surrogate_mae,32,0.03519061583577712,0.020161290322580648
15,all,surrogate_rmse,32,0.0439882697947214,0.024193548387096777
15,informed,surrogate_spearman,26,-0.2622222222222222,-0.1753846153846154
15,generic,surrogate_spearman,6,-0.3714285714285715,-0.2
15,informed,pren_spearman,26,0.3264957264957265,0.2553846153846154
15,generic,fake_pren_spearman,6,0.028571428571428574,-0.06666666666666665
16,all,surrogate_spearman,32,0.25806451612903225,0.17741935483870971
16,all,surrogate_mae,32,-0.30938416422287385,-0.217741935483871
16,all,surrogate_rmse,32,-0.35593841642228735,-0.2580645161290323
16,informed,surrogate_spearman,27,0.10805860805860806,0.07122507122507124
16,generic,surrogate_spearman,5,0.9999999999999999,0.9999999999999999
16,informed,pren_spearman,27,0.15873015873015872,0.11111111111111113
16,generic,fake_pren_spearman,5,-0.09999999999999999,0.0
17,all,surrogate_spearman,32,0.17521994134897356,0.10080645161290325
17,all,surrogate_mae,32,-0.28958944281524923,-0.19354838709677422
17,all,surrogate_rmse,32,-0.3181818181818181,-0.24193548387096778
17,informed,surrogate_spearman,27,0.13003663003663005,0.07692307692307693
17,generic,surrogate_spearman,5,0.49999999999999994,0.19999999999999998
17,informed,pren_spearman,27,-0.08424908424908426,-0.03703703703703704
17,generic,fake_pren_spearman,5,0.3,0.19999999999999998
18,all,surrogate_spearman,32,0.0439882697947214,0.028225806451612906
18,all,surrogate_mae,32,0.011730205278592375,0.01612903225806452
18,all,surrogate_rmse,32,-0.035923753665689145,0.00806451612903226
18,informed,surrogate_spearman,24,-0.03739130434782608,-0.014492753623188406
18,generic,surrogate_spearman,8,-0.11904761904761905,-0.14285714285714285
18,informed,pren_spearman,24,-0.16695652173913042,-0.08695652173913043
18,generic,fake_pren_spearman,8,0.8571428571428572,0.6428571428571428
19,all,surrogate_spearman,32,0.0157624633431085,0.00806451612903226
19,all,surrogate_mae,32,-0.14626099706744866,-0.1088709677419355
19,all,surrogate_rmse,32,-0.1722873900293255,-0.11693548387096775
19,informed,surrogate_spearman,29,-0.07438423645320195,-0.05418719211822659
19,generic,surrogate_spearman,3,1.0,1.0
19,informed,pren_spearman,29,-0.02068965517241379,-0.014778325123152707
19,generic,fake_pren_spearman,3,0.5,0.33333333333333337
20,all,surrogate_spearman,32,0.1378299120234604,0.08467741935483872
20,all,surrogate_mae,32,-0.0007331378299120235,0.012096774193548388
20,all,surrogate_rmse,32,0.0722140762463343,0.07258064516129033
20,informed,surrogate_spearman,27,0.09768009768009767,0.05413105413105414
20,generic,surrogate_spearman,5,0.09999999999999999,0.0
20,informed,pren_spearman,27,0.32905982905982906,0.21937321937321938
20,generic,fake_pren_spearman,5,-0.6,-0.39999999999999997
21,all,surrogate_spearman,32,0.033357771260997066,0.020161290322580648
21,all,surrogate_mae,32,-0.19208211143695011,-0.14112903225806453
21,all,surrogate_rmse,32,-0.25733137829912023,-0.18145161290322584
21,informed,surrogate_spearman,28,-0.039956212370005476,-0.026455026455026457
21,generic,surrogate_spearman,4,0.7999999999999999,0.6666666666666669
21,informed,pren_spearman,28,-0.17077175697865354,-0.1164021164021164
21,generic,fake_pren_spearman,4,0.7999999999999999,0.6666666666666669
22,all,surrogate_spearman,32,0.28409090909090906,0.18145161290322584
22,all,surrogate_mae,32,-0.14039589442815245,-0.08467741935483872
22,all,surrogate_rmse,32,-0.17521994134897356,-0.12096774193548389
22,informed,surrogate_spearman,27,0.1581196581196581,0.10541310541310543
22,generic,surrogate_spearman,5,-0.6,-0.39999999999999997
22,informed,pren_spearman,27,-0.004273504273504274,0.025641025641025644
22,generic,fake_pren_spearman,5,0.49999999999999994,0.19999999999999998
23,all,surrogate_spearman,32,0.029325513196480937,0.00806451612903226
23,all,surrogate_mae,32,-0.043255131964809374,-0.048387096774193554
23,all,surrogate_rmse,32,-0.1502932551319648,-0.12096774193548389
23,informed,surrogate_spearman,26,-0.0147008547008547,-0.015384615384615385
23,generic,surrogate_spearman,6,0.028571428571428574,-0.06666666666666665
23,informed,pren_spearman,26,-0.20478632478632477,-0.14461538461538462
23,generic,fake_pren_spearman,6,0.7714285714285715,0.6
24,all,surrogate_spearman,32,-0.027492668621700876,-0.00806451612903226
24,all,surrogate_mae,32,-0.0219941348973607,-0.024193548387096777
24,all,surrogate_rmse,32,0.033357771260997066,0.036290322580645164
24,informed,surrogate_spearman,27,-0.10927960927960927,-0.06552706552706554
24,generic,surrogate_spearman,5,0.09999999999999999,0.0
24,informed,pren_spearman,27,0.3815628815628816,0.24786324786324793
24,generic,fake_pren_spearman,5,0.7,0.6
25,all,surrogate_spearman,32,-0.00219941348973607,-0.012096774193548388
25,all,surrogate_mae,32,0.03005865102639296,0.020161290322580648
25,all,surrogate_rmse,32,0.11070381231671556,0.060483870967741944
25,informed,surrogate_spearman,25,-0.16999999999999998,-0.10666666666666665
25,generic,surrogate_spearman,7,0.8214285714285715,0.6190476190476191
25,informed,pren_spearman,25,0.45076923076923076,0.3266666666666666
25,generic,fake_pren_spearman,7,0.4642857142857144,0.33333333333333337
26,all,surrogate_spearman,32,-0.013929618768328446,-0.01612903225806452
26,all,surrogate_mae,32,-0.18365102639296185,-0.12500000000000003
26,all,surrogate_rmse,32,-0.10777126099706744,-0.05645161290322581
26,informed,surrogate_spearman,24,0.05826086956521739,0.021739130434782608
26,generic,surrogate_spearman,8,-0.11904761904761905,-0.14285714285714285
26,informed,pren_spearman,24,0.32695652173913037,0.21739130434782608
26,generic,fake_pren_spearman,8,0.2142857142857143,0.07142857142857142
27,all,surrogate_spearman,32,-0.11180351906158356,-0.11693548387096775
27,all,surrogate_mae,32,0.0439882697947214,0.08870967741935486
27,all,surrogate_rmse,32,0.056451612903225805,0.08467741935483872
27,informed,surrogate_spearman,26,-0.23145299145299145,-0.1876923076923077
27,generic,surrogate_spearman,6,-0.942857142857143,-0.8666666666666666
27,informed,pren_spearman,26,0.21641025641025638,0.13846153846153847
27,generic,fake_pren_spearman,6,-0.48571428571428577,-0.3333333333333333
28,all,surrogate_spearman,32,-0.14772727272727273,-0.09677419354838711
28,all,surrogate_mae,32,-0.02126099706744868,-0.020161290322580648
28,all,surrogate_rmse,32,-0.05828445747800586,-0.03225806451612904
28,informed,surrogate_spearman,27,-0.2631257631257631,-0.1737891737891738
28,generic,surrogate_spearman,5,-0.3,-0.19999999999999998
28,informed,pren_spearman,27,-0.3345543345543345,-0.23076923076923084
28,generic,fake_pren_spearman,5,-0.49999999999999994,-0.19999999999999998
29,all,surrogate_spearman,32,0.18145161290322578,0.12903225806451615
29,all,surrogate_mae,32,-0.02565982404692082,-0.024193548387096777
29,all,surrogate_rmse,32,-0.009897360703812315,-0.00403225806451613
29,informed,surrogate_spearman,25,0.050769230769230775,0.03999999999999999
29,generic,surrogate_spearman,7,-0.3214285714285715,-0.14285714285714288
29,informed,pren_spearman,25,0.17307692307692307,0.11999999999999998
29,generic,fake_pren_spearman,7,0.5714285714285715,0.5238095238095238
30,all,surrogate_spearman,32,0.14589442815249265,0.07258064516129033
30,all,surrogate_mae,32,-0.24193548387096772,-0.1532258064516129
30,all,surrogate_rmse,32,-0.26832844574780057,-0.16129032258064518
30,informed,surrogate_spearman,28,0.1647509578544061,0.08994708994708994
30,generic,surrogate_spearman,4,-0.19999999999999998,0.0
30,informed,pren_spearman,28,0.06896551724137931,0.042328042328042326
30,generic,fake_pren_spearman,4,0.39999999999999997,0.3333333333333334
31,all,surrogate_spearman,32,-0.04728739002932551,-0.020161290322580648
31,all,surrogate_mae,32,0.00036656891495601173,0.0
31,all,surrogate_rmse,32,-0.003299120234604105,0.0
31,informed,surrogate_spearman,27,0.07631257631257632,0.059829059829059845
31,generic,surrogate_spearman,5,-0.6,-0.39999999999999997
31,informed,pren_spearman,27,-0.09401709401709402,-0.07692307692307693
31,generic,fake_pren_spearman,5,0.0,-0.19999999999999998
32,all,surrogate_spearman,32,0.0751466275659824,0.048387096774193554
32,all,surrogate_mae,32,-0.08394428152492668,-0.06451612903225808
32,all,surrogate_rmse,32,-0.018328445747800584,-0.01612903225806452
32,informed,surrogate_spearman,27,0.07814407814407814,0.03703703703703704
32,generic,surrogate_spearman,5,-0.3,-0.19999999999999998
32,informed,pren_spearman,27,0.06288156288156288,0.05413105413105414
32,generic,fake_pren_spearman,5,0.49999999999999994,0.39999999999999997
33,all,surrogate_spearman,32,0.1440615835777126,0.10483870967741937
33,all,surrogate_mae,32,0.006231671554252198,0.012096774193548388
33,all,surrogate_rmse,32,-0.004032258064516129,0.00403225806451613
33,informed,surrogate_spearman,28,0.12753147235905857,0.10582010582010583
33,generic,surrogate_spearman,4,0.0,0.0
33,informed,pren_spearman,28,-0.041050903119868636,-0.010582010582010581
33,generic,fake_pren_spearman,4,0.19999999999999998,0.0
34,all,surrogate_spearman,32,0.19648093841642225,0.14112903225806453
34,all,surrogate_mae,32,-0.20601173020527858,-0.12500000000000003
34,all,surrogate_rmse,32,-0.29325513196480935,-0.19354838709677422
34,informed,surrogate_spearman,27,-0.0036630036630036626,-0.0028490028490028496
34,generic,surrogate_spearman,5,0.19999999999999998,0.19999999999999998
34,informed,pren_spearman,27,0.28205128205128205,0.17948717948717952
34,generic,fake_pren_spearman,5,0.49999999999999994,0.39999999999999997
35,all,surrogate_spearman,32,-0.02126099706744868,-0.024193548387096777
35,all,surrogate_mae,32,-0.05388563049853372,-0.03225806451612904
35,all,surrogate_rmse,32,-0.093841642228739,-0.060483870967741944
35,informed,surrogate_spearman,26,0.019487179487179485,-0.009230769230769232
35,generic,surrogate_spearman,6,-0.3142857142857143,-0.2
35,informed,pren_spearman,26,-0.08854700854700855,-0.05230769230769231
35,generic,fake_pren_spearman,6,-0.2571428571428572,-0.2
36,all,surrogate_spearman,32,0.08174486803519061,0.036290322580645164
36,all,surrogate_mae,32,-0.1033724340175953,-0.0685483870967742
36,all,surrogate_rmse,32,-0.0971407624633431,-0.0685483870967742
36,informed,surrogate_spearman,26,-0.007179487179487179,-0.033846153846153845
36,generic,surrogate_spearman,6,-0.6,-0.4666666666666666
36,informed,pren_spearman,26,0.004444444444444444,-0.033846153846153845
36,generic,fake_pren_spearman,6,0.2,0.06666666666666665
37,all,surrogate_spearman,32,-0.02309384164222874,-0.03225806451612904
37,all,surrogate_mae,32,-0.08394428152492668,-0.048387096774193554
37,all,surrogate_rmse,32,-0.04105571847507331,-0.020161290322580648
37,informed,surrogate_spearman,24,0.009565217391304347,0.007246376811594203
37,generic,surrogate_spearman,8,0.19047619047619052,0.14285714285714285
37,informed,pren_spearman,24,0.15652173913043477,0.08695652173913043
37,generic,fake_pren_spearman,8,0.0,0.07142857142857142
38,all,surrogate_spearman,32,0.1502932551319648,0.09677419354838711
38,all,surrogate_mae,32,-0.08174486803519061,-0.060483870967741944
38,all,surrogate_rmse,32,-0.188049853372434,-0.11693548387096775
38,informed,surrogate_spearman,25,0.12461538461538461,0.07999999999999997
38,generic,surrogate_spearman,7,-0.42857142857142866,-0.4285714285714286
38,informed,pren_spearman,25,0.048461538461538466,0.03999999999999999
38,generic,fake_pren_spearman,7,-0.5714285714285715,-0.4285714285714286
39,all,surrogate_spearman,32,0.23936950146627564,0.18145161290322584
39,all,surrogate_mae,32,-0.10703812316715541,-0.10080645161290325
39,all,surrogate_rmse,32,-0.15322580645161288,-0.08870967741935486
39,informed,surrogate_spearman,26,0.2752136752136752,0.20615384615384616
39,generic,surrogate_spearman,6,-0.3142857142857143,-0.2
39,informed,pren_spearman,26,0.12615384615384614,0.1076923076923077
39,generic,fake_pren_spearman,6,-0.08571428571428573,-0.06666666666666665
40,all,surrogate_spearman,32,0.219574780058651,0.14516129032258066
40,all,surrogate_mae,32,-0.11180351906158356,-0.060483870967741944
40,all,surrogate_rmse,32,-0.15139296187683285,-0.09274193548387098
40,informed,surrogate_spearman,24,0.07304347826086956,0.057971014492753624
40,generic,surrogate_spearman,8,0.1666666666666667,0.21428571428571427
40,informed,pren_spearman,24,-0.06173913043478261,-0.043478260869565216
40,generic,fake_pren_spearman,8,0.4285714285714286,0.2857142857142857
41,all,surrogate_spearman,32,-0.042155425219941346,-0.04435483870967743
41,all,surrogate_mae,32,-0.016129032258064516,0.00806451612903226
41,all,surrogate_rmse,32,-0.06744868035190615,-0.04435483870967743
41,informed,surrogate_spearman,25,-0.23615384615384616,-0.14666666666666664
41,generic,surrogate_spearman,7,-0.42857142857142866,-0.33333333333333337
41,informed,pren_spearman,25,0.28769230769230764,0.20666666666666664
41,generic,fake_pren_spearman,7,0.14285714285714288,0.14285714285714288
42,all,surrogate_spearman,32,0.044721407624633426,0.03225806451612904
42,all,surrogate_mae,32,-0.2225073313782991,-0.1370967741935484
42,all,surrogate_rmse,32,-0.2133431085043988,-0.14112903225806453
42,informed,surrogate_spearman,26,0.3538461538461538,0.2307692307692308
42,generic,surrogate_spearman,6,-0.6571428571428573,-0.4666666666666666
42,informed,pren_spearman,26,0.416068376068376,0.31076923076923074
42,generic,fake_pren_spearman,6,0.2,0.2
43,all,surrogate_spearman,32,0.1033724340175953,0.06451612903225808
43,all,surrogate_mae,32,-0.08760997067448678,-0.048387096774193554
43,all,surrogate_rmse,32,-0.05498533724340175,-0.028225806451612906
43,informed,surrogate_spearman,25,-0.050769230769230775,-0.03999999999999999
43,generic,surrogate_spearman,7,0.28571428571428575,0.23809523809523814
43,informed,pren_spearman,25,-0.30923076923076925,-0.21999999999999997
43,generic,fake_pren_spearman,7,0.21428571428571433,0.14285714285714288
44,all,surrogate_spearman,32,-0.07184750733137829,-0.024193548387096777
44,all,surrogate_mae,32,0.031524926686217,0.028225806451612906
44,all,surrogate_rmse,32,0.03922287390029325,0.0
44,informed,surrogate_spearman,25,-0.06769230769230769,0.006666666666666665
44,generic,surrogate_spearman,7,0.39285714285714296,0.23809523809523814
44,informed,pren_spearman,25,0.27307692307692305,0.17999999999999997
44,generic,fake_pren_spearman,7,0.8214285714285715,0.6190476190476191
45,all,surrogate_spearman,32,0.1843841642228739,0.16129032258064518
45,all,surrogate_mae,32,-0.31891495601173014,-0.22177419354838715
45,all,surrogate_rmse,32,-0.22947214076246328,-0.15725806451612906
45,informed,surrogate_spearman,27,0.3125763125763126,0.2421652421652422
45,generic,surrogate_spearman,5,-0.6,-0.39999999999999997
45,informed,pren_spearman,27,0.34676434676434675,0.2250712250712251
45,generic,fake_pren_spearman,5,0.19999999999999998,0.19999999999999998
46,all,surrogate_spearman,32,-0.01063049853372434,-0.01612903225806452
46,all,surrogate_mae,32,-0.11143695014662756,-0.09677419354838711
46,all,surrogate_rmse,32,0.026759530791788853,0.012096774193548388
46,informed,surrogate_spearman,26,0.10153846153846154,0.06461538461538462
46,generic,surrogate_spearman,6,-0.6,-0.4666666666666666
46,informed,pren_spearman,26,-0.07145299145299144,-0.04
46,generic,fake_pren_spearman,6,0.08571428571428573,0.06666666666666665
47,all,surrogate_spearman,32,0.3170821114369501,0.1895161290322581
47,all,surrogate_mae,32,-0.3980938416422287,-0.25000000000000006
47,all,surrogate_rmse,32,-0.4050586510263929,-0.2701612903225807
47,informed,surrogate_spearman,27,0.32722832722832723,0.20227920227920232
47,generic,surrogate_spearman,5,0.7,0.6
47,informed,pren_spearman,27,0.08669108669108669,0.059829059829059845
47,generic,fake_pren_spearman,5,-0.19999999999999998,-0.19999999999999998
48,all,surrogate_spearman,32,-0.042155425219941346,-0.01612903225806452
48,all,surrogate_mae,32,-0.04875366568914955,-0.052419354838709686
48,all,surrogate_rmse,32,-0.09530791788856303,-0.0685483870967742
48,informed,surrogate_spearman,28,-0.15270935960591134,-0.10582010582010583
48,generic,surrogate_spearman,4,0.7999999999999999,0.6666666666666669
48,informed,pren_spearman,28,0.0717022441160372,0.031746031746031744
48,generic,fake_pren_spearman,4,0.19999999999999998,0.0
49,all,surrogate_spearman,32,0.1279325513196481,0.0685483870967742
49,all,surrogate_mae,32,-0.23423753665689148,-0.1370967741935484
49,all,surrogate_rmse,32,-0.29288856304985333,-0.19758064516129034
49,informed,surrogate_spearman,25,-0.05692307692307692,-0.03999999999999999
49,generic,surrogate_spearman,7,-0.5,-0.33333333333333337
49,informed,pren_spearman,25,-0.04769230769230769,-0.006666666666666665
49,generic,fake_pren_spearman,7,0.5357142857142858,0.4285714285714286
50,all,surrogate_spearman,32,0.08027859237536657,0.05645161290322581
50,all,surrogate_mae,32,-0.18071847507331376,-0.14516129032258066
50,all,surrogate_rmse,32,-0.18145161290322578,-0.14112903225806453
50,informed,surrogate_spearman,28,-0.003284072249589491,0.005291005291005291
50,generic,surrogate_spearman,4,-0.39999999999999997,-0.3333333333333334
50,informed,pren_spearman,28,-0.17460317460317462,-0.14285714285714285
50,generic,fake_pren_spearman,4,0.6000000000000001,0.3333333333333334
51,all,surrogate_spearman,32,0.08027859237536657,0.04435483870967743
51,all,surrogate_mae,32,-0.08431085043988269,-0.048387096774193554
51,all,surrogate_rmse,32,-0.07404692082111436,-0.060483870967741944
51,informed,surrogate_spearman,25,-0.0007692307692307692,0.0
51,generic,surrogate_spearman,7,0.3571428571428572,0.14285714285714288
51,informed,pren_spearman,25,-0.11384615384615385,-0.07333333333333332
51,generic,fake_pren_spearman,7,0.10714285714285716,0.04761904761904762
52,all,surrogate_spearman,32,0.3420087976539589,0.24193548387096778
52,all,surrogate_mae,32,-0.4607771260997067,-0.3266129032258065
52,all,surrogate_rmse,32,-0.47397360703812313,-0.342741935483871
52,informed,surrogate_spearman,26,0.5111111111111111,0.36000000000000004
52,generic,surrogate_spearman,6,0.14285714285714288,0.06666666666666665
52,informed,pren_spearman,26,0.10358974358974359,0.05846153846153847
52,generic,fake_pren_spearman,6,0.2,0.06666666666666665
53,all,surrogate_spearman,32,0.1191348973607038,0.06451612903225808
53,all,surrogate_mae,32,-0.16422287390029325,-0.10483870967741937
53,all,surrogate_rmse,32,-0.1638563049853372,-0.09274193548387098
53,informed,surrogate_spearman,24,0.029565217391304344,0.028985507246376812
53,generic,surrogate_spearman,8,-0.4047619047619048,-0.2857142857142857
53,informed,pren_spearman,24,0.3504347826086956,0.2391304347826087
53,generic,fake_pren_spearman,8,0.38095238095238104,0.21428571428571427
54,all,surrogate_spearman,32,0.1191348973607038,0.07661290322580645
54,all,surrogate_mae,32,-0.41202346041055715,-0.25000000000000006
54,all,surrogate_rmse,32,-0.3603372434017595,-0.2298387096774194
54,informed,surrogate_spearman,29,0.11379310344827585,0.07389162561576354
54,generic,surrogate_spearman,3,0.5,0.33333333333333337
54,informed,pren_spearman,29,-0.10738916256157634,-0.06403940886699505
54,generic,fake_pren_spearman,3,-1.0,-1.0
55,all,surrogate_spearman,32,0.23680351906158356,0.1532258064516129
55,all,surrogate_mae,32,-0.028225806451612902,-0.00403225806451613
55,all,surrogate_rmse,32,-0.10520527859237536,-0.060483870967741944
55,informed,surrogate_spearman,28,0.14012041598248495,0.09523809523809523
55,generic,surrogate_spearman,4,-0.39999999999999997,-0.3333333333333334
55,informed,pren_spearman,28,0.03940886699507389,0.026455026455026457
55,generic,fake_pren_spearman,4,-0.39999999999999997,-0.3333333333333334
56,all,surrogate_spearman,32,0.3731671554252199,0.25000000000000006
56,all,surrogate_mae,32,-0.4915689149560116,-0.35483870967741943
56,all,surrogate_rmse,32,-0.4226539589442815,-0.3145161290322581
56,informed,surrogate_spearman,27,0.29426129426129427,0.1965811965811966
56,generic,surrogate_spearman,5,0.3,0.19999999999999998
56,informed,pren_spearman,27,-0.08424908424908426,-0.05413105413105414
56,generic,fake_pren_spearman,5,0.49999999999999994,0.39999999999999997
57,all,surrogate_spearman,32,0.09494134897360704,0.05645161290322581
57,all,surrogate_mae,32,-0.188049853372434,-0.12096774193548389
57,all,surrogate_rmse,32,-0.2008797653958944,-0.14516129032258066
57,informed,surrogate_spearman,26,0.2916239316239316,0.16923076923076924
57,generic,surrogate_spearman,6,-0.2,-0.2
57,informed,pren_spearman,26,0.24786324786324784,0.15692307692307692
57,generic,fake_pren_spearman,6,0.7714285714285715,0.6
58,all,surrogate_spearman,32,0.1543255131964809,0.09274193548387098
58,all,surrogate_mae,32,-0.2525659824046921,-0.1733870967741936
58,all,surrogate_rmse,32,-0.2104105571847507,-0.14112903225806453
58,informed,surrogate_spearman,25,0.1946153846153846,0.11333333333333331
58,generic,surrogate_spearman,7,0.1785714285714286,0.14285714285714288
58,informed,pren_spearman,25,0.04769230769230769,0.01333333333333333
58,generic,fake_pren_spearman,7,0.42857142857142866,0.33333333333333337
59,all,surrogate_spearman,32,-0.04618768328445748,-0.040322580645161296
59,all,surrogate_mae,32,-0.027492668621700876,0.0
59,all,surrogate_rmse,32,0.052419354838709666,0.05645161290322581
59,informed,surrogate_spearman,25,-0.03769230769230769,-0.019999999999999993
59,generic,surrogate_spearman,7,-0.6071428571428572,-0.4285714285714286
59,informed,pren_spearman,25,0.046153846153846156,0.019999999999999993
59,generic,fake_pren_spearman,7,-0.14285714285714288,-0.23809523809523814
60,all,surrogate_spearman,32,0.0751466275659824,0.040322580645161296
60,all,surrogate_mae,32,-0.10373900293255131,-0.08467741935483872
60,all,surrogate_rmse,32,-0.0502199413489736,-0.03225806451612904
60,informed,surrogate_spearman,24,-0.12608695652173912,-0.10869565217391304
60,generic,surrogate_spearman,8,0.5714285714285715,0.42857142857142855
60,informed,pren_spearman,24,0.17913043478260868,0.14492753623188404
60,generic,fake_pren_spearman,8,0.2142857142857143,0.14285714285714285
61,all,surrogate_spearman,32,0.2540322580645161,0.15725806451612906
61,all,surrogate_mae,32,-0.02785923753665689,-0.012096774193548388
61,all,surrogate_rmse,32,-0.007331378299120234,0.0
61,informed,surrogate_spearman,27,0.29120879120879123,0.1965811965811966
61,generic,surrogate_spearman,5,-0.9999999999999999,-0.9999999999999999
61,informed,pren_spearman,27,0.0036630036630036626,0.014245014245014247
61,generic,fake_pren_spearman,5,-0.3,-0.19999999999999998
62,all,surrogate_spearman,32,-0.20454545454545453,-0.16935483870967744
62,all,surrogate_mae,32,-0.017961876832844573,-0.012096774193548388
62,all,surrogate_rmse,32,-0.026759530791788853,-0.020161290322580648
62,informed,surrogate_spearman,22,-0.18464144551101075,-0.14285714285714285
62,generic,surrogate_spearman,10,-0.01818181818181818,0.022222222222222223
62,informed,pren_spearman,22,0.311123658949746,0.24675324675324675
62,generic,fake_pren_spearman,10,-0.12727272727272726,-0.06666666666666667
63,all,surrogate_spearman,32,-0.17082111436950145,-0.12903225806451615
63,all,surrogate_mae,32,0.24926686217008792,0.14516129032258066
63,all,surrogate_rmse,32,0.28958944281524923,0.1895161290322581
63,informed,surrogate_spearman,29,-0.1719211822660098,-0.12315270935960589
63,generic,surrogate_spearman,3,-0.5,-0.33333333333333337
63,informed,pren_spearman,29,0.06847290640394087,0.03448275862068965
63,generic,fake_pren_spearman,3,-1.0,-1.0
64,all,surrogate_spearman,32,-0.0975073313782991,-0.06451612903225808
64,all,surrogate_mae,32,0.09604105571847506,0.08064516129032259
64,all,surrogate_rmse,32,0.013563049853372432,0.00403225806451613
64,informed,surrogate_spearman,26,-0.1952136752136752,-0.12615384615384617
64,generic,surrogate_spearman,6,-0.5428571428571429,-0.3333333333333333
64,informed,pren_spearman,26,0.14324786324786323,0.11384615384615385
64,generic,fake_pren_spearman,6,-0.5428571428571429,-0.3333333333333333
65,all,surrogate_spearman,32,-0.09604105571847506,-0.060483870967741944
65,all,surrogate_mae,32,0.06781524926686217,0.040322580645161296
65,all,surrogate_rmse,32,0.027492668621700876,-0.00403225806451613
65,informed,surrogate_spearman,24,-0.2713043478260869,-0.18115942028985507
65,generic,surrogate_spearman,8,0.4285714285714286,0.2857142857142857
65,informed,pren_spearman,24,0.03739130434782608,0.028985507246376812
65,generic,fake_pren_spearman,8,0.14285714285714288,0.07142857142857142
66,all,surrogate_spearman,32,0.04142228739002932,0.036290322580645164
66,all,surrogate_mae,32,0.07404692082111436,0.03225806451612904
66,all,surrogate_rmse,32,-0.002932551319648094,-0.00806451612903226
66,informed,surrogate_spearman,27,-0.008547008547008548,0.014245014245014247
66,generic,surrogate_spearman,5,0.09999999999999999,0.0
66,informed,pren_spearman,27,-0.1568986568986569,-0.11111111111111113
66,generic,fake_pren_spearman,5,0.49999999999999994,0.19999999999999998
67,all,surrogate_spearman,32,-0.042155425219941346,-0.01612903225806452
67,all,surrogate_mae,32,-0.16165689149560114,-0.1088709677419355
67,all,surrogate_rmse,32,-0.1158357771260997,-0.06451612903225808
67,informed,surrogate_spearman,26,-0.14940170940170938,-0.05846153846153847
67,generic,surrogate_spearman,6,-0.2571428571428572,-0.2
67,informed,pren_spearman,26,-0.10564102564102562,-0.04
67,generic,fake_pren_spearman,6,-0.3714285714285715,-0.3333333333333333
68,all,surrogate_spearman,32,0.09054252199413489,0.060483870967741944
68,all,surrogate_mae,32,-0.11217008797653959,-0.06451612903225808
68,all,surrogate_rmse,32,-0.13343108504398826,-0.08870967741935486
68,informed,surrogate_spearman,26,-0.10495726495726496,-0.07692307692307693
68,generic,surrogate_spearman,6,0.08571428571428573,0.2
68,informed,pren_spearman,26,0.228034188034188,0.1630769230769231
68,generic,fake_pren_spearman,6,0.028571428571428574,0.06666666666666665
69,all,surrogate_spearman,32,-0.09200879765395893,-0.04435483870967743
69,all,surrogate_mae,32,0.03519061583577712,0.020161290322580648
69,all,surrogate_rmse,32,0.0502199413489736,0.020161290322580648
69,informed,surrogate_spearman,24,-0.03565217391304347,0.0
69,generic,surrogate_spearman,8,-0.14285714285714288,-0.14285714285714285
69,informed,pren_spearman,24,0.3678260869565217,0.2681159420289855
69,generic,fake_pren_spearman,8,-0.2142857142857143,-0.14285714285714285
70,all,surrogate_spearman,32,0.0344574780058651,0.00806451612903226
70,all,surrogate_mae,32,0.024926686217008793,0.020161290322580648
70,all,surrogate_rmse,32,-0.04875366568914955,-0.03225806451612904
70,informed,surrogate_spearman,26,0.005128205128205127,-0.009230769230769232
70,generic,surrogate_spearman,6,-0.2571428571428572,-0.2
70,informed,pren_spearman,26,0.03931623931623932,0.033846153846153845
70,generic,fake_pren_spearman,6,0.3142857142857143,0.2
71,all,surrogate_spearman,32,0.18878299120234604,0.12096774193548389
71,all,surrogate_mae,32,-0.20747800586510262,-0.14919354838709678
71,all,surrogate_rmse,32,-0.22690615835777125,-0.14919354838709678
71,informed,surrogate_spearman,27,0.24847374847374848,0.1737891737891738
71,generic,surrogate_spearman,5,-0.49999999999999994,-0.19999999999999998
71,informed,pren_spearman,27,-0.24847374847374848,-0.1623931623931624
71,generic,fake_pren_spearman,5,-0.3,-0.19999999999999998
72,all,surrogate_spearman,32,-0.06268328445747799,-0.07258064516129033
72,all,surrogate_mae,32,-0.2602639296187683,-0.1733870967741936
72,all,surrogate_rmse,32,-0.1722873900293255,-0.10483870967741937
72,informed,surrogate_spearman,27,-0.11233211233211234,-0.11111111111111113
72,generic,surrogate_spearman,5,0.7,0.6
72,informed,pren_spearman,27,0.199023199023199,0.15099715099715103
72,generic,fake_pren_spearman,5,0.0,0.0
73,all,surrogate_spearman,32,0.11620234604105568,0.07661290322580645
73,all,surrogate_mae,32,-0.23313782991202345,-0.18145161290322584
73,all,surrogate_rmse,32,-0.2408357771260997,-0.1895161290322581
73,informed,surrogate_spearman,26,-0.019487179487179485,-0.015384615384615385
73,generic,surrogate_spearman,6,-0.5428571428571429,-0.4666666666666666
73,informed,pren_spearman,26,-0.23829059829059826,-0.16923076923076924
73,generic,fake_pren_spearman,6,-0.4285714285714286,-0.3333333333333333
74,all,surrogate_spearman,32,0.2540322580645161,0.1653225806451613
74,all,surrogate_mae,32,-0.2287390029325513,-0.14112903225806453
74,all,surrogate_rmse,32,-0.3108504398826979,-0.2338709677419355
74,informed,surrogate_spearman,29,0.18669950738916252,0.1280788177339901
74,generic,surrogate_spearman,3,-0.5,-0.33333333333333337
74,informed,pren_spearman,29,0.07881773399014776,0.03448275862068965
74,generic,fake_pren_spearman,3,-0.5,-0.33333333333333337
75,all,surrogate_spearman,32,0.03005865102639296,0.040322580645161296
75,all,surrogate_mae,32,0.052419354838709666,0.028225806451612906
75,all,surrogate_rmse,32,0.04508797653958944,-0.00403225806451613
75,informed,surrogate_spearman,26,0.007179487179487179,0.021538461538461538
75,generic,surrogate_spearman,6,-0.8285714285714287,-0.7333333333333333
75,informed,pren_spearman,26,-0.1952136752136752,-0.13846153846153847
75,generic,fake_pren_spearman,6,-0.2571428571428572,-0.2
76,all,surrogate_spearman,32,0.11766862170087976,0.07661290322580645
76,all,surrogate_mae,32,-0.2782258064516129,-0.1895161290322581
76,all,surrogate_rmse,32,-0.23863636363636362,-0.1532258064516129
76,informed,surrogate_spearman,25,0.026153846153846153,0.006666666666666665
76,generic,surrogate_spearman,7,-0.03571428571428572,-0.04761904761904762
76,informed,pren_spearman,25,-0.15153846153846154,-0.11333333333333331
76,generic,fake_pren_spearman,7,0.1785714285714286,0.14285714285714288
77,all,surrogate_spearman,32,0.16642228739002932,0.10080645161290325
77,all,surrogate_mae,32,-0.02126099706744868,-0.012096774193548388
77,all,surrogate_rmse,32,-0.06085043988269794,-0.052419354838709686
77,informed,surrogate_spearman,28,0.12972085385878487,0.07407407407407407
77,generic,surrogate_spearman,4,0.6000000000000001,0.3333333333333334
77,informed,pren_spearman,28,-0.11220580186097427,-0.06878306878306878
77,generic,fake_pren_spearman,4,0.39999999999999997,0.3333333333333334
78,all,surrogate_spearman,32,0.187683284457478,0.13306451612903228
78,all,surrogate_mae,32,-0.19354838709677416,-0.17741935483870971
78,all,surrogate_rmse,32,-0.1689882697947214,-0.12096774193548389
78,informed,surrogate_spearman,24,0.22434782608695653,0.17391304347826086
78,generic,surrogate_spearman,8,0.6666666666666669,0.4999999999999999
78,informed,pren_spearman,24,-0.08434782608695651,-0.07246376811594202
78,generic,fake_pren_spearman,8,-0.2142857142857143,-0.14285714285714285
79,all,surrogate_spearman,32,0.04618768328445748,0.048387096774193554
79,all,surrogate_mae,32,0.01099706744868035,0.00806451612903226
79,all,surrogate_rmse,32,-0.01722873900293255,0.00403225806451613
79,informed,surrogate_spearman,25,0.03846153846153846,0.046666666666666655
79,generic,surrogate_spearman,7,-0.10714285714285716,-0.04761904761904762
79,informed,pren_spearman,25,0.07615384615384616,0.006666666666666665
79,generic,fake_pren_spearman,7,-0.5,-0.33333333333333337
80,all,surrogate_spearman,32,-0.04728739002932551,-0.052419354838709686
80,all,surrogate_mae,32,0.1378299120234604,0.10483870967741937
80,all,surrogate_rmse,32,0.14772727272727273,0.1088709677419355
80,informed,surrogate_spearman,28,-0.1357416529830323,-0.11111111111111109
80,generic,surrogate_spearman,4,0.19999999999999998,0.0
80,informed,pren_spearman,28,-0.28133552271483303,-0.20105820105820105
80,generic,fake_pren_spearman,4,-0.7999999999999999,-0.6666666666666669
81,all,surrogate_spearman,32,0.06928152492668621,0.03225806451612904
81,all,surrogate_mae,32,-0.08834310850439882,-0.052419354838709686
81,all,surrogate_rmse,32,-0.07404692082111436,-0.04435483870967743
81,informed,surrogate_spearman,26,0.1275213675213675,0.07692307692307693
81,generic,surrogate_spearman,6,-0.2571428571428572,-0.2
81,informed,pren_spearman,26,-0.025641025641025637,0.009230769230769232
81,generic,fake_pren_spearman,6,-0.2,-0.06666666666666665
82,all,surrogate_spearman,32,0.044721407624633426,0.036290322580645164
82,all,surrogate_mae,32,-0.21810850439882695,-0.14919354838709678
82,all,surrogate_rmse,32,-0.19318181818181815,-0.1370967741935484
82,informed,surrogate_spearman,25,-0.06923076923076923,-0.046666666666666655
82,generic,surrogate_spearman,7,-0.3214285714285715,-0.23809523809523814
82,informed,pren_spearman,25,-0.08615384615384615,-0.03999999999999999
82,generic,fake_pren_spearman,7,-0.9285714285714288,-0.8095238095238096
83,all,surrogate_spearman,32,-0.08284457478005865,-0.05645161290322581
83,all,surrogate_mae,32,0.1946480938416422,0.12903225806451615
83,all,surrogate_rmse,32,0.10777126099706744,0.09677419354838711
83,informed,surrogate_spearman,24,-0.49652173913043474,-0.32608695652173914
83,generic,surrogate_spearman,8,0.11904761904761905,0.21428571428571427
83,informed,pren_spearman,24,-0.04347826086956521,-0.057971014492753624
83,generic,fake_pren_spearman,8,0.11904761904761905,0.0
84,all,surrogate_spearman,32,0.006964809384164223,0.00403225806451613
84,all,surrogate_mae,32,-0.11070381231671556,-0.060483870967741944
84,all,surrogate_rmse,32,-0.1004398826979472,-0.036290322580645164
84,informed,surrogate_spearman,24,-0.20869565217391303,-0.13043478260869565
84,generic,surrogate_spearman,8,0.6428571428571429,0.42857142857142855
84,informed,pren_spearman,24,0.14956521739130432,0.10869565217391304
84,generic,fake_pren_spearman,8,-0.3571428571428572,-0.2857142857142857
85,all,surrogate_spearman,32,-0.018328445747800584,-0.00806451612903226
85,all,surrogate_mae,32,-0.014296187683284457,-0.00806451612903226
85,all,surrogate_rmse,32,-0.029692082111436948,0.03225806451612904
85,informed,surrogate_spearman,26,-0.09333333333333332,-0.06461538461538462
85,generic,surrogate_spearman,6,-0.7142857142857143,-0.4666666666666666
85,informed,pren_spearman,26,-0.13572649572649573,-0.08923076923076924
85,generic,fake_pren_spearman,6,-0.7714285714285715,-0.6
86,all,surrogate_spearman,32,-0.06378299120234603,-0.04435483870967743
86,all,surrogate_mae,32,0.011730205278592375,0.0
86,all,surrogate_rmse,32,0.07661290322580644,0.060483870967741944
86,informed,surrogate_spearman,25,-0.27999999999999997,-0.18666666666666662
86,generic,surrogate_spearman,7,0.07142857142857144,-0.04761904761904762
86,informed,pren_spearman,25,-0.07692307692307691,-0.05999999999999999
86,generic,fake_pren_spearman,7,0.39285714285714296,0.33333333333333337
87,all,surrogate_spearman,32,-0.08870967741935483,-0.040322580645161296
87,all,surrogate_mae,32,0.027492668621700876,0.00806451612903226
87,all,surrogate_rmse,32,0.027126099706744865,0.00806451612903226
87,informed,surrogate_spearman,25,-0.20846153846153848,-0.11333333333333331
87,generic,surrogate_spearman,7,-0.21428571428571433,-0.14285714285714288
87,informed,pren_spearman,25,-0.049999999999999996,-0.046666666666666655
87,generic,fake_pren_spearman,7,0.4642857142857144,0.33333333333333337
88,all,surrogate_spearman,32,0.3071847507331378,0.15725806451612906
88,all,surrogate_mae,32,-0.4358504398826979,-0.2741935483870968
88,all,surrogate_rmse,32,-0.3933284457478005,-0.22580645161290325
88,informed,surrogate_spearman,26,0.1822222222222222,0.08923076923076924
88,generic,surrogate_spearman,6,0.48571428571428577,0.3333333333333333
88,informed,pren_spearman,26,0.07555555555555556,0.05230769230769231
88,generic,fake_pren_spearman,6,-0.14285714285714288,-0.06666666666666665
89,all,surrogate_spearman,32,-0.11950146627565982,-0.09274193548387098
89,all,surrogate_mae,32,0.02346041055718475,0.00403225806451613
89,all,surrogate_rmse,32,-0.01099706744868035,0.0
89,informed,surrogate_spearman,27,-0.25946275946275943,-0.18518518518518523
89,generic,surrogate_spearman,5,0.7999999999999999,0.6
89,informed,pren_spearman,27,0.0879120879120879,0.03703703703703704
89,generic,fake_pren_spearman,5,0.19999999999999998,0.19999999999999998
90,all,surrogate_spearman,32,0.1224340175953079,0.0685483870967742
90,all,surrogate_mae,32,-0.14296187683284456,-0.09677419354838711
90,all,surrogate_rmse,32,-0.19098240469208208,-0.1370967741935484
90,informed,surrogate_spearman,28,0.022441160372194853,-0.015873015873015872
90,generic,surrogate_spearman,4,0.7999999999999999,0.6666666666666669
90,informed,pren_spearman,28,0.03776683087027915,0.037037037037037035
90,generic,fake_pren_spearman,4,0.19999999999999998,0.0
91,all,surrogate_spearman,32,0.15945747800586507,0.08467741935483872
91,all,surrogate_mae,32,-0.2965542521994135,-0.1895161290322581
91,all,surrogate_rmse,32,-0.22177419354838707,-0.14919354838709678
91,informed,surrogate_spearman,27,0.1568986568986569,0.08831908831908834
91,generic,surrogate_spearman,5,0.19999999999999998,0.19999999999999998
91,informed,pren_spearman,27,-0.15262515262515264,-0.09971509971509973
91,generic,fake_pren_spearman,5,-0.09999999999999999,0.0
92,all,surrogate_spearman,32,0.06598240469208211,0.048387096774193554
92,all,surrogate_mae,32,-0.17375366568914952,-0.10483870967741937
92,all,surrogate_rmse,32,-0.12976539589442815,-0.048387096774193554
92,informed,surrogate_spearman,26,0.011965811965811965,0.015384615384615385
92,generic,surrogate_spearman,6,0.08571428571428573,0.06666666666666665
92,informed,pren_spearman,26,0.14188034188034188,0.09538461538461539
92,generic,fake_pren_spearman,6,-0.3714285714285715,-0.06666666666666665
93,all,surrogate_spearman,32,0.1730205278592375,0.11290322580645162
93,all,surrogate_mae,32,-0.2664956011730205,-0.16935483870967744
93,all,surrogate_rmse,32,-0.25476539589442815,-0.16129032258064518
93,informed,surrogate_spearman,27,0.12271062271062269,0.07692307692307693
93,generic,surrogate_spearman,5,0.3,0.19999999999999998
93,informed,pren_spearman,27,-0.3412698412698412,-0.2364672364672365
93,generic,fake_pren_spearman,5,0.09999999999999999,0.0
94,all,surrogate_spearman,32,-0.043621700879765385,-0.03225806451612904
94,all,surrogate_mae,32,-0.13233137829912023,-0.040322580645161296
94,all,surrogate_rmse,32,-0.0909090909090909,-0.040322580645161296
94,informed,surrogate_spearman,23,0.005928853754940711,-0.003952569169960474
94,generic,surrogate_spearman,9,-0.09999999999999999,-0.05555555555555555
94,informed,pren_spearman,23,0.3804347826086957,0.2648221343873518
94,generic,fake_pren_spearman,9,0.6166666666666666,0.5
95,all,surrogate_spearman,32,0.19391495601173017,0.11693548387096775
95,all,surrogate_mae,32,-0.3863636363636363,-0.2580645161290323
95,all,surrogate_rmse,32,-0.35593841642228735,-0.26209677419354843
95,informed,surrogate_spearman,28,0.20251778872468526,0.12698412698412698
95,generic,surrogate_spearman,4,-0.39999999999999997,-0.3333333333333334
95,informed,pren_spearman,28,-0.01751505199781062,-0.015873015873015872
95,generic,fake_pren_spearman,4,-0.7999999999999999,-0.6666666666666669
96,all,surrogate_spearman,32,0.08357771260997067,0.04435483870967743
96,all,surrogate_mae,32,0.04875366568914955,0.03225806451612904
96,all,surrogate_rmse,32,-0.12390029325513194,-0.07661290322580645
96,informed,surrogate_spearman,27,0.06837606837606838,0.03703703703703704
96,generic,surrogate_spearman,5,-0.19999999999999998,-0.19999999999999998
96,informed,pren_spearman,27,-0.024420024420024417,0.0028490028490028496
96,generic,fake_pren_spearman,5,-0.19999999999999998,-0.19999999999999998
97,all,surrogate_spearman,32,0.1407624633431085,0.09274193548387098
97,all,surrogate_mae,32,-0.2987536656891495,-0.2016129032258065
97,all,surrogate_rmse,32,-0.20894428152492667,-0.14112903225806453
97,informed,surrogate_spearman,27,0.1349206349206349,0.09971509971509973
97,generic,surrogate_spearman,5,-0.39999999999999997,-0.39999999999999997
97,informed,pren_spearman,27,0.05738705738705738,0.048433048433048444
97,generic,fake_pren_spearman,5,-0.6,-0.39999999999999997
98,all,surrogate_spearman,32,-0.16825513196480937,-0.10483870967741937
98,all,surrogate_mae,32,0.0157624633431085,-0.00806451612903226
98,all,surrogate_rmse,32,0.059384164222873896,0.012096774193548388
98,informed,surrogate_spearman,27,-0.1562881562881563,-0.09401709401709403
98,generic,surrogate_spearman,5,-0.8999999999999998,-0.7999999999999999
98,informed,pren_spearman,27,0.13553113553113552,0.08262108262108263
98,generic,fake_pren_spearman,5,0.19999999999999998,0.19999999999999998
99,all,surrogate_spearman,32,0.439149560117302,0.28225806451612906
99,all,surrogate_mae,32,-0.35263929618768325,-0.19354838709677422
99,all,surrogate_rmse,32,-0.32074780058651026,-0.19758064516129034
99,informed,surrogate_spearman,24,0.21913043478260866,0.13043478260869565
99,generic,surrogate_spearman,8,0.5952380952380953,0.42857142857142855
99,informed,pren_spearman,24,0.13217391304347825,0.11594202898550725
99,generic,fake_pren_spearman,8,-0.7619047619047621,-0.5714285714285714
100,all,surrogate_spearman,32,0.1997800586510264,0.12096774193548389
100,all,surrogate_mae,32,-0.35557184750733134,-0.2338709677419355
100,all,surrogate_rmse,32,-0.40909090909090906,-0.2701612903225807
100,informed,surrogate_spearman,26,0.048888888888888885,0.046153846153846156
100,generic,surrogate_spearman,6,0.3142857142857143,0.2
100,informed,pren_spearman,26,-0.031794871794871796,-0.027692307692307693
100,generic,fake_pren_spearman,6,-0.14285714285714288,-0.06666666666666665
101,all,surrogate_spearman,32,0.2111436950146627,0.1370967741935484
101,all,surrogate_mae,32,-0.3863636363636363,-0.217741935483871
101,all,surrogate_rmse,32,-0.33321114369501464,-0.22177419354838715
101,informed,surrogate_spearman,27,0.1862026862026862,0.12820512820512825
101,generic,surrogate_spearman,5,0.8999999999999998,0.7999999999999999
101,informed,pren_spearman,27,0.03663003663003663,0.03133903133903134
101,generic,fake_pren_spearman,5,-0.3,-0.19999999999999998
102,all,surrogate_spearman,32,0.16129032258064516,0.10483870967741937
102,all,surrogate_mae,32,-0.0975073313782991,-0.060483870967741944
102,all,surrogate_rmse,32,-0.1063049853372434,-0.07661290322580645
102,informed,surrogate_spearman,28,0.02079912424740011,0.021164021164021163
102,generic,surrogate_spearman,4,0.39999999999999997,0.3333333333333334
102,informed,pren_spearman,28,0.05473453749315818,0.07407407407407407
102,generic,fake_pren_spearman,4,0.39999999999999997,0.3333333333333334
103,all,surrogate_spearman,32,-0.2287390029325513,-0.16129032258064518
103,all,surrogate_mae,32,0.12060117302052785,0.08467741935483872
103,all,surrogate_rmse,32,0.09567448680351906,0.08064516129032259
103,informed,surrogate_spearman,27,-0.10805860805860806,-0.08831908831908834
103,generic,surrogate_spearman,5,-0.19999999999999998,-0.19999999999999998
103,informed,pren_spearman,27,-0.21672771672771673,-0.1566951566951567
103,generic,fake_pren_spearman,5,0.09999999999999999,0.0
104,all,surrogate_spearman,32,0.09347507331378298,0.0685483870967742
104,all,surrogate_mae,32,-0.11143695014662756,-0.07661290322580645
104,all,surrogate_rmse,32,-0.06341642228739001,-0.04435483870967743
104,informed,surrogate_spearman,24,0.017391304347826087,0.021739130434782608
104,generic,surrogate_spearman,8,0.30952380952380953,0.21428571428571427
104,informed,pren_spearman,24,0.033913043478260865,0.043478260869565216
104,generic,fake_pren_spearman,8,0.2380952380952381,0.21428571428571427
105,all,surrogate_spearman,32,-0.05461876832844574,-0.036290322580645164
105,all,surrogate_mae,32,-0.14882697947214074,-0.07661290322580645
105,all,surrogate_rmse,32,-0.14919354838709678,-0.08064516129032259
105,informed,surrogate_spearman,24,-0.042608695652173914,-0.028985507246376812
105,generic,surrogate_spearman,8,-0.11904761904761905,-0.14285714285714285
105,informed,pren_spearman,24,0.09217391304347824,0.07971014492753624
105,generic,fake_pren_spearman,8,-0.5714285714285715,-0.4999999999999999
106,all,surrogate_spearman,32,-0.17778592375366567,-0.11290322580645162
106,all,surrogate_mae,32,-0.008064516129032258,0.00403225806451613
106,all,surrogate_rmse,32,0.07148093841642228,0.048387096774193554
106,informed,surrogate_spearman,27,-0.16666666666666663,-0.09971509971509973
106,generic,surrogate_spearman,5,0.7,0.6
106,informed,pren_spearman,27,-0.04151404151404151,-0.03703703703703704
106,generic,fake_pren_spearman,5,-0.7999999999999999,-0.6
107,all,surrogate_spearman,32,0.14662756598240467,0.09677419354838711
107,all,surrogate_mae,32,-0.3574046920821114,-0.24193548387096778
107,all,surrogate_rmse,32,-0.3071847507331378,-0.217741935483871
107,informed,surrogate_spearman,26,0.10837606837606836,0.08307692307692308
107,generic,surrogate_spearman,6,-0.2,-0.06666666666666665
107,informed,pren_spearman,26,0.03863247863247863,0.015384615384615385
107,generic,fake_pren_spearman,6,0.6,0.4666666666666666
108,all,surrogate_spearman,32,0.06341642228739001,0.028225806451612906
108,all,surrogate_mae,32,-0.1279325513196481,-0.06451612903225808
108,all,surrogate_rmse,32,-0.18071847507331376,-0.1088709677419355
108,informed,surrogate_spearman,26,0.006495726495726496,-0.009230769230769232
108,generic,surrogate_spearman,6,-0.6571428571428573,-0.4666666666666666
108,informed,pren_spearman,26,-0.15008547008547007,-0.06461538461538462
108,generic,fake_pren_spearman,6,-0.4285714285714286,-0.3333333333333333
109,all,surrogate_spearman,32,-0.08211143695014662,-0.06451612903225808
109,all,surrogate_mae,32,-0.07111436950146627,-0.04435483870967743
109,all,surrogate_rmse,32,-0.07771260997067447,-0.060483870967741944
109,informed,surrogate_spearman,27,-0.07936507936507936,-0.059829059829059845
109,generic,surrogate_spearman,5,-0.6,-0.39999999999999997
109,informed,pren_spearman,27,-0.05067155067155067,-0.025641025641025644
109,generic,fake_pren_spearman,5,0.7,0.6
110,all,surrogate_spearman,32,0.21884164222873898,0.16935483870967744
110,all,surrogate_mae,32,-0.3321114369501466,-0.2056451612903226
110,all,surrogate_rmse,32,-0.2470674486803519,-0.15725806451612906
110,informed,surrogate_spearman,23,0.1373517786561265,0.09881422924901187
110,generic,surrogate_spearman,9,-0.08333333333333334,0.0
110,informed,pren_spearman,23,0.12154150197628459,0.05928853754940712
110,generic,fake_pren_spearman,9,0.0,0.0
111,all,surrogate_spearman,32,0.376466275659824,0.26209677419354843
111,all,surrogate_mae,32,-0.4098240469208211,-0.2701612903225807
111,all,surrogate_rmse,32,-0.4596774193548387,-0.31854838709677424
111,informed,surrogate_spearman,27,0.21245421245421242,0.13390313390313394
111,generic,surrogate_spearman,5,0.8999999999999998,0.7999999999999999
111,informed,pren_spearman,27,-0.2539682539682539,-0.1623931623931624
111,generic,fake_pren_spearman,5,0.9999999999999999,0.9999999999999999
112,all,surrogate_spearman,32,-0.03519061583577712,-0.03225806451612904
112,all,surrogate_mae,32,-0.05205278592375366,-0.020161290322580648
112,all,surrogate_rmse,32,0.011363636363636362,0.040322580645161296
112,informed,surrogate_spearman,29,0.000985221674876847,-0.014778325123152707
112,generic,surrogate_spearman,3,-1.0,-1.0
112,informed,pren_spearman,29,0.014778325123152707,0.009852216748768471
112,generic,fake_pren_spearman,3,1.0,1.0
113,all,surrogate_spearman,32,0.032991202346041054,0.01612903225806452
113,all,surrogate_mae,32,-0.19868035190615835,-0.12903225806451615
113,all,surrogate_rmse,32,-0.1389296187683284,-0.10080645161290325
113,informed,surrogate_spearman,26,-0.01811965811965812,-0.015384615384615385
113,generic,surrogate_spearman,6,0.6,0.4666666666666666
113,informed,pren_spearman,26,-0.022905982905982905,-0.009230769230769232
113,generic,fake_pren_spearman,6,0.2571428571428572,0.2
114,all,surrogate_spearman,32,-0.01063049853372434,0.0
114,all,surrogate_mae,32,-0.08027859237536657,-0.060483870967741944
114,all,surrogate_rmse,32,-0.08394428152492668,-0.05645161290322581
114,informed,surrogate_spearman,26,-0.07418803418803417,-0.046153846153846156
114,generic,surrogate_spearman,6,-0.3714285714285715,-0.3333333333333333
114,informed,pren_spearman,26,-0.3606837606837607,-0.23692307692307696
114,generic,fake_pren_spearman,6,-0.2571428571428572,-0.06666666666666665
115,all,surrogate_spearman,32,0.10813782991202345,0.07258064516129033
115,all,surrogate_mae,32,-0.345307917888563,-0.20967741935483875
115,all,surrogate_rmse,32,-0.25329912023460405,-0.1653225806451613
115,informed,surrogate_spearman,25,0.01769230769230769,0.02666666666666666
115,generic,surrogate_spearman,7,0.21428571428571433,0.14285714285714288
115,informed,pren_spearman,25,-0.12384615384615384,-0.08666666666666664
115,generic,fake_pren_spearman,7,0.642857142857143,0.4285714285714286
116,all,surrogate_spearman,32,0.25769794721407624,0.1895161290322581
116,all,surrogate_mae,32,-0.25476539589442815,-0.1733870967741936
116,all,surrogate_rmse,32,-0.2313049853372434,-0.16935483870967744
116,informed,surrogate_spearman,26,0.12,0.09538461538461539
116,generic,surrogate_spearman,6,0.8285714285714287,0.7333333333333333
116,informed,pren_spearman,26,0.3408547008547009,0.23692307692307696
116,generic,fake_pren_spearman,6,0.2571428571428572,0.2
117,all,surrogate_spearman,32,0.0018328445747800585,0.0
117,all,surrogate_mae,32,-0.03665689149560117,-0.03225806451612904
117,all,surrogate_rmse,32,-0.08541055718475073,-0.060483870967741944
117,informed,surrogate_spearman,27,-0.12515262515262515,-0.08831908831908834
117,generic,surrogate_spearman,5,0.9999999999999999,0.9999999999999999
117,informed,pren_spearman,27,-0.0995115995115995,-0.08831908831908834
117,generic,fake_pren_spearman,5,-0.19999999999999998,-0.19999999999999998
118,all,surrogate_spearman,32,-0.01282991202346041,-0.00806451612903226
118,all,surrogate_mae,32,0.07001466275659823,0.028225806451612906
118,all,surrogate_rmse,32,0.03042521994134897,0.028225806451612906
118,informed,surrogate_spearman,27,-0.09218559218559218,-0.06552706552706554
118,generic,surrogate_spearman,5,-0.09999999999999999,0.0
118,informed,pren_spearman,27,-0.2625152625152625,-0.14529914529914534
118,generic,fake_pren_spearman,5,0.6,0.39999999999999997
119,all,surrogate_spearman,32,-0.07587976539589442,-0.060483870967741944
119,all,surrogate_mae,32,-0.056085043988269793,-0.048387096774193554
119,all,surrogate_rmse,32,0.02602639296187683,0.01612903225806452
119,informed,surrogate_spearman,27,-0.1349206349206349,-0.09401709401709403
119,generic,surrogate_spearman,5,-0.09999999999999999,0.0
119,informed,pren_spearman,27,-0.11660561660561661,-0.059829059829059845
119,generic,fake_pren_spearman,5,-0.49999999999999994,-0.39999999999999997
120,all,surrogate_spearman,32,0.18695014662756596,0.12500000000000003
120,all,surrogate_mae,32,-0.14699413489736068,-0.1088709677419355
120,all,surrogate_rmse,32,-0.18328445747800584,-0.10483870967741937
120,informed,surrogate_spearman,27,0.07448107448107448,0.048433048433048444
120,generic,surrogate_spearman,5,0.0,0.19999999999999998
120,informed,pren_spearman,27,0.24542124542124538,0.1566951566951567
120,generic,fake_pren_spearman,5,-0.19999999999999998,-0.19999999999999998
121,all,surrogate_spearman,32,0.056451612903225805,0.040322580645161296
121,all,surrogate_mae,32,-0.049486803519061574,-0.03225806451612904
121,all,surrogate_rmse,32,-0.0755131964809384,-0.048387096774193554
121,informed,surrogate_spearman,27,-0.03479853479853479,-0.025641025641025644
121,generic,surrogate_spearman,5,0.7,0.6
121,informed,pren_spearman,27,-0.09706959706959707,-0.06552706552706554
121,generic,fake_pren_spearman,5,0.7999999999999999,0.6
122,all,surrogate_spearman,32,0.2100439882697947,0.14516129032258066
122,all,surrogate_mae,32,-0.15212609970674487,-0.10080645161290325
122,all,surrogate_rmse,32,-0.1535923753665689,-0.10080645161290325
122,informed,surrogate_spearman,27,0.18986568986568983,0.13390313390313394
122,generic,surrogate_spearman,5,-0.09999999999999999,0.0
122,informed,pren_spearman,27,-0.2295482295482295,-0.14529914529914534
122,generic,fake_pren_spearman,5,0.19999999999999998,0.19999999999999998
123,all,surrogate_spearman,32,-0.10740469208211142,-0.07661290322580645
123,all,surrogate_mae,32,-0.0722140762463343,-0.048387096774193554
123,all,surrogate_rmse,32,0.05205278592375366,0.036290322580645164
123,informed,surrogate_spearman,28,-0.18500273672687464,-0.13756613756613756
123,generic,surrogate_spearman,4,1.0,1.0
123,informed,pren_spearman,28,0.14887794198139023,0.06878306878306878
123,generic,fake_pren_spearman,4,0.39999999999999997,0.3333333333333334
124,all,surrogate_spearman,32,-0.027126099706744865,-0.028225806451612906
124,all,surrogate_mae,32,0.028592375366568914,0.040322580645161296
124,all,surrogate_rmse,32,-0.001099706744868035,0.00806451612903226
124,informed,surrogate_spearman,25,-0.1323076923076923,-0.12666666666666662
124,generic,surrogate_spearman,7,-0.1785714285714286,-0.14285714285714288
124,informed,pren_spearman,25,-0.002307692307692308,0.0
124,generic,fake_pren_spearman,7,-0.3571428571428572,-0.23809523809523814
125,all,surrogate_spearman,32,0.3478739002932551,0.23790322580645165
125,all,surrogate_mae,32,-0.34970674486803516,-0.2338709677419355
125,all,surrogate_rmse,32,-0.30681818181818177,-0.20967741935483875
125,informed,surrogate_spearman,23,0.25296442687747034,0.16205533596837945
125,generic,surrogate_spearman,9,0.45,0.3888888888888889
125,informed,pren_spearman,23,0.2114624505928854,0.14624505928853754
125,generic,fake_pren_spearman,9,0.45,0.3333333333333333
126,all,surrogate_spearman,32,0.002565982404692082,0.00806451612903226
126,all,surrogate_mae,32,-0.14332844574780057,-0.09677419354838711
126,all,surrogate_rmse,32,-0.15139296187683285,-0.10080645161290325
126,informed,surrogate_spearman,25,0.06999999999999999,0.05333333333333332
126,generic,surrogate_spearman,7,0.25,0.23809523809523814
126,informed,pren_spearman,25,0.005384615384615384,-0.006666666666666665
126,generic,fake_pren_spearman,7,-0.3214285714285715,-0.23809523809523814
127,all,surrogate_spearman,32,-0.07294721407624633,-0.07258064516129033
127,all,surrogate_mae,32,0.1345307917888563,0.09274193548387098
127,all,surrogate_rmse,32,0.09054252199413489,0.0685483870967742
127,informed,surrogate_spearman,27,-0.0811965811965812,-0.059829059829059845
127,generic,surrogate_spearman,5,-0.9999999999999999,-0.9999999999999999
127,informed,pren_spearman,27,-0.2875457875457875,-0.21937321937321938
127,generic,fake_pren_spearman,5,-0.3,-0.19999999999999998
128,all,surrogate_spearman,32,-0.12536656891495598,-0.11693548387096775
128,all,surrogate_mae,32,0.06341642228739001,0.10080645161290325
128,all,surrogate_rmse,32,0.09200879765395893,0.11290322580645162
128,informed,surrogate_spearman,25,-0.39307692307692305,-0.2866666666666666
128,generic,surrogate_spearman,7,0.39285714285714296,0.4285714285714286
128,informed,pren_spearman,25,0.07923076923076922,0.07333333333333332
128,generic,fake_pren_spearman,7,0.42857142857142866,0.33333333333333337
129,all,surrogate_spearman,32,-0.0689149560117302,-0.040322580645161296
129,all,surrogate_mae,32,-0.07294721407624633,-0.0685483870967742
129,all,surrogate_rmse,32,-0.08394428152492668,-0.08064516129032259
129,informed,surrogate_spearman,24,-0.11913043478260868,-0.07246376811594202
129,generic,surrogate_spearman,8,-0.07142857142857144,-0.07142857142857142
129,informed,pren_spearman,24,-0.3069565217391304,-0.20289855072463767
129,generic,fake_pren_spearman,8,0.5476190476190477,0.3571428571428571
130,all,surrogate_spearman,32,0.19244868035190613,0.12500000000000003
130,all,surrogate_mae,32,-0.19244868035190613,-0.12903225806451615
130,all,surrogate_rmse,32,-0.1473607038123167,-0.10483870967741937
130,informed,surrogate_spearman,26,0.0441025641025641,0.04
130,generic,surrogate_spearman,6,0.8285714285714287,0.7333333333333333
130,informed,pren_spearman,26,-0.1282051282051282,-0.05846153846153847
130,generic,fake_pren_spearman,6,0.942857142857143,0.8666666666666666
131,all,surrogate_spearman,32,0.06048387096774193,0.040322580645161296
131,all,surrogate_mae,32,-0.34640762463343105,-0.22580645161290325
131,all,surrogate_rmse,32,-0.21187683284457476,-0.14516129032258066
131,informed,surrogate_spearman,30,-0.03136818687430478,-0.006896551724137931
131,generic,surrogate_spearman,2,,
131,informed,pren_spearman,30,0.07541713014460512,0.05287356321839081
131,generic,fake_pren_spearman,2,,
132,all,surrogate_spearman,32,-0.04655425219941349,-0.01612903225806452
132,all,surrogate_mae,32,0.04252199413489736,0.020161290322580648
132,all,surrogate_rmse,32,0.0656158357771261,0.048387096774193554
132,informed,surrogate_spearman,28,-0.16037219485495346,-0.08465608465608465
132,generic,surrogate_spearman,4,0.7999999999999999,0.6666666666666669
132,informed,pren_spearman,28,-0.09742747673782157,-0.07936507936507936
132,generic,fake_pren_spearman,4,0.7999999999999999,0.6666666666666669
133,all,surrogate_spearman,32,-0.09054252199413489,-0.052419354838709686
133,all,surrogate_mae,32,0.05865102639296187,0.05645161290322581
133,all,surrogate_rmse,32,0.00879765395894428,0.00806451612903226
133,informed,surrogate_spearman,27,-0.07875457875457875,-0.03703703703703704
133,generic,surrogate_spearman,5,-0.09999999999999999,0.0
133,informed,pren_spearman,27,-0.04700854700854701,-0.048433048433048444
133,generic,fake_pren_spearman,5,0.6,0.39999999999999997
134,all,surrogate_spearman,32,-0.1000733137829912,-0.060483870967741944
134,all,surrogate_mae,32,-0.029692082111436948,-0.020161290322580648
134,all,surrogate_rmse,32,-0.014296187683284457,0.0
134,informed,surrogate_spearman,24,-0.02260869565217391,0.007246376811594203
134,generic,surrogate_spearman,8,-0.09523809523809526,-0.07142857142857142
134,informed,pren_spearman,24,-0.03043478260869565,-0.021739130434782608
134,generic,fake_pren_spearman,8,0.023809523809523815,0.0
135,all,surrogate_spearman,32,0.022727272727272724,-0.00806451612903226
135,all,surrogate_mae,32,-0.22287390029325513,-0.14112903225806453
135,all,surrogate_rmse,32,-0.0377565982404692,-0.00403225806451613
135,informed,surrogate_spearman,25,-0.003076923076923077,-0.02666666666666666
135,generic,surrogate_spearman,7,-0.28571428571428575,-0.04761904761904762
135,informed,pren_spearman,25,-0.6153846153846153,-0.4133333333333333
135,generic,fake_pren_spearman,7,-0.03571428571428572,0.04761904761904762
136,all,surrogate_spearman,32,-0.06524926686217009,-0.052419354838709686
136,all,surrogate_mae,32,-0.04655425219941349,-0.028225806451612906
136,all,surrogate_rmse,32,-0.02126099706744868,-0.012096774193548388
136,informed,surrogate_spearman,25,-0.1453846153846154,-0.09999999999999998
136,generic,surrogate_spearman,7,-0.5357142857142858,-0.4285714285714286
136,informed,pren_spearman,25,-0.04769230769230769,-0.046666666666666655
136,generic,fake_pren_spearman,7,0.5714285714285715,0.4285714285714286
137,all,surrogate_spearman,32,0.022727272727272724,0.00403225806451613
137,all,surrogate_mae,32,-0.188049853372434,-0.1370967741935484
137,all,surrogate_rmse,32,-0.17521994134897356,-0.10483870967741937
137,informed,surrogate_spearman,27,0.08852258852258853,0.048433048433048444
137,generic,surrogate_spearman,5,-0.7999999999999999,-0.6
137,informed,pren_spearman,27,0.2118437118437118,0.13960113960113962
137,generic,fake_pren_spearman,5,-0.6,-0.39999999999999997
138,all,surrogate_spearman,32,0.26466275659824046,0.16935483870967744
138,all,surrogate_mae,32,-0.20124633431085046,-0.12096774193548389
138,all,surrogate_rmse,32,-0.23607038123167154,-0.1653225806451613
138,informed,surrogate_spearman,26,0.2239316239316239,0.14461538461538462
138,generic,surrogate_spearman,6,-0.08571428571428573,-0.2
138,informed,pren_spearman,26,0.13914529914529913,0.04
138,generic,fake_pren_spearman,6,0.2571428571428572,0.06666666666666665
139,all,surrogate_spearman,32,0.19941348973607034,0.12096774193548389
139,all,surrogate_mae,32,-0.14259530791788855,-0.10483870967741937
139,all,surrogate_rmse,32,-0.18878299120234604,-0.09677419354838711
139,informed,surrogate_spearman,26,0.2027350427350427,0.13846153846153847
139,generic,surrogate_spearman,6,0.2,0.06666666666666665
139,informed,pren_spearman,26,0.08923076923076922,0.05230769230769231
139,generic,fake_pren_spearman,6,0.3714285714285715,0.3333333333333333
140,all,surrogate_spearman,32,-0.04765395894428152,-0.01612903225806452
140,all,surrogate_mae,32,0.02382697947214076,0.028225806451612906
140,all,surrogate_rmse,32,0.044354838709677415,0.028225806451612906
140,informed,surrogate_spearman,27,-0.07997557997557997,-0.042735042735042736
140,generic,surrogate_spearman,5,0.19999999999999998,0.19999999999999998
140,informed,pren_spearman,27,-0.358974358974359,-0.2364672364672365
140,generic,fake_pren_spearman,5,0.7999999999999999,0.6
141,all,surrogate_spearman,32,0.12426686217008798,0.08870967741935486
141,all,surrogate_mae,32,-0.059384164222873896,-0.028225806451612906
141,all,surrogate_rmse,32,-0.05278592375366568,-0.028225806451612906
141,informed,surrogate_spearman,27,0.1562881562881563,0.11680911680911683
141,generic,surrogate_spearman,5,0.3,0.19999999999999998
141,informed,pren_spearman,27,0.11416361416361415,0.059829059829059845
141,generic,fake_pren_spearman,5,-0.39999999999999997,-0.39999999999999997
142,all,surrogate_spearman,32,-0.11620234604105568,-0.07258064516129033
142,all,surrogate_mae,32,0.15615835777126097,0.11693548387096775
142,all,surrogate_rmse,32,0.11033724340175952,0.08064516129032259
142,informed,surrogate_spearman,27,-0.1043956043956044,-0.07692307692307693
142,generic,surrogate_spearman,5,0.09999999999999999,0.0
142,informed,pren_spearman,27,-0.06227106227106227,-0.03133903133903134
142,generic,fake_pren_spearman,5,-0.7,-0.6
143,all,surrogate_spearman,32,0.33687683284457476,0.2338709677419355
143,all,surrogate_mae,32,-0.3779325513196481,-0.27822580645161293
143,all,surrogate_rmse,32,-0.4109237536656892,-0.2943548387096775
143,informed,surrogate_spearman,27,0.3321123321123321,0.2364672364672365
143,generic,surrogate_spearman,5,-0.09999999999999999,0.0
143,informed,pren_spearman,27,-0.07448107448107448,-0.025641025641025644
143,generic,fake_pren_spearman,5,-0.3,-0.19999999999999998
144,all,surrogate_spearman,32,-0.23607038123167154,-0.16129032258064518
144,all,surrogate_mae,32,0.035557184750733134,0.00806451612903226
144,all,surrogate_rmse,32,0.07368035190615835,0.05645161290322581
144,informed,surrogate_spearman,28,-0.26655719759168034,-0.18518518518518517
144,generic,surrogate_spearman,4,-0.7999999999999999,-0.6666666666666669
144,informed,pren_spearman,28,-0.18117131910235357,-0.12169312169312169
144,generic,fake_pren_spearman,4,-0.7999999999999999,-0.6666666666666669
145,all,surrogate_spearman,32,0.03482404692082111,0.00403225806451613
145,all,surrogate_mae,32,-0.14662756598240467,-0.10483870967741937
145,all,surrogate_rmse,32,-0.10593841642228738,-0.0685483870967742
145,informed,surrogate_spearman,25,-0.01769230769230769,-0.033333333333333326
145,generic,surrogate_spearman,7,-0.21428571428571433,-0.14285714285714288
145,informed,pren_spearman,25,-0.14384615384615382,-0.09999999999999998
145,generic,fake_pren_spearman,7,0.21428571428571433,0.14285714285714288
146,all,surrogate_spearman,32,-0.4215542521994134,-0.30241935483870974
146,all,surrogate_mae,32,0.14589442815249265,0.07661290322580645
146,all,surrogate_rmse,32,0.219574780058651,0.11693548387096775
146,informed,surrogate_spearman,25,-0.5061538461538462,-0.3533333333333333
146,generic,surrogate_spearman,7,-0.642857142857143,-0.5238095238095238
146,informed,pren_spearman,25,0.22615384615384618,0.16666666666666663
146,generic,fake_pren_spearman,7,0.07142857142857144,0.04761904761904762
147,all,surrogate_spearman,32,0.13929618768328444,0.08064516129032259
147,all,surrogate_mae,32,-0.09017595307917887,-0.060483870967741944
147,all,surrogate_rmse,32,-0.08944281524926685,-0.040322580645161296
147,informed,surrogate_spearman,25,0.2592307692307692,0.15999999999999995
147,generic,surrogate_spearman,7,0.28571428571428575,0.23809523809523814
147,informed,pren_spearman,25,-0.15307692307692308,-0.10666666666666665
147,generic,fake_pren_spearman,7,0.6071428571428572,0.4285714285714286
148,all,surrogate_spearman,32,0.4299853372434017,0.2701612903225807
148,all,surrogate_mae,32,-0.3808651026392961,-0.2338709677419355
148,all,surrogate_rmse,32,-0.44024926686217003,-0.2943548387096775
148,informed,surrogate_spearman,28,0.3382594417077176,0.21164021164021166
148,generic,surrogate_spearman,4,-0.39999999999999997,-0.3333333333333334
148,informed,pren_spearman,28,-0.10837438423645321,-0.06878306878306878
148,generic,fake_pren_spearman,4,-0.19999999999999998,0.0
149,all,surrogate_spearman,32,-0.24853372434017595,-0.16935483870967744
149,all,surrogate_mae,32,-0.032991202346041054,0.00403225806451613
149,all,surrogate_rmse,32,0.007697947214076245,0.048387096774193554
149,informed,surrogate_spearman,28,-0.3984674329501916,-0.2751322751322751
149,generic,surrogate_spearman,4,0.7999999999999999,0.6666666666666669
149,informed,pren_spearman,28,-0.10618500273672687,-0.07936507936507936
149,generic,fake_pren_spearman,4,0.0,0.0
150,all,surrogate_spearman,32,-0.043255131964809374,-0.036290322580645164
150,all,surrogate_mae,32,0.08101173020527859,0.060483870967741944
150,all,surrogate_rmse,32,0.21700879765395892,0.1653225806451613
150,informed,surrogate_spearman,24,0.1652173913043478,0.12318840579710144
150,generic,surrogate_spearman,8,-0.7619047619047621,-0.5714285714285714
150,informed,pren_spearman,24,-0.04347826086956521,0.0
150,generic,fake_pren_spearman,8,-0.3571428571428572,-0.2857142857142857
151,all,surrogate_spearman,32,-0.07404692082111436,-0.048387096774193554
151,all,surrogate_mae,32,0.08504398826979472,0.060483870967741944
151,all,surrogate_rmse,32,0.033357771260997066,0.01612903225806452
151,informed,surrogate_spearman,28,-0.24137931034482757,-0.1693121693121693
151,generic,surrogate_spearman,4,0.39999999999999997,0.3333333333333334
151,informed,pren_spearman,28,0.19376026272577995,0.1164021164021164
151,generic,fake_pren_spearman,4,0.39999999999999997,0.3333333333333334
152,all,surrogate_spearman,32,0.1601906158357771,0.12500000000000003
152,all,surrogate_mae,32,-0.16202346041055718,-0.14919354838709678
152,all,surrogate_rmse,32,-0.16715542521994134,-0.13306451612903228
152,informed,surrogate_spearman,24,-0.040869565217391296,-0.021739130434782608
152,generic,surrogate_spearman,8,0.8571428571428572,0.7857142857142856
152,informed,pren_spearman,24,-0.04608695652173912,-0.028985507246376812
152,generic,fake_pren_spearman,8,-0.38095238095238104,-0.2857142857142857
153,all,surrogate_spearman,32,0.1502932551319648,0.1088709677419355
153,all,surrogate_mae,32,-0.2595307917888563,-0.1532258064516129
153,all,surrogate_rmse,32,-0.21700879765395892,-0.12500000000000003
153,informed,surrogate_spearman,26,0.13299145299145299,0.1076923076923077
153,generic,surrogate_spearman,6,0.3142857142857143,0.2
153,informed,pren_spearman,26,0.0899145299145299,0.05846153846153847
153,generic,fake_pren_spearman,6,0.3714285714285715,0.3333333333333333
154,all,surrogate_spearman,32,0.02785923753665689,0.01612903225806452
154,all,surrogate_mae,32,0.0406891495601173,0.01612903225806452
154,all,surrogate_rmse,32,0.08980938416422286,0.05645161290322581
154,informed,surrogate_spearman,25,-0.006923076923076924,-0.01333333333333333
154,generic,surrogate_spearman,7,-0.642857142857143,-0.4285714285714286
154,informed,pren_spearman,25,0.08538461538461539,0.03999999999999999
154,generic,fake_pren_spearman,7,-0.1785714285714286,-0.14285714285714288
155,all,surrogate_spearman,32,0.346041055718475,0.22580645161290325
155,all,surrogate_mae,32,-0.30681818181818177,-0.22177419354838715
155,all,surrogate_rmse,32,-0.3167155425219941,-0.21370967741935484
155,informed,surrogate_spearman,25,0.2892307692307692,0.19999999999999996
155,generic,surrogate_spearman,7,-0.21428571428571433,-0.14285714285714288
155,informed,pren_spearman,25,0.22615384615384618,0.1533333333333333
155,generic,fake_pren_spearman,7,0.8928571428571429,0.8095238095238096
156,all,surrogate_spearman,32,0.01099706744868035,0.0
156,all,surrogate_mae,32,-0.08651026392961875,-0.04435483870967743
156,all,surrogate_rmse,32,-0.04252199413489736,-0.03225806451612904
156,informed,surrogate_spearman,25,-0.023846153846153843,-0.006666666666666665
156,generic,surrogate_spearman,7,-0.6785714285714287,-0.5238095238095238
156,informed,pren_spearman,25,-0.0015384615384615385,0.006666666666666665
156,generic,fake_pren_spearman,7,0.07142857142857144,0.04761904761904762
157,all,surrogate_spearman,32,0.013563049853372432,0.012096774193548388
157,all,surrogate_mae,32,-0.11473607038123164,-0.040322580645161296
157,all,surrogate_rmse,32,-0.08651026392961875,-0.024193548387096777
157,informed,surrogate_spearman,26,-0.1952136752136752,-0.14461538461538462
157,generic,surrogate_spearman,6,0.6571428571428573,0.4666666666666666
157,informed,pren_spearman,26,0.07965811965811966,0.06461538461538462
157,generic,fake_pren_spearman,6,0.2,0.06666666666666665
158,all,surrogate_spearman,32,0.14259530791788855,0.10080645161290325
158,all,surrogate_mae,32,-0.2690615835777126,-0.17741935483870971
158,all,surrogate_rmse,32,-0.22690615835777125,-0.15725806451612906
158,informed,surrogate_spearman,25,0.1746153846153846,0.1333333333333333
158,generic,surrogate_spearman,7,0.0,0.04761904761904762
158,informed,pren_spearman,25,-0.24307692307692308,-0.15999999999999995
158,generic,fake_pren_spearman,7,-0.28571428571428575,-0.23809523809523814
159,all,surrogate_spearman,32,-0.063049853372434,-0.024193548387096777
159,all,surrogate_mae,32,0.14589442815249265,0.11693548387096775
159,all,surrogate_rmse,32,0.1312316715542522,0.07258064516129033
159,informed,surrogate_spearman,26,-0.05914529914529914,-0.015384615384615385
159,generic,surrogate_spearman,6,0.3714285714285715,0.2
159,informed,pren_spearman,26,0.16717948717948716,0.11384615384615385
159,generic,fake_pren_spearman,6,-0.2571428571428572,-0.2
160,all,surrogate_spearman,32,0.38563049853372433,0.2580645161290323
160,all,surrogate_mae,32,-0.4736070381231671,-0.3306451612903226
160,all,surrogate_rmse,32,-0.47140762463343105,-0.32258064516129037
160,informed,surrogate_spearman,26,0.42085470085470084,0.2923076923076923
160,generic,surrogate_spearman,6,-0.3714285714285715,-0.3333333333333333
160,informed,pren_spearman,26,-0.17606837606837608,-0.12000000000000001
160,generic,fake_pren_spearman,6,0.08571428571428573,0.06666666666666665
161,all,surrogate_spearman,32,0.17082111436950145,0.10483870967741937
161,all,surrogate_mae,32,-0.17008797653958943,-0.10080645161290325
161,all,surrogate_rmse,32,-0.2133431085043988,-0.12903225806451615
161,informed,surrogate_spearman,25,0.008461538461538461,-0.006666666666666665
161,generic,surrogate_spearman,7,0.7142857142857144,0.5238095238095238
161,informed,pren_spearman,25,-0.1992307692307692,-0.10666666666666665
161,generic,fake_pren_spearman,7,-0.10714285714285716,-0.14285714285714288
162,all,surrogate_spearman,32,0.24633431085043983,0.18145161290322584
162,all,surrogate_mae,32,-0.4127565982404692,-0.28225806451612906
162,all,surrogate_rmse,32,-0.3999266862170088,-0.2943548387096775
162,informed,surrogate_spearman,25,0.2069230769230769,0.16666666666666663
162,generic,surrogate_spearman,7,-0.39285714285714296,-0.4285714285714286
162,informed,pren_spearman,25,0.10692307692307691,0.09999999999999998
162,generic,fake_pren_spearman,7,0.6785714285714287,0.5238095238095238
163,all,surrogate_spearman,32,0.03995601173020528,0.020161290322580648
163,all,surrogate_mae,32,-0.13269794721407624,-0.09677419354838711
163,all,surrogate_rmse,32,-0.12756598240469205,-0.10483870967741937
163,informed,surrogate_spearman,25,-0.07076923076923076,-0.05999999999999999
163,generic,surrogate_spearman,7,0.3214285714285715,0.23809523809523814
163,informed,pren_spearman,25,0.12846153846153846,0.07333333333333332
163,generic,fake_pren_spearman,7,0.0,-0.04761904761904762
164,all,surrogate_spearman,32,-0.007697947214076245,-0.00806451612903226
164,all,surrogate_mae,32,0.04288856304985337,0.040322580645161296
164,all,surrogate_rmse,32,0.03702346041055718,0.00403225806451613
164,informed,surrogate_spearman,28,-0.0481663929939792,-0.037037037037037035
164,generic,surrogate_spearman,4,0.19999999999999998,0.0
164,informed,pren_spearman,28,-0.025177887246852767,-0.037037037037037035
164,generic,fake_pren_spearman,4,-0.7999999999999999,-0.6666666666666669
165,all,surrogate_spearman,32,-0.14369501466275658,-0.08467741935483872
165,all,surrogate_mae,32,0.03482404692082111,0.024193548387096777
165,all,surrogate_rmse,32,0.013563049853372432,0.01612903225806452
165,informed,surrogate_spearman,27,-0.1568986568986569,-0.08831908831908834
165,generic,surrogate_spearman,5,-0.19999999999999998,-0.19999999999999998
165,informed,pren_spearman,27,0.28266178266178266,0.21367521367521372
165,generic,fake_pren_spearman,5,-0.3,-0.19999999999999998
166,all,surrogate_spearman,32,0.25329912023460405,0.16935483870967744
166,all,surrogate_mae,32,-0.18914956011730205,-0.12903225806451615
166,all,surrogate_rmse,32,-0.2943548387096774,-0.2056451612903226
166,informed,surrogate_spearman,27,0.13797313797313798,0.08262108262108263
166,generic,surrogate_spearman,5,0.3,0.19999999999999998
166,informed,pren_spearman,27,-0.03601953601953601,-0.00854700854700855
166,generic,fake_pren_spearman,5,0.19999999999999998,0.19999999999999998
167,all,surrogate_spearman,32,-0.03225806451612903,-0.00806451612903226
167,all,surrogate_mae,32,0.003299120234604105,-0.024193548387096777
167,all,surrogate_rmse,32,-0.031524926686217,-0.028225806451612906
167,informed,surrogate_spearman,22,0.023150762281197064,0.021645021645021644
167,generic,surrogate_spearman,10,-0.3696969696969697,-0.19999999999999998
167,informed,pren_spearman,22,-0.17673630717108982,-0.12554112554112554
167,generic,fake_pren_spearman,10,-0.3939393939393939,-0.24444444444444444
168,all,surrogate_spearman,32,0.07368035190615835,0.04435483870967743
168,all,surrogate_mae,32,0.1315982404692082,0.07258064516129033
168,all,surrogate_rmse,32,0.2067448680351906,0.1370967741935484
168,informed,surrogate_spearman,26,0.07282051282051281,0.04
168,generic,surrogate_spearman,6,-0.4285714285714286,-0.3333333333333333
168,informed,pren_spearman,26,-0.005811965811965812,0.015384615384615385
168,generic,fake_pren_spearman,6,-0.5428571428571429,-0.4666666666666666
169,all,surrogate_spearman,32,0.08907624633431084,0.052419354838709686
169,all,surrogate_mae,32,-0.05278592375366568,-0.028225806451612906
169,all,surrogate_rmse,32,0.00843108504398827,0.0
169,informed,surrogate_spearman,25,0.09461538461538462,0.06666666666666665
169,generic,surrogate_spearman,7,-0.642857142857143,-0.5238095238095238
169,informed,pren_spearman,25,0.1623076923076923,0.10666666666666665
169,generic,fake_pren_spearman,7,-0.07142857142857144,-0.04761904761904762
170,all,surrogate_spearman,32,0.13819648093841638,0.09274193548387098
170,all,surrogate_mae,32,-0.1660557184750733,-0.12096774193548389
170,all,surrogate_rmse,32,-0.2027126099706745,-0.13306451612903228
170,informed,surrogate_spearman,24,-0.050434782608695654,-0.05072463768115942
170,generic,surrogate_spearman,8,0.4523809523809524,0.42857142857142855
170,informed,pren_spearman,24,0.08086956521739129,0.06521739130434782
170,generic,fake_pren_spearman,8,-0.38095238095238104,-0.2857142857142857
171,all,surrogate_spearman,32,0.01502932551319648,-0.00403225806451613
171,all,surrogate_mae,32,-0.004032258064516129,0.00403225806451613
171,all,surrogate_rmse,32,-0.04545454545454545,-0.012096774193548388
171,informed,surrogate_spearman,28,-0.03393541324575808,-0.026455026455026457
171,generic,surrogate_spearman,4,0.0,0.0
171,informed,pren_spearman,28,-0.3579638752052545,-0.20105820105820105
171,generic,fake_pren_spearman,4,-0.39999999999999997,-0.3333333333333334
172,all,surrogate_spearman,32,0.05278592375366568,0.03225806451612904
172,all,surrogate_mae,32,-0.05278592375366568,-0.04435483870967743
172,all,surrogate_rmse,32,-0.056451612903225805,-0.040322580645161296
172,informed,surrogate_spearman,27,-0.10500610500610501,-0.06552706552706554
172,generic,surrogate_spearman,5,0.6,0.39999999999999997
172,informed,pren_spearman,27,0.18864468864468864,0.10541310541310543
172,generic,fake_pren_spearman,5,0.19999999999999998,0.19999999999999998
173,all,surrogate_spearman,32,-0.06268328445747799,-0.05645161290322581
173,all,surrogate_mae,32,-0.01942815249266862,-0.00403225806451613
173,all,surrogate_rmse,32,0.044354838709677415,0.036290322580645164
173,informed,surrogate_spearman,26,0.002393162393162393,0.015384615384615385
173,generic,surrogate_spearman,6,-0.4285714285714286,-0.4666666666666666
173,informed,pren_spearman,26,0.0864957264957265,0.05846153846153847
173,generic,fake_pren_spearman,6,-0.2,-0.06666666666666665
174,all,surrogate_spearman,32,0.15175953079178883,0.09677419354838711
174,all,surrogate_mae,32,-0.15872434017595305,-0.11290322580645162
174,all,surrogate_rmse,32,-0.19354838709677416,-0.12903225806451615
174,informed,surrogate_spearman,27,-0.022588522588522588,-0.025641025641025644
174,generic,surrogate_spearman,5,0.3,0.19999999999999998
174,informed,pren_spearman,27,0.05616605616605617,0.06552706552706554
174,generic,fake_pren_spearman,5,-0.8999999999999998,-0.7999999999999999
175,all,surrogate_spearman,32,0.1821847507331378,0.11693548387096775
175,all,surrogate_mae,32,-0.22397360703812316,-0.1653225806451613
175,all,surrogate_rmse,32,-0.21480938416422285,-0.1653225806451613
175,informed,surrogate_spearman,28,0.09688013136288998,0.0582010582010582
175,generic,surrogate_spearman,4,0.7999999999999999,0.6666666666666669
175,informed,pren_spearman,28,-0.1434044882320744,-0.09523809523809523
175,generic,fake_pren_spearman,4,1.0,1.0
176,all,surrogate_spearman,32,-0.04875366568914955,-0.036290322580645164
176,all,surrogate_mae,32,-0.0007331378299120235,-0.020161290322580648
176,all,surrogate_rmse,32,-0.05058651026392961,-0.036290322580645164
176,informed,surrogate_spearman,26,-0.07555555555555556,-0.05846153846153847
176,generic,surrogate_spearman,6,-0.028571428571428574,0.06666666666666665
176,informed,pren_spearman,26,-0.1651282051282051,-0.12000000000000001
176,generic,fake_pren_spearman,6,-0.3142857142857143,-0.2
177,all,surrogate_spearman,32,0.15542521994134895,0.09274193548387098
177,all,surrogate_mae,32,-0.21884164222873898,-0.13306451612903228
177,all,surrogate_rmse,32,-0.20454545454545453,-0.13306451612903228
177,informed,surrogate_spearman,23,0.2005928853754941,0.14624505928853754
177,generic,surrogate_spearman,9,0.049999999999999996,-0.05555555555555555
177,informed,pren_spearman,23,0.21047430830039524,0.14624505928853754
177,generic,fake_pren_spearman,9,0.049999999999999996,0.05555555555555555
178,all,surrogate_spearman,32,0.17045454545454544,0.12903225806451615
178,all,surrogate_mae,32,-0.3416422287390029,-0.2459677419354839
178,all,surrogate_rmse,32,-0.2855571847507331,-0.217741935483871
178,informed,surrogate_spearman,23,0.4594861660079051,0.3280632411067194
178,generic,surrogate_spearman,9,-0.7166666666666667,-0.5
178,informed,pren_spearman,23,-0.001976284584980237,0.003952569169960474
178,generic,fake_pren_spearman,9,0.11666666666666665,0.1111111111111111
179,all,surrogate_spearman,32,0.3112170087976539,0.2056451612903226
179,all,surrogate_mae,32,-0.2448680351906158,-0.16935483870967744
179,all,surrogate_rmse,32,-0.23387096774193541,-0.17741935483870971
179,informed,surrogate_spearman,29,0.26945812807881764,0.18719211822660095
179,generic,surrogate_spearman,3,0.5,0.33333333333333337
179,informed,pren_spearman,29,-0.10985221674876844,-0.08866995073891623
179,generic,fake_pren_spearman,3,0.5,0.33333333333333337
180,all,surrogate_spearman,32,-0.12536656891495598,-0.08064516129032259
180,all,surrogate_mae,32,0.14882697947214074,0.12500000000000003
180,all,surrogate_rmse,32,0.15175953079178883,0.11693548387096775
180,informed,surrogate_spearman,29,-0.22118226600985216,-0.1280788177339901
180,generic,surrogate_spearman,3,1.0,1.0
180,informed,pren_spearman,29,-0.08078817733990146,-0.05418719211822659
180,generic,fake_pren_spearman,3,-1.0,-1.0
181,all,surrogate_spearman,32,0.1950146627565982,0.12096774193548389
181,all,surrogate_mae,32,-0.4127565982404692,-0.24193548387096778
181,all,surrogate_rmse,32,-0.30388563049853373,-0.19758064516129034
181,informed,surrogate_spearman,24,0.08956521739130434,0.05072463768115942
181,generic,surrogate_spearman,8,0.19047619047619052,0.14285714285714285
181,informed,pren_spearman,24,-0.248695652173913,-0.17391304347826086
181,generic,fake_pren_spearman,8,-0.2142857142857143,-0.14285714285714285
182,all,surrogate_spearman,32,0.08614369501466275,0.048387096774193554
182,all,surrogate_mae,32,0.059384164222873896,0.03225806451612904
182,all,surrogate_rmse,32,0.028958944281524925,0.028225806451612906
182,informed,surrogate_spearman,28,-0.007662835249042145,-0.021164021164021163
182,generic,surrogate_spearman,4,0.39999999999999997,0.3333333333333334
182,informed,pren_spearman,28,0.29337712096332785,0.19047619047619047
182,generic,fake_pren_spearman,4,0.0,0.0
183,all,surrogate_spearman,32,-0.03409090909090909,-0.036290322580645164
183,all,surrogate_mae,32,0.11986803519061583,0.09274193548387098
183,all,surrogate_rmse,32,0.08211143695014662,0.048387096774193554
183,informed,surrogate_spearman,25,0.013076923076923076,0.0
183,generic,surrogate_spearman,7,-0.5714285714285715,-0.33333333333333337
183,informed,pren_spearman,25,0.039999999999999994,0.05333333333333332
183,generic,fake_pren_spearman,7,0.8928571428571429,0.8095238095238096
184,all,surrogate_spearman,32,-0.15249266862170086,-0.10483870967741937
184,all,surrogate_mae,32,0.007697947214076245,-0.00403225806451613
184,all,surrogate_rmse,32,0.05131964809384164,0.048387096774193554
184,informed,surrogate_spearman,28,-0.18171866447728516,-0.1164021164021164
184,generic,surrogate_spearman,4,-0.39999999999999997,-0.3333333333333334
184,informed,pren_spearman,28,0.15325670498084293,0.10582010582010583
184,generic,fake_pren_spearman,4,0.6000000000000001,0.3333333333333334
185,all,surrogate_spearman,32,0.41129032258064513,0.26612903225806456
185,all,surrogate_mae,32,-0.4450146627565982,-0.2701612903225807
185,all,surrogate_rmse,32,-0.37976539589442815,-0.217741935483871
185,informed,surrogate_spearman,27,0.38583638583638585,0.264957264957265
185,generic,surrogate_spearman,5,-0.09999999999999999,0.0
185,informed,pren_spearman,27,-0.2796092796092796,-0.20227920227920232
185,generic,fake_pren_spearman,5,-0.09999999999999999,0.0
186,all,surrogate_spearman,32,0.0975073313782991,0.05645161290322581
186,all,surrogate_mae,32,-0.13599706744868034,-0.10483870967741937
186,all,surrogate_rmse,32,-0.07368035190615835,-0.04435483870967743
186,informed,surrogate_spearman,26,-0.0776068376068376,-0.05230769230769231
186,generic,surrogate_spearman,6,0.3714285714285715,0.3333333333333333
186,informed,pren_spearman,26,0.28136752136752136,0.20615384615384616
186,generic,fake_pren_spearman,6,-0.14285714285714288,-0.06666666666666665
187,all,surrogate_spearman,32,-0.1033724340175953,-0.0685483870967742
187,all,surrogate_mae,32,-0.017961876832844573,0.012096774193548388
187,all,surrogate_rmse,32,0.06195014662756597,0.05645161290322581
187,informed,surrogate_spearman,25,-0.026153846153846153,0.0
187,generic,surrogate_spearman,7,0.3214285714285715,0.14285714285714288
187,informed,pren_spearman,25,0.06923076923076923,0.06666666666666665
187,generic,fake_pren_spearman,7,0.10714285714285716,0.04761904761904762
188,all,surrogate_spearman,32,0.187316715542522,0.09274193548387098
188,all,surrogate_mae,32,-0.29802052785923755,-0.16129032258064518
188,all,surrogate_rmse,32,-0.2602639296187683,-0.1532258064516129
188,informed,surrogate_spearman,28,0.15325670498084293,0.08465608465608465
188,generic,surrogate_spearman,4,-0.39999999999999997,-0.3333333333333334
188,informed,pren_spearman,28,-0.09304871373836891,-0.08465608465608465
188,generic,fake_pren_spearman,4,0.7999999999999999,0.6666666666666669
189,all,surrogate_spearman,32,0.15175953079178883,0.10483870967741937
189,all,surrogate_mae,32,-0.2133431085043988,-0.14112903225806453
189,all,surrogate_rmse,32,-0.20417888563049855,-0.13306451612903228
189,informed,surrogate_spearman,25,0.06076923076923077,0.046666666666666655
189,generic,surrogate_spearman,7,0.3214285714285715,0.14285714285714288
189,informed,pren_spearman,25,-0.14307692307692307,-0.11999999999999998
189,generic,fake_pren_spearman,7,0.642857142857143,0.5238095238095238
190,all,surrogate_spearman,32,-0.00439882697947214,0.0
190,all,surrogate_mae,32,-0.12756598240469205,-0.08467741935483872
190,all,surrogate_rmse,32,-0.09860703812316715,-0.04435483870967743
190,informed,surrogate_spearman,26,0.016068376068376067,0.021538461538461538
190,generic,surrogate_spearman,6,-0.2,-0.06666666666666665
190,informed,pren_spearman,26,0.3531623931623932,0.2676923076923077
190,generic,fake_pren_spearman,6,0.7142857142857143,0.4666666666666666
191,all,surrogate_spearman,32,0.2855571847507331,0.17741935483870971
191,all,surrogate_mae,32,-0.13563049853372433,-0.09274193548387098
191,all,surrogate_rmse,32,-0.11840175953079178,-0.08870967741935486
191,informed,surrogate_spearman,26,0.17196581196581195,0.09538461538461539
191,generic,surrogate_spearman,6,0.7142857142857143,0.4666666666666666
191,informed,pren_spearman,26,-0.23965811965811962,-0.1630769230769231
191,generic,fake_pren_spearman,6,-0.6,-0.4666666666666666
192,all,surrogate_spearman,32,0.014296187683284457,0.028225806451612906
192,all,surrogate_mae,32,-0.049853372434017586,-0.020161290322580648
192,all,surrogate_rmse,32,-0.12023460410557184,-0.06451612903225808
192,informed,surrogate_spearman,25,0.041538461538461545,0.06666666666666665
192,generic,surrogate_spearman,7,0.21428571428571433,0.14285714285714288
192,informed,pren_spearman,25,-0.06461538461538462,-0.08666666666666664
192,generic,fake_pren_spearman,7,-0.28571428571428575,-0.23809523809523814
193,all,surrogate_spearman,32,0.23313782991202345,0.16935483870967744
193,all,surrogate_mae,32,-0.37976539589442815,-0.2540322580645162
193,all,surrogate_rmse,32,-0.345674486803519,-0.2298387096774194
193,informed,surrogate_spearman,25,0.20230769230769227,0.16666666666666663
193,generic,surrogate_spearman,7,-0.03571428571428572,-0.04761904761904762
193,informed,pren_spearman,25,-0.14615384615384616,-0.09333333333333331
193,generic,fake_pren_spearman,7,-0.4642857142857144,-0.23809523809523814
194,all,surrogate_spearman,32,0.3779325513196481,0.2540322580645162
194,all,surrogate_mae,32,-0.3698680351906158,-0.2741935483870968
194,all,surrogate_rmse,32,-0.45894428152492656,-0.3145161290322581
194,informed,surrogate_spearman,28,0.3541324575807335,0.24338624338624337
194,generic,surrogate_spearman,4,0.6000000000000001,0.3333333333333334
194,informed,pren_spearman,28,0.051450465243568694,0.021164021164021163
194,generic,fake_pren_spearman,4,0.39999999999999997,0.3333333333333334
195,all,surrogate_spearman,32,0.16348973607038123,0.10483870967741937
195,all,surrogate_mae,32,-0.16862170087976538,-0.10080645161290325
195,all,surrogate_rmse,32,-0.20234604105571843,-0.12500000000000003
195,informed,surrogate_spearman,27,0.2979242979242979,0.1737891737891738
195,generic,surrogate_spearman,5,-0.39999999999999997,-0.39999999999999997
195,informed,pren_spearman,27,-0.2258852258852259,-0.14529914529914534
195,generic,fake_pren_spearman,5,-0.6,-0.39999999999999997
196,all,surrogate_spearman,32,0.2379032258064516,0.14112903225806453
196,all,surrogate_mae,32,-0.26466275659824046,-0.14919354838709678
196,all,surrogate_rmse,32,-0.22910557184750727,-0.15725806451612906
196,informed,surrogate_spearman,26,0.18769230769230769,0.12615384615384617
196,generic,surrogate_spearman,6,-0.5428571428571429,-0.4666666666666666
196,informed,pren_spearman,26,-0.06393162393162392,-0.06461538461538462
196,generic,fake_pren_spearman,6,-0.2571428571428572,-0.2
197,all,surrogate_spearman,32,0.05975073313782991,0.03225806451612904
197,all,surrogate_mae,32,-0.10557184750733135,-0.036290322580645164
197,all,surrogate_rmse,32,0.024926686217008793,0.040322580645161296
197,informed,surrogate_spearman,29,-0.0625615763546798,-0.039408866995073885
197,generic,surrogate_spearman,3,-0.5,-0.33333333333333337
197,informed,pren_spearman,29,0.02758620689655172,0.009852216748768471
197,generic,fake_pren_spearman,3,1.0,1.0
198,all,surrogate_spearman,32,0.01686217008797654,0.01612903225806452
198,all,surrogate_mae,32,-0.020894428152492667,-0.00806451612903226
198,all,surrogate_rmse,32,-0.04582111436950146,-0.024193548387096777
198,informed,surrogate_spearman,29,0.01970443349753694,0.014778325123152707
198,generic,surrogate_spearman,3,-0.5,-0.33333333333333337
198,informed,pren_spearman,29,0.3541871921182265,0.22660098522167485
198,generic,fake_pren_spearman,3,-0.5,-0.33333333333333337
199,all,surrogate_spearman,32,0.1066715542521994,0.08467741935483872
199,all,surrogate_mae,32,-0.15835777126099704,-0.1088709677419355
199,all,surrogate_rmse,32,-0.1096041055718475,-0.0685483870967742
199,informed,surrogate_spearman,26,0.22529914529914527,0.1630769230769231
199,generic,surrogate_spearman,6,0.14285714285714288,0.2
199,informed,pren_spearman,26,0.30324786324786324,0.2430769230769231
199,generic,fake_pren_spearman,6,0.028571428571428574,0.06666666666666665
200,all,surrogate_spearman,32,-0.18108504398826977,-0.08870967741935486
200,all,surrogate_mae,32,0.08247800586510264,0.040322580645161296
200,all,surrogate_rmse,32,0.1726539589442815,0.12500000000000003
200,informed,surrogate_spearman,26,-0.26974358974358975,-0.16923076923076924
200,generic,surrogate_spearman,6,0.4285714285714286,0.4666666666666666
200,informed,pren_spearman,26,0.04205128205128204,0.033846153846153845
200,generic,fake_pren_spearman,6,0.6,0.4666666666666666
201,all,surrogate_spearman,32,-0.20747800586510262,-0.14516129032258066
201,all,surrogate_mae,32,0.11217008797653959,0.07661290322580645
201,all,surrogate_rmse,32,0.11876832844574779,0.09274193548387098
201,informed,surrogate_spearman,26,-0.08854700854700855,-0.04
201,generic,surrogate_spearman,6,-0.8857142857142858,-0.7333333333333333
201,informed,pren_spearman,26,0.09333333333333332,0.06461538461538462
201,generic,fake_pren_spearman,6,-0.2571428571428572,-0.2
202,all,surrogate_spearman,32,0.1730205278592375,0.10483870967741937
202,all,surrogate_mae,32,-0.0909090909090909,-0.08467741935483872
202,all,surrogate_rmse,32,-0.1228005865102639,-0.09677419354838711
202,informed,surrogate_spearman,25,-0.061538461538461535,-0.09333333333333331
202,generic,surrogate_spearman,7,0.7142857142857144,0.5238095238095238
202,informed,pren_spearman,25,-0.24769230769230768,-0.17999999999999997
202,generic,fake_pren_spearman,7,-0.3214285714285715,-0.23809523809523814
203,all,surrogate_spearman,32,0.26722873900293254,0.1733870967741936
203,all,surrogate_mae,32,-0.13526392961876832,-0.10080645161290325
203,all,surrogate_rmse,32,-0.18475073313782991,-0.12096774193548389
203,informed,surrogate_spearman,25,0.14692307692307693,0.09333333333333331
203,generic,surrogate_spearman,7,-0.5714285714285715,-0.4285714285714286
203,informed,pren_spearman,25,0.11307692307692309,0.046666666666666655
203,generic,fake_pren_spearman,7,-0.25,-0.14285714285714288
204,all,surrogate_spearman,32,0.28372434017595305,0.19758064516129034
204,all,surrogate_mae,32,-0.31011730205278587,-0.217741935483871
204,all,surrogate_rmse,32,-0.21737536656891493,-0.15725806451612906
204,informed,surrogate_spearman,25,0.32692307692307687,0.23999999999999996
204,generic,surrogate_spearman,7,-0.07142857142857144,-0.04761904761904762
204,informed,pren_spearman,25,0.48923076923076925,0.3399999999999999
204,generic,fake_pren_spearman,7,0.1785714285714286,0.23809523809523814
205,all,surrogate_spearman,32,-0.056085043988269793,-0.048387096774193554
205,all,surrogate_mae,32,-0.02419354838709677,-0.00806451612903226
205,all,surrogate_rmse,32,0.1066715542521994,0.07661290322580645
205,informed,surrogate_spearman,27,0.052503052503052504,0.025641025641025644
205,generic,surrogate_spearman,5,-0.8999999999999998,-0.7999999999999999
205,informed,pren_spearman,27,-0.10500610500610501,-0.09401709401709403
205,generic,fake_pren_spearman,5,0.09999999999999999,0.0
206,all,surrogate_spearman,32,-0.2701612903225806,-0.18145161290322584
206,all,surrogate_mae,32,0.10520527859237536,0.0685483870967742
206,all,surrogate_rmse,32,0.14809384164222872,0.10080645161290325
206,informed,surrogate_spearman,26,-0.22256410256410253,-0.14461538461538462
206,generic,surrogate_spearman,6,-0.942857142857143,-0.8666666666666666
206,informed,pren_spearman,26,-0.028376068376068375,-0.021538461538461538
206,generic,fake_pren_spearman,6,0.14285714285714288,0.2
207,all,surrogate_spearman,32,0.28372434017595305,0.1733870967741936
207,all,surrogate_mae,32,-0.08504398826979472,-0.01612903225806452
207,all,surrogate_rmse,32,-0.20747800586510262,-0.11693548387096775
207,informed,surrogate_spearman,29,0.196551724137931,0.12315270935960589
207,generic,surrogate_spearman,3,-0.5,-0.33333333333333337
207,informed,pren_spearman,29,0.24384236453201966,0.17241379310344823
207,generic,fake_pren_spearman,3,-0.5,-0.33333333333333337
208,all,surrogate_spearman,32,0.3731671554252199,0.2540322580645162
208,all,surrogate_mae,32,-0.4765395894428152,-0.3266129032258065
208,all,surrogate_rmse,32,-0.5014662756598239,-0.3306451612903226
208,informed,surrogate_spearman,26,0.3429059829059829,0.23692307692307696
208,generic,surrogate_spearman,6,0.48571428571428577,0.3333333333333333
208,informed,pren_spearman,26,-0.029059829059829054,-0.046153846153846156
208,generic,fake_pren_spearman,6,0.028571428571428574,0.06666666666666665
209,all,surrogate_spearman,32,-0.19904692082111436,-0.1370967741935484
209,all,surrogate_mae,32,0.10557184750733135,0.10080645161290325
209,all,surrogate_rmse,32,0.11033724340175952,0.07258064516129033
209,informed,surrogate_spearman,26,-0.3244444444444444,-0.2123076923076923
209,generic,surrogate_spearman,6,-0.2571428571428572,-0.2
209,informed,pren_spearman,26,0.04820512820512819,0.027692307692307693
209,generic,fake_pren_spearman,6,0.14285714285714288,0.06666666666666665
210,all,surrogate_spearman,32,-0.09640762463343108,-0.07258064516129033
210,all,surrogate_mae,32,0.17008797653958943,0.12096774193548389
210,all,surrogate_rmse,32,0.1228005865102639,0.1088709677419355
210,informed,surrogate_spearman,27,-0.1349206349206349,-0.09971509971509973
210,generic,surrogate_spearman,5,-0.3,-0.19999999999999998
210,informed,pren_spearman,27,0.16788766788766787,0.12250712250712252
210,generic,fake_pren_spearman,5,-0.8999999999999998,-0.7999999999999999
211,all,surrogate_spearman,32,0.07807917888563048,0.0685483870967742
211,all,surrogate_mae,32,-0.14222873900293254,-0.08467741935483872
211,all,surrogate_rmse,32,-0.10447214076246333,-0.0685483870967742
211,informed,surrogate_spearman,26,-0.01811965811965812,0.003076923076923077
211,generic,surrogate_spearman,6,0.08571428571428573,0.06666666666666665
211,informed,pren_spearman,26,0.14871794871794874,0.07076923076923078
211,generic,fake_pren_spearman,6,-0.14285714285714288,-0.06666666666666665
212,all,surrogate_spearman,32,0.2774926686217008,0.2016129032258065
212,all,surrogate_mae,32,-0.3731671554252199,-0.2338709677419355
212,all,surrogate_rmse,32,-0.24633431085043983,-0.1733870967741936
212,informed,surrogate_spearman,30,0.23692992213570632,0.17241379310344826
212,generic,surrogate_spearman,2,,
212,informed,pren_spearman,30,0.10834260289210233,0.06666666666666667
212,generic,fake_pren_spearman,2,,
213,all,surrogate_spearman,32,0.12023460410557184,0.07661290322580645
213,all,surrogate_mae,32,-0.1755865102639296,-0.12096774193548389
213,all,surrogate_rmse,32,-0.22030791788856302,-0.14112903225806453
213,informed,surrogate_spearman,23,0.03458498023715415,-0.003952569169960474
213,generic,surrogate_spearman,9,0.5,0.3888888888888889
213,informed,pren_spearman,23,0.06719367588932806,0.03557312252964427
213,generic,fake_pren_spearman,9,-0.8666666666666667,-0.6666666666666666
214,all,surrogate_spearman,32,0.0879765395894428,0.048387096774193554
214,all,surrogate_mae,32,0.003665689149560117,-0.00403225806451613
214,all,surrogate_rmse,32,-0.06085043988269794,-0.03225806451612904
214,informed,surrogate_spearman,27,-0.07264957264957266,-0.048433048433048444
214,generic,surrogate_spearman,5,0.19999999999999998,0.19999999999999998
214,informed,pren_spearman,27,0.12515262515262515,0.08262108262108263
214,generic,fake_pren_spearman,5,0.6,0.39999999999999997
215,all,surrogate_spearman,32,-0.28409090909090906,-0.19354838709677422
215,all,surrogate_mae,32,0.09127565982404691,0.060483870967741944
215,all,surrogate_rmse,32,0.14259530791788855,0.10080645161290325
215,informed,surrogate_spearman,25,-0.33461538461538465,-0.21999999999999997
215,generic,surrogate_spearman,7,-0.3571428571428572,-0.33333333333333337
215,informed,pren_spearman,25,0.1323076923076923,0.08666666666666664
215,generic,fake_pren_spearman,7,-0.9642857142857145,-0.9047619047619049
216,all,surrogate_spearman,32,0.049853372434017586,0.05645161290322581
216,all,surrogate_mae,32,-0.11656891495601172,-0.08064516129032259
216,all,surrogate_rmse,32,-0.07734604105571846,-0.0685483870967742
216,informed,surrogate_spearman,27,0.09645909645909646,0.07122507122507124
216,generic,surrogate_spearman,5,-0.7999999999999999,-0.6
216,informed,pren_spearman,27,-0.3315018315018315,-0.2364672364672365
216,generic,fake_pren_spearman,5,-0.49999999999999994,-0.39999999999999997
217,all,surrogate_spearman,32,0.27602639296187675,0.18145161290322584
217,all,surrogate_mae,32,-0.34237536656891493,-0.217741935483871
217,all,surrogate_rmse,32,-0.3636363636363636,-0.217741935483871
217,informed,surrogate_spearman,25,0.16307692307692304,0.11999999999999998
217,generic,surrogate_spearman,7,0.4642857142857144,0.33333333333333337
217,informed,pren_spearman,25,-0.024615384615384615,-0.006666666666666665
217,generic,fake_pren_spearman,7,-0.14285714285714288,-0.04761904761904762
218,all,surrogate_spearman,32,-0.022360703812316713,-0.024193548387096777
218,all,surrogate_mae,32,-0.2313049853372434,-0.14112903225806453
218,all,surrogate_rmse,32,-0.10227272727272727,-0.06451612903225808
218,informed,surrogate_spearman,26,0.042735042735042736,0.003076923076923077
218,generic,surrogate_spearman,6,-0.3714285714285715,-0.3333333333333333
218,informed,pren_spearman,26,-0.08170940170940172,-0.05230769230769231
218,generic,fake_pren_spearman,6,-0.4285714285714286,-0.4666666666666666
219,all,surrogate_spearman,32,0.10777126099706744,0.0685483870967742
219,all,surrogate_mae,32,-0.05351906158357771,-0.040322580645161296
219,all,surrogate_rmse,32,-0.03958944281524926,-0.03225806451612904
219,informed,surrogate_spearman,22,0.003952569169960475,0.004329004329004329
219,generic,surrogate_spearman,10,0.406060606060606,0.3333333333333333
219,informed,pren_spearman,22,0.05702992659514399,0.047619047619047616
219,generic,fake_pren_spearman,10,-0.06666666666666665,-0.06666666666666667
220,all,surrogate_spearman,32,0.2111436950146627,0.13306451612903228
220,all,surrogate_mae,32,-0.17448680351906154,-0.09677419354838711
220,all,surrogate_rmse,32,-0.24926686217008792,-0.15725806451612906
220,informed,surrogate_spearman,22,0.14963297571993225,0.12554112554112554
220,generic,surrogate_spearman,10,0.406060606060606,0.19999999999999998
220,informed,pren_spearman,22,0.06832298136645965,0.03896103896103896
220,generic,fake_pren_spearman,10,0.2121212121212121,0.1111111111111111
221,all,surrogate_spearman,32,0.22434017595307917,0.1532258064516129
221,all,surrogate_mae,32,-0.2320381231671554,-0.1532258064516129
221,all,surrogate_rmse,32,-0.2214076246334311,-0.15725806451612906
221,informed,surrogate_spearman,24,0.11043478260869564,0.07246376811594202
221,generic,surrogate_spearman,8,0.023809523809523815,0.0
221,informed,pren_spearman,24,-0.22347826086956518,-0.16666666666666669
221,generic,fake_pren_spearman,8,-0.09523809523809526,-0.07142857142857142
222,all,surrogate_spearman,32,0.20417888563049855,0.1653225806451613
222,all,surrogate_mae,32,-0.2994868035190616,-0.21370967741935484
222,all,surrogate_rmse,32,-0.3570381231671554,-0.2580645161290323
222,informed,surrogate_spearman,26,0.08307692307692308,0.08307692307692308
222,generic,surrogate_spearman,6,0.7714285714285715,0.6
222,informed,pren_spearman,26,0.10427350427350426,0.07076923076923078
222,generic,fake_pren_spearman,6,0.3714285714285715,0.2
223,all,surrogate_spearman,32,0.13196480938416422,0.07661290322580645
223,all,surrogate_mae,32,-0.4087243401759531,-0.26209677419354843
223,all,surrogate_rmse,32,-0.3947947214076246,-0.2459677419354839
223,informed,surrogate_spearman,27,-0.05738705738705738,-0.048433048433048444
223,generic,surrogate_spearman,5,0.7999999999999999,0.6
223,informed,pren_spearman,27,0.028083028083028084,0.03703703703703704
223,generic,fake_pren_spearman,5,-0.9999999999999999,-0.9999999999999999
224,all,surrogate_spearman,32,0.07917888563049852,0.07258064516129033
224,all,surrogate_mae,32,-0.063049853372434,-0.052419354838709686
224,all,surrogate_rmse,32,-0.011363636363636362,-0.00806451612903226
224,informed,surrogate_spearman,27,0.16056166056166057,0.13960113960113962
224,generic,surrogate_spearman,5,-0.3,-0.19999999999999998
224,informed,pren_spearman,27,0.0995115995115995,0.07122507122507124
224,generic,fake_pren_spearman,5,0.19999999999999998,0.19999999999999998
225,all,surrogate_spearman,32,-0.13269794721407624,-0.10483870967741937
225,all,surrogate_mae,32,-0.21151026392961875,-0.12500000000000003
225,all,surrogate_rmse,32,-0.15175953079178883,-0.07258064516129033
225,informed,surrogate_spearman,28,-0.1565407772304324,-0.11111111111111109
225,generic,surrogate_spearman,4,-0.19999999999999998,0.0
225,informed,pren_spearman,28,0.04707170224411604,0.042328042328042326
225,generic,fake_pren_spearman,4,-0.39999999999999997,-0.3333333333333334
226,all,surrogate_spearman,32,0.0656158357771261,0.040322580645161296
226,all,surrogate_mae,32,-0.1407624633431085,-0.10080645161290325
226,all,surrogate_rmse,32,-0.17375366568914952,-0.12903225806451615
226,informed,surrogate_spearman,25,0.06923076923076923,0.02666666666666666
226,generic,surrogate_spearman,7,-0.3214285714285715,-0.23809523809523814
226,informed,pren_spearman,25,0.2746153846153846,0.19999999999999996
226,generic,fake_pren_spearman,7,-0.07142857142857144,-0.04761904761904762
227,all,surrogate_spearman,32,-0.12170087976539588,-0.09677419354838711
227,all,surrogate_mae,32,0.014296187683284457,0.012096774193548388
227,all,surrogate_rmse,32,0.06268328445747799,0.04435483870967743
227,informed,surrogate_spearman,25,-0.18230769230769234,-0.12666666666666662
227,generic,surrogate_spearman,7,0.21428571428571433,0.14285714285714288
227,informed,pren_spearman,25,-0.052307692307692305,-0.046666666666666655
227,generic,fake_pren_spearman,7,0.07142857142857144,0.04761904761904762
228,all,surrogate_spearman,32,0.2489002932551319,0.18145161290322584
228,all,surrogate_mae,32,-0.252199413489736,-0.1733870967741936
228,all,surrogate_rmse,32,-0.3086510263929618,-0.22177419354838715
228,informed,surrogate_spearman,24,0.08695652173913042,0.043478260869565216
228,generic,surrogate_spearman,8,0.04761904761904763,0.0
228,informed,pren_spearman,24,-0.09913043478260869,-0.06521739130434782
228,generic,fake_pren_spearman,8,0.14285714285714288,0.21428571428571427
229,all,surrogate_spearman,32,0.11803519061583577,0.08064516129032259
229,all,surrogate_mae,32,-0.1228005865102639,-0.08467741935483872
229,all,surrogate_rmse,32,-0.0784457478005865,-0.052419354838709686
229,informed,surrogate_spearman,23,-0.06324110671936758,-0.05138339920948617
229,generic,surrogate_spearman,9,0.48333333333333334,0.3333333333333333
229,informed,pren_spearman,23,-0.04644268774703557,-0.03557312252964427
229,generic,fake_pren_spearman,9,0.3,0.2222222222222222
230,all,surrogate_spearman,32,0.1818181818181818,0.09274193548387098
230,all,surrogate_mae,32,-0.34677419354838707,-0.22580645161290325
230,all,surrogate_rmse,32,-0.2591642228739003,-0.17741935483870971
230,informed,surrogate_spearman,26,0.12068376068376069,0.05846153846153847
230,generic,surrogate_spearman,6,0.3142857142857143,0.3333333333333333
230,informed,pren_spearman,26,-0.027008547008547008,-0.009230769230769232
230,generic,fake_pren_spearman,6,0.3714285714285715,0.3333333333333333
231,all,surrogate_spearman,32,0.18914956011730205,0.1088709677419355
231,all,surrogate_mae,32,-0.3167155425219941,-0.2056451612903226
231,all,surrogate_rmse,32,-0.282991202346041,-0.16129032258064518
231,informed,surrogate_spearman,28,0.055281882868089764,0.031746031746031744
231,generic,surrogate_spearman,4,0.19999999999999998,0.0
231,informed,pren_spearman,28,-0.1384783798576902,-0.08994708994708994
231,generic,fake_pren_spearman,4,0.39999999999999997,0.3333333333333334
232,all,surrogate_spearman,32,-0.03005865102639296,-0.028225806451612906
232,all,surrogate_mae,32,-0.018695014662756596,-0.024193548387096777
232,all,surrogate_rmse,32,0.01502932551319648,0.028225806451612906
232,informed,surrogate_spearman,26,-0.2512820512820513,-0.16923076923076924
232,generic,surrogate_spearman,6,0.2571428571428572,0.2
232,informed,pren_spearman,26,-0.1829059829059829,-0.1323076923076923
232,generic,fake_pren_spearman,6,-0.4285714285714286,-0.3333333333333333
233,all,surrogate_spearman,32,-0.22763929618768325,-0.16129032258064518
233,all,surrogate_mae,32,0.22104105571847504,0.15725806451612906
233,all,surrogate_rmse,32,0.17741935483870966,0.12096774193548389
233,informed,surrogate_spearman,26,-0.1152136752136752,-0.11384615384615385
233,generic,surrogate_spearman,6,-0.7142857142857143,-0.4666666666666666
233,informed,pren_spearman,26,-0.2656410256410256,-0.16923076923076924
233,generic,fake_pren_spearman,6,0.2571428571428572,0.2
234,all,surrogate_spearman,32,-0.10373900293255131,-0.08467741935483872
234,all,surrogate_mae,32,-0.10080645161290322,-0.0685483870967742
234,all,surrogate_rmse,32,-0.06414956011730204,-0.04435483870967743
234,informed,surrogate_spearman,23,-0.1689723320158103,-0.11462450592885376
234,generic,surrogate_spearman,9,-0.6333333333333333,-0.4444444444444444
234,informed,pren_spearman,23,-0.12549407114624506,-0.09090909090909091
234,generic,fake_pren_spearman,9,0.049999999999999996,0.05555555555555555
235,all,surrogate_spearman,32,0.0755131964809384,0.06451612903225808
235,all,surrogate_mae,32,-0.2129765395894428,-0.14112903225806453
235,all,surrogate_rmse,32,-0.17521994134897356,-0.11290322580645162
235,informed,surrogate_spearman,28,-0.03776683087027915,-0.015873015873015872
235,generic,surrogate_spearman,4,1.0,1.0
235,informed,pren_spearman,28,-0.05747126436781609,-0.031746031746031744
235,generic,fake_pren_spearman,4,-0.7999999999999999,-0.6666666666666669
236,all,surrogate_spearman,32,0.23277126099706744,0.14919354838709678
236,all,surrogate_mae,32,-0.20967741935483866,-0.12096774193548389
236,all,surrogate_rmse,32,-0.18475073313782991,-0.11693548387096775
236,informed,surrogate_spearman,26,0.21572649572649572,0.12615384615384617
236,generic,surrogate_spearman,6,-0.3142857142857143,-0.2
236,informed,pren_spearman,26,-0.033846153846153845,-0.033846153846153845
236,generic,fake_pren_spearman,6,0.2,0.06666666666666665
237,all,surrogate_spearman,32,-0.10300586510263929,-0.04435483870967743
237,all,surrogate_mae,32,-0.1946480938416422,-0.1370967741935484
237,all,surrogate_rmse,32,-0.08614369501466275,-0.0685483870967742
237,informed,surrogate_spearman,29,-0.08423645320197042,-0.02463054187192118
237,generic,surrogate_spearman,3,0.5,0.33333333333333337
237,informed,pren_spearman,29,-0.08916256157635466,-0.08374384236453201
237,generic,fake_pren_spearman,3,-1.0,-1.0
238,all,surrogate_spearman,32,-0.10447214076246333,-0.07661290322580645
238,all,surrogate_mae,32,0.022360703812316713,0.012096774193548388
238,all,surrogate_rmse,32,-0.007331378299120234,-0.00403225806451613
238,informed,surrogate_spearman,28,-0.23535851122058019,-0.1693121693121693
238,generic,surrogate_spearman,4,0.39999999999999997,0.3333333333333334
238,informed,pren_spearman,28,0.18500273672687464,0.11111111111111109
238,generic,fake_pren_spearman,4,0.39999999999999997,0.3333333333333334
239,all,surrogate_spearman,32,0.11290322580645161,0.07661290322580645
239,all,surrogate_mae,32,-0.1979472140762463,-0.11290322580645162
239,all,surrogate_rmse,32,-0.23717008797653957,-0.12903225806451615
239,informed,surrogate_spearman,28,0.13683634373289547,0.10052910052910052
239,generic,surrogate_spearman,4,0.7999999999999999,0.6666666666666669
239,informed,pren_spearman,28,0.18226600985221672,0.14285714285714285
239,generic,fake_pren_spearman,4,-0.7999999999999999,-0.6666666666666669
240,all,surrogate_spearman,32,0.12719941348973607,0.07661290322580645
240,all,surrogate_mae,32,0.02346041055718475,-0.028225806451612906
240,all,surrogate_rmse,32,-0.0469208211143695,-0.028225806451612906
240,informed,surrogate_spearman,23,-0.06521739130434782,-0.05138339920948617
240,generic,surrogate_spearman,9,0.7166666666666667,0.5555555555555556
240,informed,pren_spearman,23,-0.05138339920948617,-0.05928853754940712
240,generic,fake_pren_spearman,9,-0.2833333333333333,-0.16666666666666666
241,all,surrogate_spearman,32,-0.1821847507331378,-0.12903225806451615
241,all,surrogate_mae,32,0.056818181818181816,-0.00403225806451613
241,all,surrogate_rmse,32,0.10923753665689148,0.040322580645161296
241,informed,surrogate_spearman,28,-0.20634920634920634,-0.13227513227513227
241,generic,surrogate_spearman,4,-0.7999999999999999,-0.6666666666666669
241,informed,pren_spearman,28,0.16803503010399565,0.14285714285714285
241,generic,fake_pren_spearman,4,0.39999999999999997,0.3333333333333334
242,all,surrogate_spearman,32,-0.25,-0.12903225806451615
242,all,surrogate_mae,32,0.2562316715542522,0.16935483870967744
242,all,surrogate_rmse,32,0.23387096774193541,0.15725806451612906
242,informed,surrogate_spearman,25,-0.3038461538461538,-0.14666666666666664
242,generic,surrogate_spearman,7,-0.14285714285714288,-0.14285714285714288
242,informed,pren_spearman,25,-0.32846153846153847,-0.22666666666666663
242,generic,fake_pren_spearman,7,-0.6785714285714287,-0.5238095238095238
243,all,surrogate_spearman,32,-0.14589442815249265,-0.09677419354838711
243,all,surrogate_mae,32,0.052419354838709666,0.020161290322580648
243,all,surrogate_rmse,32,-0.00843108504398827,0.0
243,informed,surrogate_spearman,26,-0.14256410256410257,-0.08923076923076924
243,generic,surrogate_spearman,6,-0.2571428571428572,-0.2
243,informed,pren_spearman,26,0.02427350427350427,0.015384615384615385
243,generic,fake_pren_spearman,6,-0.028571428571428574,-0.06666666666666665
244,all,surrogate_spearman,32,0.3082844574780058,0.2016129032258065
244,all,surrogate_mae,32,-0.3669354838709677,-0.2459677419354839
244,all,surrogate_rmse,32,-0.32954545454545453,-0.21370967741935484
244,informed,surrogate_spearman,28,0.39518336070060206,0.2698412698412698
244,generic,surrogate_spearman,4,-1.0,-1.0
244,informed,pren_spearman,28,-0.25998905309250137,-0.1693121693121693
244,generic,fake_pren_spearman,4,-0.7999999999999999,-0.6666666666666669
245,all,surrogate_spearman,32,-0.17082111436950145,-0.14919354838709678
245,all,surrogate_mae,32,0.1788856304985337,0.14919354838709678
245,all,surrogate_rmse,32,0.1821847507331378,0.12096774193548389
245,informed,surrogate_spearman,24,-0.12347826086956522,-0.11594202898550725
245,generic,surrogate_spearman,8,-0.5714285714285715,-0.42857142857142855
245,informed,pren_spearman,24,-0.08521739130434783,-0.05072463768115942
245,generic,fake_pren_spearman,8,0.4523809523809524,0.3571428571428571
246,all,surrogate_spearman,32,0.27089442815249265,0.1733870967741936
246,all,surrogate_mae,32,-0.1719208211143695,-0.10080645161290325
246,all,surrogate_rmse,32,-0.26429618768328444,-0.1895161290322581
246,informed,surrogate_spearman,28,0.12479474548440067,0.08465608465608465
246,generic,surrogate_spearman,4,-0.39999999999999997,-0.3333333333333334
246,informed,pren_spearman,28,-0.31253420908593316,-0.20634920634920634
246,generic,fake_pren_spearman,4,-0.39999999999999997,-0.3333333333333334
247,all,surrogate_spearman,32,0.043621700879765385,0.03225806451612904
247,all,surrogate_mae,32,-0.08870967741935483,-0.06451612903225808
247,all,surrogate_rmse,32,-0.06011730205278592,-0.040322580645161296
247,informed,surrogate_spearman,26,-0.13777777777777778,-0.08307692307692308
247,generic,surrogate_spearman,6,0.6,0.4666666666666666
247,informed,pren_spearman,26,-0.43247863247863244,-0.316923076923077
247,generic,fake_pren_spearman,6,0.2571428571428572,0.2
248,all,surrogate_spearman,32,0.13416422287390029,0.09274193548387098
248,all,surrogate_mae,32,-0.13343108504398826,-0.10483870967741937
248,all,surrogate_rmse,32,-0.1099706744868035,-0.06451612903225808
248,informed,surrogate_spearman,28,-0.061850027367268745,-0.037037037037037035
248,generic,surrogate_spearman,4,0.7999999999999999,0.6666666666666669
248,informed,pren_spearman,28,0.22769567597153803,0.13756613756613756
248,generic,fake_pren_spearman,4,0.39999999999999997,0.3333333333333334
249,all,surrogate_spearman,32,-0.249633431085044,-0.16129032258064518
249,all,surrogate_mae,32,0.21444281524926684,0.13306451612903228
249,all,surrogate_rmse,32,0.3255131964809384,0.19758064516129034
249,informed,surrogate_spearman,24,-0.3026086956521739,-0.18840579710144928
249,generic,surrogate_spearman,8,0.5476190476190477,0.42857142857142855
249,informed,pren_spearman,24,0.13565217391304346,0.10144927536231883
249,generic,fake_pren_spearman,8,0.3333333333333334,0.14285714285714285
250,all,surrogate_spearman,32,0.1096041055718475,0.060483870967741944
250,all,surrogate_mae,32,-0.009164222873900292,0.020161290322580648
250,all,surrogate_rmse,32,0.02456011730205278,0.01612903225806452
250,informed,surrogate_spearman,25,0.16923076923076924,0.09333333333333331
250,generic,surrogate_spearman,7,-0.3571428571428572,-0.14285714285714288
250,informed,pren_spearman,25,0.03846153846153846,0.03999999999999999
250,generic,fake_pren_spearman,7,-0.5357142857142858,-0.23809523809523814
251,all,surrogate_spearman,32,-0.15652492668621698,-0.10080645161290325
251,all,surrogate_mae,32,-0.08907624633431084,-0.05645161290322581
251,all,surrogate_rmse,32,-0.03079178885630498,-0.024193548387096777
251,informed,surrogate_spearman,26,-0.07008547008547007,-0.04
251,generic,surrogate_spearman,6,-0.7714285714285715,-0.6
251,informed,pren_spearman,26,0.045470085470085464,0.015384615384615385
251,generic,fake_pren_spearman,6,-0.14285714285714288,-0.06666666666666665
252,all,surrogate_spearman,32,0.00439882697947214,0.01612903225806452
252,all,surrogate_mae,32,-0.03702346041055718,-0.03225806451612904
252,all,surrogate_rmse,32,-0.01979472140762463,-0.03225806451612904
252,informed,surrogate_spearman,28,-0.0990695128626163,-0.06349206349206349
252,generic,surrogate_spearman,4,0.7999999999999999,0.6666666666666669
252,informed,pren_spearman,28,-0.3371647509578544,-0.20634920634920634
252,generic,fake_pren_spearman,4,-0.39999999999999997,-0.3333333333333334
253,all,surrogate_spearman,32,-0.1722873900293255,-0.11290322580645162
253,all,surrogate_mae,32,0.10300586510263929,0.06451612903225808
253,all,surrogate_rmse,32,0.16202346041055718,0.1088709677419355
253,informed,surrogate_spearman,26,-0.0947008547008547,-0.05230769230769231
253,generic,surrogate_spearman,6,-0.3142857142857143,-0.3333333333333333
253,informed,pren_spearman,26,-0.2656410256410256,-0.18153846153846157
253,generic,fake_pren_spearman,6,-0.3142857142857143,-0.2
254,all,surrogate_spearman,32,0.28115835777126097,0.18548387096774197
254,all,surrogate_mae,32,-0.4186217008797653,-0.28225806451612906
254,all,surrogate_rmse,32,-0.3354105571847507,-0.22580645161290325
254,informed,surrogate_spearman,27,0.4377289377289378,0.2934472934472935
254,generic,surrogate_spearman,5,-0.8999999999999998,-0.7999999999999999
254,informed,pren_spearman,27,-0.409035409035409,-0.2820512820512821
254,generic,fake_pren_spearman,5,-0.3,-0.19999999999999998
255,all,surrogate_spearman,32,0.3321114369501466,0.21370967741935484
255,all,surrogate_mae,32,-0.45051319648093835,-0.2903225806451613
255,all,surrogate_rmse,32,-0.4171554252199413,-0.26612903225806456
255,informed,surrogate_spearman,24,0.25130434782608696,0.15217391304347824
255,generic,surrogate_spearman,8,-0.2142857142857143,-0.07142857142857142
255,informed,pren_spearman,24,0.3608695652173913,0.2391304347826087
255,generic,fake_pren_spearman,8,-0.11904761904761905,-0.07142857142857142
