sample_time,gpu_index,gpu_uuid,gpu_name,utilization_gpu,utilization_memory,memory_used_mb,memory_total_mb,power_draw_w,temperature_c,sm_clock_mhz
2026-04-22T12:38:53.446676+00:00,0,GPU-853f8ad0-e6b3-5214-d348-bbaabb71c68f,NVIDIA A100 80GB PCIe,0.0,0.0,1499.0,81920.0,77.29,46.0,1410.0
2026-04-22T12:38:53.446676+00:00,1,GPU-2320fa2a-bb18-82c2-141d-30c88e29c421,NVIDIA A100 80GB PCIe,0.0,0.0,0.0,81920.0,55.19,40.0,210.0
2026-04-22T12:38:53.446676+00:00,2,GPU-e2492382-f7a3-d9f9-022a-ee517a1856c0,NVIDIA A100 80GB PCIe,0.0,0.0,0.0,81920.0,60.5,43.0,210.0
2026-04-22T12:38:53.446676+00:00,3,GPU-031c91dd-0e29-1627-f144-ab7b1f2752ff,NVIDIA A100 80GB PCIe,0.0,0.0,0.0,81920.0,58.2,41.0,210.0
2026-04-22T12:38:55.582833+00:00,0,GPU-853f8ad0-e6b3-5214-d348-bbaabb71c68f,NVIDIA A100 80GB PCIe,0.0,0.0,1499.0,81920.0,77.37,46.0,1410.0
2026-04-22T12:38:55.582833+00:00,1,GPU-2320fa2a-bb18-82c2-141d-30c88e29c421,NVIDIA A100 80GB PCIe,0.0,0.0,0.0,81920.0,55.09,40.0,210.0
2026-04-22T12:38:55.582833+00:00,2,GPU-e2492382-f7a3-d9f9-022a-ee517a1856c0,NVIDIA A100 80GB PCIe,0.0,0.0,0.0,81920.0,60.5,43.0,210.0
2026-04-22T12:38:55.582833+00:00,3,GPU-031c91dd-0e29-1627-f144-ab7b1f2752ff,NVIDIA A100 80GB PCIe,0.0,0.0,0.0,81920.0,58.21,41.0,210.0
2026-04-22T12:38:57.720620+00:00,0,GPU-853f8ad0-e6b3-5214-d348-bbaabb71c68f,NVIDIA A100 80GB PCIe,0.0,0.0,1499.0,81920.0,77.29,46.0,1410.0
2026-04-22T12:38:57.720620+00:00,1,GPU-2320fa2a-bb18-82c2-141d-30c88e29c421,NVIDIA A100 80GB PCIe,0.0,0.0,0.0,81920.0,55.38,40.0,210.0
2026-04-22T12:38:57.720620+00:00,2,GPU-e2492382-f7a3-d9f9-022a-ee517a1856c0,NVIDIA A100 80GB PCIe,0.0,0.0,0.0,81920.0,60.5,43.0,210.0
2026-04-22T12:38:57.720620+00:00,3,GPU-031c91dd-0e29-1627-f144-ab7b1f2752ff,NVIDIA A100 80GB PCIe,0.0,0.0,0.0,81920.0,58.2,41.0,210.0
2026-04-22T12:38:59.849902+00:00,0,GPU-853f8ad0-e6b3-5214-d348-bbaabb71c68f,NVIDIA A100 80GB PCIe,0.0,0.0,1499.0,81920.0,77.47,46.0,1410.0
2026-04-22T12:38:59.849902+00:00,1,GPU-2320fa2a-bb18-82c2-141d-30c88e29c421,NVIDIA A100 80GB PCIe,0.0,0.0,0.0,81920.0,55.09,40.0,210.0
2026-04-22T12:38:59.849902+00:00,2,GPU-e2492382-f7a3-d9f9-022a-ee517a1856c0,NVIDIA A100 80GB PCIe,0.0,0.0,0.0,81920.0,60.6,43.0,210.0
2026-04-22T12:38:59.849902+00:00,3,GPU-031c91dd-0e29-1627-f144-ab7b1f2752ff,NVIDIA A100 80GB PCIe,0.0,0.0,0.0,81920.0,58.2,41.0,210.0
2026-04-22T12:39:01.977840+00:00,0,GPU-853f8ad0-e6b3-5214-d348-bbaabb71c68f,NVIDIA A100 80GB PCIe,0.0,0.0,1499.0,81920.0,77.48,46.0,1410.0
2026-04-22T12:39:01.977840+00:00,1,GPU-2320fa2a-bb18-82c2-141d-30c88e29c421,NVIDIA A100 80GB PCIe,0.0,0.0,0.0,81920.0,55.09,40.0,210.0
2026-04-22T12:39:01.977840+00:00,2,GPU-e2492382-f7a3-d9f9-022a-ee517a1856c0,NVIDIA A100 80GB PCIe,0.0,0.0,0.0,81920.0,60.6,43.0,210.0
2026-04-22T12:39:01.977840+00:00,3,GPU-031c91dd-0e29-1627-f144-ab7b1f2752ff,NVIDIA A100 80GB PCIe,0.0,0.0,0.0,81920.0,58.21,41.0,210.0
2026-04-22T12:39:04.106771+00:00,0,GPU-853f8ad0-e6b3-5214-d348-bbaabb71c68f,NVIDIA A100 80GB PCIe,0.0,0.0,1499.0,81920.0,77.46,46.0,1410.0
2026-04-22T12:39:04.106771+00:00,1,GPU-2320fa2a-bb18-82c2-141d-30c88e29c421,NVIDIA A100 80GB PCIe,0.0,0.0,0.0,81920.0,55.19,40.0,210.0
2026-04-22T12:39:04.106771+00:00,2,GPU-e2492382-f7a3-d9f9-022a-ee517a1856c0,NVIDIA A100 80GB PCIe,0.0,0.0,0.0,81920.0,60.5,43.0,210.0
2026-04-22T12:39:04.106771+00:00,3,GPU-031c91dd-0e29-1627-f144-ab7b1f2752ff,NVIDIA A100 80GB PCIe,0.0,0.0,0.0,81920.0,58.2,41.0,210.0
2026-04-22T12:39:06.242242+00:00,0,GPU-853f8ad0-e6b3-5214-d348-bbaabb71c68f,NVIDIA A100 80GB PCIe,0.0,0.0,1499.0,81920.0,77.85,47.0,1410.0
2026-04-22T12:39:06.242242+00:00,1,GPU-2320fa2a-bb18-82c2-141d-30c88e29c421,NVIDIA A100 80GB PCIe,0.0,0.0,0.0,81920.0,55.29,40.0,210.0
2026-04-22T12:39:06.242242+00:00,2,GPU-e2492382-f7a3-d9f9-022a-ee517a1856c0,NVIDIA A100 80GB PCIe,0.0,0.0,0.0,81920.0,60.6,43.0,210.0
2026-04-22T12:39:06.242242+00:00,3,GPU-031c91dd-0e29-1627-f144-ab7b1f2752ff,NVIDIA A100 80GB PCIe,0.0,0.0,0.0,81920.0,58.22,41.0,210.0
2026-04-22T12:39:08.378812+00:00,0,GPU-853f8ad0-e6b3-5214-d348-bbaabb71c68f,NVIDIA A100 80GB PCIe,0.0,0.0,1499.0,81920.0,77.46,47.0,1410.0
2026-04-22T12:39:08.378812+00:00,1,GPU-2320fa2a-bb18-82c2-141d-30c88e29c421,NVIDIA A100 80GB PCIe,0.0,0.0,0.0,81920.0,55.29,40.0,210.0
2026-04-22T12:39:08.378812+00:00,2,GPU-e2492382-f7a3-d9f9-022a-ee517a1856c0,NVIDIA A100 80GB PCIe,0.0,0.0,0.0,81920.0,60.6,43.0,210.0
2026-04-22T12:39:08.378812+00:00,3,GPU-031c91dd-0e29-1627-f144-ab7b1f2752ff,NVIDIA A100 80GB PCIe,0.0,0.0,0.0,81920.0,58.31,41.0,210.0
2026-04-22T12:39:10.508218+00:00,0,GPU-853f8ad0-e6b3-5214-d348-bbaabb71c68f,NVIDIA A100 80GB PCIe,0.0,0.0,1499.0,81920.0,77.68,47.0,1410.0
2026-04-22T12:39:10.508218+00:00,1,GPU-2320fa2a-bb18-82c2-141d-30c88e29c421,NVIDIA A100 80GB PCIe,0.0,0.0,0.0,81920.0,55.19,40.0,210.0
2026-04-22T12:39:10.508218+00:00,2,GPU-e2492382-f7a3-d9f9-022a-ee517a1856c0,NVIDIA A100 80GB PCIe,0.0,0.0,0.0,81920.0,60.6,43.0,210.0
2026-04-22T12:39:10.508218+00:00,3,GPU-031c91dd-0e29-1627-f144-ab7b1f2752ff,NVIDIA A100 80GB PCIe,0.0,0.0,0.0,81920.0,58.32,41.0,210.0
2026-04-22T12:39:12.638139+00:00,0,GPU-853f8ad0-e6b3-5214-d348-bbaabb71c68f,NVIDIA A100 80GB PCIe,0.0,0.0,1499.0,81920.0,77.68,47.0,1410.0
2026-04-22T12:39:12.638139+00:00,1,GPU-2320fa2a-bb18-82c2-141d-30c88e29c421,NVIDIA A100 80GB PCIe,0.0,0.0,0.0,81920.0,55.28,40.0,210.0
2026-04-22T12:39:12.638139+00:00,2,GPU-e2492382-f7a3-d9f9-022a-ee517a1856c0,NVIDIA A100 80GB PCIe,0.0,0.0,0.0,81920.0,60.7,43.0,210.0
2026-04-22T12:39:12.638139+00:00,3,GPU-031c91dd-0e29-1627-f144-ab7b1f2752ff,NVIDIA A100 80GB PCIe,0.0,0.0,0.0,81920.0,58.2,41.0,210.0
2026-04-22T12:39:14.782488+00:00,0,GPU-853f8ad0-e6b3-5214-d348-bbaabb71c68f,NVIDIA A100 80GB PCIe,94.0,48.0,29121.0,81920.0,313.8,54.0,1380.0
2026-04-22T12:39:14.782488+00:00,1,GPU-2320fa2a-bb18-82c2-141d-30c88e29c421,NVIDIA A100 80GB PCIe,0.0,0.0,0.0,81920.0,55.26,40.0,210.0
2026-04-22T12:39:14.782488+00:00,2,GPU-e2492382-f7a3-d9f9-022a-ee517a1856c0,NVIDIA A100 80GB PCIe,0.0,0.0,0.0,81920.0,60.56,43.0,210.0
2026-04-22T12:39:14.782488+00:00,3,GPU-031c91dd-0e29-1627-f144-ab7b1f2752ff,NVIDIA A100 80GB PCIe,0.0,0.0,0.0,81920.0,58.27,41.0,210.0
2026-04-22T12:39:16.925583+00:00,0,GPU-853f8ad0-e6b3-5214-d348-bbaabb71c68f,NVIDIA A100 80GB PCIe,92.0,45.0,30663.0,81920.0,264.08,55.0,1410.0
2026-04-22T12:39:16.925583+00:00,1,GPU-2320fa2a-bb18-82c2-141d-30c88e29c421,NVIDIA A100 80GB PCIe,0.0,0.0,0.0,81920.0,55.1,40.0,210.0
2026-04-22T12:39:16.925583+00:00,2,GPU-e2492382-f7a3-d9f9-022a-ee517a1856c0,NVIDIA A100 80GB PCIe,0.0,0.0,0.0,81920.0,60.57,43.0,210.0
2026-04-22T12:39:16.925583+00:00,3,GPU-031c91dd-0e29-1627-f144-ab7b1f2752ff,NVIDIA A100 80GB PCIe,0.0,0.0,0.0,81920.0,58.31,41.0,210.0
2026-04-22T12:39:19.067574+00:00,0,GPU-853f8ad0-e6b3-5214-d348-bbaabb71c68f,NVIDIA A100 80GB PCIe,95.0,52.0,30665.0,81920.0,312.44,56.0,1395.0
2026-04-22T12:39:19.067574+00:00,1,GPU-2320fa2a-bb18-82c2-141d-30c88e29c421,NVIDIA A100 80GB PCIe,0.0,0.0,0.0,81920.0,55.3,40.0,210.0
2026-04-22T12:39:19.067574+00:00,2,GPU-e2492382-f7a3-d9f9-022a-ee517a1856c0,NVIDIA A100 80GB PCIe,0.0,0.0,0.0,81920.0,60.67,43.0,210.0
2026-04-22T12:39:19.067574+00:00,3,GPU-031c91dd-0e29-1627-f144-ab7b1f2752ff,NVIDIA A100 80GB PCIe,0.0,0.0,0.0,81920.0,58.06,41.0,210.0
2026-04-22T12:39:21.198371+00:00,0,GPU-853f8ad0-e6b3-5214-d348-bbaabb71c68f,NVIDIA A100 80GB PCIe,92.0,49.0,35061.0,81920.0,319.09,57.0,1395.0
2026-04-22T12:39:21.198371+00:00,1,GPU-2320fa2a-bb18-82c2-141d-30c88e29c421,NVIDIA A100 80GB PCIe,0.0,0.0,0.0,81920.0,55.18,40.0,210.0
2026-04-22T12:39:21.198371+00:00,2,GPU-e2492382-f7a3-d9f9-022a-ee517a1856c0,NVIDIA A100 80GB PCIe,0.0,0.0,0.0,81920.0,60.57,43.0,210.0
2026-04-22T12:39:21.198371+00:00,3,GPU-031c91dd-0e29-1627-f144-ab7b1f2752ff,NVIDIA A100 80GB PCIe,0.0,0.0,0.0,81920.0,58.16,41.0,210.0
2026-04-22T12:39:23.341010+00:00,0,GPU-853f8ad0-e6b3-5214-d348-bbaabb71c68f,NVIDIA A100 80GB PCIe,92.0,50.0,35061.0,81920.0,224.46,58.0,1380.0
2026-04-22T12:39:23.341010+00:00,1,GPU-2320fa2a-bb18-82c2-141d-30c88e29c421,NVIDIA A100 80GB PCIe,0.0,0.0,0.0,81920.0,55.19,40.0,210.0
2026-04-22T12:39:23.341010+00:00,2,GPU-e2492382-f7a3-d9f9-022a-ee517a1856c0,NVIDIA A100 80GB PCIe,0.0,0.0,0.0,81920.0,60.59,43.0,210.0
2026-04-22T12:39:23.341010+00:00,3,GPU-031c91dd-0e29-1627-f144-ab7b1f2752ff,NVIDIA A100 80GB PCIe,0.0,0.0,0.0,81920.0,58.18,41.0,210.0
2026-04-22T12:39:25.483412+00:00,0,GPU-853f8ad0-e6b3-5214-d348-bbaabb71c68f,NVIDIA A100 80GB PCIe,87.0,36.0,35061.0,81920.0,230.76,58.0,1410.0
2026-04-22T12:39:25.483412+00:00,1,GPU-2320fa2a-bb18-82c2-141d-30c88e29c421,NVIDIA A100 80GB PCIe,0.0,0.0,0.0,81920.0,55.03,40.0,210.0
2026-04-22T12:39:25.483412+00:00,2,GPU-e2492382-f7a3-d9f9-022a-ee517a1856c0,NVIDIA A100 80GB PCIe,0.0,0.0,0.0,81920.0,60.66,43.0,210.0
2026-04-22T12:39:25.483412+00:00,3,GPU-031c91dd-0e29-1627-f144-ab7b1f2752ff,NVIDIA A100 80GB PCIe,0.0,0.0,0.0,81920.0,58.27,41.0,210.0
2026-04-22T12:39:27.630228+00:00,0,GPU-853f8ad0-e6b3-5214-d348-bbaabb71c68f,NVIDIA A100 80GB PCIe,95.0,53.0,36409.0,81920.0,294.11,60.0,1395.0
2026-04-22T12:39:27.630228+00:00,1,GPU-2320fa2a-bb18-82c2-141d-30c88e29c421,NVIDIA A100 80GB PCIe,0.0,0.0,0.0,81920.0,55.18,40.0,210.0
2026-04-22T12:39:27.630228+00:00,2,GPU-e2492382-f7a3-d9f9-022a-ee517a1856c0,NVIDIA A100 80GB PCIe,0.0,0.0,0.0,81920.0,60.47,43.0,210.0
2026-04-22T12:39:27.630228+00:00,3,GPU-031c91dd-0e29-1627-f144-ab7b1f2752ff,NVIDIA A100 80GB PCIe,0.0,0.0,0.0,81920.0,58.27,41.0,210.0
2026-04-22T12:39:29.770818+00:00,0,GPU-853f8ad0-e6b3-5214-d348-bbaabb71c68f,NVIDIA A100 80GB PCIe,92.0,46.0,36409.0,81920.0,212.36,60.0,1395.0
2026-04-22T12:39:29.770818+00:00,1,GPU-2320fa2a-bb18-82c2-141d-30c88e29c421,NVIDIA A100 80GB PCIe,0.0,0.0,0.0,81920.0,55.26,40.0,210.0
2026-04-22T12:39:29.770818+00:00,2,GPU-e2492382-f7a3-d9f9-022a-ee517a1856c0,NVIDIA A100 80GB PCIe,0.0,0.0,0.0,81920.0,60.48,43.0,210.0
2026-04-22T12:39:29.770818+00:00,3,GPU-031c91dd-0e29-1627-f144-ab7b1f2752ff,NVIDIA A100 80GB PCIe,0.0,0.0,0.0,81920.0,58.28,41.0,210.0
2026-04-22T12:39:31.910280+00:00,0,GPU-853f8ad0-e6b3-5214-d348-bbaabb71c68f,NVIDIA A100 80GB PCIe,94.0,49.0,36409.0,81920.0,311.14,61.0,1380.0
2026-04-22T12:39:31.910280+00:00,1,GPU-2320fa2a-bb18-82c2-141d-30c88e29c421,NVIDIA A100 80GB PCIe,0.0,0.0,0.0,81920.0,55.16,40.0,210.0
2026-04-22T12:39:31.910280+00:00,2,GPU-e2492382-f7a3-d9f9-022a-ee517a1856c0,NVIDIA A100 80GB PCIe,0.0,0.0,0.0,81920.0,60.47,43.0,210.0
2026-04-22T12:39:31.910280+00:00,3,GPU-031c91dd-0e29-1627-f144-ab7b1f2752ff,NVIDIA A100 80GB PCIe,0.0,0.0,0.0,81920.0,58.17,41.0,210.0
2026-04-22T12:39:34.055468+00:00,0,GPU-853f8ad0-e6b3-5214-d348-bbaabb71c68f,NVIDIA A100 80GB PCIe,92.0,45.0,36409.0,81920.0,320.32,62.0,1380.0
2026-04-22T12:39:34.055468+00:00,1,GPU-2320fa2a-bb18-82c2-141d-30c88e29c421,NVIDIA A100 80GB PCIe,0.0,0.0,0.0,81920.0,55.16,40.0,210.0
2026-04-22T12:39:34.055468+00:00,2,GPU-e2492382-f7a3-d9f9-022a-ee517a1856c0,NVIDIA A100 80GB PCIe,0.0,0.0,0.0,81920.0,60.48,43.0,210.0
2026-04-22T12:39:34.055468+00:00,3,GPU-031c91dd-0e29-1627-f144-ab7b1f2752ff,NVIDIA A100 80GB PCIe,0.0,0.0,0.0,81920.0,58.16,41.0,210.0
2026-04-22T12:39:36.206719+00:00,0,GPU-853f8ad0-e6b3-5214-d348-bbaabb71c68f,NVIDIA A100 80GB PCIe,92.0,47.0,36409.0,81920.0,299.5,63.0,1365.0
2026-04-22T12:39:36.206719+00:00,1,GPU-2320fa2a-bb18-82c2-141d-30c88e29c421,NVIDIA A100 80GB PCIe,0.0,0.0,0.0,81920.0,55.26,40.0,210.0
2026-04-22T12:39:36.206719+00:00,2,GPU-e2492382-f7a3-d9f9-022a-ee517a1856c0,NVIDIA A100 80GB PCIe,0.0,0.0,0.0,81920.0,60.47,43.0,210.0
2026-04-22T12:39:36.206719+00:00,3,GPU-031c91dd-0e29-1627-f144-ab7b1f2752ff,NVIDIA A100 80GB PCIe,0.0,0.0,0.0,81920.0,58.27,41.0,210.0
2026-04-22T12:39:38.347771+00:00,0,GPU-853f8ad0-e6b3-5214-d348-bbaabb71c68f,NVIDIA A100 80GB PCIe,89.0,3.0,1469.0,81920.0,85.32,57.0,1410.0
2026-04-22T12:39:38.347771+00:00,1,GPU-2320fa2a-bb18-82c2-141d-30c88e29c421,NVIDIA A100 80GB PCIe,0.0,0.0,0.0,81920.0,55.19,40.0,210.0
2026-04-22T12:39:38.347771+00:00,2,GPU-e2492382-f7a3-d9f9-022a-ee517a1856c0,NVIDIA A100 80GB PCIe,0.0,0.0,0.0,81920.0,60.4,43.0,210.0
2026-04-22T12:39:38.347771+00:00,3,GPU-031c91dd-0e29-1627-f144-ab7b1f2752ff,NVIDIA A100 80GB PCIe,0.0,0.0,0.0,81920.0,58.2,41.0,210.0
2026-04-22T12:39:40.477383+00:00,0,GPU-853f8ad0-e6b3-5214-d348-bbaabb71c68f,NVIDIA A100 80GB PCIe,0.0,0.0,1469.0,81920.0,84.64,57.0,1410.0
2026-04-22T12:39:40.477383+00:00,1,GPU-2320fa2a-bb18-82c2-141d-30c88e29c421,NVIDIA A100 80GB PCIe,0.0,0.0,0.0,81920.0,55.09,40.0,210.0
2026-04-22T12:39:40.477383+00:00,2,GPU-e2492382-f7a3-d9f9-022a-ee517a1856c0,NVIDIA A100 80GB PCIe,0.0,0.0,0.0,81920.0,60.5,43.0,210.0
2026-04-22T12:39:40.477383+00:00,3,GPU-031c91dd-0e29-1627-f144-ab7b1f2752ff,NVIDIA A100 80GB PCIe,0.0,0.0,0.0,81920.0,58.21,41.0,210.0
2026-04-22T12:39:42.614808+00:00,0,GPU-853f8ad0-e6b3-5214-d348-bbaabb71c68f,NVIDIA A100 80GB PCIe,0.0,0.0,1469.0,81920.0,84.05,56.0,1410.0
2026-04-22T12:39:42.614808+00:00,1,GPU-2320fa2a-bb18-82c2-141d-30c88e29c421,NVIDIA A100 80GB PCIe,0.0,0.0,0.0,81920.0,55.09,40.0,210.0
2026-04-22T12:39:42.614808+00:00,2,GPU-e2492382-f7a3-d9f9-022a-ee517a1856c0,NVIDIA A100 80GB PCIe,0.0,0.0,0.0,81920.0,60.31,43.0,210.0
2026-04-22T12:39:42.614808+00:00,3,GPU-031c91dd-0e29-1627-f144-ab7b1f2752ff,NVIDIA A100 80GB PCIe,0.0,0.0,0.0,81920.0,58.0,41.0,210.0
2026-04-22T12:39:44.751757+00:00,0,GPU-853f8ad0-e6b3-5214-d348-bbaabb71c68f,NVIDIA A100 80GB PCIe,0.0,0.0,1469.0,81920.0,83.85,56.0,1410.0
2026-04-22T12:39:44.751757+00:00,1,GPU-2320fa2a-bb18-82c2-141d-30c88e29c421,NVIDIA A100 80GB PCIe,0.0,0.0,0.0,81920.0,55.19,40.0,210.0
2026-04-22T12:39:44.751757+00:00,2,GPU-e2492382-f7a3-d9f9-022a-ee517a1856c0,NVIDIA A100 80GB PCIe,0.0,0.0,0.0,81920.0,60.4,43.0,210.0
2026-04-22T12:39:44.751757+00:00,3,GPU-031c91dd-0e29-1627-f144-ab7b1f2752ff,NVIDIA A100 80GB PCIe,0.0,0.0,0.0,81920.0,58.1,41.0,210.0
2026-04-22T12:39:46.880756+00:00,0,GPU-853f8ad0-e6b3-5214-d348-bbaabb71c68f,NVIDIA A100 80GB PCIe,0.0,0.0,1469.0,81920.0,83.56,56.0,1410.0
2026-04-22T12:39:46.880756+00:00,1,GPU-2320fa2a-bb18-82c2-141d-30c88e29c421,NVIDIA A100 80GB PCIe,0.0,0.0,0.0,81920.0,54.99,40.0,210.0
2026-04-22T12:39:46.880756+00:00,2,GPU-e2492382-f7a3-d9f9-022a-ee517a1856c0,NVIDIA A100 80GB PCIe,0.0,0.0,0.0,81920.0,60.4,43.0,210.0
2026-04-22T12:39:46.880756+00:00,3,GPU-031c91dd-0e29-1627-f144-ab7b1f2752ff,NVIDIA A100 80GB PCIe,0.0,0.0,0.0,81920.0,58.11,41.0,210.0
2026-04-22T12:39:49.005778+00:00,0,GPU-853f8ad0-e6b3-5214-d348-bbaabb71c68f,NVIDIA A100 80GB PCIe,0.0,0.0,1469.0,81920.0,83.75,55.0,1410.0
2026-04-22T12:39:49.005778+00:00,1,GPU-2320fa2a-bb18-82c2-141d-30c88e29c421,NVIDIA A100 80GB PCIe,0.0,0.0,0.0,81920.0,55.09,40.0,210.0
2026-04-22T12:39:49.005778+00:00,2,GPU-e2492382-f7a3-d9f9-022a-ee517a1856c0,NVIDIA A100 80GB PCIe,0.0,0.0,0.0,81920.0,60.31,43.0,210.0
2026-04-22T12:39:49.005778+00:00,3,GPU-031c91dd-0e29-1627-f144-ab7b1f2752ff,NVIDIA A100 80GB PCIe,0.0,0.0,0.0,81920.0,58.11,41.0,210.0
2026-04-22T12:39:51.144537+00:00,0,GPU-853f8ad0-e6b3-5214-d348-bbaabb71c68f,NVIDIA A100 80GB PCIe,0.0,0.0,1469.0,81920.0,83.56,55.0,1410.0
2026-04-22T12:39:51.144537+00:00,1,GPU-2320fa2a-bb18-82c2-141d-30c88e29c421,NVIDIA A100 80GB PCIe,0.0,0.0,0.0,81920.0,55.09,40.0,210.0
2026-04-22T12:39:51.144537+00:00,2,GPU-e2492382-f7a3-d9f9-022a-ee517a1856c0,NVIDIA A100 80GB PCIe,0.0,0.0,0.0,81920.0,60.4,43.0,210.0
2026-04-22T12:39:51.144537+00:00,3,GPU-031c91dd-0e29-1627-f144-ab7b1f2752ff,NVIDIA A100 80GB PCIe,0.0,0.0,0.0,81920.0,58.1,41.0,210.0
2026-04-22T12:39:53.268126+00:00,0,GPU-853f8ad0-e6b3-5214-d348-bbaabb71c68f,NVIDIA A100 80GB PCIe,0.0,0.0,1469.0,81920.0,83.56,55.0,1410.0
2026-04-22T12:39:53.268126+00:00,1,GPU-2320fa2a-bb18-82c2-141d-30c88e29c421,NVIDIA A100 80GB PCIe,0.0,0.0,0.0,81920.0,55.09,40.0,210.0
2026-04-22T12:39:53.268126+00:00,2,GPU-e2492382-f7a3-d9f9-022a-ee517a1856c0,NVIDIA A100 80GB PCIe,0.0,0.0,0.0,81920.0,60.31,43.0,210.0
2026-04-22T12:39:53.268126+00:00,3,GPU-031c91dd-0e29-1627-f144-ab7b1f2752ff,NVIDIA A100 80GB PCIe,0.0,0.0,0.0,81920.0,58.1,41.0,210.0
2026-04-22T12:39:55.395985+00:00,0,GPU-853f8ad0-e6b3-5214-d348-bbaabb71c68f,NVIDIA A100 80GB PCIe,0.0,0.0,1469.0,81920.0,83.46,55.0,1410.0
2026-04-22T12:39:55.395985+00:00,1,GPU-2320fa2a-bb18-82c2-141d-30c88e29c421,NVIDIA A100 80GB PCIe,0.0,0.0,0.0,81920.0,55.09,40.0,210.0
2026-04-22T12:39:55.395985+00:00,2,GPU-e2492382-f7a3-d9f9-022a-ee517a1856c0,NVIDIA A100 80GB PCIe,0.0,0.0,0.0,81920.0,60.31,43.0,210.0
2026-04-22T12:39:55.395985+00:00,3,GPU-031c91dd-0e29-1627-f144-ab7b1f2752ff,NVIDIA A100 80GB PCIe,0.0,0.0,0.0,81920.0,58.2,41.0,210.0
2026-04-22T12:39:57.530768+00:00,0,GPU-853f8ad0-e6b3-5214-d348-bbaabb71c68f,NVIDIA A100 80GB PCIe,0.0,0.0,1469.0,81920.0,83.27,55.0,1410.0
2026-04-22T12:39:57.530768+00:00,1,GPU-2320fa2a-bb18-82c2-141d-30c88e29c421,NVIDIA A100 80GB PCIe,0.0,0.0,0.0,81920.0,55.09,40.0,210.0
2026-04-22T12:39:57.530768+00:00,2,GPU-e2492382-f7a3-d9f9-022a-ee517a1856c0,NVIDIA A100 80GB PCIe,0.0,0.0,0.0,81920.0,60.4,43.0,210.0
2026-04-22T12:39:57.530768+00:00,3,GPU-031c91dd-0e29-1627-f144-ab7b1f2752ff,NVIDIA A100 80GB PCIe,0.0,0.0,0.0,81920.0,58.1,41.0,210.0
2026-04-22T12:39:59.666834+00:00,0,GPU-853f8ad0-e6b3-5214-d348-bbaabb71c68f,NVIDIA A100 80GB PCIe,0.0,0.0,1469.0,81920.0,83.07,55.0,1410.0
2026-04-22T12:39:59.666834+00:00,1,GPU-2320fa2a-bb18-82c2-141d-30c88e29c421,NVIDIA A100 80GB PCIe,0.0,0.0,0.0,81920.0,55.09,40.0,210.0
2026-04-22T12:39:59.666834+00:00,2,GPU-e2492382-f7a3-d9f9-022a-ee517a1856c0,NVIDIA A100 80GB PCIe,0.0,0.0,0.0,81920.0,60.31,43.0,210.0
2026-04-22T12:39:59.666834+00:00,3,GPU-031c91dd-0e29-1627-f144-ab7b1f2752ff,NVIDIA A100 80GB PCIe,0.0,0.0,0.0,81920.0,58.11,41.0,210.0
2026-04-22T12:40:01.792301+00:00,0,GPU-853f8ad0-e6b3-5214-d348-bbaabb71c68f,NVIDIA A100 80GB PCIe,0.0,0.0,1469.0,81920.0,83.36,55.0,1410.0
2026-04-22T12:40:01.792301+00:00,1,GPU-2320fa2a-bb18-82c2-141d-30c88e29c421,NVIDIA A100 80GB PCIe,0.0,0.0,0.0,81920.0,55.19,40.0,210.0
2026-04-22T12:40:01.792301+00:00,2,GPU-e2492382-f7a3-d9f9-022a-ee517a1856c0,NVIDIA A100 80GB PCIe,0.0,0.0,0.0,81920.0,60.4,43.0,210.0
2026-04-22T12:40:01.792301+00:00,3,GPU-031c91dd-0e29-1627-f144-ab7b1f2752ff,NVIDIA A100 80GB PCIe,0.0,0.0,0.0,81920.0,58.1,41.0,210.0
2026-04-22T12:40:03.918937+00:00,0,GPU-853f8ad0-e6b3-5214-d348-bbaabb71c68f,NVIDIA A100 80GB PCIe,0.0,0.0,1469.0,81920.0,83.07,54.0,1410.0
2026-04-22T12:40:03.918937+00:00,1,GPU-2320fa2a-bb18-82c2-141d-30c88e29c421,NVIDIA A100 80GB PCIe,0.0,0.0,0.0,81920.0,55.09,40.0,210.0
2026-04-22T12:40:03.918937+00:00,2,GPU-e2492382-f7a3-d9f9-022a-ee517a1856c0,NVIDIA A100 80GB PCIe,0.0,0.0,0.0,81920.0,60.4,43.0,210.0
2026-04-22T12:40:03.918937+00:00,3,GPU-031c91dd-0e29-1627-f144-ab7b1f2752ff,NVIDIA A100 80GB PCIe,0.0,0.0,0.0,81920.0,58.01,41.0,210.0
2026-04-22T12:40:06.047420+00:00,0,GPU-853f8ad0-e6b3-5214-d348-bbaabb71c68f,NVIDIA A100 80GB PCIe,0.0,0.0,1469.0,81920.0,82.96,54.0,1410.0
2026-04-22T12:40:06.047420+00:00,1,GPU-2320fa2a-bb18-82c2-141d-30c88e29c421,NVIDIA A100 80GB PCIe,0.0,0.0,0.0,81920.0,55.19,40.0,210.0
2026-04-22T12:40:06.047420+00:00,2,GPU-e2492382-f7a3-d9f9-022a-ee517a1856c0,NVIDIA A100 80GB PCIe,0.0,0.0,0.0,81920.0,60.4,43.0,210.0
2026-04-22T12:40:06.047420+00:00,3,GPU-031c91dd-0e29-1627-f144-ab7b1f2752ff,NVIDIA A100 80GB PCIe,0.0,0.0,0.0,81920.0,58.11,41.0,210.0
2026-04-22T12:40:08.183727+00:00,0,GPU-853f8ad0-e6b3-5214-d348-bbaabb71c68f,NVIDIA A100 80GB PCIe,0.0,0.0,1469.0,81920.0,83.07,54.0,1410.0
2026-04-22T12:40:08.183727+00:00,1,GPU-2320fa2a-bb18-82c2-141d-30c88e29c421,NVIDIA A100 80GB PCIe,0.0,0.0,0.0,81920.0,55.19,40.0,210.0
2026-04-22T12:40:08.183727+00:00,2,GPU-e2492382-f7a3-d9f9-022a-ee517a1856c0,NVIDIA A100 80GB PCIe,0.0,0.0,0.0,81920.0,60.31,43.0,210.0
2026-04-22T12:40:08.183727+00:00,3,GPU-031c91dd-0e29-1627-f144-ab7b1f2752ff,NVIDIA A100 80GB PCIe,0.0,0.0,0.0,81920.0,58.21,41.0,210.0
2026-04-22T12:40:10.322887+00:00,0,GPU-853f8ad0-e6b3-5214-d348-bbaabb71c68f,NVIDIA A100 80GB PCIe,0.0,0.0,1469.0,81920.0,82.77,54.0,1410.0
2026-04-22T12:40:10.322887+00:00,1,GPU-2320fa2a-bb18-82c2-141d-30c88e29c421,NVIDIA A100 80GB PCIe,0.0,0.0,0.0,81920.0,55.19,40.0,210.0
2026-04-22T12:40:10.322887+00:00,2,GPU-e2492382-f7a3-d9f9-022a-ee517a1856c0,NVIDIA A100 80GB PCIe,0.0,0.0,0.0,81920.0,60.4,43.0,210.0
2026-04-22T12:40:10.322887+00:00,3,GPU-031c91dd-0e29-1627-f144-ab7b1f2752ff,NVIDIA A100 80GB PCIe,0.0,0.0,0.0,81920.0,58.1,41.0,210.0
2026-04-22T12:40:12.449949+00:00,0,GPU-853f8ad0-e6b3-5214-d348-bbaabb71c68f,NVIDIA A100 80GB PCIe,0.0,0.0,1469.0,81920.0,82.77,54.0,1410.0
2026-04-22T12:40:12.449949+00:00,1,GPU-2320fa2a-bb18-82c2-141d-30c88e29c421,NVIDIA A100 80GB PCIe,0.0,0.0,0.0,81920.0,55.09,40.0,210.0
2026-04-22T12:40:12.449949+00:00,2,GPU-e2492382-f7a3-d9f9-022a-ee517a1856c0,NVIDIA A100 80GB PCIe,0.0,0.0,0.0,81920.0,60.4,43.0,210.0
2026-04-22T12:40:12.449949+00:00,3,GPU-031c91dd-0e29-1627-f144-ab7b1f2752ff,NVIDIA A100 80GB PCIe,0.0,0.0,0.0,81920.0,58.21,41.0,210.0
2026-04-22T12:40:14.579254+00:00,0,GPU-853f8ad0-e6b3-5214-d348-bbaabb71c68f,NVIDIA A100 80GB PCIe,0.0,0.0,1469.0,81920.0,82.77,54.0,1410.0
2026-04-22T12:40:14.579254+00:00,1,GPU-2320fa2a-bb18-82c2-141d-30c88e29c421,NVIDIA A100 80GB PCIe,0.0,0.0,0.0,81920.0,55.09,40.0,210.0
2026-04-22T12:40:14.579254+00:00,2,GPU-e2492382-f7a3-d9f9-022a-ee517a1856c0,NVIDIA A100 80GB PCIe,0.0,0.0,0.0,81920.0,60.4,43.0,210.0
2026-04-22T12:40:14.579254+00:00,3,GPU-031c91dd-0e29-1627-f144-ab7b1f2752ff,NVIDIA A100 80GB PCIe,0.0,0.0,0.0,81920.0,58.11,41.0,210.0
2026-04-22T12:40:16.705538+00:00,0,GPU-853f8ad0-e6b3-5214-d348-bbaabb71c68f,NVIDIA A100 80GB PCIe,0.0,0.0,1469.0,81920.0,82.67,54.0,1410.0
2026-04-22T12:40:16.705538+00:00,1,GPU-2320fa2a-bb18-82c2-141d-30c88e29c421,NVIDIA A100 80GB PCIe,0.0,0.0,0.0,81920.0,55.09,40.0,210.0
2026-04-22T12:40:16.705538+00:00,2,GPU-e2492382-f7a3-d9f9-022a-ee517a1856c0,NVIDIA A100 80GB PCIe,0.0,0.0,0.0,81920.0,60.4,43.0,210.0
2026-04-22T12:40:16.705538+00:00,3,GPU-031c91dd-0e29-1627-f144-ab7b1f2752ff,NVIDIA A100 80GB PCIe,0.0,0.0,0.0,81920.0,58.2,41.0,210.0
2026-04-22T12:40:18.843692+00:00,0,GPU-853f8ad0-e6b3-5214-d348-bbaabb71c68f,NVIDIA A100 80GB PCIe,0.0,0.0,1469.0,81920.0,82.77,54.0,1410.0
2026-04-22T12:40:18.843692+00:00,1,GPU-2320fa2a-bb18-82c2-141d-30c88e29c421,NVIDIA A100 80GB PCIe,0.0,0.0,0.0,81920.0,55.09,40.0,210.0
2026-04-22T12:40:18.843692+00:00,2,GPU-e2492382-f7a3-d9f9-022a-ee517a1856c0,NVIDIA A100 80GB PCIe,0.0,0.0,0.0,81920.0,60.4,43.0,210.0
2026-04-22T12:40:18.843692+00:00,3,GPU-031c91dd-0e29-1627-f144-ab7b1f2752ff,NVIDIA A100 80GB PCIe,0.0,0.0,0.0,81920.0,58.21,41.0,210.0
2026-04-22T12:40:20.978393+00:00,0,GPU-853f8ad0-e6b3-5214-d348-bbaabb71c68f,NVIDIA A100 80GB PCIe,0.0,0.0,1469.0,81920.0,82.67,54.0,1410.0
2026-04-22T12:40:20.978393+00:00,1,GPU-2320fa2a-bb18-82c2-141d-30c88e29c421,NVIDIA A100 80GB PCIe,0.0,0.0,0.0,81920.0,55.09,40.0,210.0
2026-04-22T12:40:20.978393+00:00,2,GPU-e2492382-f7a3-d9f9-022a-ee517a1856c0,NVIDIA A100 80GB PCIe,0.0,0.0,0.0,81920.0,60.5,43.0,210.0
2026-04-22T12:40:20.978393+00:00,3,GPU-031c91dd-0e29-1627-f144-ab7b1f2752ff,NVIDIA A100 80GB PCIe,0.0,0.0,0.0,81920.0,58.1,41.0,210.0
2026-04-22T12:40:23.117000+00:00,0,GPU-853f8ad0-e6b3-5214-d348-bbaabb71c68f,NVIDIA A100 80GB PCIe,0.0,0.0,1469.0,81920.0,82.57,53.0,1410.0
2026-04-22T12:40:23.117000+00:00,1,GPU-2320fa2a-bb18-82c2-141d-30c88e29c421,NVIDIA A100 80GB PCIe,0.0,0.0,0.0,81920.0,54.8,40.0,210.0
2026-04-22T12:40:23.117000+00:00,2,GPU-e2492382-f7a3-d9f9-022a-ee517a1856c0,NVIDIA A100 80GB PCIe,0.0,0.0,0.0,81920.0,60.5,43.0,210.0
2026-04-22T12:40:23.117000+00:00,3,GPU-031c91dd-0e29-1627-f144-ab7b1f2752ff,NVIDIA A100 80GB PCIe,0.0,0.0,0.0,81920.0,58.2,41.0,210.0
2026-04-22T12:40:25.242312+00:00,0,GPU-853f8ad0-e6b3-5214-d348-bbaabb71c68f,NVIDIA A100 80GB PCIe,0.0,0.0,1469.0,81920.0,82.47,53.0,1410.0
2026-04-22T12:40:25.242312+00:00,1,GPU-2320fa2a-bb18-82c2-141d-30c88e29c421,NVIDIA A100 80GB PCIe,0.0,0.0,0.0,81920.0,55.09,40.0,210.0
2026-04-22T12:40:25.242312+00:00,2,GPU-e2492382-f7a3-d9f9-022a-ee517a1856c0,NVIDIA A100 80GB PCIe,0.0,0.0,0.0,81920.0,60.4,43.0,210.0
2026-04-22T12:40:25.242312+00:00,3,GPU-031c91dd-0e29-1627-f144-ab7b1f2752ff,NVIDIA A100 80GB PCIe,0.0,0.0,0.0,81920.0,58.2,41.0,210.0
2026-04-22T12:40:27.372770+00:00,0,GPU-853f8ad0-e6b3-5214-d348-bbaabb71c68f,NVIDIA A100 80GB PCIe,0.0,0.0,1469.0,81920.0,82.47,53.0,1410.0
2026-04-22T12:40:27.372770+00:00,1,GPU-2320fa2a-bb18-82c2-141d-30c88e29c421,NVIDIA A100 80GB PCIe,0.0,0.0,0.0,81920.0,55.09,40.0,210.0
2026-04-22T12:40:27.372770+00:00,2,GPU-e2492382-f7a3-d9f9-022a-ee517a1856c0,NVIDIA A100 80GB PCIe,0.0,0.0,0.0,81920.0,60.5,43.0,210.0
2026-04-22T12:40:27.372770+00:00,3,GPU-031c91dd-0e29-1627-f144-ab7b1f2752ff,NVIDIA A100 80GB PCIe,0.0,0.0,0.0,81920.0,58.21,41.0,210.0
2026-04-22T12:40:29.515440+00:00,0,GPU-853f8ad0-e6b3-5214-d348-bbaabb71c68f,NVIDIA A100 80GB PCIe,0.0,0.0,1469.0,81920.0,82.57,53.0,1410.0
2026-04-22T12:40:29.515440+00:00,1,GPU-2320fa2a-bb18-82c2-141d-30c88e29c421,NVIDIA A100 80GB PCIe,0.0,0.0,0.0,81920.0,54.99,40.0,210.0
2026-04-22T12:40:29.515440+00:00,2,GPU-e2492382-f7a3-d9f9-022a-ee517a1856c0,NVIDIA A100 80GB PCIe,0.0,0.0,0.0,81920.0,60.5,43.0,210.0
2026-04-22T12:40:29.515440+00:00,3,GPU-031c91dd-0e29-1627-f144-ab7b1f2752ff,NVIDIA A100 80GB PCIe,0.0,0.0,0.0,81920.0,58.1,41.0,210.0
2026-04-22T12:40:31.651959+00:00,0,GPU-853f8ad0-e6b3-5214-d348-bbaabb71c68f,NVIDIA A100 80GB PCIe,0.0,0.0,1469.0,81920.0,82.47,53.0,1410.0
2026-04-22T12:40:31.651959+00:00,1,GPU-2320fa2a-bb18-82c2-141d-30c88e29c421,NVIDIA A100 80GB PCIe,0.0,0.0,0.0,81920.0,55.19,40.0,210.0
2026-04-22T12:40:31.651959+00:00,2,GPU-e2492382-f7a3-d9f9-022a-ee517a1856c0,NVIDIA A100 80GB PCIe,0.0,0.0,0.0,81920.0,60.5,43.0,210.0
2026-04-22T12:40:31.651959+00:00,3,GPU-031c91dd-0e29-1627-f144-ab7b1f2752ff,NVIDIA A100 80GB PCIe,0.0,0.0,0.0,81920.0,58.11,41.0,210.0
2026-04-22T12:40:33.789131+00:00,0,GPU-853f8ad0-e6b3-5214-d348-bbaabb71c68f,NVIDIA A100 80GB PCIe,0.0,0.0,1469.0,81920.0,82.28,53.0,1410.0
2026-04-22T12:40:33.789131+00:00,1,GPU-2320fa2a-bb18-82c2-141d-30c88e29c421,NVIDIA A100 80GB PCIe,0.0,0.0,0.0,81920.0,55.09,40.0,210.0
2026-04-22T12:40:33.789131+00:00,2,GPU-e2492382-f7a3-d9f9-022a-ee517a1856c0,NVIDIA A100 80GB PCIe,0.0,0.0,0.0,81920.0,60.4,43.0,210.0
2026-04-22T12:40:33.789131+00:00,3,GPU-031c91dd-0e29-1627-f144-ab7b1f2752ff,NVIDIA A100 80GB PCIe,0.0,0.0,0.0,81920.0,58.2,41.0,210.0
2026-04-22T12:40:35.916173+00:00,0,GPU-853f8ad0-e6b3-5214-d348-bbaabb71c68f,NVIDIA A100 80GB PCIe,0.0,0.0,1469.0,81920.0,82.47,53.0,1410.0
2026-04-22T12:40:35.916173+00:00,1,GPU-2320fa2a-bb18-82c2-141d-30c88e29c421,NVIDIA A100 80GB PCIe,0.0,0.0,0.0,81920.0,55.09,40.0,210.0
2026-04-22T12:40:35.916173+00:00,2,GPU-e2492382-f7a3-d9f9-022a-ee517a1856c0,NVIDIA A100 80GB PCIe,0.0,0.0,0.0,81920.0,60.4,43.0,210.0
2026-04-22T12:40:35.916173+00:00,3,GPU-031c91dd-0e29-1627-f144-ab7b1f2752ff,NVIDIA A100 80GB PCIe,0.0,0.0,0.0,81920.0,58.2,41.0,210.0
2026-04-22T12:40:38.052237+00:00,0,GPU-853f8ad0-e6b3-5214-d348-bbaabb71c68f,NVIDIA A100 80GB PCIe,0.0,0.0,1469.0,81920.0,82.08,53.0,1410.0
2026-04-22T12:40:38.052237+00:00,1,GPU-2320fa2a-bb18-82c2-141d-30c88e29c421,NVIDIA A100 80GB PCIe,0.0,0.0,0.0,81920.0,55.09,40.0,210.0
2026-04-22T12:40:38.052237+00:00,2,GPU-e2492382-f7a3-d9f9-022a-ee517a1856c0,NVIDIA A100 80GB PCIe,0.0,0.0,0.0,81920.0,60.4,43.0,210.0
2026-04-22T12:40:38.052237+00:00,3,GPU-031c91dd-0e29-1627-f144-ab7b1f2752ff,NVIDIA A100 80GB PCIe,0.0,0.0,0.0,81920.0,58.2,41.0,210.0
2026-04-22T12:40:40.189768+00:00,0,GPU-853f8ad0-e6b3-5214-d348-bbaabb71c68f,NVIDIA A100 80GB PCIe,0.0,0.0,1469.0,81920.0,81.57,53.0,1410.0
2026-04-22T12:40:40.189768+00:00,1,GPU-2320fa2a-bb18-82c2-141d-30c88e29c421,NVIDIA A100 80GB PCIe,0.0,0.0,0.0,81920.0,55.09,40.0,210.0
2026-04-22T12:40:40.189768+00:00,2,GPU-e2492382-f7a3-d9f9-022a-ee517a1856c0,NVIDIA A100 80GB PCIe,0.0,0.0,0.0,81920.0,60.4,43.0,210.0
2026-04-22T12:40:40.189768+00:00,3,GPU-031c91dd-0e29-1627-f144-ab7b1f2752ff,NVIDIA A100 80GB PCIe,0.0,0.0,0.0,81920.0,58.1,41.0,210.0
2026-04-22T12:40:42.326399+00:00,0,GPU-853f8ad0-e6b3-5214-d348-bbaabb71c68f,NVIDIA A100 80GB PCIe,0.0,0.0,1469.0,81920.0,81.57,53.0,1410.0
2026-04-22T12:40:42.326399+00:00,1,GPU-2320fa2a-bb18-82c2-141d-30c88e29c421,NVIDIA A100 80GB PCIe,0.0,0.0,0.0,81920.0,55.09,40.0,210.0
2026-04-22T12:40:42.326399+00:00,2,GPU-e2492382-f7a3-d9f9-022a-ee517a1856c0,NVIDIA A100 80GB PCIe,0.0,0.0,0.0,81920.0,60.4,43.0,210.0
2026-04-22T12:40:42.326399+00:00,3,GPU-031c91dd-0e29-1627-f144-ab7b1f2752ff,NVIDIA A100 80GB PCIe,0.0,0.0,0.0,81920.0,58.4,41.0,210.0
2026-04-22T12:40:44.465547+00:00,0,GPU-853f8ad0-e6b3-5214-d348-bbaabb71c68f,NVIDIA A100 80GB PCIe,0.0,0.0,1469.0,81920.0,81.57,53.0,1410.0
2026-04-22T12:40:44.465547+00:00,1,GPU-2320fa2a-bb18-82c2-141d-30c88e29c421,NVIDIA A100 80GB PCIe,0.0,0.0,0.0,81920.0,55.09,40.0,210.0
2026-04-22T12:40:44.465547+00:00,2,GPU-e2492382-f7a3-d9f9-022a-ee517a1856c0,NVIDIA A100 80GB PCIe,0.0,0.0,0.0,81920.0,60.4,43.0,210.0
2026-04-22T12:40:44.465547+00:00,3,GPU-031c91dd-0e29-1627-f144-ab7b1f2752ff,NVIDIA A100 80GB PCIe,0.0,0.0,0.0,81920.0,58.1,41.0,210.0
2026-04-22T12:40:46.591873+00:00,0,GPU-853f8ad0-e6b3-5214-d348-bbaabb71c68f,NVIDIA A100 80GB PCIe,0.0,0.0,1469.0,81920.0,81.38,53.0,1410.0
2026-04-22T12:40:46.591873+00:00,1,GPU-2320fa2a-bb18-82c2-141d-30c88e29c421,NVIDIA A100 80GB PCIe,0.0,0.0,0.0,81920.0,55.09,40.0,210.0
2026-04-22T12:40:46.591873+00:00,2,GPU-e2492382-f7a3-d9f9-022a-ee517a1856c0,NVIDIA A100 80GB PCIe,0.0,0.0,0.0,81920.0,60.4,43.0,210.0
2026-04-22T12:40:46.591873+00:00,3,GPU-031c91dd-0e29-1627-f144-ab7b1f2752ff,NVIDIA A100 80GB PCIe,0.0,0.0,0.0,81920.0,58.2,41.0,210.0
2026-04-22T12:40:48.716333+00:00,0,GPU-853f8ad0-e6b3-5214-d348-bbaabb71c68f,NVIDIA A100 80GB PCIe,0.0,0.0,1469.0,81920.0,81.58,52.0,1410.0
2026-04-22T12:40:48.716333+00:00,1,GPU-2320fa2a-bb18-82c2-141d-30c88e29c421,NVIDIA A100 80GB PCIe,0.0,0.0,0.0,81920.0,55.09,40.0,210.0
2026-04-22T12:40:48.716333+00:00,2,GPU-e2492382-f7a3-d9f9-022a-ee517a1856c0,NVIDIA A100 80GB PCIe,0.0,0.0,0.0,81920.0,60.5,43.0,210.0
2026-04-22T12:40:48.716333+00:00,3,GPU-031c91dd-0e29-1627-f144-ab7b1f2752ff,NVIDIA A100 80GB PCIe,0.0,0.0,0.0,81920.0,58.2,41.0,210.0
2026-04-22T12:40:50.844516+00:00,0,GPU-853f8ad0-e6b3-5214-d348-bbaabb71c68f,NVIDIA A100 80GB PCIe,0.0,0.0,1469.0,81920.0,81.48,52.0,1410.0
2026-04-22T12:40:50.844516+00:00,1,GPU-2320fa2a-bb18-82c2-141d-30c88e29c421,NVIDIA A100 80GB PCIe,0.0,0.0,0.0,81920.0,55.09,40.0,210.0
2026-04-22T12:40:50.844516+00:00,2,GPU-e2492382-f7a3-d9f9-022a-ee517a1856c0,NVIDIA A100 80GB PCIe,0.0,0.0,0.0,81920.0,60.5,43.0,210.0
2026-04-22T12:40:50.844516+00:00,3,GPU-031c91dd-0e29-1627-f144-ab7b1f2752ff,NVIDIA A100 80GB PCIe,0.0,0.0,0.0,81920.0,58.11,41.0,210.0
2026-04-22T12:40:52.980763+00:00,0,GPU-853f8ad0-e6b3-5214-d348-bbaabb71c68f,NVIDIA A100 80GB PCIe,0.0,0.0,1469.0,81920.0,81.39,52.0,1410.0
2026-04-22T12:40:52.980763+00:00,1,GPU-2320fa2a-bb18-82c2-141d-30c88e29c421,NVIDIA A100 80GB PCIe,0.0,0.0,0.0,81920.0,55.19,40.0,210.0
2026-04-22T12:40:52.980763+00:00,2,GPU-e2492382-f7a3-d9f9-022a-ee517a1856c0,NVIDIA A100 80GB PCIe,0.0,0.0,0.0,81920.0,60.5,43.0,210.0
2026-04-22T12:40:52.980763+00:00,3,GPU-031c91dd-0e29-1627-f144-ab7b1f2752ff,NVIDIA A100 80GB PCIe,0.0,0.0,0.0,81920.0,58.1,41.0,210.0
2026-04-22T12:40:55.116887+00:00,0,GPU-853f8ad0-e6b3-5214-d348-bbaabb71c68f,NVIDIA A100 80GB PCIe,0.0,0.0,1469.0,81920.0,81.58,52.0,1410.0
2026-04-22T12:40:55.116887+00:00,1,GPU-2320fa2a-bb18-82c2-141d-30c88e29c421,NVIDIA A100 80GB PCIe,0.0,0.0,0.0,81920.0,55.09,40.0,210.0
2026-04-22T12:40:55.116887+00:00,2,GPU-e2492382-f7a3-d9f9-022a-ee517a1856c0,NVIDIA A100 80GB PCIe,0.0,0.0,0.0,81920.0,60.5,43.0,210.0
2026-04-22T12:40:55.116887+00:00,3,GPU-031c91dd-0e29-1627-f144-ab7b1f2752ff,NVIDIA A100 80GB PCIe,0.0,0.0,0.0,81920.0,58.2,41.0,210.0
2026-04-22T12:40:57.243383+00:00,0,GPU-853f8ad0-e6b3-5214-d348-bbaabb71c68f,NVIDIA A100 80GB PCIe,93.0,50.0,22855.0,81920.0,277.43,59.0,1395.0
2026-04-22T12:40:57.243383+00:00,1,GPU-2320fa2a-bb18-82c2-141d-30c88e29c421,NVIDIA A100 80GB PCIe,0.0,0.0,0.0,81920.0,55.16,40.0,210.0
2026-04-22T12:40:57.243383+00:00,2,GPU-e2492382-f7a3-d9f9-022a-ee517a1856c0,NVIDIA A100 80GB PCIe,0.0,0.0,0.0,81920.0,60.46,43.0,210.0
2026-04-22T12:40:57.243383+00:00,3,GPU-031c91dd-0e29-1627-f144-ab7b1f2752ff,NVIDIA A100 80GB PCIe,0.0,0.0,0.0,81920.0,58.08,41.0,210.0
2026-04-22T12:40:59.387588+00:00,0,GPU-853f8ad0-e6b3-5214-d348-bbaabb71c68f,NVIDIA A100 80GB PCIe,97.0,59.0,30463.0,81920.0,297.23,60.0,1410.0
2026-04-22T12:40:59.387588+00:00,1,GPU-2320fa2a-bb18-82c2-141d-30c88e29c421,NVIDIA A100 80GB PCIe,0.0,0.0,0.0,81920.0,55.19,40.0,210.0
2026-04-22T12:40:59.387588+00:00,2,GPU-e2492382-f7a3-d9f9-022a-ee517a1856c0,NVIDIA A100 80GB PCIe,0.0,0.0,0.0,81920.0,60.49,43.0,210.0
2026-04-22T12:40:59.387588+00:00,3,GPU-031c91dd-0e29-1627-f144-ab7b1f2752ff,NVIDIA A100 80GB PCIe,0.0,0.0,0.0,81920.0,58.08,41.0,210.0
2026-04-22T12:41:01.525733+00:00,0,GPU-853f8ad0-e6b3-5214-d348-bbaabb71c68f,NVIDIA A100 80GB PCIe,95.0,53.0,30463.0,81920.0,295.67,61.0,1395.0
2026-04-22T12:41:01.525733+00:00,1,GPU-2320fa2a-bb18-82c2-141d-30c88e29c421,NVIDIA A100 80GB PCIe,0.0,0.0,0.0,81920.0,55.2,40.0,210.0
2026-04-22T12:41:01.525733+00:00,2,GPU-e2492382-f7a3-d9f9-022a-ee517a1856c0,NVIDIA A100 80GB PCIe,0.0,0.0,0.0,81920.0,60.31,43.0,210.0
2026-04-22T12:41:01.525733+00:00,3,GPU-031c91dd-0e29-1627-f144-ab7b1f2752ff,NVIDIA A100 80GB PCIe,0.0,0.0,0.0,81920.0,58.06,41.0,210.0
2026-04-22T12:41:03.660749+00:00,0,GPU-853f8ad0-e6b3-5214-d348-bbaabb71c68f,NVIDIA A100 80GB PCIe,94.0,53.0,33839.0,81920.0,299.96,62.0,1395.0
2026-04-22T12:41:03.660749+00:00,1,GPU-2320fa2a-bb18-82c2-141d-30c88e29c421,NVIDIA A100 80GB PCIe,0.0,0.0,0.0,81920.0,55.16,40.0,210.0
2026-04-22T12:41:03.660749+00:00,2,GPU-e2492382-f7a3-d9f9-022a-ee517a1856c0,NVIDIA A100 80GB PCIe,0.0,0.0,0.0,81920.0,60.38,43.0,210.0
2026-04-22T12:41:03.660749+00:00,3,GPU-031c91dd-0e29-1627-f144-ab7b1f2752ff,NVIDIA A100 80GB PCIe,0.0,0.0,0.0,81920.0,58.27,41.0,210.0
2026-04-22T12:41:05.805769+00:00,0,GPU-853f8ad0-e6b3-5214-d348-bbaabb71c68f,NVIDIA A100 80GB PCIe,89.0,36.0,36467.0,81920.0,264.68,63.0,1395.0
2026-04-22T12:41:05.805769+00:00,1,GPU-2320fa2a-bb18-82c2-141d-30c88e29c421,NVIDIA A100 80GB PCIe,0.0,0.0,0.0,81920.0,55.26,40.0,210.0
2026-04-22T12:41:05.805769+00:00,2,GPU-e2492382-f7a3-d9f9-022a-ee517a1856c0,NVIDIA A100 80GB PCIe,0.0,0.0,0.0,81920.0,60.38,43.0,210.0
2026-04-22T12:41:05.805769+00:00,3,GPU-031c91dd-0e29-1627-f144-ab7b1f2752ff,NVIDIA A100 80GB PCIe,0.0,0.0,0.0,81920.0,58.17,41.0,210.0
2026-04-22T12:41:07.955395+00:00,0,GPU-853f8ad0-e6b3-5214-d348-bbaabb71c68f,NVIDIA A100 80GB PCIe,95.0,53.0,36467.0,81920.0,221.93,64.0,1350.0
2026-04-22T12:41:07.955395+00:00,1,GPU-2320fa2a-bb18-82c2-141d-30c88e29c421,NVIDIA A100 80GB PCIe,0.0,0.0,0.0,81920.0,55.07,40.0,210.0
2026-04-22T12:41:07.955395+00:00,2,GPU-e2492382-f7a3-d9f9-022a-ee517a1856c0,NVIDIA A100 80GB PCIe,0.0,0.0,0.0,81920.0,60.37,43.0,210.0
2026-04-22T12:41:07.955395+00:00,3,GPU-031c91dd-0e29-1627-f144-ab7b1f2752ff,NVIDIA A100 80GB PCIe,0.0,0.0,0.0,81920.0,58.08,41.0,210.0
2026-04-22T12:41:10.106010+00:00,0,GPU-853f8ad0-e6b3-5214-d348-bbaabb71c68f,NVIDIA A100 80GB PCIe,92.0,49.0,36467.0,81920.0,320.9,64.0,1395.0
2026-04-22T12:41:10.106010+00:00,1,GPU-2320fa2a-bb18-82c2-141d-30c88e29c421,NVIDIA A100 80GB PCIe,0.0,0.0,0.0,81920.0,55.1,40.0,210.0
2026-04-22T12:41:10.106010+00:00,2,GPU-e2492382-f7a3-d9f9-022a-ee517a1856c0,NVIDIA A100 80GB PCIe,0.0,0.0,0.0,81920.0,60.4,43.0,210.0
2026-04-22T12:41:10.106010+00:00,3,GPU-031c91dd-0e29-1627-f144-ab7b1f2752ff,NVIDIA A100 80GB PCIe,0.0,0.0,0.0,81920.0,58.17,41.0,210.0
2026-04-22T12:41:12.239425+00:00,0,GPU-853f8ad0-e6b3-5214-d348-bbaabb71c68f,NVIDIA A100 80GB PCIe,92.0,47.0,36467.0,81920.0,330.83,66.0,1335.0
2026-04-22T12:41:12.239425+00:00,1,GPU-2320fa2a-bb18-82c2-141d-30c88e29c421,NVIDIA A100 80GB PCIe,0.0,0.0,0.0,81920.0,55.08,40.0,210.0
2026-04-22T12:41:12.239425+00:00,2,GPU-e2492382-f7a3-d9f9-022a-ee517a1856c0,NVIDIA A100 80GB PCIe,0.0,0.0,0.0,81920.0,60.49,43.0,210.0
2026-04-22T12:41:12.239425+00:00,3,GPU-031c91dd-0e29-1627-f144-ab7b1f2752ff,NVIDIA A100 80GB PCIe,0.0,0.0,0.0,81920.0,58.06,41.0,210.0
2026-04-22T12:41:14.381202+00:00,0,GPU-853f8ad0-e6b3-5214-d348-bbaabb71c68f,NVIDIA A100 80GB PCIe,92.0,49.0,36467.0,81920.0,322.95,66.0,1395.0
2026-04-22T12:41:14.381202+00:00,1,GPU-2320fa2a-bb18-82c2-141d-30c88e29c421,NVIDIA A100 80GB PCIe,0.0,0.0,0.0,81920.0,54.91,40.0,210.0
2026-04-22T12:41:14.381202+00:00,2,GPU-e2492382-f7a3-d9f9-022a-ee517a1856c0,NVIDIA A100 80GB PCIe,0.0,0.0,0.0,81920.0,60.49,43.0,210.0
2026-04-22T12:41:14.381202+00:00,3,GPU-031c91dd-0e29-1627-f144-ab7b1f2752ff,NVIDIA A100 80GB PCIe,0.0,0.0,0.0,81920.0,58.26,41.0,210.0
2026-04-22T12:41:16.522981+00:00,0,GPU-853f8ad0-e6b3-5214-d348-bbaabb71c68f,NVIDIA A100 80GB PCIe,89.0,45.0,36467.0,81920.0,265.76,66.0,1410.0
2026-04-22T12:41:16.522981+00:00,1,GPU-2320fa2a-bb18-82c2-141d-30c88e29c421,NVIDIA A100 80GB PCIe,0.0,0.0,0.0,81920.0,54.84,40.0,210.0
2026-04-22T12:41:16.522981+00:00,2,GPU-e2492382-f7a3-d9f9-022a-ee517a1856c0,NVIDIA A100 80GB PCIe,0.0,0.0,0.0,81920.0,60.49,42.0,210.0
2026-04-22T12:41:16.522981+00:00,3,GPU-031c91dd-0e29-1627-f144-ab7b1f2752ff,NVIDIA A100 80GB PCIe,0.0,0.0,0.0,81920.0,57.97,41.0,210.0
2026-04-22T12:41:18.660852+00:00,0,GPU-853f8ad0-e6b3-5214-d348-bbaabb71c68f,NVIDIA A100 80GB PCIe,92.0,50.0,36467.0,81920.0,301.38,67.0,1395.0
2026-04-22T12:41:18.660852+00:00,1,GPU-2320fa2a-bb18-82c2-141d-30c88e29c421,NVIDIA A100 80GB PCIe,0.0,0.0,0.0,81920.0,55.08,40.0,210.0
2026-04-22T12:41:18.660852+00:00,2,GPU-e2492382-f7a3-d9f9-022a-ee517a1856c0,NVIDIA A100 80GB PCIe,0.0,0.0,0.0,81920.0,60.39,42.0,210.0
2026-04-22T12:41:18.660852+00:00,3,GPU-031c91dd-0e29-1627-f144-ab7b1f2752ff,NVIDIA A100 80GB PCIe,0.0,0.0,0.0,81920.0,57.98,41.0,210.0
2026-04-22T12:41:20.796147+00:00,0,GPU-853f8ad0-e6b3-5214-d348-bbaabb71c68f,NVIDIA A100 80GB PCIe,100.0,3.0,1469.0,81920.0,93.09,62.0,1410.0
2026-04-22T12:41:20.796147+00:00,1,GPU-2320fa2a-bb18-82c2-141d-30c88e29c421,NVIDIA A100 80GB PCIe,0.0,0.0,0.0,81920.0,55.19,40.0,210.0
2026-04-22T12:41:20.796147+00:00,2,GPU-e2492382-f7a3-d9f9-022a-ee517a1856c0,NVIDIA A100 80GB PCIe,0.0,0.0,0.0,81920.0,60.4,42.0,210.0
2026-04-22T12:41:20.796147+00:00,3,GPU-031c91dd-0e29-1627-f144-ab7b1f2752ff,NVIDIA A100 80GB PCIe,0.0,0.0,0.0,81920.0,58.0,41.0,210.0
2026-04-22T12:41:22.934158+00:00,0,GPU-853f8ad0-e6b3-5214-d348-bbaabb71c68f,NVIDIA A100 80GB PCIe,0.0,0.0,1469.0,81920.0,88.35,61.0,1410.0
2026-04-22T12:41:22.934158+00:00,1,GPU-2320fa2a-bb18-82c2-141d-30c88e29c421,NVIDIA A100 80GB PCIe,0.0,0.0,0.0,81920.0,55.09,40.0,210.0
2026-04-22T12:41:22.934158+00:00,2,GPU-e2492382-f7a3-d9f9-022a-ee517a1856c0,NVIDIA A100 80GB PCIe,0.0,0.0,0.0,81920.0,60.31,42.0,210.0
2026-04-22T12:41:22.934158+00:00,3,GPU-031c91dd-0e29-1627-f144-ab7b1f2752ff,NVIDIA A100 80GB PCIe,0.0,0.0,0.0,81920.0,57.9,41.0,210.0
2026-04-22T12:41:25.070999+00:00,0,GPU-853f8ad0-e6b3-5214-d348-bbaabb71c68f,NVIDIA A100 80GB PCIe,0.0,0.0,1469.0,81920.0,87.69,60.0,1410.0
2026-04-22T12:41:25.070999+00:00,1,GPU-2320fa2a-bb18-82c2-141d-30c88e29c421,NVIDIA A100 80GB PCIe,0.0,0.0,0.0,81920.0,54.99,40.0,210.0
2026-04-22T12:41:25.070999+00:00,2,GPU-e2492382-f7a3-d9f9-022a-ee517a1856c0,NVIDIA A100 80GB PCIe,0.0,0.0,0.0,81920.0,60.29,42.0,210.0
2026-04-22T12:41:25.070999+00:00,3,GPU-031c91dd-0e29-1627-f144-ab7b1f2752ff,NVIDIA A100 80GB PCIe,0.0,0.0,0.0,81920.0,58.0,41.0,210.0
2026-04-22T12:41:27.199655+00:00,0,GPU-853f8ad0-e6b3-5214-d348-bbaabb71c68f,NVIDIA A100 80GB PCIe,0.0,0.0,1469.0,81920.0,87.19,60.0,1410.0
2026-04-22T12:41:27.199655+00:00,1,GPU-2320fa2a-bb18-82c2-141d-30c88e29c421,NVIDIA A100 80GB PCIe,0.0,0.0,0.0,81920.0,54.99,40.0,210.0
2026-04-22T12:41:27.199655+00:00,2,GPU-e2492382-f7a3-d9f9-022a-ee517a1856c0,NVIDIA A100 80GB PCIe,0.0,0.0,0.0,81920.0,60.21,42.0,210.0
2026-04-22T12:41:27.199655+00:00,3,GPU-031c91dd-0e29-1627-f144-ab7b1f2752ff,NVIDIA A100 80GB PCIe,0.0,0.0,0.0,81920.0,57.9,41.0,210.0
2026-04-22T12:41:29.339990+00:00,0,GPU-853f8ad0-e6b3-5214-d348-bbaabb71c68f,NVIDIA A100 80GB PCIe,0.0,0.0,1469.0,81920.0,87.0,59.0,1410.0
2026-04-22T12:41:29.339990+00:00,1,GPU-2320fa2a-bb18-82c2-141d-30c88e29c421,NVIDIA A100 80GB PCIe,0.0,0.0,0.0,81920.0,54.99,40.0,210.0
2026-04-22T12:41:29.339990+00:00,2,GPU-e2492382-f7a3-d9f9-022a-ee517a1856c0,NVIDIA A100 80GB PCIe,0.0,0.0,0.0,81920.0,60.21,42.0,210.0
2026-04-22T12:41:29.339990+00:00,3,GPU-031c91dd-0e29-1627-f144-ab7b1f2752ff,NVIDIA A100 80GB PCIe,0.0,0.0,0.0,81920.0,58.0,41.0,210.0
2026-04-22T12:41:31.473382+00:00,0,GPU-853f8ad0-e6b3-5214-d348-bbaabb71c68f,NVIDIA A100 80GB PCIe,0.0,0.0,1469.0,81920.0,86.79,59.0,1410.0
2026-04-22T12:41:31.473382+00:00,1,GPU-2320fa2a-bb18-82c2-141d-30c88e29c421,NVIDIA A100 80GB PCIe,0.0,0.0,0.0,81920.0,54.9,40.0,210.0
2026-04-22T12:41:31.473382+00:00,2,GPU-e2492382-f7a3-d9f9-022a-ee517a1856c0,NVIDIA A100 80GB PCIe,0.0,0.0,0.0,81920.0,60.11,42.0,210.0
2026-04-22T12:41:31.473382+00:00,3,GPU-031c91dd-0e29-1627-f144-ab7b1f2752ff,NVIDIA A100 80GB PCIe,0.0,0.0,0.0,81920.0,57.9,40.0,210.0
2026-04-22T12:41:33.598765+00:00,0,GPU-853f8ad0-e6b3-5214-d348-bbaabb71c68f,NVIDIA A100 80GB PCIe,0.0,0.0,1469.0,81920.0,86.5,59.0,1410.0
2026-04-22T12:41:33.598765+00:00,1,GPU-2320fa2a-bb18-82c2-141d-30c88e29c421,NVIDIA A100 80GB PCIe,0.0,0.0,0.0,81920.0,54.9,40.0,210.0
2026-04-22T12:41:33.598765+00:00,2,GPU-e2492382-f7a3-d9f9-022a-ee517a1856c0,NVIDIA A100 80GB PCIe,0.0,0.0,0.0,81920.0,60.21,42.0,210.0
2026-04-22T12:41:33.598765+00:00,3,GPU-031c91dd-0e29-1627-f144-ab7b1f2752ff,NVIDIA A100 80GB PCIe,0.0,0.0,0.0,81920.0,57.9,40.0,210.0
2026-04-22T12:41:35.727406+00:00,0,GPU-853f8ad0-e6b3-5214-d348-bbaabb71c68f,NVIDIA A100 80GB PCIe,0.0,0.0,1469.0,81920.0,86.3,58.0,1410.0
2026-04-22T12:41:35.727406+00:00,1,GPU-2320fa2a-bb18-82c2-141d-30c88e29c421,NVIDIA A100 80GB PCIe,0.0,0.0,0.0,81920.0,54.99,40.0,210.0
2026-04-22T12:41:35.727406+00:00,2,GPU-e2492382-f7a3-d9f9-022a-ee517a1856c0,NVIDIA A100 80GB PCIe,0.0,0.0,0.0,81920.0,60.21,42.0,210.0
2026-04-22T12:41:35.727406+00:00,3,GPU-031c91dd-0e29-1627-f144-ab7b1f2752ff,NVIDIA A100 80GB PCIe,0.0,0.0,0.0,81920.0,58.0,40.0,210.0
2026-04-22T12:41:37.858235+00:00,0,GPU-853f8ad0-e6b3-5214-d348-bbaabb71c68f,NVIDIA A100 80GB PCIe,0.0,0.0,1469.0,81920.0,86.11,58.0,1410.0
2026-04-22T12:41:37.858235+00:00,1,GPU-2320fa2a-bb18-82c2-141d-30c88e29c421,NVIDIA A100 80GB PCIe,0.0,0.0,0.0,81920.0,54.9,40.0,210.0
2026-04-22T12:41:37.858235+00:00,2,GPU-e2492382-f7a3-d9f9-022a-ee517a1856c0,NVIDIA A100 80GB PCIe,0.0,0.0,0.0,81920.0,60.11,42.0,210.0
2026-04-22T12:41:37.858235+00:00,3,GPU-031c91dd-0e29-1627-f144-ab7b1f2752ff,NVIDIA A100 80GB PCIe,0.0,0.0,0.0,81920.0,58.01,40.0,210.0
2026-04-22T12:41:39.996314+00:00,0,GPU-853f8ad0-e6b3-5214-d348-bbaabb71c68f,NVIDIA A100 80GB PCIe,0.0,0.0,1469.0,81920.0,86.4,58.0,1410.0
2026-04-22T12:41:39.996314+00:00,1,GPU-2320fa2a-bb18-82c2-141d-30c88e29c421,NVIDIA A100 80GB PCIe,0.0,0.0,0.0,81920.0,54.99,40.0,210.0
2026-04-22T12:41:39.996314+00:00,2,GPU-e2492382-f7a3-d9f9-022a-ee517a1856c0,NVIDIA A100 80GB PCIe,0.0,0.0,0.0,81920.0,60.21,42.0,210.0
2026-04-22T12:41:39.996314+00:00,3,GPU-031c91dd-0e29-1627-f144-ab7b1f2752ff,NVIDIA A100 80GB PCIe,0.0,0.0,0.0,81920.0,58.0,40.0,210.0
2026-04-22T12:41:42.133114+00:00,0,GPU-853f8ad0-e6b3-5214-d348-bbaabb71c68f,NVIDIA A100 80GB PCIe,0.0,0.0,1469.0,81920.0,86.01,58.0,1410.0
2026-04-22T12:41:42.133114+00:00,1,GPU-2320fa2a-bb18-82c2-141d-30c88e29c421,NVIDIA A100 80GB PCIe,0.0,0.0,0.0,81920.0,54.9,40.0,210.0
2026-04-22T12:41:42.133114+00:00,2,GPU-e2492382-f7a3-d9f9-022a-ee517a1856c0,NVIDIA A100 80GB PCIe,0.0,0.0,0.0,81920.0,60.11,42.0,210.0
2026-04-22T12:41:42.133114+00:00,3,GPU-031c91dd-0e29-1627-f144-ab7b1f2752ff,NVIDIA A100 80GB PCIe,0.0,0.0,0.0,81920.0,57.81,41.0,210.0
2026-04-22T12:41:44.268698+00:00,0,GPU-853f8ad0-e6b3-5214-d348-bbaabb71c68f,NVIDIA A100 80GB PCIe,0.0,0.0,1469.0,81920.0,85.91,58.0,1410.0
2026-04-22T12:41:44.268698+00:00,1,GPU-2320fa2a-bb18-82c2-141d-30c88e29c421,NVIDIA A100 80GB PCIe,0.0,0.0,0.0,81920.0,54.99,40.0,210.0
2026-04-22T12:41:44.268698+00:00,2,GPU-e2492382-f7a3-d9f9-022a-ee517a1856c0,NVIDIA A100 80GB PCIe,0.0,0.0,0.0,81920.0,60.11,42.0,210.0
2026-04-22T12:41:44.268698+00:00,3,GPU-031c91dd-0e29-1627-f144-ab7b1f2752ff,NVIDIA A100 80GB PCIe,0.0,0.0,0.0,81920.0,57.9,41.0,210.0
2026-04-22T12:41:46.403819+00:00,0,GPU-853f8ad0-e6b3-5214-d348-bbaabb71c68f,NVIDIA A100 80GB PCIe,0.0,0.0,1469.0,81920.0,85.72,58.0,1410.0
2026-04-22T12:41:46.403819+00:00,1,GPU-2320fa2a-bb18-82c2-141d-30c88e29c421,NVIDIA A100 80GB PCIe,0.0,0.0,0.0,81920.0,54.99,40.0,210.0
2026-04-22T12:41:46.403819+00:00,2,GPU-e2492382-f7a3-d9f9-022a-ee517a1856c0,NVIDIA A100 80GB PCIe,0.0,0.0,0.0,81920.0,60.11,42.0,210.0
2026-04-22T12:41:46.403819+00:00,3,GPU-031c91dd-0e29-1627-f144-ab7b1f2752ff,NVIDIA A100 80GB PCIe,0.0,0.0,0.0,81920.0,58.0,41.0,210.0
2026-04-22T12:41:48.540468+00:00,0,GPU-853f8ad0-e6b3-5214-d348-bbaabb71c68f,NVIDIA A100 80GB PCIe,0.0,0.0,1469.0,81920.0,85.24,57.0,1410.0
2026-04-22T12:41:48.540468+00:00,1,GPU-2320fa2a-bb18-82c2-141d-30c88e29c421,NVIDIA A100 80GB PCIe,0.0,0.0,0.0,81920.0,55.09,40.0,210.0
2026-04-22T12:41:48.540468+00:00,2,GPU-e2492382-f7a3-d9f9-022a-ee517a1856c0,NVIDIA A100 80GB PCIe,0.0,0.0,0.0,81920.0,60.11,42.0,210.0
2026-04-22T12:41:48.540468+00:00,3,GPU-031c91dd-0e29-1627-f144-ab7b1f2752ff,NVIDIA A100 80GB PCIe,0.0,0.0,0.0,81920.0,58.01,41.0,210.0
2026-04-22T12:41:50.682771+00:00,0,GPU-853f8ad0-e6b3-5214-d348-bbaabb71c68f,NVIDIA A100 80GB PCIe,0.0,0.0,1469.0,81920.0,84.95,57.0,1410.0
2026-04-22T12:41:50.682771+00:00,1,GPU-2320fa2a-bb18-82c2-141d-30c88e29c421,NVIDIA A100 80GB PCIe,0.0,0.0,0.0,81920.0,55.09,40.0,210.0
2026-04-22T12:41:50.682771+00:00,2,GPU-e2492382-f7a3-d9f9-022a-ee517a1856c0,NVIDIA A100 80GB PCIe,0.0,0.0,0.0,81920.0,60.21,42.0,210.0
2026-04-22T12:41:50.682771+00:00,3,GPU-031c91dd-0e29-1627-f144-ab7b1f2752ff,NVIDIA A100 80GB PCIe,0.0,0.0,0.0,81920.0,58.01,41.0,210.0
2026-04-22T12:41:52.814993+00:00,0,GPU-853f8ad0-e6b3-5214-d348-bbaabb71c68f,NVIDIA A100 80GB PCIe,0.0,0.0,1469.0,81920.0,84.85,57.0,1410.0
2026-04-22T12:41:52.814993+00:00,1,GPU-2320fa2a-bb18-82c2-141d-30c88e29c421,NVIDIA A100 80GB PCIe,0.0,0.0,0.0,81920.0,55.09,40.0,210.0
2026-04-22T12:41:52.814993+00:00,2,GPU-e2492382-f7a3-d9f9-022a-ee517a1856c0,NVIDIA A100 80GB PCIe,0.0,0.0,0.0,81920.0,60.11,42.0,210.0
2026-04-22T12:41:52.814993+00:00,3,GPU-031c91dd-0e29-1627-f144-ab7b1f2752ff,NVIDIA A100 80GB PCIe,0.0,0.0,0.0,81920.0,58.11,41.0,210.0
2026-04-22T12:41:54.940145+00:00,0,GPU-853f8ad0-e6b3-5214-d348-bbaabb71c68f,NVIDIA A100 80GB PCIe,0.0,0.0,1469.0,81920.0,84.45,57.0,1410.0
2026-04-22T12:41:54.940145+00:00,1,GPU-2320fa2a-bb18-82c2-141d-30c88e29c421,NVIDIA A100 80GB PCIe,0.0,0.0,0.0,81920.0,55.09,40.0,210.0
2026-04-22T12:41:54.940145+00:00,2,GPU-e2492382-f7a3-d9f9-022a-ee517a1856c0,NVIDIA A100 80GB PCIe,0.0,0.0,0.0,81920.0,60.21,42.0,210.0
2026-04-22T12:41:54.940145+00:00,3,GPU-031c91dd-0e29-1627-f144-ab7b1f2752ff,NVIDIA A100 80GB PCIe,0.0,0.0,0.0,81920.0,57.92,41.0,210.0
2026-04-22T12:41:57.075149+00:00,0,GPU-853f8ad0-e6b3-5214-d348-bbaabb71c68f,NVIDIA A100 80GB PCIe,0.0,0.0,1469.0,81920.0,84.95,57.0,1410.0
2026-04-22T12:41:57.075149+00:00,1,GPU-2320fa2a-bb18-82c2-141d-30c88e29c421,NVIDIA A100 80GB PCIe,0.0,0.0,0.0,81920.0,54.99,40.0,210.0
2026-04-22T12:41:57.075149+00:00,2,GPU-e2492382-f7a3-d9f9-022a-ee517a1856c0,NVIDIA A100 80GB PCIe,0.0,0.0,0.0,81920.0,60.21,42.0,210.0
2026-04-22T12:41:57.075149+00:00,3,GPU-031c91dd-0e29-1627-f144-ab7b1f2752ff,NVIDIA A100 80GB PCIe,0.0,0.0,0.0,81920.0,58.01,41.0,210.0
2026-04-22T12:41:59.202767+00:00,0,GPU-853f8ad0-e6b3-5214-d348-bbaabb71c68f,NVIDIA A100 80GB PCIe,0.0,0.0,1469.0,81920.0,84.34,57.0,1410.0
2026-04-22T12:41:59.202767+00:00,1,GPU-2320fa2a-bb18-82c2-141d-30c88e29c421,NVIDIA A100 80GB PCIe,0.0,0.0,0.0,81920.0,54.99,40.0,210.0
2026-04-22T12:41:59.202767+00:00,2,GPU-e2492382-f7a3-d9f9-022a-ee517a1856c0,NVIDIA A100 80GB PCIe,0.0,0.0,0.0,81920.0,60.21,42.0,210.0
2026-04-22T12:41:59.202767+00:00,3,GPU-031c91dd-0e29-1627-f144-ab7b1f2752ff,NVIDIA A100 80GB PCIe,0.0,0.0,0.0,81920.0,57.91,41.0,210.0
2026-04-22T12:42:01.333234+00:00,0,GPU-853f8ad0-e6b3-5214-d348-bbaabb71c68f,NVIDIA A100 80GB PCIe,0.0,0.0,1469.0,81920.0,84.24,56.0,1410.0
2026-04-22T12:42:01.333234+00:00,1,GPU-2320fa2a-bb18-82c2-141d-30c88e29c421,NVIDIA A100 80GB PCIe,0.0,0.0,0.0,81920.0,54.99,40.0,210.0
2026-04-22T12:42:01.333234+00:00,2,GPU-e2492382-f7a3-d9f9-022a-ee517a1856c0,NVIDIA A100 80GB PCIe,0.0,0.0,0.0,81920.0,60.31,42.0,210.0
2026-04-22T12:42:01.333234+00:00,3,GPU-031c91dd-0e29-1627-f144-ab7b1f2752ff,NVIDIA A100 80GB PCIe,0.0,0.0,0.0,81920.0,58.0,41.0,210.0
2026-04-22T12:42:03.460767+00:00,0,GPU-853f8ad0-e6b3-5214-d348-bbaabb71c68f,NVIDIA A100 80GB PCIe,0.0,0.0,1469.0,81920.0,84.14,56.0,1410.0
2026-04-22T12:42:03.460767+00:00,1,GPU-2320fa2a-bb18-82c2-141d-30c88e29c421,NVIDIA A100 80GB PCIe,0.0,0.0,0.0,81920.0,54.99,40.0,210.0
2026-04-22T12:42:03.460767+00:00,2,GPU-e2492382-f7a3-d9f9-022a-ee517a1856c0,NVIDIA A100 80GB PCIe,0.0,0.0,0.0,81920.0,60.21,42.0,210.0
2026-04-22T12:42:03.460767+00:00,3,GPU-031c91dd-0e29-1627-f144-ab7b1f2752ff,NVIDIA A100 80GB PCIe,0.0,0.0,0.0,81920.0,58.0,41.0,210.0
2026-04-22T12:42:05.602066+00:00,0,GPU-853f8ad0-e6b3-5214-d348-bbaabb71c68f,NVIDIA A100 80GB PCIe,0.0,0.0,1469.0,81920.0,84.35,56.0,1410.0
2026-04-22T12:42:05.602066+00:00,1,GPU-2320fa2a-bb18-82c2-141d-30c88e29c421,NVIDIA A100 80GB PCIe,0.0,0.0,0.0,81920.0,54.99,40.0,210.0
2026-04-22T12:42:05.602066+00:00,2,GPU-e2492382-f7a3-d9f9-022a-ee517a1856c0,NVIDIA A100 80GB PCIe,0.0,0.0,0.0,81920.0,60.31,42.0,210.0
2026-04-22T12:42:05.602066+00:00,3,GPU-031c91dd-0e29-1627-f144-ab7b1f2752ff,NVIDIA A100 80GB PCIe,0.0,0.0,0.0,81920.0,57.92,41.0,210.0
2026-04-22T12:42:07.736245+00:00,0,GPU-853f8ad0-e6b3-5214-d348-bbaabb71c68f,NVIDIA A100 80GB PCIe,0.0,0.0,1469.0,81920.0,84.05,56.0,1410.0
2026-04-22T12:42:07.736245+00:00,1,GPU-2320fa2a-bb18-82c2-141d-30c88e29c421,NVIDIA A100 80GB PCIe,0.0,0.0,0.0,81920.0,55.09,40.0,210.0
2026-04-22T12:42:07.736245+00:00,2,GPU-e2492382-f7a3-d9f9-022a-ee517a1856c0,NVIDIA A100 80GB PCIe,0.0,0.0,0.0,81920.0,60.4,42.0,210.0
2026-04-22T12:42:07.736245+00:00,3,GPU-031c91dd-0e29-1627-f144-ab7b1f2752ff,NVIDIA A100 80GB PCIe,0.0,0.0,0.0,81920.0,58.0,41.0,210.0
2026-04-22T12:42:09.863526+00:00,0,GPU-853f8ad0-e6b3-5214-d348-bbaabb71c68f,NVIDIA A100 80GB PCIe,0.0,0.0,1469.0,81920.0,84.05,56.0,1410.0
2026-04-22T12:42:09.863526+00:00,1,GPU-2320fa2a-bb18-82c2-141d-30c88e29c421,NVIDIA A100 80GB PCIe,0.0,0.0,0.0,81920.0,55.19,40.0,210.0
2026-04-22T12:42:09.863526+00:00,2,GPU-e2492382-f7a3-d9f9-022a-ee517a1856c0,NVIDIA A100 80GB PCIe,0.0,0.0,0.0,81920.0,60.31,42.0,210.0
2026-04-22T12:42:09.863526+00:00,3,GPU-031c91dd-0e29-1627-f144-ab7b1f2752ff,NVIDIA A100 80GB PCIe,0.0,0.0,0.0,81920.0,58.03,41.0,210.0
2026-04-22T12:42:11.999406+00:00,0,GPU-853f8ad0-e6b3-5214-d348-bbaabb71c68f,NVIDIA A100 80GB PCIe,0.0,0.0,1469.0,81920.0,83.95,56.0,1410.0
2026-04-22T12:42:11.999406+00:00,1,GPU-2320fa2a-bb18-82c2-141d-30c88e29c421,NVIDIA A100 80GB PCIe,0.0,0.0,0.0,81920.0,55.09,40.0,210.0
2026-04-22T12:42:11.999406+00:00,2,GPU-e2492382-f7a3-d9f9-022a-ee517a1856c0,NVIDIA A100 80GB PCIe,0.0,0.0,0.0,81920.0,60.31,42.0,210.0
2026-04-22T12:42:11.999406+00:00,3,GPU-031c91dd-0e29-1627-f144-ab7b1f2752ff,NVIDIA A100 80GB PCIe,0.0,0.0,0.0,81920.0,58.0,41.0,210.0
2026-04-22T12:42:14.133459+00:00,0,GPU-853f8ad0-e6b3-5214-d348-bbaabb71c68f,NVIDIA A100 80GB PCIe,0.0,0.0,1469.0,81920.0,84.25,56.0,1410.0
2026-04-22T12:42:14.133459+00:00,1,GPU-2320fa2a-bb18-82c2-141d-30c88e29c421,NVIDIA A100 80GB PCIe,0.0,0.0,0.0,81920.0,55.09,40.0,210.0
2026-04-22T12:42:14.133459+00:00,2,GPU-e2492382-f7a3-d9f9-022a-ee517a1856c0,NVIDIA A100 80GB PCIe,0.0,0.0,0.0,81920.0,60.31,42.0,210.0
2026-04-22T12:42:14.133459+00:00,3,GPU-031c91dd-0e29-1627-f144-ab7b1f2752ff,NVIDIA A100 80GB PCIe,0.0,0.0,0.0,81920.0,57.9,41.0,210.0
2026-04-22T12:42:16.259097+00:00,0,GPU-853f8ad0-e6b3-5214-d348-bbaabb71c68f,NVIDIA A100 80GB PCIe,0.0,0.0,1469.0,81920.0,84.14,56.0,1410.0
2026-04-22T12:42:16.259097+00:00,1,GPU-2320fa2a-bb18-82c2-141d-30c88e29c421,NVIDIA A100 80GB PCIe,0.0,0.0,0.0,81920.0,55.19,40.0,210.0
2026-04-22T12:42:16.259097+00:00,2,GPU-e2492382-f7a3-d9f9-022a-ee517a1856c0,NVIDIA A100 80GB PCIe,0.0,0.0,0.0,81920.0,60.31,42.0,210.0
2026-04-22T12:42:16.259097+00:00,3,GPU-031c91dd-0e29-1627-f144-ab7b1f2752ff,NVIDIA A100 80GB PCIe,0.0,0.0,0.0,81920.0,57.9,41.0,210.0
2026-04-22T12:42:18.384760+00:00,0,GPU-853f8ad0-e6b3-5214-d348-bbaabb71c68f,NVIDIA A100 80GB PCIe,0.0,0.0,1469.0,81920.0,83.85,56.0,1410.0
2026-04-22T12:42:18.384760+00:00,1,GPU-2320fa2a-bb18-82c2-141d-30c88e29c421,NVIDIA A100 80GB PCIe,0.0,0.0,0.0,81920.0,55.19,40.0,210.0
2026-04-22T12:42:18.384760+00:00,2,GPU-e2492382-f7a3-d9f9-022a-ee517a1856c0,NVIDIA A100 80GB PCIe,0.0,0.0,0.0,81920.0,60.31,42.0,210.0
2026-04-22T12:42:18.384760+00:00,3,GPU-031c91dd-0e29-1627-f144-ab7b1f2752ff,NVIDIA A100 80GB PCIe,0.0,0.0,0.0,81920.0,57.92,41.0,210.0
2026-04-22T12:42:20.521144+00:00,0,GPU-853f8ad0-e6b3-5214-d348-bbaabb71c68f,NVIDIA A100 80GB PCIe,0.0,0.0,1469.0,81920.0,83.66,55.0,1410.0
2026-04-22T12:42:20.521144+00:00,1,GPU-2320fa2a-bb18-82c2-141d-30c88e29c421,NVIDIA A100 80GB PCIe,0.0,0.0,0.0,81920.0,54.99,40.0,210.0
2026-04-22T12:42:20.521144+00:00,2,GPU-e2492382-f7a3-d9f9-022a-ee517a1856c0,NVIDIA A100 80GB PCIe,0.0,0.0,0.0,81920.0,60.31,42.0,210.0
2026-04-22T12:42:20.521144+00:00,3,GPU-031c91dd-0e29-1627-f144-ab7b1f2752ff,NVIDIA A100 80GB PCIe,0.0,0.0,0.0,81920.0,58.01,41.0,210.0
2026-04-22T12:42:22.657589+00:00,0,GPU-853f8ad0-e6b3-5214-d348-bbaabb71c68f,NVIDIA A100 80GB PCIe,0.0,0.0,1469.0,81920.0,83.66,55.0,1410.0
2026-04-22T12:42:22.657589+00:00,1,GPU-2320fa2a-bb18-82c2-141d-30c88e29c421,NVIDIA A100 80GB PCIe,0.0,0.0,0.0,81920.0,55.09,40.0,210.0
2026-04-22T12:42:22.657589+00:00,2,GPU-e2492382-f7a3-d9f9-022a-ee517a1856c0,NVIDIA A100 80GB PCIe,0.0,0.0,0.0,81920.0,60.31,42.0,210.0
2026-04-22T12:42:22.657589+00:00,3,GPU-031c91dd-0e29-1627-f144-ab7b1f2752ff,NVIDIA A100 80GB PCIe,0.0,0.0,0.0,81920.0,58.0,41.0,210.0
2026-04-22T12:42:24.786666+00:00,0,GPU-853f8ad0-e6b3-5214-d348-bbaabb71c68f,NVIDIA A100 80GB PCIe,0.0,0.0,1469.0,81920.0,83.85,55.0,1410.0
2026-04-22T12:42:24.786666+00:00,1,GPU-2320fa2a-bb18-82c2-141d-30c88e29c421,NVIDIA A100 80GB PCIe,0.0,0.0,0.0,81920.0,55.09,40.0,210.0
2026-04-22T12:42:24.786666+00:00,2,GPU-e2492382-f7a3-d9f9-022a-ee517a1856c0,NVIDIA A100 80GB PCIe,0.0,0.0,0.0,81920.0,60.31,42.0,210.0
2026-04-22T12:42:24.786666+00:00,3,GPU-031c91dd-0e29-1627-f144-ab7b1f2752ff,NVIDIA A100 80GB PCIe,0.0,0.0,0.0,81920.0,58.0,41.0,210.0
2026-04-22T12:42:26.922578+00:00,0,GPU-853f8ad0-e6b3-5214-d348-bbaabb71c68f,NVIDIA A100 80GB PCIe,0.0,0.0,1469.0,81920.0,83.66,55.0,1410.0
2026-04-22T12:42:26.922578+00:00,1,GPU-2320fa2a-bb18-82c2-141d-30c88e29c421,NVIDIA A100 80GB PCIe,0.0,0.0,0.0,81920.0,55.09,40.0,210.0
2026-04-22T12:42:26.922578+00:00,2,GPU-e2492382-f7a3-d9f9-022a-ee517a1856c0,NVIDIA A100 80GB PCIe,0.0,0.0,0.0,81920.0,60.31,42.0,210.0
2026-04-22T12:42:26.922578+00:00,3,GPU-031c91dd-0e29-1627-f144-ab7b1f2752ff,NVIDIA A100 80GB PCIe,0.0,0.0,0.0,81920.0,58.0,41.0,210.0
2026-04-22T12:42:29.061436+00:00,0,GPU-853f8ad0-e6b3-5214-d348-bbaabb71c68f,NVIDIA A100 80GB PCIe,0.0,0.0,1469.0,81920.0,83.56,55.0,1410.0
2026-04-22T12:42:29.061436+00:00,1,GPU-2320fa2a-bb18-82c2-141d-30c88e29c421,NVIDIA A100 80GB PCIe,0.0,0.0,0.0,81920.0,55.09,40.0,210.0
2026-04-22T12:42:29.061436+00:00,2,GPU-e2492382-f7a3-d9f9-022a-ee517a1856c0,NVIDIA A100 80GB PCIe,0.0,0.0,0.0,81920.0,60.31,42.0,210.0
2026-04-22T12:42:29.061436+00:00,3,GPU-031c91dd-0e29-1627-f144-ab7b1f2752ff,NVIDIA A100 80GB PCIe,0.0,0.0,0.0,81920.0,58.03,41.0,210.0
2026-04-22T12:42:31.199189+00:00,0,GPU-853f8ad0-e6b3-5214-d348-bbaabb71c68f,NVIDIA A100 80GB PCIe,0.0,0.0,1469.0,81920.0,83.46,55.0,1410.0
2026-04-22T12:42:31.199189+00:00,1,GPU-2320fa2a-bb18-82c2-141d-30c88e29c421,NVIDIA A100 80GB PCIe,0.0,0.0,0.0,81920.0,54.99,40.0,210.0
2026-04-22T12:42:31.199189+00:00,2,GPU-e2492382-f7a3-d9f9-022a-ee517a1856c0,NVIDIA A100 80GB PCIe,0.0,0.0,0.0,81920.0,60.31,42.0,210.0
2026-04-22T12:42:31.199189+00:00,3,GPU-031c91dd-0e29-1627-f144-ab7b1f2752ff,NVIDIA A100 80GB PCIe,0.0,0.0,0.0,81920.0,58.1,41.0,210.0
2026-04-22T12:42:33.326102+00:00,0,GPU-853f8ad0-e6b3-5214-d348-bbaabb71c68f,NVIDIA A100 80GB PCIe,0.0,0.0,1469.0,81920.0,83.56,55.0,1410.0
2026-04-22T12:42:33.326102+00:00,1,GPU-2320fa2a-bb18-82c2-141d-30c88e29c421,NVIDIA A100 80GB PCIe,0.0,0.0,0.0,81920.0,54.99,40.0,210.0
2026-04-22T12:42:33.326102+00:00,2,GPU-e2492382-f7a3-d9f9-022a-ee517a1856c0,NVIDIA A100 80GB PCIe,0.0,0.0,0.0,81920.0,60.31,43.0,210.0
2026-04-22T12:42:33.326102+00:00,3,GPU-031c91dd-0e29-1627-f144-ab7b1f2752ff,NVIDIA A100 80GB PCIe,0.0,0.0,0.0,81920.0,58.1,41.0,210.0
2026-04-22T12:42:35.463882+00:00,0,GPU-853f8ad0-e6b3-5214-d348-bbaabb71c68f,NVIDIA A100 80GB PCIe,0.0,0.0,1469.0,81920.0,83.56,55.0,1410.0
2026-04-22T12:42:35.463882+00:00,1,GPU-2320fa2a-bb18-82c2-141d-30c88e29c421,NVIDIA A100 80GB PCIe,0.0,0.0,0.0,81920.0,55.19,40.0,210.0
2026-04-22T12:42:35.463882+00:00,2,GPU-e2492382-f7a3-d9f9-022a-ee517a1856c0,NVIDIA A100 80GB PCIe,0.0,0.0,0.0,81920.0,60.31,43.0,210.0
2026-04-22T12:42:35.463882+00:00,3,GPU-031c91dd-0e29-1627-f144-ab7b1f2752ff,NVIDIA A100 80GB PCIe,0.0,0.0,0.0,81920.0,58.11,41.0,210.0
2026-04-22T12:42:37.601633+00:00,0,GPU-853f8ad0-e6b3-5214-d348-bbaabb71c68f,NVIDIA A100 80GB PCIe,0.0,0.0,1469.0,81920.0,83.46,55.0,1410.0
2026-04-22T12:42:37.601633+00:00,1,GPU-2320fa2a-bb18-82c2-141d-30c88e29c421,NVIDIA A100 80GB PCIe,0.0,0.0,0.0,81920.0,55.19,40.0,210.0
2026-04-22T12:42:37.601633+00:00,2,GPU-e2492382-f7a3-d9f9-022a-ee517a1856c0,NVIDIA A100 80GB PCIe,0.0,0.0,0.0,81920.0,60.4,43.0,210.0
2026-04-22T12:42:37.601633+00:00,3,GPU-031c91dd-0e29-1627-f144-ab7b1f2752ff,NVIDIA A100 80GB PCIe,0.0,0.0,0.0,81920.0,58.11,41.0,210.0
2026-04-22T12:42:39.738311+00:00,0,GPU-853f8ad0-e6b3-5214-d348-bbaabb71c68f,NVIDIA A100 80GB PCIe,0.0,0.0,1469.0,81920.0,83.27,55.0,1410.0
2026-04-22T12:42:39.738311+00:00,1,GPU-2320fa2a-bb18-82c2-141d-30c88e29c421,NVIDIA A100 80GB PCIe,0.0,0.0,0.0,81920.0,55.19,40.0,210.0
2026-04-22T12:42:39.738311+00:00,2,GPU-e2492382-f7a3-d9f9-022a-ee517a1856c0,NVIDIA A100 80GB PCIe,0.0,0.0,0.0,81920.0,60.4,43.0,210.0
2026-04-22T12:42:39.738311+00:00,3,GPU-031c91dd-0e29-1627-f144-ab7b1f2752ff,NVIDIA A100 80GB PCIe,0.0,0.0,0.0,81920.0,58.2,41.0,210.0
2026-04-22T12:42:41.874491+00:00,0,GPU-853f8ad0-e6b3-5214-d348-bbaabb71c68f,NVIDIA A100 80GB PCIe,0.0,0.0,1469.0,81920.0,83.56,54.0,1410.0
2026-04-22T12:42:41.874491+00:00,1,GPU-2320fa2a-bb18-82c2-141d-30c88e29c421,NVIDIA A100 80GB PCIe,0.0,0.0,0.0,81920.0,55.09,40.0,210.0
2026-04-22T12:42:41.874491+00:00,2,GPU-e2492382-f7a3-d9f9-022a-ee517a1856c0,NVIDIA A100 80GB PCIe,0.0,0.0,0.0,81920.0,60.4,43.0,210.0
2026-04-22T12:42:41.874491+00:00,3,GPU-031c91dd-0e29-1627-f144-ab7b1f2752ff,NVIDIA A100 80GB PCIe,0.0,0.0,0.0,81920.0,58.1,41.0,210.0
2026-04-22T12:42:44.017342+00:00,0,GPU-853f8ad0-e6b3-5214-d348-bbaabb71c68f,NVIDIA A100 80GB PCIe,0.0,0.0,1469.0,81920.0,83.27,54.0,1410.0
2026-04-22T12:42:44.017342+00:00,1,GPU-2320fa2a-bb18-82c2-141d-30c88e29c421,NVIDIA A100 80GB PCIe,0.0,0.0,0.0,81920.0,55.09,40.0,210.0
2026-04-22T12:42:44.017342+00:00,2,GPU-e2492382-f7a3-d9f9-022a-ee517a1856c0,NVIDIA A100 80GB PCIe,0.0,0.0,0.0,81920.0,60.5,43.0,210.0
2026-04-22T12:42:44.017342+00:00,3,GPU-031c91dd-0e29-1627-f144-ab7b1f2752ff,NVIDIA A100 80GB PCIe,0.0,0.0,0.0,81920.0,58.11,41.0,210.0
2026-04-22T12:42:46.152529+00:00,0,GPU-853f8ad0-e6b3-5214-d348-bbaabb71c68f,NVIDIA A100 80GB PCIe,0.0,0.0,1469.0,81920.0,83.27,54.0,1410.0
2026-04-22T12:42:46.152529+00:00,1,GPU-2320fa2a-bb18-82c2-141d-30c88e29c421,NVIDIA A100 80GB PCIe,0.0,0.0,0.0,81920.0,55.09,40.0,210.0
2026-04-22T12:42:46.152529+00:00,2,GPU-e2492382-f7a3-d9f9-022a-ee517a1856c0,NVIDIA A100 80GB PCIe,0.0,0.0,0.0,81920.0,60.4,43.0,210.0
2026-04-22T12:42:46.152529+00:00,3,GPU-031c91dd-0e29-1627-f144-ab7b1f2752ff,NVIDIA A100 80GB PCIe,0.0,0.0,0.0,81920.0,58.0,41.0,210.0
2026-04-22T12:42:48.287573+00:00,0,GPU-853f8ad0-e6b3-5214-d348-bbaabb71c68f,NVIDIA A100 80GB PCIe,0.0,0.0,1469.0,81920.0,84.39,54.0,1410.0
2026-04-22T12:42:48.287573+00:00,1,GPU-2320fa2a-bb18-82c2-141d-30c88e29c421,NVIDIA A100 80GB PCIe,0.0,0.0,0.0,81920.0,74.18,41.0,1410.0
2026-04-22T12:42:48.287573+00:00,2,GPU-e2492382-f7a3-d9f9-022a-ee517a1856c0,NVIDIA A100 80GB PCIe,0.0,0.0,0.0,81920.0,81.94,43.0,1395.0
2026-04-22T12:42:48.287573+00:00,3,GPU-031c91dd-0e29-1627-f144-ab7b1f2752ff,NVIDIA A100 80GB PCIe,0.0,0.0,0.0,81920.0,79.17,42.0,1410.0
2026-04-22T12:42:50.410676+00:00,0,GPU-853f8ad0-e6b3-5214-d348-bbaabb71c68f,NVIDIA A100 80GB PCIe,0.0,0.0,1469.0,81920.0,83.36,54.0,1410.0
2026-04-22T12:42:50.410676+00:00,1,GPU-2320fa2a-bb18-82c2-141d-30c88e29c421,NVIDIA A100 80GB PCIe,0.0,0.0,0.0,81920.0,55.19,40.0,210.0
2026-04-22T12:42:50.410676+00:00,2,GPU-e2492382-f7a3-d9f9-022a-ee517a1856c0,NVIDIA A100 80GB PCIe,0.0,0.0,0.0,81920.0,60.5,43.0,210.0
2026-04-22T12:42:50.410676+00:00,3,GPU-031c91dd-0e29-1627-f144-ab7b1f2752ff,NVIDIA A100 80GB PCIe,0.0,0.0,0.0,81920.0,58.2,41.0,210.0
2026-04-22T12:42:52.545990+00:00,0,GPU-853f8ad0-e6b3-5214-d348-bbaabb71c68f,NVIDIA A100 80GB PCIe,0.0,0.0,1469.0,81920.0,83.07,54.0,1410.0
2026-04-22T12:42:52.545990+00:00,1,GPU-2320fa2a-bb18-82c2-141d-30c88e29c421,NVIDIA A100 80GB PCIe,0.0,0.0,0.0,81920.0,54.8,40.0,210.0
2026-04-22T12:42:52.545990+00:00,2,GPU-e2492382-f7a3-d9f9-022a-ee517a1856c0,NVIDIA A100 80GB PCIe,0.0,0.0,0.0,81920.0,60.5,43.0,210.0
2026-04-22T12:42:52.545990+00:00,3,GPU-031c91dd-0e29-1627-f144-ab7b1f2752ff,NVIDIA A100 80GB PCIe,0.0,0.0,0.0,81920.0,58.2,41.0,210.0
2026-04-22T12:42:54.685896+00:00,0,GPU-853f8ad0-e6b3-5214-d348-bbaabb71c68f,NVIDIA A100 80GB PCIe,0.0,0.0,1469.0,81920.0,82.38,54.0,1410.0
2026-04-22T12:42:54.685896+00:00,1,GPU-2320fa2a-bb18-82c2-141d-30c88e29c421,NVIDIA A100 80GB PCIe,0.0,0.0,0.0,81920.0,55.09,40.0,210.0
2026-04-22T12:42:54.685896+00:00,2,GPU-e2492382-f7a3-d9f9-022a-ee517a1856c0,NVIDIA A100 80GB PCIe,0.0,0.0,0.0,81920.0,60.4,43.0,210.0
2026-04-22T12:42:54.685896+00:00,3,GPU-031c91dd-0e29-1627-f144-ab7b1f2752ff,NVIDIA A100 80GB PCIe,0.0,0.0,0.0,81920.0,58.11,41.0,210.0
2026-04-22T12:42:56.822182+00:00,0,GPU-853f8ad0-e6b3-5214-d348-bbaabb71c68f,NVIDIA A100 80GB PCIe,0.0,0.0,1469.0,81920.0,82.67,54.0,1410.0
2026-04-22T12:42:56.822182+00:00,1,GPU-2320fa2a-bb18-82c2-141d-30c88e29c421,NVIDIA A100 80GB PCIe,0.0,0.0,0.0,81920.0,55.19,40.0,210.0
2026-04-22T12:42:56.822182+00:00,2,GPU-e2492382-f7a3-d9f9-022a-ee517a1856c0,NVIDIA A100 80GB PCIe,0.0,0.0,0.0,81920.0,60.5,43.0,210.0
2026-04-22T12:42:56.822182+00:00,3,GPU-031c91dd-0e29-1627-f144-ab7b1f2752ff,NVIDIA A100 80GB PCIe,0.0,0.0,0.0,81920.0,58.1,41.0,210.0
2026-04-22T12:42:58.952217+00:00,0,GPU-853f8ad0-e6b3-5214-d348-bbaabb71c68f,NVIDIA A100 80GB PCIe,0.0,0.0,1469.0,81920.0,82.67,54.0,1410.0
2026-04-22T12:42:58.952217+00:00,1,GPU-2320fa2a-bb18-82c2-141d-30c88e29c421,NVIDIA A100 80GB PCIe,0.0,0.0,0.0,81920.0,55.09,40.0,210.0
2026-04-22T12:42:58.952217+00:00,2,GPU-e2492382-f7a3-d9f9-022a-ee517a1856c0,NVIDIA A100 80GB PCIe,0.0,0.0,0.0,81920.0,60.5,43.0,210.0
2026-04-22T12:42:58.952217+00:00,3,GPU-031c91dd-0e29-1627-f144-ab7b1f2752ff,NVIDIA A100 80GB PCIe,0.0,0.0,0.0,81920.0,58.11,41.0,210.0
2026-04-22T12:43:01.085803+00:00,0,GPU-853f8ad0-e6b3-5214-d348-bbaabb71c68f,NVIDIA A100 80GB PCIe,0.0,0.0,1469.0,81920.0,82.28,54.0,1410.0
2026-04-22T12:43:01.085803+00:00,1,GPU-2320fa2a-bb18-82c2-141d-30c88e29c421,NVIDIA A100 80GB PCIe,0.0,0.0,0.0,81920.0,55.28,40.0,210.0
2026-04-22T12:43:01.085803+00:00,2,GPU-e2492382-f7a3-d9f9-022a-ee517a1856c0,NVIDIA A100 80GB PCIe,0.0,0.0,0.0,81920.0,60.4,43.0,210.0
2026-04-22T12:43:01.085803+00:00,3,GPU-031c91dd-0e29-1627-f144-ab7b1f2752ff,NVIDIA A100 80GB PCIe,0.0,0.0,0.0,81920.0,58.2,41.0,210.0
2026-04-22T12:43:03.222583+00:00,0,GPU-853f8ad0-e6b3-5214-d348-bbaabb71c68f,NVIDIA A100 80GB PCIe,0.0,0.0,1469.0,81920.0,82.18,54.0,1410.0
2026-04-22T12:43:03.222583+00:00,1,GPU-2320fa2a-bb18-82c2-141d-30c88e29c421,NVIDIA A100 80GB PCIe,0.0,0.0,0.0,81920.0,55.19,40.0,210.0
2026-04-22T12:43:03.222583+00:00,2,GPU-e2492382-f7a3-d9f9-022a-ee517a1856c0,NVIDIA A100 80GB PCIe,0.0,0.0,0.0,81920.0,60.5,43.0,210.0
2026-04-22T12:43:03.222583+00:00,3,GPU-031c91dd-0e29-1627-f144-ab7b1f2752ff,NVIDIA A100 80GB PCIe,0.0,0.0,0.0,81920.0,58.12,41.0,210.0
2026-04-22T12:43:05.360854+00:00,0,GPU-853f8ad0-e6b3-5214-d348-bbaabb71c68f,NVIDIA A100 80GB PCIe,0.0,0.0,1469.0,81920.0,82.28,54.0,1410.0
2026-04-22T12:43:05.360854+00:00,1,GPU-2320fa2a-bb18-82c2-141d-30c88e29c421,NVIDIA A100 80GB PCIe,0.0,0.0,0.0,81920.0,55.38,40.0,210.0
2026-04-22T12:43:05.360854+00:00,2,GPU-e2492382-f7a3-d9f9-022a-ee517a1856c0,NVIDIA A100 80GB PCIe,0.0,0.0,0.0,81920.0,60.5,43.0,210.0
2026-04-22T12:43:05.360854+00:00,3,GPU-031c91dd-0e29-1627-f144-ab7b1f2752ff,NVIDIA A100 80GB PCIe,0.0,0.0,0.0,81920.0,58.0,41.0,210.0
2026-04-22T12:43:07.489304+00:00,0,GPU-853f8ad0-e6b3-5214-d348-bbaabb71c68f,NVIDIA A100 80GB PCIe,96.0,52.0,27687.0,81920.0,278.32,59.0,1395.0
2026-04-22T12:43:07.489304+00:00,1,GPU-2320fa2a-bb18-82c2-141d-30c88e29c421,NVIDIA A100 80GB PCIe,0.0,0.0,0.0,81920.0,55.2,40.0,210.0
2026-04-22T12:43:07.489304+00:00,2,GPU-e2492382-f7a3-d9f9-022a-ee517a1856c0,NVIDIA A100 80GB PCIe,0.0,0.0,0.0,81920.0,60.48,43.0,210.0
2026-04-22T12:43:07.489304+00:00,3,GPU-031c91dd-0e29-1627-f144-ab7b1f2752ff,NVIDIA A100 80GB PCIe,0.0,0.0,0.0,81920.0,58.08,41.0,210.0
2026-04-22T12:43:09.622045+00:00,0,GPU-853f8ad0-e6b3-5214-d348-bbaabb71c68f,NVIDIA A100 80GB PCIe,91.0,44.0,32613.0,81920.0,279.85,61.0,1395.0
2026-04-22T12:43:09.622045+00:00,1,GPU-2320fa2a-bb18-82c2-141d-30c88e29c421,NVIDIA A100 80GB PCIe,0.0,0.0,0.0,81920.0,54.79,40.0,210.0
2026-04-22T12:43:09.622045+00:00,2,GPU-e2492382-f7a3-d9f9-022a-ee517a1856c0,NVIDIA A100 80GB PCIe,0.0,0.0,0.0,81920.0,60.49,43.0,210.0
2026-04-22T12:43:09.622045+00:00,3,GPU-031c91dd-0e29-1627-f144-ab7b1f2752ff,NVIDIA A100 80GB PCIe,0.0,0.0,0.0,81920.0,58.17,41.0,210.0
2026-04-22T12:43:11.751600+00:00,0,GPU-853f8ad0-e6b3-5214-d348-bbaabb71c68f,NVIDIA A100 80GB PCIe,92.0,49.0,32613.0,81920.0,227.16,62.0,1410.0
2026-04-22T12:43:11.751600+00:00,1,GPU-2320fa2a-bb18-82c2-141d-30c88e29c421,NVIDIA A100 80GB PCIe,0.0,0.0,0.0,81920.0,54.74,40.0,210.0
2026-04-22T12:43:11.751600+00:00,2,GPU-e2492382-f7a3-d9f9-022a-ee517a1856c0,NVIDIA A100 80GB PCIe,0.0,0.0,0.0,81920.0,60.48,43.0,210.0
2026-04-22T12:43:11.751600+00:00,3,GPU-031c91dd-0e29-1627-f144-ab7b1f2752ff,NVIDIA A100 80GB PCIe,0.0,0.0,0.0,81920.0,58.1,41.0,210.0
2026-04-22T12:43:13.888419+00:00,0,GPU-853f8ad0-e6b3-5214-d348-bbaabb71c68f,NVIDIA A100 80GB PCIe,90.0,43.0,32613.0,81920.0,265.39,63.0,1365.0
2026-04-22T12:43:13.888419+00:00,1,GPU-2320fa2a-bb18-82c2-141d-30c88e29c421,NVIDIA A100 80GB PCIe,0.0,0.0,0.0,81920.0,54.99,40.0,210.0
2026-04-22T12:43:13.888419+00:00,2,GPU-e2492382-f7a3-d9f9-022a-ee517a1856c0,NVIDIA A100 80GB PCIe,0.0,0.0,0.0,81920.0,60.46,43.0,210.0
2026-04-22T12:43:13.888419+00:00,3,GPU-031c91dd-0e29-1627-f144-ab7b1f2752ff,NVIDIA A100 80GB PCIe,0.0,0.0,0.0,81920.0,58.17,41.0,210.0
2026-04-22T12:43:16.035525+00:00,0,GPU-853f8ad0-e6b3-5214-d348-bbaabb71c68f,NVIDIA A100 80GB PCIe,95.0,52.0,32613.0,81920.0,259.14,63.0,1395.0
2026-04-22T12:43:16.035525+00:00,1,GPU-2320fa2a-bb18-82c2-141d-30c88e29c421,NVIDIA A100 80GB PCIe,0.0,0.0,0.0,81920.0,54.81,40.0,210.0
2026-04-22T12:43:16.035525+00:00,2,GPU-e2492382-f7a3-d9f9-022a-ee517a1856c0,NVIDIA A100 80GB PCIe,0.0,0.0,0.0,81920.0,60.47,43.0,210.0
2026-04-22T12:43:16.035525+00:00,3,GPU-031c91dd-0e29-1627-f144-ab7b1f2752ff,NVIDIA A100 80GB PCIe,0.0,0.0,0.0,81920.0,58.2,41.0,210.0
2026-04-22T12:43:18.167408+00:00,0,GPU-853f8ad0-e6b3-5214-d348-bbaabb71c68f,NVIDIA A100 80GB PCIe,87.0,32.0,32613.0,81920.0,242.42,64.0,1410.0
2026-04-22T12:43:18.167408+00:00,1,GPU-2320fa2a-bb18-82c2-141d-30c88e29c421,NVIDIA A100 80GB PCIe,0.0,0.0,0.0,81920.0,54.83,40.0,210.0
2026-04-22T12:43:18.167408+00:00,2,GPU-e2492382-f7a3-d9f9-022a-ee517a1856c0,NVIDIA A100 80GB PCIe,0.0,0.0,0.0,81920.0,60.48,43.0,210.0
2026-04-22T12:43:18.167408+00:00,3,GPU-031c91dd-0e29-1627-f144-ab7b1f2752ff,NVIDIA A100 80GB PCIe,0.0,0.0,0.0,81920.0,58.28,41.0,210.0
2026-04-22T12:43:20.302786+00:00,0,GPU-853f8ad0-e6b3-5214-d348-bbaabb71c68f,NVIDIA A100 80GB PCIe,92.0,45.0,32613.0,81920.0,301.27,65.0,1395.0
2026-04-22T12:43:20.302786+00:00,1,GPU-2320fa2a-bb18-82c2-141d-30c88e29c421,NVIDIA A100 80GB PCIe,0.0,0.0,0.0,81920.0,55.08,40.0,210.0
2026-04-22T12:43:20.302786+00:00,2,GPU-e2492382-f7a3-d9f9-022a-ee517a1856c0,NVIDIA A100 80GB PCIe,0.0,0.0,0.0,81920.0,60.37,43.0,210.0
2026-04-22T12:43:20.302786+00:00,3,GPU-031c91dd-0e29-1627-f144-ab7b1f2752ff,NVIDIA A100 80GB PCIe,0.0,0.0,0.0,81920.0,58.16,41.0,210.0
2026-04-22T12:43:22.445727+00:00,0,GPU-853f8ad0-e6b3-5214-d348-bbaabb71c68f,NVIDIA A100 80GB PCIe,92.0,47.0,32613.0,81920.0,314.01,66.0,1395.0
2026-04-22T12:43:22.445727+00:00,1,GPU-2320fa2a-bb18-82c2-141d-30c88e29c421,NVIDIA A100 80GB PCIe,0.0,0.0,0.0,81920.0,55.16,40.0,210.0
2026-04-22T12:43:22.445727+00:00,2,GPU-e2492382-f7a3-d9f9-022a-ee517a1856c0,NVIDIA A100 80GB PCIe,0.0,0.0,0.0,81920.0,60.39,43.0,210.0
2026-04-22T12:43:22.445727+00:00,3,GPU-031c91dd-0e29-1627-f144-ab7b1f2752ff,NVIDIA A100 80GB PCIe,0.0,0.0,0.0,81920.0,57.99,41.0,210.0
2026-04-22T12:43:24.580817+00:00,0,GPU-853f8ad0-e6b3-5214-d348-bbaabb71c68f,NVIDIA A100 80GB PCIe,92.0,45.0,35213.0,81920.0,283.03,67.0,1380.0
2026-04-22T12:43:24.580817+00:00,1,GPU-2320fa2a-bb18-82c2-141d-30c88e29c421,NVIDIA A100 80GB PCIe,0.0,0.0,0.0,81920.0,54.98,40.0,210.0
2026-04-22T12:43:24.580817+00:00,2,GPU-e2492382-f7a3-d9f9-022a-ee517a1856c0,NVIDIA A100 80GB PCIe,0.0,0.0,0.0,81920.0,60.39,43.0,210.0
2026-04-22T12:43:24.580817+00:00,3,GPU-031c91dd-0e29-1627-f144-ab7b1f2752ff,NVIDIA A100 80GB PCIe,0.0,0.0,0.0,81920.0,58.19,41.0,210.0
2026-04-22T12:43:26.725974+00:00,0,GPU-853f8ad0-e6b3-5214-d348-bbaabb71c68f,NVIDIA A100 80GB PCIe,97.0,57.0,35213.0,81920.0,318.73,67.0,1395.0
2026-04-22T12:43:26.725974+00:00,1,GPU-2320fa2a-bb18-82c2-141d-30c88e29c421,NVIDIA A100 80GB PCIe,0.0,0.0,0.0,81920.0,55.18,40.0,210.0
2026-04-22T12:43:26.725974+00:00,2,GPU-e2492382-f7a3-d9f9-022a-ee517a1856c0,NVIDIA A100 80GB PCIe,0.0,0.0,0.0,81920.0,60.38,43.0,210.0
2026-04-22T12:43:26.725974+00:00,3,GPU-031c91dd-0e29-1627-f144-ab7b1f2752ff,NVIDIA A100 80GB PCIe,0.0,0.0,0.0,81920.0,58.07,41.0,210.0
2026-04-22T12:43:28.867315+00:00,0,GPU-853f8ad0-e6b3-5214-d348-bbaabb71c68f,NVIDIA A100 80GB PCIe,85.0,33.0,35213.0,81920.0,210.09,68.0,1395.0
2026-04-22T12:43:28.867315+00:00,1,GPU-2320fa2a-bb18-82c2-141d-30c88e29c421,NVIDIA A100 80GB PCIe,0.0,0.0,0.0,81920.0,54.89,40.0,210.0
2026-04-22T12:43:28.867315+00:00,2,GPU-e2492382-f7a3-d9f9-022a-ee517a1856c0,NVIDIA A100 80GB PCIe,0.0,0.0,0.0,81920.0,60.46,42.0,210.0
2026-04-22T12:43:28.867315+00:00,3,GPU-031c91dd-0e29-1627-f144-ab7b1f2752ff,NVIDIA A100 80GB PCIe,0.0,0.0,0.0,81920.0,57.97,41.0,210.0
2026-04-22T12:43:31.015978+00:00,0,GPU-853f8ad0-e6b3-5214-d348-bbaabb71c68f,NVIDIA A100 80GB PCIe,0.0,0.0,1469.0,81920.0,89.95,62.0,1410.0
2026-04-22T12:43:31.015978+00:00,1,GPU-2320fa2a-bb18-82c2-141d-30c88e29c421,NVIDIA A100 80GB PCIe,0.0,0.0,0.0,81920.0,55.19,40.0,210.0
2026-04-22T12:43:31.015978+00:00,2,GPU-e2492382-f7a3-d9f9-022a-ee517a1856c0,NVIDIA A100 80GB PCIe,0.0,0.0,0.0,81920.0,60.31,42.0,210.0
2026-04-22T12:43:31.015978+00:00,3,GPU-031c91dd-0e29-1627-f144-ab7b1f2752ff,NVIDIA A100 80GB PCIe,0.0,0.0,0.0,81920.0,58.1,41.0,210.0
2026-04-22T12:43:33.150737+00:00,0,GPU-853f8ad0-e6b3-5214-d348-bbaabb71c68f,NVIDIA A100 80GB PCIe,0.0,0.0,1469.0,81920.0,88.56,61.0,1410.0
2026-04-22T12:43:33.150737+00:00,1,GPU-2320fa2a-bb18-82c2-141d-30c88e29c421,NVIDIA A100 80GB PCIe,0.0,0.0,0.0,81920.0,55.19,40.0,210.0
2026-04-22T12:43:33.150737+00:00,2,GPU-e2492382-f7a3-d9f9-022a-ee517a1856c0,NVIDIA A100 80GB PCIe,0.0,0.0,0.0,81920.0,60.4,42.0,210.0
2026-04-22T12:43:33.150737+00:00,3,GPU-031c91dd-0e29-1627-f144-ab7b1f2752ff,NVIDIA A100 80GB PCIe,0.0,0.0,0.0,81920.0,57.9,41.0,210.0
2026-04-22T12:43:35.277120+00:00,0,GPU-853f8ad0-e6b3-5214-d348-bbaabb71c68f,NVIDIA A100 80GB PCIe,0.0,0.0,1469.0,81920.0,88.25,61.0,1410.0
2026-04-22T12:43:35.277120+00:00,1,GPU-2320fa2a-bb18-82c2-141d-30c88e29c421,NVIDIA A100 80GB PCIe,0.0,0.0,0.0,81920.0,55.19,40.0,210.0
2026-04-22T12:43:35.277120+00:00,2,GPU-e2492382-f7a3-d9f9-022a-ee517a1856c0,NVIDIA A100 80GB PCIe,0.0,0.0,0.0,81920.0,60.31,42.0,210.0
2026-04-22T12:43:35.277120+00:00,3,GPU-031c91dd-0e29-1627-f144-ab7b1f2752ff,NVIDIA A100 80GB PCIe,0.0,0.0,0.0,81920.0,57.92,41.0,210.0
2026-04-22T12:43:37.415630+00:00,0,GPU-853f8ad0-e6b3-5214-d348-bbaabb71c68f,NVIDIA A100 80GB PCIe,0.0,0.0,1469.0,81920.0,87.79,60.0,1410.0
2026-04-22T12:43:37.415630+00:00,1,GPU-2320fa2a-bb18-82c2-141d-30c88e29c421,NVIDIA A100 80GB PCIe,0.0,0.0,0.0,81920.0,55.09,40.0,210.0
2026-04-22T12:43:37.415630+00:00,2,GPU-e2492382-f7a3-d9f9-022a-ee517a1856c0,NVIDIA A100 80GB PCIe,0.0,0.0,0.0,81920.0,60.31,42.0,210.0
2026-04-22T12:43:37.415630+00:00,3,GPU-031c91dd-0e29-1627-f144-ab7b1f2752ff,NVIDIA A100 80GB PCIe,0.0,0.0,0.0,81920.0,58.0,41.0,210.0
2026-04-22T12:43:39.554778+00:00,0,GPU-853f8ad0-e6b3-5214-d348-bbaabb71c68f,NVIDIA A100 80GB PCIe,0.0,0.0,1469.0,81920.0,87.5,60.0,1410.0
2026-04-22T12:43:39.554778+00:00,1,GPU-2320fa2a-bb18-82c2-141d-30c88e29c421,NVIDIA A100 80GB PCIe,0.0,0.0,0.0,81920.0,54.99,40.0,210.0
2026-04-22T12:43:39.554778+00:00,2,GPU-e2492382-f7a3-d9f9-022a-ee517a1856c0,NVIDIA A100 80GB PCIe,0.0,0.0,0.0,81920.0,60.21,42.0,210.0
2026-04-22T12:43:39.554778+00:00,3,GPU-031c91dd-0e29-1627-f144-ab7b1f2752ff,NVIDIA A100 80GB PCIe,0.0,0.0,0.0,81920.0,58.0,41.0,210.0
2026-04-22T12:43:41.694687+00:00,0,GPU-853f8ad0-e6b3-5214-d348-bbaabb71c68f,NVIDIA A100 80GB PCIe,0.0,0.0,1469.0,81920.0,87.19,60.0,1410.0
2026-04-22T12:43:41.694687+00:00,1,GPU-2320fa2a-bb18-82c2-141d-30c88e29c421,NVIDIA A100 80GB PCIe,0.0,0.0,0.0,81920.0,55.09,40.0,210.0
2026-04-22T12:43:41.694687+00:00,2,GPU-e2492382-f7a3-d9f9-022a-ee517a1856c0,NVIDIA A100 80GB PCIe,0.0,0.0,0.0,81920.0,60.21,42.0,210.0
2026-04-22T12:43:41.694687+00:00,3,GPU-031c91dd-0e29-1627-f144-ab7b1f2752ff,NVIDIA A100 80GB PCIe,0.0,0.0,0.0,81920.0,57.82,41.0,210.0
2026-04-22T12:43:43.831199+00:00,0,GPU-853f8ad0-e6b3-5214-d348-bbaabb71c68f,NVIDIA A100 80GB PCIe,0.0,0.0,1469.0,81920.0,87.09,59.0,1410.0
2026-04-22T12:43:43.831199+00:00,1,GPU-2320fa2a-bb18-82c2-141d-30c88e29c421,NVIDIA A100 80GB PCIe,0.0,0.0,0.0,81920.0,54.99,40.0,210.0
2026-04-22T12:43:43.831199+00:00,2,GPU-e2492382-f7a3-d9f9-022a-ee517a1856c0,NVIDIA A100 80GB PCIe,0.0,0.0,0.0,81920.0,60.21,42.0,210.0
2026-04-22T12:43:43.831199+00:00,3,GPU-031c91dd-0e29-1627-f144-ab7b1f2752ff,NVIDIA A100 80GB PCIe,0.0,0.0,0.0,81920.0,57.9,41.0,210.0
2026-04-22T12:43:45.958392+00:00,0,GPU-853f8ad0-e6b3-5214-d348-bbaabb71c68f,NVIDIA A100 80GB PCIe,0.0,0.0,1469.0,81920.0,87.0,59.0,1410.0
2026-04-22T12:43:45.958392+00:00,1,GPU-2320fa2a-bb18-82c2-141d-30c88e29c421,NVIDIA A100 80GB PCIe,0.0,0.0,0.0,81920.0,54.99,40.0,210.0
2026-04-22T12:43:45.958392+00:00,2,GPU-e2492382-f7a3-d9f9-022a-ee517a1856c0,NVIDIA A100 80GB PCIe,0.0,0.0,0.0,81920.0,60.31,42.0,210.0
2026-04-22T12:43:45.958392+00:00,3,GPU-031c91dd-0e29-1627-f144-ab7b1f2752ff,NVIDIA A100 80GB PCIe,0.0,0.0,0.0,81920.0,58.0,41.0,210.0
2026-04-22T12:43:48.096399+00:00,0,GPU-853f8ad0-e6b3-5214-d348-bbaabb71c68f,NVIDIA A100 80GB PCIe,0.0,0.0,1469.0,81920.0,86.79,59.0,1410.0
2026-04-22T12:43:48.096399+00:00,1,GPU-2320fa2a-bb18-82c2-141d-30c88e29c421,NVIDIA A100 80GB PCIe,0.0,0.0,0.0,81920.0,54.99,40.0,210.0
2026-04-22T12:43:48.096399+00:00,2,GPU-e2492382-f7a3-d9f9-022a-ee517a1856c0,NVIDIA A100 80GB PCIe,0.0,0.0,0.0,81920.0,60.31,42.0,210.0
2026-04-22T12:43:48.096399+00:00,3,GPU-031c91dd-0e29-1627-f144-ab7b1f2752ff,NVIDIA A100 80GB PCIe,0.0,0.0,0.0,81920.0,58.0,41.0,210.0
2026-04-22T12:43:50.223045+00:00,0,GPU-853f8ad0-e6b3-5214-d348-bbaabb71c68f,NVIDIA A100 80GB PCIe,0.0,0.0,1469.0,81920.0,86.79,59.0,1410.0
2026-04-22T12:43:50.223045+00:00,1,GPU-2320fa2a-bb18-82c2-141d-30c88e29c421,NVIDIA A100 80GB PCIe,0.0,0.0,0.0,81920.0,54.99,40.0,210.0
2026-04-22T12:43:50.223045+00:00,2,GPU-e2492382-f7a3-d9f9-022a-ee517a1856c0,NVIDIA A100 80GB PCIe,0.0,0.0,0.0,81920.0,60.21,42.0,210.0
2026-04-22T12:43:50.223045+00:00,3,GPU-031c91dd-0e29-1627-f144-ab7b1f2752ff,NVIDIA A100 80GB PCIe,0.0,0.0,0.0,81920.0,57.82,41.0,210.0
2026-04-22T12:43:52.350203+00:00,0,GPU-853f8ad0-e6b3-5214-d348-bbaabb71c68f,NVIDIA A100 80GB PCIe,0.0,0.0,1469.0,81920.0,86.5,59.0,1410.0
2026-04-22T12:43:52.350203+00:00,1,GPU-2320fa2a-bb18-82c2-141d-30c88e29c421,NVIDIA A100 80GB PCIe,0.0,0.0,0.0,81920.0,55.09,40.0,210.0
2026-04-22T12:43:52.350203+00:00,2,GPU-e2492382-f7a3-d9f9-022a-ee517a1856c0,NVIDIA A100 80GB PCIe,0.0,0.0,0.0,81920.0,60.5,42.0,210.0
2026-04-22T12:43:52.350203+00:00,3,GPU-031c91dd-0e29-1627-f144-ab7b1f2752ff,NVIDIA A100 80GB PCIe,0.0,0.0,0.0,81920.0,57.82,41.0,210.0
2026-04-22T12:43:54.490499+00:00,0,GPU-853f8ad0-e6b3-5214-d348-bbaabb71c68f,NVIDIA A100 80GB PCIe,0.0,0.0,1469.0,81920.0,86.4,58.0,1410.0
2026-04-22T12:43:54.490499+00:00,1,GPU-2320fa2a-bb18-82c2-141d-30c88e29c421,NVIDIA A100 80GB PCIe,0.0,0.0,0.0,81920.0,55.09,40.0,210.0
2026-04-22T12:43:54.490499+00:00,2,GPU-e2492382-f7a3-d9f9-022a-ee517a1856c0,NVIDIA A100 80GB PCIe,0.0,0.0,0.0,81920.0,60.21,42.0,210.0
2026-04-22T12:43:54.490499+00:00,3,GPU-031c91dd-0e29-1627-f144-ab7b1f2752ff,NVIDIA A100 80GB PCIe,0.0,0.0,0.0,81920.0,58.01,41.0,210.0
2026-04-22T12:43:56.623928+00:00,0,GPU-853f8ad0-e6b3-5214-d348-bbaabb71c68f,NVIDIA A100 80GB PCIe,0.0,0.0,1469.0,81920.0,86.3,58.0,1410.0
2026-04-22T12:43:56.623928+00:00,1,GPU-2320fa2a-bb18-82c2-141d-30c88e29c421,NVIDIA A100 80GB PCIe,0.0,0.0,0.0,81920.0,55.09,40.0,210.0
2026-04-22T12:43:56.623928+00:00,2,GPU-e2492382-f7a3-d9f9-022a-ee517a1856c0,NVIDIA A100 80GB PCIe,0.0,0.0,0.0,81920.0,60.31,42.0,210.0
2026-04-22T12:43:56.623928+00:00,3,GPU-031c91dd-0e29-1627-f144-ab7b1f2752ff,NVIDIA A100 80GB PCIe,0.0,0.0,0.0,81920.0,58.0,41.0,210.0
2026-04-22T12:43:58.762104+00:00,0,GPU-853f8ad0-e6b3-5214-d348-bbaabb71c68f,NVIDIA A100 80GB PCIe,0.0,0.0,1469.0,81920.0,86.21,58.0,1410.0
2026-04-22T12:43:58.762104+00:00,1,GPU-2320fa2a-bb18-82c2-141d-30c88e29c421,NVIDIA A100 80GB PCIe,0.0,0.0,0.0,81920.0,55.19,40.0,210.0
2026-04-22T12:43:58.762104+00:00,2,GPU-e2492382-f7a3-d9f9-022a-ee517a1856c0,NVIDIA A100 80GB PCIe,0.0,0.0,0.0,81920.0,60.31,42.0,210.0
2026-04-22T12:43:58.762104+00:00,3,GPU-031c91dd-0e29-1627-f144-ab7b1f2752ff,NVIDIA A100 80GB PCIe,0.0,0.0,0.0,81920.0,58.0,41.0,210.0
2026-04-22T12:44:00.907855+00:00,0,GPU-853f8ad0-e6b3-5214-d348-bbaabb71c68f,NVIDIA A100 80GB PCIe,0.0,0.0,1469.0,81920.0,86.3,58.0,1410.0
2026-04-22T12:44:00.907855+00:00,1,GPU-2320fa2a-bb18-82c2-141d-30c88e29c421,NVIDIA A100 80GB PCIe,0.0,0.0,0.0,81920.0,54.99,40.0,210.0
2026-04-22T12:44:00.907855+00:00,2,GPU-e2492382-f7a3-d9f9-022a-ee517a1856c0,NVIDIA A100 80GB PCIe,0.0,0.0,0.0,81920.0,60.21,42.0,210.0
2026-04-22T12:44:00.907855+00:00,3,GPU-031c91dd-0e29-1627-f144-ab7b1f2752ff,NVIDIA A100 80GB PCIe,0.0,0.0,0.0,81920.0,57.9,41.0,210.0
2026-04-22T12:44:03.044719+00:00,0,GPU-853f8ad0-e6b3-5214-d348-bbaabb71c68f,NVIDIA A100 80GB PCIe,0.0,0.0,1469.0,81920.0,85.43,58.0,1410.0
2026-04-22T12:44:03.044719+00:00,1,GPU-2320fa2a-bb18-82c2-141d-30c88e29c421,NVIDIA A100 80GB PCIe,0.0,0.0,0.0,81920.0,55.09,40.0,210.0
2026-04-22T12:44:03.044719+00:00,2,GPU-e2492382-f7a3-d9f9-022a-ee517a1856c0,NVIDIA A100 80GB PCIe,0.0,0.0,0.0,81920.0,60.21,42.0,210.0
2026-04-22T12:44:03.044719+00:00,3,GPU-031c91dd-0e29-1627-f144-ab7b1f2752ff,NVIDIA A100 80GB PCIe,0.0,0.0,0.0,81920.0,57.9,41.0,210.0
2026-04-22T12:44:05.173841+00:00,0,GPU-853f8ad0-e6b3-5214-d348-bbaabb71c68f,NVIDIA A100 80GB PCIe,0.0,0.0,1469.0,81920.0,85.12,58.0,1410.0
2026-04-22T12:44:05.173841+00:00,1,GPU-2320fa2a-bb18-82c2-141d-30c88e29c421,NVIDIA A100 80GB PCIe,0.0,0.0,0.0,81920.0,54.99,40.0,210.0
2026-04-22T12:44:05.173841+00:00,2,GPU-e2492382-f7a3-d9f9-022a-ee517a1856c0,NVIDIA A100 80GB PCIe,0.0,0.0,0.0,81920.0,60.31,42.0,210.0
2026-04-22T12:44:05.173841+00:00,3,GPU-031c91dd-0e29-1627-f144-ab7b1f2752ff,NVIDIA A100 80GB PCIe,0.0,0.0,0.0,81920.0,58.0,41.0,210.0
2026-04-22T12:44:07.305109+00:00,0,GPU-853f8ad0-e6b3-5214-d348-bbaabb71c68f,NVIDIA A100 80GB PCIe,0.0,0.0,1469.0,81920.0,85.14,57.0,1410.0
2026-04-22T12:44:07.305109+00:00,1,GPU-2320fa2a-bb18-82c2-141d-30c88e29c421,NVIDIA A100 80GB PCIe,0.0,0.0,0.0,81920.0,55.19,40.0,210.0
2026-04-22T12:44:07.305109+00:00,2,GPU-e2492382-f7a3-d9f9-022a-ee517a1856c0,NVIDIA A100 80GB PCIe,0.0,0.0,0.0,81920.0,60.31,42.0,210.0
2026-04-22T12:44:07.305109+00:00,3,GPU-031c91dd-0e29-1627-f144-ab7b1f2752ff,NVIDIA A100 80GB PCIe,0.0,0.0,0.0,81920.0,58.0,41.0,210.0
2026-04-22T12:44:09.434937+00:00,0,GPU-853f8ad0-e6b3-5214-d348-bbaabb71c68f,NVIDIA A100 80GB PCIe,0.0,0.0,1469.0,81920.0,85.24,57.0,1410.0
2026-04-22T12:44:09.434937+00:00,1,GPU-2320fa2a-bb18-82c2-141d-30c88e29c421,NVIDIA A100 80GB PCIe,0.0,0.0,0.0,81920.0,55.09,40.0,210.0
2026-04-22T12:44:09.434937+00:00,2,GPU-e2492382-f7a3-d9f9-022a-ee517a1856c0,NVIDIA A100 80GB PCIe,0.0,0.0,0.0,81920.0,60.21,42.0,210.0
2026-04-22T12:44:09.434937+00:00,3,GPU-031c91dd-0e29-1627-f144-ab7b1f2752ff,NVIDIA A100 80GB PCIe,0.0,0.0,0.0,81920.0,58.21,41.0,210.0
2026-04-22T12:44:11.575608+00:00,0,GPU-853f8ad0-e6b3-5214-d348-bbaabb71c68f,NVIDIA A100 80GB PCIe,0.0,0.0,1469.0,81920.0,84.75,57.0,1410.0
2026-04-22T12:44:11.575608+00:00,1,GPU-2320fa2a-bb18-82c2-141d-30c88e29c421,NVIDIA A100 80GB PCIe,0.0,0.0,0.0,81920.0,55.09,40.0,210.0
2026-04-22T12:44:11.575608+00:00,2,GPU-e2492382-f7a3-d9f9-022a-ee517a1856c0,NVIDIA A100 80GB PCIe,0.0,0.0,0.0,81920.0,60.31,42.0,210.0
2026-04-22T12:44:11.575608+00:00,3,GPU-031c91dd-0e29-1627-f144-ab7b1f2752ff,NVIDIA A100 80GB PCIe,0.0,0.0,0.0,81920.0,58.0,41.0,210.0
2026-04-22T12:44:13.701696+00:00,0,GPU-853f8ad0-e6b3-5214-d348-bbaabb71c68f,NVIDIA A100 80GB PCIe,0.0,0.0,1469.0,81920.0,84.56,57.0,1410.0
2026-04-22T12:44:13.701696+00:00,1,GPU-2320fa2a-bb18-82c2-141d-30c88e29c421,NVIDIA A100 80GB PCIe,0.0,0.0,0.0,81920.0,55.09,40.0,210.0
2026-04-22T12:44:13.701696+00:00,2,GPU-e2492382-f7a3-d9f9-022a-ee517a1856c0,NVIDIA A100 80GB PCIe,0.0,0.0,0.0,81920.0,60.31,42.0,210.0
2026-04-22T12:44:13.701696+00:00,3,GPU-031c91dd-0e29-1627-f144-ab7b1f2752ff,NVIDIA A100 80GB PCIe,0.0,0.0,0.0,81920.0,58.0,41.0,210.0
2026-04-22T12:44:15.829906+00:00,0,GPU-853f8ad0-e6b3-5214-d348-bbaabb71c68f,NVIDIA A100 80GB PCIe,0.0,0.0,1469.0,81920.0,84.75,57.0,1410.0
2026-04-22T12:44:15.829906+00:00,1,GPU-2320fa2a-bb18-82c2-141d-30c88e29c421,NVIDIA A100 80GB PCIe,0.0,0.0,0.0,81920.0,55.09,40.0,210.0
2026-04-22T12:44:15.829906+00:00,2,GPU-e2492382-f7a3-d9f9-022a-ee517a1856c0,NVIDIA A100 80GB PCIe,0.0,0.0,0.0,81920.0,60.21,42.0,210.0
2026-04-22T12:44:15.829906+00:00,3,GPU-031c91dd-0e29-1627-f144-ab7b1f2752ff,NVIDIA A100 80GB PCIe,0.0,0.0,0.0,81920.0,58.0,41.0,210.0
2026-04-22T12:44:17.956056+00:00,0,GPU-853f8ad0-e6b3-5214-d348-bbaabb71c68f,NVIDIA A100 80GB PCIe,0.0,0.0,1469.0,81920.0,84.65,57.0,1410.0
2026-04-22T12:44:17.956056+00:00,1,GPU-2320fa2a-bb18-82c2-141d-30c88e29c421,NVIDIA A100 80GB PCIe,0.0,0.0,0.0,81920.0,55.09,40.0,210.0
2026-04-22T12:44:17.956056+00:00,2,GPU-e2492382-f7a3-d9f9-022a-ee517a1856c0,NVIDIA A100 80GB PCIe,0.0,0.0,0.0,81920.0,60.21,42.0,210.0
2026-04-22T12:44:17.956056+00:00,3,GPU-031c91dd-0e29-1627-f144-ab7b1f2752ff,NVIDIA A100 80GB PCIe,0.0,0.0,0.0,81920.0,58.0,41.0,210.0
2026-04-22T12:44:20.082404+00:00,0,GPU-853f8ad0-e6b3-5214-d348-bbaabb71c68f,NVIDIA A100 80GB PCIe,0.0,0.0,1469.0,81920.0,84.66,57.0,1410.0
2026-04-22T12:44:20.082404+00:00,1,GPU-2320fa2a-bb18-82c2-141d-30c88e29c421,NVIDIA A100 80GB PCIe,0.0,0.0,0.0,81920.0,55.09,40.0,210.0
2026-04-22T12:44:20.082404+00:00,2,GPU-e2492382-f7a3-d9f9-022a-ee517a1856c0,NVIDIA A100 80GB PCIe,0.0,0.0,0.0,81920.0,60.31,42.0,210.0
2026-04-22T12:44:20.082404+00:00,3,GPU-031c91dd-0e29-1627-f144-ab7b1f2752ff,NVIDIA A100 80GB PCIe,0.0,0.0,0.0,81920.0,57.92,41.0,210.0
2026-04-22T12:44:22.208058+00:00,0,GPU-853f8ad0-e6b3-5214-d348-bbaabb71c68f,NVIDIA A100 80GB PCIe,0.0,0.0,1469.0,81920.0,84.46,56.0,1410.0
2026-04-22T12:44:22.208058+00:00,1,GPU-2320fa2a-bb18-82c2-141d-30c88e29c421,NVIDIA A100 80GB PCIe,0.0,0.0,0.0,81920.0,55.28,40.0,210.0
2026-04-22T12:44:22.208058+00:00,2,GPU-e2492382-f7a3-d9f9-022a-ee517a1856c0,NVIDIA A100 80GB PCIe,0.0,0.0,0.0,81920.0,60.31,42.0,210.0
2026-04-22T12:44:22.208058+00:00,3,GPU-031c91dd-0e29-1627-f144-ab7b1f2752ff,NVIDIA A100 80GB PCIe,0.0,0.0,0.0,81920.0,58.0,41.0,210.0
2026-04-22T12:44:24.341905+00:00,0,GPU-853f8ad0-e6b3-5214-d348-bbaabb71c68f,NVIDIA A100 80GB PCIe,0.0,0.0,1469.0,81920.0,84.24,56.0,1410.0
2026-04-22T12:44:24.341905+00:00,1,GPU-2320fa2a-bb18-82c2-141d-30c88e29c421,NVIDIA A100 80GB PCIe,0.0,0.0,0.0,81920.0,55.09,40.0,210.0
2026-04-22T12:44:24.341905+00:00,2,GPU-e2492382-f7a3-d9f9-022a-ee517a1856c0,NVIDIA A100 80GB PCIe,0.0,0.0,0.0,81920.0,60.31,42.0,210.0
2026-04-22T12:44:24.341905+00:00,3,GPU-031c91dd-0e29-1627-f144-ab7b1f2752ff,NVIDIA A100 80GB PCIe,0.0,0.0,0.0,81920.0,58.01,41.0,210.0
2026-04-22T12:44:26.475393+00:00,0,GPU-853f8ad0-e6b3-5214-d348-bbaabb71c68f,NVIDIA A100 80GB PCIe,0.0,0.0,1469.0,81920.0,84.14,56.0,1410.0
2026-04-22T12:44:26.475393+00:00,1,GPU-2320fa2a-bb18-82c2-141d-30c88e29c421,NVIDIA A100 80GB PCIe,0.0,0.0,0.0,81920.0,55.19,40.0,210.0
2026-04-22T12:44:26.475393+00:00,2,GPU-e2492382-f7a3-d9f9-022a-ee517a1856c0,NVIDIA A100 80GB PCIe,0.0,0.0,0.0,81920.0,60.31,42.0,210.0
2026-04-22T12:44:26.475393+00:00,3,GPU-031c91dd-0e29-1627-f144-ab7b1f2752ff,NVIDIA A100 80GB PCIe,0.0,0.0,0.0,81920.0,58.11,41.0,210.0
2026-04-22T12:44:28.604008+00:00,0,GPU-853f8ad0-e6b3-5214-d348-bbaabb71c68f,NVIDIA A100 80GB PCIe,0.0,0.0,1469.0,81920.0,85.84,56.0,1410.0
2026-04-22T12:44:28.604008+00:00,1,GPU-2320fa2a-bb18-82c2-141d-30c88e29c421,NVIDIA A100 80GB PCIe,0.0,0.0,0.0,81920.0,55.19,40.0,210.0
2026-04-22T12:44:28.604008+00:00,2,GPU-e2492382-f7a3-d9f9-022a-ee517a1856c0,NVIDIA A100 80GB PCIe,0.0,0.0,0.0,81920.0,60.31,42.0,210.0
2026-04-22T12:44:28.604008+00:00,3,GPU-031c91dd-0e29-1627-f144-ab7b1f2752ff,NVIDIA A100 80GB PCIe,0.0,0.0,0.0,81920.0,58.01,41.0,210.0
2026-04-22T12:44:30.733185+00:00,0,GPU-853f8ad0-e6b3-5214-d348-bbaabb71c68f,NVIDIA A100 80GB PCIe,0.0,0.0,1469.0,81920.0,84.25,56.0,1410.0
2026-04-22T12:44:30.733185+00:00,1,GPU-2320fa2a-bb18-82c2-141d-30c88e29c421,NVIDIA A100 80GB PCIe,0.0,0.0,0.0,81920.0,55.19,40.0,210.0
2026-04-22T12:44:30.733185+00:00,2,GPU-e2492382-f7a3-d9f9-022a-ee517a1856c0,NVIDIA A100 80GB PCIe,0.0,0.0,0.0,81920.0,60.31,42.0,210.0
2026-04-22T12:44:30.733185+00:00,3,GPU-031c91dd-0e29-1627-f144-ab7b1f2752ff,NVIDIA A100 80GB PCIe,0.0,0.0,0.0,81920.0,58.01,41.0,210.0
2026-04-22T12:44:32.862598+00:00,0,GPU-853f8ad0-e6b3-5214-d348-bbaabb71c68f,NVIDIA A100 80GB PCIe,0.0,0.0,1469.0,81920.0,84.24,56.0,1410.0
2026-04-22T12:44:32.862598+00:00,1,GPU-2320fa2a-bb18-82c2-141d-30c88e29c421,NVIDIA A100 80GB PCIe,0.0,0.0,0.0,81920.0,55.19,40.0,210.0
2026-04-22T12:44:32.862598+00:00,2,GPU-e2492382-f7a3-d9f9-022a-ee517a1856c0,NVIDIA A100 80GB PCIe,0.0,0.0,0.0,81920.0,60.31,42.0,210.0
2026-04-22T12:44:32.862598+00:00,3,GPU-031c91dd-0e29-1627-f144-ab7b1f2752ff,NVIDIA A100 80GB PCIe,0.0,0.0,0.0,81920.0,58.1,41.0,210.0
2026-04-22T12:44:35.004529+00:00,0,GPU-853f8ad0-e6b3-5214-d348-bbaabb71c68f,NVIDIA A100 80GB PCIe,0.0,0.0,1469.0,81920.0,84.14,56.0,1410.0
2026-04-22T12:44:35.004529+00:00,1,GPU-2320fa2a-bb18-82c2-141d-30c88e29c421,NVIDIA A100 80GB PCIe,0.0,0.0,0.0,81920.0,55.19,40.0,210.0
2026-04-22T12:44:35.004529+00:00,2,GPU-e2492382-f7a3-d9f9-022a-ee517a1856c0,NVIDIA A100 80GB PCIe,0.0,0.0,0.0,81920.0,60.31,42.0,210.0
2026-04-22T12:44:35.004529+00:00,3,GPU-031c91dd-0e29-1627-f144-ab7b1f2752ff,NVIDIA A100 80GB PCIe,0.0,0.0,0.0,81920.0,58.1,41.0,210.0
2026-04-22T12:44:37.138153+00:00,0,GPU-853f8ad0-e6b3-5214-d348-bbaabb71c68f,NVIDIA A100 80GB PCIe,0.0,0.0,1469.0,81920.0,83.95,56.0,1410.0
2026-04-22T12:44:37.138153+00:00,1,GPU-2320fa2a-bb18-82c2-141d-30c88e29c421,NVIDIA A100 80GB PCIe,0.0,0.0,0.0,81920.0,55.19,40.0,210.0
2026-04-22T12:44:37.138153+00:00,2,GPU-e2492382-f7a3-d9f9-022a-ee517a1856c0,NVIDIA A100 80GB PCIe,0.0,0.0,0.0,81920.0,60.31,42.0,210.0
2026-04-22T12:44:37.138153+00:00,3,GPU-031c91dd-0e29-1627-f144-ab7b1f2752ff,NVIDIA A100 80GB PCIe,0.0,0.0,0.0,81920.0,58.0,41.0,210.0
2026-04-22T12:44:39.242932+00:00,0,GPU-853f8ad0-e6b3-5214-d348-bbaabb71c68f,NVIDIA A100 80GB PCIe,0.0,0.0,1469.0,81920.0,84.75,56.0,1410.0
2026-04-22T12:44:39.242932+00:00,1,GPU-2320fa2a-bb18-82c2-141d-30c88e29c421,NVIDIA A100 80GB PCIe,0.0,0.0,0.0,81920.0,55.09,40.0,210.0
2026-04-22T12:44:39.242932+00:00,2,GPU-e2492382-f7a3-d9f9-022a-ee517a1856c0,NVIDIA A100 80GB PCIe,0.0,0.0,0.0,81920.0,60.4,42.0,210.0
2026-04-22T12:44:39.242932+00:00,3,GPU-031c91dd-0e29-1627-f144-ab7b1f2752ff,NVIDIA A100 80GB PCIe,0.0,0.0,0.0,81920.0,58.01,41.0,210.0
2026-04-22T12:44:41.350075+00:00,0,GPU-853f8ad0-e6b3-5214-d348-bbaabb71c68f,NVIDIA A100 80GB PCIe,0.0,0.0,1469.0,81920.0,84.35,55.0,1410.0
2026-04-22T12:44:41.350075+00:00,1,GPU-2320fa2a-bb18-82c2-141d-30c88e29c421,NVIDIA A100 80GB PCIe,0.0,0.0,0.0,81920.0,55.19,40.0,210.0
2026-04-22T12:44:41.350075+00:00,2,GPU-e2492382-f7a3-d9f9-022a-ee517a1856c0,NVIDIA A100 80GB PCIe,0.0,0.0,0.0,81920.0,60.4,42.0,210.0
2026-04-22T12:44:41.350075+00:00,3,GPU-031c91dd-0e29-1627-f144-ab7b1f2752ff,NVIDIA A100 80GB PCIe,0.0,0.0,0.0,81920.0,58.01,41.0,210.0
2026-04-22T12:44:43.462496+00:00,0,GPU-853f8ad0-e6b3-5214-d348-bbaabb71c68f,NVIDIA A100 80GB PCIe,0.0,0.0,1469.0,81920.0,84.05,55.0,1410.0
2026-04-22T12:44:43.462496+00:00,1,GPU-2320fa2a-bb18-82c2-141d-30c88e29c421,NVIDIA A100 80GB PCIe,0.0,0.0,0.0,81920.0,55.19,40.0,210.0
2026-04-22T12:44:43.462496+00:00,2,GPU-e2492382-f7a3-d9f9-022a-ee517a1856c0,NVIDIA A100 80GB PCIe,0.0,0.0,0.0,81920.0,60.4,43.0,210.0
2026-04-22T12:44:43.462496+00:00,3,GPU-031c91dd-0e29-1627-f144-ab7b1f2752ff,NVIDIA A100 80GB PCIe,0.0,0.0,0.0,81920.0,58.1,41.0,210.0
2026-04-22T12:44:45.569333+00:00,0,GPU-853f8ad0-e6b3-5214-d348-bbaabb71c68f,NVIDIA A100 80GB PCIe,0.0,0.0,1469.0,81920.0,83.85,55.0,1410.0
2026-04-22T12:44:45.569333+00:00,1,GPU-2320fa2a-bb18-82c2-141d-30c88e29c421,NVIDIA A100 80GB PCIe,0.0,0.0,0.0,81920.0,55.19,40.0,210.0
2026-04-22T12:44:45.569333+00:00,2,GPU-e2492382-f7a3-d9f9-022a-ee517a1856c0,NVIDIA A100 80GB PCIe,0.0,0.0,0.0,81920.0,60.4,43.0,210.0
2026-04-22T12:44:45.569333+00:00,3,GPU-031c91dd-0e29-1627-f144-ab7b1f2752ff,NVIDIA A100 80GB PCIe,0.0,0.0,0.0,81920.0,58.11,41.0,210.0
2026-04-22T12:44:47.675407+00:00,0,GPU-853f8ad0-e6b3-5214-d348-bbaabb71c68f,NVIDIA A100 80GB PCIe,0.0,0.0,1469.0,81920.0,83.66,55.0,1410.0
2026-04-22T12:44:47.675407+00:00,1,GPU-2320fa2a-bb18-82c2-141d-30c88e29c421,NVIDIA A100 80GB PCIe,0.0,0.0,0.0,81920.0,55.19,40.0,210.0
2026-04-22T12:44:47.675407+00:00,2,GPU-e2492382-f7a3-d9f9-022a-ee517a1856c0,NVIDIA A100 80GB PCIe,0.0,0.0,0.0,81920.0,60.31,43.0,210.0
2026-04-22T12:44:47.675407+00:00,3,GPU-031c91dd-0e29-1627-f144-ab7b1f2752ff,NVIDIA A100 80GB PCIe,0.0,0.0,0.0,81920.0,58.01,41.0,210.0
2026-04-22T12:44:49.782467+00:00,0,GPU-853f8ad0-e6b3-5214-d348-bbaabb71c68f,NVIDIA A100 80GB PCIe,0.0,0.0,1469.0,81920.0,83.75,55.0,1410.0
2026-04-22T12:44:49.782467+00:00,1,GPU-2320fa2a-bb18-82c2-141d-30c88e29c421,NVIDIA A100 80GB PCIe,0.0,0.0,0.0,81920.0,55.09,40.0,210.0
2026-04-22T12:44:49.782467+00:00,2,GPU-e2492382-f7a3-d9f9-022a-ee517a1856c0,NVIDIA A100 80GB PCIe,0.0,0.0,0.0,81920.0,60.5,43.0,210.0
2026-04-22T12:44:49.782467+00:00,3,GPU-031c91dd-0e29-1627-f144-ab7b1f2752ff,NVIDIA A100 80GB PCIe,0.0,0.0,0.0,81920.0,58.01,41.0,210.0
2026-04-22T12:44:51.886557+00:00,0,GPU-853f8ad0-e6b3-5214-d348-bbaabb71c68f,NVIDIA A100 80GB PCIe,0.0,0.0,1469.0,81920.0,83.56,55.0,1410.0
2026-04-22T12:44:51.886557+00:00,1,GPU-2320fa2a-bb18-82c2-141d-30c88e29c421,NVIDIA A100 80GB PCIe,0.0,0.0,0.0,81920.0,55.19,40.0,210.0
2026-04-22T12:44:51.886557+00:00,2,GPU-e2492382-f7a3-d9f9-022a-ee517a1856c0,NVIDIA A100 80GB PCIe,0.0,0.0,0.0,81920.0,60.4,43.0,210.0
2026-04-22T12:44:51.886557+00:00,3,GPU-031c91dd-0e29-1627-f144-ab7b1f2752ff,NVIDIA A100 80GB PCIe,0.0,0.0,0.0,81920.0,58.1,41.0,210.0
2026-04-22T12:44:53.992711+00:00,0,GPU-853f8ad0-e6b3-5214-d348-bbaabb71c68f,NVIDIA A100 80GB PCIe,0.0,0.0,1469.0,81920.0,83.66,55.0,1410.0
2026-04-22T12:44:53.992711+00:00,1,GPU-2320fa2a-bb18-82c2-141d-30c88e29c421,NVIDIA A100 80GB PCIe,0.0,0.0,0.0,81920.0,55.09,40.0,210.0
2026-04-22T12:44:53.992711+00:00,2,GPU-e2492382-f7a3-d9f9-022a-ee517a1856c0,NVIDIA A100 80GB PCIe,0.0,0.0,0.0,81920.0,60.5,43.0,210.0
2026-04-22T12:44:53.992711+00:00,3,GPU-031c91dd-0e29-1627-f144-ab7b1f2752ff,NVIDIA A100 80GB PCIe,0.0,0.0,0.0,81920.0,58.21,41.0,210.0
2026-04-22T12:44:56.097552+00:00,0,GPU-853f8ad0-e6b3-5214-d348-bbaabb71c68f,NVIDIA A100 80GB PCIe,0.0,0.0,1469.0,81920.0,83.46,55.0,1410.0
2026-04-22T12:44:56.097552+00:00,1,GPU-2320fa2a-bb18-82c2-141d-30c88e29c421,NVIDIA A100 80GB PCIe,0.0,0.0,0.0,81920.0,55.19,40.0,210.0
2026-04-22T12:44:56.097552+00:00,2,GPU-e2492382-f7a3-d9f9-022a-ee517a1856c0,NVIDIA A100 80GB PCIe,0.0,0.0,0.0,81920.0,60.4,43.0,210.0
2026-04-22T12:44:56.097552+00:00,3,GPU-031c91dd-0e29-1627-f144-ab7b1f2752ff,NVIDIA A100 80GB PCIe,0.0,0.0,0.0,81920.0,58.21,41.0,210.0
2026-04-22T12:44:58.201215+00:00,0,GPU-853f8ad0-e6b3-5214-d348-bbaabb71c68f,NVIDIA A100 80GB PCIe,92.0,52.0,23697.0,81920.0,269.39,60.0,1395.0
2026-04-22T12:44:58.201215+00:00,1,GPU-2320fa2a-bb18-82c2-141d-30c88e29c421,NVIDIA A100 80GB PCIe,0.0,0.0,0.0,81920.0,55.57,40.0,210.0
2026-04-22T12:44:58.201215+00:00,2,GPU-e2492382-f7a3-d9f9-022a-ee517a1856c0,NVIDIA A100 80GB PCIe,0.0,0.0,0.0,81920.0,60.37,43.0,210.0
2026-04-22T12:44:58.201215+00:00,3,GPU-031c91dd-0e29-1627-f144-ab7b1f2752ff,NVIDIA A100 80GB PCIe,0.0,0.0,0.0,81920.0,58.16,41.0,210.0
2026-04-22T12:45:00.320031+00:00,0,GPU-853f8ad0-e6b3-5214-d348-bbaabb71c68f,NVIDIA A100 80GB PCIe,91.0,50.0,23709.0,81920.0,318.75,62.0,1395.0
2026-04-22T12:45:00.320031+00:00,1,GPU-2320fa2a-bb18-82c2-141d-30c88e29c421,NVIDIA A100 80GB PCIe,0.0,0.0,0.0,81920.0,55.18,40.0,210.0
2026-04-22T12:45:00.320031+00:00,2,GPU-e2492382-f7a3-d9f9-022a-ee517a1856c0,NVIDIA A100 80GB PCIe,0.0,0.0,0.0,81920.0,60.49,43.0,210.0
2026-04-22T12:45:00.320031+00:00,3,GPU-031c91dd-0e29-1627-f144-ab7b1f2752ff,NVIDIA A100 80GB PCIe,0.0,0.0,0.0,81920.0,58.1,41.0,210.0
2026-04-22T12:45:02.430526+00:00,0,GPU-853f8ad0-e6b3-5214-d348-bbaabb71c68f,NVIDIA A100 80GB PCIe,90.0,46.0,29737.0,81920.0,244.94,63.0,1380.0
2026-04-22T12:45:02.430526+00:00,1,GPU-2320fa2a-bb18-82c2-141d-30c88e29c421,NVIDIA A100 80GB PCIe,0.0,0.0,0.0,81920.0,55.12,40.0,210.0
2026-04-22T12:45:02.430526+00:00,2,GPU-e2492382-f7a3-d9f9-022a-ee517a1856c0,NVIDIA A100 80GB PCIe,0.0,0.0,0.0,81920.0,60.39,43.0,210.0
2026-04-22T12:45:02.430526+00:00,3,GPU-031c91dd-0e29-1627-f144-ab7b1f2752ff,NVIDIA A100 80GB PCIe,0.0,0.0,0.0,81920.0,58.07,41.0,210.0
2026-04-22T12:45:04.547142+00:00,0,GPU-853f8ad0-e6b3-5214-d348-bbaabb71c68f,NVIDIA A100 80GB PCIe,91.0,52.0,29737.0,81920.0,321.64,64.0,1350.0
2026-04-22T12:45:04.547142+00:00,1,GPU-2320fa2a-bb18-82c2-141d-30c88e29c421,NVIDIA A100 80GB PCIe,0.0,0.0,0.0,81920.0,55.19,40.0,210.0
2026-04-22T12:45:04.547142+00:00,2,GPU-e2492382-f7a3-d9f9-022a-ee517a1856c0,NVIDIA A100 80GB PCIe,0.0,0.0,0.0,81920.0,60.27,43.0,210.0
2026-04-22T12:45:04.547142+00:00,3,GPU-031c91dd-0e29-1627-f144-ab7b1f2752ff,NVIDIA A100 80GB PCIe,0.0,0.0,0.0,81920.0,58.06,41.0,210.0
2026-04-22T12:45:06.655202+00:00,0,GPU-853f8ad0-e6b3-5214-d348-bbaabb71c68f,NVIDIA A100 80GB PCIe,90.0,49.0,29737.0,81920.0,333.16,65.0,1380.0
2026-04-22T12:45:06.655202+00:00,1,GPU-2320fa2a-bb18-82c2-141d-30c88e29c421,NVIDIA A100 80GB PCIe,0.0,0.0,0.0,81920.0,55.17,40.0,210.0
2026-04-22T12:45:06.655202+00:00,2,GPU-e2492382-f7a3-d9f9-022a-ee517a1856c0,NVIDIA A100 80GB PCIe,0.0,0.0,0.0,81920.0,60.49,43.0,210.0
2026-04-22T12:45:06.655202+00:00,3,GPU-031c91dd-0e29-1627-f144-ab7b1f2752ff,NVIDIA A100 80GB PCIe,0.0,0.0,0.0,81920.0,58.06,41.0,210.0
2026-04-22T12:45:08.772944+00:00,0,GPU-853f8ad0-e6b3-5214-d348-bbaabb71c68f,NVIDIA A100 80GB PCIe,91.0,52.0,29737.0,81920.0,305.12,66.0,1365.0
2026-04-22T12:45:08.772944+00:00,1,GPU-2320fa2a-bb18-82c2-141d-30c88e29c421,NVIDIA A100 80GB PCIe,0.0,0.0,0.0,81920.0,55.27,40.0,210.0
2026-04-22T12:45:08.772944+00:00,2,GPU-e2492382-f7a3-d9f9-022a-ee517a1856c0,NVIDIA A100 80GB PCIe,0.0,0.0,0.0,81920.0,60.28,43.0,210.0
2026-04-22T12:45:08.772944+00:00,3,GPU-031c91dd-0e29-1627-f144-ab7b1f2752ff,NVIDIA A100 80GB PCIe,0.0,0.0,0.0,81920.0,58.16,41.0,210.0
2026-04-22T12:45:10.882304+00:00,0,GPU-853f8ad0-e6b3-5214-d348-bbaabb71c68f,NVIDIA A100 80GB PCIe,91.0,49.0,29737.0,81920.0,257.99,66.0,1410.0
2026-04-22T12:45:10.882304+00:00,1,GPU-2320fa2a-bb18-82c2-141d-30c88e29c421,NVIDIA A100 80GB PCIe,0.0,0.0,0.0,81920.0,55.21,40.0,210.0
2026-04-22T12:45:10.882304+00:00,2,GPU-e2492382-f7a3-d9f9-022a-ee517a1856c0,NVIDIA A100 80GB PCIe,0.0,0.0,0.0,81920.0,60.18,42.0,210.0
2026-04-22T12:45:10.882304+00:00,3,GPU-031c91dd-0e29-1627-f144-ab7b1f2752ff,NVIDIA A100 80GB PCIe,0.0,0.0,0.0,81920.0,57.87,41.0,210.0
2026-04-22T12:45:12.989931+00:00,0,GPU-853f8ad0-e6b3-5214-d348-bbaabb71c68f,NVIDIA A100 80GB PCIe,90.0,48.0,29737.0,81920.0,304.78,66.0,1320.0
2026-04-22T12:45:12.989931+00:00,1,GPU-2320fa2a-bb18-82c2-141d-30c88e29c421,NVIDIA A100 80GB PCIe,0.0,0.0,0.0,81920.0,55.2,40.0,210.0
2026-04-22T12:45:12.989931+00:00,2,GPU-e2492382-f7a3-d9f9-022a-ee517a1856c0,NVIDIA A100 80GB PCIe,0.0,0.0,0.0,81920.0,60.38,42.0,210.0
2026-04-22T12:45:12.989931+00:00,3,GPU-031c91dd-0e29-1627-f144-ab7b1f2752ff,NVIDIA A100 80GB PCIe,0.0,0.0,0.0,81920.0,58.08,41.0,210.0
2026-04-22T12:45:15.134119+00:00,0,GPU-853f8ad0-e6b3-5214-d348-bbaabb71c68f,NVIDIA A100 80GB PCIe,90.0,45.0,29737.0,81920.0,286.16,67.0,1395.0
2026-04-22T12:45:15.134119+00:00,1,GPU-2320fa2a-bb18-82c2-141d-30c88e29c421,NVIDIA A100 80GB PCIe,0.0,0.0,0.0,81920.0,55.42,40.0,210.0
2026-04-22T12:45:15.134119+00:00,2,GPU-e2492382-f7a3-d9f9-022a-ee517a1856c0,NVIDIA A100 80GB PCIe,0.0,0.0,0.0,81920.0,60.39,42.0,210.0
2026-04-22T12:45:15.134119+00:00,3,GPU-031c91dd-0e29-1627-f144-ab7b1f2752ff,NVIDIA A100 80GB PCIe,0.0,0.0,0.0,81920.0,58.11,41.0,210.0
2026-04-22T12:45:17.245740+00:00,0,GPU-853f8ad0-e6b3-5214-d348-bbaabb71c68f,NVIDIA A100 80GB PCIe,91.0,47.0,29737.0,81920.0,269.85,67.0,1395.0
2026-04-22T12:45:17.245740+00:00,1,GPU-2320fa2a-bb18-82c2-141d-30c88e29c421,NVIDIA A100 80GB PCIe,0.0,0.0,0.0,81920.0,55.16,40.0,210.0
2026-04-22T12:45:17.245740+00:00,2,GPU-e2492382-f7a3-d9f9-022a-ee517a1856c0,NVIDIA A100 80GB PCIe,0.0,0.0,0.0,81920.0,60.29,42.0,210.0
2026-04-22T12:45:17.245740+00:00,3,GPU-031c91dd-0e29-1627-f144-ab7b1f2752ff,NVIDIA A100 80GB PCIe,0.0,0.0,0.0,81920.0,58.16,41.0,210.0
2026-04-22T12:45:19.355188+00:00,0,GPU-853f8ad0-e6b3-5214-d348-bbaabb71c68f,NVIDIA A100 80GB PCIe,100.0,3.0,1469.0,81920.0,93.98,63.0,1410.0
2026-04-22T12:45:19.355188+00:00,1,GPU-2320fa2a-bb18-82c2-141d-30c88e29c421,NVIDIA A100 80GB PCIe,0.0,0.0,0.0,81920.0,55.09,40.0,210.0
2026-04-22T12:45:19.355188+00:00,2,GPU-e2492382-f7a3-d9f9-022a-ee517a1856c0,NVIDIA A100 80GB PCIe,0.0,0.0,0.0,81920.0,60.21,42.0,210.0
2026-04-22T12:45:19.355188+00:00,3,GPU-031c91dd-0e29-1627-f144-ab7b1f2752ff,NVIDIA A100 80GB PCIe,0.0,0.0,0.0,81920.0,58.0,41.0,210.0
2026-04-22T12:45:21.469246+00:00,0,GPU-853f8ad0-e6b3-5214-d348-bbaabb71c68f,NVIDIA A100 80GB PCIe,0.0,0.0,1469.0,81920.0,89.54,61.0,1410.0
2026-04-22T12:45:21.469246+00:00,1,GPU-2320fa2a-bb18-82c2-141d-30c88e29c421,NVIDIA A100 80GB PCIe,0.0,0.0,0.0,81920.0,55.09,40.0,210.0
2026-04-22T12:45:21.469246+00:00,2,GPU-e2492382-f7a3-d9f9-022a-ee517a1856c0,NVIDIA A100 80GB PCIe,0.0,0.0,0.0,81920.0,60.21,42.0,210.0
2026-04-22T12:45:21.469246+00:00,3,GPU-031c91dd-0e29-1627-f144-ab7b1f2752ff,NVIDIA A100 80GB PCIe,0.0,0.0,0.0,81920.0,58.2,41.0,210.0
2026-04-22T12:45:23.611820+00:00,0,GPU-853f8ad0-e6b3-5214-d348-bbaabb71c68f,NVIDIA A100 80GB PCIe,0.0,0.0,1469.0,81920.0,88.08,61.0,1410.0
2026-04-22T12:45:23.611820+00:00,1,GPU-2320fa2a-bb18-82c2-141d-30c88e29c421,NVIDIA A100 80GB PCIe,0.0,0.0,0.0,81920.0,55.38,40.0,210.0
2026-04-22T12:45:23.611820+00:00,2,GPU-e2492382-f7a3-d9f9-022a-ee517a1856c0,NVIDIA A100 80GB PCIe,0.0,0.0,0.0,81920.0,60.11,42.0,210.0
2026-04-22T12:45:23.611820+00:00,3,GPU-031c91dd-0e29-1627-f144-ab7b1f2752ff,NVIDIA A100 80GB PCIe,0.0,0.0,0.0,81920.0,57.81,41.0,210.0
2026-04-22T12:45:25.739286+00:00,0,GPU-853f8ad0-e6b3-5214-d348-bbaabb71c68f,NVIDIA A100 80GB PCIe,0.0,0.0,1469.0,81920.0,87.79,60.0,1410.0
2026-04-22T12:45:25.739286+00:00,1,GPU-2320fa2a-bb18-82c2-141d-30c88e29c421,NVIDIA A100 80GB PCIe,0.0,0.0,0.0,81920.0,55.09,40.0,210.0
2026-04-22T12:45:25.739286+00:00,2,GPU-e2492382-f7a3-d9f9-022a-ee517a1856c0,NVIDIA A100 80GB PCIe,0.0,0.0,0.0,81920.0,60.11,42.0,210.0
2026-04-22T12:45:25.739286+00:00,3,GPU-031c91dd-0e29-1627-f144-ab7b1f2752ff,NVIDIA A100 80GB PCIe,0.0,0.0,0.0,81920.0,57.72,40.0,210.0
2026-04-22T12:45:27.874909+00:00,0,GPU-853f8ad0-e6b3-5214-d348-bbaabb71c68f,NVIDIA A100 80GB PCIe,0.0,0.0,1469.0,81920.0,87.5,60.0,1410.0
2026-04-22T12:45:27.874909+00:00,1,GPU-2320fa2a-bb18-82c2-141d-30c88e29c421,NVIDIA A100 80GB PCIe,0.0,0.0,0.0,81920.0,54.99,40.0,210.0
2026-04-22T12:45:27.874909+00:00,2,GPU-e2492382-f7a3-d9f9-022a-ee517a1856c0,NVIDIA A100 80GB PCIe,0.0,0.0,0.0,81920.0,60.01,42.0,210.0
2026-04-22T12:45:27.874909+00:00,3,GPU-031c91dd-0e29-1627-f144-ab7b1f2752ff,NVIDIA A100 80GB PCIe,0.0,0.0,0.0,81920.0,57.71,40.0,210.0
2026-04-22T12:45:30.009257+00:00,0,GPU-853f8ad0-e6b3-5214-d348-bbaabb71c68f,NVIDIA A100 80GB PCIe,0.0,0.0,1469.0,81920.0,87.19,60.0,1410.0
2026-04-22T12:45:30.009257+00:00,1,GPU-2320fa2a-bb18-82c2-141d-30c88e29c421,NVIDIA A100 80GB PCIe,0.0,0.0,0.0,81920.0,55.09,40.0,210.0
2026-04-22T12:45:30.009257+00:00,2,GPU-e2492382-f7a3-d9f9-022a-ee517a1856c0,NVIDIA A100 80GB PCIe,0.0,0.0,0.0,81920.0,60.11,42.0,210.0
2026-04-22T12:45:30.009257+00:00,3,GPU-031c91dd-0e29-1627-f144-ab7b1f2752ff,NVIDIA A100 80GB PCIe,0.0,0.0,0.0,81920.0,58.0,40.0,210.0
2026-04-22T12:45:32.136836+00:00,0,GPU-853f8ad0-e6b3-5214-d348-bbaabb71c68f,NVIDIA A100 80GB PCIe,0.0,0.0,1469.0,81920.0,86.99,59.0,1410.0
2026-04-22T12:45:32.136836+00:00,1,GPU-2320fa2a-bb18-82c2-141d-30c88e29c421,NVIDIA A100 80GB PCIe,0.0,0.0,0.0,81920.0,54.99,40.0,210.0
2026-04-22T12:45:32.136836+00:00,2,GPU-e2492382-f7a3-d9f9-022a-ee517a1856c0,NVIDIA A100 80GB PCIe,0.0,0.0,0.0,81920.0,60.01,42.0,210.0
2026-04-22T12:45:32.136836+00:00,3,GPU-031c91dd-0e29-1627-f144-ab7b1f2752ff,NVIDIA A100 80GB PCIe,0.0,0.0,0.0,81920.0,57.71,40.0,210.0
2026-04-22T12:45:34.273922+00:00,0,GPU-853f8ad0-e6b3-5214-d348-bbaabb71c68f,NVIDIA A100 80GB PCIe,0.0,0.0,1469.0,81920.0,87.19,59.0,1410.0
2026-04-22T12:45:34.273922+00:00,1,GPU-2320fa2a-bb18-82c2-141d-30c88e29c421,NVIDIA A100 80GB PCIe,0.0,0.0,0.0,81920.0,54.99,40.0,210.0
2026-04-22T12:45:34.273922+00:00,2,GPU-e2492382-f7a3-d9f9-022a-ee517a1856c0,NVIDIA A100 80GB PCIe,0.0,0.0,0.0,81920.0,60.01,42.0,210.0
2026-04-22T12:45:34.273922+00:00,3,GPU-031c91dd-0e29-1627-f144-ab7b1f2752ff,NVIDIA A100 80GB PCIe,0.0,0.0,0.0,81920.0,57.71,40.0,210.0
2026-04-22T12:45:36.400423+00:00,0,GPU-853f8ad0-e6b3-5214-d348-bbaabb71c68f,NVIDIA A100 80GB PCIe,0.0,0.0,1469.0,81920.0,86.6,59.0,1410.0
2026-04-22T12:45:36.400423+00:00,1,GPU-2320fa2a-bb18-82c2-141d-30c88e29c421,NVIDIA A100 80GB PCIe,0.0,0.0,0.0,81920.0,55.09,40.0,210.0
2026-04-22T12:45:36.400423+00:00,2,GPU-e2492382-f7a3-d9f9-022a-ee517a1856c0,NVIDIA A100 80GB PCIe,0.0,0.0,0.0,81920.0,60.01,42.0,210.0
2026-04-22T12:45:36.400423+00:00,3,GPU-031c91dd-0e29-1627-f144-ab7b1f2752ff,NVIDIA A100 80GB PCIe,0.0,0.0,0.0,81920.0,57.81,40.0,210.0
2026-04-22T12:45:38.505412+00:00,0,GPU-853f8ad0-e6b3-5214-d348-bbaabb71c68f,NVIDIA A100 80GB PCIe,0.0,0.0,1469.0,81920.0,86.42,59.0,1410.0
2026-04-22T12:45:38.505412+00:00,1,GPU-2320fa2a-bb18-82c2-141d-30c88e29c421,NVIDIA A100 80GB PCIe,0.0,0.0,0.0,81920.0,54.9,40.0,210.0
2026-04-22T12:45:38.505412+00:00,2,GPU-e2492382-f7a3-d9f9-022a-ee517a1856c0,NVIDIA A100 80GB PCIe,0.0,0.0,0.0,81920.0,60.01,42.0,210.0
2026-04-22T12:45:38.505412+00:00,3,GPU-031c91dd-0e29-1627-f144-ab7b1f2752ff,NVIDIA A100 80GB PCIe,0.0,0.0,0.0,81920.0,57.82,40.0,210.0
2026-04-22T12:45:40.610939+00:00,0,GPU-853f8ad0-e6b3-5214-d348-bbaabb71c68f,NVIDIA A100 80GB PCIe,0.0,0.0,1469.0,81920.0,86.3,58.0,1410.0
2026-04-22T12:45:40.610939+00:00,1,GPU-2320fa2a-bb18-82c2-141d-30c88e29c421,NVIDIA A100 80GB PCIe,0.0,0.0,0.0,81920.0,55.09,40.0,210.0
2026-04-22T12:45:40.610939+00:00,2,GPU-e2492382-f7a3-d9f9-022a-ee517a1856c0,NVIDIA A100 80GB PCIe,0.0,0.0,0.0,81920.0,60.11,42.0,210.0
2026-04-22T12:45:40.610939+00:00,3,GPU-031c91dd-0e29-1627-f144-ab7b1f2752ff,NVIDIA A100 80GB PCIe,0.0,0.0,0.0,81920.0,57.72,40.0,210.0
2026-04-22T12:45:42.732181+00:00,0,GPU-853f8ad0-e6b3-5214-d348-bbaabb71c68f,NVIDIA A100 80GB PCIe,0.0,0.0,1469.0,81920.0,86.13,58.0,1410.0
2026-04-22T12:45:42.732181+00:00,1,GPU-2320fa2a-bb18-82c2-141d-30c88e29c421,NVIDIA A100 80GB PCIe,0.0,0.0,0.0,81920.0,54.8,40.0,210.0
2026-04-22T12:45:42.732181+00:00,2,GPU-e2492382-f7a3-d9f9-022a-ee517a1856c0,NVIDIA A100 80GB PCIe,0.0,0.0,0.0,81920.0,60.11,42.0,210.0
2026-04-22T12:45:42.732181+00:00,3,GPU-031c91dd-0e29-1627-f144-ab7b1f2752ff,NVIDIA A100 80GB PCIe,0.0,0.0,0.0,81920.0,57.81,40.0,210.0
2026-04-22T12:45:44.840483+00:00,0,GPU-853f8ad0-e6b3-5214-d348-bbaabb71c68f,NVIDIA A100 80GB PCIe,0.0,0.0,1469.0,81920.0,86.03,58.0,1410.0
2026-04-22T12:45:44.840483+00:00,1,GPU-2320fa2a-bb18-82c2-141d-30c88e29c421,NVIDIA A100 80GB PCIe,0.0,0.0,0.0,81920.0,54.99,40.0,210.0
2026-04-22T12:45:44.840483+00:00,2,GPU-e2492382-f7a3-d9f9-022a-ee517a1856c0,NVIDIA A100 80GB PCIe,0.0,0.0,0.0,81920.0,60.11,42.0,210.0
2026-04-22T12:45:44.840483+00:00,3,GPU-031c91dd-0e29-1627-f144-ab7b1f2752ff,NVIDIA A100 80GB PCIe,0.0,0.0,0.0,81920.0,57.81,40.0,210.0
2026-04-22T12:45:46.949302+00:00,0,GPU-853f8ad0-e6b3-5214-d348-bbaabb71c68f,NVIDIA A100 80GB PCIe,0.0,0.0,1469.0,81920.0,85.71,58.0,1410.0
2026-04-22T12:45:46.949302+00:00,1,GPU-2320fa2a-bb18-82c2-141d-30c88e29c421,NVIDIA A100 80GB PCIe,0.0,0.0,0.0,81920.0,54.71,40.0,210.0
2026-04-22T12:45:46.949302+00:00,2,GPU-e2492382-f7a3-d9f9-022a-ee517a1856c0,NVIDIA A100 80GB PCIe,0.0,0.0,0.0,81920.0,60.11,42.0,210.0
2026-04-22T12:45:46.949302+00:00,3,GPU-031c91dd-0e29-1627-f144-ab7b1f2752ff,NVIDIA A100 80GB PCIe,0.0,0.0,0.0,81920.0,57.9,40.0,210.0
2026-04-22T12:45:49.058516+00:00,0,GPU-853f8ad0-e6b3-5214-d348-bbaabb71c68f,NVIDIA A100 80GB PCIe,0.0,0.0,1469.0,81920.0,85.74,58.0,1410.0
2026-04-22T12:45:49.058516+00:00,1,GPU-2320fa2a-bb18-82c2-141d-30c88e29c421,NVIDIA A100 80GB PCIe,0.0,0.0,0.0,81920.0,54.99,40.0,210.0
2026-04-22T12:45:49.058516+00:00,2,GPU-e2492382-f7a3-d9f9-022a-ee517a1856c0,NVIDIA A100 80GB PCIe,0.0,0.0,0.0,81920.0,60.21,42.0,210.0
2026-04-22T12:45:49.058516+00:00,3,GPU-031c91dd-0e29-1627-f144-ab7b1f2752ff,NVIDIA A100 80GB PCIe,0.0,0.0,0.0,81920.0,57.92,40.0,210.0
2026-04-22T12:45:51.153905+00:00,0,GPU-853f8ad0-e6b3-5214-d348-bbaabb71c68f,NVIDIA A100 80GB PCIe,0.0,0.0,1469.0,81920.0,85.63,58.0,1410.0
2026-04-22T12:45:51.153905+00:00,1,GPU-2320fa2a-bb18-82c2-141d-30c88e29c421,NVIDIA A100 80GB PCIe,0.0,0.0,0.0,81920.0,54.99,40.0,210.0
2026-04-22T12:45:51.153905+00:00,2,GPU-e2492382-f7a3-d9f9-022a-ee517a1856c0,NVIDIA A100 80GB PCIe,0.0,0.0,0.0,81920.0,60.11,42.0,210.0
2026-04-22T12:45:51.153905+00:00,3,GPU-031c91dd-0e29-1627-f144-ab7b1f2752ff,NVIDIA A100 80GB PCIe,0.0,0.0,0.0,81920.0,57.92,40.0,210.0
2026-04-22T12:45:53.260244+00:00,0,GPU-853f8ad0-e6b3-5214-d348-bbaabb71c68f,NVIDIA A100 80GB PCIe,0.0,0.0,1469.0,81920.0,86.62,58.0,1410.0
2026-04-22T12:45:53.260244+00:00,1,GPU-2320fa2a-bb18-82c2-141d-30c88e29c421,NVIDIA A100 80GB PCIe,0.0,0.0,0.0,81920.0,54.99,40.0,210.0
2026-04-22T12:45:53.260244+00:00,2,GPU-e2492382-f7a3-d9f9-022a-ee517a1856c0,NVIDIA A100 80GB PCIe,0.0,0.0,0.0,81920.0,60.21,42.0,210.0
2026-04-22T12:45:53.260244+00:00,3,GPU-031c91dd-0e29-1627-f144-ab7b1f2752ff,NVIDIA A100 80GB PCIe,0.0,0.0,0.0,81920.0,58.01,40.0,210.0
2026-04-22T12:45:55.364240+00:00,0,GPU-853f8ad0-e6b3-5214-d348-bbaabb71c68f,NVIDIA A100 80GB PCIe,0.0,0.0,1469.0,81920.0,85.91,58.0,1410.0
2026-04-22T12:45:55.364240+00:00,1,GPU-2320fa2a-bb18-82c2-141d-30c88e29c421,NVIDIA A100 80GB PCIe,0.0,0.0,0.0,81920.0,55.09,40.0,210.0
2026-04-22T12:45:55.364240+00:00,2,GPU-e2492382-f7a3-d9f9-022a-ee517a1856c0,NVIDIA A100 80GB PCIe,0.0,0.0,0.0,81920.0,60.11,42.0,210.0
2026-04-22T12:45:55.364240+00:00,3,GPU-031c91dd-0e29-1627-f144-ab7b1f2752ff,NVIDIA A100 80GB PCIe,0.0,0.0,0.0,81920.0,57.82,40.0,210.0
2026-04-22T12:45:57.480881+00:00,0,GPU-853f8ad0-e6b3-5214-d348-bbaabb71c68f,NVIDIA A100 80GB PCIe,0.0,0.0,1469.0,81920.0,85.43,57.0,1410.0
2026-04-22T12:45:57.480881+00:00,1,GPU-2320fa2a-bb18-82c2-141d-30c88e29c421,NVIDIA A100 80GB PCIe,0.0,0.0,0.0,81920.0,55.09,40.0,210.0
2026-04-22T12:45:57.480881+00:00,2,GPU-e2492382-f7a3-d9f9-022a-ee517a1856c0,NVIDIA A100 80GB PCIe,0.0,0.0,0.0,81920.0,60.11,42.0,210.0
2026-04-22T12:45:57.480881+00:00,3,GPU-031c91dd-0e29-1627-f144-ab7b1f2752ff,NVIDIA A100 80GB PCIe,0.0,0.0,0.0,81920.0,57.81,40.0,210.0
2026-04-22T12:45:59.589837+00:00,0,GPU-853f8ad0-e6b3-5214-d348-bbaabb71c68f,NVIDIA A100 80GB PCIe,0.0,0.0,1469.0,81920.0,85.53,57.0,1410.0
2026-04-22T12:45:59.589837+00:00,1,GPU-2320fa2a-bb18-82c2-141d-30c88e29c421,NVIDIA A100 80GB PCIe,0.0,0.0,0.0,81920.0,54.99,40.0,210.0
2026-04-22T12:45:59.589837+00:00,2,GPU-e2492382-f7a3-d9f9-022a-ee517a1856c0,NVIDIA A100 80GB PCIe,0.0,0.0,0.0,81920.0,60.11,42.0,210.0
2026-04-22T12:45:59.589837+00:00,3,GPU-031c91dd-0e29-1627-f144-ab7b1f2752ff,NVIDIA A100 80GB PCIe,0.0,0.0,0.0,81920.0,58.01,40.0,210.0
2026-04-22T12:46:01.696399+00:00,0,GPU-853f8ad0-e6b3-5214-d348-bbaabb71c68f,NVIDIA A100 80GB PCIe,0.0,0.0,1469.0,81920.0,85.43,57.0,1410.0
2026-04-22T12:46:01.696399+00:00,1,GPU-2320fa2a-bb18-82c2-141d-30c88e29c421,NVIDIA A100 80GB PCIe,0.0,0.0,0.0,81920.0,54.99,40.0,210.0
2026-04-22T12:46:01.696399+00:00,2,GPU-e2492382-f7a3-d9f9-022a-ee517a1856c0,NVIDIA A100 80GB PCIe,0.0,0.0,0.0,81920.0,60.31,42.0,210.0
2026-04-22T12:46:01.696399+00:00,3,GPU-031c91dd-0e29-1627-f144-ab7b1f2752ff,NVIDIA A100 80GB PCIe,0.0,0.0,0.0,81920.0,58.01,41.0,210.0
2026-04-22T12:46:03.801033+00:00,0,GPU-853f8ad0-e6b3-5214-d348-bbaabb71c68f,NVIDIA A100 80GB PCIe,0.0,0.0,1469.0,81920.0,85.34,57.0,1410.0
2026-04-22T12:46:03.801033+00:00,1,GPU-2320fa2a-bb18-82c2-141d-30c88e29c421,NVIDIA A100 80GB PCIe,0.0,0.0,0.0,81920.0,55.19,40.0,210.0
2026-04-22T12:46:03.801033+00:00,2,GPU-e2492382-f7a3-d9f9-022a-ee517a1856c0,NVIDIA A100 80GB PCIe,0.0,0.0,0.0,81920.0,60.31,42.0,210.0
2026-04-22T12:46:03.801033+00:00,3,GPU-031c91dd-0e29-1627-f144-ab7b1f2752ff,NVIDIA A100 80GB PCIe,0.0,0.0,0.0,81920.0,57.82,41.0,210.0
2026-04-22T12:46:05.907741+00:00,0,GPU-853f8ad0-e6b3-5214-d348-bbaabb71c68f,NVIDIA A100 80GB PCIe,0.0,0.0,1469.0,81920.0,85.24,57.0,1410.0
2026-04-22T12:46:05.907741+00:00,1,GPU-2320fa2a-bb18-82c2-141d-30c88e29c421,NVIDIA A100 80GB PCIe,0.0,0.0,0.0,81920.0,54.99,40.0,210.0
2026-04-22T12:46:05.907741+00:00,2,GPU-e2492382-f7a3-d9f9-022a-ee517a1856c0,NVIDIA A100 80GB PCIe,0.0,0.0,0.0,81920.0,60.21,42.0,210.0
2026-04-22T12:46:05.907741+00:00,3,GPU-031c91dd-0e29-1627-f144-ab7b1f2752ff,NVIDIA A100 80GB PCIe,0.0,0.0,0.0,81920.0,57.9,41.0,210.0
2026-04-22T12:46:08.010674+00:00,0,GPU-853f8ad0-e6b3-5214-d348-bbaabb71c68f,NVIDIA A100 80GB PCIe,0.0,0.0,1469.0,81920.0,85.14,57.0,1410.0
2026-04-22T12:46:08.010674+00:00,1,GPU-2320fa2a-bb18-82c2-141d-30c88e29c421,NVIDIA A100 80GB PCIe,0.0,0.0,0.0,81920.0,54.99,40.0,210.0
2026-04-22T12:46:08.010674+00:00,2,GPU-e2492382-f7a3-d9f9-022a-ee517a1856c0,NVIDIA A100 80GB PCIe,0.0,0.0,0.0,81920.0,60.31,42.0,210.0
2026-04-22T12:46:08.010674+00:00,3,GPU-031c91dd-0e29-1627-f144-ab7b1f2752ff,NVIDIA A100 80GB PCIe,0.0,0.0,0.0,81920.0,58.01,41.0,210.0
2026-04-22T12:46:10.116881+00:00,0,GPU-853f8ad0-e6b3-5214-d348-bbaabb71c68f,NVIDIA A100 80GB PCIe,0.0,0.0,1469.0,81920.0,84.95,57.0,1410.0
2026-04-22T12:46:10.116881+00:00,1,GPU-2320fa2a-bb18-82c2-141d-30c88e29c421,NVIDIA A100 80GB PCIe,0.0,0.0,0.0,81920.0,54.8,40.0,210.0
2026-04-22T12:46:10.116881+00:00,2,GPU-e2492382-f7a3-d9f9-022a-ee517a1856c0,NVIDIA A100 80GB PCIe,0.0,0.0,0.0,81920.0,60.31,42.0,210.0
2026-04-22T12:46:10.116881+00:00,3,GPU-031c91dd-0e29-1627-f144-ab7b1f2752ff,NVIDIA A100 80GB PCIe,0.0,0.0,0.0,81920.0,58.01,41.0,210.0
2026-04-22T12:46:12.232027+00:00,0,GPU-853f8ad0-e6b3-5214-d348-bbaabb71c68f,NVIDIA A100 80GB PCIe,0.0,0.0,1469.0,81920.0,85.93,56.0,1410.0
2026-04-22T12:46:12.232027+00:00,1,GPU-2320fa2a-bb18-82c2-141d-30c88e29c421,NVIDIA A100 80GB PCIe,0.0,0.0,0.0,81920.0,55.09,40.0,210.0
2026-04-22T12:46:12.232027+00:00,2,GPU-e2492382-f7a3-d9f9-022a-ee517a1856c0,NVIDIA A100 80GB PCIe,0.0,0.0,0.0,81920.0,60.21,42.0,210.0
2026-04-22T12:46:12.232027+00:00,3,GPU-031c91dd-0e29-1627-f144-ab7b1f2752ff,NVIDIA A100 80GB PCIe,0.0,0.0,0.0,81920.0,57.92,41.0,210.0
2026-04-22T12:46:14.335225+00:00,0,GPU-853f8ad0-e6b3-5214-d348-bbaabb71c68f,NVIDIA A100 80GB PCIe,0.0,0.0,1469.0,81920.0,85.44,56.0,1410.0
2026-04-22T12:46:14.335225+00:00,1,GPU-2320fa2a-bb18-82c2-141d-30c88e29c421,NVIDIA A100 80GB PCIe,0.0,0.0,0.0,81920.0,55.09,40.0,210.0
2026-04-22T12:46:14.335225+00:00,2,GPU-e2492382-f7a3-d9f9-022a-ee517a1856c0,NVIDIA A100 80GB PCIe,0.0,0.0,0.0,81920.0,60.31,42.0,210.0
2026-04-22T12:46:14.335225+00:00,3,GPU-031c91dd-0e29-1627-f144-ab7b1f2752ff,NVIDIA A100 80GB PCIe,0.0,0.0,0.0,81920.0,58.01,41.0,210.0
2026-04-22T12:46:16.441707+00:00,0,GPU-853f8ad0-e6b3-5214-d348-bbaabb71c68f,NVIDIA A100 80GB PCIe,0.0,0.0,1469.0,81920.0,84.45,56.0,1410.0
2026-04-22T12:46:16.441707+00:00,1,GPU-2320fa2a-bb18-82c2-141d-30c88e29c421,NVIDIA A100 80GB PCIe,0.0,0.0,0.0,81920.0,55.19,40.0,210.0
2026-04-22T12:46:16.441707+00:00,2,GPU-e2492382-f7a3-d9f9-022a-ee517a1856c0,NVIDIA A100 80GB PCIe,0.0,0.0,0.0,81920.0,60.21,42.0,210.0
2026-04-22T12:46:16.441707+00:00,3,GPU-031c91dd-0e29-1627-f144-ab7b1f2752ff,NVIDIA A100 80GB PCIe,0.0,0.0,0.0,81920.0,57.92,41.0,210.0
2026-04-22T12:46:18.550653+00:00,0,GPU-853f8ad0-e6b3-5214-d348-bbaabb71c68f,NVIDIA A100 80GB PCIe,0.0,0.0,1469.0,81920.0,84.14,56.0,1410.0
2026-04-22T12:46:18.550653+00:00,1,GPU-2320fa2a-bb18-82c2-141d-30c88e29c421,NVIDIA A100 80GB PCIe,0.0,0.0,0.0,81920.0,55.19,40.0,210.0
2026-04-22T12:46:18.550653+00:00,2,GPU-e2492382-f7a3-d9f9-022a-ee517a1856c0,NVIDIA A100 80GB PCIe,0.0,0.0,0.0,81920.0,60.21,42.0,210.0
2026-04-22T12:46:18.550653+00:00,3,GPU-031c91dd-0e29-1627-f144-ab7b1f2752ff,NVIDIA A100 80GB PCIe,0.0,0.0,0.0,81920.0,58.01,41.0,210.0
2026-04-22T12:46:20.655379+00:00,0,GPU-853f8ad0-e6b3-5214-d348-bbaabb71c68f,NVIDIA A100 80GB PCIe,0.0,0.0,1469.0,81920.0,84.05,56.0,1410.0
2026-04-22T12:46:20.655379+00:00,1,GPU-2320fa2a-bb18-82c2-141d-30c88e29c421,NVIDIA A100 80GB PCIe,0.0,0.0,0.0,81920.0,55.09,40.0,210.0
2026-04-22T12:46:20.655379+00:00,2,GPU-e2492382-f7a3-d9f9-022a-ee517a1856c0,NVIDIA A100 80GB PCIe,0.0,0.0,0.0,81920.0,60.21,42.0,210.0
2026-04-22T12:46:20.655379+00:00,3,GPU-031c91dd-0e29-1627-f144-ab7b1f2752ff,NVIDIA A100 80GB PCIe,0.0,0.0,0.0,81920.0,58.01,41.0,210.0
2026-04-22T12:46:22.758426+00:00,0,GPU-853f8ad0-e6b3-5214-d348-bbaabb71c68f,NVIDIA A100 80GB PCIe,0.0,0.0,1469.0,81920.0,83.85,56.0,1410.0
2026-04-22T12:46:22.758426+00:00,1,GPU-2320fa2a-bb18-82c2-141d-30c88e29c421,NVIDIA A100 80GB PCIe,0.0,0.0,0.0,81920.0,55.09,40.0,210.0
2026-04-22T12:46:22.758426+00:00,2,GPU-e2492382-f7a3-d9f9-022a-ee517a1856c0,NVIDIA A100 80GB PCIe,0.0,0.0,0.0,81920.0,60.21,42.0,210.0
2026-04-22T12:46:22.758426+00:00,3,GPU-031c91dd-0e29-1627-f144-ab7b1f2752ff,NVIDIA A100 80GB PCIe,0.0,0.0,0.0,81920.0,58.01,41.0,210.0
2026-04-22T12:46:24.861666+00:00,0,GPU-853f8ad0-e6b3-5214-d348-bbaabb71c68f,NVIDIA A100 80GB PCIe,0.0,0.0,1469.0,81920.0,84.14,56.0,1410.0
2026-04-22T12:46:24.861666+00:00,1,GPU-2320fa2a-bb18-82c2-141d-30c88e29c421,NVIDIA A100 80GB PCIe,0.0,0.0,0.0,81920.0,55.09,40.0,210.0
2026-04-22T12:46:24.861666+00:00,2,GPU-e2492382-f7a3-d9f9-022a-ee517a1856c0,NVIDIA A100 80GB PCIe,0.0,0.0,0.0,81920.0,60.21,42.0,210.0
2026-04-22T12:46:24.861666+00:00,3,GPU-031c91dd-0e29-1627-f144-ab7b1f2752ff,NVIDIA A100 80GB PCIe,0.0,0.0,0.0,81920.0,57.91,41.0,210.0
2026-04-22T12:46:26.964342+00:00,0,GPU-853f8ad0-e6b3-5214-d348-bbaabb71c68f,NVIDIA A100 80GB PCIe,0.0,0.0,1469.0,81920.0,83.75,56.0,1410.0
2026-04-22T12:46:26.964342+00:00,1,GPU-2320fa2a-bb18-82c2-141d-30c88e29c421,NVIDIA A100 80GB PCIe,0.0,0.0,0.0,81920.0,54.99,40.0,210.0
2026-04-22T12:46:26.964342+00:00,2,GPU-e2492382-f7a3-d9f9-022a-ee517a1856c0,NVIDIA A100 80GB PCIe,0.0,0.0,0.0,81920.0,60.31,42.0,210.0
2026-04-22T12:46:26.964342+00:00,3,GPU-031c91dd-0e29-1627-f144-ab7b1f2752ff,NVIDIA A100 80GB PCIe,0.0,0.0,0.0,81920.0,58.1,41.0,210.0
2026-04-22T12:46:29.067532+00:00,0,GPU-853f8ad0-e6b3-5214-d348-bbaabb71c68f,NVIDIA A100 80GB PCIe,0.0,0.0,1469.0,81920.0,83.75,56.0,1410.0
2026-04-22T12:46:29.067532+00:00,1,GPU-2320fa2a-bb18-82c2-141d-30c88e29c421,NVIDIA A100 80GB PCIe,0.0,0.0,0.0,81920.0,55.09,40.0,210.0
2026-04-22T12:46:29.067532+00:00,2,GPU-e2492382-f7a3-d9f9-022a-ee517a1856c0,NVIDIA A100 80GB PCIe,0.0,0.0,0.0,81920.0,60.31,42.0,210.0
2026-04-22T12:46:29.067532+00:00,3,GPU-031c91dd-0e29-1627-f144-ab7b1f2752ff,NVIDIA A100 80GB PCIe,0.0,0.0,0.0,81920.0,58.01,41.0,210.0
2026-04-22T12:46:31.184676+00:00,0,GPU-853f8ad0-e6b3-5214-d348-bbaabb71c68f,NVIDIA A100 80GB PCIe,0.0,0.0,1469.0,81920.0,83.66,55.0,1410.0
2026-04-22T12:46:31.184676+00:00,1,GPU-2320fa2a-bb18-82c2-141d-30c88e29c421,NVIDIA A100 80GB PCIe,0.0,0.0,0.0,81920.0,55.09,40.0,210.0
2026-04-22T12:46:31.184676+00:00,2,GPU-e2492382-f7a3-d9f9-022a-ee517a1856c0,NVIDIA A100 80GB PCIe,0.0,0.0,0.0,81920.0,60.31,42.0,210.0
2026-04-22T12:46:31.184676+00:00,3,GPU-031c91dd-0e29-1627-f144-ab7b1f2752ff,NVIDIA A100 80GB PCIe,0.0,0.0,0.0,81920.0,58.0,41.0,210.0
2026-04-22T12:46:33.287916+00:00,0,GPU-853f8ad0-e6b3-5214-d348-bbaabb71c68f,NVIDIA A100 80GB PCIe,0.0,0.0,1469.0,81920.0,84.45,55.0,1410.0
2026-04-22T12:46:33.287916+00:00,1,GPU-2320fa2a-bb18-82c2-141d-30c88e29c421,NVIDIA A100 80GB PCIe,0.0,0.0,0.0,81920.0,55.09,40.0,210.0
2026-04-22T12:46:33.287916+00:00,2,GPU-e2492382-f7a3-d9f9-022a-ee517a1856c0,NVIDIA A100 80GB PCIe,0.0,0.0,0.0,81920.0,60.31,42.0,210.0
2026-04-22T12:46:33.287916+00:00,3,GPU-031c91dd-0e29-1627-f144-ab7b1f2752ff,NVIDIA A100 80GB PCIe,0.0,0.0,0.0,81920.0,58.01,41.0,210.0
2026-04-22T12:46:35.396332+00:00,0,GPU-853f8ad0-e6b3-5214-d348-bbaabb71c68f,NVIDIA A100 80GB PCIe,0.0,0.0,1469.0,81920.0,84.05,55.0,1410.0
2026-04-22T12:46:35.396332+00:00,1,GPU-2320fa2a-bb18-82c2-141d-30c88e29c421,NVIDIA A100 80GB PCIe,0.0,0.0,0.0,81920.0,54.9,40.0,210.0
2026-04-22T12:46:35.396332+00:00,2,GPU-e2492382-f7a3-d9f9-022a-ee517a1856c0,NVIDIA A100 80GB PCIe,0.0,0.0,0.0,81920.0,60.31,42.0,210.0
2026-04-22T12:46:35.396332+00:00,3,GPU-031c91dd-0e29-1627-f144-ab7b1f2752ff,NVIDIA A100 80GB PCIe,0.0,0.0,0.0,81920.0,57.91,41.0,210.0
2026-04-22T12:46:37.502132+00:00,0,GPU-853f8ad0-e6b3-5214-d348-bbaabb71c68f,NVIDIA A100 80GB PCIe,91.0,50.0,26807.0,81920.0,289.75,62.0,1410.0
2026-04-22T12:46:37.502132+00:00,1,GPU-2320fa2a-bb18-82c2-141d-30c88e29c421,NVIDIA A100 80GB PCIe,0.0,0.0,0.0,81920.0,54.77,40.0,210.0
2026-04-22T12:46:37.502132+00:00,2,GPU-e2492382-f7a3-d9f9-022a-ee517a1856c0,NVIDIA A100 80GB PCIe,0.0,0.0,0.0,81920.0,60.19,42.0,210.0
2026-04-22T12:46:37.502132+00:00,3,GPU-031c91dd-0e29-1627-f144-ab7b1f2752ff,NVIDIA A100 80GB PCIe,0.0,0.0,0.0,81920.0,57.88,41.0,210.0
2026-04-22T12:46:39.612890+00:00,0,GPU-853f8ad0-e6b3-5214-d348-bbaabb71c68f,NVIDIA A100 80GB PCIe,85.0,43.0,26813.0,81920.0,252.07,63.0,1380.0
2026-04-22T12:46:39.612890+00:00,1,GPU-2320fa2a-bb18-82c2-141d-30c88e29c421,NVIDIA A100 80GB PCIe,0.0,0.0,0.0,81920.0,55.08,40.0,210.0
2026-04-22T12:46:39.612890+00:00,2,GPU-e2492382-f7a3-d9f9-022a-ee517a1856c0,NVIDIA A100 80GB PCIe,0.0,0.0,0.0,81920.0,60.28,42.0,210.0
2026-04-22T12:46:39.612890+00:00,3,GPU-031c91dd-0e29-1627-f144-ab7b1f2752ff,NVIDIA A100 80GB PCIe,0.0,0.0,0.0,81920.0,57.97,41.0,210.0
2026-04-22T12:46:41.721285+00:00,0,GPU-853f8ad0-e6b3-5214-d348-bbaabb71c68f,NVIDIA A100 80GB PCIe,95.0,58.0,26813.0,81920.0,326.28,64.0,1380.0
2026-04-22T12:46:41.721285+00:00,1,GPU-2320fa2a-bb18-82c2-141d-30c88e29c421,NVIDIA A100 80GB PCIe,0.0,0.0,0.0,81920.0,55.28,40.0,210.0
2026-04-22T12:46:41.721285+00:00,2,GPU-e2492382-f7a3-d9f9-022a-ee517a1856c0,NVIDIA A100 80GB PCIe,0.0,0.0,0.0,81920.0,60.28,42.0,210.0
2026-04-22T12:46:41.721285+00:00,3,GPU-031c91dd-0e29-1627-f144-ab7b1f2752ff,NVIDIA A100 80GB PCIe,0.0,0.0,0.0,81920.0,58.06,41.0,210.0
2026-04-22T12:46:43.837964+00:00,0,GPU-853f8ad0-e6b3-5214-d348-bbaabb71c68f,NVIDIA A100 80GB PCIe,91.0,51.0,26813.0,81920.0,186.99,64.0,1380.0
2026-04-22T12:46:43.837964+00:00,1,GPU-2320fa2a-bb18-82c2-141d-30c88e29c421,NVIDIA A100 80GB PCIe,0.0,0.0,0.0,81920.0,54.87,40.0,210.0
2026-04-22T12:46:43.837964+00:00,2,GPU-e2492382-f7a3-d9f9-022a-ee517a1856c0,NVIDIA A100 80GB PCIe,0.0,0.0,0.0,81920.0,60.31,42.0,210.0
2026-04-22T12:46:43.837964+00:00,3,GPU-031c91dd-0e29-1627-f144-ab7b1f2752ff,NVIDIA A100 80GB PCIe,0.0,0.0,0.0,81920.0,58.0,41.0,210.0
2026-04-22T12:46:45.945767+00:00,0,GPU-853f8ad0-e6b3-5214-d348-bbaabb71c68f,NVIDIA A100 80GB PCIe,92.0,52.0,26813.0,81920.0,299.94,66.0,1380.0
2026-04-22T12:46:45.945767+00:00,1,GPU-2320fa2a-bb18-82c2-141d-30c88e29c421,NVIDIA A100 80GB PCIe,0.0,0.0,0.0,81920.0,55.16,40.0,210.0
2026-04-22T12:46:45.945767+00:00,2,GPU-e2492382-f7a3-d9f9-022a-ee517a1856c0,NVIDIA A100 80GB PCIe,0.0,0.0,0.0,81920.0,60.28,42.0,210.0
2026-04-22T12:46:45.945767+00:00,3,GPU-031c91dd-0e29-1627-f144-ab7b1f2752ff,NVIDIA A100 80GB PCIe,0.0,0.0,0.0,81920.0,58.09,41.0,210.0
2026-04-22T12:46:48.056437+00:00,0,GPU-853f8ad0-e6b3-5214-d348-bbaabb71c68f,NVIDIA A100 80GB PCIe,87.0,46.0,26819.0,81920.0,263.49,65.0,1410.0
2026-04-22T12:46:48.056437+00:00,1,GPU-2320fa2a-bb18-82c2-141d-30c88e29c421,NVIDIA A100 80GB PCIe,0.0,0.0,0.0,81920.0,54.83,40.0,210.0
2026-04-22T12:46:48.056437+00:00,2,GPU-e2492382-f7a3-d9f9-022a-ee517a1856c0,NVIDIA A100 80GB PCIe,0.0,0.0,0.0,81920.0,60.31,42.0,210.0
2026-04-22T12:46:48.056437+00:00,3,GPU-031c91dd-0e29-1627-f144-ab7b1f2752ff,NVIDIA A100 80GB PCIe,0.0,0.0,0.0,81920.0,57.98,41.0,210.0
2026-04-22T12:46:50.166886+00:00,0,GPU-853f8ad0-e6b3-5214-d348-bbaabb71c68f,NVIDIA A100 80GB PCIe,89.0,44.0,26819.0,81920.0,336.6,66.0,1365.0
2026-04-22T12:46:50.166886+00:00,1,GPU-2320fa2a-bb18-82c2-141d-30c88e29c421,NVIDIA A100 80GB PCIe,0.0,0.0,0.0,81920.0,55.04,40.0,210.0
2026-04-22T12:46:50.166886+00:00,2,GPU-e2492382-f7a3-d9f9-022a-ee517a1856c0,NVIDIA A100 80GB PCIe,0.0,0.0,0.0,81920.0,60.31,42.0,210.0
2026-04-22T12:46:50.166886+00:00,3,GPU-031c91dd-0e29-1627-f144-ab7b1f2752ff,NVIDIA A100 80GB PCIe,0.0,0.0,0.0,81920.0,57.99,41.0,210.0
2026-04-22T12:46:52.298284+00:00,0,GPU-853f8ad0-e6b3-5214-d348-bbaabb71c68f,NVIDIA A100 80GB PCIe,91.0,53.0,26819.0,81920.0,327.24,67.0,1305.0
2026-04-22T12:46:52.298284+00:00,1,GPU-2320fa2a-bb18-82c2-141d-30c88e29c421,NVIDIA A100 80GB PCIe,0.0,0.0,0.0,81920.0,55.1,40.0,210.0
2026-04-22T12:46:52.298284+00:00,2,GPU-e2492382-f7a3-d9f9-022a-ee517a1856c0,NVIDIA A100 80GB PCIe,0.0,0.0,0.0,81920.0,60.31,42.0,210.0
2026-04-22T12:46:52.298284+00:00,3,GPU-031c91dd-0e29-1627-f144-ab7b1f2752ff,NVIDIA A100 80GB PCIe,0.0,0.0,0.0,81920.0,57.9,41.0,210.0
2026-04-22T12:46:54.411813+00:00,0,GPU-853f8ad0-e6b3-5214-d348-bbaabb71c68f,NVIDIA A100 80GB PCIe,87.0,49.0,26819.0,81920.0,287.3,68.0,1380.0
2026-04-22T12:46:54.411813+00:00,1,GPU-2320fa2a-bb18-82c2-141d-30c88e29c421,NVIDIA A100 80GB PCIe,0.0,0.0,0.0,81920.0,55.37,40.0,210.0
2026-04-22T12:46:54.411813+00:00,2,GPU-e2492382-f7a3-d9f9-022a-ee517a1856c0,NVIDIA A100 80GB PCIe,0.0,0.0,0.0,81920.0,60.29,42.0,210.0
2026-04-22T12:46:54.411813+00:00,3,GPU-031c91dd-0e29-1627-f144-ab7b1f2752ff,NVIDIA A100 80GB PCIe,0.0,0.0,0.0,81920.0,57.98,41.0,210.0
2026-04-22T12:46:56.519657+00:00,0,GPU-853f8ad0-e6b3-5214-d348-bbaabb71c68f,NVIDIA A100 80GB PCIe,91.0,47.0,31063.0,81920.0,339.89,68.0,1395.0
2026-04-22T12:46:56.519657+00:00,1,GPU-2320fa2a-bb18-82c2-141d-30c88e29c421,NVIDIA A100 80GB PCIe,0.0,0.0,0.0,81920.0,55.07,40.0,210.0
2026-04-22T12:46:56.519657+00:00,2,GPU-e2492382-f7a3-d9f9-022a-ee517a1856c0,NVIDIA A100 80GB PCIe,0.0,0.0,0.0,81920.0,60.21,42.0,210.0
2026-04-22T12:46:56.519657+00:00,3,GPU-031c91dd-0e29-1627-f144-ab7b1f2752ff,NVIDIA A100 80GB PCIe,0.0,0.0,0.0,81920.0,57.9,41.0,210.0
2026-04-22T12:46:58.641516+00:00,0,GPU-853f8ad0-e6b3-5214-d348-bbaabb71c68f,NVIDIA A100 80GB PCIe,100.0,3.0,1469.0,81920.0,95.66,64.0,1410.0
2026-04-22T12:46:58.641516+00:00,1,GPU-2320fa2a-bb18-82c2-141d-30c88e29c421,NVIDIA A100 80GB PCIe,0.0,0.0,0.0,81920.0,54.7,40.0,210.0
2026-04-22T12:46:58.641516+00:00,2,GPU-e2492382-f7a3-d9f9-022a-ee517a1856c0,NVIDIA A100 80GB PCIe,0.0,0.0,0.0,81920.0,60.21,42.0,210.0
2026-04-22T12:46:58.641516+00:00,3,GPU-031c91dd-0e29-1627-f144-ab7b1f2752ff,NVIDIA A100 80GB PCIe,0.0,0.0,0.0,81920.0,57.91,41.0,210.0
2026-04-22T12:47:00.751094+00:00,0,GPU-853f8ad0-e6b3-5214-d348-bbaabb71c68f,NVIDIA A100 80GB PCIe,0.0,0.0,1469.0,81920.0,90.83,62.0,1410.0
2026-04-22T12:47:00.751094+00:00,1,GPU-2320fa2a-bb18-82c2-141d-30c88e29c421,NVIDIA A100 80GB PCIe,0.0,0.0,0.0,81920.0,54.99,40.0,210.0
2026-04-22T12:47:00.751094+00:00,2,GPU-e2492382-f7a3-d9f9-022a-ee517a1856c0,NVIDIA A100 80GB PCIe,0.0,0.0,0.0,81920.0,60.11,42.0,210.0
2026-04-22T12:47:00.751094+00:00,3,GPU-031c91dd-0e29-1627-f144-ab7b1f2752ff,NVIDIA A100 80GB PCIe,0.0,0.0,0.0,81920.0,57.82,40.0,210.0
2026-04-22T12:47:02.858401+00:00,0,GPU-853f8ad0-e6b3-5214-d348-bbaabb71c68f,NVIDIA A100 80GB PCIe,0.0,0.0,1469.0,81920.0,89.84,62.0,1410.0
2026-04-22T12:47:02.858401+00:00,1,GPU-2320fa2a-bb18-82c2-141d-30c88e29c421,NVIDIA A100 80GB PCIe,0.0,0.0,0.0,81920.0,54.6,40.0,210.0
2026-04-22T12:47:02.858401+00:00,2,GPU-e2492382-f7a3-d9f9-022a-ee517a1856c0,NVIDIA A100 80GB PCIe,0.0,0.0,0.0,81920.0,60.11,42.0,210.0
2026-04-22T12:47:02.858401+00:00,3,GPU-031c91dd-0e29-1627-f144-ab7b1f2752ff,NVIDIA A100 80GB PCIe,0.0,0.0,0.0,81920.0,57.9,40.0,210.0
2026-04-22T12:47:04.962750+00:00,0,GPU-853f8ad0-e6b3-5214-d348-bbaabb71c68f,NVIDIA A100 80GB PCIe,0.0,0.0,1469.0,81920.0,88.87,61.0,1410.0
2026-04-22T12:47:04.962750+00:00,1,GPU-2320fa2a-bb18-82c2-141d-30c88e29c421,NVIDIA A100 80GB PCIe,0.0,0.0,0.0,81920.0,54.9,40.0,210.0
2026-04-22T12:47:04.962750+00:00,2,GPU-e2492382-f7a3-d9f9-022a-ee517a1856c0,NVIDIA A100 80GB PCIe,0.0,0.0,0.0,81920.0,60.11,42.0,210.0
2026-04-22T12:47:04.962750+00:00,3,GPU-031c91dd-0e29-1627-f144-ab7b1f2752ff,NVIDIA A100 80GB PCIe,0.0,0.0,0.0,81920.0,57.92,40.0,210.0
2026-04-22T12:47:07.066974+00:00,0,GPU-853f8ad0-e6b3-5214-d348-bbaabb71c68f,NVIDIA A100 80GB PCIe,0.0,0.0,1469.0,81920.0,88.47,61.0,1410.0
2026-04-22T12:47:07.066974+00:00,1,GPU-2320fa2a-bb18-82c2-141d-30c88e29c421,NVIDIA A100 80GB PCIe,0.0,0.0,0.0,81920.0,54.8,40.0,210.0
2026-04-22T12:47:07.066974+00:00,2,GPU-e2492382-f7a3-d9f9-022a-ee517a1856c0,NVIDIA A100 80GB PCIe,0.0,0.0,0.0,81920.0,60.11,42.0,210.0
2026-04-22T12:47:07.066974+00:00,3,GPU-031c91dd-0e29-1627-f144-ab7b1f2752ff,NVIDIA A100 80GB PCIe,0.0,0.0,0.0,81920.0,57.81,40.0,210.0
2026-04-22T12:47:09.174407+00:00,0,GPU-853f8ad0-e6b3-5214-d348-bbaabb71c68f,NVIDIA A100 80GB PCIe,0.0,0.0,1469.0,81920.0,88.28,61.0,1410.0
2026-04-22T12:47:09.174407+00:00,1,GPU-2320fa2a-bb18-82c2-141d-30c88e29c421,NVIDIA A100 80GB PCIe,0.0,0.0,0.0,81920.0,55.09,40.0,210.0
2026-04-22T12:47:09.174407+00:00,2,GPU-e2492382-f7a3-d9f9-022a-ee517a1856c0,NVIDIA A100 80GB PCIe,0.0,0.0,0.0,81920.0,60.01,42.0,210.0
2026-04-22T12:47:09.174407+00:00,3,GPU-031c91dd-0e29-1627-f144-ab7b1f2752ff,NVIDIA A100 80GB PCIe,0.0,0.0,0.0,81920.0,57.81,40.0,210.0
2026-04-22T12:47:11.290757+00:00,0,GPU-853f8ad0-e6b3-5214-d348-bbaabb71c68f,NVIDIA A100 80GB PCIe,0.0,0.0,1469.0,81920.0,88.08,60.0,1410.0
2026-04-22T12:47:11.290757+00:00,1,GPU-2320fa2a-bb18-82c2-141d-30c88e29c421,NVIDIA A100 80GB PCIe,0.0,0.0,0.0,81920.0,54.99,40.0,210.0
2026-04-22T12:47:11.290757+00:00,2,GPU-e2492382-f7a3-d9f9-022a-ee517a1856c0,NVIDIA A100 80GB PCIe,0.0,0.0,0.0,81920.0,60.21,42.0,210.0
2026-04-22T12:47:11.290757+00:00,3,GPU-031c91dd-0e29-1627-f144-ab7b1f2752ff,NVIDIA A100 80GB PCIe,0.0,0.0,0.0,81920.0,57.91,40.0,210.0
2026-04-22T12:47:13.395899+00:00,0,GPU-853f8ad0-e6b3-5214-d348-bbaabb71c68f,NVIDIA A100 80GB PCIe,0.0,0.0,1469.0,81920.0,88.37,60.0,1410.0
2026-04-22T12:47:13.395899+00:00,1,GPU-2320fa2a-bb18-82c2-141d-30c88e29c421,NVIDIA A100 80GB PCIe,0.0,0.0,0.0,81920.0,54.9,40.0,210.0
2026-04-22T12:47:13.395899+00:00,2,GPU-e2492382-f7a3-d9f9-022a-ee517a1856c0,NVIDIA A100 80GB PCIe,0.0,0.0,0.0,81920.0,60.11,42.0,210.0
2026-04-22T12:47:13.395899+00:00,3,GPU-031c91dd-0e29-1627-f144-ab7b1f2752ff,NVIDIA A100 80GB PCIe,0.0,0.0,0.0,81920.0,57.82,40.0,210.0
2026-04-22T12:47:15.500610+00:00,0,GPU-853f8ad0-e6b3-5214-d348-bbaabb71c68f,NVIDIA A100 80GB PCIe,0.0,0.0,1469.0,81920.0,87.98,60.0,1410.0
2026-04-22T12:47:15.500610+00:00,1,GPU-2320fa2a-bb18-82c2-141d-30c88e29c421,NVIDIA A100 80GB PCIe,0.0,0.0,0.0,81920.0,54.9,40.0,210.0
2026-04-22T12:47:15.500610+00:00,2,GPU-e2492382-f7a3-d9f9-022a-ee517a1856c0,NVIDIA A100 80GB PCIe,0.0,0.0,0.0,81920.0,60.11,42.0,210.0
2026-04-22T12:47:15.500610+00:00,3,GPU-031c91dd-0e29-1627-f144-ab7b1f2752ff,NVIDIA A100 80GB PCIe,0.0,0.0,0.0,81920.0,57.81,40.0,210.0
2026-04-22T12:47:17.609287+00:00,0,GPU-853f8ad0-e6b3-5214-d348-bbaabb71c68f,NVIDIA A100 80GB PCIe,0.0,0.0,1469.0,81920.0,87.69,60.0,1410.0
2026-04-22T12:47:17.609287+00:00,1,GPU-2320fa2a-bb18-82c2-141d-30c88e29c421,NVIDIA A100 80GB PCIe,0.0,0.0,0.0,81920.0,54.9,40.0,210.0
2026-04-22T12:47:17.609287+00:00,2,GPU-e2492382-f7a3-d9f9-022a-ee517a1856c0,NVIDIA A100 80GB PCIe,0.0,0.0,0.0,81920.0,60.01,42.0,210.0
2026-04-22T12:47:17.609287+00:00,3,GPU-031c91dd-0e29-1627-f144-ab7b1f2752ff,NVIDIA A100 80GB PCIe,0.0,0.0,0.0,81920.0,57.82,40.0,210.0
2026-04-22T12:47:19.709486+00:00,0,GPU-853f8ad0-e6b3-5214-d348-bbaabb71c68f,NVIDIA A100 80GB PCIe,0.0,0.0,1469.0,81920.0,87.5,59.0,1410.0
2026-04-22T12:47:19.709486+00:00,1,GPU-2320fa2a-bb18-82c2-141d-30c88e29c421,NVIDIA A100 80GB PCIe,0.0,0.0,0.0,81920.0,54.7,40.0,210.0
2026-04-22T12:47:19.709486+00:00,2,GPU-e2492382-f7a3-d9f9-022a-ee517a1856c0,NVIDIA A100 80GB PCIe,0.0,0.0,0.0,81920.0,60.01,42.0,210.0
2026-04-22T12:47:19.709486+00:00,3,GPU-031c91dd-0e29-1627-f144-ab7b1f2752ff,NVIDIA A100 80GB PCIe,0.0,0.0,0.0,81920.0,57.91,40.0,210.0
2026-04-22T12:47:21.812124+00:00,0,GPU-853f8ad0-e6b3-5214-d348-bbaabb71c68f,NVIDIA A100 80GB PCIe,0.0,0.0,1469.0,81920.0,87.1,59.0,1410.0
2026-04-22T12:47:21.812124+00:00,1,GPU-2320fa2a-bb18-82c2-141d-30c88e29c421,NVIDIA A100 80GB PCIe,0.0,0.0,0.0,81920.0,54.9,40.0,210.0
2026-04-22T12:47:21.812124+00:00,2,GPU-e2492382-f7a3-d9f9-022a-ee517a1856c0,NVIDIA A100 80GB PCIe,0.0,0.0,0.0,81920.0,60.11,42.0,210.0
2026-04-22T12:47:21.812124+00:00,3,GPU-031c91dd-0e29-1627-f144-ab7b1f2752ff,NVIDIA A100 80GB PCIe,0.0,0.0,0.0,81920.0,57.82,40.0,210.0
2026-04-22T12:47:23.918677+00:00,0,GPU-853f8ad0-e6b3-5214-d348-bbaabb71c68f,NVIDIA A100 80GB PCIe,0.0,0.0,1469.0,81920.0,86.5,59.0,1410.0
2026-04-22T12:47:23.918677+00:00,1,GPU-2320fa2a-bb18-82c2-141d-30c88e29c421,NVIDIA A100 80GB PCIe,0.0,0.0,0.0,81920.0,54.7,40.0,210.0
2026-04-22T12:47:23.918677+00:00,2,GPU-e2492382-f7a3-d9f9-022a-ee517a1856c0,NVIDIA A100 80GB PCIe,0.0,0.0,0.0,81920.0,60.11,42.0,210.0
2026-04-22T12:47:23.918677+00:00,3,GPU-031c91dd-0e29-1627-f144-ab7b1f2752ff,NVIDIA A100 80GB PCIe,0.0,0.0,0.0,81920.0,57.91,40.0,210.0
2026-04-22T12:47:26.025411+00:00,0,GPU-853f8ad0-e6b3-5214-d348-bbaabb71c68f,NVIDIA A100 80GB PCIe,0.0,0.0,1469.0,81920.0,86.4,59.0,1410.0
2026-04-22T12:47:26.025411+00:00,1,GPU-2320fa2a-bb18-82c2-141d-30c88e29c421,NVIDIA A100 80GB PCIe,0.0,0.0,0.0,81920.0,55.09,40.0,210.0
2026-04-22T12:47:26.025411+00:00,2,GPU-e2492382-f7a3-d9f9-022a-ee517a1856c0,NVIDIA A100 80GB PCIe,0.0,0.0,0.0,81920.0,60.11,42.0,210.0
2026-04-22T12:47:26.025411+00:00,3,GPU-031c91dd-0e29-1627-f144-ab7b1f2752ff,NVIDIA A100 80GB PCIe,0.0,0.0,0.0,81920.0,57.9,40.0,210.0
2026-04-22T12:47:28.144629+00:00,0,GPU-853f8ad0-e6b3-5214-d348-bbaabb71c68f,NVIDIA A100 80GB PCIe,0.0,0.0,1469.0,81920.0,86.01,59.0,1410.0
2026-04-22T12:47:28.144629+00:00,1,GPU-2320fa2a-bb18-82c2-141d-30c88e29c421,NVIDIA A100 80GB PCIe,0.0,0.0,0.0,81920.0,54.99,40.0,210.0
2026-04-22T12:47:28.144629+00:00,2,GPU-e2492382-f7a3-d9f9-022a-ee517a1856c0,NVIDIA A100 80GB PCIe,0.0,0.0,0.0,81920.0,60.11,42.0,210.0
2026-04-22T12:47:28.144629+00:00,3,GPU-031c91dd-0e29-1627-f144-ab7b1f2752ff,NVIDIA A100 80GB PCIe,0.0,0.0,0.0,81920.0,57.82,40.0,210.0
2026-04-22T12:47:30.250881+00:00,0,GPU-853f8ad0-e6b3-5214-d348-bbaabb71c68f,NVIDIA A100 80GB PCIe,0.0,0.0,1469.0,81920.0,86.03,59.0,1410.0
2026-04-22T12:47:30.250881+00:00,1,GPU-2320fa2a-bb18-82c2-141d-30c88e29c421,NVIDIA A100 80GB PCIe,0.0,0.0,0.0,81920.0,54.99,40.0,210.0
2026-04-22T12:47:30.250881+00:00,2,GPU-e2492382-f7a3-d9f9-022a-ee517a1856c0,NVIDIA A100 80GB PCIe,0.0,0.0,0.0,81920.0,60.11,42.0,210.0
2026-04-22T12:47:30.250881+00:00,3,GPU-031c91dd-0e29-1627-f144-ab7b1f2752ff,NVIDIA A100 80GB PCIe,0.0,0.0,0.0,81920.0,57.81,40.0,210.0
2026-04-22T12:47:32.356590+00:00,0,GPU-853f8ad0-e6b3-5214-d348-bbaabb71c68f,NVIDIA A100 80GB PCIe,0.0,0.0,1469.0,81920.0,85.93,58.0,1410.0
2026-04-22T12:47:32.356590+00:00,1,GPU-2320fa2a-bb18-82c2-141d-30c88e29c421,NVIDIA A100 80GB PCIe,0.0,0.0,0.0,81920.0,54.8,40.0,210.0
2026-04-22T12:47:32.356590+00:00,2,GPU-e2492382-f7a3-d9f9-022a-ee517a1856c0,NVIDIA A100 80GB PCIe,0.0,0.0,0.0,81920.0,60.11,42.0,210.0
2026-04-22T12:47:32.356590+00:00,3,GPU-031c91dd-0e29-1627-f144-ab7b1f2752ff,NVIDIA A100 80GB PCIe,0.0,0.0,0.0,81920.0,57.82,40.0,210.0
2026-04-22T12:47:34.466798+00:00,0,GPU-853f8ad0-e6b3-5214-d348-bbaabb71c68f,NVIDIA A100 80GB PCIe,0.0,0.0,1469.0,81920.0,86.6,58.0,1410.0
2026-04-22T12:47:34.466798+00:00,1,GPU-2320fa2a-bb18-82c2-141d-30c88e29c421,NVIDIA A100 80GB PCIe,0.0,0.0,0.0,81920.0,54.99,40.0,210.0
2026-04-22T12:47:34.466798+00:00,2,GPU-e2492382-f7a3-d9f9-022a-ee517a1856c0,NVIDIA A100 80GB PCIe,0.0,0.0,0.0,81920.0,60.11,42.0,210.0
2026-04-22T12:47:34.466798+00:00,3,GPU-031c91dd-0e29-1627-f144-ab7b1f2752ff,NVIDIA A100 80GB PCIe,0.0,0.0,0.0,81920.0,57.91,40.0,210.0
2026-04-22T12:47:36.572225+00:00,0,GPU-853f8ad0-e6b3-5214-d348-bbaabb71c68f,NVIDIA A100 80GB PCIe,0.0,0.0,1469.0,81920.0,86.23,58.0,1410.0
2026-04-22T12:47:36.572225+00:00,1,GPU-2320fa2a-bb18-82c2-141d-30c88e29c421,NVIDIA A100 80GB PCIe,0.0,0.0,0.0,81920.0,55.19,40.0,210.0
2026-04-22T12:47:36.572225+00:00,2,GPU-e2492382-f7a3-d9f9-022a-ee517a1856c0,NVIDIA A100 80GB PCIe,0.0,0.0,0.0,81920.0,60.11,42.0,210.0
2026-04-22T12:47:36.572225+00:00,3,GPU-031c91dd-0e29-1627-f144-ab7b1f2752ff,NVIDIA A100 80GB PCIe,0.0,0.0,0.0,81920.0,57.82,40.0,210.0
2026-04-22T12:47:38.692566+00:00,0,GPU-853f8ad0-e6b3-5214-d348-bbaabb71c68f,NVIDIA A100 80GB PCIe,0.0,0.0,1469.0,81920.0,85.63,58.0,1410.0
2026-04-22T12:47:38.692566+00:00,1,GPU-2320fa2a-bb18-82c2-141d-30c88e29c421,NVIDIA A100 80GB PCIe,0.0,0.0,0.0,81920.0,55.19,40.0,210.0
2026-04-22T12:47:38.692566+00:00,2,GPU-e2492382-f7a3-d9f9-022a-ee517a1856c0,NVIDIA A100 80GB PCIe,0.0,0.0,0.0,81920.0,60.21,42.0,210.0
2026-04-22T12:47:38.692566+00:00,3,GPU-031c91dd-0e29-1627-f144-ab7b1f2752ff,NVIDIA A100 80GB PCIe,0.0,0.0,0.0,81920.0,57.91,40.0,210.0
2026-04-22T12:47:40.799157+00:00,0,GPU-853f8ad0-e6b3-5214-d348-bbaabb71c68f,NVIDIA A100 80GB PCIe,0.0,0.0,1469.0,81920.0,85.64,58.0,1410.0
2026-04-22T12:47:40.799157+00:00,1,GPU-2320fa2a-bb18-82c2-141d-30c88e29c421,NVIDIA A100 80GB PCIe,0.0,0.0,0.0,81920.0,55.09,40.0,210.0
2026-04-22T12:47:40.799157+00:00,2,GPU-e2492382-f7a3-d9f9-022a-ee517a1856c0,NVIDIA A100 80GB PCIe,0.0,0.0,0.0,81920.0,60.21,42.0,210.0
2026-04-22T12:47:40.799157+00:00,3,GPU-031c91dd-0e29-1627-f144-ab7b1f2752ff,NVIDIA A100 80GB PCIe,0.0,0.0,0.0,81920.0,57.72,40.0,210.0
2026-04-22T12:47:42.904774+00:00,0,GPU-853f8ad0-e6b3-5214-d348-bbaabb71c68f,NVIDIA A100 80GB PCIe,0.0,0.0,1469.0,81920.0,85.43,58.0,1410.0
2026-04-22T12:47:42.904774+00:00,1,GPU-2320fa2a-bb18-82c2-141d-30c88e29c421,NVIDIA A100 80GB PCIe,0.0,0.0,0.0,81920.0,55.09,40.0,210.0
2026-04-22T12:47:42.904774+00:00,2,GPU-e2492382-f7a3-d9f9-022a-ee517a1856c0,NVIDIA A100 80GB PCIe,0.0,0.0,0.0,81920.0,60.11,42.0,210.0
2026-04-22T12:47:42.904774+00:00,3,GPU-031c91dd-0e29-1627-f144-ab7b1f2752ff,NVIDIA A100 80GB PCIe,0.0,0.0,0.0,81920.0,57.72,40.0,210.0
2026-04-22T12:47:45.012788+00:00,0,GPU-853f8ad0-e6b3-5214-d348-bbaabb71c68f,NVIDIA A100 80GB PCIe,0.0,0.0,1469.0,81920.0,85.34,58.0,1410.0
2026-04-22T12:47:45.012788+00:00,1,GPU-2320fa2a-bb18-82c2-141d-30c88e29c421,NVIDIA A100 80GB PCIe,0.0,0.0,0.0,81920.0,54.99,40.0,210.0
2026-04-22T12:47:45.012788+00:00,2,GPU-e2492382-f7a3-d9f9-022a-ee517a1856c0,NVIDIA A100 80GB PCIe,0.0,0.0,0.0,81920.0,60.11,42.0,210.0
2026-04-22T12:47:45.012788+00:00,3,GPU-031c91dd-0e29-1627-f144-ab7b1f2752ff,NVIDIA A100 80GB PCIe,0.0,0.0,0.0,81920.0,57.91,40.0,210.0
2026-04-22T12:47:47.116021+00:00,0,GPU-853f8ad0-e6b3-5214-d348-bbaabb71c68f,NVIDIA A100 80GB PCIe,0.0,0.0,1469.0,81920.0,85.53,57.0,1410.0
2026-04-22T12:47:47.116021+00:00,1,GPU-2320fa2a-bb18-82c2-141d-30c88e29c421,NVIDIA A100 80GB PCIe,0.0,0.0,0.0,81920.0,55.09,40.0,210.0
2026-04-22T12:47:47.116021+00:00,2,GPU-e2492382-f7a3-d9f9-022a-ee517a1856c0,NVIDIA A100 80GB PCIe,0.0,0.0,0.0,81920.0,60.11,42.0,210.0
2026-04-22T12:47:47.116021+00:00,3,GPU-031c91dd-0e29-1627-f144-ab7b1f2752ff,NVIDIA A100 80GB PCIe,0.0,0.0,0.0,81920.0,58.01,40.0,210.0
2026-04-22T12:47:49.219930+00:00,0,GPU-853f8ad0-e6b3-5214-d348-bbaabb71c68f,NVIDIA A100 80GB PCIe,0.0,0.0,1469.0,81920.0,85.24,57.0,1410.0
2026-04-22T12:47:49.219930+00:00,1,GPU-2320fa2a-bb18-82c2-141d-30c88e29c421,NVIDIA A100 80GB PCIe,0.0,0.0,0.0,81920.0,55.19,40.0,210.0
2026-04-22T12:47:49.219930+00:00,2,GPU-e2492382-f7a3-d9f9-022a-ee517a1856c0,NVIDIA A100 80GB PCIe,0.0,0.0,0.0,81920.0,60.11,42.0,210.0
2026-04-22T12:47:49.219930+00:00,3,GPU-031c91dd-0e29-1627-f144-ab7b1f2752ff,NVIDIA A100 80GB PCIe,0.0,0.0,0.0,81920.0,57.91,40.0,210.0
2026-04-22T12:47:51.327403+00:00,0,GPU-853f8ad0-e6b3-5214-d348-bbaabb71c68f,NVIDIA A100 80GB PCIe,0.0,0.0,1469.0,81920.0,84.95,57.0,1410.0
2026-04-22T12:47:51.327403+00:00,1,GPU-2320fa2a-bb18-82c2-141d-30c88e29c421,NVIDIA A100 80GB PCIe,0.0,0.0,0.0,81920.0,55.09,40.0,210.0
2026-04-22T12:47:51.327403+00:00,2,GPU-e2492382-f7a3-d9f9-022a-ee517a1856c0,NVIDIA A100 80GB PCIe,0.0,0.0,0.0,81920.0,60.21,42.0,210.0
2026-04-22T12:47:51.327403+00:00,3,GPU-031c91dd-0e29-1627-f144-ab7b1f2752ff,NVIDIA A100 80GB PCIe,0.0,0.0,0.0,81920.0,57.82,40.0,210.0
2026-04-22T12:47:53.442893+00:00,0,GPU-853f8ad0-e6b3-5214-d348-bbaabb71c68f,NVIDIA A100 80GB PCIe,0.0,0.0,1469.0,81920.0,85.63,57.0,1410.0
2026-04-22T12:47:53.442893+00:00,1,GPU-2320fa2a-bb18-82c2-141d-30c88e29c421,NVIDIA A100 80GB PCIe,0.0,0.0,0.0,81920.0,55.09,40.0,210.0
2026-04-22T12:47:53.442893+00:00,2,GPU-e2492382-f7a3-d9f9-022a-ee517a1856c0,NVIDIA A100 80GB PCIe,0.0,0.0,0.0,81920.0,60.31,42.0,210.0
2026-04-22T12:47:53.442893+00:00,3,GPU-031c91dd-0e29-1627-f144-ab7b1f2752ff,NVIDIA A100 80GB PCIe,0.0,0.0,0.0,81920.0,57.91,41.0,210.0
2026-04-22T12:47:55.554090+00:00,0,GPU-853f8ad0-e6b3-5214-d348-bbaabb71c68f,NVIDIA A100 80GB PCIe,0.0,0.0,1469.0,81920.0,85.34,57.0,1410.0
2026-04-22T12:47:55.554090+00:00,1,GPU-2320fa2a-bb18-82c2-141d-30c88e29c421,NVIDIA A100 80GB PCIe,0.0,0.0,0.0,81920.0,55.09,40.0,210.0
2026-04-22T12:47:55.554090+00:00,2,GPU-e2492382-f7a3-d9f9-022a-ee517a1856c0,NVIDIA A100 80GB PCIe,0.0,0.0,0.0,81920.0,60.21,42.0,210.0
2026-04-22T12:47:55.554090+00:00,3,GPU-031c91dd-0e29-1627-f144-ab7b1f2752ff,NVIDIA A100 80GB PCIe,0.0,0.0,0.0,81920.0,57.91,41.0,210.0
2026-04-22T12:47:57.659097+00:00,0,GPU-853f8ad0-e6b3-5214-d348-bbaabb71c68f,NVIDIA A100 80GB PCIe,0.0,0.0,1469.0,81920.0,85.14,57.0,1410.0
2026-04-22T12:47:57.659097+00:00,1,GPU-2320fa2a-bb18-82c2-141d-30c88e29c421,NVIDIA A100 80GB PCIe,0.0,0.0,0.0,81920.0,55.09,40.0,210.0
2026-04-22T12:47:57.659097+00:00,2,GPU-e2492382-f7a3-d9f9-022a-ee517a1856c0,NVIDIA A100 80GB PCIe,0.0,0.0,0.0,81920.0,60.21,42.0,210.0
2026-04-22T12:47:57.659097+00:00,3,GPU-031c91dd-0e29-1627-f144-ab7b1f2752ff,NVIDIA A100 80GB PCIe,0.0,0.0,0.0,81920.0,57.92,41.0,210.0
2026-04-22T12:47:59.771801+00:00,0,GPU-853f8ad0-e6b3-5214-d348-bbaabb71c68f,NVIDIA A100 80GB PCIe,0.0,0.0,1469.0,81920.0,84.75,57.0,1410.0
2026-04-22T12:47:59.771801+00:00,1,GPU-2320fa2a-bb18-82c2-141d-30c88e29c421,NVIDIA A100 80GB PCIe,0.0,0.0,0.0,81920.0,55.09,40.0,210.0
2026-04-22T12:47:59.771801+00:00,2,GPU-e2492382-f7a3-d9f9-022a-ee517a1856c0,NVIDIA A100 80GB PCIe,0.0,0.0,0.0,81920.0,60.31,42.0,210.0
2026-04-22T12:47:59.771801+00:00,3,GPU-031c91dd-0e29-1627-f144-ab7b1f2752ff,NVIDIA A100 80GB PCIe,0.0,0.0,0.0,81920.0,57.91,41.0,210.0
2026-04-22T12:48:01.878429+00:00,0,GPU-853f8ad0-e6b3-5214-d348-bbaabb71c68f,NVIDIA A100 80GB PCIe,0.0,0.0,1469.0,81920.0,84.65,57.0,1410.0
2026-04-22T12:48:01.878429+00:00,1,GPU-2320fa2a-bb18-82c2-141d-30c88e29c421,NVIDIA A100 80GB PCIe,0.0,0.0,0.0,81920.0,55.19,40.0,210.0
2026-04-22T12:48:01.878429+00:00,2,GPU-e2492382-f7a3-d9f9-022a-ee517a1856c0,NVIDIA A100 80GB PCIe,0.0,0.0,0.0,81920.0,60.21,42.0,210.0
2026-04-22T12:48:01.878429+00:00,3,GPU-031c91dd-0e29-1627-f144-ab7b1f2752ff,NVIDIA A100 80GB PCIe,0.0,0.0,0.0,81920.0,57.92,41.0,210.0
2026-04-22T12:48:03.981275+00:00,0,GPU-853f8ad0-e6b3-5214-d348-bbaabb71c68f,NVIDIA A100 80GB PCIe,0.0,0.0,1469.0,81920.0,84.56,56.0,1410.0
2026-04-22T12:48:03.981275+00:00,1,GPU-2320fa2a-bb18-82c2-141d-30c88e29c421,NVIDIA A100 80GB PCIe,0.0,0.0,0.0,81920.0,54.99,40.0,210.0
2026-04-22T12:48:03.981275+00:00,2,GPU-e2492382-f7a3-d9f9-022a-ee517a1856c0,NVIDIA A100 80GB PCIe,0.0,0.0,0.0,81920.0,60.21,42.0,210.0
2026-04-22T12:48:03.981275+00:00,3,GPU-031c91dd-0e29-1627-f144-ab7b1f2752ff,NVIDIA A100 80GB PCIe,0.0,0.0,0.0,81920.0,57.91,41.0,210.0
2026-04-22T12:48:06.087800+00:00,0,GPU-853f8ad0-e6b3-5214-d348-bbaabb71c68f,NVIDIA A100 80GB PCIe,0.0,0.0,1469.0,81920.0,84.54,56.0,1410.0
2026-04-22T12:48:06.087800+00:00,1,GPU-2320fa2a-bb18-82c2-141d-30c88e29c421,NVIDIA A100 80GB PCIe,0.0,0.0,0.0,81920.0,54.99,40.0,210.0
2026-04-22T12:48:06.087800+00:00,2,GPU-e2492382-f7a3-d9f9-022a-ee517a1856c0,NVIDIA A100 80GB PCIe,0.0,0.0,0.0,81920.0,60.31,42.0,210.0
2026-04-22T12:48:06.087800+00:00,3,GPU-031c91dd-0e29-1627-f144-ab7b1f2752ff,NVIDIA A100 80GB PCIe,0.0,0.0,0.0,81920.0,57.82,41.0,210.0
2026-04-22T12:48:08.201337+00:00,0,GPU-853f8ad0-e6b3-5214-d348-bbaabb71c68f,NVIDIA A100 80GB PCIe,0.0,0.0,1469.0,81920.0,84.35,56.0,1410.0
2026-04-22T12:48:08.201337+00:00,1,GPU-2320fa2a-bb18-82c2-141d-30c88e29c421,NVIDIA A100 80GB PCIe,0.0,0.0,0.0,81920.0,54.8,40.0,210.0
2026-04-22T12:48:08.201337+00:00,2,GPU-e2492382-f7a3-d9f9-022a-ee517a1856c0,NVIDIA A100 80GB PCIe,0.0,0.0,0.0,81920.0,60.31,42.0,210.0
2026-04-22T12:48:08.201337+00:00,3,GPU-031c91dd-0e29-1627-f144-ab7b1f2752ff,NVIDIA A100 80GB PCIe,0.0,0.0,0.0,81920.0,58.11,41.0,210.0
2026-04-22T12:48:10.317627+00:00,0,GPU-853f8ad0-e6b3-5214-d348-bbaabb71c68f,NVIDIA A100 80GB PCIe,0.0,0.0,1469.0,81920.0,84.14,56.0,1410.0
2026-04-22T12:48:10.317627+00:00,1,GPU-2320fa2a-bb18-82c2-141d-30c88e29c421,NVIDIA A100 80GB PCIe,0.0,0.0,0.0,81920.0,55.19,40.0,210.0
2026-04-22T12:48:10.317627+00:00,2,GPU-e2492382-f7a3-d9f9-022a-ee517a1856c0,NVIDIA A100 80GB PCIe,0.0,0.0,0.0,81920.0,60.31,42.0,210.0
2026-04-22T12:48:10.317627+00:00,3,GPU-031c91dd-0e29-1627-f144-ab7b1f2752ff,NVIDIA A100 80GB PCIe,0.0,0.0,0.0,81920.0,58.0,41.0,210.0
2026-04-22T12:48:12.421597+00:00,0,GPU-853f8ad0-e6b3-5214-d348-bbaabb71c68f,NVIDIA A100 80GB PCIe,0.0,0.0,1469.0,81920.0,84.24,56.0,1410.0
2026-04-22T12:48:12.421597+00:00,1,GPU-2320fa2a-bb18-82c2-141d-30c88e29c421,NVIDIA A100 80GB PCIe,0.0,0.0,0.0,81920.0,55.19,40.0,210.0
2026-04-22T12:48:12.421597+00:00,2,GPU-e2492382-f7a3-d9f9-022a-ee517a1856c0,NVIDIA A100 80GB PCIe,0.0,0.0,0.0,81920.0,60.31,42.0,210.0
2026-04-22T12:48:12.421597+00:00,3,GPU-031c91dd-0e29-1627-f144-ab7b1f2752ff,NVIDIA A100 80GB PCIe,0.0,0.0,0.0,81920.0,57.9,41.0,210.0
2026-04-22T12:48:14.525764+00:00,0,GPU-853f8ad0-e6b3-5214-d348-bbaabb71c68f,NVIDIA A100 80GB PCIe,0.0,0.0,1469.0,81920.0,85.14,56.0,1410.0
2026-04-22T12:48:14.525764+00:00,1,GPU-2320fa2a-bb18-82c2-141d-30c88e29c421,NVIDIA A100 80GB PCIe,0.0,0.0,0.0,81920.0,55.09,40.0,210.0
2026-04-22T12:48:14.525764+00:00,2,GPU-e2492382-f7a3-d9f9-022a-ee517a1856c0,NVIDIA A100 80GB PCIe,0.0,0.0,0.0,81920.0,60.31,42.0,210.0
2026-04-22T12:48:14.525764+00:00,3,GPU-031c91dd-0e29-1627-f144-ab7b1f2752ff,NVIDIA A100 80GB PCIe,0.0,0.0,0.0,81920.0,57.91,41.0,210.0
2026-04-22T12:48:16.629610+00:00,0,GPU-853f8ad0-e6b3-5214-d348-bbaabb71c68f,NVIDIA A100 80GB PCIe,0.0,0.0,1469.0,81920.0,84.54,56.0,1410.0
2026-04-22T12:48:16.629610+00:00,1,GPU-2320fa2a-bb18-82c2-141d-30c88e29c421,NVIDIA A100 80GB PCIe,0.0,0.0,0.0,81920.0,54.99,40.0,210.0
2026-04-22T12:48:16.629610+00:00,2,GPU-e2492382-f7a3-d9f9-022a-ee517a1856c0,NVIDIA A100 80GB PCIe,0.0,0.0,0.0,81920.0,60.31,42.0,210.0
2026-04-22T12:48:16.629610+00:00,3,GPU-031c91dd-0e29-1627-f144-ab7b1f2752ff,NVIDIA A100 80GB PCIe,0.0,0.0,0.0,81920.0,58.01,41.0,210.0
2026-04-22T12:48:18.737182+00:00,0,GPU-853f8ad0-e6b3-5214-d348-bbaabb71c68f,NVIDIA A100 80GB PCIe,0.0,0.0,1469.0,81920.0,84.35,56.0,1410.0
2026-04-22T12:48:18.737182+00:00,1,GPU-2320fa2a-bb18-82c2-141d-30c88e29c421,NVIDIA A100 80GB PCIe,0.0,0.0,0.0,81920.0,55.19,40.0,210.0
2026-04-22T12:48:18.737182+00:00,2,GPU-e2492382-f7a3-d9f9-022a-ee517a1856c0,NVIDIA A100 80GB PCIe,0.0,0.0,0.0,81920.0,60.31,42.0,210.0
2026-04-22T12:48:18.737182+00:00,3,GPU-031c91dd-0e29-1627-f144-ab7b1f2752ff,NVIDIA A100 80GB PCIe,0.0,0.0,0.0,81920.0,58.01,41.0,210.0
2026-04-22T12:48:20.846948+00:00,0,GPU-853f8ad0-e6b3-5214-d348-bbaabb71c68f,NVIDIA A100 80GB PCIe,0.0,0.0,1469.0,81920.0,84.14,56.0,1410.0
2026-04-22T12:48:20.846948+00:00,1,GPU-2320fa2a-bb18-82c2-141d-30c88e29c421,NVIDIA A100 80GB PCIe,0.0,0.0,0.0,81920.0,55.09,40.0,210.0
2026-04-22T12:48:20.846948+00:00,2,GPU-e2492382-f7a3-d9f9-022a-ee517a1856c0,NVIDIA A100 80GB PCIe,0.0,0.0,0.0,81920.0,60.21,42.0,210.0
2026-04-22T12:48:20.846948+00:00,3,GPU-031c91dd-0e29-1627-f144-ab7b1f2752ff,NVIDIA A100 80GB PCIe,0.0,0.0,0.0,81920.0,58.0,41.0,210.0
2026-04-22T12:48:22.956246+00:00,0,GPU-853f8ad0-e6b3-5214-d348-bbaabb71c68f,NVIDIA A100 80GB PCIe,0.0,0.0,1469.0,81920.0,84.05,55.0,1410.0
2026-04-22T12:48:22.956246+00:00,1,GPU-2320fa2a-bb18-82c2-141d-30c88e29c421,NVIDIA A100 80GB PCIe,0.0,0.0,0.0,81920.0,54.9,40.0,210.0
2026-04-22T12:48:22.956246+00:00,2,GPU-e2492382-f7a3-d9f9-022a-ee517a1856c0,NVIDIA A100 80GB PCIe,0.0,0.0,0.0,81920.0,60.21,42.0,210.0
2026-04-22T12:48:22.956246+00:00,3,GPU-031c91dd-0e29-1627-f144-ab7b1f2752ff,NVIDIA A100 80GB PCIe,0.0,0.0,0.0,81920.0,57.92,41.0,210.0
2026-04-22T12:48:25.067200+00:00,0,GPU-853f8ad0-e6b3-5214-d348-bbaabb71c68f,NVIDIA A100 80GB PCIe,0.0,0.0,1469.0,81920.0,83.95,55.0,1410.0
2026-04-22T12:48:25.067200+00:00,1,GPU-2320fa2a-bb18-82c2-141d-30c88e29c421,NVIDIA A100 80GB PCIe,0.0,0.0,0.0,81920.0,55.09,40.0,210.0
2026-04-22T12:48:25.067200+00:00,2,GPU-e2492382-f7a3-d9f9-022a-ee517a1856c0,NVIDIA A100 80GB PCIe,0.0,0.0,0.0,81920.0,60.21,42.0,210.0
2026-04-22T12:48:25.067200+00:00,3,GPU-031c91dd-0e29-1627-f144-ab7b1f2752ff,NVIDIA A100 80GB PCIe,0.0,0.0,0.0,81920.0,58.01,41.0,210.0
2026-04-22T12:48:27.173191+00:00,0,GPU-853f8ad0-e6b3-5214-d348-bbaabb71c68f,NVIDIA A100 80GB PCIe,0.0,0.0,1469.0,81920.0,83.85,55.0,1410.0
2026-04-22T12:48:27.173191+00:00,1,GPU-2320fa2a-bb18-82c2-141d-30c88e29c421,NVIDIA A100 80GB PCIe,0.0,0.0,0.0,81920.0,55.19,40.0,210.0
2026-04-22T12:48:27.173191+00:00,2,GPU-e2492382-f7a3-d9f9-022a-ee517a1856c0,NVIDIA A100 80GB PCIe,0.0,0.0,0.0,81920.0,60.21,42.0,210.0
2026-04-22T12:48:27.173191+00:00,3,GPU-031c91dd-0e29-1627-f144-ab7b1f2752ff,NVIDIA A100 80GB PCIe,0.0,0.0,0.0,81920.0,58.01,41.0,210.0
2026-04-22T12:48:29.278985+00:00,0,GPU-853f8ad0-e6b3-5214-d348-bbaabb71c68f,NVIDIA A100 80GB PCIe,0.0,0.0,1469.0,81920.0,83.85,55.0,1410.0
2026-04-22T12:48:29.278985+00:00,1,GPU-2320fa2a-bb18-82c2-141d-30c88e29c421,NVIDIA A100 80GB PCIe,0.0,0.0,0.0,81920.0,55.09,40.0,210.0
2026-04-22T12:48:29.278985+00:00,2,GPU-e2492382-f7a3-d9f9-022a-ee517a1856c0,NVIDIA A100 80GB PCIe,0.0,0.0,0.0,81920.0,60.21,42.0,210.0
2026-04-22T12:48:29.278985+00:00,3,GPU-031c91dd-0e29-1627-f144-ab7b1f2752ff,NVIDIA A100 80GB PCIe,0.0,0.0,0.0,81920.0,58.11,41.0,210.0
2026-04-22T12:48:31.382218+00:00,0,GPU-853f8ad0-e6b3-5214-d348-bbaabb71c68f,NVIDIA A100 80GB PCIe,0.0,0.0,1469.0,81920.0,83.17,55.0,1410.0
2026-04-22T12:48:31.382218+00:00,1,GPU-2320fa2a-bb18-82c2-141d-30c88e29c421,NVIDIA A100 80GB PCIe,0.0,0.0,0.0,81920.0,54.99,40.0,210.0
2026-04-22T12:48:31.382218+00:00,2,GPU-e2492382-f7a3-d9f9-022a-ee517a1856c0,NVIDIA A100 80GB PCIe,0.0,0.0,0.0,81920.0,60.31,42.0,210.0
2026-04-22T12:48:31.382218+00:00,3,GPU-031c91dd-0e29-1627-f144-ab7b1f2752ff,NVIDIA A100 80GB PCIe,0.0,0.0,0.0,81920.0,58.11,41.0,210.0
2026-04-22T12:48:33.489741+00:00,0,GPU-853f8ad0-e6b3-5214-d348-bbaabb71c68f,NVIDIA A100 80GB PCIe,0.0,0.0,1469.0,81920.0,83.06,55.0,1410.0
2026-04-22T12:48:33.489741+00:00,1,GPU-2320fa2a-bb18-82c2-141d-30c88e29c421,NVIDIA A100 80GB PCIe,0.0,0.0,0.0,81920.0,54.99,40.0,210.0
2026-04-22T12:48:33.489741+00:00,2,GPU-e2492382-f7a3-d9f9-022a-ee517a1856c0,NVIDIA A100 80GB PCIe,0.0,0.0,0.0,81920.0,60.21,42.0,210.0
2026-04-22T12:48:33.489741+00:00,3,GPU-031c91dd-0e29-1627-f144-ab7b1f2752ff,NVIDIA A100 80GB PCIe,0.0,0.0,0.0,81920.0,58.01,41.0,210.0
2026-04-22T12:48:35.604091+00:00,0,GPU-853f8ad0-e6b3-5214-d348-bbaabb71c68f,NVIDIA A100 80GB PCIe,0.0,0.0,1469.0,81920.0,83.66,55.0,1410.0
2026-04-22T12:48:35.604091+00:00,1,GPU-2320fa2a-bb18-82c2-141d-30c88e29c421,NVIDIA A100 80GB PCIe,0.0,0.0,0.0,81920.0,55.09,40.0,210.0
2026-04-22T12:48:35.604091+00:00,2,GPU-e2492382-f7a3-d9f9-022a-ee517a1856c0,NVIDIA A100 80GB PCIe,0.0,0.0,0.0,81920.0,60.31,42.0,210.0
2026-04-22T12:48:35.604091+00:00,3,GPU-031c91dd-0e29-1627-f144-ab7b1f2752ff,NVIDIA A100 80GB PCIe,0.0,0.0,0.0,81920.0,58.01,41.0,210.0
2026-04-22T12:48:37.711264+00:00,0,GPU-853f8ad0-e6b3-5214-d348-bbaabb71c68f,NVIDIA A100 80GB PCIe,0.0,0.0,1469.0,81920.0,83.27,55.0,1410.0
2026-04-22T12:48:37.711264+00:00,1,GPU-2320fa2a-bb18-82c2-141d-30c88e29c421,NVIDIA A100 80GB PCIe,0.0,0.0,0.0,81920.0,55.28,40.0,210.0
2026-04-22T12:48:37.711264+00:00,2,GPU-e2492382-f7a3-d9f9-022a-ee517a1856c0,NVIDIA A100 80GB PCIe,0.0,0.0,0.0,81920.0,60.31,42.0,210.0
2026-04-22T12:48:37.711264+00:00,3,GPU-031c91dd-0e29-1627-f144-ab7b1f2752ff,NVIDIA A100 80GB PCIe,0.0,0.0,0.0,81920.0,58.01,41.0,210.0
2026-04-22T12:48:39.820235+00:00,0,GPU-853f8ad0-e6b3-5214-d348-bbaabb71c68f,NVIDIA A100 80GB PCIe,0.0,0.0,1469.0,81920.0,83.06,55.0,1410.0
2026-04-22T12:48:39.820235+00:00,1,GPU-2320fa2a-bb18-82c2-141d-30c88e29c421,NVIDIA A100 80GB PCIe,0.0,0.0,0.0,81920.0,54.9,40.0,210.0
2026-04-22T12:48:39.820235+00:00,2,GPU-e2492382-f7a3-d9f9-022a-ee517a1856c0,NVIDIA A100 80GB PCIe,0.0,0.0,0.0,81920.0,60.31,42.0,210.0
2026-04-22T12:48:39.820235+00:00,3,GPU-031c91dd-0e29-1627-f144-ab7b1f2752ff,NVIDIA A100 80GB PCIe,0.0,0.0,0.0,81920.0,58.03,41.0,210.0
2026-04-22T12:48:41.927564+00:00,0,GPU-853f8ad0-e6b3-5214-d348-bbaabb71c68f,NVIDIA A100 80GB PCIe,0.0,0.0,1469.0,81920.0,82.96,55.0,1410.0
2026-04-22T12:48:41.927564+00:00,1,GPU-2320fa2a-bb18-82c2-141d-30c88e29c421,NVIDIA A100 80GB PCIe,0.0,0.0,0.0,81920.0,55.09,40.0,210.0
2026-04-22T12:48:41.927564+00:00,2,GPU-e2492382-f7a3-d9f9-022a-ee517a1856c0,NVIDIA A100 80GB PCIe,0.0,0.0,0.0,81920.0,60.11,42.0,210.0
2026-04-22T12:48:41.927564+00:00,3,GPU-031c91dd-0e29-1627-f144-ab7b1f2752ff,NVIDIA A100 80GB PCIe,0.0,0.0,0.0,81920.0,58.01,41.0,210.0
2026-04-22T12:48:44.032852+00:00,0,GPU-853f8ad0-e6b3-5214-d348-bbaabb71c68f,NVIDIA A100 80GB PCIe,0.0,0.0,1469.0,81920.0,82.77,54.0,1410.0
2026-04-22T12:48:44.032852+00:00,1,GPU-2320fa2a-bb18-82c2-141d-30c88e29c421,NVIDIA A100 80GB PCIe,0.0,0.0,0.0,81920.0,55.09,40.0,210.0
2026-04-22T12:48:44.032852+00:00,2,GPU-e2492382-f7a3-d9f9-022a-ee517a1856c0,NVIDIA A100 80GB PCIe,0.0,0.0,0.0,81920.0,60.21,42.0,210.0
2026-04-22T12:48:44.032852+00:00,3,GPU-031c91dd-0e29-1627-f144-ab7b1f2752ff,NVIDIA A100 80GB PCIe,0.0,0.0,0.0,81920.0,58.03,41.0,210.0
2026-04-22T12:48:46.139870+00:00,0,GPU-853f8ad0-e6b3-5214-d348-bbaabb71c68f,NVIDIA A100 80GB PCIe,0.0,0.0,13241.0,81920.0,199.34,56.0,1395.0
2026-04-22T12:48:46.139870+00:00,1,GPU-2320fa2a-bb18-82c2-141d-30c88e29c421,NVIDIA A100 80GB PCIe,0.0,0.0,0.0,81920.0,55.15,40.0,210.0
2026-04-22T12:48:46.139870+00:00,2,GPU-e2492382-f7a3-d9f9-022a-ee517a1856c0,NVIDIA A100 80GB PCIe,0.0,0.0,0.0,81920.0,60.21,42.0,210.0
2026-04-22T12:48:46.139870+00:00,3,GPU-031c91dd-0e29-1627-f144-ab7b1f2752ff,NVIDIA A100 80GB PCIe,0.0,0.0,0.0,81920.0,58.1,41.0,210.0
2026-04-22T12:48:48.258216+00:00,0,GPU-853f8ad0-e6b3-5214-d348-bbaabb71c68f,NVIDIA A100 80GB PCIe,86.0,45.0,27587.0,81920.0,285.71,61.0,1365.0
2026-04-22T12:48:48.258216+00:00,1,GPU-2320fa2a-bb18-82c2-141d-30c88e29c421,NVIDIA A100 80GB PCIe,0.0,0.0,0.0,81920.0,55.4,40.0,210.0
2026-04-22T12:48:48.258216+00:00,2,GPU-e2492382-f7a3-d9f9-022a-ee517a1856c0,NVIDIA A100 80GB PCIe,0.0,0.0,0.0,81920.0,60.11,42.0,210.0
2026-04-22T12:48:48.258216+00:00,3,GPU-031c91dd-0e29-1627-f144-ab7b1f2752ff,NVIDIA A100 80GB PCIe,0.0,0.0,0.0,81920.0,57.9,41.0,210.0
2026-04-22T12:48:50.369410+00:00,0,GPU-853f8ad0-e6b3-5214-d348-bbaabb71c68f,NVIDIA A100 80GB PCIe,91.0,48.0,27587.0,81920.0,253.4,62.0,1395.0
2026-04-22T12:48:50.369410+00:00,1,GPU-2320fa2a-bb18-82c2-141d-30c88e29c421,NVIDIA A100 80GB PCIe,0.0,0.0,0.0,81920.0,54.99,40.0,210.0
2026-04-22T12:48:50.369410+00:00,2,GPU-e2492382-f7a3-d9f9-022a-ee517a1856c0,NVIDIA A100 80GB PCIe,0.0,0.0,0.0,81920.0,60.19,42.0,210.0
2026-04-22T12:48:50.369410+00:00,3,GPU-031c91dd-0e29-1627-f144-ab7b1f2752ff,NVIDIA A100 80GB PCIe,0.0,0.0,0.0,81920.0,58.07,41.0,210.0
2026-04-22T12:48:52.481913+00:00,0,GPU-853f8ad0-e6b3-5214-d348-bbaabb71c68f,NVIDIA A100 80GB PCIe,88.0,47.0,27587.0,81920.0,282.52,62.0,1395.0
2026-04-22T12:48:52.481913+00:00,1,GPU-2320fa2a-bb18-82c2-141d-30c88e29c421,NVIDIA A100 80GB PCIe,0.0,0.0,0.0,81920.0,55.09,40.0,210.0
2026-04-22T12:48:52.481913+00:00,2,GPU-e2492382-f7a3-d9f9-022a-ee517a1856c0,NVIDIA A100 80GB PCIe,0.0,0.0,0.0,81920.0,60.29,42.0,210.0
2026-04-22T12:48:52.481913+00:00,3,GPU-031c91dd-0e29-1627-f144-ab7b1f2752ff,NVIDIA A100 80GB PCIe,0.0,0.0,0.0,81920.0,58.09,41.0,210.0
