environment_id,task_row_index,source_no,family,temperature_celsius,chloride_molar,pH,test_method,test_method_family,test_method_category
epit_environment_0001,0,1,fe_alloy,50,0.0051334965785245308,7.7999999999999998,"Potentiodynamic Polarization with exposed area of 1 cm2. Potentiodynamic polarization experiments were carried out using a scan rate of 0.1 mV/s commencing at a potential about 250 mV more active than the stable OCP. Before starting the polarization scan, the specimen in the sample holder (WE) was left in the cell for about 1 h to attain a steady state which is shown by a constant potential and current at the beginning of the experiment. The potcntiodynamic runs were programmed such that upon attaining a current density of 25μA/cm^2, the scan direction was reversed and the potentials were scanned back to the starting potential.",potentiodynamic,18
epit_environment_0002,1,2,fe_alloy,50,0.0085558276308742177,7.7999999999999998,"Potentiodynamic Polarization with exposed area of 1 cm2. Potentiodynamic polarization experiments were carried out using a scan rate of 0.1 mV/s commencing at a potential about 250 mV more active than the stable OCP. Before starting the polarization scan, the specimen in the sample holder (WE) was left in the cell for about 1 h to attain a steady state which is shown by a constant potential and current at the beginning of the experiment. The potcntiodynamic runs were programmed such that upon attaining a current density of 25μA/cm^2, the scan direction was reversed and the potentials were scanned back to the starting potential.",potentiodynamic,18
epit_environment_0003,2,3,fe_alloy,50,0.017111655261748435,7.7999999999999998,"Potentiodynamic Polarization with exposed area of 1 cm2. Potentiodynamic polarization experiments were carried out using a scan rate of 0.1 mV/s commencing at a potential about 250 mV more active than the stable OCP. Before starting the polarization scan, the specimen in the sample holder (WE) was left in the cell for about 1 h to attain a steady state which is shown by a constant potential and current at the beginning of the experiment. The potcntiodynamic runs were programmed such that upon attaining a current density of 25μA/cm^2, the scan direction was reversed and the potentials were scanned back to the starting potential.",potentiodynamic,18
epit_environment_0004,3,4,fe_alloy,50,0.085558276308742159,7.7999999999999998,"Potentiodynamic Polarization with exposed area of 1 cm2. Potentiodynamic polarization experiments were carried out using a scan rate of 0.1 mV/s commencing at a potential about 250 mV more active than the stable OCP. Before starting the polarization scan, the specimen in the sample holder (WE) was left in the cell for about 1 h to attain a steady state which is shown by a constant potential and current at the beginning of the experiment. The potcntiodynamic runs were programmed such that upon attaining a current density of 25μA/cm^2, the scan direction was reversed and the potentials were scanned back to the starting potential.",potentiodynamic,18
epit_environment_0005,4,5,fe_alloy,50,0.54600000000000004,8.1999999999999993,"Potentiodynamic Polarization with exposed area of 1 cm2. Potentiodynamic polarization experiments were carried out using a scan rate of 0.1 mV/s commencing at a potential about 250 mV more active than the stable OCP. Before starting the polarization scan, the specimen in the sample holder (WE) was left in the cell for about 1 h to attain a steady state which is shown by a constant potential and current at the beginning of the experiment. The potcntiodynamic runs were programmed such that upon attaining a current density of 25μA/cm^2, the scan direction was reversed and the potentials were scanned back to the starting potential.",potentiodynamic,18
epit_environment_0006,5,6,fe_alloy,50,0.0051334965785245308,7.7999999999999998,"Potentiodynamic Polarization with exposed area of 1 cm2. Potentiodynamic polarization experiments were carried out using a scan rate of 0.1 mV/s commencing at a potential about 250 mV more active than the stable OCP. Before starting the polarization scan, the specimen in the sample holder (WE) was left in the cell for about 1 h to attain a steady state which is shown by a constant potential and current at the beginning of the experiment. The potcntiodynamic runs were programmed such that upon attaining a current density of 25μA/cm^2, the scan direction was reversed and the potentials were scanned back to the starting potential.",potentiodynamic,18
epit_environment_0007,6,7,fe_alloy,50,0.0085558276308742177,7.7999999999999998,"Potentiodynamic Polarization with exposed area of 1 cm2. Potentiodynamic polarization experiments were carried out using a scan rate of 0.1 mV/s commencing at a potential about 250 mV more active than the stable OCP. Before starting the polarization scan, the specimen in the sample holder (WE) was left in the cell for about 1 h to attain a steady state which is shown by a constant potential and current at the beginning of the experiment. The potcntiodynamic runs were programmed such that upon attaining a current density of 25μA/cm^2, the scan direction was reversed and the potentials were scanned back to the starting potential.",potentiodynamic,18
epit_environment_0008,7,8,fe_alloy,50,0.017111655261748435,7.7999999999999998,"Potentiodynamic Polarization with exposed area of 1 cm2. Potentiodynamic polarization experiments were carried out using a scan rate of 0.1 mV/s commencing at a potential about 250 mV more active than the stable OCP. Before starting the polarization scan, the specimen in the sample holder (WE) was left in the cell for about 1 h to attain a steady state which is shown by a constant potential and current at the beginning of the experiment. The potcntiodynamic runs were programmed such that upon attaining a current density of 25μA/cm^2, the scan direction was reversed and the potentials were scanned back to the starting potential.",potentiodynamic,18
epit_environment_0009,8,9,fe_alloy,50,0.085558276308742159,7.7999999999999998,"Potentiodynamic Polarization with exposed area of 1 cm2. Potentiodynamic polarization experiments were carried out using a scan rate of 0.1 mV/s commencing at a potential about 250 mV more active than the stable OCP. Before starting the polarization scan, the specimen in the sample holder (WE) was left in the cell for about 1 h to attain a steady state which is shown by a constant potential and current at the beginning of the experiment. The potcntiodynamic runs were programmed such that upon attaining a current density of 25μA/cm^2, the scan direction was reversed and the potentials were scanned back to the starting potential.",potentiodynamic,18
epit_environment_0010,9,10,fe_alloy,50,0.54600000000000004,8.1999999999999993,"Potentiodynamic Polarization with exposed area of 1 cm2. Potentiodynamic polarization experiments were carried out using a scan rate of 0.1 mV/s commencing at a potential about 250 mV more active than the stable OCP. Before starting the polarization scan, the specimen in the sample holder (WE) was left in the cell for about 1 h to attain a steady state which is shown by a constant potential and current at the beginning of the experiment. The potcntiodynamic runs were programmed such that upon attaining a current density of 25μA/cm^2, the scan direction was reversed and the potentials were scanned back to the starting potential.",potentiodynamic,18
epit_environment_0011,10,11,fe_alloy,50,0.0051334965785245308,7.7999999999999998,"Potentiodynamic Polarization with exposed area of 1 cm2. Potentiodynamic polarization experiments were carried out using a scan rate of 0.1 mV/s commencing at a potential about 250 mV more active than the stable OCP. Before starting the polarization scan, the specimen in the sample holder (WE) was left in the cell for about 1 h to attain a steady state which is shown by a constant potential and current at the beginning of the experiment. The potcntiodynamic runs were programmed such that upon attaining a current density of 25μA/cm^2, the scan direction was reversed and the potentials were scanned back to the starting potential.",potentiodynamic,18
epit_environment_0012,11,12,fe_alloy,50,0.0085558276308742177,7.7999999999999998,"Potentiodynamic Polarization with exposed area of 1 cm2. Potentiodynamic polarization experiments were carried out using a scan rate of 0.1 mV/s commencing at a potential about 250 mV more active than the stable OCP. Before starting the polarization scan, the specimen in the sample holder (WE) was left in the cell for about 1 h to attain a steady state which is shown by a constant potential and current at the beginning of the experiment. The potcntiodynamic runs were programmed such that upon attaining a current density of 25μA/cm^2, the scan direction was reversed and the potentials were scanned back to the starting potential.",potentiodynamic,18
epit_environment_0013,12,13,fe_alloy,50,0.017111655261748435,7.7999999999999998,"Potentiodynamic Polarization with exposed area of 1 cm2. Potentiodynamic polarization experiments were carried out using a scan rate of 0.1 mV/s commencing at a potential about 250 mV more active than the stable OCP. Before starting the polarization scan, the specimen in the sample holder (WE) was left in the cell for about 1 h to attain a steady state which is shown by a constant potential and current at the beginning of the experiment. The potcntiodynamic runs were programmed such that upon attaining a current density of 25μA/cm^2, the scan direction was reversed and the potentials were scanned back to the starting potential.",potentiodynamic,18
epit_environment_0014,13,14,fe_alloy,50,0.085558276308742159,7.7999999999999998,"Potentiodynamic Polarization with exposed area of 1 cm2. Potentiodynamic polarization experiments were carried out using a scan rate of 0.1 mV/s commencing at a potential about 250 mV more active than the stable OCP. Before starting the polarization scan, the specimen in the sample holder (WE) was left in the cell for about 1 h to attain a steady state which is shown by a constant potential and current at the beginning of the experiment. The potcntiodynamic runs were programmed such that upon attaining a current density of 25μA/cm^2, the scan direction was reversed and the potentials were scanned back to the starting potential.",potentiodynamic,18
epit_environment_0015,14,15,fe_alloy,50,0.54600000000000004,8.1999999999999993,"Potentiodynamic Polarization with exposed area of 1 cm2. Potentiodynamic polarization experiments were carried out using a scan rate of 0.1 mV/s commencing at a potential about 250 mV more active than the stable OCP. Before starting the polarization scan, the specimen in the sample holder (WE) was left in the cell for about 1 h to attain a steady state which is shown by a constant potential and current at the beginning of the experiment. The potcntiodynamic runs were programmed such that upon attaining a current density of 25μA/cm^2, the scan direction was reversed and the potentials were scanned back to the starting potential.",potentiodynamic,18
epit_environment_0016,15,16,fe_alloy,50,0.0051334965785245308,7.7999999999999998,"Potentiodynamic Polarization with exposed area of 1 cm2. Potentiodynamic polarization experiments were carried out using a scan rate of 0.1 mV/s commencing at a potential about 250 mV more active than the stable OCP. Before starting the polarization scan, the specimen in the sample holder (WE) was left in the cell for about 1 h to attain a steady state which is shown by a constant potential and current at the beginning of the experiment. The potcntiodynamic runs were programmed such that upon attaining a current density of 25μA/cm^2, the scan direction was reversed and the potentials were scanned back to the starting potential.",potentiodynamic,18
epit_environment_0017,16,17,fe_alloy,50,0.0085558276308742177,7.7999999999999998,"Potentiodynamic Polarization with exposed area of 1 cm2. Potentiodynamic polarization experiments were carried out using a scan rate of 0.1 mV/s commencing at a potential about 250 mV more active than the stable OCP. Before starting the polarization scan, the specimen in the sample holder (WE) was left in the cell for about 1 h to attain a steady state which is shown by a constant potential and current at the beginning of the experiment. The potcntiodynamic runs were programmed such that upon attaining a current density of 25μA/cm^2, the scan direction was reversed and the potentials were scanned back to the starting potential.",potentiodynamic,18
epit_environment_0018,17,18,fe_alloy,50,0.017111655261748435,7.7999999999999998,"Potentiodynamic Polarization with exposed area of 1 cm2. Potentiodynamic polarization experiments were carried out using a scan rate of 0.1 mV/s commencing at a potential about 250 mV more active than the stable OCP. Before starting the polarization scan, the specimen in the sample holder (WE) was left in the cell for about 1 h to attain a steady state which is shown by a constant potential and current at the beginning of the experiment. The potcntiodynamic runs were programmed such that upon attaining a current density of 25μA/cm^2, the scan direction was reversed and the potentials were scanned back to the starting potential.",potentiodynamic,18
epit_environment_0019,18,19,fe_alloy,50,0.085558276308742159,7.7999999999999998,"Potentiodynamic Polarization with exposed area of 1 cm2. Potentiodynamic polarization experiments were carried out using a scan rate of 0.1 mV/s commencing at a potential about 250 mV more active than the stable OCP. Before starting the polarization scan, the specimen in the sample holder (WE) was left in the cell for about 1 h to attain a steady state which is shown by a constant potential and current at the beginning of the experiment. The potcntiodynamic runs were programmed such that upon attaining a current density of 25μA/cm^2, the scan direction was reversed and the potentials were scanned back to the starting potential.",potentiodynamic,18
epit_environment_0020,19,20,fe_alloy,50,0.54600000000000004,8.1999999999999993,"Potentiodynamic Polarization with exposed area of 1 cm2. Potentiodynamic polarization experiments were carried out using a scan rate of 0.1 mV/s commencing at a potential about 250 mV more active than the stable OCP. Before starting the polarization scan, the specimen in the sample holder (WE) was left in the cell for about 1 h to attain a steady state which is shown by a constant potential and current at the beginning of the experiment. The potcntiodynamic runs were programmed such that upon attaining a current density of 25μA/cm^2, the scan direction was reversed and the potentials were scanned back to the starting potential.",potentiodynamic,18
epit_environment_0021,20,21,fe_alloy,50,0.0051334965785245308,7.7999999999999998,"Potentiodynamic Polarization with exposed area of 1 cm2. Potentiodynamic polarization experiments were carried out using a scan rate of 0.1 mV/s commencing at a potential about 250 mV more active than the stable OCP. Before starting the polarization scan, the specimen in the sample holder (WE) was left in the cell for about 1 h to attain a steady state which is shown by a constant potential and current at the beginning of the experiment. The potcntiodynamic runs were programmed such that upon attaining a current density of 25μA/cm^2, the scan direction was reversed and the potentials were scanned back to the starting potential.",potentiodynamic,18
epit_environment_0022,21,22,fe_alloy,50,0.0085558276308742177,7.7999999999999998,"Potentiodynamic Polarization with exposed area of 1 cm2. Potentiodynamic polarization experiments were carried out using a scan rate of 0.1 mV/s commencing at a potential about 250 mV more active than the stable OCP. Before starting the polarization scan, the specimen in the sample holder (WE) was left in the cell for about 1 h to attain a steady state which is shown by a constant potential and current at the beginning of the experiment. The potcntiodynamic runs were programmed such that upon attaining a current density of 25μA/cm^2, the scan direction was reversed and the potentials were scanned back to the starting potential.",potentiodynamic,18
epit_environment_0023,22,23,fe_alloy,50,0.017111655261748435,7.7999999999999998,"Potentiodynamic Polarization with exposed area of 1 cm2. Potentiodynamic polarization experiments were carried out using a scan rate of 0.1 mV/s commencing at a potential about 250 mV more active than the stable OCP. Before starting the polarization scan, the specimen in the sample holder (WE) was left in the cell for about 1 h to attain a steady state which is shown by a constant potential and current at the beginning of the experiment. The potcntiodynamic runs were programmed such that upon attaining a current density of 25μA/cm^2, the scan direction was reversed and the potentials were scanned back to the starting potential.",potentiodynamic,18
epit_environment_0024,23,24,fe_alloy,50,0.085558276308742159,7.7999999999999998,"Potentiodynamic Polarization with exposed area of 1 cm2. Potentiodynamic polarization experiments were carried out using a scan rate of 0.1 mV/s commencing at a potential about 250 mV more active than the stable OCP. Before starting the polarization scan, the specimen in the sample holder (WE) was left in the cell for about 1 h to attain a steady state which is shown by a constant potential and current at the beginning of the experiment. The potcntiodynamic runs were programmed such that upon attaining a current density of 25μA/cm^2, the scan direction was reversed and the potentials were scanned back to the starting potential.",potentiodynamic,18
epit_environment_0025,24,25,fe_alloy,50,0.54600000000000004,8.1999999999999993,"Potentiodynamic Polarization with exposed area of 1 cm2. Potentiodynamic polarization experiments were carried out using a scan rate of 0.1 mV/s commencing at a potential about 250 mV more active than the stable OCP. Before starting the polarization scan, the specimen in the sample holder (WE) was left in the cell for about 1 h to attain a steady state which is shown by a constant potential and current at the beginning of the experiment. The potcntiodynamic runs were programmed such that upon attaining a current density of 25μA/cm^2, the scan direction was reversed and the potentials were scanned back to the starting potential.",potentiodynamic,18
epit_environment_0026,25,26,fe_alloy,50,0.0051334965785245308,7.7999999999999998,"Potentiodynamic Polarization with exposed area of 1 cm2. Potentiodynamic polarization experiments were carried out using a scan rate of 0.1 mV/s commencing at a potential about 250 mV more active than the stable OCP. Before starting the polarization scan, the specimen in the sample holder (WE) was left in the cell for about 1 h to attain a steady state which is shown by a constant potential and current at the beginning of the experiment. The potcntiodynamic runs were programmed such that upon attaining a current density of 25μA/cm^2, the scan direction was reversed and the potentials were scanned back to the starting potential.",potentiodynamic,18
epit_environment_0027,26,27,fe_alloy,50,0.0085558276308742177,7.7999999999999998,"Potentiodynamic Polarization with exposed area of 1 cm2. Potentiodynamic polarization experiments were carried out using a scan rate of 0.1 mV/s commencing at a potential about 250 mV more active than the stable OCP. Before starting the polarization scan, the specimen in the sample holder (WE) was left in the cell for about 1 h to attain a steady state which is shown by a constant potential and current at the beginning of the experiment. The potcntiodynamic runs were programmed such that upon attaining a current density of 25μA/cm^2, the scan direction was reversed and the potentials were scanned back to the starting potential.",potentiodynamic,18
epit_environment_0028,27,28,fe_alloy,50,0.017111655261748435,7.7999999999999998,"Potentiodynamic Polarization with exposed area of 1 cm2. Potentiodynamic polarization experiments were carried out using a scan rate of 0.1 mV/s commencing at a potential about 250 mV more active than the stable OCP. Before starting the polarization scan, the specimen in the sample holder (WE) was left in the cell for about 1 h to attain a steady state which is shown by a constant potential and current at the beginning of the experiment. The potcntiodynamic runs were programmed such that upon attaining a current density of 25μA/cm^2, the scan direction was reversed and the potentials were scanned back to the starting potential.",potentiodynamic,18
epit_environment_0029,28,29,fe_alloy,50,0.085558276308742159,7.7999999999999998,"Potentiodynamic Polarization with exposed area of 1 cm2. Potentiodynamic polarization experiments were carried out using a scan rate of 0.1 mV/s commencing at a potential about 250 mV more active than the stable OCP. Before starting the polarization scan, the specimen in the sample holder (WE) was left in the cell for about 1 h to attain a steady state which is shown by a constant potential and current at the beginning of the experiment. The potcntiodynamic runs were programmed such that upon attaining a current density of 25μA/cm^2, the scan direction was reversed and the potentials were scanned back to the starting potential.",potentiodynamic,18
epit_environment_0030,29,30,fe_alloy,50,0.54600000000000004,8.1999999999999993,"Potentiodynamic Polarization with exposed area of 1 cm2. Potentiodynamic polarization experiments were carried out using a scan rate of 0.1 mV/s commencing at a potential about 250 mV more active than the stable OCP. Before starting the polarization scan, the specimen in the sample holder (WE) was left in the cell for about 1 h to attain a steady state which is shown by a constant potential and current at the beginning of the experiment. The potcntiodynamic runs were programmed such that upon attaining a current density of 25μA/cm^2, the scan direction was reversed and the potentials were scanned back to the starting potential.",potentiodynamic,18
epit_environment_0031,30,31,fe_alloy,50,0.0051334965785245308,7.7999999999999998,"Potentiodynamic Polarization with exposed area of 1 cm2. Potentiodynamic polarization experiments were carried out using a scan rate of 0.1 mV/s commencing at a potential about 250 mV more active than the stable OCP. Before starting the polarization scan, the specimen in the sample holder (WE) was left in the cell for about 1 h to attain a steady state which is shown by a constant potential and current at the beginning of the experiment. The potcntiodynamic runs were programmed such that upon attaining a current density of 25μA/cm^2, the scan direction was reversed and the potentials were scanned back to the starting potential.",potentiodynamic,18
epit_environment_0032,31,32,fe_alloy,50,0.0085558276308742177,7.7999999999999998,"Potentiodynamic Polarization with exposed area of 1 cm2. Potentiodynamic polarization experiments were carried out using a scan rate of 0.1 mV/s commencing at a potential about 250 mV more active than the stable OCP. Before starting the polarization scan, the specimen in the sample holder (WE) was left in the cell for about 1 h to attain a steady state which is shown by a constant potential and current at the beginning of the experiment. The potcntiodynamic runs were programmed such that upon attaining a current density of 25μA/cm^2, the scan direction was reversed and the potentials were scanned back to the starting potential.",potentiodynamic,18
epit_environment_0033,32,33,fe_alloy,50,0.017111655261748435,7.7999999999999998,"Potentiodynamic Polarization with exposed area of 1 cm2. Potentiodynamic polarization experiments were carried out using a scan rate of 0.1 mV/s commencing at a potential about 250 mV more active than the stable OCP. Before starting the polarization scan, the specimen in the sample holder (WE) was left in the cell for about 1 h to attain a steady state which is shown by a constant potential and current at the beginning of the experiment. The potcntiodynamic runs were programmed such that upon attaining a current density of 25μA/cm^2, the scan direction was reversed and the potentials were scanned back to the starting potential.",potentiodynamic,18
epit_environment_0034,33,34,fe_alloy,50,0.085558276308742159,7.7999999999999998,"Potentiodynamic Polarization with exposed area of 1 cm2. Potentiodynamic polarization experiments were carried out using a scan rate of 0.1 mV/s commencing at a potential about 250 mV more active than the stable OCP. Before starting the polarization scan, the specimen in the sample holder (WE) was left in the cell for about 1 h to attain a steady state which is shown by a constant potential and current at the beginning of the experiment. The potcntiodynamic runs were programmed such that upon attaining a current density of 25μA/cm^2, the scan direction was reversed and the potentials were scanned back to the starting potential.",potentiodynamic,18
epit_environment_0035,34,35,fe_alloy,50,0.54600000000000004,8.1999999999999993,"Potentiodynamic Polarization with exposed area of 1 cm2. Potentiodynamic polarization experiments were carried out using a scan rate of 0.1 mV/s commencing at a potential about 250 mV more active than the stable OCP. Before starting the polarization scan, the specimen in the sample holder (WE) was left in the cell for about 1 h to attain a steady state which is shown by a constant potential and current at the beginning of the experiment. The potcntiodynamic runs were programmed such that upon attaining a current density of 25μA/cm^2, the scan direction was reversed and the potentials were scanned back to the starting potential.",potentiodynamic,18
epit_environment_0036,35,36,fe_alloy,50,0.0051334965785245308,7.7999999999999998,"Potentiodynamic Polarization with exposed area of 1 cm2. Potentiodynamic polarization experiments were carried out using a scan rate of 0.1 mV/s commencing at a potential about 250 mV more active than the stable OCP. Before starting the polarization scan, the specimen in the sample holder (WE) was left in the cell for about 1 h to attain a steady state which is shown by a constant potential and current at the beginning of the experiment. The potcntiodynamic runs were programmed such that upon attaining a current density of 25μA/cm^2, the scan direction was reversed and the potentials were scanned back to the starting potential.",potentiodynamic,18
epit_environment_0037,36,37,fe_alloy,50,0.0085558276308742177,7.7999999999999998,"Potentiodynamic Polarization with exposed area of 1 cm2. Potentiodynamic polarization experiments were carried out using a scan rate of 0.1 mV/s commencing at a potential about 250 mV more active than the stable OCP. Before starting the polarization scan, the specimen in the sample holder (WE) was left in the cell for about 1 h to attain a steady state which is shown by a constant potential and current at the beginning of the experiment. The potcntiodynamic runs were programmed such that upon attaining a current density of 25μA/cm^2, the scan direction was reversed and the potentials were scanned back to the starting potential.",potentiodynamic,18
epit_environment_0038,37,38,fe_alloy,50,0.017111655261748435,7.7999999999999998,"Potentiodynamic Polarization with exposed area of 1 cm2. Potentiodynamic polarization experiments were carried out using a scan rate of 0.1 mV/s commencing at a potential about 250 mV more active than the stable OCP. Before starting the polarization scan, the specimen in the sample holder (WE) was left in the cell for about 1 h to attain a steady state which is shown by a constant potential and current at the beginning of the experiment. The potcntiodynamic runs were programmed such that upon attaining a current density of 25μA/cm^2, the scan direction was reversed and the potentials were scanned back to the starting potential.",potentiodynamic,18
epit_environment_0039,38,39,fe_alloy,50,0.085558276308742159,7.7999999999999998,"Potentiodynamic Polarization with exposed area of 1 cm2. Potentiodynamic polarization experiments were carried out using a scan rate of 0.1 mV/s commencing at a potential about 250 mV more active than the stable OCP. Before starting the polarization scan, the specimen in the sample holder (WE) was left in the cell for about 1 h to attain a steady state which is shown by a constant potential and current at the beginning of the experiment. The potcntiodynamic runs were programmed such that upon attaining a current density of 25μA/cm^2, the scan direction was reversed and the potentials were scanned back to the starting potential.",potentiodynamic,18
epit_environment_0040,39,40,fe_alloy,50,0.54600000000000004,8.1999999999999993,"Potentiodynamic Polarization with exposed area of 1 cm2. Potentiodynamic polarization experiments were carried out using a scan rate of 0.1 mV/s commencing at a potential about 250 mV more active than the stable OCP. Before starting the polarization scan, the specimen in the sample holder (WE) was left in the cell for about 1 h to attain a steady state which is shown by a constant potential and current at the beginning of the experiment. The potcntiodynamic runs were programmed such that upon attaining a current density of 25μA/cm^2, the scan direction was reversed and the potentials were scanned back to the starting potential.",potentiodynamic,18
epit_environment_0041,40,41,fe_alloy,50,0.0051334965785245308,7.7999999999999998,"Potentiodynamic Polarization with exposed area of 1 cm2. Potentiodynamic polarization experiments were carried out using a scan rate of 0.1 mV/s commencing at a potential about 250 mV more active than the stable OCP. Before starting the polarization scan, the specimen in the sample holder (WE) was left in the cell for about 1 h to attain a steady state which is shown by a constant potential and current at the beginning of the experiment. The potcntiodynamic runs were programmed such that upon attaining a current density of 25μA/cm^2, the scan direction was reversed and the potentials were scanned back to the starting potential.",potentiodynamic,18
epit_environment_0042,41,42,fe_alloy,50,0.0085558276308742177,7.7999999999999998,"Potentiodynamic Polarization with exposed area of 1 cm2. Potentiodynamic polarization experiments were carried out using a scan rate of 0.1 mV/s commencing at a potential about 250 mV more active than the stable OCP. Before starting the polarization scan, the specimen in the sample holder (WE) was left in the cell for about 1 h to attain a steady state which is shown by a constant potential and current at the beginning of the experiment. The potcntiodynamic runs were programmed such that upon attaining a current density of 25μA/cm^2, the scan direction was reversed and the potentials were scanned back to the starting potential.",potentiodynamic,18
epit_environment_0043,42,43,fe_alloy,50,0.017111655261748435,7.7999999999999998,"Potentiodynamic Polarization with exposed area of 1 cm2. Potentiodynamic polarization experiments were carried out using a scan rate of 0.1 mV/s commencing at a potential about 250 mV more active than the stable OCP. Before starting the polarization scan, the specimen in the sample holder (WE) was left in the cell for about 1 h to attain a steady state which is shown by a constant potential and current at the beginning of the experiment. The potcntiodynamic runs were programmed such that upon attaining a current density of 25μA/cm^2, the scan direction was reversed and the potentials were scanned back to the starting potential.",potentiodynamic,18
epit_environment_0044,43,44,fe_alloy,50,0.085558276308742159,7.7999999999999998,"Potentiodynamic Polarization with exposed area of 1 cm2. Potentiodynamic polarization experiments were carried out using a scan rate of 0.1 mV/s commencing at a potential about 250 mV more active than the stable OCP. Before starting the polarization scan, the specimen in the sample holder (WE) was left in the cell for about 1 h to attain a steady state which is shown by a constant potential and current at the beginning of the experiment. The potcntiodynamic runs were programmed such that upon attaining a current density of 25μA/cm^2, the scan direction was reversed and the potentials were scanned back to the starting potential.",potentiodynamic,18
epit_environment_0045,44,45,fe_alloy,50,0.54600000000000004,8.1999999999999993,"Potentiodynamic Polarization with exposed area of 1 cm2. Potentiodynamic polarization experiments were carried out using a scan rate of 0.1 mV/s commencing at a potential about 250 mV more active than the stable OCP. Before starting the polarization scan, the specimen in the sample holder (WE) was left in the cell for about 1 h to attain a steady state which is shown by a constant potential and current at the beginning of the experiment. The potcntiodynamic runs were programmed such that upon attaining a current density of 25μA/cm^2, the scan direction was reversed and the potentials were scanned back to the starting potential.",potentiodynamic,18
epit_environment_0046,45,46,fe_alloy,50,0.0051334965785245308,7.7999999999999998,"Potentiodynamic Polarization with exposed area of 1 cm2. Potentiodynamic polarization experiments were carried out using a scan rate of 0.1 mV/s commencing at a potential about 250 mV more active than the stable OCP. Before starting the polarization scan, the specimen in the sample holder (WE) was left in the cell for about 1 h to attain a steady state which is shown by a constant potential and current at the beginning of the experiment. The potcntiodynamic runs were programmed such that upon attaining a current density of 25μA/cm^2, the scan direction was reversed and the potentials were scanned back to the starting potential.",potentiodynamic,18
epit_environment_0047,46,47,fe_alloy,50,0.0085558276308742177,7.7999999999999998,"Potentiodynamic Polarization with exposed area of 1 cm2. Potentiodynamic polarization experiments were carried out using a scan rate of 0.1 mV/s commencing at a potential about 250 mV more active than the stable OCP. Before starting the polarization scan, the specimen in the sample holder (WE) was left in the cell for about 1 h to attain a steady state which is shown by a constant potential and current at the beginning of the experiment. The potcntiodynamic runs were programmed such that upon attaining a current density of 25μA/cm^2, the scan direction was reversed and the potentials were scanned back to the starting potential.",potentiodynamic,18
epit_environment_0048,47,48,fe_alloy,50,0.017111655261748435,7.7999999999999998,"Potentiodynamic Polarization with exposed area of 1 cm2. Potentiodynamic polarization experiments were carried out using a scan rate of 0.1 mV/s commencing at a potential about 250 mV more active than the stable OCP. Before starting the polarization scan, the specimen in the sample holder (WE) was left in the cell for about 1 h to attain a steady state which is shown by a constant potential and current at the beginning of the experiment. The potcntiodynamic runs were programmed such that upon attaining a current density of 25μA/cm^2, the scan direction was reversed and the potentials were scanned back to the starting potential.",potentiodynamic,18
epit_environment_0049,48,49,fe_alloy,50,0.085558276308742159,7.7999999999999998,"Potentiodynamic Polarization with exposed area of 1 cm2. Potentiodynamic polarization experiments were carried out using a scan rate of 0.1 mV/s commencing at a potential about 250 mV more active than the stable OCP. Before starting the polarization scan, the specimen in the sample holder (WE) was left in the cell for about 1 h to attain a steady state which is shown by a constant potential and current at the beginning of the experiment. The potcntiodynamic runs were programmed such that upon attaining a current density of 25μA/cm^2, the scan direction was reversed and the potentials were scanned back to the starting potential.",potentiodynamic,18
epit_environment_0050,49,50,fe_alloy,50,0.54600000000000004,8.1999999999999993,"Potentiodynamic Polarization with exposed area of 1 cm2. Potentiodynamic polarization experiments were carried out using a scan rate of 0.1 mV/s commencing at a potential about 250 mV more active than the stable OCP. Before starting the polarization scan, the specimen in the sample holder (WE) was left in the cell for about 1 h to attain a steady state which is shown by a constant potential and current at the beginning of the experiment. The potcntiodynamic runs were programmed such that upon attaining a current density of 25μA/cm^2, the scan direction was reversed and the potentials were scanned back to the starting potential.",potentiodynamic,18
epit_environment_0051,50,51,fe_alloy,50,0.0051334965785245308,7.7999999999999998,"Potentiodynamic Polarization with exposed area of 1 cm2. Potentiodynamic polarization experiments were carried out using a scan rate of 0.1 mV/s commencing at a potential about 250 mV more active than the stable OCP. Before starting the polarization scan, the specimen in the sample holder (WE) was left in the cell for about 1 h to attain a steady state which is shown by a constant potential and current at the beginning of the experiment. The potcntiodynamic runs were programmed such that upon attaining a current density of 25μA/cm^2, the scan direction was reversed and the potentials were scanned back to the starting potential.",potentiodynamic,18
epit_environment_0052,51,52,fe_alloy,50,0.0085558276308742177,7.7999999999999998,"Potentiodynamic Polarization with exposed area of 1 cm2. Potentiodynamic polarization experiments were carried out using a scan rate of 0.1 mV/s commencing at a potential about 250 mV more active than the stable OCP. Before starting the polarization scan, the specimen in the sample holder (WE) was left in the cell for about 1 h to attain a steady state which is shown by a constant potential and current at the beginning of the experiment. The potcntiodynamic runs were programmed such that upon attaining a current density of 25μA/cm^2, the scan direction was reversed and the potentials were scanned back to the starting potential.",potentiodynamic,18
epit_environment_0053,52,53,fe_alloy,50,0.017111655261748435,7.7999999999999998,"Potentiodynamic Polarization with exposed area of 1 cm2. Potentiodynamic polarization experiments were carried out using a scan rate of 0.1 mV/s commencing at a potential about 250 mV more active than the stable OCP. Before starting the polarization scan, the specimen in the sample holder (WE) was left in the cell for about 1 h to attain a steady state which is shown by a constant potential and current at the beginning of the experiment. The potcntiodynamic runs were programmed such that upon attaining a current density of 25μA/cm^2, the scan direction was reversed and the potentials were scanned back to the starting potential.",potentiodynamic,18
epit_environment_0054,53,54,fe_alloy,50,0.085558276308742159,7.7999999999999998,"Potentiodynamic Polarization with exposed area of 1 cm2. Potentiodynamic polarization experiments were carried out using a scan rate of 0.1 mV/s commencing at a potential about 250 mV more active than the stable OCP. Before starting the polarization scan, the specimen in the sample holder (WE) was left in the cell for about 1 h to attain a steady state which is shown by a constant potential and current at the beginning of the experiment. The potcntiodynamic runs were programmed such that upon attaining a current density of 25μA/cm^2, the scan direction was reversed and the potentials were scanned back to the starting potential.",potentiodynamic,18
epit_environment_0055,54,55,fe_alloy,50,0.54600000000000004,8.1999999999999993,"Potentiodynamic Polarization with exposed area of 1 cm2. Potentiodynamic polarization experiments were carried out using a scan rate of 0.1 mV/s commencing at a potential about 250 mV more active than the stable OCP. Before starting the polarization scan, the specimen in the sample holder (WE) was left in the cell for about 1 h to attain a steady state which is shown by a constant potential and current at the beginning of the experiment. The potcntiodynamic runs were programmed such that upon attaining a current density of 25μA/cm^2, the scan direction was reversed and the potentials were scanned back to the starting potential.",potentiodynamic,18
epit_environment_0056,55,56,fe_alloy,50,0.0051334965785245308,7.7999999999999998,"Potentiodynamic Polarization with exposed area of 1 cm2. Potentiodynamic polarization experiments were carried out using a scan rate of 0.1 mV/s commencing at a potential about 250 mV more active than the stable OCP. Before starting the polarization scan, the specimen in the sample holder (WE) was left in the cell for about 1 h to attain a steady state which is shown by a constant potential and current at the beginning of the experiment. The potcntiodynamic runs were programmed such that upon attaining a current density of 25μA/cm^2, the scan direction was reversed and the potentials were scanned back to the starting potential.",potentiodynamic,18
epit_environment_0057,56,57,fe_alloy,50,0.0085558276308742177,7.7999999999999998,"Potentiodynamic Polarization with exposed area of 1 cm2. Potentiodynamic polarization experiments were carried out using a scan rate of 0.1 mV/s commencing at a potential about 250 mV more active than the stable OCP. Before starting the polarization scan, the specimen in the sample holder (WE) was left in the cell for about 1 h to attain a steady state which is shown by a constant potential and current at the beginning of the experiment. The potcntiodynamic runs were programmed such that upon attaining a current density of 25μA/cm^2, the scan direction was reversed and the potentials were scanned back to the starting potential.",potentiodynamic,18
epit_environment_0058,57,58,fe_alloy,50,0.017111655261748435,7.7999999999999998,"Potentiodynamic Polarization with exposed area of 1 cm2. Potentiodynamic polarization experiments were carried out using a scan rate of 0.1 mV/s commencing at a potential about 250 mV more active than the stable OCP. Before starting the polarization scan, the specimen in the sample holder (WE) was left in the cell for about 1 h to attain a steady state which is shown by a constant potential and current at the beginning of the experiment. The potcntiodynamic runs were programmed such that upon attaining a current density of 25μA/cm^2, the scan direction was reversed and the potentials were scanned back to the starting potential.",potentiodynamic,18
epit_environment_0059,58,59,fe_alloy,50,0.085558276308742159,7.7999999999999998,"Potentiodynamic Polarization with exposed area of 1 cm2. Potentiodynamic polarization experiments were carried out using a scan rate of 0.1 mV/s commencing at a potential about 250 mV more active than the stable OCP. Before starting the polarization scan, the specimen in the sample holder (WE) was left in the cell for about 1 h to attain a steady state which is shown by a constant potential and current at the beginning of the experiment. The potcntiodynamic runs were programmed such that upon attaining a current density of 25μA/cm^2, the scan direction was reversed and the potentials were scanned back to the starting potential.",potentiodynamic,18
epit_environment_0060,59,60,fe_alloy,50,0.54600000000000004,8.1999999999999993,"Potentiodynamic Polarization with exposed area of 1 cm2. Potentiodynamic polarization experiments were carried out using a scan rate of 0.1 mV/s commencing at a potential about 250 mV more active than the stable OCP. Before starting the polarization scan, the specimen in the sample holder (WE) was left in the cell for about 1 h to attain a steady state which is shown by a constant potential and current at the beginning of the experiment. The potcntiodynamic runs were programmed such that upon attaining a current density of 25μA/cm^2, the scan direction was reversed and the potentials were scanned back to the starting potential.",potentiodynamic,18
epit_environment_0061,60,61,fe_alloy,50,0.0051334965785245308,7.7999999999999998,"Potentiodynamic Polarization with exposed area of 1 cm2. Potentiodynamic polarization experiments were carried out using a scan rate of 0.1 mV/s commencing at a potential about 250 mV more active than the stable OCP. Before starting the polarization scan, the specimen in the sample holder (WE) was left in the cell for about 1 h to attain a steady state which is shown by a constant potential and current at the beginning of the experiment. The potcntiodynamic runs were programmed such that upon attaining a current density of 25μA/cm^2, the scan direction was reversed and the potentials were scanned back to the starting potential.",potentiodynamic,18
epit_environment_0062,61,62,fe_alloy,50,0.0085558276308742177,7.7999999999999998,"Potentiodynamic Polarization with exposed area of 1 cm2. Potentiodynamic polarization experiments were carried out using a scan rate of 0.1 mV/s commencing at a potential about 250 mV more active than the stable OCP. Before starting the polarization scan, the specimen in the sample holder (WE) was left in the cell for about 1 h to attain a steady state which is shown by a constant potential and current at the beginning of the experiment. The potcntiodynamic runs were programmed such that upon attaining a current density of 25μA/cm^2, the scan direction was reversed and the potentials were scanned back to the starting potential.",potentiodynamic,18
epit_environment_0063,62,63,fe_alloy,50,0.017111655261748435,7.7999999999999998,"Potentiodynamic Polarization with exposed area of 1 cm2. Potentiodynamic polarization experiments were carried out using a scan rate of 0.1 mV/s commencing at a potential about 250 mV more active than the stable OCP. Before starting the polarization scan, the specimen in the sample holder (WE) was left in the cell for about 1 h to attain a steady state which is shown by a constant potential and current at the beginning of the experiment. The potcntiodynamic runs were programmed such that upon attaining a current density of 25μA/cm^2, the scan direction was reversed and the potentials were scanned back to the starting potential.",potentiodynamic,18
epit_environment_0064,63,64,fe_alloy,50,0.085558276308742159,7.7999999999999998,"Potentiodynamic Polarization with exposed area of 1 cm2. Potentiodynamic polarization experiments were carried out using a scan rate of 0.1 mV/s commencing at a potential about 250 mV more active than the stable OCP. Before starting the polarization scan, the specimen in the sample holder (WE) was left in the cell for about 1 h to attain a steady state which is shown by a constant potential and current at the beginning of the experiment. The potcntiodynamic runs were programmed such that upon attaining a current density of 25μA/cm^2, the scan direction was reversed and the potentials were scanned back to the starting potential.",potentiodynamic,18
epit_environment_0065,64,65,fe_alloy,50,0.54600000000000004,8.1999999999999993,"Potentiodynamic Polarization with exposed area of 1 cm2. Potentiodynamic polarization experiments were carried out using a scan rate of 0.1 mV/s commencing at a potential about 250 mV more active than the stable OCP. Before starting the polarization scan, the specimen in the sample holder (WE) was left in the cell for about 1 h to attain a steady state which is shown by a constant potential and current at the beginning of the experiment. The potcntiodynamic runs were programmed such that upon attaining a current density of 25μA/cm^2, the scan direction was reversed and the potentials were scanned back to the starting potential.",potentiodynamic,18
epit_environment_0066,65,66,fe_alloy,25,0.5,-0.30099999999999999,Potentiodynamic Polarization,potentiodynamic,8
epit_environment_0067,66,67,fe_alloy,25,0.5,-0.30099999999999999,Potentiodynamic Polarization,potentiodynamic,8
epit_environment_0068,67,68,fe_alloy,25,0.5,-0.30099999999999999,Potentiodynamic Polarization,potentiodynamic,8
epit_environment_0069,68,69,fe_alloy,25,0.59999999999999998,7.6799999999999997,"Following pretreatment for 5 min at -1.5 V, the potential was increased-rapidly to -0.5V and thereafter at a steady rate of 1V in 50 min. In this work the critical pitting potential was taken as that at which there was an anodic current flow of 10^-5 A/cm^2.",other,5
epit_environment_0070,69,70,fe_alloy,25,0.59999999999999998,7.6799999999999997,"Following pretreatment for 5 min at -1.5 V, the potential was increased-rapidly to -0.5V and thereafter at a steady rate of 1V in 50 min. In this work the critical pitting potential was taken as that at which there was an anodic current flow of 10^-5 A/cm^2.",other,5
epit_environment_0071,70,71,fe_alloy,25,0.59999999999999998,7.6799999999999997,"Following pretreatment for 5 min at -1.5 V, the potential was increased-rapidly to -0.5V and thereafter at a steady rate of 1V in 50 min. In this work the critical pitting potential was taken as that at which there was an anodic current flow of 10^-5 A/cm^2.",other,5
epit_environment_0072,71,72,fe_alloy,25,0.59999999999999998,7.6799999999999997,"Following pretreatment for 5 min at -1.5 V, the potential was increased-rapidly to -0.5V and thereafter at a steady rate of 1V in 50 min. In this work the critical pitting potential was taken as that at which there was an anodic current flow of 10^-5 A/cm^2.",other,5
epit_environment_0073,72,73,fe_alloy,25,0.59999999999999998,7.6799999999999997,"Following pretreatment for 5 min at -1.5 V, the potential was increased-rapidly to -0.5V and thereafter at a steady rate of 1V in 50 min. In this work the critical pitting potential was taken as that at which there was an anodic current flow of 10^-5 A/cm^2.",other,5
epit_environment_0074,73,74,fe_alloy,25,0.59999999999999998,7.6799999999999997,"Following pretreatment for 5 min at -1.5 V, the potential was increased-rapidly to -0.5V and thereafter at a steady rate of 1V in 50 min. In this work the critical pitting potential was taken as that at which there was an anodic current flow of 10^-5 A/cm^2.",other,5
epit_environment_0075,74,75,fe_alloy,25,0.59999999999999998,7.6799999999999997,"Following pretreatment for 5 min at -1.5 V, the potential was increased-rapidly to -0.5V and thereafter at a steady rate of 1V in 50 min. In this work the critical pitting potential was taken as that at which there was an anodic current flow of 10^-5 A/cm^2.",other,5
epit_environment_0076,75,76,fe_alloy,25,0.59999999999999998,7.6799999999999997,"Following pretreatment for 5 min at -1.5 V, the potential was increased-rapidly to -0.5V and thereafter at a steady rate of 1V in 50 min. In this work the critical pitting potential was taken as that at which there was an anodic current flow of 10^-5 A/cm^2.",other,5
epit_environment_0077,76,77,fe_alloy,25,0.59999999999999998,7.6799999999999997,"Following pretreatment for 5 min at -1.5 V, the potential was increased-rapidly to -0.5V and thereafter at a steady rate of 1V in 50 min. In this work the critical pitting potential was taken as that at which there was an anodic current flow of 10^-5 A/cm^2.",other,5
epit_environment_0078,77,78,fe_alloy,25,0.59999999999999998,7.6799999999999997,"Following pretreatment for 5 min at -1.5 V, the potential was increased-rapidly to -0.5V and thereafter at a steady rate of 1V in 50 min. In this work the critical pitting potential was taken as that at which there was an anodic current flow of 10^-5 A/cm^2.",other,5
epit_environment_0079,78,79,fe_alloy,25,0.59999999999999998,7.6799999999999997,"Following pretreatment for 5 min at -1.5 V, the potential was increased-rapidly to -0.5V and thereafter at a steady rate of 1V in 50 min. In this work the critical pitting potential was taken as that at which there was an anodic current flow of 10^-5 A/cm^2.",other,5
epit_environment_0080,79,80,fe_alloy,25,0.59999999999999998,7.6799999999999997,"Following pretreatment for 5 min at -1.5 V, the potential was increased-rapidly to -0.5V and thereafter at a steady rate of 1V in 50 min. In this work the critical pitting potential was taken as that at which there was an anodic current flow of 10^-5 A/cm^2.",other,5
epit_environment_0081,80,81,fe_alloy,25,0.59999999999999998,7.6799999999999997,"Following pretreatment for 5 min at -1.5 V, the potential was increased-rapidly to -0.5V and thereafter at a steady rate of 1V in 50 min. In this work the critical pitting potential was taken as that at which there was an anodic current flow of 10^-5 A/cm^2.",other,5
epit_environment_0082,81,82,fe_alloy,25,0.59999999999999998,7.6799999999999997,"Following pretreatment for 5 min at -1.5 V, the potential was increased-rapidly to -0.5V and thereafter at a steady rate of 1V in 50 min. In this work the critical pitting potential was taken as that at which there was an anodic current flow of 10^-5 A/cm^2.",other,5
epit_environment_0083,82,83,fe_alloy,25,0.59999999999999998,7.6799999999999997,"Following pretreatment for 5 min at -1.5 V, the potential was increased-rapidly to -0.5V and thereafter at a steady rate of 1V in 50 min. In this work the critical pitting potential was taken as that at which there was an anodic current flow of 10^-5 A/cm^2.",other,5
epit_environment_0084,83,84,fe_alloy,25,0.59999999999999998,7.6799999999999997,"Following pretreatment for 5 min at -1.5 V, the potential was increased-rapidly to -0.5V and thereafter at a steady rate of 1V in 50 min. In this work the critical pitting potential was taken as that at which there was an anodic current flow of 10^-5 A/cm^2.",other,5
epit_environment_0085,84,85,fe_alloy,25,0.59999999999999998,7.6799999999999997,"Following pretreatment for 5 min at -1.5 V, the potential was increased-rapidly to -0.5V and thereafter at a steady rate of 1V in 50 min. In this work the critical pitting potential was taken as that at which there was an anodic current flow of 10^-5 A/cm^2.",other,5
epit_environment_0086,85,86,fe_alloy,25,0.59999999999999998,7.6799999999999997,"Following pretreatment for 5 min at -1.5 V, the potential was increased-rapidly to -0.5V and thereafter at a steady rate of 1V in 50 min. In this work the critical pitting potential was taken as that at which there was an anodic current flow of 10^-5 A/cm^2.",other,5
epit_environment_0087,86,87,fe_alloy,25,0.59999999999999998,7.6799999999999997,"Following pretreatment for 5 min at -1.5 V, the potential was increased-rapidly to -0.5V and thereafter at a steady rate of 1V in 50 min. In this work the critical pitting potential was taken as that at which there was an anodic current flow of 10^-5 A/cm^2.",other,5
epit_environment_0088,87,88,fe_alloy,60,0.10000000000000001,7,"Polarization curves were obtained potentiodynamically at a scan rate of 20 mV/min, using a Tacussel electrochemical set composed of a potentiostat, a current recorder, and a high impedance electronic millivoltmeter.",potentiodynamic,6
epit_environment_0089,88,89,fe_alloy,60,0.10000000000000001,7,"Polarization curves were obtained potentiodynamically at a scan rate of 20 mV/min, using a Tacussel electrochemical set composed of a potentiostat, a current recorder, and a high impedance electronic millivoltmeter.",potentiodynamic,6
epit_environment_0090,89,90,fe_alloy,60,0.10000000000000001,7,"Polarization curves were obtained potentiodynamically at a scan rate of 20 mV/min, using a Tacussel electrochemical set composed of a potentiostat, a current recorder, and a high impedance electronic millivoltmeter.",potentiodynamic,6
epit_environment_0091,90,91,fe_alloy,60,0.10000000000000001,1,"Polarization curves were obtained potentiodynamically at a scan rate of 20 mV/min, using a Tacussel electrochemical set composed of a potentiostat, a current recorder, and a high impedance electronic millivoltmeter.",potentiodynamic,6
epit_environment_0092,91,92,fe_alloy,60,0.10000000000000001,1,"Polarization curves were obtained potentiodynamically at a scan rate of 20 mV/min, using a Tacussel electrochemical set composed of a potentiostat, a current recorder, and a high impedance electronic millivoltmeter.",potentiodynamic,6
epit_environment_0093,92,93,fe_alloy,60,0.10000000000000001,1,"Polarization curves were obtained potentiodynamically at a scan rate of 20 mV/min, using a Tacussel electrochemical set composed of a potentiostat, a current recorder, and a high impedance electronic millivoltmeter.",potentiodynamic,6
epit_environment_0094,93,94,fe_alloy,60,0.10000000000000001,1,"Polarization curves were obtained potentiodynamically at a scan rate of 20 mV/min, using a Tacussel electrochemical set composed of a potentiostat, a current recorder, and a high impedance electronic millivoltmeter.",potentiodynamic,6
epit_environment_0095,94,95,fe_alloy,60,0.20000000000000001,1,"Polarization curves were obtained potentiodynamically at a scan rate of 20 mV/min, using a Tacussel electrochemical set composed of a potentiostat, a current recorder, and a high impedance electronic millivoltmeter.",potentiodynamic,6
epit_environment_0096,95,96,fe_alloy,60,0.20000000000000001,1,"Polarization curves were obtained potentiodynamically at a scan rate of 20 mV/min, using a Tacussel electrochemical set composed of a potentiostat, a current recorder, and a high impedance electronic millivoltmeter.",potentiodynamic,6
epit_environment_0097,96,97,fe_alloy,60,0.20000000000000001,1,"Polarization curves were obtained potentiodynamically at a scan rate of 20 mV/min, using a Tacussel electrochemical set composed of a potentiostat, a current recorder, and a high impedance electronic millivoltmeter.",potentiodynamic,6
epit_environment_0098,97,98,fe_alloy,60,0.20000000000000001,1,"Polarization curves were obtained potentiodynamically at a scan rate of 20 mV/min, using a Tacussel electrochemical set composed of a potentiostat, a current recorder, and a high impedance electronic millivoltmeter.",potentiodynamic,6
epit_environment_0099,98,99,fe_alloy,80,0.00069999999999999999,7,"Potentiodynamic Polarization. The potential was controlled by a Wenkingt potentiostat (Model 68 TS-3) and changed in steps of 10 mV with a Wenking SMP 69 scanning potentiometer every hour for the positive polarization direction until the onset of pitting or appearance of pits, and every 100 s for the reverse scan until zero current. The potential was initially held at 150 mV for 1 h to attain stable current, whereupon the scanning potentiometer was activated.",potentiodynamic,36
epit_environment_0100,99,100,fe_alloy,80,0.00069999999999999999,7,"Potentiodynamic Polarization. The potential was controlled by a Wenkingt potentiostat (Model 68 TS-3) and changed in steps of 10 mV with a Wenking SMP 69 scanning potentiometer every hour for the positive polarization direction until the onset of pitting or appearance of pits, and every 100 s for the reverse scan until zero current. The potential was initially held at 150 mV for 1 h to attain stable current, whereupon the scanning potentiometer was activated.",potentiodynamic,36
epit_environment_0101,101,102,fe_alloy,80,0.00069999999999999999,7,"Potentiodynamic Polarization. The potential was controlled by a Wenkingt potentiostat (Model 68 TS-3) and changed in steps of 10 mV with a Wenking SMP 69 scanning potentiometer every hour for the positive polarization direction until the onset of pitting or appearance of pits, and every 100 s for the reverse scan until zero current. The potential was initially held at 150 mV for 1 h to attain stable current, whereupon the scanning potentiometer was activated.",potentiodynamic,36
epit_environment_0102,102,103,fe_alloy,80,0.00069999999999999999,7,"Potentiodynamic Polarization. The potential was controlled by a Wenkingt potentiostat (Model 68 TS-3) and changed in steps of 10 mV with a Wenking SMP 69 scanning potentiometer every hour for the positive polarization direction until the onset of pitting or appearance of pits, and every 100 s for the reverse scan until zero current. The potential was initially held at 150 mV for 1 h to attain stable current, whereupon the scanning potentiometer was activated.",potentiodynamic,36
epit_environment_0103,104,105,fe_alloy,40,1,7,"Potentiodynamic Polarization. For pitting tests, specimens were allowed to passivate in air for at least 18 h prior to testing.",potentiodynamic,29
epit_environment_0104,105,106,fe_alloy,40,1,7,"Potentiodynamic Polarization. For pitting tests, specimens were allowed to passivate in air for at least 18 h prior to testing.",potentiodynamic,29
epit_environment_0105,106,107,fe_alloy,40,1,7,"Potentiodynamic Polarization. For pitting tests, specimens were allowed to passivate in air for at least 18 h prior to testing.",potentiodynamic,29
epit_environment_0106,107,108,fe_alloy,40,1,7,"Potentiodynamic Polarization. For pitting tests, specimens were allowed to passivate in air for at least 18 h prior to testing.",potentiodynamic,29
epit_environment_0107,108,109,fe_alloy,50,1,7,"Potentiodynamic Polarization. For pitting tests, specimens were allowed to passivate in air for at least 18 h prior to testing.",potentiodynamic,29
epit_environment_0108,109,110,fe_alloy,50,1,7,"Potentiodynamic Polarization. For pitting tests, specimens were allowed to passivate in air for at least 18 h prior to testing.",potentiodynamic,29
epit_environment_0109,110,111,fe_alloy,50,1,7,"Potentiodynamic Polarization. For pitting tests, specimens were allowed to passivate in air for at least 18 h prior to testing.",potentiodynamic,29
epit_environment_0110,111,112,fe_alloy,50,1,7,"Potentiodynamic Polarization. For pitting tests, specimens were allowed to passivate in air for at least 18 h prior to testing.",potentiodynamic,29
epit_environment_0111,112,113,fe_alloy,75,1,7,"Potentiodynamic Polarization. For pitting tests, specimens were allowed to passivate in air for at least 18 h prior to testing.",potentiodynamic,29
epit_environment_0112,113,114,fe_alloy,75,1,7,"Potentiodynamic Polarization. For pitting tests, specimens were allowed to passivate in air for at least 18 h prior to testing.",potentiodynamic,29
epit_environment_0113,114,115,fe_alloy,75,1,7,"Potentiodynamic Polarization. For pitting tests, specimens were allowed to passivate in air for at least 18 h prior to testing.",potentiodynamic,29
epit_environment_0114,115,116,fe_alloy,75,1,7,"Potentiodynamic Polarization. For pitting tests, specimens were allowed to passivate in air for at least 18 h prior to testing.",potentiodynamic,29
epit_environment_0115,116,117,fe_alloy,90,1,7,"Potentiodynamic Polarization. For pitting tests, specimens were allowed to passivate in air for at least 18 h prior to testing.",potentiodynamic,29
epit_environment_0116,117,118,fe_alloy,90,1,7,"Potentiodynamic Polarization. For pitting tests, specimens were allowed to passivate in air for at least 18 h prior to testing.",potentiodynamic,29
epit_environment_0117,118,119,fe_alloy,90,1,7,"Potentiodynamic Polarization. For pitting tests, specimens were allowed to passivate in air for at least 18 h prior to testing.",potentiodynamic,29
epit_environment_0118,119,120,fe_alloy,90,1,7,"Potentiodynamic Polarization. For pitting tests, specimens were allowed to passivate in air for at least 18 h prior to testing.",potentiodynamic,29
epit_environment_0119,120,121,fe_alloy,60,0.90000000000000002,7,Potentiodynamic Polarization,potentiodynamic,8
epit_environment_0120,121,122,fe_alloy,60,0.90000000000000002,7,Potentiodynamic Polarization,potentiodynamic,8
epit_environment_0121,122,123,fe_alloy,60,0.90000000000000002,7,Potentiodynamic Polarization,potentiodynamic,8
epit_environment_0122,123,124,fe_alloy,60,0.90000000000000002,7,Potentiodynamic Polarization,potentiodynamic,8
epit_environment_0123,124,125,fe_alloy,60,0.90000000000000002,7,Potentiodynamic Polarization,potentiodynamic,8
epit_environment_0124,125,126,fe_alloy,60,0.90000000000000002,7,Potentiodynamic Polarization,potentiodynamic,8
epit_environment_0125,126,127,fe_alloy,60,0.90000000000000002,7,Potentiodynamic Polarization,potentiodynamic,8
epit_environment_0126,127,128,fe_alloy,60,0.90000000000000002,7,Potentiodynamic Polarization,potentiodynamic,8
epit_environment_0127,128,129,fe_alloy,60,0.90000000000000002,7,Potentiodynamic Polarization,potentiodynamic,8
epit_environment_0128,129,130,fe_alloy,60,0.90000000000000002,7,Potentiodynamic Polarization,potentiodynamic,8
epit_environment_0129,130,131,fe_alloy,60,0.90000000000000002,7,Potentiodynamic Polarization,potentiodynamic,8
epit_environment_0130,131,132,fe_alloy,60,0.90000000000000002,7,Potentiodynamic Polarization,potentiodynamic,8
epit_environment_0131,132,133,fe_alloy,60,0.90000000000000002,7,Potentiodynamic Polarization,potentiodynamic,8
epit_environment_0132,133,134,fe_alloy,60,0.90000000000000002,7,Potentiodynamic Polarization,potentiodynamic,8
epit_environment_0133,134,135,fe_alloy,60,0.90000000000000002,7,Potentiodynamic Polarization,potentiodynamic,8
epit_environment_0134,135,136,fe_alloy,60,0.90000000000000002,7,Potentiodynamic Polarization,potentiodynamic,8
epit_environment_0135,136,137,fe_alloy,60,0.90000000000000002,7,Potentiodynamic Polarization,potentiodynamic,8
epit_environment_0136,137,138,fe_alloy,65,0.62,7,"Potentiodynamic Polarization. Potentiodynamic sweeps in hot 3.5% NaCl solution were carried out at a rate of 1 mV s-1. The tests were carried out in a glass three-electrode cell held in a water bath at 65 °C. In all experiments the rod under test was supported in a holder on the lid of the cell such that the end face just touched the surface of the test solution as described above. The counter electrode was a platinum wire, the reference electrode a saturated calomel electrode (SCE) at the same solution temperature; all potentials are given against the SCE. The potential at which the current density exceeded 50 uA cm-2 was defined as the pitting potential.",potentiodynamic,33
epit_environment_0137,138,139,fe_alloy,65,0.62,7,"Potentiodynamic Polarization. Potentiodynamic sweeps in hot 3.5% NaCl solution were carried out at a rate of 1 mV s-1. The tests were carried out in a glass three-electrode cell held in a water bath at 65 °C. In all experiments the rod under test was supported in a holder on the lid of the cell such that the end face just touched the surface of the test solution as described above. The counter electrode was a platinum wire, the reference electrode a saturated calomel electrode (SCE) at the same solution temperature; all potentials are given against the SCE. The potential at which the current density exceeded 50 uA cm-2 was defined as the pitting potential.",potentiodynamic,33
epit_environment_0138,139,140,fe_alloy,65,0.62,7,"Potentiodynamic Polarization. Potentiodynamic sweeps in hot 3.5% NaCl solution were carried out at a rate of 1 mV s-1. The tests were carried out in a glass three-electrode cell held in a water bath at 65 °C. In all experiments the rod under test was supported in a holder on the lid of the cell such that the end face just touched the surface of the test solution as described above. The counter electrode was a platinum wire, the reference electrode a saturated calomel electrode (SCE) at the same solution temperature; all potentials are given against the SCE. The potential at which the current density exceeded 50 uA cm-2 was defined as the pitting potential.",potentiodynamic,33
epit_environment_0139,140,141,fe_alloy,65,0.62,7,"Potentiodynamic Polarization. Potentiodynamic sweeps in hot 3.5% NaCl solution were carried out at a rate of 1 mV s-1. The tests were carried out in a glass three-electrode cell held in a water bath at 65 °C. In all experiments the rod under test was supported in a holder on the lid of the cell such that the end face just touched the surface of the test solution as described above. The counter electrode was a platinum wire, the reference electrode a saturated calomel electrode (SCE) at the same solution temperature; all potentials are given against the SCE. The potential at which the current density exceeded 50 uA cm-2 was defined as the pitting potential.",potentiodynamic,33
epit_environment_0140,141,142,fe_alloy,27,0.5,0,Potentiodynamic Polarization,potentiodynamic,8
epit_environment_0141,142,143,fe_alloy,27,0.5,0,Potentiodynamic Polarization,potentiodynamic,8
epit_environment_0142,143,144,fe_alloy,27,0.5,0,Potentiodynamic Polarization,potentiodynamic,8
epit_environment_0143,144,145,fe_alloy,27,0.5,0,Potentiodynamic Polarization,potentiodynamic,8
epit_environment_0144,145,146,fe_alloy,27,0.5,0,Potentiodynamic Polarization,potentiodynamic,8
epit_environment_0145,146,147,fe_alloy,27,0.5,0,Potentiodynamic Polarization,potentiodynamic,8
epit_environment_0146,147,148,fe_alloy,,0,0,"Potentiodynamic Polarization. the sample was kept immersed in the experimental solution for 5 min at open-circuit potential (OCP). The anodic potential was increased in steps of 20 mVSCE, and the current readings were recorded after waiting at each set potential for 1 min.",potentiodynamic,38
epit_environment_0147,148,149,fe_alloy,,3,7,"Potentiodynamic Polarization. the sample was kept immersed in the experimental solution for 5 min at open-circuit potential (OCP). The anodic potential was increased in steps of 20 mVSCE, and the current readings were recorded after waiting at each set potential for 1 min.",potentiodynamic,38
epit_environment_0148,149,150,fe_alloy,,4,7,"Potentiodynamic Polarization. the sample was kept immersed in the experimental solution for 5 min at open-circuit potential (OCP). The anodic potential was increased in steps of 20 mVSCE, and the current readings were recorded after waiting at each set potential for 1 min.",potentiodynamic,38
epit_environment_0149,150,151,fe_alloy,,6.2000000000000002,7,"Potentiodynamic Polarization. the sample was kept immersed in the experimental solution for 5 min at open-circuit potential (OCP). The anodic potential was increased in steps of 20 mVSCE, and the current readings were recorded after waiting at each set potential for 1 min.",potentiodynamic,38
epit_environment_0150,151,152,fe_alloy,22,0.5,1,"Potentiodynamic Polarization. All solutions used were deaerated with high-purity argon for at least 2 h before analysis. Potentials were measured against a saturated calomel electrode (SCE). Cathodic pretreatments were performed in 0.1 M hydrochloric acid (HCl) for 15 min at –700 mV SCE , while the current was monitored, in order to remove the air-formed oxide film.",potentiodynamic,26
epit_environment_0151,152,153,fe_alloy,25,1,7,Potentiodynamic Polarization,potentiodynamic,8
epit_environment_0152,153,154,fe_alloy,25,1,7,Potentiodynamic Polarization,potentiodynamic,8
epit_environment_0153,154,155,fe_alloy,25,1,7,Potentiodynamic Polarization,potentiodynamic,8
epit_environment_0154,155,156,fe_alloy,25,1,7,Potentiodynamic Polarization,potentiodynamic,8
epit_environment_0155,156,157,fe_alloy,25,1,7,Potentiodynamic Polarization,potentiodynamic,8
epit_environment_0156,157,158,fe_alloy,25,1,7,Potentiodynamic Polarization,potentiodynamic,8
epit_environment_0157,158,159,fe_alloy,25,1,7,Potentiodynamic Polarization,potentiodynamic,8
epit_environment_0158,159,160,fe_alloy,25,1,7,Potentiodynamic Polarization,potentiodynamic,8
epit_environment_0159,160,161,fe_alloy,,0.017111655261748435,5,"Potentiodynamic Polarization. Before the test, the sample remain in contact with the solution for 30 min. at -0.3 to -0.1 V to passivate or reach equilibrium.",potentiodynamic,28
epit_environment_0160,161,162,fe_alloy,,0.017111655261748435,5,"Potentiodynamic Polarization. Before the test, the sample remain in contact with the solution for 30 min. at -0.3 to -0.1 V to passivate or reach equilibrium.",potentiodynamic,28
epit_environment_0161,162,163,fe_alloy,,0.017111655261748435,5,"Potentiodynamic Polarization. Before the test, the sample remain in contact with the solution for 30 min. at -0.3 to -0.1 V to passivate or reach equilibrium.",potentiodynamic,28
epit_environment_0162,163,164,fe_alloy,,0.017111655261748435,5,"Potentiodynamic Polarization. Before the test, the sample remain in contact with the solution for 30 min. at -0.3 to -0.1 V to passivate or reach equilibrium.",potentiodynamic,28
epit_environment_0163,164,165,fe_alloy,,0.017111655261748435,5,"Potentiodynamic Polarization. Before the test, the sample remain in contact with the solution for 30 min. at -0.3 to -0.1 V to passivate or reach equilibrium.",potentiodynamic,28
epit_environment_0164,165,166,fe_alloy,,0.017111655261748435,5,"Potentiodynamic Polarization. Before the test, the sample remain in contact with the solution for 30 min. at -0.3 to -0.1 V to passivate or reach equilibrium.",potentiodynamic,28
epit_environment_0165,166,167,fe_alloy,,0.017111655261748435,5,"Potentiodynamic Polarization. Before the test, the sample remain in contact with the solution for 30 min. at -0.3 to -0.1 V to passivate or reach equilibrium.",potentiodynamic,28
epit_environment_0166,167,168,fe_alloy,40,1,7,Potentiodynamic Polarization. Gound to 600 grit at least 18 h before the test,potentiodynamic,30
epit_environment_0167,168,169,fe_alloy,40,1,7,Potentiodynamic Polarization. Gound to 600 grit at least 18 h before the test,potentiodynamic,30
epit_environment_0168,169,170,fe_alloy,40,1,7,Potentiodynamic Polarization. Gound to 600 grit at least 18 h before the test,potentiodynamic,30
epit_environment_0169,170,171,fe_alloy,40,1,7,Potentiodynamic Polarization. Gound to 600 grit at least 18 h before the test,potentiodynamic,30
epit_environment_0170,171,172,fe_alloy,75,1,7,Potentiodynamic Polarization. Gound to 600 grit at least 18 h before the test,potentiodynamic,30
epit_environment_0171,172,173,fe_alloy,75,1,7,Potentiodynamic Polarization. Gound to 600 grit at least 18 h before the test,potentiodynamic,30
epit_environment_0172,173,174,fe_alloy,75,1,7,Potentiodynamic Polarization. Gound to 600 grit at least 18 h before the test,potentiodynamic,30
epit_environment_0173,174,175,fe_alloy,75,1,7,Potentiodynamic Polarization. Gound to 600 grit at least 18 h before the test,potentiodynamic,30
epit_environment_0174,175,176,fe_alloy,25,1,0,Potentiodynamic Polarization,potentiodynamic,8
epit_environment_0175,176,177,fe_alloy,25,1,0,Potentiodynamic Polarization,potentiodynamic,8
epit_environment_0176,177,178,fe_alloy,25,1,0,Potentiodynamic Polarization,potentiodynamic,8
epit_environment_0177,178,179,fe_alloy,25,1,0,Potentiodynamic Polarization,potentiodynamic,8
epit_environment_0178,181,182,fe_alloy,25,1,0,Potentiodynamic Polarization,potentiodynamic,8
epit_environment_0179,182,183,fe_alloy,25,1,0,Potentiodynamic Polarization,potentiodynamic,8
epit_environment_0180,183,184,fe_alloy,25,1,0,Potentiodynamic Polarization,potentiodynamic,8
epit_environment_0181,184,185,fe_alloy,25,1,0,Potentiodynamic Polarization,potentiodynamic,8
epit_environment_0182,185,186,fe_alloy,25,1,0,Potentiodynamic Polarization,potentiodynamic,8
epit_environment_0183,186,187,fe_alloy,25,1,0,Potentiodynamic Polarization,potentiodynamic,8
epit_environment_0184,187,188,fe_alloy,25,1,0,Potentiodynamic Polarization,potentiodynamic,8
epit_environment_0185,188,189,fe_alloy,25,1,0,Potentiodynamic Polarization,potentiodynamic,8
epit_environment_0186,189,190,fe_alloy,25,1,0,Potentiodynamic Polarization,potentiodynamic,8
epit_environment_0187,191,192,fe_alloy,25,0,0,Potentiodynamic Polarization,potentiodynamic,8
epit_environment_0188,192,193,fe_alloy,25,0,0,Potentiodynamic Polarization,potentiodynamic,8
epit_environment_0189,193,194,fe_alloy,25,0,0,Potentiodynamic Polarization,potentiodynamic,8
epit_environment_0190,194,195,fe_alloy,25,0,0,Potentiodynamic Polarization,potentiodynamic,8
epit_environment_0191,195,196,fe_alloy,25,0,0,Potentiodynamic Polarization,potentiodynamic,8
epit_environment_0192,196,197,fe_alloy,25,1,0,Potentiodynamic Polarization,potentiodynamic,8
epit_environment_0193,197,198,fe_alloy,25,1,0,Potentiodynamic Polarization,potentiodynamic,8
epit_environment_0194,198,199,fe_alloy,25,1,0,Potentiodynamic Polarization,potentiodynamic,8
epit_environment_0195,199,200,fe_alloy,25,1,0,Potentiodynamic Polarization,potentiodynamic,8
epit_environment_0196,200,201,fe_alloy,25,1,0,Potentiodynamic Polarization,potentiodynamic,8
epit_environment_0197,201,202,fe_alloy,25,0,0.69899999999999995,Potentiodynamic Polarization,potentiodynamic,8
epit_environment_0198,202,203,fe_alloy,25,0,0.69899999999999995,Potentiodynamic Polarization,potentiodynamic,8
epit_environment_0199,203,204,fe_alloy,25,0.12,0.69899999999999995,Potentiodynamic Polarization,potentiodynamic,8
epit_environment_0200,204,205,fe_alloy,25,0.12,0.69899999999999995,Potentiodynamic Polarization,potentiodynamic,8
epit_environment_0201,205,206,fe_alloy,65,0,0.69899999999999995,"Potentiostatic Polarization at different potentials. The working electrode was a rotating disk, the rotation rate was 3000 rpm in all experiments.",potentiostatic,42
epit_environment_0202,206,207,fe_alloy,65,0.12,0.69899999999999995,"Potentiostatic Polarization at different potentials. The working electrode was a rotating disk, the rotation rate was 3000 rpm in all experiments.",potentiostatic,42
epit_environment_0203,207,208,fe_alloy,22,0.5,1,Potentiodynamic Polarization. The specimens were activated at the cathodic potential of 2700 mV saturated calomel electrode (SCE) for 10 min.,potentiodynamic,37
epit_environment_0204,208,209,fe_alloy,25,0.29999999999999999,5.4000000000000004,"Potentiodynamic Polarization. Before athe test, specimens were cathodically polarized at - 1.150 V(SCE) for 15 min to reduce the polish-formed film.",potentiodynamic,27
epit_environment_0205,209,210,fe_alloy,25,0.29999999999999999,9,"Potentiodynamic Polarization. Before athe test, specimens were cathodically polarized at - 1.150 V(SCE) for 15 min to reduce the polish-formed film.",potentiodynamic,27
epit_environment_0206,210,211,fe_alloy,0,0.10000000000000001,7,"Potentiostatic Polarization, Potentiostatic polarization curves were obtained at 25°C and at 0°C in N,-saturated 0.1N NaCl and O*lN NaBr. The electrode totally immersed was first polarized in the least noble passive region for 15min, then the potential was moved in the noble direction 50mV every Smin until the pitting potential was approximated and the current showed a marked increase. This was followed by longer-time runs of 12-15h at a single potential in the neighbourhood of the critical potential in order to establish the steady state value. The least noble potential at which the current did not continuously increase with time and at which no pits could be observed under a low power microscope was taken as the final value.",potentiostatic,44
epit_environment_0207,211,212,fe_alloy,0,0.10000000000000001,7,"Potentiostatic Polarization, Potentiostatic polarization curves were obtained at 25°C and at 0°C in N,-saturated 0.1N NaCl and O*lN NaBr. The electrode totally immersed was first polarized in the least noble passive region for 15min, then the potential was moved in the noble direction 50mV every Smin until the pitting potential was approximated and the current showed a marked increase. This was followed by longer-time runs of 12-15h at a single potential in the neighbourhood of the critical potential in order to establish the steady state value. The least noble potential at which the current did not continuously increase with time and at which no pits could be observed under a low power microscope was taken as the final value.",potentiostatic,44
epit_environment_0208,212,213,fe_alloy,0,0.10000000000000001,7,"Potentiostatic Polarization, Potentiostatic polarization curves were obtained at 25°C and at 0°C in N,-saturated 0.1N NaCl and O*lN NaBr. The electrode totally immersed was first polarized in the least noble passive region for 15min, then the potential was moved in the noble direction 50mV every Smin until the pitting potential was approximated and the current showed a marked increase. This was followed by longer-time runs of 12-15h at a single potential in the neighbourhood of the critical potential in order to establish the steady state value. The least noble potential at which the current did not continuously increase with time and at which no pits could be observed under a low power microscope was taken as the final value.",potentiostatic,44
epit_environment_0209,213,214,fe_alloy,25,0.10000000000000001,7,"Potentiostatic Polarization, Potentiostatic polarization curves were obtained at 25°C and at 0°C in N,-saturated 0.1N NaCl and O*lN NaBr. The electrode totally immersed was first polarized in the least noble passive region for 15min, then the potential was moved in the noble direction 50mV every Smin until the pitting potential was approximated and the current showed a marked increase. This was followed by longer-time runs of 12-15h at a single potential in the neighbourhood of the critical potential in order to establish the steady state value. The least noble potential at which the current did not continuously increase with time and at which no pits could be observed under a low power microscope was taken as the final value.",potentiostatic,44
epit_environment_0210,214,215,fe_alloy,25,0.10000000000000001,7,"Potentiostatic Polarization, Potentiostatic polarization curves were obtained at 25°C and at 0°C in N,-saturated 0.1N NaCl and O*lN NaBr. The electrode totally immersed was first polarized in the least noble passive region for 15min, then the potential was moved in the noble direction 50mV every Smin until the pitting potential was approximated and the current showed a marked increase. This was followed by longer-time runs of 12-15h at a single potential in the neighbourhood of the critical potential in order to establish the steady state value. The least noble potential at which the current did not continuously increase with time and at which no pits could be observed under a low power microscope was taken as the final value.",potentiostatic,44
epit_environment_0211,215,216,fe_alloy,25,0.10000000000000001,7,"Potentiostatic Polarization, Potentiostatic polarization curves were obtained at 25°C and at 0°C in N,-saturated 0.1N NaCl and O*lN NaBr. The electrode totally immersed was first polarized in the least noble passive region for 15min, then the potential was moved in the noble direction 50mV every Smin until the pitting potential was approximated and the current showed a marked increase. This was followed by longer-time runs of 12-15h at a single potential in the neighbourhood of the critical potential in order to establish the steady state value. The least noble potential at which the current did not continuously increase with time and at which no pits could be observed under a low power microscope was taken as the final value.",potentiostatic,44
epit_environment_0212,216,217,fe_alloy,25,0,7,"Potentiostatic Polarization, Potentiostatic polarization curves were obtained at 25°C and at 0°C in N,-saturated 0.1N NaCl and O*lN NaBr. The electrode totally immersed was first polarized in the least noble passive region for 15min, then the potential was moved in the noble direction 50mV every Smin until the pitting potential was approximated and the current showed a marked increase. This was followed by longer-time runs of 12-15h at a single potential in the neighbourhood of the critical potential in order to establish the steady state value. The least noble potential at which the current did not continuously increase with time and at which no pits could be observed under a low power microscope was taken as the final value.",potentiostatic,44
epit_environment_0213,217,218,fe_alloy,25,0,7,"Potentiostatic Polarization, Potentiostatic polarization curves were obtained at 25°C and at 0°C in N,-saturated 0.1N NaCl and O*lN NaBr. The electrode totally immersed was first polarized in the least noble passive region for 15min, then the potential was moved in the noble direction 50mV every Smin until the pitting potential was approximated and the current showed a marked increase. This was followed by longer-time runs of 12-15h at a single potential in the neighbourhood of the critical potential in order to establish the steady state value. The least noble potential at which the current did not continuously increase with time and at which no pits could be observed under a low power microscope was taken as the final value.",potentiostatic,44
epit_environment_0214,218,219,fe_alloy,25,0,7,"Potentiostatic Polarization, Potentiostatic polarization curves were obtained at 25°C and at 0°C in N,-saturated 0.1N NaCl and O*lN NaBr. The electrode totally immersed was first polarized in the least noble passive region for 15min, then the potential was moved in the noble direction 50mV every Smin until the pitting potential was approximated and the current showed a marked increase. This was followed by longer-time runs of 12-15h at a single potential in the neighbourhood of the critical potential in order to establish the steady state value. The least noble potential at which the current did not continuously increase with time and at which no pits could be observed under a low power microscope was taken as the final value.",potentiostatic,44
epit_environment_0215,219,220,fe_alloy,0,0,7,"Potentiostatic Polarization, Potentiostatic polarization curves were obtained at 25°C and at 0°C in N,-saturated 0.1N NaCl and O*lN NaBr. The electrode totally immersed was first polarized in the least noble passive region for 15min, then the potential was moved in the noble direction 50mV every Smin until the pitting potential was approximated and the current showed a marked increase. This was followed by longer-time runs of 12-15h at a single potential in the neighbourhood of the critical potential in order to establish the steady state value. The least noble potential at which the current did not continuously increase with time and at which no pits could be observed under a low power microscope was taken as the final value.",potentiostatic,44
epit_environment_0216,220,221,fe_alloy,0,0,7,"Potentiostatic Polarization, Potentiostatic polarization curves were obtained at 25°C and at 0°C in N,-saturated 0.1N NaCl and O*lN NaBr. The electrode totally immersed was first polarized in the least noble passive region for 15min, then the potential was moved in the noble direction 50mV every Smin until the pitting potential was approximated and the current showed a marked increase. This was followed by longer-time runs of 12-15h at a single potential in the neighbourhood of the critical potential in order to establish the steady state value. The least noble potential at which the current did not continuously increase with time and at which no pits could be observed under a low power microscope was taken as the final value.",potentiostatic,44
epit_environment_0217,221,222,fe_alloy,0,0,7,"Potentiostatic Polarization, Potentiostatic polarization curves were obtained at 25°C and at 0°C in N,-saturated 0.1N NaCl and O*lN NaBr. The electrode totally immersed was first polarized in the least noble passive region for 15min, then the potential was moved in the noble direction 50mV every Smin until the pitting potential was approximated and the current showed a marked increase. This was followed by longer-time runs of 12-15h at a single potential in the neighbourhood of the critical potential in order to establish the steady state value. The least noble potential at which the current did not continuously increase with time and at which no pits could be observed under a low power microscope was taken as the final value.",potentiostatic,44
epit_environment_0218,222,223,fe_alloy,30,1,7,"Polarization test, strips of 1.25 cm x 1.25 cm of the experimental alloys, as well as the commercial alloys, were subjected to anodic polarization in dearated 1 N NaCI solution at 30 C. A Type 308 rod was welded to one side of each specimen and covered with rubber tubing, except the tip for electrical connection to a potentiostat. The specimens were then mounted in epoxy, ground to 600 grit, and rinsed with distilled water. The specimen/mount interface was covered with a thin film of lacquer, and approximately 1 cm 2 of the specimen was exposed. They were then kept in a desiccator until testing. The testing procedure consisted of: (1) introduction of the solution to a one liter polarization cell; (2) setting the temperature of the solution; (3) deoxygenating the solution with prepurified nitrogen at the rate of 90 ml/min starting 30 minutes before immersion of the specimen; (4) cleaning the specimen with distilled water just prior to transferring to the cel]; and (5) anodic polarization 50 minutes after the immersion at a scanning rate of 20 mV/min, using a PAR Model 173 potentiostat and ELSCINT Model ABA-26 Automatic Baseline Advance.",other,7
epit_environment_0219,223,224,fe_alloy,30,1,7,"Polarization test, strips of 1.25 cm x 1.25 cm of the experimental alloys, as well as the commercial alloys, were subjected to anodic polarization in dearated 1 N NaCI solution at 30 C. A Type 308 rod was welded to one side of each specimen and covered with rubber tubing, except the tip for electrical connection to a potentiostat. The specimens were then mounted in epoxy, ground to 600 grit, and rinsed with distilled water. The specimen/mount interface was covered with a thin film of lacquer, and approximately 1 cm 2 of the specimen was exposed. They were then kept in a desiccator until testing. The testing procedure consisted of: (1) introduction of the solution to a one liter polarization cell; (2) setting the temperature of the solution; (3) deoxygenating the solution with prepurified nitrogen at the rate of 90 ml/min starting 30 minutes before immersion of the specimen; (4) cleaning the specimen with distilled water just prior to transferring to the cel]; and (5) anodic polarization 50 minutes after the immersion at a scanning rate of 20 mV/min, using a PAR Model 173 potentiostat and ELSCINT Model ABA-26 Automatic Baseline Advance.",other,7
epit_environment_0220,224,225,fe_alloy,30,1,7,"Polarization test, strips of 1.25 cm x 1.25 cm of the experimental alloys, as well as the commercial alloys, were subjected to anodic polarization in dearated 1 N NaCI solution at 30 C. A Type 308 rod was welded to one side of each specimen and covered with rubber tubing, except the tip for electrical connection to a potentiostat. The specimens were then mounted in epoxy, ground to 600 grit, and rinsed with distilled water. The specimen/mount interface was covered with a thin film of lacquer, and approximately 1 cm 2 of the specimen was exposed. They were then kept in a desiccator until testing. The testing procedure consisted of: (1) introduction of the solution to a one liter polarization cell; (2) setting the temperature of the solution; (3) deoxygenating the solution with prepurified nitrogen at the rate of 90 ml/min starting 30 minutes before immersion of the specimen; (4) cleaning the specimen with distilled water just prior to transferring to the cel]; and (5) anodic polarization 50 minutes after the immersion at a scanning rate of 20 mV/min, using a PAR Model 173 potentiostat and ELSCINT Model ABA-26 Automatic Baseline Advance.",other,7
epit_environment_0221,225,226,fe_alloy,30,1,7,"Polarization test, strips of 1.25 cm x 1.25 cm of the experimental alloys, as well as the commercial alloys, were subjected to anodic polarization in dearated 1 N NaCI solution at 30 C. A Type 308 rod was welded to one side of each specimen and covered with rubber tubing, except the tip for electrical connection to a potentiostat. The specimens were then mounted in epoxy, ground to 600 grit, and rinsed with distilled water. The specimen/mount interface was covered with a thin film of lacquer, and approximately 1 cm 2 of the specimen was exposed. They were then kept in a desiccator until testing. The testing procedure consisted of: (1) introduction of the solution to a one liter polarization cell; (2) setting the temperature of the solution; (3) deoxygenating the solution with prepurified nitrogen at the rate of 90 ml/min starting 30 minutes before immersion of the specimen; (4) cleaning the specimen with distilled water just prior to transferring to the cel]; and (5) anodic polarization 50 minutes after the immersion at a scanning rate of 20 mV/min, using a PAR Model 173 potentiostat and ELSCINT Model ABA-26 Automatic Baseline Advance.",other,7
epit_environment_0222,226,227,fe_alloy,30,1,7,"Polarization test, strips of 1.25 cm x 1.25 cm of the experimental alloys, as well as the commercial alloys, were subjected to anodic polarization in dearated 1 N NaCI solution at 30 C. A Type 308 rod was welded to one side of each specimen and covered with rubber tubing, except the tip for electrical connection to a potentiostat. The specimens were then mounted in epoxy, ground to 600 grit, and rinsed with distilled water. The specimen/mount interface was covered with a thin film of lacquer, and approximately 1 cm 2 of the specimen was exposed. They were then kept in a desiccator until testing. The testing procedure consisted of: (1) introduction of the solution to a one liter polarization cell; (2) setting the temperature of the solution; (3) deoxygenating the solution with prepurified nitrogen at the rate of 90 ml/min starting 30 minutes before immersion of the specimen; (4) cleaning the specimen with distilled water just prior to transferring to the cel]; and (5) anodic polarization 50 minutes after the immersion at a scanning rate of 20 mV/min, using a PAR Model 173 potentiostat and ELSCINT Model ABA-26 Automatic Baseline Advance.",other,7
epit_environment_0223,227,228,fe_alloy,30,1,7,"Polarization test, strips of 1.25 cm x 1.25 cm of the experimental alloys, as well as the commercial alloys, were subjected to anodic polarization in dearated 1 N NaCI solution at 30 C. A Type 308 rod was welded to one side of each specimen and covered with rubber tubing, except the tip for electrical connection to a potentiostat. The specimens were then mounted in epoxy, ground to 600 grit, and rinsed with distilled water. The specimen/mount interface was covered with a thin film of lacquer, and approximately 1 cm 2 of the specimen was exposed. They were then kept in a desiccator until testing. The testing procedure consisted of: (1) introduction of the solution to a one liter polarization cell; (2) setting the temperature of the solution; (3) deoxygenating the solution with prepurified nitrogen at the rate of 90 ml/min starting 30 minutes before immersion of the specimen; (4) cleaning the specimen with distilled water just prior to transferring to the cel]; and (5) anodic polarization 50 minutes after the immersion at a scanning rate of 20 mV/min, using a PAR Model 173 potentiostat and ELSCINT Model ABA-26 Automatic Baseline Advance.",other,7
epit_environment_0224,228,229,fe_alloy,30,1,7,"Polarization test, strips of 1.25 cm x 1.25 cm of the experimental alloys, as well as the commercial alloys, were subjected to anodic polarization in dearated 1 N NaCI solution at 30 C. A Type 308 rod was welded to one side of each specimen and covered with rubber tubing, except the tip for electrical connection to a potentiostat. The specimens were then mounted in epoxy, ground to 600 grit, and rinsed with distilled water. The specimen/mount interface was covered with a thin film of lacquer, and approximately 1 cm 2 of the specimen was exposed. They were then kept in a desiccator until testing. The testing procedure consisted of: (1) introduction of the solution to a one liter polarization cell; (2) setting the temperature of the solution; (3) deoxygenating the solution with prepurified nitrogen at the rate of 90 ml/min starting 30 minutes before immersion of the specimen; (4) cleaning the specimen with distilled water just prior to transferring to the cel]; and (5) anodic polarization 50 minutes after the immersion at a scanning rate of 20 mV/min, using a PAR Model 173 potentiostat and ELSCINT Model ABA-26 Automatic Baseline Advance.",other,7
epit_environment_0225,229,230,fe_alloy,30,1,7,"Polarization test, strips of 1.25 cm x 1.25 cm of the experimental alloys, as well as the commercial alloys, were subjected to anodic polarization in dearated 1 N NaCI solution at 30 C. A Type 308 rod was welded to one side of each specimen and covered with rubber tubing, except the tip for electrical connection to a potentiostat. The specimens were then mounted in epoxy, ground to 600 grit, and rinsed with distilled water. The specimen/mount interface was covered with a thin film of lacquer, and approximately 1 cm 2 of the specimen was exposed. They were then kept in a desiccator until testing. The testing procedure consisted of: (1) introduction of the solution to a one liter polarization cell; (2) setting the temperature of the solution; (3) deoxygenating the solution with prepurified nitrogen at the rate of 90 ml/min starting 30 minutes before immersion of the specimen; (4) cleaning the specimen with distilled water just prior to transferring to the cel]; and (5) anodic polarization 50 minutes after the immersion at a scanning rate of 20 mV/min, using a PAR Model 173 potentiostat and ELSCINT Model ABA-26 Automatic Baseline Advance.",other,7
epit_environment_0226,230,231,fe_alloy,30,1,7,"Polarization test, strips of 1.25 cm x 1.25 cm of the experimental alloys, as well as the commercial alloys, were subjected to anodic polarization in dearated 1 N NaCI solution at 30 C. A Type 308 rod was welded to one side of each specimen and covered with rubber tubing, except the tip for electrical connection to a potentiostat. The specimens were then mounted in epoxy, ground to 600 grit, and rinsed with distilled water. The specimen/mount interface was covered with a thin film of lacquer, and approximately 1 cm 2 of the specimen was exposed. They were then kept in a desiccator until testing. The testing procedure consisted of: (1) introduction of the solution to a one liter polarization cell; (2) setting the temperature of the solution; (3) deoxygenating the solution with prepurified nitrogen at the rate of 90 ml/min starting 30 minutes before immersion of the specimen; (4) cleaning the specimen with distilled water just prior to transferring to the cel]; and (5) anodic polarization 50 minutes after the immersion at a scanning rate of 20 mV/min, using a PAR Model 173 potentiostat and ELSCINT Model ABA-26 Automatic Baseline Advance.",other,7
epit_environment_0227,231,232,fe_alloy,30,1,7,"Polarization test, strips of 1.25 cm x 1.25 cm of the experimental alloys, as well as the commercial alloys, were subjected to anodic polarization in dearated 1 N NaCI solution at 30 C. A Type 308 rod was welded to one side of each specimen and covered with rubber tubing, except the tip for electrical connection to a potentiostat. The specimens were then mounted in epoxy, ground to 600 grit, and rinsed with distilled water. The specimen/mount interface was covered with a thin film of lacquer, and approximately 1 cm 2 of the specimen was exposed. They were then kept in a desiccator until testing. The testing procedure consisted of: (1) introduction of the solution to a one liter polarization cell; (2) setting the temperature of the solution; (3) deoxygenating the solution with prepurified nitrogen at the rate of 90 ml/min starting 30 minutes before immersion of the specimen; (4) cleaning the specimen with distilled water just prior to transferring to the cel]; and (5) anodic polarization 50 minutes after the immersion at a scanning rate of 20 mV/min, using a PAR Model 173 potentiostat and ELSCINT Model ABA-26 Automatic Baseline Advance.",other,7
epit_environment_0228,232,233,fe_alloy,30,1,7,"Polarization test, strips of 1.25 cm x 1.25 cm of the experimental alloys, as well as the commercial alloys, were subjected to anodic polarization in dearated 1 N NaCI solution at 30 C. A Type 308 rod was welded to one side of each specimen and covered with rubber tubing, except the tip for electrical connection to a potentiostat. The specimens were then mounted in epoxy, ground to 600 grit, and rinsed with distilled water. The specimen/mount interface was covered with a thin film of lacquer, and approximately 1 cm 2 of the specimen was exposed. They were then kept in a desiccator until testing. The testing procedure consisted of: (1) introduction of the solution to a one liter polarization cell; (2) setting the temperature of the solution; (3) deoxygenating the solution with prepurified nitrogen at the rate of 90 ml/min starting 30 minutes before immersion of the specimen; (4) cleaning the specimen with distilled water just prior to transferring to the cel]; and (5) anodic polarization 50 minutes after the immersion at a scanning rate of 20 mV/min, using a PAR Model 173 potentiostat and ELSCINT Model ABA-26 Automatic Baseline Advance.",other,7
epit_environment_0229,233,234,fe_alloy,30,1,7,"Polarization test, strips of 1.25 cm x 1.25 cm of the experimental alloys, as well as the commercial alloys, were subjected to anodic polarization in dearated 1 N NaCI solution at 30 C. A Type 308 rod was welded to one side of each specimen and covered with rubber tubing, except the tip for electrical connection to a potentiostat. The specimens were then mounted in epoxy, ground to 600 grit, and rinsed with distilled water. The specimen/mount interface was covered with a thin film of lacquer, and approximately 1 cm 2 of the specimen was exposed. They were then kept in a desiccator until testing. The testing procedure consisted of: (1) introduction of the solution to a one liter polarization cell; (2) setting the temperature of the solution; (3) deoxygenating the solution with prepurified nitrogen at the rate of 90 ml/min starting 30 minutes before immersion of the specimen; (4) cleaning the specimen with distilled water just prior to transferring to the cel]; and (5) anodic polarization 50 minutes after the immersion at a scanning rate of 20 mV/min, using a PAR Model 173 potentiostat and ELSCINT Model ABA-26 Automatic Baseline Advance.",other,7
epit_environment_0230,234,235,fe_alloy,30,1,7,"Polarization test, strips of 1.25 cm x 1.25 cm of the experimental alloys, as well as the commercial alloys, were subjected to anodic polarization in dearated 1 N NaCI solution at 30 C. A Type 308 rod was welded to one side of each specimen and covered with rubber tubing, except the tip for electrical connection to a potentiostat. The specimens were then mounted in epoxy, ground to 600 grit, and rinsed with distilled water. The specimen/mount interface was covered with a thin film of lacquer, and approximately 1 cm 2 of the specimen was exposed. They were then kept in a desiccator until testing. The testing procedure consisted of: (1) introduction of the solution to a one liter polarization cell; (2) setting the temperature of the solution; (3) deoxygenating the solution with prepurified nitrogen at the rate of 90 ml/min starting 30 minutes before immersion of the specimen; (4) cleaning the specimen with distilled water just prior to transferring to the cel]; and (5) anodic polarization 50 minutes after the immersion at a scanning rate of 20 mV/min, using a PAR Model 173 potentiostat and ELSCINT Model ABA-26 Automatic Baseline Advance.",other,7
epit_environment_0231,235,236,fe_alloy,30,1,7,"Polarization test, strips of 1.25 cm x 1.25 cm of the experimental alloys, as well as the commercial alloys, were subjected to anodic polarization in dearated 1 N NaCI solution at 30 C. A Type 308 rod was welded to one side of each specimen and covered with rubber tubing, except the tip for electrical connection to a potentiostat. The specimens were then mounted in epoxy, ground to 600 grit, and rinsed with distilled water. The specimen/mount interface was covered with a thin film of lacquer, and approximately 1 cm 2 of the specimen was exposed. They were then kept in a desiccator until testing. The testing procedure consisted of: (1) introduction of the solution to a one liter polarization cell; (2) setting the temperature of the solution; (3) deoxygenating the solution with prepurified nitrogen at the rate of 90 ml/min starting 30 minutes before immersion of the specimen; (4) cleaning the specimen with distilled water just prior to transferring to the cel]; and (5) anodic polarization 50 minutes after the immersion at a scanning rate of 20 mV/min, using a PAR Model 173 potentiostat and ELSCINT Model ABA-26 Automatic Baseline Advance.",other,7
epit_environment_0232,236,237,fe_alloy,30,1,7,"Polarization test, strips of 1.25 cm x 1.25 cm of the experimental alloys, as well as the commercial alloys, were subjected to anodic polarization in dearated 1 N NaCI solution at 30 C. A Type 308 rod was welded to one side of each specimen and covered with rubber tubing, except the tip for electrical connection to a potentiostat. The specimens were then mounted in epoxy, ground to 600 grit, and rinsed with distilled water. The specimen/mount interface was covered with a thin film of lacquer, and approximately 1 cm 2 of the specimen was exposed. They were then kept in a desiccator until testing. The testing procedure consisted of: (1) introduction of the solution to a one liter polarization cell; (2) setting the temperature of the solution; (3) deoxygenating the solution with prepurified nitrogen at the rate of 90 ml/min starting 30 minutes before immersion of the specimen; (4) cleaning the specimen with distilled water just prior to transferring to the cel]; and (5) anodic polarization 50 minutes after the immersion at a scanning rate of 20 mV/min, using a PAR Model 173 potentiostat and ELSCINT Model ABA-26 Automatic Baseline Advance.",other,7
epit_environment_0233,237,238,fe_alloy,30,1,7,"Polarization test, strips of 1.25 cm x 1.25 cm of the experimental alloys, as well as the commercial alloys, were subjected to anodic polarization in dearated 1 N NaCI solution at 30 C. A Type 308 rod was welded to one side of each specimen and covered with rubber tubing, except the tip for electrical connection to a potentiostat. The specimens were then mounted in epoxy, ground to 600 grit, and rinsed with distilled water. The specimen/mount interface was covered with a thin film of lacquer, and approximately 1 cm 2 of the specimen was exposed. They were then kept in a desiccator until testing. The testing procedure consisted of: (1) introduction of the solution to a one liter polarization cell; (2) setting the temperature of the solution; (3) deoxygenating the solution with prepurified nitrogen at the rate of 90 ml/min starting 30 minutes before immersion of the specimen; (4) cleaning the specimen with distilled water just prior to transferring to the cel]; and (5) anodic polarization 50 minutes after the immersion at a scanning rate of 20 mV/min, using a PAR Model 173 potentiostat and ELSCINT Model ABA-26 Automatic Baseline Advance.",other,7
epit_environment_0234,238,239,fe_alloy,30,1,7,"Polarization test, strips of 1.25 cm x 1.25 cm of the experimental alloys, as well as the commercial alloys, were subjected to anodic polarization in dearated 1 N NaCI solution at 30 C. A Type 308 rod was welded to one side of each specimen and covered with rubber tubing, except the tip for electrical connection to a potentiostat. The specimens were then mounted in epoxy, ground to 600 grit, and rinsed with distilled water. The specimen/mount interface was covered with a thin film of lacquer, and approximately 1 cm 2 of the specimen was exposed. They were then kept in a desiccator until testing. The testing procedure consisted of: (1) introduction of the solution to a one liter polarization cell; (2) setting the temperature of the solution; (3) deoxygenating the solution with prepurified nitrogen at the rate of 90 ml/min starting 30 minutes before immersion of the specimen; (4) cleaning the specimen with distilled water just prior to transferring to the cel]; and (5) anodic polarization 50 minutes after the immersion at a scanning rate of 20 mV/min, using a PAR Model 173 potentiostat and ELSCINT Model ABA-26 Automatic Baseline Advance.",other,7
epit_environment_0235,239,240,fe_alloy,30,1,7,"Polarization test, strips of 1.25 cm x 1.25 cm of the experimental alloys, as well as the commercial alloys, were subjected to anodic polarization in dearated 1 N NaCI solution at 30 C. A Type 308 rod was welded to one side of each specimen and covered with rubber tubing, except the tip for electrical connection to a potentiostat. The specimens were then mounted in epoxy, ground to 600 grit, and rinsed with distilled water. The specimen/mount interface was covered with a thin film of lacquer, and approximately 1 cm 2 of the specimen was exposed. They were then kept in a desiccator until testing. The testing procedure consisted of: (1) introduction of the solution to a one liter polarization cell; (2) setting the temperature of the solution; (3) deoxygenating the solution with prepurified nitrogen at the rate of 90 ml/min starting 30 minutes before immersion of the specimen; (4) cleaning the specimen with distilled water just prior to transferring to the cel]; and (5) anodic polarization 50 minutes after the immersion at a scanning rate of 20 mV/min, using a PAR Model 173 potentiostat and ELSCINT Model ABA-26 Automatic Baseline Advance.",other,7
epit_environment_0236,240,241,fe_alloy,30,1,7,"Polarization test, strips of 1.25 cm x 1.25 cm of the experimental alloys, as well as the commercial alloys, were subjected to anodic polarization in dearated 1 N NaCI solution at 30 C. A Type 308 rod was welded to one side of each specimen and covered with rubber tubing, except the tip for electrical connection to a potentiostat. The specimens were then mounted in epoxy, ground to 600 grit, and rinsed with distilled water. The specimen/mount interface was covered with a thin film of lacquer, and approximately 1 cm 2 of the specimen was exposed. They were then kept in a desiccator until testing. The testing procedure consisted of: (1) introduction of the solution to a one liter polarization cell; (2) setting the temperature of the solution; (3) deoxygenating the solution with prepurified nitrogen at the rate of 90 ml/min starting 30 minutes before immersion of the specimen; (4) cleaning the specimen with distilled water just prior to transferring to the cel]; and (5) anodic polarization 50 minutes after the immersion at a scanning rate of 20 mV/min, using a PAR Model 173 potentiostat and ELSCINT Model ABA-26 Automatic Baseline Advance.",other,7
epit_environment_0237,241,242,fe_alloy,30,1,7,"Polarization test, strips of 1.25 cm x 1.25 cm of the experimental alloys, as well as the commercial alloys, were subjected to anodic polarization in dearated 1 N NaCI solution at 30 C. A Type 308 rod was welded to one side of each specimen and covered with rubber tubing, except the tip for electrical connection to a potentiostat. The specimens were then mounted in epoxy, ground to 600 grit, and rinsed with distilled water. The specimen/mount interface was covered with a thin film of lacquer, and approximately 1 cm 2 of the specimen was exposed. They were then kept in a desiccator until testing. The testing procedure consisted of: (1) introduction of the solution to a one liter polarization cell; (2) setting the temperature of the solution; (3) deoxygenating the solution with prepurified nitrogen at the rate of 90 ml/min starting 30 minutes before immersion of the specimen; (4) cleaning the specimen with distilled water just prior to transferring to the cel]; and (5) anodic polarization 50 minutes after the immersion at a scanning rate of 20 mV/min, using a PAR Model 173 potentiostat and ELSCINT Model ABA-26 Automatic Baseline Advance.",other,7
epit_environment_0238,242,243,fe_alloy,30,1,7,"Polarization test, strips of 1.25 cm x 1.25 cm of the experimental alloys, as well as the commercial alloys, were subjected to anodic polarization in dearated 1 N NaCI solution at 30 C. A Type 308 rod was welded to one side of each specimen and covered with rubber tubing, except the tip for electrical connection to a potentiostat. The specimens were then mounted in epoxy, ground to 600 grit, and rinsed with distilled water. The specimen/mount interface was covered with a thin film of lacquer, and approximately 1 cm 2 of the specimen was exposed. They were then kept in a desiccator until testing. The testing procedure consisted of: (1) introduction of the solution to a one liter polarization cell; (2) setting the temperature of the solution; (3) deoxygenating the solution with prepurified nitrogen at the rate of 90 ml/min starting 30 minutes before immersion of the specimen; (4) cleaning the specimen with distilled water just prior to transferring to the cel]; and (5) anodic polarization 50 minutes after the immersion at a scanning rate of 20 mV/min, using a PAR Model 173 potentiostat and ELSCINT Model ABA-26 Automatic Baseline Advance.",other,7
epit_environment_0239,243,244,fe_alloy,30,1,7,"Polarization test, strips of 1.25 cm x 1.25 cm of the experimental alloys, as well as the commercial alloys, were subjected to anodic polarization in dearated 1 N NaCI solution at 30 C. A Type 308 rod was welded to one side of each specimen and covered with rubber tubing, except the tip for electrical connection to a potentiostat. The specimens were then mounted in epoxy, ground to 600 grit, and rinsed with distilled water. The specimen/mount interface was covered with a thin film of lacquer, and approximately 1 cm 2 of the specimen was exposed. They were then kept in a desiccator until testing. The testing procedure consisted of: (1) introduction of the solution to a one liter polarization cell; (2) setting the temperature of the solution; (3) deoxygenating the solution with prepurified nitrogen at the rate of 90 ml/min starting 30 minutes before immersion of the specimen; (4) cleaning the specimen with distilled water just prior to transferring to the cel]; and (5) anodic polarization 50 minutes after the immersion at a scanning rate of 20 mV/min, using a PAR Model 173 potentiostat and ELSCINT Model ABA-26 Automatic Baseline Advance.",other,7
epit_environment_0240,244,245,fe_alloy,30,1.5,7,"Polarization test, strips of 1.25 cm x 1.25 cm of the experimental alloys, as well as the commercial alloys, were subjected to anodic polarization in dearated 1 N NaCI solution at 30 C. A Type 308 rod was welded to one side of each specimen and covered with rubber tubing, except the tip for electrical connection to a potentiostat. The specimens were then mounted in epoxy, ground to 600 grit, and rinsed with distilled water. The specimen/mount interface was covered with a thin film of lacquer, and approximately 1 cm 2 of the specimen was exposed. They were then kept in a desiccator until testing. The testing procedure consisted of: (1) introduction of the solution to a one liter polarization cell; (2) setting the temperature of the solution; (3) deoxygenating the solution with prepurified nitrogen at the rate of 90 ml/min starting 30 minutes before immersion of the specimen; (4) cleaning the specimen with distilled water just prior to transferring to the cel]; and (5) anodic polarization 50 minutes after the immersion at a scanning rate of 20 mV/min, using a PAR Model 173 potentiostat and ELSCINT Model ABA-26 Automatic Baseline Advance.",other,7
epit_environment_0241,245,246,fe_alloy,50,1.5,0.68999999999999995,"Polarization test, strips of 1.25 cm x 1.25 cm of the experimental alloys, as well as the commercial alloys, were subjected to anodic polarization in dearated 1 N NaCI solution at 30 C. A Type 308 rod was welded to one side of each specimen and covered with rubber tubing, except the tip for electrical connection to a potentiostat. The specimens were then mounted in epoxy, ground to 600 grit, and rinsed with distilled water. The specimen/mount interface was covered with a thin film of lacquer, and approximately 1 cm 2 of the specimen was exposed. They were then kept in a desiccator until testing. The testing procedure consisted of: (1) introduction of the solution to a one liter polarization cell; (2) setting the temperature of the solution; (3) deoxygenating the solution with prepurified nitrogen at the rate of 90 ml/min starting 30 minutes before immersion of the specimen; (4) cleaning the specimen with distilled water just prior to transferring to the cel]; and (5) anodic polarization 50 minutes after the immersion at a scanning rate of 20 mV/min, using a PAR Model 173 potentiostat and ELSCINT Model ABA-26 Automatic Baseline Advance.",other,7
epit_environment_0242,246,247,fe_alloy,50,1.5,0.68999999999999995,"Polarization test, strips of 1.25 cm x 1.25 cm of the experimental alloys, as well as the commercial alloys, were subjected to anodic polarization in dearated 1 N NaCI solution at 30 C. A Type 308 rod was welded to one side of each specimen and covered with rubber tubing, except the tip for electrical connection to a potentiostat. The specimens were then mounted in epoxy, ground to 600 grit, and rinsed with distilled water. The specimen/mount interface was covered with a thin film of lacquer, and approximately 1 cm 2 of the specimen was exposed. They were then kept in a desiccator until testing. The testing procedure consisted of: (1) introduction of the solution to a one liter polarization cell; (2) setting the temperature of the solution; (3) deoxygenating the solution with prepurified nitrogen at the rate of 90 ml/min starting 30 minutes before immersion of the specimen; (4) cleaning the specimen with distilled water just prior to transferring to the cel]; and (5) anodic polarization 50 minutes after the immersion at a scanning rate of 20 mV/min, using a PAR Model 173 potentiostat and ELSCINT Model ABA-26 Automatic Baseline Advance.",other,7
epit_environment_0243,247,248,fe_alloy,50,1.5,0.68999999999999995,"Polarization test, strips of 1.25 cm x 1.25 cm of the experimental alloys, as well as the commercial alloys, were subjected to anodic polarization in dearated 1 N NaCI solution at 30 C. A Type 308 rod was welded to one side of each specimen and covered with rubber tubing, except the tip for electrical connection to a potentiostat. The specimens were then mounted in epoxy, ground to 600 grit, and rinsed with distilled water. The specimen/mount interface was covered with a thin film of lacquer, and approximately 1 cm 2 of the specimen was exposed. They were then kept in a desiccator until testing. The testing procedure consisted of: (1) introduction of the solution to a one liter polarization cell; (2) setting the temperature of the solution; (3) deoxygenating the solution with prepurified nitrogen at the rate of 90 ml/min starting 30 minutes before immersion of the specimen; (4) cleaning the specimen with distilled water just prior to transferring to the cel]; and (5) anodic polarization 50 minutes after the immersion at a scanning rate of 20 mV/min, using a PAR Model 173 potentiostat and ELSCINT Model ABA-26 Automatic Baseline Advance.",other,7
epit_environment_0244,248,249,fe_alloy,50,1.5,0.68999999999999995,"Polarization test, strips of 1.25 cm x 1.25 cm of the experimental alloys, as well as the commercial alloys, were subjected to anodic polarization in dearated 1 N NaCI solution at 30 C. A Type 308 rod was welded to one side of each specimen and covered with rubber tubing, except the tip for electrical connection to a potentiostat. The specimens were then mounted in epoxy, ground to 600 grit, and rinsed with distilled water. The specimen/mount interface was covered with a thin film of lacquer, and approximately 1 cm 2 of the specimen was exposed. They were then kept in a desiccator until testing. The testing procedure consisted of: (1) introduction of the solution to a one liter polarization cell; (2) setting the temperature of the solution; (3) deoxygenating the solution with prepurified nitrogen at the rate of 90 ml/min starting 30 minutes before immersion of the specimen; (4) cleaning the specimen with distilled water just prior to transferring to the cel]; and (5) anodic polarization 50 minutes after the immersion at a scanning rate of 20 mV/min, using a PAR Model 173 potentiostat and ELSCINT Model ABA-26 Automatic Baseline Advance.",other,7
epit_environment_0245,249,250,fe_alloy,50,1.5,0.68999999999999995,"Polarization test, strips of 1.25 cm x 1.25 cm of the experimental alloys, as well as the commercial alloys, were subjected to anodic polarization in dearated 1 N NaCI solution at 30 C. A Type 308 rod was welded to one side of each specimen and covered with rubber tubing, except the tip for electrical connection to a potentiostat. The specimens were then mounted in epoxy, ground to 600 grit, and rinsed with distilled water. The specimen/mount interface was covered with a thin film of lacquer, and approximately 1 cm 2 of the specimen was exposed. They were then kept in a desiccator until testing. The testing procedure consisted of: (1) introduction of the solution to a one liter polarization cell; (2) setting the temperature of the solution; (3) deoxygenating the solution with prepurified nitrogen at the rate of 90 ml/min starting 30 minutes before immersion of the specimen; (4) cleaning the specimen with distilled water just prior to transferring to the cel]; and (5) anodic polarization 50 minutes after the immersion at a scanning rate of 20 mV/min, using a PAR Model 173 potentiostat and ELSCINT Model ABA-26 Automatic Baseline Advance.",other,7
epit_environment_0246,250,251,fe_alloy,50,1.5,0.68999999999999995,"Polarization test, strips of 1.25 cm x 1.25 cm of the experimental alloys, as well as the commercial alloys, were subjected to anodic polarization in dearated 1 N NaCI solution at 30 C. A Type 308 rod was welded to one side of each specimen and covered with rubber tubing, except the tip for electrical connection to a potentiostat. The specimens were then mounted in epoxy, ground to 600 grit, and rinsed with distilled water. The specimen/mount interface was covered with a thin film of lacquer, and approximately 1 cm 2 of the specimen was exposed. They were then kept in a desiccator until testing. The testing procedure consisted of: (1) introduction of the solution to a one liter polarization cell; (2) setting the temperature of the solution; (3) deoxygenating the solution with prepurified nitrogen at the rate of 90 ml/min starting 30 minutes before immersion of the specimen; (4) cleaning the specimen with distilled water just prior to transferring to the cel]; and (5) anodic polarization 50 minutes after the immersion at a scanning rate of 20 mV/min, using a PAR Model 173 potentiostat and ELSCINT Model ABA-26 Automatic Baseline Advance.",other,7
epit_environment_0247,251,252,fe_alloy,50,1.5,0.68999999999999995,"Polarization test, strips of 1.25 cm x 1.25 cm of the experimental alloys, as well as the commercial alloys, were subjected to anodic polarization in dearated 1 N NaCI solution at 30 C. A Type 308 rod was welded to one side of each specimen and covered with rubber tubing, except the tip for electrical connection to a potentiostat. The specimens were then mounted in epoxy, ground to 600 grit, and rinsed with distilled water. The specimen/mount interface was covered with a thin film of lacquer, and approximately 1 cm 2 of the specimen was exposed. They were then kept in a desiccator until testing. The testing procedure consisted of: (1) introduction of the solution to a one liter polarization cell; (2) setting the temperature of the solution; (3) deoxygenating the solution with prepurified nitrogen at the rate of 90 ml/min starting 30 minutes before immersion of the specimen; (4) cleaning the specimen with distilled water just prior to transferring to the cel]; and (5) anodic polarization 50 minutes after the immersion at a scanning rate of 20 mV/min, using a PAR Model 173 potentiostat and ELSCINT Model ABA-26 Automatic Baseline Advance.",other,7
epit_environment_0248,252,253,fe_alloy,,0.59999999999999998,8.3000000000000007,"Potentiodynamic Polarization, the specimen surface was ground to a 120 grit finish and 5 cm2 was exposed to the corrodent. The potential was controlled, relative to a standard saturated calomel electrode, by a potentiostat. Following. pretreatment for 5 min at -1.5 V, the -potential was increased-rapidly to -0.5V and thereafter at a steady rate of 1V in 50 min. In this work the critical pitting potential was taken as that at which there was an anodic current flow of 10^-5 A/cm2.",potentiodynamic,23
epit_environment_0249,253,254,fe_alloy,,0.59999999999999998,8.3000000000000007,"Potentiodynamic Polarization, the specimen surface was ground to a 120 grit finish and 5 cm2 was exposed to the corrodent. The potential was controlled, relative to a standard saturated calomel electrode, by a potentiostat. Following. pretreatment for 5 min at -1.5 V, the -potential was increased-rapidly to -0.5V and thereafter at a steady rate of 1V in 50 min. In this work the critical pitting potential was taken as that at which there was an anodic current flow of 10^-5 A/cm2.",potentiodynamic,23
epit_environment_0250,254,255,fe_alloy,,0.59999999999999998,8.3000000000000007,"Potentiodynamic Polarization, the specimen surface was ground to a 120 grit finish and 5 cm2 was exposed to the corrodent. The potential was controlled, relative to a standard saturated calomel electrode, by a potentiostat. Following. pretreatment for 5 min at -1.5 V, the -potential was increased-rapidly to -0.5V and thereafter at a steady rate of 1V in 50 min. In this work the critical pitting potential was taken as that at which there was an anodic current flow of 10^-5 A/cm2.",potentiodynamic,23
epit_environment_0251,255,256,fe_alloy,,0.59999999999999998,8.3000000000000007,"Potentiodynamic Polarization, the specimen surface was ground to a 120 grit finish and 5 cm2 was exposed to the corrodent. The potential was controlled, relative to a standard saturated calomel electrode, by a potentiostat. Following. pretreatment for 5 min at -1.5 V, the -potential was increased-rapidly to -0.5V and thereafter at a steady rate of 1V in 50 min. In this work the critical pitting potential was taken as that at which there was an anodic current flow of 10^-5 A/cm2.",potentiodynamic,23
epit_environment_0252,256,257,fe_alloy,,0.59999999999999998,8.3000000000000007,"Potentiodynamic Polarization, the specimen surface was ground to a 120 grit finish and 5 cm2 was exposed to the corrodent. The potential was controlled, relative to a standard saturated calomel electrode, by a potentiostat. Following. pretreatment for 5 min at -1.5 V, the -potential was increased-rapidly to -0.5V and thereafter at a steady rate of 1V in 50 min. In this work the critical pitting potential was taken as that at which there was an anodic current flow of 10^-5 A/cm2.",potentiodynamic,23
epit_environment_0253,257,258,fe_alloy,,0.59999999999999998,8.3000000000000007,"Potentiodynamic Polarization, the specimen surface was ground to a 120 grit finish and 5 cm2 was exposed to the corrodent. The potential was controlled, relative to a standard saturated calomel electrode, by a potentiostat. Following. pretreatment for 5 min at -1.5 V, the -potential was increased-rapidly to -0.5V and thereafter at a steady rate of 1V in 50 min. In this work the critical pitting potential was taken as that at which there was an anodic current flow of 10^-5 A/cm2.",potentiodynamic,23
epit_environment_0254,258,259,fe_alloy,,0.59999999999999998,8.3000000000000007,"Potentiodynamic Polarization, the specimen surface was ground to a 120 grit finish and 5 cm2 was exposed to the corrodent. The potential was controlled, relative to a standard saturated calomel electrode, by a potentiostat. Following. pretreatment for 5 min at -1.5 V, the -potential was increased-rapidly to -0.5V and thereafter at a steady rate of 1V in 50 min. In this work the critical pitting potential was taken as that at which there was an anodic current flow of 10^-5 A/cm2.",potentiodynamic,23
epit_environment_0255,259,260,fe_alloy,,0.59999999999999998,8.3000000000000007,"Potentiodynamic Polarization, the specimen surface was ground to a 120 grit finish and 5 cm2 was exposed to the corrodent. The potential was controlled, relative to a standard saturated calomel electrode, by a potentiostat. Following. pretreatment for 5 min at -1.5 V, the -potential was increased-rapidly to -0.5V and thereafter at a steady rate of 1V in 50 min. In this work the critical pitting potential was taken as that at which there was an anodic current flow of 10^-5 A/cm2.",potentiodynamic,23
epit_environment_0256,260,261,fe_alloy,,0.59999999999999998,8.3000000000000007,"Potentiodynamic Polarization, the specimen surface was ground to a 120 grit finish and 5 cm2 was exposed to the corrodent. The potential was controlled, relative to a standard saturated calomel electrode, by a potentiostat. Following. pretreatment for 5 min at -1.5 V, the -potential was increased-rapidly to -0.5V and thereafter at a steady rate of 1V in 50 min. In this work the critical pitting potential was taken as that at which there was an anodic current flow of 10^-5 A/cm2.",potentiodynamic,23
epit_environment_0257,261,262,fe_alloy,,0.59999999999999998,8.3000000000000007,"Potentiodynamic Polarization, the specimen surface was ground to a 120 grit finish and 5 cm2 was exposed to the corrodent. The potential was controlled, relative to a standard saturated calomel electrode, by a potentiostat. Following. pretreatment for 5 min at -1.5 V, the -potential was increased-rapidly to -0.5V and thereafter at a steady rate of 1V in 50 min. In this work the critical pitting potential was taken as that at which there was an anodic current flow of 10^-5 A/cm2.",potentiodynamic,23
epit_environment_0258,262,263,fe_alloy,,0.59999999999999998,8.3000000000000007,"Potentiodynamic Polarization, the specimen surface was ground to a 120 grit finish and 5 cm2 was exposed to the corrodent. The potential was controlled, relative to a standard saturated calomel electrode, by a potentiostat. Following. pretreatment for 5 min at -1.5 V, the -potential was increased-rapidly to -0.5V and thereafter at a steady rate of 1V in 50 min. In this work the critical pitting potential was taken as that at which there was an anodic current flow of 10^-5 A/cm2.",potentiodynamic,23
epit_environment_0259,263,264,fe_alloy,,0.59999999999999998,8.3000000000000007,"Potentiodynamic Polarization, the specimen surface was ground to a 120 grit finish and 5 cm2 was exposed to the corrodent. The potential was controlled, relative to a standard saturated calomel electrode, by a potentiostat. Following. pretreatment for 5 min at -1.5 V, the -potential was increased-rapidly to -0.5V and thereafter at a steady rate of 1V in 50 min. In this work the critical pitting potential was taken as that at which there was an anodic current flow of 10^-5 A/cm2.",potentiodynamic,23
epit_environment_0260,264,265,fe_alloy,,0.59999999999999998,8.3000000000000007,"Potentiodynamic Polarization, the specimen surface was ground to a 120 grit finish and 5 cm2 was exposed to the corrodent. The potential was controlled, relative to a standard saturated calomel electrode, by a potentiostat. Following. pretreatment for 5 min at -1.5 V, the -potential was increased-rapidly to -0.5V and thereafter at a steady rate of 1V in 50 min. In this work the critical pitting potential was taken as that at which there was an anodic current flow of 10^-5 A/cm2.",potentiodynamic,23
epit_environment_0261,265,266,fe_alloy,,0.59999999999999998,8.3000000000000007,"Potentiodynamic Polarization, the specimen surface was ground to a 120 grit finish and 5 cm2 was exposed to the corrodent. The potential was controlled, relative to a standard saturated calomel electrode, by a potentiostat. Following. pretreatment for 5 min at -1.5 V, the -potential was increased-rapidly to -0.5V and thereafter at a steady rate of 1V in 50 min. In this work the critical pitting potential was taken as that at which there was an anodic current flow of 10^-5 A/cm2.",potentiodynamic,23
epit_environment_0262,266,267,fe_alloy,,0.59999999999999998,8.3000000000000007,"Potentiodynamic Polarization, the specimen surface was ground to a 120 grit finish and 5 cm2 was exposed to the corrodent. The potential was controlled, relative to a standard saturated calomel electrode, by a potentiostat. Following. pretreatment for 5 min at -1.5 V, the -potential was increased-rapidly to -0.5V and thereafter at a steady rate of 1V in 50 min. In this work the critical pitting potential was taken as that at which there was an anodic current flow of 10^-5 A/cm2.",potentiodynamic,23
epit_environment_0263,267,268,fe_alloy,,0.59999999999999998,8.3000000000000007,"Potentiodynamic Polarization, the specimen surface was ground to a 120 grit finish and 5 cm2 was exposed to the corrodent. The potential was controlled, relative to a standard saturated calomel electrode, by a potentiostat. Following. pretreatment for 5 min at -1.5 V, the -potential was increased-rapidly to -0.5V and thereafter at a steady rate of 1V in 50 min. In this work the critical pitting potential was taken as that at which there was an anodic current flow of 10^-5 A/cm2.",potentiodynamic,23
epit_environment_0264,268,269,fe_alloy,,0.59999999999999998,8.3000000000000007,"Potentiodynamic Polarization, the specimen surface was ground to a 120 grit finish and 5 cm2 was exposed to the corrodent. The potential was controlled, relative to a standard saturated calomel electrode, by a potentiostat. Following. pretreatment for 5 min at -1.5 V, the -potential was increased-rapidly to -0.5V and thereafter at a steady rate of 1V in 50 min. In this work the critical pitting potential was taken as that at which there was an anodic current flow of 10^-5 A/cm2.",potentiodynamic,23
epit_environment_0265,269,270,fe_alloy,,0.59999999999999998,8.3000000000000007,"Potentiodynamic Polarization, the specimen surface was ground to a 120 grit finish and 5 cm2 was exposed to the corrodent. The potential was controlled, relative to a standard saturated calomel electrode, by a potentiostat. Following. pretreatment for 5 min at -1.5 V, the -potential was increased-rapidly to -0.5V and thereafter at a steady rate of 1V in 50 min. In this work the critical pitting potential was taken as that at which there was an anodic current flow of 10^-5 A/cm2.",potentiodynamic,23
epit_environment_0266,270,271,fe_alloy,,0.59999999999999998,8.3000000000000007,"Potentiodynamic Polarization, the specimen surface was ground to a 120 grit finish and 5 cm2 was exposed to the corrodent. The potential was controlled, relative to a standard saturated calomel electrode, by a potentiostat. Following. pretreatment for 5 min at -1.5 V, the -potential was increased-rapidly to -0.5V and thereafter at a steady rate of 1V in 50 min. In this work the critical pitting potential was taken as that at which there was an anodic current flow of 10^-5 A/cm2.",potentiodynamic,23
epit_environment_0267,271,272,fe_alloy,25,0.10000000000000001,1,"Potentiodynamic Polarization, the specimens were cut from rods and mounted in epoxy resin so that the exposed surface area was about 0.8 cm^2. This surface was coarse-ground with silicon-carbide papers and then fine-ground with alumina paste.",potentiodynamic,24
epit_environment_0268,272,273,fe_alloy,25,0.10000000000000001,1,"Potentiodynamic Polarization, the specimens were cut from rods and mounted in epoxy resin so that the exposed surface area was about 0.8 cm^2. This surface was coarse-ground with silicon-carbide papers and then fine-ground with alumina paste.",potentiodynamic,24
epit_environment_0269,273,274,fe_alloy,25,0.10000000000000001,1,"Potentiodynamic Polarization, the specimens were cut from rods and mounted in epoxy resin so that the exposed surface area was about 0.8 cm^2. This surface was coarse-ground with silicon-carbide papers and then fine-ground with alumina paste.",potentiodynamic,24
epit_environment_0270,274,275,fe_alloy,25,0.10000000000000001,1,"Potentiodynamic Polarization, the specimens were cut from rods and mounted in epoxy resin so that the exposed surface area was about 0.8 cm^2. This surface was coarse-ground with silicon-carbide papers and then fine-ground with alumina paste.",potentiodynamic,24
epit_environment_0271,275,276,fe_alloy,25,0.10000000000000001,1,"Potentiodynamic Polarization, the specimens were cut from rods and mounted in epoxy resin so that the exposed surface area was about 0.8 cm^2. This surface was coarse-ground with silicon-carbide papers and then fine-ground with alumina paste.",potentiodynamic,24
epit_environment_0272,276,277,fe_alloy,25,0.050000000000000003,1,"Potentiodynamic Polarization, the specimens were cut from rods and mounted in epoxy resin so that the exposed surface area was about 0.8 cm^2. This surface was coarse-ground with silicon-carbide papers and then fine-ground with alumina paste.",potentiodynamic,24
epit_environment_0273,277,278,fe_alloy,25,0.050000000000000003,1,"Potentiodynamic Polarization, the specimens were cut from rods and mounted in epoxy resin so that the exposed surface area was about 0.8 cm^2. This surface was coarse-ground with silicon-carbide papers and then fine-ground with alumina paste.",potentiodynamic,24
epit_environment_0274,278,279,fe_alloy,25,0.050000000000000003,1,"Potentiodynamic Polarization, the specimens were cut from rods and mounted in epoxy resin so that the exposed surface area was about 0.8 cm^2. This surface was coarse-ground with silicon-carbide papers and then fine-ground with alumina paste.",potentiodynamic,24
epit_environment_0275,279,280,fe_alloy,25,0.050000000000000003,1,"Potentiodynamic Polarization, the specimens were cut from rods and mounted in epoxy resin so that the exposed surface area was about 0.8 cm^2. This surface was coarse-ground with silicon-carbide papers and then fine-ground with alumina paste.",potentiodynamic,24
epit_environment_0276,280,281,fe_alloy,25,0.050000000000000003,1,"Potentiodynamic Polarization, the specimens were cut from rods and mounted in epoxy resin so that the exposed surface area was about 0.8 cm^2. This surface was coarse-ground with silicon-carbide papers and then fine-ground with alumina paste.",potentiodynamic,24
epit_environment_0277,281,282,fe_alloy,25,0.10000000000000001,1,"Potentiodynamic Polarization, the specimens were cut from rods and mounted in epoxy resin so that the exposed surface area was about 0.8 cm^2. This surface was coarse-ground with silicon-carbide papers and then fine-ground with alumina paste.",potentiodynamic,24
epit_environment_0278,282,283,fe_alloy,25,0.10000000000000001,1,"Potentiodynamic Polarization, the specimens were cut from rods and mounted in epoxy resin so that the exposed surface area was about 0.8 cm^2. This surface was coarse-ground with silicon-carbide papers and then fine-ground with alumina paste.",potentiodynamic,24
epit_environment_0279,283,284,fe_alloy,25,0.10000000000000001,1,"Potentiodynamic Polarization, the specimens were cut from rods and mounted in epoxy resin so that the exposed surface area was about 0.8 cm^2. This surface was coarse-ground with silicon-carbide papers and then fine-ground with alumina paste.",potentiodynamic,24
epit_environment_0280,284,285,fe_alloy,25,0.10000000000000001,1,"Potentiodynamic Polarization, the specimens were cut from rods and mounted in epoxy resin so that the exposed surface area was about 0.8 cm^2. This surface was coarse-ground with silicon-carbide papers and then fine-ground with alumina paste.",potentiodynamic,24
epit_environment_0281,285,286,fe_alloy,25,0.10000000000000001,1,"Potentiodynamic Polarization, the specimens were cut from rods and mounted in epoxy resin so that the exposed surface area was about 0.8 cm^2. This surface was coarse-ground with silicon-carbide papers and then fine-ground with alumina paste.",potentiodynamic,24
epit_environment_0282,286,287,fe_alloy,25,0.10000000000000001,1,"Potentiodynamic Polarization, the specimens were cut from rods and mounted in epoxy resin so that the exposed surface area was about 0.8 cm^2. This surface was coarse-ground with silicon-carbide papers and then fine-ground with alumina paste.",potentiodynamic,24
epit_environment_0283,287,288,fe_alloy,25,0.050000000000000003,1,"Potentiodynamic Polarization, the specimens were cut from rods and mounted in epoxy resin so that the exposed surface area was about 0.8 cm^2. This surface was coarse-ground with silicon-carbide papers and then fine-ground with alumina paste.",potentiodynamic,24
epit_environment_0284,288,289,fe_alloy,25,0.050000000000000003,1,"Potentiodynamic Polarization, the specimens were cut from rods and mounted in epoxy resin so that the exposed surface area was about 0.8 cm^2. This surface was coarse-ground with silicon-carbide papers and then fine-ground with alumina paste.",potentiodynamic,24
epit_environment_0285,289,290,fe_alloy,25,0.050000000000000003,1,"Potentiodynamic Polarization, the specimens were cut from rods and mounted in epoxy resin so that the exposed surface area was about 0.8 cm^2. This surface was coarse-ground with silicon-carbide papers and then fine-ground with alumina paste.",potentiodynamic,24
epit_environment_0286,290,291,fe_alloy,25,0.050000000000000003,1,"Potentiodynamic Polarization, the specimens were cut from rods and mounted in epoxy resin so that the exposed surface area was about 0.8 cm^2. This surface was coarse-ground with silicon-carbide papers and then fine-ground with alumina paste.",potentiodynamic,24
epit_environment_0287,291,292,fe_alloy,25,0.050000000000000003,1,"Potentiodynamic Polarization, the specimens were cut from rods and mounted in epoxy resin so that the exposed surface area was about 0.8 cm^2. This surface was coarse-ground with silicon-carbide papers and then fine-ground with alumina paste.",potentiodynamic,24
epit_environment_0288,292,293,fe_alloy,25,0.050000000000000003,1,"Potentiodynamic Polarization, the specimens were cut from rods and mounted in epoxy resin so that the exposed surface area was about 0.8 cm^2. This surface was coarse-ground with silicon-carbide papers and then fine-ground with alumina paste.",potentiodynamic,24
epit_environment_0289,293,294,fe_alloy,,0,0,"Potentiodynamic Polarization, the electrochemical experiments were carried out in an inert gas glove box by using a 0.5 M H2SO4 solution which was de-aerated by purging with N2. Sample disks of 10 mm diameter were mounted in the electrochemical glass cell equipped with a platinum counter electrode and a mercurous sulfate reference electrode.",potentiodynamic,22
epit_environment_0290,294,295,fe_alloy,,0,0,"Potentiodynamic Polarization, the electrochemical experiments were carried out in an inert gas glove box by using a 0.5 M H2SO4 solution which was de-aerated by purging with N2. Sample disks of 10 mm diameter were mounted in the electrochemical glass cell equipped with a platinum counter electrode and a mercurous sulfate reference electrode.",potentiodynamic,22
epit_environment_0291,295,296,fe_alloy,25,1,7,"Potentiodynamic Polarization, Cu-wire was spot-welded to one side of each specimen, mounted in epoxy resin, and ground to 2000 grade silicon carbide. To avoid crevice corrosion, the specimenmount interface was carefully coated with a thin ®lm of silicone sealant. Approximately 1 cm2 of the surface was exposed to the test solution.",potentiodynamic,20
epit_environment_0292,296,297,fe_alloy,25,1,7,"Potentiodynamic Polarization. Potentiodynamic polarization tests were performed using a three-electrode cell system consisting of a saturated calomel electrode (SCE) as a reference, a platinum electrode as a counter, and a specimen as the working electrode. The sample was kept immersed in the test solution for 2 h at open-circuit potential. After obtaining the stable corrosion potential (Ecorr), the potential was raised in the anodic direction, from ±100 mV below Ecorr, at a scan rate of 0.2 mV/s.",potentiodynamic,32
epit_environment_0293,297,298,fe_alloy,25,1,7,"Potentiodynamic Polarization. Potentiodynamic polarization tests were performed using a three-electrode cell system consisting of a saturated calomel electrode (SCE) as a reference, a platinum electrode as a counter, and a specimen as the working electrode. The sample was kept immersed in the test solution for 2 h at open-circuit potential. After obtaining the stable corrosion potential (Ecorr), the potential was raised in the anodic direction, from ±100 mV below Ecorr, at a scan rate of 0.2 mV/s.",potentiodynamic,32
epit_environment_0294,298,299,fe_alloy,25,1,7,"Potentiodynamic Polarization. Potentiodynamic polarization tests were performed using a three-electrode cell system consisting of a saturated calomel electrode (SCE) as a reference, a platinum electrode as a counter, and a specimen as the working electrode. The sample was kept immersed in the test solution for 2 h at open-circuit potential. After obtaining the stable corrosion potential (Ecorr), the potential was raised in the anodic direction, from ±100 mV below Ecorr, at a scan rate of 0.2 mV/s.",potentiodynamic,32
epit_environment_0295,299,300,fe_alloy,25,1,7,"Potentiodynamic Polarization. Potentiodynamic polarization tests were performed using a three-electrode cell system consisting of a saturated calomel electrode (SCE) as a reference, a platinum electrode as a counter, and a specimen as the working electrode. The sample was kept immersed in the test solution for 2 h at open-circuit potential. After obtaining the stable corrosion potential (Ecorr), the potential was raised in the anodic direction, from ±100 mV below Ecorr, at a scan rate of 0.2 mV/s.",potentiodynamic,32
epit_environment_0296,300,301,fe_alloy,25,0.5,0.29999999999999999,"Potentiodynamic Polarization. Potentiodynamic polarization tests were performed using a three-electrode cell system consisting of a saturated calomel electrode (SCE) as a reference, a platinum electrode as a counter, and a specimen as the working electrode. The sample was kept immersed in the test solution for 2 h at open-circuit potential. After obtaining the stable corrosion potential (Ecorr), the potential was raised in the anodic direction, from ±100 mV below Ecorr, at a scan rate of 0.2 mV/s.",potentiodynamic,32
epit_environment_0297,301,302,fe_alloy,25,0.5,0.29999999999999999,"Potentiodynamic Polarization. Potentiodynamic polarization tests were performed using a three-electrode cell system consisting of a saturated calomel electrode (SCE) as a reference, a platinum electrode as a counter, and a specimen as the working electrode. The sample was kept immersed in the test solution for 2 h at open-circuit potential. After obtaining the stable corrosion potential (Ecorr), the potential was raised in the anodic direction, from ±100 mV below Ecorr, at a scan rate of 0.2 mV/s.",potentiodynamic,32
epit_environment_0298,302,303,fe_alloy,25,0.5,0.29999999999999999,"Potentiodynamic Polarization. Potentiodynamic polarization tests were performed using a three-electrode cell system consisting of a saturated calomel electrode (SCE) as a reference, a platinum electrode as a counter, and a specimen as the working electrode. The sample was kept immersed in the test solution for 2 h at open-circuit potential. After obtaining the stable corrosion potential (Ecorr), the potential was raised in the anodic direction, from ±100 mV below Ecorr, at a scan rate of 0.2 mV/s.",potentiodynamic,32
epit_environment_0299,303,304,fe_alloy,25,0.5,0.29999999999999999,"Potentiodynamic Polarization. Potentiodynamic polarization tests were performed using a three-electrode cell system consisting of a saturated calomel electrode (SCE) as a reference, a platinum electrode as a counter, and a specimen as the working electrode. The sample was kept immersed in the test solution for 2 h at open-circuit potential. After obtaining the stable corrosion potential (Ecorr), the potential was raised in the anodic direction, from ±100 mV below Ecorr, at a scan rate of 0.2 mV/s.",potentiodynamic,32
epit_environment_0300,304,305,fe_alloy,22,0.5,1,"Potentiodynamic Polarization. Polarization was performed in an electrochemical cell attached to the ESCA instrument. The arrangement allows the samples to be transferred to the analyser without air exposure. The electrolyte was de-aerated by Ar bubbling for 2 h before exposure. The samples were activated at - 700 mV for 10 min. The sweep rate at the potentiodynamic tests was 1 mVs_‘. The samples prepared for the ESCA analyses were polarized by stepping the potential from the activation potential to the potentials - 75, 500 and 800 mV (SCE). The potentials were maintained for 10 min and 2 h.",potentiodynamic,31
epit_environment_0301,305,306,fe_alloy,22,0.5,1,"Potentiodynamic Polarization. Polarization was performed in an electrochemical cell attached to the ESCA instrument. The arrangement allows the samples to be transferred to the analyser without air exposure. The electrolyte was de-aerated by Ar bubbling for 2 h before exposure. The samples were activated at - 700 mV for 10 min. The sweep rate at the potentiodynamic tests was 1 mVs_‘. The samples prepared for the ESCA analyses were polarized by stepping the potential from the activation potential to the potentials - 75, 500 and 800 mV (SCE). The potentials were maintained for 10 min and 2 h.",potentiodynamic,31
epit_environment_0302,306,307,fe_alloy,30,0.53000000000000003,,ASTM G1,other,1
epit_environment_0303,307,308,fe_alloy,30,0.53000000000000003,,ASTM G1,other,1
epit_environment_0304,308,309,fe_alloy,30,9.9999999999999995e-07,0,ASTM G1,other,1
epit_environment_0305,309,310,fe_alloy,30,9.9999999999999995e-07,0,ASTM G1,other,1
epit_environment_0306,310,311,fe_alloy,30,9.9999999999999995e-07,0,ASTM G1,other,1
epit_environment_0307,311,312,fe_alloy,30,9.9999999999999995e-07,0,ASTMG1,other,3
epit_environment_0308,312,313,fe_alloy,30,9.9999999999999995e-07,0,ASTMG1,other,3
epit_environment_0309,313,314,fe_alloy,30,9.9999999999999995e-07,0,ASTMG1,other,3
epit_environment_0310,314,315,fe_alloy,30,9.9999999999999995e-07,0,ASTMG1,other,3
epit_environment_0311,315,316,fe_alloy,30,9.9999999999999995e-07,0,ASTMG1,other,3
epit_environment_0312,316,317,fe_alloy,30,0.53000000000000003,,ASTMG1,other,3
epit_environment_0313,317,318,fe_alloy,30,0.53000000000000003,,ASTMG1,other,3
epit_environment_0314,318,319,fe_alloy,30,0.53000000000000003,,ASTMG1,other,3
epit_environment_0315,319,320,fe_alloy,30,9.9999999999999995e-07,-1,ASTMG1,other,3
epit_environment_0316,320,321,fe_alloy,30,0.53000000000000003,,ASTMG1,other,3
epit_environment_0317,321,322,fe_alloy,30,0.53000000000000003,,ASTMG1,other,3
epit_environment_0318,322,323,fe_alloy,30,0.53000000000000003,,ASTMG!,other,2
epit_environment_0319,323,324,fe_alloy,30,0.53000000000000003,,NA,other,0
epit_environment_0320,324,325,fe_alloy,40,0.53000000000000003,,NA,other,0
epit_environment_0321,325,326,fe_alloy,40,0.53000000000000003,,NA,other,0
epit_environment_0322,326,327,fe_alloy,50,0.53000000000000003,,NA,other,0
epit_environment_0323,327,328,fe_alloy,60,0.53000000000000003,,NA,other,0
epit_environment_0324,328,329,fe_alloy,20,0.53000000000000003,,NA,other,0
epit_environment_0325,329,330,fe_alloy,30,0.53000000000000003,,NA,other,0
epit_environment_0326,330,331,fe_alloy,40,0.53000000000000003,,NA,other,0
epit_environment_0327,332,333,fe_alloy,25,0.10000000000000001,7,"Potentiostatic Polarization. The experimental procedure was to first polarize the electrode potentiostatically at the least noble potential within the passive region for at least 15 min in order to achieve steady-state passivity. The potential was then advanced in stages of 50 mV, allowing 5 min between each change. Initially the current decreased or remained constant after each potential adjustment, but eventually a steadily increasing current at some potential V'c indicated the onset of pitting (or of transpassivity). Steady-state values Vc were obtained subsequently by holding the potential for long times at a fixed value and then observing pitting or the lack of it under a low power microscope. The lowest potential for which pitting could not be observed after a 10-hr or longer period of constant polarization was considered to be the steady-state value Vc. Reproducibility was in the order of ±5 mv.",potentiostatic,47
epit_environment_0328,333,334,fe_alloy,25,0.10000000000000001,7,"Potentiostatic Polarization. The experimental procedure was to first polarize the electrode potentiostatically at the least noble potential within the passive region for at least 15 min in order to achieve steady-state passivity. The potential was then advanced in stages of 50 mV, allowing 5 min between each change. Initially the current decreased or remained constant after each potential adjustment, but eventually a steadily increasing current at some potential V'c indicated the onset of pitting (or of transpassivity). Steady-state values Vc were obtained subsequently by holding the potential for long times at a fixed value and then observing pitting or the lack of it under a low power microscope. The lowest potential for which pitting could not be observed after a 10-hr or longer period of constant polarization was considered to be the steady-state value Vc. Reproducibility was in the order of ±5 mv.",potentiostatic,47
epit_environment_0329,334,335,fe_alloy,25,0.10000000000000001,7,"Potentiostatic Polarization. The experimental procedure was to first polarize the electrode potentiostatically at the least noble potential within the passive region for at least 15 min in order to achieve steady-state passivity. The potential was then advanced in stages of 50 mV, allowing 5 min between each change. Initially the current decreased or remained constant after each potential adjustment, but eventually a steadily increasing current at some potential V'c indicated the onset of pitting (or of transpassivity). Steady-state values Vc were obtained subsequently by holding the potential for long times at a fixed value and then observing pitting or the lack of it under a low power microscope. The lowest potential for which pitting could not be observed after a 10-hr or longer period of constant polarization was considered to be the steady-state value Vc. Reproducibility was in the order of ±5 mv.",potentiostatic,47
epit_environment_0330,335,336,fe_alloy,25,0.10000000000000001,7,"Potentiostatic Polarization. The experimental procedure was to first polarize the electrode potentiostatically at the least noble potential within the passive region for at least 15 min in order to achieve steady-state passivity. The potential was then advanced in stages of 50 mV, allowing 5 min between each change. Initially the current decreased or remained constant after each potential adjustment, but eventually a steadily increasing current at some potential V'c indicated the onset of pitting (or of transpassivity). Steady-state values Vc were obtained subsequently by holding the potential for long times at a fixed value and then observing pitting or the lack of it under a low power microscope. The lowest potential for which pitting could not be observed after a 10-hr or longer period of constant polarization was considered to be the steady-state value Vc. Reproducibility was in the order of ±5 mv.",potentiostatic,47
epit_environment_0331,336,337,fe_alloy,25,0.10000000000000001,7,"Potentiostatic Polarization. The experimental procedure was to first polarize the electrode potentiostatically at the least noble potential within the passive region for at least 15 min in order to achieve steady-state passivity. The potential was then advanced in stages of 50 mV, allowing 5 min between each change. Initially the current decreased or remained constant after each potential adjustment, but eventually a steadily increasing current at some potential V'c indicated the onset of pitting (or of transpassivity). Steady-state values Vc were obtained subsequently by holding the potential for long times at a fixed value and then observing pitting or the lack of it under a low power microscope. The lowest potential for which pitting could not be observed after a 10-hr or longer period of constant polarization was considered to be the steady-state value Vc. Reproducibility was in the order of ±5 mv.",potentiostatic,47
epit_environment_0332,337,338,fe_alloy,25,0.10000000000000001,7,"Potentiostatic Polarization. The experimental procedure was to first polarize the electrode potentiostatically at the least noble potential within the passive region for at least 15 min in order to achieve steady-state passivity. The potential was then advanced in stages of 50 mV, allowing 5 min between each change. Initially the current decreased or remained constant after each potential adjustment, but eventually a steadily increasing current at some potential V'c indicated the onset of pitting (or of transpassivity). Steady-state values Vc were obtained subsequently by holding the potential for long times at a fixed value and then observing pitting or the lack of it under a low power microscope. The lowest potential for which pitting could not be observed after a 10-hr or longer period of constant polarization was considered to be the steady-state value Vc. Reproducibility was in the order of ±5 mv.",potentiostatic,47
epit_environment_0333,338,339,fe_alloy,0,0.10000000000000001,7,"Potentiostatic Polarization. The experimental procedure was to first polarize the electrode potentiostatically at the least noble potential within the passive region for at least 15 min in order to achieve steady-state passivity. The potential was then advanced in stages of 50 mV, allowing 5 min between each change. Initially the current decreased or remained constant after each potential adjustment, but eventually a steadily increasing current at some potential V'c indicated the onset of pitting (or of transpassivity). Steady-state values Vc were obtained subsequently by holding the potential for long times at a fixed value and then observing pitting or the lack of it under a low power microscope. The lowest potential for which pitting could not be observed after a 10-hr or longer period of constant polarization was considered to be the steady-state value Vc. Reproducibility was in the order of ±5 mv.",potentiostatic,47
epit_environment_0334,339,340,fe_alloy,0,0.10000000000000001,7,"Potentiostatic Polarization. The experimental procedure was to first polarize the electrode potentiostatically at the least noble potential within the passive region for at least 15 min in order to achieve steady-state passivity. The potential was then advanced in stages of 50 mV, allowing 5 min between each change. Initially the current decreased or remained constant after each potential adjustment, but eventually a steadily increasing current at some potential V'c indicated the onset of pitting (or of transpassivity). Steady-state values Vc were obtained subsequently by holding the potential for long times at a fixed value and then observing pitting or the lack of it under a low power microscope. The lowest potential for which pitting could not be observed after a 10-hr or longer period of constant polarization was considered to be the steady-state value Vc. Reproducibility was in the order of ±5 mv.",potentiostatic,47
epit_environment_0335,340,341,fe_alloy,0,0.10000000000000001,7,"Potentiostatic Polarization. The experimental procedure was to first polarize the electrode potentiostatically at the least noble potential within the passive region for at least 15 min in order to achieve steady-state passivity. The potential was then advanced in stages of 50 mV, allowing 5 min between each change. Initially the current decreased or remained constant after each potential adjustment, but eventually a steadily increasing current at some potential V'c indicated the onset of pitting (or of transpassivity). Steady-state values Vc were obtained subsequently by holding the potential for long times at a fixed value and then observing pitting or the lack of it under a low power microscope. The lowest potential for which pitting could not be observed after a 10-hr or longer period of constant polarization was considered to be the steady-state value Vc. Reproducibility was in the order of ±5 mv.",potentiostatic,47
epit_environment_0336,341,342,fe_alloy,0,0.10000000000000001,7,"Potentiostatic Polarization. The experimental procedure was to first polarize the electrode potentiostatically at the least noble potential within the passive region for at least 15 min in order to achieve steady-state passivity. The potential was then advanced in stages of 50 mV, allowing 5 min between each change. Initially the current decreased or remained constant after each potential adjustment, but eventually a steadily increasing current at some potential V'c indicated the onset of pitting (or of transpassivity). Steady-state values Vc were obtained subsequently by holding the potential for long times at a fixed value and then observing pitting or the lack of it under a low power microscope. The lowest potential for which pitting could not be observed after a 10-hr or longer period of constant polarization was considered to be the steady-state value Vc. Reproducibility was in the order of ±5 mv.",potentiostatic,47
epit_environment_0337,342,343,fe_alloy,0,0.10000000000000001,7,"Potentiostatic Polarization. The experimental procedure was to first polarize the electrode potentiostatically at the least noble potential within the passive region for at least 15 min in order to achieve steady-state passivity. The potential was then advanced in stages of 50 mV, allowing 5 min between each change. Initially the current decreased or remained constant after each potential adjustment, but eventually a steadily increasing current at some potential V'c indicated the onset of pitting (or of transpassivity). Steady-state values Vc were obtained subsequently by holding the potential for long times at a fixed value and then observing pitting or the lack of it under a low power microscope. The lowest potential for which pitting could not be observed after a 10-hr or longer period of constant polarization was considered to be the steady-state value Vc. Reproducibility was in the order of ±5 mv.",potentiostatic,47
epit_environment_0338,343,344,fe_alloy,0,0,7,"Potentiostatic Polarization. The experimental procedure was to first polarize the electrode potentiostatically at the least noble potential within the passive region for at least 15 min in order to achieve steady-state passivity. The potential was then advanced in stages of 50 mV, allowing 5 min between each change. Initially the current decreased or remained constant after each potential adjustment, but eventually a steadily increasing current at some potential V'c indicated the onset of pitting (or of transpassivity). Steady-state values Vc were obtained subsequently by holding the potential for long times at a fixed value and then observing pitting or the lack of it under a low power microscope. The lowest potential for which pitting could not be observed after a 10-hr or longer period of constant polarization was considered to be the steady-state value Vc. Reproducibility was in the order of ±5 mv.",potentiostatic,47
epit_environment_0339,344,345,fe_alloy,0,0,7,"Potentiostatic Polarization. The experimental procedure was to first polarize the electrode potentiostatically at the least noble potential within the passive region for at least 15 min in order to achieve steady-state passivity. The potential was then advanced in stages of 50 mV, allowing 5 min between each change. Initially the current decreased or remained constant after each potential adjustment, but eventually a steadily increasing current at some potential V'c indicated the onset of pitting (or of transpassivity). Steady-state values Vc were obtained subsequently by holding the potential for long times at a fixed value and then observing pitting or the lack of it under a low power microscope. The lowest potential for which pitting could not be observed after a 10-hr or longer period of constant polarization was considered to be the steady-state value Vc. Reproducibility was in the order of ±5 mv.",potentiostatic,47
epit_environment_0340,345,346,fe_alloy,25,0,7,"Potentiostatic Polarization. The experimental procedure was to first polarize the electrode potentiostatically at the least noble potential within the passive region for at least 15 min in order to achieve steady-state passivity. The potential was then advanced in stages of 50 mV, allowing 5 min between each change. Initially the current decreased or remained constant after each potential adjustment, but eventually a steadily increasing current at some potential V'c indicated the onset of pitting (or of transpassivity). Steady-state values Vc were obtained subsequently by holding the potential for long times at a fixed value and then observing pitting or the lack of it under a low power microscope. The lowest potential for which pitting could not be observed after a 10-hr or longer period of constant polarization was considered to be the steady-state value Vc. Reproducibility was in the order of ±5 mv.",potentiostatic,47
epit_environment_0341,346,347,fe_alloy,25,0,7,"Potentiostatic Polarization. The experimental procedure was to first polarize the electrode potentiostatically at the least noble potential within the passive region for at least 15 min in order to achieve steady-state passivity. The potential was then advanced in stages of 50 mV, allowing 5 min between each change. Initially the current decreased or remained constant after each potential adjustment, but eventually a steadily increasing current at some potential V'c indicated the onset of pitting (or of transpassivity). Steady-state values Vc were obtained subsequently by holding the potential for long times at a fixed value and then observing pitting or the lack of it under a low power microscope. The lowest potential for which pitting could not be observed after a 10-hr or longer period of constant polarization was considered to be the steady-state value Vc. Reproducibility was in the order of ±5 mv.",potentiostatic,47
epit_environment_0342,347,348,fe_alloy,25,0,7,"Potentiostatic Polarization. The experimental procedure was to first polarize the electrode potentiostatically at the least noble potential within the passive region for at least 15 min in order to achieve steady-state passivity. The potential was then advanced in stages of 50 mV, allowing 5 min between each change. Initially the current decreased or remained constant after each potential adjustment, but eventually a steadily increasing current at some potential V'c indicated the onset of pitting (or of transpassivity). Steady-state values Vc were obtained subsequently by holding the potential for long times at a fixed value and then observing pitting or the lack of it under a low power microscope. The lowest potential for which pitting could not be observed after a 10-hr or longer period of constant polarization was considered to be the steady-state value Vc. Reproducibility was in the order of ±5 mv.",potentiostatic,47
epit_environment_0343,348,349,fe_alloy,25,0,7,"Potentiostatic Polarization. The experimental procedure was to first polarize the electrode potentiostatically at the least noble potential within the passive region for at least 15 min in order to achieve steady-state passivity. The potential was then advanced in stages of 50 mV, allowing 5 min between each change. Initially the current decreased or remained constant after each potential adjustment, but eventually a steadily increasing current at some potential V'c indicated the onset of pitting (or of transpassivity). Steady-state values Vc were obtained subsequently by holding the potential for long times at a fixed value and then observing pitting or the lack of it under a low power microscope. The lowest potential for which pitting could not be observed after a 10-hr or longer period of constant polarization was considered to be the steady-state value Vc. Reproducibility was in the order of ±5 mv.",potentiostatic,47
epit_environment_0344,349,350,fe_alloy,29.600000000000001,0.10000000000000001,1,"Potentiodynamic Polarization. The onset of pitting was marked by a sharp and sudden increase in polarization current. The potential scanning was stopped at the pitting potential, and the electrode was allowed to pit for 20 to 30 min. It was then removed from the solution, the tape was stripped, and its surface was examined for pitting and possible crevice corrosion. The potential scanning was usually started at -0.7 to -0.6v, with respect to the saturated calomel electrode (SCE); the scanning was always into the passive potential region. In some experiments, the potential of an actively corroding electrode was changed almost instantaneously to a selected potential in a passive range by switching on a potentiostat, with a potential preset at a desired value.",potentiodynamic,35
epit_environment_0345,350,351,fe_alloy,29.600000000000001,0.10000000000000001,1,"Potentiodynamic Polarization. The onset of pitting was marked by a sharp and sudden increase in polarization current. The potential scanning was stopped at the pitting potential, and the electrode was allowed to pit for 20 to 30 min. It was then removed from the solution, the tape was stripped, and its surface was examined for pitting and possible crevice corrosion. The potential scanning was usually started at -0.7 to -0.6v, with respect to the saturated calomel electrode (SCE); the scanning was always into the passive potential region. In some experiments, the potential of an actively corroding electrode was changed almost instantaneously to a selected potential in a passive range by switching on a potentiostat, with a potential preset at a desired value.",potentiodynamic,35
epit_environment_0346,351,352,fe_alloy,29.600000000000001,0.10000000000000001,1,"Potentiodynamic Polarization. The onset of pitting was marked by a sharp and sudden increase in polarization current. The potential scanning was stopped at the pitting potential, and the electrode was allowed to pit for 20 to 30 min. It was then removed from the solution, the tape was stripped, and its surface was examined for pitting and possible crevice corrosion. The potential scanning was usually started at -0.7 to -0.6v, with respect to the saturated calomel electrode (SCE); the scanning was always into the passive potential region. In some experiments, the potential of an actively corroding electrode was changed almost instantaneously to a selected potential in a passive range by switching on a potentiostat, with a potential preset at a desired value.",potentiodynamic,35
epit_environment_0347,352,353,fe_alloy,29.600000000000001,0.10000000000000001,1,"Potentiodynamic Polarization. The onset of pitting was marked by a sharp and sudden increase in polarization current. The potential scanning was stopped at the pitting potential, and the electrode was allowed to pit for 20 to 30 min. It was then removed from the solution, the tape was stripped, and its surface was examined for pitting and possible crevice corrosion. The potential scanning was usually started at -0.7 to -0.6v, with respect to the saturated calomel electrode (SCE); the scanning was always into the passive potential region. In some experiments, the potential of an actively corroding electrode was changed almost instantaneously to a selected potential in a passive range by switching on a potentiostat, with a potential preset at a desired value.",potentiodynamic,35
epit_environment_0348,353,354,fe_alloy,29.600000000000001,0.10000000000000001,1,"Potentiodynamic Polarization. The onset of pitting was marked by a sharp and sudden increase in polarization current. The potential scanning was stopped at the pitting potential, and the electrode was allowed to pit for 20 to 30 min. It was then removed from the solution, the tape was stripped, and its surface was examined for pitting and possible crevice corrosion. The potential scanning was usually started at -0.7 to -0.6v, with respect to the saturated calomel electrode (SCE); the scanning was always into the passive potential region. In some experiments, the potential of an actively corroding electrode was changed almost instantaneously to a selected potential in a passive range by switching on a potentiostat, with a potential preset at a desired value.",potentiodynamic,35
epit_environment_0349,354,355,fe_alloy,24,0.10000000000000001,1,"Potentiodynamic Polarization. The onset of pitting was marked by a sharp and sudden increase in polarization current. The potential scanning was stopped at the pitting potential, and the electrode was allowed to pit for 20 to 30 min. It was then removed from the solution, the tape was stripped, and its surface was examined for pitting and possible crevice corrosion. The potential scanning was usually started at -0.7 to -0.6v, with respect to the saturated calomel electrode (SCE); the scanning was always into the passive potential region. In some experiments, the potential of an actively corroding electrode was changed almost instantaneously to a selected potential in a passive range by switching on a potentiostat, with a potential preset at a desired value.",potentiodynamic,35
epit_environment_0350,355,356,fe_alloy,24,0.10000000000000001,1,"Potentiodynamic Polarization. The onset of pitting was marked by a sharp and sudden increase in polarization current. The potential scanning was stopped at the pitting potential, and the electrode was allowed to pit for 20 to 30 min. It was then removed from the solution, the tape was stripped, and its surface was examined for pitting and possible crevice corrosion. The potential scanning was usually started at -0.7 to -0.6v, with respect to the saturated calomel electrode (SCE); the scanning was always into the passive potential region. In some experiments, the potential of an actively corroding electrode was changed almost instantaneously to a selected potential in a passive range by switching on a potentiostat, with a potential preset at a desired value.",potentiodynamic,35
epit_environment_0351,356,357,fe_alloy,24,0.10000000000000001,1,"Potentiodynamic Polarization. The onset of pitting was marked by a sharp and sudden increase in polarization current. The potential scanning was stopped at the pitting potential, and the electrode was allowed to pit for 20 to 30 min. It was then removed from the solution, the tape was stripped, and its surface was examined for pitting and possible crevice corrosion. The potential scanning was usually started at -0.7 to -0.6v, with respect to the saturated calomel electrode (SCE); the scanning was always into the passive potential region. In some experiments, the potential of an actively corroding electrode was changed almost instantaneously to a selected potential in a passive range by switching on a potentiostat, with a potential preset at a desired value.",potentiodynamic,35
epit_environment_0352,357,358,fe_alloy,24,0.10000000000000001,1,"Potentiodynamic Polarization. The onset of pitting was marked by a sharp and sudden increase in polarization current. The potential scanning was stopped at the pitting potential, and the electrode was allowed to pit for 20 to 30 min. It was then removed from the solution, the tape was stripped, and its surface was examined for pitting and possible crevice corrosion. The potential scanning was usually started at -0.7 to -0.6v, with respect to the saturated calomel electrode (SCE); the scanning was always into the passive potential region. In some experiments, the potential of an actively corroding electrode was changed almost instantaneously to a selected potential in a passive range by switching on a potentiostat, with a potential preset at a desired value.",potentiodynamic,35
epit_environment_0353,358,359,fe_alloy,24,0.10000000000000001,1,"Potentiodynamic Polarization. The onset of pitting was marked by a sharp and sudden increase in polarization current. The potential scanning was stopped at the pitting potential, and the electrode was allowed to pit for 20 to 30 min. It was then removed from the solution, the tape was stripped, and its surface was examined for pitting and possible crevice corrosion. The potential scanning was usually started at -0.7 to -0.6v, with respect to the saturated calomel electrode (SCE); the scanning was always into the passive potential region. In some experiments, the potential of an actively corroding electrode was changed almost instantaneously to a selected potential in a passive range by switching on a potentiostat, with a potential preset at a desired value.",potentiodynamic,35
epit_environment_0354,359,360,fe_alloy,24,0.10000000000000001,1,"Potentiodynamic Polarization. The onset of pitting was marked by a sharp and sudden increase in polarization current. The potential scanning was stopped at the pitting potential, and the electrode was allowed to pit for 20 to 30 min. It was then removed from the solution, the tape was stripped, and its surface was examined for pitting and possible crevice corrosion. The potential scanning was usually started at -0.7 to -0.6v, with respect to the saturated calomel electrode (SCE); the scanning was always into the passive potential region. In some experiments, the potential of an actively corroding electrode was changed almost instantaneously to a selected potential in a passive range by switching on a potentiostat, with a potential preset at a desired value.",potentiodynamic,35
epit_environment_0355,360,361,fe_alloy,24,0.10000000000000001,1,"Potentiodynamic Polarization. The onset of pitting was marked by a sharp and sudden increase in polarization current. The potential scanning was stopped at the pitting potential, and the electrode was allowed to pit for 20 to 30 min. It was then removed from the solution, the tape was stripped, and its surface was examined for pitting and possible crevice corrosion. The potential scanning was usually started at -0.7 to -0.6v, with respect to the saturated calomel electrode (SCE); the scanning was always into the passive potential region. In some experiments, the potential of an actively corroding electrode was changed almost instantaneously to a selected potential in a passive range by switching on a potentiostat, with a potential preset at a desired value.",potentiodynamic,35
epit_environment_0356,361,362,fe_alloy,25,0.10000000000000001,7,Potentiodynamic Polarization,potentiodynamic,8
epit_environment_0357,362,363,fe_alloy,25,0.10000000000000001,7,Potentiodynamic Polarization,potentiodynamic,8
epit_environment_0358,363,364,fe_alloy,25,0.10000000000000001,7,Potentiodynamic Polarization,potentiodynamic,8
epit_environment_0359,364,365,fe_alloy,25,0.10000000000000001,7,Potentiodynamic Polarization,potentiodynamic,8
epit_environment_0360,365,366,fe_alloy,25,0.10000000000000001,7,Potentiodynamic Polarization,potentiodynamic,8
epit_environment_0361,366,367,fe_alloy,25,0.10000000000000001,7,Potentiodynamic Polarization,potentiodynamic,8
epit_environment_0362,367,368,fe_alloy,25,0.10000000000000001,7,Potentiodynamic Polarization,potentiodynamic,8
epit_environment_0363,368,369,fe_alloy,25,0.10000000000000001,7,Potentiodynamic Polarization,potentiodynamic,8
epit_environment_0364,369,370,fe_alloy,25,0.10000000000000001,7,Potentiodynamic Polarization,potentiodynamic,8
epit_environment_0365,370,371,fe_alloy,25,0.10000000000000001,7,Potentiodynamic Polarization,potentiodynamic,8
epit_environment_0366,371,372,fe_alloy,25,0.10000000000000001,7,Potentiodynamic Polarization,potentiodynamic,8
epit_environment_0367,372,373,fe_alloy,25,0.10000000000000001,7,Potentiodynamic Polarization,potentiodynamic,8
epit_environment_0368,373,374,fe_alloy,25,0.10000000000000001,7,Potentiodynamic Polarization,potentiodynamic,8
epit_environment_0369,374,375,fe_alloy,25,0.10000000000000001,7,Potentiodynamic Polarization,potentiodynamic,8
epit_environment_0370,375,376,fe_alloy,25,0.10000000000000001,7,Potentiodynamic Polarization,potentiodynamic,8
epit_environment_0371,376,377,fe_alloy,25,0.10000000000000001,7,Potentiodynamic Polarization,potentiodynamic,8
epit_environment_0372,377,378,fe_alloy,25,0.10000000000000001,7,Potentiodynamic Polarization,potentiodynamic,8
epit_environment_0373,378,379,fe_alloy,25,0.10000000000000001,7,Potentiodynamic Polarization,potentiodynamic,8
epit_environment_0374,379,380,fe_alloy,25,0.10000000000000001,7,Potentiodynamic Polarization,potentiodynamic,8
epit_environment_0375,380,381,fe_alloy,25,0.10000000000000001,7,Potentiodynamic Polarization,potentiodynamic,8
epit_environment_0376,381,382,fe_alloy,25,0.10000000000000001,7,Potentiodynamic Polarization,potentiodynamic,8
epit_environment_0377,382,383,fe_alloy,25,0.10000000000000001,7,Potentiodynamic Polarization,potentiodynamic,8
epit_environment_0378,383,384,fe_alloy,25,0.10000000000000001,7,Potentiodynamic Polarization,potentiodynamic,8
epit_environment_0379,384,385,fe_alloy,25,0.10000000000000001,7,Potentiodynamic Polarization,potentiodynamic,8
epit_environment_0380,385,386,fe_alloy,25,0.10000000000000001,7,Potentiodynamic Polarization,potentiodynamic,8
epit_environment_0381,386,387,fe_alloy,25,0.10000000000000001,7,Potentiodynamic Polarization,potentiodynamic,8
epit_environment_0382,388,389,fe_alloy,24,0.10000000000000001,1,Potentiodynamic Polarization,potentiodynamic,8
epit_environment_0383,389,390,fe_alloy,24,0.10000000000000001,1,Potentiodynamic Polarization,potentiodynamic,8
epit_environment_0384,391,392,fe_alloy,24,0.10000000000000001,1,Potentiodynamic Polarization,potentiodynamic,8
epit_environment_0385,392,393,fe_alloy,24,0.10000000000000001,1,Potentiodynamic Polarization,potentiodynamic,8
epit_environment_0386,393,394,fe_alloy,24,0.10000000000000001,1,Potentiodynamic Polarization,potentiodynamic,8
epit_environment_0387,394,395,fe_alloy,24,0.10000000000000001,1,Potentiodynamic Polarization,potentiodynamic,8
epit_environment_0388,395,396,fe_alloy,24,0.10000000000000001,1,Potentiodynamic Polarization,potentiodynamic,8
epit_environment_0389,396,397,fe_alloy,24,0.10000000000000001,1,Potentiodynamic Polarization,potentiodynamic,8
epit_environment_0390,397,398,fe_alloy,24,0.10000000000000001,1,Potentiodynamic Polarization,potentiodynamic,8
epit_environment_0391,398,399,fe_alloy,24,0.10000000000000001,1,Potentiodynamic Polarization,potentiodynamic,8
epit_environment_0392,399,400,fe_alloy,24,1,7,Potentiodynamic Polarization,potentiodynamic,8
epit_environment_0393,400,401,fe_alloy,24,1,7,Potentiodynamic Polarization,potentiodynamic,8
epit_environment_0394,401,403,fe_alloy,24,1,7,Potentiodynamic Polarization,potentiodynamic,8
epit_environment_0395,402,404,fe_alloy,90,0.54600000000000004,7.2000000000000002,Potentiodynamic Polarization,potentiodynamic,8
epit_environment_0396,403,405,fe_alloy,90,0.54600000000000004,7.2000000000000002,Potentiodynamic Polarization,potentiodynamic,8
epit_environment_0397,404,406,fe_alloy,90,0.54600000000000004,7.2000000000000002,Potentiodynamic Polarization,potentiodynamic,8
epit_environment_0398,405,407,fe_alloy,90,0.54600000000000004,7.2000000000000002,Potentiodynamic Polarization,potentiodynamic,8
epit_environment_0399,406,408,fe_alloy,90,0.54600000000000004,7.2000000000000002,Potentiodynamic Polarization,potentiodynamic,8
epit_environment_0400,407,409,fe_alloy,90,0.54600000000000004,7.2000000000000002,Potentiodynamic Polarization,potentiodynamic,8
epit_environment_0401,408,410,fe_alloy,90,0.54600000000000004,7.2000000000000002,Potentiodynamic Polarization,potentiodynamic,8
epit_environment_0402,409,411,fe_alloy,90,0.54600000000000004,7.2000000000000002,Potentiodynamic Polarization,potentiodynamic,8
epit_environment_0403,410,412,fe_alloy,90,0.54600000000000004,7.2000000000000002,Potentiodynamic Polarization,potentiodynamic,8
epit_environment_0404,411,413,fe_alloy,90,0.54600000000000004,7.2000000000000002,Potentiodynamic Polarization,potentiodynamic,8
epit_environment_0405,412,414,fe_alloy,90,0.54600000000000004,7.2000000000000002,Potentiodynamic Polarization,potentiodynamic,8
epit_environment_0406,413,415,fe_alloy,90,0.54600000000000004,7.2000000000000002,Scratch,scratch,49
epit_environment_0407,414,416,fe_alloy,90,0.54600000000000004,7.2000000000000002,Scratch,scratch,49
epit_environment_0408,415,417,fe_alloy,90,0.54600000000000004,7.2000000000000002,Scratch,scratch,49
epit_environment_0409,416,418,fe_alloy,90,0.54600000000000004,7.2000000000000002,Scratch,scratch,49
epit_environment_0410,417,419,fe_alloy,90,0.54600000000000004,7.2000000000000002,Scratch,scratch,49
epit_environment_0411,418,420,fe_alloy,90,0.54600000000000004,7.2000000000000002,Scratch,scratch,49
epit_environment_0412,419,421,fe_alloy,90,0.54600000000000004,7.2000000000000002,Scratch,scratch,49
epit_environment_0413,420,422,fe_alloy,90,0.54600000000000004,7.2000000000000002,Scratch,scratch,49
epit_environment_0414,421,423,fe_alloy,90,0.54600000000000004,7.2000000000000002,Scratch,scratch,49
epit_environment_0415,422,424,fe_alloy,90,0.54600000000000004,7.2000000000000002,Scratch,scratch,49
epit_environment_0416,423,425,fe_alloy,90,0.54600000000000004,7.2000000000000002,Scratch,scratch,49
epit_environment_0417,424,426,fe_alloy,90,0.54600000000000004,7.2000000000000002,Potentiodynamic Polarization,potentiodynamic,8
epit_environment_0418,425,427,fe_alloy,90,0.54600000000000004,7.2000000000000002,Potentiodynamic Polarization,potentiodynamic,8
epit_environment_0419,426,428,fe_alloy,90,0.54600000000000004,7.2000000000000002,Potentiodynamic Polarization,potentiodynamic,8
epit_environment_0420,427,429,fe_alloy,90,0.54600000000000004,7.2000000000000002,Potentiodynamic Polarization,potentiodynamic,8
epit_environment_0421,428,431,fe_alloy,90,0.54600000000000004,7.2000000000000002,Potentiodynamic Polarization,potentiodynamic,8
epit_environment_0422,429,432,fe_alloy,90,0.54600000000000004,7.2000000000000002,Potentiodynamic Polarization,potentiodynamic,8
epit_environment_0423,430,433,fe_alloy,90,0.54600000000000004,7.2000000000000002,Potentiodynamic Polarization,potentiodynamic,8
epit_environment_0424,431,434,fe_alloy,90,0.54600000000000004,7.2000000000000002,Potentiodynamic Polarization,potentiodynamic,8
epit_environment_0425,432,435,fe_alloy,90,0.54600000000000004,7.2000000000000002,Potentiodynamic Polarization,potentiodynamic,8
epit_environment_0426,433,436,fe_alloy,90,0.54600000000000004,7.2000000000000002,Potentiodynamic Polarization,potentiodynamic,8
epit_environment_0427,434,437,fe_alloy,90,0.54600000000000004,7.2000000000000002,Potentiodynamic Polarization,potentiodynamic,8
epit_environment_0428,435,438,fe_alloy,90,0.54600000000000004,7.2000000000000002,Potentiodynamic Polarization,potentiodynamic,8
epit_environment_0429,436,439,fe_alloy,90,0.54600000000000004,7.2000000000000002,Potentiodynamic Polarization,potentiodynamic,8
epit_environment_0430,437,440,fe_alloy,90,0.54600000000000004,7.2000000000000002,Potentiodynamic Polarization,potentiodynamic,8
epit_environment_0431,438,441,fe_alloy,90,0.54600000000000004,7.2000000000000002,Potentiodynamic Polarization,potentiodynamic,8
epit_environment_0432,439,442,fe_alloy,90,0.54600000000000004,7.2000000000000002,Scratch,scratch,49
epit_environment_0433,440,443,fe_alloy,90,0.54600000000000004,7.2000000000000002,Scratch,scratch,49
epit_environment_0434,441,444,fe_alloy,90,0.54600000000000004,7.2000000000000002,Scratch,scratch,49
epit_environment_0435,442,445,fe_alloy,90,0.54600000000000004,7.2000000000000002,Scratch,scratch,49
epit_environment_0436,443,446,fe_alloy,90,0.54600000000000004,7.2000000000000002,Scratch,scratch,49
epit_environment_0437,444,447,fe_alloy,90,0.54600000000000004,7.2000000000000002,Scratch,scratch,49
epit_environment_0438,445,448,fe_alloy,90,0.54600000000000004,7.2000000000000002,Scratch,scratch,49
epit_environment_0439,446,449,fe_alloy,90,0.54600000000000004,7.2000000000000002,Scratch,scratch,49
epit_environment_0440,447,450,fe_alloy,90,0.54600000000000004,7.2000000000000002,Scratch,scratch,49
epit_environment_0441,448,451,fe_alloy,90,0.54600000000000004,7.2000000000000002,Scratch,scratch,49
epit_environment_0442,449,452,fe_alloy,90,0.54600000000000004,7.2000000000000002,Scratch,scratch,49
epit_environment_0443,450,453,fe_alloy,90,0.54600000000000004,7.2000000000000002,Scratch,scratch,49
epit_environment_0444,451,454,fe_alloy,90,0.54600000000000004,7.2000000000000002,Scratch,scratch,49
epit_environment_0445,452,455,fe_alloy,90,0.54600000000000004,7.2000000000000002,Scratch,scratch,49
epit_environment_0446,453,456,fe_alloy,90,0.54600000000000004,7.2000000000000002,Scratch,scratch,49
epit_environment_0447,454,457,fe_alloy,90,0.54600000000000004,7.2000000000000002,Scratch,scratch,49
epit_environment_0448,455,458,fe_alloy,45,1,7,"Potentiodynamic Polarization. The electrodes for the potentiodynamic studies were mounted in epoxy plastic with a single exposed surface parallel to the rolling plane. Electrical contact was made by soft-soldering a nickel wire to the back of the electrode. Contact between the solder or lead wire and the electrolyte was excluded by the plastic and glass tube. The 0.5 by 0.6 cm exposed surface was polished by using standard metallographic techniques, finishing with a distilled water slurry of 0.3 mu alumina. The edges of the electrode were masked with clear Glyptal varnish to prevent crevice corrosion. The coupons for the exposure tests, 2.5 by 2.5 by 0.3 cm, were surface ground and then polished through No. 600 wet silicon carbide paper. They were solvent degreased and rinsed in methanol before exposure.",potentiodynamic,34
epit_environment_0449,456,459,fe_alloy,45,1,7,"Potentiodynamic Polarization. The electrodes for the potentiodynamic studies were mounted in epoxy plastic with a single exposed surface parallel to the rolling plane. Electrical contact was made by soft-soldering a nickel wire to the back of the electrode. Contact between the solder or lead wire and the electrolyte was excluded by the plastic and glass tube. The 0.5 by 0.6 cm exposed surface was polished by using standard metallographic techniques, finishing with a distilled water slurry of 0.3 mu alumina. The edges of the electrode were masked with clear Glyptal varnish to prevent crevice corrosion. The coupons for the exposure tests, 2.5 by 2.5 by 0.3 cm, were surface ground and then polished through No. 600 wet silicon carbide paper. They were solvent degreased and rinsed in methanol before exposure.",potentiodynamic,34
epit_environment_0450,457,460,fe_alloy,45,1,7,"Potentiodynamic Polarization. The electrodes for the potentiodynamic studies were mounted in epoxy plastic with a single exposed surface parallel to the rolling plane. Electrical contact was made by soft-soldering a nickel wire to the back of the electrode. Contact between the solder or lead wire and the electrolyte was excluded by the plastic and glass tube. The 0.5 by 0.6 cm exposed surface was polished by using standard metallographic techniques, finishing with a distilled water slurry of 0.3 mu alumina. The edges of the electrode were masked with clear Glyptal varnish to prevent crevice corrosion. The coupons for the exposure tests, 2.5 by 2.5 by 0.3 cm, were surface ground and then polished through No. 600 wet silicon carbide paper. They were solvent degreased and rinsed in methanol before exposure.",potentiodynamic,34
epit_environment_0451,458,468,fe_alloy,70,0.59999999999999998,7,"Potentiodynamic Polarization, Potentiodynamic polarization commenced at the free-corrosion potential after the sample had been immersed in the solution for 30 minutes",potentiodynamic,21
epit_environment_0452,459,469,fe_alloy,70,0.59999999999999998,7,"Potentiodynamic Polarization, Potentiodynamic polarization commenced at the free-corrosion potential after the sample had been immersed in the solution for 30 minutes",potentiodynamic,21
epit_environment_0453,460,470,fe_alloy,70,0.59999999999999998,7,"Potentiodynamic Polarization, Potentiodynamic polarization commenced at the free-corrosion potential after the sample had been immersed in the solution for 30 minutes",potentiodynamic,21
epit_environment_0454,461,471,fe_alloy,70,0.59999999999999998,7,"Potentiodynamic Polarization, Potentiodynamic polarization commenced at the free-corrosion potential after the sample had been immersed in the solution for 30 minutes",potentiodynamic,21
epit_environment_0455,462,472,fe_alloy,70,0,7,"Potentiodynamic Polarization, Potentiodynamic polarization commenced at the free-corrosion potential after the sample had been immersed in the solution for 30 minutes",potentiodynamic,21
epit_environment_0456,463,473,fe_alloy,70,0,7,"Potentiodynamic Polarization, Potentiodynamic polarization commenced at the free-corrosion potential after the sample had been immersed in the solution for 30 minutes",potentiodynamic,21
epit_environment_0457,464,474,fe_alloy,70,0,7,"Potentiodynamic Polarization, Potentiodynamic polarization commenced at the free-corrosion potential after the sample had been immersed in the solution for 30 minutes",potentiodynamic,21
epit_environment_0458,465,475,fe_alloy,70,0,7,"Potentiodynamic Polarization, Potentiodynamic polarization commenced at the free-corrosion potential after the sample had been immersed in the solution for 30 minutes",potentiodynamic,21
epit_environment_0459,466,476,fe_alloy,60,0.54600000000000004,,Potentiodynamic Polarization - pitting potentital measured by potential sweep method,potentiodynamic,9
epit_environment_0460,467,477,fe_alloy,80,0.54600000000000004,,Potentiodynamic Polarization - pitting potentital measured by potential sweep method,potentiodynamic,9
epit_environment_0461,468,478,fe_alloy,100,0.54600000000000004,,Potentiodynamic Polarization - pitting potentital measured by potential sweep method,potentiodynamic,9
epit_environment_0462,469,479,fe_alloy,60,0.54600000000000004,,Potentiodynamic Polarization - pitting potentital measured by potential sweep method,potentiodynamic,9
epit_environment_0463,470,480,fe_alloy,80,0.54600000000000004,,Potentiodynamic Polarization - pitting potentital measured by potential sweep method,potentiodynamic,9
epit_environment_0464,471,481,fe_alloy,100,0.54600000000000004,,Potentiodynamic Polarization - pitting potentital measured by potential sweep method,potentiodynamic,9
epit_environment_0465,472,482,fe_alloy,60,0.54600000000000004,,Potentiodynamic Polarization - pitting potentital measured by potential sweep method,potentiodynamic,9
epit_environment_0466,473,483,fe_alloy,80,0.54600000000000004,,Potentiodynamic Polarization - pitting potentital measured by potential sweep method,potentiodynamic,9
epit_environment_0467,474,484,fe_alloy,100,0.54600000000000004,,Potentiodynamic Polarization - pitting potentital measured by potential sweep method,potentiodynamic,9
epit_environment_0468,475,485,fe_alloy,60,0.54600000000000004,,Potentiodynamic Polarization - pitting potentital measured by potential sweep method,potentiodynamic,9
epit_environment_0469,476,486,fe_alloy,80,0.54600000000000004,,Potentiodynamic Polarization - pitting potentital measured by potential sweep method,potentiodynamic,9
epit_environment_0470,477,487,fe_alloy,100,0.54600000000000004,,Potentiodynamic Polarization - pitting potentital measured by potential sweep method,potentiodynamic,9
epit_environment_0471,517,531,fe_alloy,25,1,,"The ""scratch"" technique was employed for the determination of pitting potentials.The electrode was first polarized potentiostatically to some potential well below the expected pitting potential.The polarization current was allowedto stabilize and then the electrode surface was scratched with a sharp silicon-carbide crystal mounted on the end of a glass tube. The scratching of the electrode surface resulted in a sharp polarization current ""blip."" The electrode potential was manually adjusted by 20 mV steps to more and more noble potential values, until the scratch failed to repassivate, a failure which was indicated by a gradual current rise after the electrode was scratched. The pit was allowed to develop for 10 min, and then the electrode was examined visually. Only those results were considered to be valid where pits actually developed at the scratched site.",scratch,50
epit_environment_0472,518,532,fe_alloy,25,1,,"The ""scratch"" technique was employed for the determination of pitting potentials.The electrode was first polarized potentiostatically to some potential well below the expected pitting potential.The polarization current was allowedto stabilize and then the electrode surface was scratched with a sharp silicon-carbide crystal mounted on the end of a glass tube. The scratching of the electrode surface resulted in a sharp polarization current ""blip."" The electrode potential was manually adjusted by 20 mV steps to more and more noble potential values, until the scratch failed to repassivate, a failure which was indicated by a gradual current rise after the electrode was scratched. The pit was allowed to develop for 10 min, and then the electrode was examined visually. Only those results were considered to be valid where pits actually developed at the scratched site.",scratch,50
epit_environment_0473,519,533,fe_alloy,25,1,,"The ""scratch"" technique was employed for the determination of pitting potentials.The electrode was first polarized potentiostatically to some potential well below the expected pitting potential.The polarization current was allowedto stabilize and then the electrode surface was scratched with a sharp silicon-carbide crystal mounted on the end of a glass tube. The scratching of the electrode surface resulted in a sharp polarization current ""blip."" The electrode potential was manually adjusted by 20 mV steps to more and more noble potential values, until the scratch failed to repassivate, a failure which was indicated by a gradual current rise after the electrode was scratched. The pit was allowed to develop for 10 min, and then the electrode was examined visually. Only those results were considered to be valid where pits actually developed at the scratched site.",scratch,50
epit_environment_0474,520,534,fe_alloy,25,1,,"The ""scratch"" technique was employed for the determination of pitting potentials.The electrode was first polarized potentiostatically to some potential well below the expected pitting potential.The polarization current was allowedto stabilize and then the electrode surface was scratched with a sharp silicon-carbide crystal mounted on the end of a glass tube. The scratching of the electrode surface resulted in a sharp polarization current ""blip."" The electrode potential was manually adjusted by 20 mV steps to more and more noble potential values, until the scratch failed to repassivate, a failure which was indicated by a gradual current rise after the electrode was scratched. The pit was allowed to develop for 10 min, and then the electrode was examined visually. Only those results were considered to be valid where pits actually developed at the scratched site.",scratch,50
epit_environment_0475,521,535,fe_alloy,25,1,,"The ""scratch"" technique was employed for the determination of pitting potentials.The electrode was first polarized potentiostatically to some potential well below the expected pitting potential.The polarization current was allowedto stabilize and then the electrode surface was scratched with a sharp silicon-carbide crystal mounted on the end of a glass tube. The scratching of the electrode surface resulted in a sharp polarization current ""blip."" The electrode potential was manually adjusted by 20 mV steps to more and more noble potential values, until the scratch failed to repassivate, a failure which was indicated by a gradual current rise after the electrode was scratched. The pit was allowed to develop for 10 min, and then the electrode was examined visually. Only those results were considered to be valid where pits actually developed at the scratched site.",scratch,50
epit_environment_0476,522,536,fe_alloy,25,1,,"The ""scratch"" technique was employed for the determination of pitting potentials.The electrode was first polarized potentiostatically to some potential well below the expected pitting potential.The polarization current was allowedto stabilize and then the electrode surface was scratched with a sharp silicon-carbide crystal mounted on the end of a glass tube. The scratching of the electrode surface resulted in a sharp polarization current ""blip."" The electrode potential was manually adjusted by 20 mV steps to more and more noble potential values, until the scratch failed to repassivate, a failure which was indicated by a gradual current rise after the electrode was scratched. The pit was allowed to develop for 10 min, and then the electrode was examined visually. Only those results were considered to be valid where pits actually developed at the scratched site.",scratch,50
epit_environment_0477,523,537,fe_alloy,25,1,,"The ""scratch"" technique was employed for the determination of pitting potentials.The electrode was first polarized potentiostatically to some potential well below the expected pitting potential.The polarization current was allowedto stabilize and then the electrode surface was scratched with a sharp silicon-carbide crystal mounted on the end of a glass tube. The scratching of the electrode surface resulted in a sharp polarization current ""blip."" The electrode potential was manually adjusted by 20 mV steps to more and more noble potential values, until the scratch failed to repassivate, a failure which was indicated by a gradual current rise after the electrode was scratched. The pit was allowed to develop for 10 min, and then the electrode was examined visually. Only those results were considered to be valid where pits actually developed at the scratched site.",scratch,50
epit_environment_0478,524,538,fe_alloy,25,1,,"The ""scratch"" technique was employed for the determination of pitting potentials.The electrode was first polarized potentiostatically to some potential well below the expected pitting potential.The polarization current was allowedto stabilize and then the electrode surface was scratched with a sharp silicon-carbide crystal mounted on the end of a glass tube. The scratching of the electrode surface resulted in a sharp polarization current ""blip."" The electrode potential was manually adjusted by 20 mV steps to more and more noble potential values, until the scratch failed to repassivate, a failure which was indicated by a gradual current rise after the electrode was scratched. The pit was allowed to develop for 10 min, and then the electrode was examined visually. Only those results were considered to be valid where pits actually developed at the scratched site.",scratch,50
epit_environment_0479,525,539,fe_alloy,25,1,,"The ""scratch"" technique was employed for the determination of pitting potentials.The electrode was first polarized potentiostatically to some potential well below the expected pitting potential.The polarization current was allowedto stabilize and then the electrode surface was scratched with a sharp silicon-carbide crystal mounted on the end of a glass tube. The scratching of the electrode surface resulted in a sharp polarization current ""blip."" The electrode potential was manually adjusted by 20 mV steps to more and more noble potential values, until the scratch failed to repassivate, a failure which was indicated by a gradual current rise after the electrode was scratched. The pit was allowed to develop for 10 min, and then the electrode was examined visually. Only those results were considered to be valid where pits actually developed at the scratched site.",scratch,50
epit_environment_0480,526,540,fe_alloy,25,1,,"The ""scratch"" technique was employed for the determination of pitting potentials.The electrode was first polarized potentiostatically to some potential well below the expected pitting potential.The polarization current was allowedto stabilize and then the electrode surface was scratched with a sharp silicon-carbide crystal mounted on the end of a glass tube. The scratching of the electrode surface resulted in a sharp polarization current ""blip."" The electrode potential was manually adjusted by 20 mV steps to more and more noble potential values, until the scratch failed to repassivate, a failure which was indicated by a gradual current rise after the electrode was scratched. The pit was allowed to develop for 10 min, and then the electrode was examined visually. Only those results were considered to be valid where pits actually developed at the scratched site.",scratch,50
epit_environment_0481,527,541,fe_alloy,22,1,7,"To measure the pitting potentials, the potential was stepped upwards by 25 mV every 400 s, beginning at -300 mV(SCE).",other,51
epit_environment_0482,528,542,fe_alloy,22,1,7,"To measure the pitting potentials, the potential was stepped upwards by 25 mV every 400 s, beginning at -300 mV(SCE).",other,51
epit_environment_0483,529,543,fe_alloy,,0.10000000000000001,7,"Potentiodynamic Polarization- Samples were mechanically polished with emery paper up to grade 1000 under water, then degreased in absolute ethyl alcohol, washed in deionized water, and dried by warm air blowing for electrochemical tests. Polarization curves were obtained potentiodynamically at a scan rate of 20 mV/min.",potentiodynamic,25
epit_environment_0484,530,544,fe_alloy,,0.10000000000000001,7,"Potentiodynamic Polarization- Samples were mechanically polished with emery paper up to grade 1000 under water, then degreased in absolute ethyl alcohol, washed in deionized water, and dried by warm air blowing for electrochemical tests. Polarization curves were obtained potentiodynamically at a scan rate of 20 mV/min.",potentiodynamic,25
epit_environment_0485,531,545,fe_alloy,,0.10000000000000001,7,"Potentiodynamic Polarization- Samples were mechanically polished with emery paper up to grade 1000 under water, then degreased in absolute ethyl alcohol, washed in deionized water, and dried by warm air blowing for electrochemical tests. Polarization curves were obtained potentiodynamically at a scan rate of 20 mV/min.",potentiodynamic,25
epit_environment_0486,532,546,fe_alloy,60,0.10000000000000001,7,"Potentiodynamic Polarization- Samples were mechanically polished with emery paper up to grade 1000 under water, then degreased in absolute ethyl alcohol, washed in deionized water, and dried by warm air blowing for electrochemical tests. Polarization curves were obtained potentiodynamically at a scan rate of 20 mV/min.",potentiodynamic,25
epit_environment_0487,533,547,fe_alloy,60,0.10000000000000001,7,"Potentiodynamic Polarization- Samples were mechanically polished with emery paper up to grade 1000 under water, then degreased in absolute ethyl alcohol, washed in deionized water, and dried by warm air blowing for electrochemical tests. Polarization curves were obtained potentiodynamically at a scan rate of 20 mV/min.",potentiodynamic,25
epit_environment_0488,534,548,fe_alloy,60,0.10000000000000001,7,"Potentiodynamic Polarization- Samples were mechanically polished with emery paper up to grade 1000 under water, then degreased in absolute ethyl alcohol, washed in deionized water, and dried by warm air blowing for electrochemical tests. Polarization curves were obtained potentiodynamically at a scan rate of 20 mV/min.",potentiodynamic,25
epit_environment_0489,535,549,fe_alloy,,0.0054999999999999997,4,"Potentiodynamic Polarization - the sample was stabilized in the electrolyte, which was sparged continuously with oxygen (O2), until the potential change was < 1 mV/min, and this potential was considered as the OCP. Then, the sample was scanned potentiodynamically at a rate of 600 mV/h to a potential corresponding to a current density of 10–3 A/cm2 and then scan direction was reversed.",potentiodynamic,11
epit_environment_0490,536,550,fe_alloy,,0.0054999999999999997,4,"Potentiodynamic Polarization - the sample was stabilized in the electrolyte, which was sparged continuously with oxygen (O2), until the potential change was < 1 mV/min, and this potential was considered as the OCP. Then, the sample was scanned potentiodynamically at a rate of 600 mV/h to a potential corresponding to a current density of 10–3 A/cm2 and then scan direction was reversed.",potentiodynamic,11
epit_environment_0491,537,551,fe_alloy,,0.0054999999999999997,4,"Potentiodynamic Polarization - the sample was stabilized in the electrolyte, which was sparged continuously with oxygen (O2), until the potential change was < 1 mV/min, and this potential was considered as the OCP. Then, the sample was scanned potentiodynamically at a rate of 600 mV/h to a potential corresponding to a current density of 10–3 A/cm2 and then scan direction was reversed.",potentiodynamic,11
epit_environment_0492,538,552,fe_alloy,,0.0054999999999999997,4,"Potentiodynamic Polarization - the sample was stabilized in the electrolyte, which was sparged continuously with oxygen (O2), until the potential change was < 1 mV/min, and this potential was considered as the OCP. Then, the sample was scanned potentiodynamically at a rate of 600 mV/h to a potential corresponding to a current density of 10–3 A/cm2 and then scan direction was reversed.",potentiodynamic,11
epit_environment_0493,539,553,fe_alloy,,0.0054999999999999997,4,"Potentiodynamic Polarization - the sample was stabilized in the electrolyte, which was sparged continuously with oxygen (O2), until the potential change was < 1 mV/min, and this potential was considered as the OCP. Then, the sample was scanned potentiodynamically at a rate of 600 mV/h to a potential corresponding to a current density of 10–3 A/cm2 and then scan direction was reversed.",potentiodynamic,11
epit_environment_0494,540,554,fe_alloy,,0.0054999999999999997,4,"Potentiodynamic Polarization - the sample was stabilized in the electrolyte, which was sparged continuously with oxygen (O2), until the potential change was < 1 mV/min, and this potential was considered as the OCP. Then, the sample was scanned potentiodynamically at a rate of 600 mV/h to a potential corresponding to a current density of 10–3 A/cm2 and then scan direction was reversed.",potentiodynamic,11
epit_environment_0495,541,555,fe_alloy,,0.0054999999999999997,4,"Potentiodynamic Polarization - the sample was stabilized in the electrolyte, which was sparged continuously with oxygen (O2), until the potential change was < 1 mV/min, and this potential was considered as the OCP. Then, the sample was scanned potentiodynamically at a rate of 600 mV/h to a potential corresponding to a current density of 10–3 A/cm2 and then scan direction was reversed.",potentiodynamic,11
epit_environment_0496,542,556,fe_alloy,,0.0054999999999999997,4,"Potentiodynamic Polarization - the sample was stabilized in the electrolyte, which was sparged continuously with oxygen (O2), until the potential change was < 1 mV/min, and this potential was considered as the OCP. Then, the sample was scanned potentiodynamically at a rate of 600 mV/h to a potential corresponding to a current density of 10–3 A/cm2 and then scan direction was reversed.",potentiodynamic,11
epit_environment_0497,543,557,fe_alloy,,0.0054999999999999997,4,"Potentiodynamic Polarization - the sample was stabilized in the electrolyte, which was sparged continuously with oxygen (O2), until the potential change was < 1 mV/min, and this potential was considered as the OCP. Then, the sample was scanned potentiodynamically at a rate of 600 mV/h to a potential corresponding to a current density of 10–3 A/cm2 and then scan direction was reversed.",potentiodynamic,11
epit_environment_0498,544,558,fe_alloy,80,8,,"Potentiodynamic Polarization(Anodic polarization was applied to the working electrode after a stable corrosion potential had been achieved; this usually took about 2 h after immersion in the solution. As a measure of the resistance to pitting corrosion, the pitting potentials for the alloys were determined from the anodic polarization curve by the potential at which the anodic current density reached a value of 10 uA/cm2 after film breakdown.",potentiodynamic,19
epit_environment_0499,545,559,fe_alloy,80,8,,"Potentiodynamic Polarization(Anodic polarization was applied to the working electrode after a stable corrosion potential had been achieved; this usually took about 2 h after immersion in the solution. As a measure of the resistance to pitting corrosion, the pitting potentials for the alloys were determined from the anodic polarization curve by the potential at which the anodic current density reached a value of 10 uA/cm2 after film breakdown.",potentiodynamic,19
epit_environment_0500,546,560,fe_alloy,80,8,,"Potentiodynamic Polarization(Anodic polarization was applied to the working electrode after a stable corrosion potential had been achieved; this usually took about 2 h after immersion in the solution. As a measure of the resistance to pitting corrosion, the pitting potentials for the alloys were determined from the anodic polarization curve by the potential at which the anodic current density reached a value of 10 uA/cm2 after film breakdown.",potentiodynamic,19
epit_environment_0501,547,561,fe_alloy,80,8,,"Potentiodynamic Polarization(Anodic polarization was applied to the working electrode after a stable corrosion potential had been achieved; this usually took about 2 h after immersion in the solution. As a measure of the resistance to pitting corrosion, the pitting potentials for the alloys were determined from the anodic polarization curve by the potential at which the anodic current density reached a value of 10 uA/cm2 after film breakdown.",potentiodynamic,19
epit_environment_0502,548,562,fe_alloy,80,8,,"Potentiodynamic Polarization(Anodic polarization was applied to the working electrode after a stable corrosion potential had been achieved; this usually took about 2 h after immersion in the solution. As a measure of the resistance to pitting corrosion, the pitting potentials for the alloys were determined from the anodic polarization curve by the potential at which the anodic current density reached a value of 10 uA/cm2 after film breakdown.",potentiodynamic,19
epit_environment_0503,549,563,fe_alloy,80,8,,"Potentiodynamic Polarization(Anodic polarization was applied to the working electrode after a stable corrosion potential had been achieved; this usually took about 2 h after immersion in the solution. As a measure of the resistance to pitting corrosion, the pitting potentials for the alloys were determined from the anodic polarization curve by the potential at which the anodic current density reached a value of 10 uA/cm2 after film breakdown.",potentiodynamic,19
epit_environment_0504,550,564,fe_alloy,80,8,,"Potentiodynamic Polarization(Anodic polarization was applied to the working electrode after a stable corrosion potential had been achieved; this usually took about 2 h after immersion in the solution. As a measure of the resistance to pitting corrosion, the pitting potentials for the alloys were determined from the anodic polarization curve by the potential at which the anodic current density reached a value of 10 uA/cm2 after film breakdown.",potentiodynamic,19
epit_environment_0505,551,565,fe_alloy,80,8,,"Potentiodynamic Polarization(Anodic polarization was applied to the working electrode after a stable corrosion potential had been achieved; this usually took about 2 h after immersion in the solution. As a measure of the resistance to pitting corrosion, the pitting potentials for the alloys were determined from the anodic polarization curve by the potential at which the anodic current density reached a value of 10 uA/cm2 after film breakdown.",potentiodynamic,19
epit_environment_0506,552,566,fe_alloy,25,0.59999999999999998,,"Potentiostatically-controlled anodic Polarization, test solution deaerated with N2",potentiostatic,48
epit_environment_0507,553,567,fe_alloy,25,0.59999999999999998,,"Potentiostatically-controlled anodic Polarization, test solution deaerated with N2",potentiostatic,48
epit_environment_0508,554,568,fe_alloy,25,1,0,Potentiodynamic polarization. All studies were carried out with rotating disk electrodes of 0.1 cm2 (diameter 0.357 cm) insulated with a PTFE shrinkable tubing. Experiments were performed at 6000 rpm (in part at 600 rpm) in 1 M HCI at 25°C under a nitrogen atmosphere.,potentiodynamic,40
epit_environment_0509,555,569,fe_alloy,25,1,0,Potentiodynamic polarization. All studies were carried out with rotating disk electrodes of 0.1 cm2 (diameter 0.357 cm) insulated with a PTFE shrinkable tubing. Experiments were performed at 6000 rpm (in part at 600 rpm) in 1 M HCI at 25°C under a nitrogen atmosphere.,potentiodynamic,40
epit_environment_0510,556,570,fe_alloy,25,1,0,Potentiodynamic polarization. All studies were carried out with rotating disk electrodes of 0.1 cm2 (diameter 0.357 cm) insulated with a PTFE shrinkable tubing. Experiments were performed at 6000 rpm (in part at 600 rpm) in 1 M HCI at 25°C under a nitrogen atmosphere.,potentiodynamic,40
epit_environment_0511,557,571,fe_alloy,25,1,0,Potentiodynamic polarization. All studies were carried out with rotating disk electrodes of 0.1 cm2 (diameter 0.357 cm) insulated with a PTFE shrinkable tubing. Experiments were performed at 6000 rpm (in part at 600 rpm) in 1 M HCI at 25°C under a nitrogen atmosphere.,potentiodynamic,40
epit_environment_0512,558,572,fe_alloy,80,4,7,"Anodic Polarization - Anodic polarization tests performed in deaerated 4 M sodium chloride (NaCl) solution at 80°C. The electrochemical cell for the test consisted of a 1-L multineck flask, as specified in ASTM G 5 with a platinum counter electrode and a saturated calomel electrode (SCE) positioned in a salt bridge with a high-silica tip.",other,4
epit_environment_0513,559,573,fe_alloy,80,4,7,"Anodic Polarization - Anodic polarization tests performed in deaerated 4 M sodium chloride (NaCl) solution at 80°C. The electrochemical cell for the test consisted of a 1-L multineck flask, as specified in ASTM G 5 with a platinum counter electrode and a saturated calomel electrode (SCE) positioned in a salt bridge with a high-silica tip.",other,4
epit_environment_0514,560,574,fe_alloy,80,4,7,"Anodic Polarization - Anodic polarization tests performed in deaerated 4 M sodium chloride (NaCl) solution at 80°C. The electrochemical cell for the test consisted of a 1-L multineck flask, as specified in ASTM G 5 with a platinum counter electrode and a saturated calomel electrode (SCE) positioned in a salt bridge with a high-silica tip.",other,4
epit_environment_0515,588,602,nicrmo_alloy,45,0.5,7,Potentiostatic Polarization,potentiostatic,41
epit_environment_0516,589,603,nicrmo_alloy,45,0.5,7,Potentiostatic Polarization,potentiostatic,41
epit_environment_0517,590,606,nicrmo_alloy,45,0.5,7,Potentiostatic Polarization,potentiostatic,41
epit_environment_0518,591,607,nicrmo_alloy,45,0.5,7,Potentiostatic Polarization,potentiostatic,41
epit_environment_0519,592,609,nicrmo_alloy,45,0.5,7,Potentiostatic Polarization,potentiostatic,41
epit_environment_0520,593,610,nicrmo_alloy,45,0.5,7,Potentiostatic Polarization,potentiostatic,41
epit_environment_0521,594,611,nicrmo_alloy,45,0.5,7,Potentiostatic Polarization,potentiostatic,41
epit_environment_0522,595,621,nicrmo_alloy,45,0.5,7,Potentiostatic Polarization,potentiostatic,41
epit_environment_0523,596,625,nicrmo_alloy,60,0.5,7,Potentiostatic Polarization,potentiostatic,41
epit_environment_0524,597,626,nicrmo_alloy,60,0.5,7,Potentiostatic Polarization,potentiostatic,41
epit_environment_0525,598,627,nicrmo_alloy,60,0.5,7,Potentiostatic Polarization,potentiostatic,41
epit_environment_0526,599,628,nicrmo_alloy,60,0.5,7,Potentiostatic Polarization,potentiostatic,41
epit_environment_0527,600,629,nicrmo_alloy,60,0.5,7,Potentiostatic Polarization,potentiostatic,41
epit_environment_0528,601,630,nicrmo_alloy,60,0.5,7,Potentiostatic Polarization,potentiostatic,41
epit_environment_0529,602,631,nicrmo_alloy,60,0.5,7,Potentiostatic Polarization,potentiostatic,41
epit_environment_0530,603,632,nicrmo_alloy,60,0.5,7,Potentiostatic Polarization,potentiostatic,41
epit_environment_0531,604,633,nicrmo_alloy,60,0.5,7,Potentiostatic Polarization,potentiostatic,41
epit_environment_0532,605,634,nicrmo_alloy,60,0.5,7,Potentiostatic Polarization,potentiostatic,41
epit_environment_0533,606,637,nicrmo_alloy,60,0.5,7,Potentiostatic Polarization,potentiostatic,41
epit_environment_0534,607,641,nicrmo_alloy,60,0.5,7,Potentiostatic Polarization,potentiostatic,41
epit_environment_0535,608,646,nicrmo_alloy,60,0.5,7,Potentiostatic Polarization,potentiostatic,41
epit_environment_0536,609,648,nicrmo_alloy,75,0.5,7,Potentiostatic Polarization,potentiostatic,41
epit_environment_0537,610,649,nicrmo_alloy,75,0.5,7,Potentiostatic Polarization,potentiostatic,41
epit_environment_0538,611,650,nicrmo_alloy,75,0.5,7,Potentiostatic Polarization,potentiostatic,41
epit_environment_0539,612,651,nicrmo_alloy,75,0.5,7,Potentiostatic Polarization,potentiostatic,41
epit_environment_0540,613,652,nicrmo_alloy,75,0.5,7,Potentiostatic Polarization,potentiostatic,41
epit_environment_0541,614,653,nicrmo_alloy,75,0.5,7,Potentiostatic Polarization,potentiostatic,41
epit_environment_0542,615,655,nicrmo_alloy,75,0.5,7,Potentiostatic Polarization,potentiostatic,41
epit_environment_0543,616,656,nicrmo_alloy,75,0.5,7,Potentiostatic Polarization,potentiostatic,41
epit_environment_0544,617,657,nicrmo_alloy,75,0.5,7,Potentiostatic Polarization,potentiostatic,41
epit_environment_0545,618,658,nicrmo_alloy,75,0.5,7,Potentiostatic Polarization,potentiostatic,41
epit_environment_0546,619,659,nicrmo_alloy,75,0.5,7,Potentiostatic Polarization,potentiostatic,41
epit_environment_0547,620,660,nicrmo_alloy,75,0.5,7,Potentiostatic Polarization,potentiostatic,41
epit_environment_0548,621,664,nicrmo_alloy,75,0.5,7,Potentiostatic Polarization,potentiostatic,41
epit_environment_0549,622,669,nicrmo_alloy,75,0.5,7,Potentiostatic Polarization,potentiostatic,41
epit_environment_0550,623,671,nicrmo_alloy,90,0.5,7,Potentiostatic Polarization,potentiostatic,41
epit_environment_0551,624,672,nicrmo_alloy,90,0.5,7,Potentiostatic Polarization,potentiostatic,41
epit_environment_0552,625,673,nicrmo_alloy,90,0.5,7,Potentiostatic Polarization,potentiostatic,41
epit_environment_0553,626,674,nicrmo_alloy,90,0.5,7,Potentiostatic Polarization,potentiostatic,41
epit_environment_0554,627,675,nicrmo_alloy,90,0.5,7,Potentiostatic Polarization,potentiostatic,41
epit_environment_0555,628,676,nicrmo_alloy,90,0.5,7,Potentiostatic Polarization,potentiostatic,41
epit_environment_0556,629,678,nicrmo_alloy,90,0.5,7,Potentiostatic Polarization,potentiostatic,41
epit_environment_0557,630,679,nicrmo_alloy,90,0.5,7,Potentiostatic Polarization,potentiostatic,41
epit_environment_0558,631,680,nicrmo_alloy,90,0.5,7,Potentiostatic Polarization,potentiostatic,41
epit_environment_0559,632,681,nicrmo_alloy,90,0.5,7,Potentiostatic Polarization,potentiostatic,41
epit_environment_0560,633,682,nicrmo_alloy,90,0.5,7,Potentiostatic Polarization,potentiostatic,41
epit_environment_0561,634,683,nicrmo_alloy,90,0.5,7,Potentiostatic Polarization,potentiostatic,41
epit_environment_0562,635,686,nicrmo_alloy,90,0.5,7,Potentiostatic Polarization,potentiostatic,41
epit_environment_0563,636,687,nicrmo_alloy,90,0.5,7,Potentiostatic Polarization,potentiostatic,41
epit_environment_0564,637,690,nicrmo_alloy,90,0.5,7,Potentiostatic Polarization,potentiostatic,41
epit_environment_0565,638,692,nicrmo_alloy,90,0.5,7,Potentiostatic Polarization,potentiostatic,41
