table_id,family,scm_type,scm_status,variation,draw,attempts,rejected_draws,used_fallback,candidate_rule_std,candidate_mixed_std,candidate_scm_rule_pearson,rule_pearson,rule_spearman,rule_mae,rule_rmse,rule_max_abs_change,mixed_pearson,mixed_spearman,mixed_mae,mixed_rmse,mixed_max_abs_change
0,coupled_breakdown,mlp_scm,ok,0.0,0,0,0,False,0.8369638323783875,1.0,-0.04271434415074105,1.0,1.0,0.0,0.0,0.0,1.0,1.0,0.0,0.0,0.0
0,coupled_breakdown,mlp_scm,ok,0.1,0,1,0,False,0.8412383198738098,1.0,-0.04382074447189695,0.9999342249111729,0.9999235010907659,0.008444515764722382,0.011469532390098345,0.04708832502365112,0.9999958571910706,0.9999905116765611,0.002121957568704147,0.0028784748574270293,0.01208406686782837
0,coupled_breakdown,mlp_scm,ok,0.1,1,1,0,False,0.8355842232704163,1.0,-0.04165042003173857,0.999919888082148,0.9999109282240183,0.009162277328414348,0.01265795524466006,0.05174535512924194,0.9999949459420797,0.9999891370431299,0.002309607071794062,0.0031793262630948594,0.013242959976196289
0,coupled_breakdown,mlp_scm,ok,0.1,2,1,0,False,0.8325092196464539,1.0,-0.041008812631858925,0.999829854140003,0.9998232534332308,0.013345878493737473,0.018446997597734542,0.07678356766700745,0.9999892829712609,0.9999822974036191,0.003364156506506788,0.004629692899456329,0.019671976566314697
0,coupled_breakdown,mlp_scm,ok,0.1,3,1,0,False,0.8407334089279175,1.0,-0.04363943238920115,0.9999546630664884,0.9999452158286244,0.007064578511290165,0.00952228254125813,0.03880670666694641,0.9999971449706471,0.9999924451040697,0.0017712105577061266,0.002389572850415169,0.00996088981628418
0,coupled_breakdown,mlp_scm,ok,0.1,4,1,0,False,0.8352515697479248,1.0,-0.042206475212172224,0.9999858433479909,0.9999787881768113,0.003885216816115644,0.005321024632121908,0.022028565406799316,0.9999991085316553,0.999996390190258,0.0009771914232210577,0.0013352665270365133,0.005648910999298096
0,coupled_breakdown,mlp_scm,ok,0.1,5,1,0,False,0.8468259572982788,1.0,-0.043440762729153294,0.9999134731897159,0.999880518650311,0.01144343008445503,0.01315498452252055,0.024132490158081055,0.9999945177178302,0.9999881759173161,0.002877617926799303,0.0033112782844060672,0.006218016147613525
0,coupled_breakdown,mlp_scm,ok,0.1,6,1,0,False,0.8330109119415283,1.0,-0.04401843148818448,0.9997315318553353,0.9997187254130604,0.017239616113101874,0.023171885798732902,0.08543729782104492,0.9999829895308462,0.9999693557327801,0.004341608991978774,0.005832746943758365,0.021587491035461426
0,coupled_breakdown,mlp_scm,ok,0.1,7,1,0,False,0.8376168012619019,1.0,-0.041236975791432755,0.9997956652384954,0.9997978283026964,0.014726162229436568,0.02021557597779429,0.07819658517837524,0.999987088945809,0.9999782070309705,0.0037152379991205464,0.00508154574080068,0.019985496997833252
0,coupled_breakdown,mlp_scm,ok,0.1,8,1,0,False,0.8361615538597107,1.0,-0.04144698169106071,0.9998739856674425,0.9998684710499962,0.011509770565613309,0.015875410724331636,0.06371930241584778,0.9999920451719095,0.9999851807810599,0.002902634980870289,0.0039886909445916155,0.016298413276672363
0,coupled_breakdown,mlp_scm,ok,0.1,9,1,0,False,0.8310056328773499,1.0,-0.04564030077463065,0.9988052424420113,0.9988402564194263,0.03599041191557717,0.04888266605299539,0.18048343062400818,0.9999242986923276,0.9998960195980258,0.009065407671016601,0.012304576934544504,0.04570960998535156
0,coupled_breakdown,mlp_scm,ok,0.2,0,1,0,False,0.8426295518875122,1.0,-0.04114959624129063,0.9996134268786057,0.9996197182783778,0.02078781169009858,0.02780550706879027,0.10204839706420898,0.9999755234988779,0.9999623484550461,0.00523412260048417,0.0069966422377668305,0.025737643241882324
0,coupled_breakdown,mlp_scm,ok,0.2,1,1,0,False,0.8338766098022461,1.0,-0.0421644348811644,0.9999841743328729,0.9999751001358985,0.0044262502963619,0.005625951901122127,0.020576953887939453,0.9999990038681233,0.9999962784314426,0.0011082639610435763,0.0014114757052462686,0.005291104316711426
0,coupled_breakdown,mlp_scm,ok,0.2,2,1,0,False,0.8476132750511169,1.0,-0.04963092232103447,0.9962340753802299,0.9964762892496959,0.062163324399307385,0.08678622623592071,0.35284674167633057,0.9997617880968922,0.9996998940526429,0.01570103102292819,0.021827134110897727,0.0903579592704773
0,coupled_breakdown,mlp_scm,ok,0.2,3,1,0,False,0.8426592350006104,1.0,-0.045543445362843486,0.9994594019800924,0.9994774157785565,0.023657809458086376,0.0328815449062985,0.13592903316020966,0.9999658736763001,0.9999480321507759,0.005971334866842426,0.008261515968377924,0.0348280668258667
0,coupled_breakdown,mlp_scm,ok,0.2,4,1,0,False,0.8362698554992676,1.0,-0.04427971480568426,0.9997544950077347,0.9997533706458764,0.01608800772851282,0.022158745122429192,0.08504655957221985,0.9999844707564641,0.9999727979042985,0.004062130037169709,0.005573014086479608,0.021744728088378906
0,coupled_breakdown,mlp_scm,ok,0.2,5,1,0,False,0.837918221950531,1.0,-0.040700328422387175,0.9996224067973796,0.9996448416601101,0.020033928450175154,0.027480654521346744,0.10630196332931519,0.999976145287334,0.9999619572991918,0.00505387628705023,0.0069072010019728325,0.027166128158569336
0,coupled_breakdown,mlp_scm,ok,0.2,6,1,0,False,0.8395718336105347,1.0,-0.041811454518990814,0.9998830756853151,0.9998696109899149,0.011351597981047234,0.015292109848552617,0.05620783567428589,0.9999925978101035,0.9999856054645588,0.002859394124186565,0.003847646029255152,0.014197230339050293
0,coupled_breakdown,mlp_scm,ok,0.2,7,1,0,False,0.8447118401527405,1.0,-0.0464905395658574,0.9990273630649541,0.9990942730312568,0.03169441818135965,0.04410525952639144,0.18228697031736374,0.9999385817843252,0.9999131298726842,0.008001913078089729,0.011083159555041185,0.04671353101730347
0,coupled_breakdown,mlp_scm,ok,0.2,8,1,0,False,0.8430832028388977,1.0,-0.04489724042120682,0.9997136034860064,0.9997128916028896,0.01726159222403112,0.023933094640793524,0.09975217282772064,0.9999819394848203,0.9999702274515412,0.004351209074741291,0.006010077415892936,0.025575101375579834
0,coupled_breakdown,mlp_scm,ok,0.2,9,1,0,False,0.8452791571617126,1.0,-0.04428616365016335,0.9998715698316393,0.9998502208354194,0.012414886350484267,0.016026862820064984,0.0612800270318985,0.9999919124081523,0.9999839290823259,0.0031044637221953053,0.004021838324506191,0.015753209590911865
0,coupled_breakdown,mlp_scm,ok,0.3,0,1,0,False,0.8441011309623718,1.0,-0.036453360589770716,0.9962636749370173,0.9968059777555252,0.06354219521796267,0.08644449111245595,0.3292034864425659,0.9997641721300874,0.9996896234174951,0.01601311339896938,0.02171763640524105,0.0840461254119873
0,coupled_breakdown,mlp_scm,ok,0.3,1,1,0,False,0.8457778692245483,0.9999999403953552,-0.04609958071602438,0.9992816310731927,0.9993181259387739,0.027272802285637,0.037904324409523425,0.15783486515283585,0.9999546704624082,0.9999336152635718,0.006878164174452195,0.009521505643756123,0.04046553373336792
0,coupled_breakdown,mlp_scm,ok,0.3,2,1,0,False,0.8280388712882996,1.0,-0.03861088292486253,0.9989916488269336,0.999072435358701,0.03254394969292207,0.044907708869546335,0.18653514981269836,0.9999365116841525,0.9999080336706958,0.008205042319900713,0.011268390799695107,0.04775434732437134
0,coupled_breakdown,mlp_scm,ok,0.3,3,1,0,False,0.8521380424499512,1.0,-0.04316621160616083,0.9997440880568496,0.9996764135254989,0.01938252991317313,0.022623524594567342,0.05548518896102905,0.9999837453790447,0.9999736696230597,0.00488498052518338,0.005701687587771335,0.014118194580078125
0,coupled_breakdown,mlp_scm,ok,0.3,4,1,0,False,0.8483704328536987,0.9999999403953552,-0.04101389872147283,0.9992935476483241,0.9992928349188183,0.028998084009174363,0.03758862413978163,0.13608157634735107,0.9999552232146729,0.9999320171125098,0.007297681584816473,0.009463274564299566,0.03417503833770752
0,coupled_breakdown,mlp_scm,ok,0.3,5,1,0,False,0.8190997242927551,1.0,-0.043883698509778774,0.9989242690562328,0.9988219726772047,0.037345116510067555,0.04638385381644858,0.16037413477897644,0.9999316768189038,0.9999085365853658,0.009415771702322218,0.011689583355274438,0.040096163749694824
0,coupled_breakdown,mlp_scm,ok,0.3,6,1,0,False,0.8348041772842407,1.0,-0.042951320056338504,0.9999793282550523,0.9999687969387023,0.005045888805852883,0.00642989039801288,0.02297300100326538,0.9999986882828812,0.9999956190544309,0.001271096422243545,0.0016197018692628085,0.0057604312896728516
0,coupled_breakdown,mlp_scm,ok,0.3,7,1,0,False,0.8111671805381775,1.0,-0.04362837914550315,0.9982269118914571,0.9980005789106644,0.048999988202922395,0.05954977866477574,0.19739758968353271,0.9998873492962093,0.9998552052785923,0.012353515965685347,0.015010043221613215,0.049501895904541016
0,coupled_breakdown,mlp_scm,ok,0.3,8,1,0,False,0.8271185755729675,0.9999999403953552,-0.03906264673896948,0.9992446603059384,0.9992842183141405,0.028204160786629018,0.038867458635125626,0.16156673431396484,0.9999524585633264,0.9999269656140476,0.007104311844784661,0.009751044470407389,0.04138559103012085
0,coupled_breakdown,mlp_scm,ok,0.3,9,1,0,False,0.8596888184547424,1.0,-0.04308765648822628,0.9993793283608382,0.9992410570595808,0.029968760703297903,0.035232701334705796,0.09490954875946045,0.9999605670875202,0.9999442547028109,0.00755428409098613,0.00888064327529844,0.024033308029174805
1,coupled_breakdown,mlp_scm,ok,0.0,0,0,0,False,0.8464181423187256,1.0,0.11363608597684845,1.0,1.0,0.0,0.0,0.0,1.0,1.0,0.0,0.0,0.0
1,coupled_breakdown,mlp_scm,ok,0.1,0,1,0,False,0.8482978343963623,1.0,0.1132520161678036,0.9999704310123674,0.9999580680924112,0.005815294272451865,0.007690121953028922,0.032428622245788574,0.9999982596150496,0.9999935291645804,0.0014077167853088213,0.001865682156107743,0.008069515228271484
1,coupled_breakdown,mlp_scm,ok,0.1,1,1,0,False,0.8457649946212769,1.0,0.11279865038886912,0.9999550353433028,0.9999459757885701,0.0068806467859445775,0.009483106805896193,0.04369807243347168,0.9999973656757087,0.9999924451040697,0.0016486418203811581,0.0022953536932177982,0.010600417852401733
1,coupled_breakdown,mlp_scm,ok,0.1,2,1,0,False,0.8379955291748047,1.0,0.11318725621567027,0.9999208424761715,0.9998805298261927,0.010826083902429673,0.012582331127235793,0.03263050317764282,0.9999953357371956,0.9999861195551104,0.002624423962657829,0.0030542635483202843,0.007995069026947021
1,coupled_breakdown,mlp_scm,ok,0.1,3,1,0,False,0.8471294045448303,1.0,0.1116064870022902,0.9996744677451508,0.9996703673735784,0.018610304481398998,0.025515965712027078,0.11270084977149963,0.9999808978928234,0.9999620243544809,0.0044794852261702545,0.00618095576595862,0.027582168579101562
1,coupled_breakdown,mlp_scm,ok,0.1,4,1,0,False,0.8392216563224792,1.0,0.1124622591002363,0.9999474930168858,0.9999228081861097,0.008255474352438341,0.010247632303152888,0.036533892154693604,0.9999969382193226,0.9999902546312852,0.0019848311364398796,0.0024745831310458077,0.008948415517807007
1,coupled_breakdown,mlp_scm,ok,0.1,5,1,0,False,0.8490010499954224,1.0,0.11474053489046859,0.9999410034877929,0.9999284184786495,0.007838654541842516,0.010862459731972073,0.05212193727493286,0.9999965529775816,0.999991908661755,0.0018746922555550327,0.0026256513690867075,0.012665033340454102
1,coupled_breakdown,mlp_scm,ok,0.1,6,1,0,False,0.8492950201034546,1.0,0.11432228299574257,0.9999827325310436,0.9999735913918889,0.004378041661766474,0.005876643402341402,0.02722710371017456,0.9999989939909675,0.9999962002002716,0.0010534616164221688,0.0014184562560302968,0.006635487079620361
1,coupled_breakdown,mlp_scm,ok,0.1,7,1,0,False,0.8394940495491028,1.0,0.11299037204597083,0.9999592396028124,0.9999337717259136,0.007912049319884318,0.009028886658699628,0.015942394733428955,0.9999976063493177,0.9999914728023747,0.0019128612090071329,0.0021879902730400328,0.0040711164474487305
1,coupled_breakdown,mlp_scm,ok,0.1,8,1,0,False,0.8411524295806885,1.0,0.11084457848646001,0.999622150821617,0.9996232945604748,0.01988465019278962,0.02748996915019154,0.13114896416664124,0.9999779031286903,0.9999588504041198,0.0047507628767107235,0.006647837435044105,0.03186342120170593
1,coupled_breakdown,mlp_scm,ok,0.1,9,1,0,False,0.8457213044166565,1.0,0.11515183910034663,0.9997901229240275,0.999760690848294,0.014929293481145578,0.020487902594633286,0.08939707279205322,0.9999876850170204,0.9999742842965453,0.0035962918300924684,0.00496285877052055,0.02218937873840332
1,coupled_breakdown,mlp_scm,ok,0.2,0,1,0,False,0.8361123204231262,1.0,0.11264484278765571,0.9999091586435289,0.9998585356912953,0.011798235991363981,0.013478973348232077,0.024165943264961243,0.9999946663276358,0.9999847449216792,0.0028522361594127688,0.003266090187258456,0.006141185760498047
1,coupled_breakdown,mlp_scm,ok,0.2,1,1,0,False,0.858075737953186,1.0,0.11539287201542925,0.9998764283449604,0.9998353680888348,0.012688283643683462,0.015720792716621457,0.05422934889793396,0.9999927949959554,0.9999823644589084,0.00304977186416977,0.003796051697085604,0.013289839029312134
1,coupled_breakdown,mlp_scm,ok,0.2,2,1,0,False,0.8530291318893433,1.0,0.11462543555166142,0.9999603552394047,0.9999399072848866,0.007200438993834268,0.00890446657829877,0.029909104108810425,0.9999976877661592,0.9999914728023747,0.0017312173513346352,0.002150457604348941,0.007332891225814819
1,coupled_breakdown,mlp_scm,ok,0.2,3,1,0,False,0.8559129238128662,0.9999999403953552,0.10919096131305989,0.997949796863567,0.9980405215113368,0.04734032269141153,0.06403441630831322,0.27445781230926514,0.999879466013906,0.9998088924254345,0.011428781514666753,0.015526363676671814,0.06888866424560547
1,coupled_breakdown,mlp_scm,ok,0.2,4,1,0,False,0.8595898747444153,1.0,0.10714452447862481,0.9959839530255117,0.9961227961161576,0.06620295678249022,0.08962195280793583,0.38389381766319275,0.9997638713692245,0.999654430566483,0.015980609356176956,0.021731480816545336,0.09643816947937012
1,coupled_breakdown,mlp_scm,ok,0.2,5,1,0,False,0.8409765958786011,0.9999999403953552,0.11801950799270848,0.9975977784251826,0.9975765883162863,0.05089636059727809,0.06931409160852067,0.2997250258922577,0.9998589513114711,0.9997786951934768,0.012277379740623928,0.016795754617758483,0.0749211311340332
1,coupled_breakdown,mlp_scm,ok,0.2,6,1,0,False,0.8377344012260437,1.0,0.1142019931788555,0.9997367360089697,0.9996705573635647,0.018088671698023973,0.02294619754166193,0.09071999788284302,0.9999844819334737,0.999967031149417,0.004389029046478754,0.005571008238812715,0.02231454849243164
1,coupled_breakdown,mlp_scm,ok,0.2,7,1,0,False,0.8419467210769653,1.0,0.110855890765763,0.9996036975457452,0.9996077377333523,0.02038969086487441,0.028153240010998466,0.13347682356834412,0.9999768123903776,0.9999566487554538,0.004873431173109566,0.006809935487030257,0.03241702914237976
1,coupled_breakdown,mlp_scm,ok,0.2,8,1,0,False,0.8549576997756958,1.0,0.1122376223168747,0.9995543184676974,0.9995228345611903,0.022746562143765914,0.029855704462962093,0.12467867136001587,0.9999737546848882,0.9999482668442885,0.00550825663057708,0.007245041950118031,0.03096175193786621
1,coupled_breakdown,mlp_scm,ok,0.2,9,1,0,False,0.8386872410774231,1.0,0.11259439178428741,0.999948765616702,0.9999221041055717,0.008295638183199117,0.010122685739161766,0.027047276496887207,0.999997005708523,0.9999900311136541,0.0019996042136085634,0.0024471581349685446,0.006655186414718628
1,coupled_breakdown,mlp_scm,ok,0.3,0,1,0,False,0.8569178581237793,1.0,0.11515504464926492,0.9999037968529187,0.9998657217831343,0.01123621358078708,0.01387106001069449,0.04510316252708435,0.9999943879493344,0.9999847672734423,0.0027022065759183533,0.003350239016351696,0.01106405258178711
1,coupled_breakdown,mlp_scm,ok,0.3,1,1,0,False,0.837390124797821,1.0,0.11571255977332831,0.9990807387349024,0.9990086210750304,0.032350220427133536,0.04287799656912856,0.18189510703086853,0.9999459166882957,0.9999034739110219,0.007830240603823313,0.010400318701242714,0.04519844055175781
1,coupled_breakdown,mlp_scm,ok,0.3,2,1,0,False,0.8569269776344299,1.0,0.10749375583777573,0.996565948570315,0.996682730133753,0.061070499350762475,0.08287401825817604,0.3551827371120453,0.9997981512541398,0.9996997934697088,0.014733978757476507,0.020092224723448238,0.08932924270629883
1,coupled_breakdown,mlp_scm,ok,0.3,3,1,0,False,0.843449056148529,1.0,0.11679913260917116,0.998905763079425,0.9988861892926114,0.034232593606930095,0.04678112727122088,0.2021309733390808,0.9999357657678657,0.9998876712145053,0.008251828321533594,0.011334393070026899,0.0506441593170166
1,coupled_breakdown,mlp_scm,ok,0.3,4,1,0,False,0.8455533981323242,1.0,0.11925420005528056,0.9968087543065741,0.9968622706709105,0.05800846983657948,0.07989049697644561,0.34899840503931046,0.9998128335996377,0.9997219217151848,0.01396923982836995,0.019347682506330465,0.08659744262695312
1,coupled_breakdown,mlp_scm,ok,0.3,5,1,0,False,0.8488284945487976,1.0,0.11373812368502649,0.999993325594487,0.9999862313139259,0.003120130071380345,0.0036536025562599822,0.010197818279266357,0.9999996066007657,0.9999970495672699,0.00075681370987013,0.0008870166170218542,0.0024924874305725098
1,coupled_breakdown,mlp_scm,ok,0.3,6,1,0,False,0.8584954142570496,1.0,0.11062103514004769,0.9986247916293953,0.9986280264287246,0.039372448768745016,0.05244441587007605,0.22257265448570251,0.9999190668771342,0.9998631625062584,0.009517742528544204,0.012722666724088498,0.05553293228149414
1,coupled_breakdown,mlp_scm,ok,0.3,7,1,0,False,0.8457620739936829,1.0,0.10557700912201727,0.9959834206727314,0.9962724858736858,0.06543859011117092,0.08962789039520458,0.4063773453235626,0.9997643554967157,0.9996618401759529,0.015704670439504298,0.021709192212722134,0.09855350852012634
1,coupled_breakdown,mlp_scm,ok,0.3,8,1,0,False,0.8268646597862244,1.0,0.1153749582714953,0.9981521521867586,0.9979759584436019,0.047422409714670266,0.060792234406932814,0.24617311358451843,0.9998911284901277,0.9998186042665044,0.011498092695944706,0.014756118235868247,0.06063723564147949
1,coupled_breakdown,mlp_scm,ok,0.3,9,1,0,False,0.8585347533226013,1.0,0.1108844920983801,0.9987639101847311,0.998759130695229,0.03742977716945006,0.049721018304677914,0.21040427684783936,0.999927242886334,0.9998767747299907,0.009052098504810147,0.012062927992803688,0.05244302749633789
2,coupled_breakdown,mlp_scm,ok,0.0,0,0,0,False,0.8342480659484863,1.0,0.34669048233457544,1.0,1.0,0.0,0.0,0.0,1.0,1.0,0.0,0.0,0.0
2,coupled_breakdown,mlp_scm,ok,0.1,0,1,0,False,0.8305438160896301,1.0,0.34747272731017487,0.9998547744709959,0.9998086130283955,0.012939000282585766,0.017042624828869937,0.06471264362335205,0.9999922744340349,0.9999849768211796,0.0029793186646287495,0.003930792687946385,0.014956198632717133
2,coupled_breakdown,mlp_scm,ok,0.1,1,1,0,False,0.8305951952934265,1.0,0.3476561875630601,0.9997992697272682,0.9997424853372433,0.015097605320761431,0.020036480271454826,0.07656383514404297,0.9999893240038881,0.9999819481572703,0.003473444229905809,0.004620821619095902,0.017695501446723938
2,coupled_breakdown,mlp_scm,ok,0.1,2,1,0,False,0.8356603980064392,1.0,0.34581532504797596,0.9998987857309795,0.9998625701845361,0.010600075679235488,0.01422773837416958,0.05452430248260498,0.9999946211110742,0.999988866027971,0.002428597042253955,0.0032799051227817874,0.01261112093925476
2,coupled_breakdown,mlp_scm,ok,0.1,3,1,0,False,0.834196150302887,1.0,0.34582582140139456,0.9999185988918051,0.9998898505114083,0.009452260854558858,0.012759397301315265,0.05060160160064697,0.9999956768818211,0.9999904865308008,0.0021616721054282806,0.002940448326190593,0.011574268341064453
2,coupled_breakdown,mlp_scm,ok,0.1,4,1,0,False,0.82749342918396,1.0,0.3463907970856727,0.9999581725516682,0.9999287341971044,0.00791754662753874,0.009146305333009308,0.017013132572174072,0.9999977725565226,0.999993498430888,0.0018257893781310486,0.002110660263128009,0.003984689712524414
2,coupled_breakdown,mlp_scm,ok,0.1,5,1,0,False,0.8343759179115295,1.0,0.3462106226440174,0.9999731014691156,0.9999575428259779,0.005433526041542791,0.007334648195495165,0.028703033924102783,0.999998571203008,0.9999954933257509,0.0012427016405212044,0.0016904419174552413,0.006566226482391357
2,coupled_breakdown,mlp_scm,ok,0.1,6,1,0,False,0.8322007060050964,1.0,0.34404608159942174,0.9993799953067781,0.9993043237250553,0.02612888827934512,0.03521376768407611,0.1438238024711609,0.9999670880198134,0.9999525444128206,0.005972807642677935,0.008113196618373217,0.03288578987121582
2,coupled_breakdown,mlp_scm,ok,0.1,7,1,0,False,0.8376539349555969,1.0,0.3443763228204665,0.9993833138879986,0.9992909350189542,0.026190073089082944,0.035119400257476306,0.1342841386795044,0.9999672321516813,0.9999529802722024,0.005996638699383716,0.008095411919062975,0.031072184443473816
2,coupled_breakdown,mlp_scm,ok,0.1,8,1,0,False,0.8315854072570801,1.0,0.3482426376910163,0.9995750754802675,0.9995053331306774,0.021658081336909163,0.02915217070086657,0.11212235689163208,0.9999774120902125,0.9999666707271438,0.004968406294239003,0.006721295958579279,0.025914065539836884
2,coupled_breakdown,mlp_scm,ok,0.1,9,1,0,False,0.8398342132568359,0.9999999403953552,0.34494360110063543,0.999551741872174,0.9994661057864245,0.02255135875702763,0.029941881791074022,0.11422473192214966,0.999976166409865,0.9999648769981494,0.0051809496116419496,0.006904142071626782,0.02642206847667694
2,coupled_breakdown,mlp_scm,ok,0.2,0,1,0,False,0.8234246373176575,1.0,0.3456320140654919,0.9998790624456508,0.9998109823152851,0.012490281575935569,0.015552334912818076,0.04728233814239502,0.9999935770996661,0.9999862173440355,0.002882975391990783,0.0035841039027195523,0.010783731937408447
2,coupled_breakdown,mlp_scm,ok,0.2,1,1,0,False,0.8421750664710999,1.0,0.3476059742860203,0.999920100413024,0.9998765176847147,0.01006285431571996,0.01264116991181069,0.04722863435745239,0.9999957604270607,0.9999904641790377,0.0023342416615701467,0.002911897259630359,0.010785043239593506
2,coupled_breakdown,mlp_scm,ok,0.2,2,1,0,False,0.8477814793586731,1.0,0.3450693734467511,0.9993208350814945,0.9991582437772691,0.028870523474324727,0.03685552666606749,0.13359123468399048,0.9999638474460727,0.9999483087536999,0.006655986111752554,0.008503240922048063,0.030890747904777527
2,coupled_breakdown,mlp_scm,ok,0.2,3,1,0,False,0.840395987033844,1.0,0.3437541483278411,0.9989852142472311,0.9988571655282167,0.033716820891640964,0.045050766833515346,0.17222118377685547,0.9999460679808444,0.9999239118042005,0.007727298925971127,0.010385761381920357,0.03985486924648285
2,coupled_breakdown,mlp_scm,ok,0.2,4,1,0,False,0.834740161895752,1.0,0.3457570234613214,0.9998991761930238,0.9998668617230525,0.010533667199254637,0.01420026819720566,0.055044591426849365,0.9999946441165171,0.9999887766209185,0.0024094221144288497,0.003272883596172893,0.01259160041809082
2,coupled_breakdown,mlp_scm,ok,0.2,5,1,0,False,0.8362604379653931,1.0,0.345370180572271,0.9997809715200359,0.9997268838065946,0.015595164594060407,0.02092981082926783,0.08014613389968872,0.9999883608227099,0.9999799476744664,0.003571978728103886,0.004824764637666147,0.01853981614112854
2,coupled_breakdown,mlp_scm,ok,0.2,6,1,0,False,0.8291969895362854,1.0,0.34697389504063875,0.9999335473751324,0.99990022172949,0.009318670071600366,0.011528454059286961,0.039322733879089355,0.9999964602792336,0.9999915482395514,0.002151258402967926,0.0026607220124364827,0.00908440351486206
2,coupled_breakdown,mlp_scm,ok,0.2,7,1,0,False,0.8367855548858643,1.0,0.3463057905763071,0.9999628098924697,0.9999392814355197,0.006659991708829693,0.008624396526503953,0.032094597816467285,0.9999980209254514,0.9999944316170003,0.0015344697020367448,0.0019895097282426294,0.0074193477630615234
2,coupled_breakdown,mlp_scm,ok,0.2,8,1,0,False,0.8366628289222717,1.0,0.34801127432567586,0.9998094025799316,0.9997677540054359,0.014399074145785562,0.019524212021003642,0.08145594596862793,0.9999898820472279,0.999982842227797,0.0032946789228844864,0.0044984336116280265,0.01863229274749756
2,coupled_breakdown,mlp_scm,ok,0.2,9,1,0,False,0.8253142833709717,1.0,0.34781589556515385,0.9995203388062482,0.9994111316250625,0.02398518237771441,0.03097292970805728,0.11499547958374023,0.9999744690940076,0.9999627088771221,0.005526662796057735,0.007145754811096934,0.02656906098127365
2,coupled_breakdown,mlp_scm,ok,0.3,0,1,0,False,0.835164487361908,1.0,0.3502956575535412,0.9975984992606488,0.9974734461054287,0.05094949429769713,0.06930369057064589,0.2726319432258606,0.9998723831106072,0.9998466138192196,0.011667860563818522,0.015976037428153286,0.06243616342544556
2,coupled_breakdown,mlp_scm,ok,0.3,1,1,0,False,0.857342541217804,1.0,0.3388885472230794,0.994200502212514,0.9937030724733565,0.08138116635376491,0.10769863254138307,0.4081196188926697,0.9996917175496457,0.9996432742417256,0.01867631572688566,0.024830725014488075,0.09456175565719604
2,coupled_breakdown,mlp_scm,ok,0.3,2,1,0,False,0.839515209197998,1.0,0.3482197758141442,0.9997748889045931,0.99972174290108,0.015633386012041228,0.021218440155263526,0.09123486280441284,0.9999880563349399,0.9999805623479537,0.003586638684794252,0.004887466565123472,0.02086198329925537
2,coupled_breakdown,mlp_scm,ok,0.3,3,1,0,False,0.8467360138893127,1.0,0.3393608208511299,0.9953573043903508,0.9950178143551962,0.07226910105339357,0.09636073596805562,0.36636269092559814,0.9997533407236159,0.9997034004846514,0.016536353908151114,0.022210775579886904,0.08488629758358002
2,coupled_breakdown,mlp_scm,ok,0.3,4,1,0,False,0.8236225247383118,1.0,0.3508075731896408,0.9931806505906623,0.9927325142157213,0.08666274648334138,0.11678484088185112,0.4512338787317276,0.9996372281968202,0.9995780126812113,0.019930623580961537,0.026935916585543968,0.10418330039829016
2,coupled_breakdown,mlp_scm,ok,0.3,5,1,0,False,0.8177469372749329,1.0,0.3478172710718763,0.9989795993731487,0.9987653109577282,0.035868352913439594,0.04517522877164086,0.16071447730064392,0.9999456567127625,0.999924381191227,0.008276027700787836,0.010425285084477697,0.03712126612663269
2,coupled_breakdown,mlp_scm,ok,0.3,6,1,0,False,0.8376955986022949,1.0,0.34582784988380405,0.9998691730260824,0.9998245274837279,0.012245435968907259,0.016175721195074877,0.061493635177612305,0.9999930421487352,0.9999864632134304,0.002817905043475122,0.003730375574327137,0.014219999313354492
2,coupled_breakdown,mlp_scm,ok,0.3,7,1,0,False,0.8442177772521973,1.0,0.3496243395251449,0.9990460173279164,0.9989645433981831,0.03211121147600693,0.0436802634853163,0.1871921718120575,0.9999493715405982,0.999934528891706,0.00735818061724558,0.010062649494622683,0.04281717538833618
2,coupled_breakdown,mlp_scm,ok,0.3,8,1,0,False,0.8187866806983948,1.0,0.34813048219103143,0.9988048812851329,0.9985865415563977,0.03822990733806364,0.048890054965713095,0.17876341938972473,0.9999363684488821,0.9999148705159985,0.008815574230766288,0.011281094751006682,0.04129204899072647
2,coupled_breakdown,mlp_scm,ok,0.3,9,1,0,False,0.8371878266334534,1.0,0.3503941760165905,0.9976354298469529,0.9975138804448895,0.05050486602681303,0.06876874673071752,0.275155246257782,0.9998743677824872,0.9998480108044175,0.01156291664514697,0.015851322693079373,0.0630044937133789
3,coupled_breakdown,mlp_scm,ok,0.0,0,0,0,False,0.8197643756866455,1.0,0.310987817496359,1.0,1.0,0.0,0.0,0.0,1.0,1.0,0.0,0.0,0.0
3,coupled_breakdown,mlp_scm,ok,0.1,0,1,0,False,0.8145148754119873,1.0,0.31429334174006984,0.9999686937558895,0.9999349451934766,0.0064184840065877324,0.007912805137641003,0.02342960238456726,0.9999985482731683,0.9999956972856019,0.0013635368845825724,0.0017039523278954073,0.005363106727600098
3,coupled_breakdown,mlp_scm,ok,0.1,1,1,0,False,0.8177733421325684,1.0,0.311997541477508,0.999990518727693,0.999977469422788,0.0033301067285265162,0.00435460039140499,0.018086105585098267,0.9999995096937035,0.9999980553966096,0.0007506957813347981,0.000990258858096615,0.004175648093223572
3,coupled_breakdown,mlp_scm,ok,0.1,2,1,0,False,0.8169005513191223,1.0,0.3130202123473538,0.9999921973094685,0.9999773800157356,0.003409538525602329,0.003950364634297476,0.007307201623916626,0.99999966910262,0.9999987706530291,0.000659169997106801,0.0008135076701429943,0.0024019479751586914
3,coupled_breakdown,mlp_scm,ok,0.1,3,1,0,False,0.8178078532218933,1.0,0.316120200536227,0.9994398199655076,0.9994158590229597,0.024214816101590486,0.03347178003329674,0.13663363456726074,0.999970309244569,0.9999572522530575,0.005508615516419013,0.00770593994640016,0.03198128938674927
3,coupled_breakdown,mlp_scm,ok,0.1,4,1,0,False,0.8274132609367371,1.0,0.30145712305151423,0.999095022168174,0.9990473566804948,0.031274826032600345,0.042543573607499344,0.16440421342849731,0.9999529579677979,0.9999319388813389,0.0070101908589350614,0.009699693851440408,0.03828270733356476
3,coupled_breakdown,mlp_scm,ok,0.1,5,1,0,False,0.8205953240394592,1.0,0.3151042240241971,0.9991595266939659,0.9991516164795078,0.02951488085057008,0.040999349108081236,0.1740693747997284,0.9999549468146255,0.9999375938774049,0.006799258363912486,0.009492437425261707,0.040640175342559814
3,coupled_breakdown,mlp_scm,ok,0.1,6,1,0,False,0.8292879462242126,1.0,0.3037968829976392,0.999897374607057,0.9998164473213647,0.012076331790922268,0.014326575984303893,0.03668421506881714,0.9999955837918671,0.9999913386917958,0.0024696244270216994,0.0029719381516200706,0.009434938430786133
3,coupled_breakdown,mlp_scm,ok,0.1,7,1,0,False,0.8256104588508606,1.0,0.30822104599280203,0.9999074668240012,0.9998711867892138,0.010261120511984245,0.013603909190692987,0.057867735624313354,0.9999951604991093,0.9999887905908018,0.002329411390860514,0.003111109419772201,0.013384655117988586
3,coupled_breakdown,mlp_scm,ok,0.1,8,1,0,False,0.8239544630050659,1.0,0.30433953726866375,0.9993363561840255,0.9993126832844574,0.026575115845957953,0.03643195883725319,0.1455915868282318,0.9999650273204844,0.9999478198090265,0.0060137393495551805,0.00836333403282932,0.03421790897846222
3,coupled_breakdown,mlp_scm,ok,0.1,9,1,0,False,0.8230118155479431,1.0,0.3091748308329553,0.9999831262843092,0.9999662264859452,0.004593063231006056,0.005809253906160032,0.022116154432296753,0.999999159401538,0.9999970160396251,0.0010106873633048963,0.001296609780890061,0.005091920495033264
3,coupled_breakdown,mlp_scm,ok,0.2,0,1,0,False,0.8285908699035645,1.0,0.31087100097648845,0.9986458833531394,0.9986561561225948,0.03737269050054692,0.052040688020672146,0.23052982985973358,0.9999267474486572,0.9999014510764609,0.00869314384090103,0.012103929194361127,0.053615279495716095
3,coupled_breakdown,mlp_scm,ok,0.2,1,1,0,False,0.8148574829101562,1.0,0.3114359135096965,0.9995796331323278,0.999540011891138,0.020989025119718008,0.02899540821301011,0.12848058342933655,0.9999772667882041,0.9999634883949645,0.004884473304741732,0.00674287940673708,0.029866337776184082
3,coupled_breakdown,mlp_scm,ok,0.2,2,1,0,False,0.8214640021324158,1.0,0.30643428123087707,0.9994799805441719,0.9994549187289892,0.023425120038041314,0.03224963433031979,0.13360145688056946,0.9999723006646476,0.9999572187254129,0.005353788200523013,0.007443028276704175,0.03131429851055145
3,coupled_breakdown,mlp_scm,ok,0.2,3,1,0,False,0.8265016674995422,1.0,0.3150439657549067,0.9973054132640174,0.9973877606215579,0.052676207829279065,0.07341098929268042,0.31891097128391266,0.9998547222641659,0.9998118763858093,0.012200573225868538,0.01704568761833725,0.07429519295692444
3,coupled_breakdown,mlp_scm,ok,0.2,4,1,0,False,0.8317622542381287,1.0,0.3020478441217017,0.9998447361414516,0.9997346733960373,0.014888218661894825,0.01762179619678953,0.04307758808135986,0.9999933542392125,0.9999878741685143,0.003023641748995942,0.003645753899178713,0.01161038875579834
3,coupled_breakdown,mlp_scm,ok,0.2,5,1,0,False,0.8352758884429932,1.0,0.29472245414382237,0.998201643895948,0.9981300738502251,0.04473538198814708,0.059972595864530014,0.23074132204055786,0.9999082578565254,0.9998801274944566,0.00992775191855344,0.013545637215337617,0.052138954401016235
3,coupled_breakdown,mlp_scm,ok,0.2,6,1,0,False,0.8273552656173706,1.0,0.3093441066543102,0.9994651358718599,0.9994476208783348,0.023576617041157988,0.03270670038886342,0.14566570520401,0.9999711160982904,0.9999560229060867,0.005483420381551696,0.007600513225367525,0.033842287957668304
3,coupled_breakdown,mlp_scm,ok,0.2,7,1,0,False,0.8322705030441284,1.0,0.3025339654734692,0.9998615412901422,0.9997580645161288,0.0141703059347833,0.016640835965117652,0.03342735767364502,0.9999940783051012,0.9999880418067377,0.0027873539816027915,0.0034414226591126485,0.010314345359802246
3,coupled_breakdown,mlp_scm,ok,0.2,8,1,0,False,0.82341068983078,1.0,0.3100222800021372,0.9998923647594069,0.9998707844574779,0.01061811163594939,0.01467209869201088,0.06527981162071228,0.9999941968397251,0.9999877624096987,0.00246685616269815,0.003406805060230975,0.01515740156173706
3,coupled_breakdown,mlp_scm,ok,0.2,9,1,0,False,0.8095068335533142,1.0,0.32125468778821675,0.9995205287996426,0.9994246320899792,0.023927847306623562,0.030966795021600345,0.1168099045753479,0.9999764331410558,0.9999680369787568,0.005206222546803474,0.006865399999846253,0.026263520121574402
3,coupled_breakdown,mlp_scm,ok,0.3,0,1,0,False,0.817974328994751,1.0,0.3115444150811541,0.9999771229844301,0.9999596438917101,0.004922611435961954,0.006764172459143692,0.03001388907432556,0.999998769441812,0.9999961107932194,0.0011414542118473037,0.0015687945289167263,0.006963387131690979
3,coupled_breakdown,mlp_scm,ok,0.3,1,1,0,False,0.8208383917808533,0.9999999403953552,0.3007353620210685,0.9951298460724823,0.9955945457227666,0.0720792263795147,0.09869299553420159,0.41984793543815613,0.9997383074928765,0.999678559294757,0.016607944837232935,0.022877608859719737,0.09833671152591705
3,coupled_breakdown,mlp_scm,ok,0.3,2,1,0,False,0.8042005300521851,1.0,0.3217636398280899,0.9997578087999953,0.9996056366676201,0.018418137731714523,0.022008688926826413,0.04715234041213989,0.9999894772461485,0.9999830126600386,0.0037084125351611874,0.004587538219726388,0.014005422592163086
3,coupled_breakdown,mlp_scm,ok,0.3,3,1,0,False,0.8351134657859802,1.0,0.29753550659211275,0.9993697906996694,0.9992103457370716,0.027931913040731615,0.03550237415921684,0.129031240940094,0.9999698252699388,0.9999579116300693,0.0060393375941032446,0.0077684914379007475,0.029101088643074036
3,coupled_breakdown,mlp_scm,ok,0.3,4,1,0,False,0.8160021305084229,1.0,0.3124934284335556,0.9999337241690439,0.9998988917995852,0.008477258534753673,0.011513108237867413,0.05052933096885681,0.9999964659010985,0.9999919645411629,0.0019540739444892097,0.0026586081892640227,0.011703863739967346
3,coupled_breakdown,mlp_scm,ok,0.3,5,1,0,False,0.8417465686798096,1.0,0.29672404119588325,0.9995806349262123,0.9993392595307918,0.02407107068620462,0.02896083815273533,0.062443554401397705,0.999981759668029,0.999970786245619,0.004875361601989425,0.006039922438402577,0.01858806610107422
3,coupled_breakdown,mlp_scm,ok,0.3,6,1,0,False,0.8375891447067261,1.0,0.29962667005748544,0.9997093853717808,0.9995340439703883,0.019772948964487114,0.024108696564409785,0.05575630068778992,0.9999871014713384,0.9999771117945783,0.004081087269241834,0.005079080248600465,0.015932202339172363
3,coupled_breakdown,mlp_scm,ok,0.3,7,1,0,False,0.8316231966018677,1.0,0.3004464278853337,0.9996018445065211,0.9994935872791645,0.022153914508862727,0.02821898248232083,0.10307621955871582,0.9999808751750323,0.9999709650597238,0.004793224072329849,0.00618463010039704,0.023238226771354675
3,coupled_breakdown,mlp_scm,ok,0.3,8,1,0,False,0.8217986226081848,1.0,0.3096958095635922,0.9999957015684141,0.9999860524998212,0.002387881294652061,0.0029320408045739083,0.007951676845550537,0.9999998042419573,0.9999986030148057,0.0005017390976718161,0.0006257124658505813,0.001975536346435547
3,coupled_breakdown,mlp_scm,ok,0.3,9,1,0,False,0.8108846545219421,1.0,0.3186835409554942,0.9998336860085845,0.9997471903833773,0.014828264992615914,0.018238091362047095,0.062072575092315674,0.9999923195093223,0.9999873489020813,0.0031699762539574294,0.003919308765817999,0.013937070965766907
4,coupled_breakdown,mlp_scm,ok,0.0,0,0,0,False,0.8325737118721008,1.0,-0.05827954988966463,1.0,1.0,0.0,0.0,0.0,1.0,1.0,0.0,0.0,0.0
4,coupled_breakdown,mlp_scm,ok,0.1,0,1,0,False,0.8316873908042908,1.0,-0.05820366366589997,0.9999968337260182,0.999992188058794,0.0019799086685452494,0.0025164554032609736,0.009671390056610107,0.9999997974604555,0.9999984689042271,0.0005001753377200657,0.0006364582485789332,0.0024483315646648407
4,coupled_breakdown,mlp_scm,ok,0.1,1,1,0,False,0.8266409039497375,1.0,-0.05883992803738904,0.9999485875728499,0.999911833470424,0.008259128199540555,0.010140259119592751,0.03776484727859497,0.9999967175452399,0.9999892711537086,0.002086114451444132,0.002562207993441096,0.009585857391357422
4,coupled_breakdown,mlp_scm,ok,0.1,2,1,0,False,0.8378065228462219,1.0,-0.05909360670700763,0.9997710975789174,0.9997162443673555,0.016273462440032915,0.02139637465217154,0.08584284782409668,0.9999853619808771,0.9999645277519491,0.004106682112706039,0.005410733622726191,0.021738439798355103
4,coupled_breakdown,mlp_scm,ok,0.1,3,1,0,False,0.829818606376648,1.0,-0.05829503464498397,0.9999910877824715,0.9999791011014949,0.003661130199930085,0.004221899430810342,0.010334014892578125,0.9999994293966412,0.9999969266325727,0.0009262960589921931,0.0010682727706423506,0.0026145949959754944
4,coupled_breakdown,mlp_scm,ok,0.1,4,1,0,False,0.8365129232406616,1.0,-0.0590429373485492,0.9998207768403183,0.9997779240576496,0.014261261448893947,0.018932678610680397,0.07648390531539917,0.999988541032598,0.9999706074315141,0.003598692472451148,0.004787268007249128,0.01936878263950348
4,coupled_breakdown,mlp_scm,ok,0.1,5,1,0,False,0.8274316191673279,1.0,-0.05965995364635816,0.9997113705207966,0.9996626113117802,0.01774735567326502,0.024026213674907225,0.10645437240600586,0.999981572992509,0.9999538072874398,0.0044716373454321,0.006070750723047192,0.02701660990715027
4,coupled_breakdown,mlp_scm,ok,0.1,6,1,0,False,0.8328632116317749,1.0,-0.05704682012004281,0.9997179233203557,0.9996829849438523,0.017453261179525725,0.023751912533233596,0.09924381971359253,0.9999819924207165,0.9999577216400828,0.0043897109276826995,0.006001263063898607,0.025167539715766907
4,coupled_breakdown,mlp_scm,ok,0.1,7,1,0,False,0.8338000774383545,1.0,-0.05795097313036873,0.9999840039410849,0.9999753907088189,0.004162754209460218,0.005656157495146639,0.025084376335144043,0.9999989792685675,0.9999961219691008,0.001048430961077429,0.0014287977189351264,0.006363540887832642
4,coupled_breakdown,mlp_scm,ok,0.1,8,1,0,False,0.8290733695030212,1.0,-0.05699362584682199,0.9995983416946311,0.9995366032472641,0.020961856212295515,0.028342840846047674,0.11552628874778748,0.9999743429893502,0.9999422318682496,0.005286463805902031,0.007163380690678472,0.02924307808279991
4,coupled_breakdown,mlp_scm,ok,0.1,9,1,0,False,0.8263241052627563,1.0,-0.05714303358935771,0.9995894329034424,0.9995074788999355,0.0217342456572851,0.028655439602017344,0.11540848016738892,0.9999737606377412,0.9999401531542808,0.00548141541582936,0.007244220155107817,0.029211964458227158
4,coupled_breakdown,mlp_scm,ok,0.2,0,1,0,False,0.8445621728897095,1.0,-0.05553457277911905,0.9989439120729858,0.9988846358450753,0.03377820643333962,0.045958414393156455,0.20452913641929626,0.99993266225478,0.9998638665867963,0.008511283406676284,0.01160497704038602,0.05185815691947937
4,coupled_breakdown,mlp_scm,ok,0.2,1,1,0,False,0.8421823382377625,1.0,-0.05851693353698263,0.9998418688676595,0.9997644571203774,0.01491399623255063,0.017783764385964608,0.05845320224761963,0.9999898767606491,0.9999747536835704,0.003771693071257687,0.004499608715830631,0.014795221388339996
4,coupled_breakdown,mlp_scm,ok,0.2,2,1,0,False,0.839269757270813,1.0,-0.060670405384903675,0.998573815756994,0.9985292204599098,0.03965589556148075,0.05340756906341907,0.2164677381515503,0.9999088107081328,0.9998073389778984,0.010002456549955241,0.013504761595416822,0.05484415590763092
4,coupled_breakdown,mlp_scm,ok,0.2,3,1,0,False,0.8134204149246216,1.0,-0.05723664453566887,0.9989696129105136,0.9986411245619053,0.037090943447310565,0.04539575019091555,0.1633303463459015,0.9999340799028,0.999863296616837,0.009372377681415855,0.011482168667364298,0.04133377969264984
4,coupled_breakdown,mlp_scm,ok,0.2,4,1,0,False,0.8138964176177979,1.0,-0.0571591032821307,0.9989470830393068,0.9986328208819111,0.03726275829831138,0.04588936703151344,0.16732805967330933,0.9999326442622081,0.9998605026464487,0.009415017423975769,0.011606527287501167,0.04234549216926098
4,coupled_breakdown,mlp_scm,ok,0.2,5,1,0,False,0.8313621282577515,1.0,-0.061699143720179,0.9977489855143249,0.9977613591660108,0.04980647957199835,0.06709716121510959,0.2842164635658264,0.9998561174543844,0.9997148585580429,0.012531316521535274,0.016963640264235573,0.07215309143066406
4,coupled_breakdown,mlp_scm,ok,0.2,6,1,0,False,0.8349750638008118,1.0,-0.06205285616861164,0.9970198445132593,0.9970624865889421,0.057358344813494,0.07720304993783113,0.320218026638031,0.9998094563285872,0.99963117355697,0.014436110531732993,0.019521458479467492,0.08129578828811646
4,coupled_breakdown,mlp_scm,ok,0.2,7,1,0,False,0.8337854743003845,1.0,-0.057045803201400944,0.9997340862560548,0.9996995476003145,0.016946225744732146,0.023061384946711606,0.09813064336776733,0.9999830270308481,0.999960347972248,0.004260151528171718,0.005826314364563072,0.02488599717617035
4,coupled_breakdown,mlp_scm,ok,0.2,8,1,0,False,0.8286106586456299,1.0,-0.05808964906473548,0.9999610729737728,0.9999392367319935,0.0072177658505552245,0.008823494227912239,0.031548380851745605,0.9999975089141449,0.9999919980688077,0.0018243415174765687,0.0022320779173771715,0.00798540934920311
4,coupled_breakdown,mlp_scm,ok,0.2,9,1,0,False,0.8339945673942566,1.0,-0.054973892239280966,0.998038041896174,0.9980175997782703,0.04582992055577506,0.06264116987342368,0.2614956945180893,0.999874825258504,0.9997507219619481,0.01152242349147059,0.015822436360552427,0.06628227233886719
4,coupled_breakdown,mlp_scm,ok,0.3,0,1,0,False,0.8502975702285767,0.9999999403953552,-0.05354658014050602,0.9968410938511462,0.9968697361597881,0.05799028308811671,0.07948466644042723,0.35256990790367126,0.9997986781981733,0.9996095035226379,0.01459252466156613,0.020065981057738456,0.08934967964887619
4,coupled_breakdown,mlp_scm,ok,0.3,1,1,0,False,0.8303796052932739,1.0,-0.06037719105402431,0.9992084996872054,0.9991685255882983,0.029434442561466767,0.03978694039731777,0.17053377628326416,0.9999494336410779,0.9998915939489307,0.0074034792609154465,0.010056476608152074,0.043280959129333496
4,coupled_breakdown,mlp_scm,ok,0.3,2,1,0,False,0.809695303440094,1.0,-0.05764031655960637,0.9989672973098517,0.9985400498891351,0.038267109406518784,0.04544673077852578,0.14799436926841736,0.9999339040701583,0.9998628272298119,0.00967558543254654,0.011497471864634783,0.03745158575475216
4,coupled_breakdown,mlp_scm,ok,0.3,3,1,0,False,0.8271171450614929,0.9999999403953552,-0.056586975870904166,0.999270618089097,0.9991720571668693,0.02836637270547726,0.03819376737313365,0.15556541085243225,0.9999534092108956,0.999902848061655,0.007153442303547308,0.009653060428917221,0.03937353752553463
4,coupled_breakdown,mlp_scm,ok,0.3,4,1,0,False,0.8264124989509583,1.0,-0.056024765373616364,0.998768431125608,0.998660458836993,0.03670784391192683,0.04963000900957079,0.20245176553726196,0.9999213495448799,0.9998360051140833,0.009257504777451686,0.012541966222836988,0.051234135404229164
4,coupled_breakdown,mlp_scm,ok,0.3,5,1,0,False,0.8517382144927979,0.9999999403953552,-0.06314278481937781,0.9933723578263005,0.9934063528181102,0.08611366062712023,0.11513159781171957,0.4642517566680908,0.9995758821106275,0.999178148022316,0.021737284607127094,0.029124487287919776,0.1176907941699028
4,coupled_breakdown,mlp_scm,ok,0.3,6,1,0,False,0.840067982673645,1.0,-0.05412755577989448,0.9972438691246864,0.9972789857663972,0.054222167875281,0.07424460844325274,0.31989218294620514,0.9998242513378175,0.9996582527179745,0.013623481484046351,0.018748261739167195,0.08107273280620575
4,coupled_breakdown,mlp_scm,ok,0.3,7,1,0,False,0.8292248249053955,1.0,-0.06011980114048991,0.9994252048906629,0.999383605428796,0.025040391448897026,0.03390560778042228,0.14729583263397217,0.9999632864532536,0.9999204165474572,0.006298518888002036,0.00856896099221895,0.037382304668426514
4,coupled_breakdown,mlp_scm,ok,0.3,8,1,0,False,0.8236113786697388,1.0,-0.05859693382440487,0.9999235974118532,0.9998580998319145,0.010837145740083542,0.012361439018474083,0.02252855896949768,0.9999951110245282,0.9999859407410056,0.002740355620318269,0.003126971507665348,0.005792140960693359
4,coupled_breakdown,mlp_scm,ok,0.3,9,1,0,False,0.8342925906181335,1.0,-0.05224252151179632,0.9934992508951581,0.9936083680530718,0.08292576409633057,0.11402411153055714,0.46963784098625183,0.9995855336402601,0.9992034390422716,0.02085167515417652,0.028791191602162845,0.11896524578332901
5,coupled_breakdown,mlp_scm,ok,0.0,0,0,0,False,0.8297443389892578,0.9999999403953552,0.028741710524958244,1.0,1.0,0.0,0.0,0.0,1.0,1.0,0.0,0.0,0.0
5,coupled_breakdown,mlp_scm,ok,0.1,0,1,0,False,0.8277714848518372,1.0,0.028709211366881714,0.9999868778137917,0.9999780729203919,0.003839620078565531,0.005122926097145308,0.021718978881835938,0.9999991947096888,0.9999972730849007,0.00095119911219399,0.0012690865188629496,0.005377769470214844
5,coupled_breakdown,mlp_scm,ok,0.1,1,1,0,False,0.8336997032165527,1.0,0.0284546914080839,0.9993721582837043,0.9993690879586581,0.026321700729440067,0.035435623291676675,0.1496296525001526,0.999961468819977,0.9999408013554107,0.006519517872391134,0.008778516796024873,0.0371246337890625
5,coupled_breakdown,mlp_scm,ok,0.1,2,1,0,False,0.8300473093986511,1.0,0.028657378971553557,0.9999403446559629,0.9999263174129174,0.00805636137977217,0.010922943353085987,0.04623258113861084,0.9999963390579858,0.9999912828123881,0.001995512832980495,0.002705897951405633,0.011469483375549316
5,coupled_breakdown,mlp_scm,ok,0.1,3,1,0,False,0.8233633041381836,1.0,0.028784894063434006,0.9999573554383876,0.9999172649488592,0.007827073863580836,0.009235211172949018,0.023332595825195312,0.9999973829619216,0.9999928250840425,0.0019392072926365245,0.0022878103290305033,0.005788207054138184
5,coupled_breakdown,mlp_scm,ok,0.1,4,1,0,False,0.8292238116264343,1.0,0.02874816071041446,0.9999994954407943,0.9999978765825047,0.000814251245401465,0.001004548857436675,0.003497481346130371,0.9999999690361517,0.9999996423717903,0.00020170218061821288,0.0002488527540821468,0.0008676052093505859
5,coupled_breakdown,mlp_scm,ok,0.1,5,1,0,False,0.8271423578262329,1.0,0.028740485784065375,0.9999949445857435,0.9999855607610328,0.0025992443034965618,0.0031797528902914704,0.007830023765563965,0.9999996897458291,0.9999982565624775,0.0006439059364282684,0.0007877235231550473,0.0019395649433135986
5,coupled_breakdown,mlp_scm,ok,0.1,6,1,0,False,0.8271937966346741,1.0,0.02857931019541441,0.9997730880803357,0.9997640659645232,0.015634739352890392,0.021303141292174192,0.08796221017837524,0.9999860745358531,0.9999757259852656,0.0038727007953411885,0.005277397749958339,0.02182251214981079
5,coupled_breakdown,mlp_scm,ok,0.1,7,1,0,False,0.8287893533706665,1.0,0.029007279641020105,0.9992867761821632,0.9993097440276089,0.027774125083965373,0.037768342439515636,0.1604616343975067,0.9999562339592054,0.9999352245905156,0.00687883503150033,0.009355858087104613,0.0397987961769104
5,coupled_breakdown,mlp_scm,ok,0.1,8,1,0,False,0.8358045220375061,1.0,0.028632673600684846,0.9998874065173179,0.9998499526142621,0.011776875133705289,0.015006231125452896,0.05780434608459473,0.9999930902525371,0.9999852478363492,0.002917156870296367,0.003717458096168935,0.01434093713760376
5,coupled_breakdown,mlp_scm,ok,0.1,9,1,0,False,0.8363485336303711,1.0,0.028494857020791787,0.9995208686655388,0.9994889045847936,0.023275545419892296,0.030955817591518477,0.1289132833480835,0.9999705955284559,0.9999519437093198,0.0057653055847026735,0.0076686987148737356,0.03198432922363281
5,coupled_breakdown,mlp_scm,ok,0.2,0,1,0,False,0.8256335258483887,1.0,0.02884543834921339,0.9998950508594471,0.9998625590086544,0.01109035490249255,0.014487866928659084,0.058883070945739746,0.9999935596922632,0.9999867677562406,0.0027473905608772498,0.003588957430957308,0.014606237411499023
5,coupled_breakdown,mlp_scm,ok,0.2,1,1,0,False,0.8337374925613403,1.0,0.029040779693818294,0.9990344592293795,0.9990790514805807,0.032096676693356585,0.04394407224575782,0.18462622165679932,0.9999407511776928,0.9999155103354551,0.007949948069239099,0.0108856621342072,0.045790672302246094
5,coupled_breakdown,mlp_scm,ok,0.2,2,1,0,False,0.8402642011642456,1.0,0.02887025268019796,0.9997362986224214,0.9996979494492525,0.01739868863853644,0.022965251342353735,0.09725320339202881,0.9999838175197506,0.9999725185072598,0.004310394462777367,0.005689021042219344,0.024078726768493652
5,coupled_breakdown,mlp_scm,ok,0.2,3,1,0,False,0.836212694644928,1.0,0.028595603467262313,0.9998133027735661,0.9997684804377369,0.014906180774346467,0.019323417407021447,0.07727038860321045,0.9999885425234559,0.9999783523174306,0.0036925775006579897,0.004786956437919973,0.01917058229446411
5,coupled_breakdown,mlp_scm,ok,0.2,4,1,0,False,0.8383501768112183,1.0,0.028881710540819932,0.9997358345342217,0.9997111258136042,0.017120632121965684,0.022985450511354717,0.09781628847122192,0.9999837891741066,0.9999722055825762,0.004241105464132033,0.005694001339344824,0.024217069149017334
5,coupled_breakdown,mlp_scm,ok,0.2,5,1,0,False,0.8408621549606323,1.0,0.027910174948775134,0.9956563095283213,0.9959356112760174,0.06943224271765303,0.09320612132620514,0.3919607400894165,0.999733392818128,0.9996691380266075,0.017199002845529776,0.023091434628813967,0.09727704524993896
5,coupled_breakdown,mlp_scm,ok,0.2,6,1,0,False,0.847690999507904,1.0,0.028654907304746194,0.9997493199418032,0.9995917785744939,0.01941240591747828,0.02239107250084248,0.04195511341094971,0.9999846155753068,0.9999722055825762,0.004809672984549707,0.005546967443088664,0.010445594787597656
5,coupled_breakdown,mlp_scm,ok,0.2,7,1,0,False,0.8227452635765076,1.0,0.02860573490579639,0.9997958636692335,0.9997696203776554,0.015080408793210154,0.020205758370575932,0.08550453186035156,0.9999874721895908,0.9999769776839996,0.003735958493166436,0.005005558954172757,0.021174490451812744
5,coupled_breakdown,mlp_scm,ok,0.2,8,1,0,False,0.8293927311897278,1.0,0.02803949414895209,0.9967084758882988,0.9969541252413989,0.06000710986666036,0.08113598660385045,0.3395909070968628,0.9997979780625984,0.9997427535584006,0.014863985196484464,0.020100842055348754,0.0842738151550293
5,coupled_breakdown,mlp_scm,ok,0.2,9,1,0,False,0.8374568223953247,1.0,0.02842387078499693,0.9992326741116963,0.9992189511658679,0.029368260080445907,0.03917463123599202,0.16369843482971191,0.9999529082190344,0.9999309665796438,0.0072742555630611605,0.00970482144489088,0.04061627388000488
5,coupled_breakdown,mlp_scm,ok,0.3,0,1,0,False,0.8455819487571716,1.0,0.029133986296836323,0.9979559820542196,0.9981073085795008,0.04671525853393632,0.06393775018093628,0.26813942193984985,0.9998745739191934,0.9998301154245046,0.011570404265057732,0.015838312782760936,0.06638067960739136
5,coupled_breakdown,mlp_scm,ok,0.3,1,1,0,False,0.821145236492157,1.0,0.02924400164572289,0.9969713715276166,0.997072678992919,0.05766435583757357,0.07782838168991607,0.32950133085250854,0.9998141613004032,0.9997575951291038,0.01428100936749388,0.019278936710300884,0.08171254396438599
5,coupled_breakdown,mlp_scm,ok,0.3,2,1,0,False,0.8495572209358215,1.0,0.02822018263050061,0.9980213301525299,0.9979248064337314,0.04810651534774024,0.062907390409739,0.25505030155181885,0.9998785609053663,0.9998313000679493,0.011919479143131184,0.015584549365799859,0.06329011917114258
5,coupled_breakdown,mlp_scm,ok,0.3,3,1,0,False,0.8190747499465942,1.0,0.028706267191474944,0.9998975487317997,0.9998240022172948,0.011672731899423638,0.014314417322814476,0.046657443046569824,0.9999937125038755,0.9999874383091337,0.002891913606094587,0.003546123559921563,0.011554926633834839
5,coupled_breakdown,mlp_scm,ok,0.3,4,1,0,False,0.8344563841819763,1.0,0.028945483264469832,0.9995572384595102,0.9995636600565051,0.021746073183066983,0.02975774031041574,0.12273862957954407,0.9999728300601405,0.9999584704241469,0.005386425022443575,0.007371558724647318,0.03044307231903076
5,coupled_breakdown,mlp_scm,ok,0.3,5,1,0,False,0.8365725874900818,1.0,0.028663311340587666,0.9999253216851717,0.9998867212645732,0.009977476509561711,0.012221155048343167,0.04106217622756958,0.999995417058861,0.999988533545526,0.002471636988332193,0.003027520819483345,0.01018744707107544
5,coupled_breakdown,mlp_scm,ok,0.3,6,1,0,False,0.8470149636268616,1.0,0.028635879650976283,0.9997410042125757,0.9995865706136899,0.019434785024600387,0.02275942803852931,0.050898969173431396,0.9999841052605021,0.9999717920749588,0.004815231693839905,0.005638215800897108,0.012629568576812744
5,coupled_breakdown,mlp_scm,ok,0.3,7,1,0,False,0.8229672312736511,1.0,0.029217495409164858,0.9973501353429709,0.9974675787676133,0.053811968015452294,0.07279923989689879,0.3088470995426178,0.9998374016614319,0.9997844060689507,0.01332551298372664,0.018033210053837456,0.07659196853637695
5,coupled_breakdown,mlp_scm,ok,0.3,8,1,0,False,0.8418688178062439,1.0,0.028068792551562607,0.9970045991561021,0.9971144209105215,0.057777967817713716,0.07740026834866348,0.32500797510147095,0.9998161545084625,0.999760489682426,0.014310955554975635,0.019175270061991788,0.08065450191497803
5,coupled_breakdown,mlp_scm,ok,0.3,9,1,0,False,0.823086142539978,1.0,0.029098085470631738,0.9986351258256099,0.9986338267112509,0.03880656361900492,0.05224699316629646,0.22071430087089539,0.9999162478807703,0.9998858942493384,0.009610696005154296,0.01294234275909315,0.05474025011062622
6,coupled_breakdown,mlp_scm,ok,0.0,0,0,0,False,0.8341986536979675,1.0,0.009736326302379217,1.0,1.0,0.0,0.0,0.0,1.0,1.0,0.0,0.0,0.0
6,coupled_breakdown,mlp_scm,ok,0.1,0,1,0,False,0.8373223543167114,1.0,0.009472526913355124,0.9999790027623888,0.999965053018382,0.0052419662443128345,0.006480314379646751,0.023006856441497803,0.9999987015460251,0.9999956078785492,0.0013026186562115072,0.0016114925014154816,0.005762159824371338
6,coupled_breakdown,mlp_scm,ok,0.1,1,1,0,False,0.8375687003135681,1.0,0.009318507855439482,0.9997601055743864,0.9997339134360916,0.015899628258324583,0.021904083355378468,0.09879904985427856,0.9999851466092031,0.9999734237536656,0.003961435975156746,0.005450392878252878,0.0244978666305542
6,coupled_breakdown,mlp_scm,ok,0.1,2,1,0,False,0.8289275765419006,1.0,0.010171576737008818,0.9998903446480022,0.9998553170374078,0.011568983380783493,0.014809142722467866,0.05692446231842041,0.9999932150958254,0.9999864883592016,0.0028763852203432805,0.0036837221540936904,0.014224648475646973
6,coupled_breakdown,mlp_scm,ok,0.1,3,1,0,False,0.8298947215080261,0.9999999403953552,0.010187325930937165,0.9999555444153702,0.9999375491738787,0.007203424681932802,0.00942927186040749,0.04058712720870972,0.9999972529871177,0.9999926686217008,0.0017916802922854913,0.0023439338069689893,0.010000288486480713
6,coupled_breakdown,mlp_scm,ok,0.1,4,1,0,False,0.8372473120689392,0.9999999403953552,0.009288508629068283,0.999239158732731,0.9992222368750447,0.02835858219376064,0.03900874978097248,0.17222744226455688,0.9999528808944536,0.9999276249910592,0.007063334854819914,0.009707636663460553,0.04276680946350098
6,coupled_breakdown,mlp_scm,ok,0.1,5,1,0,False,0.839004635810852,1.0,0.009417628332425482,0.999764900549841,0.9997440611365425,0.016389852393913884,0.02168407056892897,0.08686482906341553,0.9999854418139925,0.9999735131607179,0.004074898314115671,0.005395958951245865,0.02166271209716797
6,coupled_breakdown,mlp_scm,ok,0.1,6,1,0,False,0.8329063057899475,1.0,0.009747668470112148,0.9997218856353803,0.999696731278163,0.01735497370893313,0.02358450222608674,0.09803318977355957,0.9999827760872471,0.9999712891602889,0.004318885838529241,0.0058692270521197515,0.024398982524871826
6,coupled_breakdown,mlp_scm,ok,0.1,7,1,0,False,0.8325203061103821,1.0,0.009955434476002618,0.9999438686442028,0.9999313577354981,0.007709475997472737,0.010595410093987345,0.04785805940628052,0.9999965252895119,0.9999915957370716,0.001920869911742784,0.002636175454559275,0.011861145496368408
6,coupled_breakdown,mlp_scm,ok,0.1,8,1,0,False,0.829773485660553,1.0,0.009998344165370265,0.999277994388409,0.99924493509048,0.028194462314473867,0.03800014742448483,0.1535235047340393,0.9999552901160256,0.9999357275051854,0.007015104883322465,0.009456202758586583,0.038239479064941406
6,coupled_breakdown,mlp_scm,ok,0.1,9,1,0,False,0.8345951437950134,1.0,0.00994549611545873,0.9993364987067969,0.9993456968385667,0.026747970349418893,0.0364280474194585,0.15640723705291748,0.9999589118932343,0.9999377391638651,0.006658577171982927,0.009065109675132736,0.0388755202293396
6,coupled_breakdown,mlp_scm,ok,0.2,0,1,0,False,0.8270521759986877,1.0,0.010375867161818653,0.9999209846917232,0.9998825526607539,0.0104251210761106,0.01257102307011785,0.03935927152633667,0.9999951190575128,0.9999899640583648,0.0025906100397889986,0.003124401616063763,0.009881436824798584
6,coupled_breakdown,mlp_scm,ok,0.2,1,1,0,False,0.8344187140464783,1.0,0.009554580711316292,0.9992620950035256,0.9992428563765109,0.028083202812410946,0.03841627272820333,0.16461536288261414,0.9999542996022421,0.9999309889314066,0.006991279547719387,0.009560376388816648,0.04092806577682495
6,coupled_breakdown,mlp_scm,ok,0.2,2,1,0,False,0.8339313268661499,1.0,0.010044946267099177,0.9991607245147336,0.9991938752793799,0.030045206734001795,0.04097012263643302,0.17734837532043457,0.9999480292523355,0.999922148809098,0.007480006737807798,0.010195170264287913,0.04406380653381348
6,coupled_breakdown,mlp_scm,ok,0.2,3,1,0,False,0.8460565209388733,1.0,0.008743046122938485,0.9997506643930281,0.9996810068128174,0.018240373804445653,0.022330947545578225,0.07621103525161743,0.9999845831663028,0.9999708868285531,0.004534735082756924,0.005552807262128729,0.01910710334777832
6,coupled_breakdown,mlp_scm,ok,0.2,4,1,0,False,0.8197535872459412,0.9999999403953552,0.011058279165780258,0.9996891534045105,0.9995809044417423,0.0207667163619476,0.024933776648057886,0.07516849040985107,0.9999808054782409,0.999967131732351,0.0051618285802987884,0.0061958892040587235,0.018882274627685547
6,coupled_breakdown,mlp_scm,ok,0.2,5,1,0,False,0.8381130695343018,1.0,0.009191126656040695,0.9989656753012788,0.9989561056076102,0.03304064224656145,0.045482407281399975,0.20122921466827393,0.9999359432132854,0.9999043679815462,0.008229927371260715,0.01131872684324183,0.049964725971221924
6,coupled_breakdown,mlp_scm,ok,0.2,6,1,0,False,0.8189447522163391,1.0,0.011143936828345077,0.9996825245175514,0.9995667110721692,0.021107592184392843,0.025198233887760706,0.07154804468154907,0.9999804022260476,0.9999670199735354,0.0052479466675094955,0.006260634803908004,0.017993032932281494
6,coupled_breakdown,mlp_scm,ok,0.2,7,1,0,False,0.8221271634101868,1.0,0.010804726348635605,0.9996742597647725,0.9995866823725055,0.02073691632426744,0.02552411600279835,0.08976155519485474,0.9999798646643924,0.9999669529182462,0.005153063168677363,0.0063459177388083005,0.02247929573059082
6,coupled_breakdown,mlp_scm,ok,0.2,8,1,0,False,0.8270731568336487,1.0,0.01057895500692285,0.9996246432719155,0.9996086206279952,0.020097509370060607,0.02739915023853772,0.1243828535079956,0.9999767789228164,0.9999602138616693,0.00500254379048215,0.006814848270596818,0.03076273202896118
6,coupled_breakdown,mlp_scm,ok,0.2,9,1,0,False,0.8396017551422119,1.0,0.009918956863206423,0.9965998745722707,0.996927940150919,0.06098325220486345,0.08246363369270204,0.3466729521751404,0.9997894362636937,0.9997289848723268,0.015177705500775573,0.020521390550624737,0.08622902631759644
6,coupled_breakdown,mlp_scm,ok,0.3,0,1,0,False,0.8231273293495178,0.9999999403953552,0.010591606652372446,0.9978677423031032,0.9978321583756524,0.04906375464545931,0.06530325706785138,0.26377570629119873,0.99986799493141,0.999824773353122,0.012199782663714132,0.016248388664856478,0.06574732065200806
6,coupled_breakdown,mlp_scm,ok,0.3,1,1,0,False,0.8252948522567749,1.0,0.010491854143819226,0.999724667083263,0.9996642094628423,0.018469631842464196,0.02346627033748217,0.0888945460319519,0.9999829678783917,0.9999714009191044,0.004591712163119155,0.0058364582483435385,0.02222222089767456
6,coupled_breakdown,mlp_scm,ok,0.3,2,1,0,False,0.84220290184021,1.0,0.00878779448774779,0.9982373803570859,0.998285128030899,0.04302964508613627,0.05937372544383796,0.2661920487880707,0.9998908398974298,0.9998491255990272,0.010720296027301401,0.014775662688272902,0.06605136394500732
6,coupled_breakdown,mlp_scm,ok,0.3,3,1,0,False,0.8343430757522583,1.0,0.009606133939319653,0.9996858431899047,0.9996639188899219,0.018333429559476144,0.025066184662734314,0.10761591792106628,0.9999805437597341,0.9999683387275587,0.004564216770063467,0.0062379869738689074,0.026753544807434082
6,coupled_breakdown,mlp_scm,ok,0.3,4,1,0,False,0.8190174698829651,1.0,0.010999942350293118,0.9978160602223143,0.9977436565696302,0.05035249452831181,0.06608993474829969,0.264331579208374,0.9998648331078671,0.999822471121522,0.012517008913619065,0.016441830391751098,0.06593531370162964
6,coupled_breakdown,mlp_scm,ok,0.3,5,1,0,False,0.8236661553382874,1.0,0.010850313526392376,0.9997516733058341,0.9997016374901652,0.017143785112324395,0.022285721342346944,0.09432375431060791,0.9999846607811389,0.9999724067484442,0.0042630034541844,0.005538812043920434,0.02322256565093994
6,coupled_breakdown,mlp_scm,ok,0.3,6,1,0,False,0.8422791957855225,1.0,0.008775438444526783,0.9980010146287374,0.9980309298054919,0.045823762821186165,0.06322950779055568,0.28288325667381287,0.9998761985069785,0.9998331776160504,0.011416188661797833,0.015735405529952562,0.07020354270935059
6,coupled_breakdown,mlp_scm,ok,0.3,7,1,0,False,0.7950072288513184,1.0,0.013534263858007036,0.9971176140189156,0.9965679761819612,0.06299611706342034,0.07592609599633192,0.24118614196777344,0.9998220691943086,0.9997703356340747,0.015648533631633654,0.01886429458715395,0.06048864126205444
6,coupled_breakdown,mlp_scm,ok,0.3,8,1,0,False,0.8472044467926025,1.0,0.008320526911315495,0.995732378791082,0.9959088226879336,0.06680416273982814,0.09238637705486452,0.4138488620519638,0.999735668941713,0.9996521506866459,0.01664453985409864,0.0229926538612166,0.1027144193649292
6,coupled_breakdown,mlp_scm,ok,0.3,9,1,0,False,0.8445762991905212,1.0,0.009596879656096919,0.995537481573046,0.9960091597525211,0.07017557471473879,0.09447241225423102,0.3880743384361267,0.9997236220036602,0.9996474232887489,0.017463161204119615,0.023510763831779764,0.09660995006561279
7,coupled_breakdown,mlp_scm,ok,0.0,0,0,0,False,0.8262805342674255,1.0,0.13508536164037405,1.0,1.0,0.0,0.0,0.0,1.0,1.0,0.0,0.0,0.0
7,coupled_breakdown,mlp_scm,ok,0.1,0,1,0,False,0.8296213746070862,1.0,0.13486460797158412,0.9999674547392651,0.9999525136792788,0.006294750907272828,0.008067869528116394,0.03202402591705322,0.9999981001662817,0.9999795928402831,0.001521712634485084,0.00194927359325963,0.007755249738693237
7,coupled_breakdown,mlp_scm,ok,0.1,1,1,0,False,0.8328515291213989,1.0,0.13457231935590475,0.9999590269922832,0.9999353251734497,0.0072799196818778,0.009052403852955002,0.027148067951202393,0.9999976132271597,0.9999730661254559,0.0017588008396387522,0.002184844577842354,0.006501495838165283
7,coupled_breakdown,mlp_scm,ok,0.1,2,1,0,False,0.8260179162025452,1.0,0.13517420832970156,0.99986741423372,0.9998594185859381,0.011678559418726309,0.016284087876171076,0.06919723749160767,0.9999922559399179,0.9999340846505972,0.002822972911488364,0.003935494878059883,0.01671290397644043
7,coupled_breakdown,mlp_scm,ok,0.1,3,1,0,False,0.8308410048484802,1.0,0.13485052584138257,0.9995694255614452,0.9995620395536798,0.0213847278502044,0.029345337385508055,0.12464132905006409,0.9999748499853606,0.9997959284028323,0.0051677763149307054,0.007092251364842509,0.030141830444335938
7,coupled_breakdown,mlp_scm,ok,0.1,4,1,0,False,0.8320170044898987,1.0,0.13469945973023925,0.9999188150745923,0.9998949578892784,0.010035391542373873,0.01274244248565596,0.04953274130821228,0.999995261353985,0.9999523460410557,0.0024255688155410127,0.0030785210967514886,0.011998802423477173
7,coupled_breakdown,mlp_scm,ok,0.1,5,1,0,False,0.8340429067611694,1.0,0.13449638348566087,0.999951469846963,0.9999206288892066,0.008109338734584526,0.009851918632636274,0.0206146240234375,0.9999971738638705,0.9999674334811528,0.0019550906261542877,0.002377450824682964,0.005004853010177612
7,coupled_breakdown,mlp_scm,ok,0.1,6,1,0,False,0.8235312104225159,1.0,0.13531438427863693,0.9999836172230943,0.9999759495028967,0.004407648558640176,0.0057241202829192185,0.02406179904937744,0.9999990444707172,0.9999884664902365,0.0010642703126961806,0.0013824104158447648,0.005787968635559082
7,coupled_breakdown,mlp_scm,ok,0.1,7,1,0,False,0.8257344961166382,1.0,0.13521336721502863,0.9997704793012785,0.9997665358343465,0.01536389739200672,0.021425251360707637,0.09141677618026733,0.9999865943722783,0.999891035154853,0.0037137786538394835,0.0051779586702447224,0.022078096866607666
7,coupled_breakdown,mlp_scm,ok,0.1,8,1,0,False,0.829396665096283,1.0,0.134948130248297,0.999681535424128,0.9996731948716113,0.01832086642195918,0.025237454905922597,0.10712182521820068,0.9999813982158227,0.9998470133574135,0.004427487131636099,0.006099472775098586,0.025900036096572876
7,coupled_breakdown,mlp_scm,ok,0.1,9,1,0,False,0.8241438865661621,1.0,0.1351869994828261,0.9999305195995281,0.9999195001251697,0.008637266844971236,0.011788163319128787,0.05007481575012207,0.9999959419756288,0.9999551847149702,0.002087261508222582,0.0028488679891640473,0.012109160423278809
7,coupled_breakdown,mlp_scm,ok,0.2,0,1,0,False,0.8108420968055725,0.9999999403953552,0.13619250756304063,0.9997097189330696,0.999622266379372,0.020375739615246857,0.024094856200460042,0.06918378174304962,0.9999830803011748,0.9998206159251841,0.004925095600754048,0.005817163988097076,0.01679244637489319
7,coupled_breakdown,mlp_scm,ok,0.2,1,1,0,False,0.824927568435669,1.0,0.13518666790878464,0.9999984619147412,0.9999952726021026,0.0015038868418741913,0.0017539015055153075,0.0033301115036010742,0.9999999104259684,0.9999971501502037,0.0003624293560413605,0.00042325885967148567,0.0007997304201126099
7,coupled_breakdown,mlp_scm,ok,0.2,2,1,0,False,0.828335702419281,1.0,0.13471095740136707,0.9993578409836888,0.999349742507689,0.02556605203494655,0.035837382287419825,0.15401950478553772,0.9999624915767865,0.9996792745511763,0.006181285180446139,0.008661226696321883,0.037182897329330444
7,coupled_breakdown,mlp_scm,ok,0.2,3,1,0,False,0.8149123191833496,1.0,0.1353435903494893,0.9967629614740383,0.9966363949288319,0.05863200940228808,0.08046164735879398,0.3426347579807043,0.9998109357059983,0.9984583430190972,0.014169744997133193,0.019445528519338364,0.08282238245010376
7,coupled_breakdown,mlp_scm,ok,0.2,4,1,0,False,0.8319156169891357,1.0,0.13435966887564624,0.998910728865212,0.9989440133037693,0.03320995947922256,0.04667485651747897,0.2044546902179718,0.9999363781813494,0.999481483799442,0.00803114445693609,0.011280232254228438,0.04933568835258484
7,coupled_breakdown,mlp_scm,ok,0.2,5,1,0,False,0.8370648622512817,1.0,0.1341088233262228,0.9995142747192545,0.999496079500751,0.02288729531039735,0.031168100695941864,0.13850462436676025,0.9999716467758613,0.9997593609183892,0.005530965764364737,0.007530368551935924,0.03336635231971741
7,coupled_breakdown,mlp_scm,ok,0.2,6,1,0,False,0.8166162371635437,1.0,0.13589831746863767,0.9997316071543766,0.9997055378728272,0.017537166714419072,0.0231686353968599,0.09977203607559204,0.999984342901998,0.99986712994421,0.004234616725796059,0.005595908902746201,0.024012863636016846
7,coupled_breakdown,mlp_scm,ok,0.2,7,1,0,False,0.8302026987075806,1.0,0.13487697684151034,0.9997542019947906,0.9997375679493598,0.016212594193895313,0.02217196448430103,0.09416243433952332,0.9999856432380084,0.9998795016450895,0.003917785926830675,0.005358500233319874,0.02277320623397827
7,coupled_breakdown,mlp_scm,ok,0.2,8,1,0,False,0.8175593614578247,1.0,0.1351393133067117,0.996795525689059,0.9966891450897647,0.057894498439850395,0.08005590816672253,0.34120955131947994,0.9998128273522382,0.9984809853551245,0.013991966534206313,0.019348005005335376,0.08246728777885437
7,coupled_breakdown,mlp_scm,ok,0.2,9,1,0,False,0.821128785610199,1.0,0.13541042960612829,0.9999008588279584,0.999879244599814,0.010880704756573323,0.01408127623167928,0.05698210000991821,0.9999942122559714,0.9999334811529932,0.0026299509896148265,0.0034022769398939752,0.013793259859085083
7,coupled_breakdown,mlp_scm,ok,0.3,0,1,0,False,0.8210499882698059,1.0,0.13547348679426674,0.9999756207996312,0.9999585933588441,0.006013859002393929,0.006982721466548853,0.01298832893371582,0.9999985800027186,0.99997957048852,0.0014493949503275871,0.0016852283429007878,0.0031193792819976807
7,coupled_breakdown,mlp_scm,ok,0.3,1,1,0,False,0.8323521614074707,1.0,0.13470408907290485,0.9998029546164309,0.9997782481582146,0.015012585352565111,0.019851719482623806,0.08263108134269714,0.9999884932046449,0.9998988694478221,0.003628455528541963,0.0047972482853166545,0.019998639822006226
7,coupled_breakdown,mlp_scm,ok,0.3,2,1,0,False,0.8378024101257324,1.0,0.13438092318588093,0.9978811333378892,0.9979919623059866,0.047618287150896776,0.06509787488390574,0.2760104537010193,0.9998762287747602,0.9990105880301837,0.011506691828799376,0.015733481966125493,0.06676524877548218
7,coupled_breakdown,mlp_scm,ok,0.3,3,1,0,False,0.8388351202011108,1.0,0.13418453853403553,0.9998307650266313,0.9997678881160145,0.015530731383933016,0.018397552334631362,0.052465617656707764,0.9999901337385526,0.9999013169658821,0.003754388718334667,0.004442130512716318,0.012743979692459106
7,coupled_breakdown,mlp_scm,ok,0.3,4,1,0,False,0.829899251461029,1.0,0.13496190298165897,0.9987959218977915,0.9988756616121879,0.035464090541040605,0.04907296728017972,0.20678478479385376,0.9999296675654437,0.9994446927973678,0.00857032084934417,0.011860222239912389,0.049986451864242554
7,coupled_breakdown,mlp_scm,ok,0.3,5,1,0,False,0.8283770084381104,0.9999999403953552,0.13495916611724046,0.9999717698638195,0.9999604485551818,0.005646977412652632,0.007514004993445254,0.03145936131477356,0.9999983514232371,0.9999822974036191,0.0013648166691382357,0.0018158065564437102,0.0076122283935546875
7,coupled_breakdown,mlp_scm,ok,0.3,6,1,0,False,0.8279515504837036,1.0,0.13486253028620418,0.9998420970826324,0.9998338481689435,0.012677472258019407,0.017770926322666386,0.07739078998565674,0.9999907776243768,0.9999119228774767,0.003065393458207666,0.004294735291206976,0.018678724765777588
7,coupled_breakdown,mlp_scm,ok,0.3,7,1,0,False,0.8121922016143799,1.0,0.1361888079426799,0.9998018435747775,0.9997377132358198,0.016025285978685133,0.019907607236140025,0.05681204795837402,0.9999884597671962,0.99988425139475,0.003870417120253933,0.004804213269451293,0.013596832752227783
7,coupled_breakdown,mlp_scm,ok,0.3,8,1,0,False,0.8506474494934082,1.0,0.13326760130070456,0.9995526720036713,0.99939787702954,0.025271169613233724,0.029910799625783174,0.05818621814250946,0.9999739455758003,0.9997500849366998,0.006091782109763244,0.007218645912072332,0.014106608927249908
7,coupled_breakdown,mlp_scm,ok,0.3,9,1,0,False,0.8143446445465088,0.9999999403953552,0.13559904247767698,0.9982378520171432,0.9981690329733209,0.04392553955665335,0.059365779738616196,0.2513517886400223,0.9998970907654227,0.999138741863958,0.010615304828792915,0.01434637456192099,0.06077677011489868
8,coupled_breakdown,tree_scm,ok,0.0,0,0,0,False,0.83395916223526,1.0,-0.1089200650673604,1.0,1.0,0.0,0.0,0.0,1.0,1.0,0.0,0.0,0.0
8,coupled_breakdown,tree_scm,ok,0.1,0,1,0,False,0.8393930792808533,1.0,-0.10902124918001034,0.999974044539658,0.9999487362313138,0.005908642899271399,0.00720492332672116,0.017535001039505005,0.9999982955682514,0.9999817833130678,0.0015149045965330288,0.0018463107483791693,0.004491187632083893
8,coupled_breakdown,tree_scm,ok,0.1,1,1,0,False,0.8372455835342407,1.0,-0.10896843974498195,0.9999906658851229,0.9999773353122093,0.00355861844343508,0.004320674555030202,0.009644687175750732,0.9999993870137726,0.9999915063300192,0.0009124054745512922,0.0011072364074043194,0.0024704113602638245
8,coupled_breakdown,tree_scm,ok,0.1,2,1,0,False,0.8342987298965454,1.0,-0.10960351698073524,0.9999254878726886,0.9999073742936841,0.008753718609114003,0.012207548760575166,0.050853073596954346,0.9999951204743736,0.9999632872290966,0.0022478934358929337,0.003123947968379361,0.013005338609218597
8,coupled_breakdown,tree_scm,ok,0.1,3,1,0,False,0.8327459692955017,1.0,-0.10929052715553648,0.9999770454371967,0.9999645612795937,0.005024219832534982,0.006775627222485485,0.025452256202697754,0.9999984966998889,0.9999848790322581,0.0012890004329193516,0.001733955065439471,0.006509080529212952
8,coupled_breakdown,tree_scm,ok,0.1,4,1,0,False,0.8246484398841858,1.0,-0.10997997553299915,0.999737039718893,0.9996457469065161,0.018361106939096317,0.022932957476154148,0.08107352256774902,0.9999827609918999,0.9998694768793362,0.004701720773752527,0.00587179841461328,0.020741775631904602
8,coupled_breakdown,tree_scm,ok,0.1,5,1,0,False,0.8363326787948608,1.0,-0.11122848496401608,0.9990957097549508,0.999038136578213,0.030371541695046744,0.042527407243312075,0.17847037315368652,0.9999407458906214,0.999623641012803,0.007798683645759752,0.010886147892073159,0.04567646235227585
8,coupled_breakdown,tree_scm,ok,0.1,6,1,0,False,0.8394692540168762,1.0,-0.11015083420933511,0.9997298772023889,0.9996936914383806,0.016432881695095602,0.023243183352351388,0.10149088501930237,0.999982302390773,0.9998788087404333,0.004213762645932206,0.0059493880513609276,0.025973021984100342
8,coupled_breakdown,tree_scm,ok,0.1,7,1,0,False,0.8384255170822144,1.0,-0.10909151750682536,0.9999788801507294,0.9999591074493954,0.005237967630478124,0.0064992073712261305,0.020837098360061646,0.9999986137687418,0.9999849907910736,0.0013424516419995314,0.0016650713360837242,0.0053356364369392395
8,coupled_breakdown,tree_scm,ok,0.1,8,1,0,False,0.8319332599639893,1.0,-0.10930421735203345,0.9999730970228676,0.9999586827658964,0.005601777297329136,0.007335254004650714,0.02727043628692627,0.9999982376760165,0.9999823421071453,0.0014363169417634936,0.0018774045836794909,0.006974563002586365
8,coupled_breakdown,tree_scm,ok,0.1,9,1,0,False,0.8394603729248047,1.0,-0.1106024103320608,0.999509762434206,0.9994639823689292,0.022127789354158267,0.03131253864361979,0.13582608103752136,0.9999678801428988,0.9997898487232671,0.005675298957015684,0.008014967948958687,0.034761905670166016
8,coupled_breakdown,tree_scm,ok,0.2,0,1,0,False,0.8304277658462524,1.0,-0.11056345922595824,0.999540176521949,0.9994738283205779,0.022160434562920273,0.030325681341717328,0.11613279581069946,0.9999698746235529,0.9997997170266789,0.005688522907789206,0.007762135708152139,0.0297025665640831
8,coupled_breakdown,tree_scm,ok,0.2,1,1,0,False,0.8475813865661621,0.9999999403953552,-0.10962348024584101,0.9997711202369742,0.9996765476360775,0.01693807333219155,0.021395315182388266,0.07752871513366699,0.9999849808797016,0.9998903310743151,0.004339934491980557,0.005480715186404422,0.01985327899456024
8,coupled_breakdown,tree_scm,ok,0.2,2,1,0,False,0.832790195941925,1.0,-0.10680466855861916,0.9993468998836429,0.9993333139618052,0.025969647975557564,0.0361413921577635,0.1515921652317047,0.9999572737005632,0.999743770563622,0.006663568199524406,0.009244057485767433,0.03872501850128174
8,coupled_breakdown,tree_scm,ok,0.2,3,1,0,False,0.8367432951927185,0.9999999403953552,-0.10643785919087217,0.9991101982648135,0.9990729270974893,0.03059020439394544,0.04218534593012403,0.16936948895454407,0.9999417960141116,0.9996570233710034,0.00785714913293134,0.010789252328722528,0.043249472975730896
8,coupled_breakdown,tree_scm,ok,0.2,4,1,0,False,0.8394479751586914,1.0,-0.10839485534422226,0.9999336296370954,0.9998943543916744,0.009393385132426602,0.011521315908275973,0.03934788703918457,0.9999956504284644,0.9999617449574423,0.002402168909114266,0.0029494309728492784,0.010062262415885925
8,coupled_breakdown,tree_scm,ok,0.2,5,1,0,False,0.8420804142951965,1.0,-0.10506601548471292,0.9979155125727314,0.9978208707352835,0.047204294655784906,0.06456759902338079,0.25127872824668884,0.9998637099421361,0.9992249079107359,0.012106553367701167,0.016510000371567368,0.06411926448345184
8,coupled_breakdown,tree_scm,ok,0.2,6,1,0,False,0.8379798531532288,1.0,-0.10766795071251833,0.999753930176719,0.9996996593591302,0.016426735014533733,0.022184220694134157,0.08312112092971802,0.9999838945499324,0.9998949467133967,0.00421222120901632,0.005675464689105406,0.021246671676635742
8,coupled_breakdown,tree_scm,ok,0.2,7,1,0,False,0.8442747592926025,1.0,-0.10677184764637282,0.9992566423549647,0.9991222574386667,0.02919865798628507,0.03855794607548901,0.14350968599319458,0.9999513538560963,0.9996890869751804,0.007480455217390158,0.009863685322311043,0.03667484223842621
8,coupled_breakdown,tree_scm,ok,0.2,8,1,0,False,0.8386589884757996,0.9999999403953552,-0.10452860718229033,0.9973679521207147,0.9973193754023316,0.052695532884399654,0.07255408726308671,0.2928624451160431,0.9998279494448169,0.9990456355947356,0.013530153286367863,0.018549962025065217,0.07472750544548035
8,coupled_breakdown,tree_scm,ok,0.2,9,1,0,False,0.8220589756965637,1.0,-0.10630561988145364,0.9988908157594544,0.9988659609469994,0.03361788567644908,0.04709955787827356,0.20492926239967346,0.99992742073629,0.9995825584722123,0.008619055288619393,0.012048175327155254,0.05236443877220154
8,coupled_breakdown,tree_scm,ok,0.3,0,1,0,False,0.834143877029419,1.0,-0.10476180394425505,0.9976271972832408,0.9976066626135468,0.04973753445085549,0.06888835338669347,0.28596261143684387,0.9998448833927274,0.999138518346327,0.01276486081671635,0.017613438324301765,0.07298547029495239
8,coupled_breakdown,tree_scm,ok,0.3,1,1,0,False,0.8447245359420776,1.0,-0.10477753530975617,0.9975896650127613,0.9974388679279022,0.05102276164251407,0.06943104358701158,0.26526322960853577,0.9998424160771845,0.9991065441492024,0.013077199563895192,0.017752967293786653,0.06767375767230988
8,coupled_breakdown,tree_scm,ok,0.3,2,1,0,False,0.835628092288971,1.0,-0.10607774109895156,0.9988496163560757,0.9988156471282454,0.03470213961969648,0.04796631386633387,0.19583800435066223,0.9999247612792554,0.9995680633538372,0.00891090447821341,0.012266924517201818,0.05000521242618561
8,coupled_breakdown,tree_scm,ok,0.3,3,1,0,False,0.8266606330871582,1.0,-0.11179929071723027,0.9984934879798903,0.9983000925362991,0.040327710087979085,0.05489101926066262,0.2069586217403412,0.999901251495232,0.9993541905085472,0.0103518491495862,0.014053362854233668,0.05296590179204941
8,coupled_breakdown,tree_scm,ok,0.3,4,1,0,False,0.8303225636482239,1.0,-0.11186215053875179,0.9984737112246975,0.9983168116551032,0.03998139083375918,0.055250135549145346,0.21768638491630554,0.999899961964644,0.9993479431907589,0.010264030295914495,0.014144824765458931,0.05571446940302849
8,coupled_breakdown,tree_scm,ok,0.3,5,1,0,False,0.8517401218414307,1.0,-0.11012387408952087,0.9995119229725234,0.9993730889242542,0.024211435094571243,0.031243464022192496,0.12310102581977844,0.9999679810633288,0.9997826626314282,0.00620300609220692,0.008002366747542445,0.031524911522865295
8,coupled_breakdown,tree_scm,ok,0.3,6,1,0,False,0.8557814955711365,1.0,-0.10290573479197022,0.9950667325436343,0.9948483768149631,0.07385960028801719,0.09933043217259364,0.36920100450515747,0.9996776576959275,0.998220196159073,0.01892226638027239,0.025390639623694332,0.09424012899398804
8,coupled_breakdown,tree_scm,ok,0.3,7,1,0,False,0.8352636694908142,1.0,-0.10791592757008157,0.9998469815996964,0.999816436145483,0.012684488326499377,0.01749390713249034,0.06959488987922668,0.9999899852844355,0.9999316259566554,0.0032575214455476953,0.004475425268870698,0.017781823873519897
8,coupled_breakdown,tree_scm,ok,0.3,8,1,0,False,0.8279187083244324,1.0,-0.11306669643089144,0.9967797476062393,0.9964681196802803,0.05820730979905875,0.08025275457739049,0.3123750388622284,0.9997888343843401,0.9986319715149131,0.014946122164403164,0.02055069894845439,0.07999099977314472
8,coupled_breakdown,tree_scm,ok,0.3,9,1,0,False,0.8289709687232971,1.0,-0.1092271003620073,0.9999634548450019,0.9999376385809313,0.007226529096556078,0.008549286847413826,0.025671720504760742,0.9999976026428236,0.9999753571811744,0.001848360436994767,0.002189683597654638,0.0065676867961883545
9,coupled_breakdown,tree_scm,ok,0.0,0,0,0,False,0.8452641367912292,1.0,0.0042617818404379814,1.0,1.0,0.0,0.0,0.0,1.0,1.0,0.0,0.0,0.0
9,coupled_breakdown,tree_scm,ok,0.1,0,1,0,False,0.8415403366088867,1.0,0.005952135250232363,0.999670057878398,0.9996250379979973,0.018749215998155933,0.025688212849656868,0.10162472724914551,0.999979603643317,0.999700486374365,0.004631855079452407,0.00638691745625806,0.025416284799575806
9,coupled_breakdown,tree_scm,ok,0.1,1,1,0,False,0.8469762206077576,1.0,0.004021575040500586,0.9993928904469573,0.9993581160351495,0.025177741093671102,0.03484564713497816,0.15043947100639343,0.999962301209039,0.9994878987554537,0.00627876272115202,0.008683178239365307,0.03738749027252197
9,coupled_breakdown,tree_scm,ok,0.1,2,1,0,False,0.8424432873725891,1.0,0.005524098387628471,0.9998072594725305,0.9997653064873756,0.014325823223998668,0.019633672094920895,0.07766672968864441,0.9999880817457009,0.9998087694907373,0.0035399851150828,0.004882264678343025,0.019424602389335632
9,coupled_breakdown,tree_scm,ok,0.1,3,1,0,False,0.8490382432937622,1.0,0.0029227341525592254,0.9999253042902463,0.9999018869358414,0.008947908626623757,0.012222578372748682,0.055854082107543945,0.9999954124264842,0.9999187401652241,0.0022342706868769824,0.0030290505098772517,0.013352155685424805
9,coupled_breakdown,tree_scm,ok,0.1,4,1,0,False,0.8400031328201294,1.0,0.006245747727258385,0.9999370650317392,0.9999122246262783,0.008597290166562743,0.011219177437365842,0.049407750368118286,0.9999962081975848,0.9999302624991059,0.0021147339266995857,0.0027538345475408383,0.011461615562438965
9,coupled_breakdown,tree_scm,ok,0.1,5,1,0,False,0.8422555923461914,1.0,0.005463104373690787,0.999972025976476,0.9999536983227235,0.005848775406093409,0.007479842918000702,0.02733248472213745,0.9999983053756658,0.9999645054001859,0.0014187384464037223,0.0018409912252604086,0.00688210129737854
9,coupled_breakdown,tree_scm,ok,0.1,6,1,0,False,0.8469758629798889,1.0,0.003728360246172261,0.9999016324647108,0.9998783617051713,0.01016091187341317,0.014026228090319713,0.062370866537094116,0.9999938993802547,0.9998997188148199,0.0025386631108972324,0.0034930272304449167,0.01531684398651123
9,coupled_breakdown,tree_scm,ok,0.1,7,1,0,False,0.8487034440040588,1.0,0.0029372985048711255,0.9993439802625237,0.9992995069201057,0.026369632882619953,0.036222085532861985,0.1464093029499054,0.9999593026543893,0.999443809902725,0.006539842052973199,0.009021900720938928,0.03705954551696777
9,coupled_breakdown,tree_scm,ok,0.1,8,1,0,False,0.8409090638160706,1.0,0.005875858765542259,0.9997670941708839,0.9997326282097131,0.01567357054511831,0.02158267087695514,0.09789857268333435,0.9999856190449189,0.9997872447428653,0.003920399002467434,0.005363013126908919,0.02369856834411621
9,coupled_breakdown,tree_scm,ok,0.1,9,1,0,False,0.8521196246147156,0.9999999403953552,0.001631587482302156,0.9999140088969957,0.9998865983298763,0.010661799028156338,0.013114198931738371,0.04391661286354065,0.9999948582853492,0.9999107047063872,0.0025689557360806248,0.0032067785870415104,0.011110901832580566
9,coupled_breakdown,tree_scm,ok,0.2,0,1,0,False,0.8478021621704102,1.0,0.0035726880188954643,0.9996501432714746,0.9996128898147486,0.019137553058385492,0.026452097772866914,0.11647352576255798,0.9999782859548594,0.9996898469351261,0.004778125775345643,0.006589999267562968,0.028735041618347168
9,coupled_breakdown,tree_scm,ok,0.2,1,1,0,False,0.8554275035858154,1.0,0.0006015534072837271,0.9997857380134374,0.9997353215971674,0.015869350974526242,0.020700821155596003,0.09130236506462097,0.9999870736610137,0.9997849201595022,0.0039026261312216093,0.0050845528585222195,0.021210551261901855
9,coupled_breakdown,tree_scm,ok,0.2,2,1,0,False,0.8490414619445801,1.0,0.0035876787705900336,0.9986369891157822,0.9985942529146696,0.03768033010760519,0.0522113196197669,0.22707252204418182,0.9999153636939272,0.9988911625599027,0.00940080963820833,0.01301048082494468,0.056305766105651855
9,coupled_breakdown,tree_scm,ok,0.2,3,1,0,False,0.8398244380950928,1.0,0.006376281186688305,0.999972368070071,0.9999524577998712,0.006409568003050481,0.007433966794246133,0.014306843280792236,0.9999984148519954,0.9999617114297974,0.0014992146468557621,0.001780532489335724,0.0038286447525024414
9,coupled_breakdown,tree_scm,ok,0.2,4,1,0,False,0.8374873399734497,0.9999999403953552,0.007212107379040309,0.9997181404343655,0.9996655840962735,0.017523413655453624,0.023742770422494938,0.10809776186943054,0.9999827630116337,0.9997352545418783,0.004368893917479966,0.005871454301597555,0.02566230297088623
9,coupled_breakdown,tree_scm,ok,0.2,5,1,0,False,0.8469597697257996,1.0,0.004441057435219537,0.9984911489880702,0.9984505646055359,0.03962680084586623,0.05493361547314334,0.23439760506153107,0.9999063133420536,0.9987623381732349,0.009870687223255459,0.013688437350917073,0.05848288536071777
9,coupled_breakdown,tree_scm,ok,0.2,6,1,0,False,0.8625072836875916,1.0,-0.001988265701501488,0.9982908890370692,0.9982141388312711,0.043877893082822084,0.05846556340577917,0.2259863317012787,0.9998948514668675,0.9986088262642157,0.010786067471983074,0.014501622841188682,0.05677992105484009
9,coupled_breakdown,tree_scm,ok,0.2,7,1,0,False,0.8288556337356567,1.0,0.010753920284743932,0.9997590264009538,0.9996686798154638,0.019046924421331823,0.021953295889026784,0.03884553909301758,0.9999862809917812,0.999746944513983,0.004398583366423736,0.005238131077793527,0.011878371238708496
9,coupled_breakdown,tree_scm,ok,0.2,8,1,0,False,0.8561135530471802,1.0,0.00039887747057127705,0.9997004508827944,0.9996446069665974,0.01844491970928175,0.024476483320099454,0.10988783836364746,0.9999818166240435,0.9997108799442098,0.004570077528626371,0.006030485309521733,0.025760650634765625
9,coupled_breakdown,tree_scm,ok,0.2,9,1,0,False,0.8493421673774719,1.0,0.002659357077994762,0.9996753956392673,0.9996319670445604,0.0186469584069755,0.0254795750320375,0.10053560137748718,0.9999799106731238,0.9997133833416778,0.004607898599559235,0.0063386634210298234,0.02515968680381775
9,coupled_breakdown,tree_scm,ok,0.3,0,1,0,False,0.8540197014808655,1.0,0.0009327443543376868,0.9999068119139187,0.9998750089407051,0.011450387417028196,0.013651966152702479,0.038588374853134155,0.9999945313959543,0.9998989476789929,0.0027381348311337206,0.0033071449657173088,0.00982666015625
9,coupled_breakdown,tree_scm,ok,0.3,1,1,0,False,0.8457822203636169,1.0,0.0041704735337079095,0.9986366578627783,0.9986288199163149,0.03799563395114092,0.05221766262082834,0.22217980027198792,0.9999153420645851,0.9989041712860308,0.009466191541491753,0.013012143465912314,0.0554049015045166
9,coupled_breakdown,tree_scm,ok,0.3,2,1,0,False,0.840622067451477,1.0,0.007464268511214446,0.9970403625734234,0.9969719619483582,0.055475602005671476,0.07693682439141293,0.309621624648571,0.9998166614445396,0.9976228117623915,0.013745294862602009,0.01914881504499507,0.07845675945281982
9,coupled_breakdown,tree_scm,ok,0.3,3,1,0,False,0.8455878496170044,1.0,0.005319630933609097,0.9976417180991685,0.9975826456440884,0.04949099612451846,0.06867724586013339,0.28834740817546844,0.9998536330394927,0.9980865661433375,0.01230606756056396,0.017109468936547242,0.07228469848632812
9,coupled_breakdown,tree_scm,ok,0.3,4,1,0,False,0.8132513761520386,0.9999999403953552,0.018646499594483792,0.9961627306331705,0.9958486405657678,0.06882776348970765,0.08760444617866171,0.31941257417201996,0.9997685186967733,0.9967567032937557,0.016658097236359026,0.021516565484428846,0.0802152156829834
9,coupled_breakdown,tree_scm,ok,0.3,5,1,0,False,0.8614864945411682,1.0,-0.001764142634271446,0.9997982523698137,0.9997155179350545,0.017289053206589244,0.02008719166069082,0.037993401288986206,0.9999885124479182,0.9997753983084183,0.00399282990439076,0.004793235258911765,0.011096954345703125
9,coupled_breakdown,tree_scm,ok,0.3,6,1,0,False,0.8243642449378967,1.0,0.0141043693534565,0.9963395565676049,0.9961776361669408,0.06447678947677105,0.08556218246041067,0.331386461853981,0.9997760447656739,0.9970000245869391,0.015759611677054863,0.02116389526076278,0.0829986184835434
9,coupled_breakdown,tree_scm,ok,0.3,7,1,0,False,0.8406890630722046,1.0,0.005991852229139153,0.9999665287513162,0.9999461993062011,0.006452957699593753,0.00818183968737402,0.03415676951408386,0.9999980093760127,0.9999570957907157,0.0015631051332434254,0.001995306507768664,0.007781684398651123
9,coupled_breakdown,tree_scm,ok,0.3,8,1,0,False,0.819832980632782,1.0,0.014426388405589735,0.9988286287389555,0.9986721041055717,0.038085916251020535,0.04840188597201661,0.20214805006980896,0.9999304289917224,0.99894459444961,0.009238910702023873,0.01179584730928004,0.0459367036819458
9,coupled_breakdown,tree_scm,ok,0.3,9,1,0,False,0.8505385518074036,1.0,0.0023671335298311906,0.9986483516070768,0.9986178899041555,0.03790550125097525,0.051993239209973306,0.21000942587852478,0.999916135851298,0.9989016567126814,0.009401294709192598,0.012950996056166801,0.05316329002380371
10,coupled_breakdown,tree_scm,ok,0.0,0,0,0,False,0.8186179399490356,1.0,0.0999661307249026,1.0,1.0,0.0,0.0,0.0,1.0,1.0,0.0,0.0,0.0
10,coupled_breakdown,tree_scm,ok,0.1,0,1,0,False,0.8178014159202576,1.0,0.0971528093089355,0.9994590710203787,0.9994632559366281,0.023874068419104333,0.032891608642979006,0.1339619755744934,0.999968082258103,0.9999355598669623,0.005794739297016349,0.007989710909360211,0.032803356647491455
10,coupled_breakdown,tree_scm,ok,0.1,1,1,0,False,0.8223795890808105,1.0,0.10279706162943561,0.9993411880154706,0.9992982663972532,0.02618093144735667,0.03629909051587458,0.1519458293914795,0.9999611335918057,0.9999288208103854,0.006350787954033876,0.008816621411669511,0.03644263744354248
10,coupled_breakdown,tree_scm,ok,0.1,2,1,0,False,0.8215842247009277,1.0,0.10029156928818067,0.9999728728923545,0.999956313479007,0.005546802918729554,0.007365746096665684,0.03131812810897827,0.9999983927757524,0.9999936968028037,0.0013526511570489674,0.0017928883072688038,0.007565975189208984
10,coupled_breakdown,tree_scm,ok,0.1,3,1,0,False,0.8223116993904114,1.0,0.09930186095872716,0.9999770817723961,0.9999594091981974,0.005545791986492077,0.006770262487893327,0.021934866905212402,0.9999986511754962,0.9999951161397609,0.0013505090296348499,0.0016424521359217046,0.005379036068916321
10,coupled_breakdown,tree_scm,ok,0.1,4,1,0,False,0.8239649534225464,1.0,0.09890421408339606,0.9999438859891103,0.9999135657320649,0.008552129469421743,0.010593772701014765,0.03647080063819885,0.9999966984293136,0.9999911487018095,0.002083735943188003,0.0025696577688727597,0.008942261338233948
10,coupled_breakdown,tree_scm,ok,0.1,5,1,0,False,0.8207769989967346,1.0,0.09929869414561208,0.9999783715478395,0.9999652290384193,0.005011572958835586,0.00657699805688809,0.026032984256744385,0.999998727858404,0.9999954514162075,0.0012195090603199787,0.0015950809173689426,0.006377771496772766
10,coupled_breakdown,tree_scm,ok,0.1,6,1,0,False,0.8270618319511414,1.0,0.09944646419225082,0.9999362667714125,0.9998964778091695,0.009352477841218843,0.011290104312425045,0.025161027908325195,0.9999962237707531,0.9999889694049067,0.0022806601893989864,0.002748173674193798,0.006397724151611328
10,coupled_breakdown,tree_scm,ok,0.1,7,1,0,False,0.8126503229141235,1.0,0.1001966085633604,0.9999639034957165,0.9999339505400185,0.006892656261584307,0.008496647004337398,0.022403061389923096,0.9999978589880327,0.9999926462699377,0.001679455550856801,0.002069305129453977,0.005502760410308838
10,coupled_breakdown,tree_scm,ok,0.1,8,1,0,False,0.817034125328064,1.0,0.09996602048136828,0.9999968254179449,0.9999916404405979,0.0020296864292816963,0.002519754762726604,0.008734703063964844,0.9999998115711147,0.9999983347936484,0.000494491904419192,0.0006138874228312937,0.002128005027770996
10,coupled_breakdown,tree_scm,ok,0.1,9,1,0,False,0.8127328753471375,1.0,0.10037237478648281,0.9999674493594559,0.9999358951434089,0.006774819128736453,0.008068536427109717,0.017426609992980957,0.99999807249131,0.9999932721193048,0.0016500027713846066,0.0019634197826392885,0.004462003707885742
10,coupled_breakdown,tree_scm,ok,0.2,0,1,0,False,0.8211023807525635,1.0,0.09839455513690558,0.9998667255002944,0.9998488573778699,0.012009251147560462,0.016326328234044233,0.06775879859924316,0.9999921521231365,0.9999824426900792,0.002913968488428509,0.003961786589809763,0.016595035791397095
10,coupled_breakdown,tree_scm,ok,0.2,1,1,0,False,0.8128089308738708,1.0,0.09825823544221546,0.999669021596445,0.9996612813818754,0.01876163255190022,0.025728521168386538,0.11076760292053223,0.9999804242536886,0.9999591186252771,0.004562943674500275,0.006257115369396524,0.026663541793823242
10,coupled_breakdown,tree_scm,ok,0.2,2,1,0,False,0.8113366961479187,1.0,0.09851904847597488,0.9996917698059157,0.9996780116765609,0.01828985740837652,0.024828620012242727,0.1069762110710144,0.9999817542540975,0.9999599121128673,0.0044547012241764605,0.006040818828389092,0.025788843631744385
10,coupled_breakdown,tree_scm,ok,0.2,3,1,0,False,0.8257123231887817,1.0,0.09662383197584676,0.999433662302163,0.9994012186181245,0.024932455243856566,0.03365524257709591,0.13866639137268066,0.999966655618586,0.9999344422788069,0.006049488716030282,0.008166318726016718,0.033981651067733765
10,coupled_breakdown,tree_scm,ok,0.2,4,1,0,False,0.8132161498069763,1.0,0.0983387430756657,0.9997035157178454,0.9996932444031185,0.017747205719956582,0.024350945704051854,0.10480934381484985,0.9999824656668613,0.999962851369716,0.0043156600195288775,0.005921880268803397,0.02522653341293335
10,coupled_breakdown,tree_scm,ok,0.2,5,1,0,False,0.8067067265510559,1.0,0.10517117627864417,0.998551284808863,0.9983759991238108,0.04010748454709301,0.05382778381645317,0.2201574444770813,0.9999148307206734,0.9998498743830911,0.009742043072037632,0.013051381351511317,0.0538402795791626
10,coupled_breakdown,tree_scm,ok,0.2,6,1,0,False,0.8139377236366272,1.0,0.10640237621784418,0.9973943141556834,0.9972442846541735,0.052388672227721145,0.07218982995748155,0.3012305200099945,0.9998466625383478,0.9997419712466917,0.012718243611061553,0.017512136447340086,0.07361090183258057
10,coupled_breakdown,tree_scm,ok,0.2,7,1,0,False,0.8188653588294983,1.0,0.10085873179308956,0.9999446401861743,0.9999249986588941,0.007609207255654837,0.010522339396403443,0.04316753149032593,0.9999967358827505,0.9999891705707745,0.0018486728533844143,0.0025550409993673182,0.010560676455497742
10,coupled_breakdown,tree_scm,ok,0.2,8,1,0,False,0.8241967558860779,1.0,0.10257408317523073,0.9993665242277364,0.9993217469243972,0.025695064605884,0.03559426242003516,0.15151125192642212,0.9999626023803104,0.9999307989414203,0.00623548093426507,0.008648424122012511,0.03638225793838501
10,coupled_breakdown,tree_scm,ok,0.2,9,1,0,False,0.8174041509628296,1.0,0.1065425305791177,0.997081367684526,0.9969889045847936,0.05512354349423276,0.07640199415091788,0.31787770986557007,0.9998281685565723,0.9997116957835634,0.013393888004657128,0.01853814673479901,0.07766535878181458
10,coupled_breakdown,tree_scm,ok,0.3,0,1,0,False,0.8391350507736206,1.0,0.09523068683369028,0.9989566557291312,0.9987831029611616,0.03584262332833532,0.045680285685884794,0.16971397399902344,0.9999386003084317,0.9998899175666974,0.008737259919371354,0.011081488092850963,0.04163685441017151
10,coupled_breakdown,tree_scm,ok,0.3,1,1,0,False,0.8180402517318726,1.0,0.09789718078074323,0.9997069085941797,0.999698988806237,0.017559663898964573,0.0242112119995278,0.09877884387969971,0.9999827087360489,0.9999644718725412,0.004263169728574212,0.005880691099003419,0.02418363094329834
10,coupled_breakdown,tree_scm,ok,0.3,2,1,0,False,0.8031365871429443,1.0,0.10197203560127599,0.9997121601847069,0.9995730813246548,0.02042190658119125,0.023993324976160142,0.05522853136062622,0.9999830296312213,0.9999624825656247,0.004964996613892936,0.005825867834633022,0.013552293181419373
10,coupled_breakdown,tree_scm,ok,0.3,3,1,0,False,0.8313840627670288,1.0,0.09384480979174128,0.9981285519726253,0.9981074315141978,0.04531531959310087,0.06117921289549089,0.2522128224372864,0.9998897591130769,0.9998095518024461,0.010999698437899497,0.014848628418679925,0.061849355697631836
10,coupled_breakdown,tree_scm,ok,0.3,4,1,0,False,0.7987845540046692,0.9999999403953552,0.10708989946286808,0.9973112088706754,0.9969714366819253,0.055582485380341495,0.0733320010295272,0.2936856746673584,0.9998420086031183,0.9997294654352334,0.013512477886081342,0.017775904323692446,0.07179941236972809
10,coupled_breakdown,tree_scm,ok,0.3,5,1,0,False,0.8232325911521912,1.0,0.09898735278195989,0.9999530683103633,0.9999291113833058,0.007744726342821195,0.00968831135530973,0.034426718950271606,0.9999972391424841,0.999992109827623,0.0018871740469421638,0.0023498329384135158,0.008439689874649048
10,coupled_breakdown,tree_scm,ok,0.3,6,1,0,False,0.828377366065979,1.0,0.10412783566807296,0.9983271128076439,0.9982979132393963,0.04168382177817875,0.05784266975016849,0.24679595232009888,0.9999012582599576,0.9998293666404403,0.010115501683827688,0.014052881181677667,0.05925858020782471
10,coupled_breakdown,tree_scm,ok,0.3,7,1,0,False,0.8276222348213196,1.0,0.1047372176735283,0.9979453888457533,0.9978894682962591,0.04614152405463301,0.06410321629233615,0.27122509479522705,0.9998787835364704,0.9997935032365353,0.011194485634177909,0.015570257658505423,0.06507670879364014
10,coupled_breakdown,tree_scm,ok,0.3,8,1,0,False,0.8267080783843994,1.0,0.10824056651064487,0.9945027906344607,0.9945145085294327,0.0751931050656367,0.104854271680232,0.43123164772987366,0.9996761392228349,0.9994687879979971,0.018261099272308456,0.025450373750225297,0.10504522174596786
10,coupled_breakdown,tree_scm,ok,0.3,9,1,0,False,0.8286947011947632,1.0,0.0914583763590993,0.9960802259843193,0.9961599670982045,0.06500293717991212,0.08854122159538588,0.3659520745277405,0.9997688099821754,0.9996175389814748,0.015805232471166164,0.02150302375229524,0.08977162837982178
11,coupled_breakdown,tree_scm,ok,0.0,0,0,0,False,0.8406218886375427,1.0,-0.11734145606912291,1.0,1.0,0.0,0.0,0.0,1.0,1.0,0.0,0.0,0.0
11,coupled_breakdown,tree_scm,ok,0.1,0,1,0,False,0.8487212657928467,0.9999999403953552,-0.11523994412291577,0.9996973443990971,0.9996530000536441,0.018889163212435278,0.02460307311140438,0.09548798203468323,0.999980191644829,0.9999678693405336,0.004828357220631574,0.006294180551874912,0.024164065718650818
11,coupled_breakdown,tree_scm,ok,0.1,1,1,0,False,0.8445238471031189,1.0,-0.11670618982686097,0.9999885873643175,0.9999776147092482,0.004159320238755981,0.004777580001758716,0.008901983499526978,0.99999926054999,0.9999967254667046,0.0010522906026295686,0.0012161003513819944,0.002596735954284668
11,coupled_breakdown,tree_scm,ok,0.1,2,1,0,False,0.842495322227478,1.0,-0.11669124059361081,0.9999505683934558,0.9999341964094127,0.007398513274239349,0.009942998185781309,0.03986826539039612,0.999996753796608,0.9999928586116873,0.0019043957695572544,0.002548020131619473,0.010076075792312622
11,coupled_breakdown,tree_scm,ok,0.1,3,1,0,False,0.8406546115875244,1.0,-0.11711127520313966,0.9999808291454348,0.9999686851798868,0.004512462449639543,0.006192068173250719,0.026075899600982666,0.9999987372654388,0.9999962896073241,0.0011628705097024294,0.0015891724397197413,0.0066481828689575195
11,coupled_breakdown,tree_scm,ok,0.1,4,1,0,False,0.8381538391113281,1.0,-0.11696113302396714,0.9997649085506275,0.9997456145840783,0.01578630732026909,0.021683701127663695,0.09594005346298218,0.9999844991656887,0.9999750330806094,0.004060792618659548,0.005567914210800897,0.024557888507843018
11,coupled_breakdown,tree_scm,ok,0.1,5,1,0,False,0.8422049283981323,1.0,-0.1170008478348595,0.9999951841373999,0.9999886006008153,0.0025382393179427254,0.0031035021223672164,0.010705411434173584,0.9999996861685801,0.9999981112760172,0.0006436927884720944,0.0007922517509560933,0.0027217715978622437
11,coupled_breakdown,tree_scm,ok,0.1,6,1,0,False,0.8344214558601379,1.0,-0.11880373273183967,0.9998888960076847,0.9998479186038193,0.011836243839042027,0.014906642014708227,0.05492568016052246,0.9999927387837999,0.9999840631929044,0.0030154050543131916,0.0038108309010335263,0.013952434062957764
11,coupled_breakdown,tree_scm,ok,0.1,7,1,0,False,0.8388880491256714,1.0,-0.11755385646844346,0.9999961051008125,0.9999886900078677,0.002222304948219289,0.0027910210130546796,0.011241436004638672,0.9999997445503275,0.9999983683212932,0.0005684823558240737,0.0007147722387187669,0.0029320120811462402
11,coupled_breakdown,tree_scm,ok,0.1,8,1,0,False,0.8338291049003601,1.0,-0.11740918974407563,0.9995568118411304,0.9995303894571204,0.021702088056741786,0.029772072378450583,0.13490605354309082,0.9999707660966602,0.9999576881124382,0.0055728959153071855,0.007646424398617715,0.03466278314590454
11,coupled_breakdown,tree_scm,ok,0.1,9,1,0,False,0.837198793888092,1.0,-0.11680241923004483,0.9995350801250871,0.999515179082326,0.022218232152482642,0.030493274076456755,0.13493329286575317,0.9999693467325602,0.9999558217402186,0.00571514369933368,0.007829848875724122,0.034536778926849365
11,coupled_breakdown,tree_scm,ok,0.2,0,1,0,False,0.840032696723938,1.0,-0.11772750423366189,0.9999676615380427,0.9999506249552963,0.00587994884216414,0.008042196312257832,0.03248736262321472,0.9999978715674793,0.9999936185716328,0.0015160084344216784,0.0020632171705780955,0.00826328992843628
11,coupled_breakdown,tree_scm,ok,0.2,1,1,0,False,0.8274721503257751,1.0,-0.11995731071563898,0.9997752357990081,0.9996847060296116,0.01800982724907385,0.02120208507773461,0.06129905581474304,0.9999853888322019,0.9999716244367355,0.004577516449316477,0.005405768767020949,0.01567360758781433
11,coupled_breakdown,tree_scm,ok,0.2,2,1,0,False,0.8379611372947693,1.0,-0.11865951182350518,0.9996966892224273,0.9996592026679063,0.018083152947866665,0.02462968838673444,0.09940525889396667,0.999980043286183,0.9999648630283955,0.004659128572754412,0.006317707500812155,0.025132477283477783
11,coupled_breakdown,tree_scm,ok,0.2,3,1,0,False,0.8466148376464844,1.0,-0.118196133785141,0.9987779800071446,0.9987388688219725,0.035749226608203344,0.049437231877018435,0.2179398238658905,0.9999193995286553,0.9998852795758527,0.009198201762742997,0.012696493446251785,0.05580592155456543
11,coupled_breakdown,tree_scm,ok,0.2,4,1,0,False,0.8414041996002197,1.0,-0.11675341150553062,0.9999180960948024,0.9998992270760316,0.009361539426237186,0.01279874268282911,0.05231541395187378,0.9999946096140893,0.9999891146913668,0.0024134840795824175,0.0032834085275620702,0.013310372829437256
11,coupled_breakdown,tree_scm,ok,0.2,5,1,0,False,0.8337732553482056,0.9999999403953552,-0.11783480120290538,0.9998205421323646,0.9997884293863097,0.014051937339417009,0.01894507153291893,0.08587682247161865,0.9999881691043089,0.9999801963378872,0.003604074814106184,0.004864338643453273,0.022162318229675293
11,coupled_breakdown,tree_scm,ok,0.2,6,1,0,False,0.8270560503005981,1.0,-0.12185036244744328,0.9978684770659971,0.9977789276518131,0.04896985046249824,0.06529200466171524,0.2603548765182495,0.9998599061797301,0.9998147793205253,0.01257529605111074,0.016738806448010884,0.06605559587478638
11,coupled_breakdown,tree_scm,ok,0.2,7,1,0,False,0.8489909172058105,1.0,-0.11403047217994206,0.9984305245937306,0.998494072312424,0.04143423351482056,0.056026339251556825,0.22498664259910583,0.9998969209104157,0.9998607708676059,0.010676396184706505,0.014358209279355348,0.05671468377113342
11,coupled_breakdown,tree_scm,ok,0.2,8,1,0,False,0.8249624371528625,1.0,-0.12079615849568949,0.9994935644843986,0.999377000482798,0.026109610696352092,0.031825634238206224,0.10928046703338623,0.99996695694802,0.9999456740397683,0.006630505515701657,0.008129335933918383,0.027841508388519287
11,coupled_breakdown,tree_scm,ok,0.2,9,1,0,False,0.8402194976806641,1.0,-0.11873911442630868,0.9993388406133837,0.9993019991416923,0.026413143664541394,0.03636370163363413,0.1516021490097046,0.9999564371284213,0.9999292119662397,0.006809220409664363,0.00933411725676637,0.03865569829940796
11,coupled_breakdown,tree_scm,ok,0.3,0,1,0,False,0.8516618609428406,1.0,-0.11484596814093494,0.999696497212634,0.9996322687933622,0.01959721607104825,0.024637482785459734,0.09016117453575134,0.9999801970797885,0.9999678022852441,0.00498808202864609,0.006293317026498707,0.022860288619995117
11,coupled_breakdown,tree_scm,ok,0.3,1,1,0,False,0.8299359083175659,1.0,-0.11695006411945291,0.998132622451858,0.9982347024533295,0.04461796637784232,0.06111264255297867,0.27478933334350586,0.999876841550625,0.999834809294757,0.011463266461070987,0.01569448624122691,0.07048487663269043
11,coupled_breakdown,tree_scm,ok,0.3,2,1,0,False,0.8552501201629639,1.0,-0.11317792097914726,0.998517290939526,0.9984965310063656,0.04106481461806766,0.054455653219346103,0.21557161211967468,0.9999028689519968,0.9998665487983691,0.010534803334550702,0.013937793818831493,0.05442287027835846
11,coupled_breakdown,tree_scm,ok,0.3,3,1,0,False,0.8543237447738647,1.0,-0.11402575492255364,0.9993540216466783,0.9992714442815248,0.027955142557544832,0.03594379959904224,0.13685175776481628,0.9999577860146567,0.9999388455761389,0.007133662752679015,0.009188469391951214,0.034636691212654114
11,coupled_breakdown,tree_scm,ok,0.3,4,1,0,False,0.8643001317977905,1.0,-0.11334353252922297,0.9995719503644077,0.9993970723660682,0.02573066949557301,0.029259174501247747,0.052161574363708496,0.9999723168907124,0.9999571404942421,0.006497094953218152,0.007440848022360685,0.015007495880126953
11,coupled_breakdown,tree_scm,ok,0.3,5,1,0,False,0.8240640163421631,1.0,-0.123441442565153,0.9954912776765306,0.9953500397861383,0.07078281433692268,0.09496022718541208,0.3806363120675087,0.9997033542098455,0.9996272061190186,0.01819087612345527,0.024357577526045192,0.09664750099182129
11,coupled_breakdown,tree_scm,ok,0.3,6,1,0,False,0.856276273727417,1.0,-0.11656852438775314,0.9988002925825179,0.9987308780666618,0.035768879775986306,0.04898382190974946,0.22365403175354004,0.9999209002345084,0.9998884311744509,0.009176617138379584,0.012577739505284662,0.05759245157241821
11,coupled_breakdown,tree_scm,ok,0.3,7,1,0,False,0.8473662734031677,1.0,-0.1120677964402457,0.9929092057162111,0.9937061011372575,0.08779965672763979,0.11908647614722306,0.4963192343711853,0.9995338173964214,0.9994299629854801,0.022615664293496707,0.03053465595379684,0.12619048357009888
11,coupled_breakdown,tree_scm,ok,0.3,8,1,0,False,0.8626012206077576,0.9999999403953552,-0.11115017076533022,0.9967176953370547,0.9967650516772762,0.061015898429008786,0.08102227700646515,0.3208366930484772,0.9997850881832963,0.9997206476646877,0.015663173013351184,0.020732187949988688,0.08089287579059601
11,coupled_breakdown,tree_scm,ok,0.3,9,1,0,False,0.8578631281852722,1.0,-0.11558253364763847,0.9994681283777656,0.999382007277734,0.02515819255344809,0.032615076965281826,0.14299926161766052,0.9999650338624323,0.9999467022208709,0.006436917437085299,0.008362552027202775,0.03707993030548096
12,coupled_breakdown,tree_scm,ok,0.0,0,0,0,False,0.8369194269180298,1.0,0.44231932438014054,1.0,1.0,0.0,0.0,0.0,1.0,1.0,0.0,0.0,0.0
12,coupled_breakdown,tree_scm,ok,0.1,0,1,0,False,0.8347343802452087,1.0,0.44341631620461475,0.9999564148897319,0.9999405443101351,0.007078718214415858,0.009336499399742137,0.03880131244659424,0.9999977898290096,0.999985851333953,0.0015916476883441888,0.002102460912881908,0.008651316165924072
12,coupled_breakdown,tree_scm,ok,0.1,1,1,0,False,0.8372189402580261,1.0,0.44482961197120985,0.9998192658589319,0.999795760764609,0.014057227954253904,0.01901231912569819,0.07728445529937744,0.9999908635894971,0.9999579116300693,0.003132251895123339,0.004274672063812211,0.017360687255859375
12,coupled_breakdown,tree_scm,ok,0.1,2,1,0,False,0.8398580551147461,1.0,0.4427943505427539,0.9999901250862887,0.99998072160432,0.0035239101188153654,0.004444077802297938,0.014728069305419922,0.9999994982562713,0.9999956078785492,0.0007964893865723965,0.0010017421862102847,0.0034765005111694336
12,coupled_breakdown,tree_scm,ok,0.1,3,1,0,False,0.8380361199378967,1.0,0.44592396222160785,0.9996213318481885,0.9995936896502395,0.020313248050115362,0.027519743687563127,0.11122280359268188,0.9999808576458745,0.9999187736928689,0.0045290891784466325,0.006187463767323473,0.02534174919128418
12,coupled_breakdown,tree_scm,ok,0.1,4,1,0,False,0.8376747369766235,1.0,0.44180018595663806,0.9999914546208859,0.999983727916458,0.003106153597528305,0.004134096988744066,0.017218053340911865,0.9999995671970812,0.9999965578284814,0.0006972472520905271,0.0009303794106715604,0.003836333751678467
12,coupled_breakdown,tree_scm,ok,0.1,5,1,0,False,0.8403980135917664,1.0,0.43783665062155147,0.9994734876751291,0.9994228998283382,0.02420169720244303,0.03245034120904466,0.1341181993484497,0.9999733818108866,0.999889526410843,0.005397833456926016,0.007296326276729967,0.029853224754333496
12,coupled_breakdown,tree_scm,ok,0.1,6,1,0,False,0.8382273316383362,1.0,0.43806208026908106,0.999545124152868,0.9995053219547957,0.022414442941794732,0.03016209019165926,0.12331360578536987,0.9999770196043686,0.9999033845039696,0.004987217634551122,0.006779438699785507,0.02743065357208252
12,coupled_breakdown,tree_scm,ok,0.1,7,1,0,False,0.8299482464790344,0.9999999403953552,0.446393211801261,0.9993625715494814,0.9992934048887775,0.02692089344699866,0.03570513842142403,0.149003267288208,0.9999676755250493,0.9998640565767828,0.006054458628967474,0.00804045685956167,0.03321969509124756
12,coupled_breakdown,tree_scm,ok,0.1,8,1,0,False,0.8409357070922852,1.0,0.43901745940602493,0.9996898134539186,0.9996448975395178,0.018663492094106005,0.02490729000570849,0.10350656509399414,0.9999843033890915,0.9999328441277449,0.004178357670981292,0.0056029653219018625,0.023053109645843506
12,coupled_breakdown,tree_scm,ok,0.1,9,1,0,False,0.8363431692123413,1.0,0.44348884144061285,0.9999598451285815,0.9999475180602245,0.0066577627239894355,0.008961570463195095,0.03702962398529053,0.9999979689260612,0.9999877484398126,0.0014843027204838322,0.0020154770682874763,0.008241415023803711
12,coupled_breakdown,tree_scm,ok,0.2,0,1,0,False,0.8391266465187073,1.0,0.44178062847192046,0.9999857007486865,0.9999728761354695,0.004185377156090908,0.005347756817015906,0.021196305751800537,0.9999992725875894,0.9999946132250912,0.0009457360978322171,0.0012061611984308185,0.0047348737716674805
12,coupled_breakdown,tree_scm,ok,0.2,1,1,0,False,0.8433600664138794,1.0,0.4460876255672368,0.9996052333823996,0.9995833072562762,0.02069625758122129,0.028098633713123794,0.11462879180908203,0.9999800574318389,0.9999163820542164,0.004633388715375553,0.006315467974105577,0.026965737342834473
12,coupled_breakdown,tree_scm,ok,0.2,2,1,0,False,0.8320469260215759,1.0,0.43232287795062146,0.9978816851378579,0.9979063885809312,0.048164022629748615,0.06508939799130932,0.2589114308357239,0.9998931704847338,0.9996075030398398,0.010721109850636346,0.014617079846587557,0.061156392097473145
12,coupled_breakdown,tree_scm,ok,0.2,3,1,0,False,0.8283249735832214,1.0,0.44253850413503437,0.9999310657877689,0.9998981094878764,0.009923307076405763,0.011741738739490361,0.028571665287017822,0.9999964670493277,0.9999788887597453,0.0022495435786717977,0.0026581762775405543,0.006442546844482422
12,coupled_breakdown,tree_scm,ok,0.2,4,1,0,False,0.8374896049499512,1.0,0.44143496978856206,0.9999779199142809,0.9999669529182462,0.004944471209114454,0.006645312015071054,0.027487516403198242,0.999998883313908,0.9999928697875687,0.0011030953726143267,0.0014944471085503038,0.0061182379722595215
12,coupled_breakdown,tree_scm,ok,0.2,5,1,0,False,0.8222295045852661,1.0,0.4462180412910426,0.9991484775519189,0.9990055812352477,0.032123271882881,0.04126796452646203,0.1662510633468628,0.9999566793214739,0.9998171402260209,0.007251833841963595,0.009308133767874137,0.037144243717193604
12,coupled_breakdown,tree_scm,ok,0.2,6,1,0,False,0.8398680686950684,1.0,0.4416013715082024,0.9999747303761801,0.9999582804341606,0.005564738698353722,0.0071090961290787525,0.028161168098449707,0.9999987145273221,0.9999920874758599,0.0012574604259603106,0.0016034167514194174,0.0062906742095947266
12,coupled_breakdown,tree_scm,ok,0.2,7,1,0,False,0.8351245522499084,1.0,0.4397718901715073,0.999842018222125,0.9998223705385879,0.01312152012712886,0.01777536404136399,0.07111400365829468,0.9999920252810904,0.9999653994707102,0.0029228141019652654,0.00399367467267235,0.01675248146057129
12,coupled_breakdown,tree_scm,ok,0.2,8,1,0,False,0.8270158171653748,1.0,0.4466091628011003,0.9992079316600398,0.9991121991452686,0.030302422249860683,0.039801214765386235,0.16513556241989136,0.9999597914308231,0.999836060993491,0.0068276320509434996,0.00896756034714187,0.03684186935424805
12,coupled_breakdown,tree_scm,ok,0.2,9,1,0,False,0.8414896130561829,1.0,0.4501661892942109,0.9979826354031939,0.9979393462556325,0.046751287433153266,0.0635195181473294,0.2560124695301056,0.999897952387625,0.9996158514233601,0.010434310597758234,0.014286189813678274,0.05886971950531006
12,coupled_breakdown,tree_scm,ok,0.3,0,1,0,False,0.8252875208854675,1.0,0.4326144436581767,0.9980193014430534,0.9980504456941562,0.04655119881203973,0.06293963042660637,0.25478827953338623,0.9999001312457708,0.9996310170946282,0.010388026037561282,0.01413285206418951,0.060240983963012695
12,coupled_breakdown,tree_scm,ok,0.3,1,1,0,False,0.8502389788627625,1.0,0.4295141892979989,0.9962797044631198,0.996291350761748,0.06468225723665455,0.08625886061409659,0.35557836294174194,0.9998120474779134,0.9993287318503684,0.01441504788857717,0.019388270811089767,0.07916688919067383
12,coupled_breakdown,tree_scm,ok,0.3,2,1,0,False,0.8471291661262512,1.0,0.440569549149866,0.9998062554008783,0.9997486320720979,0.015737641602243002,0.0196847450971136,0.07357621192932129,0.9999901244855416,0.9999534077498032,0.0035683845849794338,0.004444212959821835,0.016454041004180908
12,coupled_breakdown,tree_scm,ok,0.3,3,1,0,False,0.856883704662323,1.0,0.4466314192028664,0.9993383482231105,0.999295818879193,0.028143926661698515,0.03637723903470668,0.13838082551956177,0.9999664757243971,0.9998655094413846,0.0063667106390985495,0.008188317989209536,0.032593369483947754
12,coupled_breakdown,tree_scm,ok,0.3,4,1,0,False,0.8428640961647034,1.0,0.45681921215714255,0.990289524828345,0.9901261645268579,0.10242033390250072,0.13935906768228448,0.5743381902575493,0.9995077425169222,0.9982579063725376,0.02289919580931521,0.03137698094217298,0.12792843580245972
12,coupled_breakdown,tree_scm,ok,0.3,5,1,0,False,0.8544169664382935,1.0,0.4428762878337877,0.999780602546265,0.9997110252306701,0.0178953847921548,0.020947431820870988,0.04063677787780762,0.9999887595070751,0.9999465792861741,0.004044631720772962,0.004741411733910157,0.009257853031158447
12,coupled_breakdown,tree_scm,ok,0.3,6,1,0,False,0.838731050491333,1.0,0.4495159443524818,0.9982943718752505,0.9982311708747584,0.043078993845938385,0.058405960144418956,0.23818251490592957,0.9999137051407636,0.9996713061476288,0.009610697333584106,0.013137340325735264,0.05335187911987305
12,coupled_breakdown,tree_scm,ok,0.3,7,1,0,False,0.8390935063362122,1.0,0.42668166151642806,0.9951259092473665,0.995323530595093,0.07347799014542034,0.09873287935292975,0.3956257700920105,0.9997542116785091,0.9991435474930261,0.016327436317568278,0.022171527504301562,0.09020161628723145
12,coupled_breakdown,tree_scm,ok,0.3,8,1,0,False,0.8361284136772156,1.0,0.440330308911056,0.9999009431761537,0.9998823626707672,0.010398961431349107,0.014075284875433344,0.056043028831481934,0.9999949980544492,0.9999766982869608,0.002317208053285391,0.003162892842558492,0.013095259666442871
12,coupled_breakdown,tree_scm,ok,0.3,9,1,0,False,0.8164270520210266,1.0,0.44566409710995186,0.9990348180108902,0.9988112661826763,0.03513337343724743,0.04393590778191905,0.16606402397155762,0.9999507720862948,0.9997920168442885,0.007958264629849943,0.009922490804394257,0.037172675132751465
13,coupled_breakdown,tree_scm,ok,0.0,0,0,0,False,0.8444911241531372,1.0,0.03787746264429573,1.0,1.0,0.0,0.0,0.0,1.0,1.0,0.0,0.0,0.0
13,coupled_breakdown,tree_scm,ok,0.1,0,1,0,False,0.8487675189971924,1.0,0.03756300494920925,0.9998498360027629,0.9998290201881124,0.012955442241320725,0.017329974166615848,0.06974866986274719,0.9999908264070725,0.9999806769007937,0.0032019158387583957,0.0042833615961654055,0.017261892557144165
13,coupled_breakdown,tree_scm,ok,0.1,1,1,0,False,0.8453223705291748,1.0,0.03811718961553551,0.9998748885773162,0.9998548923539087,0.011290550574472036,0.0158184337525662,0.06498022377490997,0.9999923572054499,0.9999839290823259,0.002787838369272322,0.003909678910162572,0.016083329916000366
13,coupled_breakdown,tree_scm,ok,0.1,2,1,0,False,0.8365490436553955,1.0,0.037775415336970555,0.9998747911882164,0.9998539871075028,0.012349732452179296,0.015824589514765546,0.06249171495437622,0.9999923493030665,0.9999847225699163,0.0030527407592444433,0.003911699620759187,0.015457063913345337
13,coupled_breakdown,tree_scm,ok,0.1,3,1,0,False,0.8416960835456848,0.9999999403953552,0.03772047884575438,0.9999253983853651,0.9999174214112008,0.008818848906628318,0.01221487736918115,0.05221503973007202,0.9999954420358114,0.9999905228524426,0.0021783547684890436,0.0030192595523030334,0.012921810150146484
13,coupled_breakdown,tree_scm,ok,0.1,4,1,0,False,0.8486002087593079,1.0,0.037701348983467144,0.9999530129466239,0.999931760067234,0.007609462014841029,0.009694024418716007,0.036473989486694336,0.999997129630796,0.9999922998176095,0.0018808975642627956,0.002395983874317603,0.009027242660522461
13,coupled_breakdown,tree_scm,ok,0.1,5,1,0,False,0.8436332941055298,1.0,0.03807744665475263,0.9999267241974702,0.999911107038123,0.00870194894218912,0.012105849964421501,0.04892098903656006,0.9999955238662516,0.9999901428724697,0.0021491552035968198,0.002992034003781365,0.012104585766792297
13,coupled_breakdown,tree_scm,ok,0.1,6,1,0,False,0.8397118449211121,1.0,0.03819232146766893,0.999840206301188,0.9998124128281239,0.013498742514798323,0.017877007315492743,0.0715208649635315,0.9999902394185239,0.9999795034332307,0.003336453053023547,0.004418276131936205,0.017697393894195557
13,coupled_breakdown,tree_scm,ok,0.1,7,1,0,False,0.8412297964096069,1.0,0.03792506814954376,0.9999904531252788,0.9999801292825976,0.003712467148716314,0.004369639482203355,0.008214056491851807,0.999999416716021,0.9999976083613474,0.0009177542082170476,0.0010800777748640675,0.0020302534103393555
13,coupled_breakdown,tree_scm,ok,0.1,8,1,0,False,0.843985915184021,1.0,0.037754088567394935,0.9999676955976357,0.9999586268864887,0.00575515806696103,0.008037960164506941,0.03324103355407715,0.9999980264283995,0.9999950267327086,0.0014210031993968641,0.0019867419063822555,0.008228331804275513
13,coupled_breakdown,tree_scm,ok,0.1,9,1,0,False,0.8492982983589172,1.0,0.03726436039163246,0.9994065986963998,0.999389919801874,0.02507762602897401,0.034450002142920585,0.13943740725517273,0.9999637458727234,0.9999405666618982,0.006194170793662579,0.008515178065739206,0.03451043367385864
13,coupled_breakdown,tree_scm,ok,0.2,0,1,0,False,0.8521459698677063,1.0,0.03708679949695128,0.999055693881463,0.9990439703883841,0.03187325601084012,0.04345816639527727,0.17589309811592102,0.9999423055210107,0.9999111852692938,0.007874081903651131,0.010741925193070167,0.04353603720664978
13,coupled_breakdown,tree_scm,ok,0.2,1,1,0,False,0.8437831997871399,1.0,0.0369743069655876,0.9985197588136492,0.9985908554466775,0.03905773886486941,0.054410315794961646,0.2220255434513092,0.9999095543530145,0.9998664146877905,0.009642981359320402,0.013449583352028635,0.054976314306259155
13,coupled_breakdown,tree_scm,ok,0.2,2,1,0,False,0.8428524136543274,1.0,0.03849235649409464,0.9992477401376251,0.9992239579608039,0.027741053147053663,0.03878813898305842,0.15655216574668884,0.9999540509838752,0.9999324306201272,0.0068512852280520065,0.0095863462003871,0.03873056173324585
13,coupled_breakdown,tree_scm,ok,0.2,3,1,0,False,0.8569704294204712,0.9999999403953552,0.037643142555182384,0.9998548909004026,0.9997974259709607,0.014331001546167954,0.01703579183721839,0.03617316484451294,0.9999911342430272,0.9999813921572133,0.003543112336615195,0.004210880395934531,0.008956551551818848
13,coupled_breakdown,tree_scm,ok,0.2,4,1,0,False,0.8437231183052063,1.0,0.03746087620133412,0.9996615050199935,0.9996552128781918,0.018635773578552062,0.026019031315864315,0.10650122165679932,0.9999793193185698,0.9999629854802944,0.004601190644621056,0.006431280185528612,0.026366502046585083
13,coupled_breakdown,tree_scm,ok,0.2,5,1,0,False,0.8343276977539062,1.0,0.038473922770968096,0.9994113212913884,0.9993463226879336,0.02615675816402785,0.03431264200125023,0.13588544726371765,0.9999640442590093,0.9999432488734711,0.006464232404837844,0.008480063901117055,0.033621639013290405
13,coupled_breakdown,tree_scm,ok,0.2,6,1,0,False,0.8438275456428528,1.0,0.03885863876415519,0.997902904617824,0.997820937790573,0.04607854753515994,0.06476257289388875,0.2606859505176544,0.9998719151719205,0.9998289084292968,0.011380345775158673,0.01600530081451132,0.06448471546173096
13,coupled_breakdown,tree_scm,ok,0.2,7,1,0,False,0.8571817278862,1.0,0.03773532957741051,0.9998677588011139,0.9998140892103567,0.01353403879028292,0.01626291485640813,0.03456240892410278,0.9999919197828583,0.9999823309312639,0.003346003765614114,0.0040200043740038875,0.008496284484863281
13,coupled_breakdown,tree_scm,ok,0.2,8,1,0,False,0.8526931405067444,1.0,0.03749836079938897,0.9997885596000877,0.9997502078713968,0.01598483186313615,0.020564066180298275,0.07874003052711487,0.9999870829522345,0.999975066608254,0.003951032216491512,0.005082725261901625,0.019488900899887085
13,coupled_breakdown,tree_scm,ok,0.2,9,1,0,False,0.8590758442878723,1.0,0.03820323753913352,0.9993417364318595,0.9993174889135253,0.02695706637263129,0.03628397987531534,0.15300478041172028,0.9999597833063099,0.9999377838673913,0.006662889194331001,0.008968466234729926,0.03784811496734619
13,coupled_breakdown,tree_scm,ok,0.3,0,1,0,False,0.8623228669166565,1.0,0.03570576997611101,0.9935545826088181,0.9939013437879979,0.08297859549071518,0.11353781238590901,0.4564196765422821,0.9996060865974135,0.9995036791002073,0.02049512482177296,0.028068252626168542,0.11301475763320923
13,coupled_breakdown,tree_scm,ok,0.3,1,1,0,False,0.8368268609046936,1.0,0.03753283203273112,0.9996010951798338,0.9995960701130104,0.020562120979832343,0.028245524659789353,0.12063848972320557,0.9999756265122984,0.9999579898612402,0.005080711153482298,0.006981903424280295,0.02985447645187378
13,coupled_breakdown,tree_scm,ok,0.3,2,1,0,False,0.8415814638137817,1.0,0.03871314608896526,0.9985925708767666,0.9985325955761388,0.0380100814699631,0.05305523711543361,0.21483846008777618,0.9999140366144755,0.9998787640369071,0.00938841236643384,0.013112084987564226,0.05314713716506958
13,coupled_breakdown,tree_scm,ok,0.3,3,1,0,False,0.8516938090324402,1.0,0.03701797688328869,0.9988709872251094,0.9988742087475859,0.034668630079124796,0.04751868675474865,0.19221952557563782,0.999931019117574,0.999898668281954,0.008562944122322946,0.011745712564798567,0.04757755994796753
13,coupled_breakdown,tree_scm,ok,0.3,4,1,0,False,0.8347076773643494,1.0,0.03833859930465784,0.9996546197314302,0.999592449127387,0.020431563655124663,0.026282323541926802,0.10082444548606873,0.9999789040378401,0.9999627284350188,0.005050395872331137,0.006495531134888495,0.02494858205318451
13,coupled_breakdown,tree_scm,ok,0.3,5,1,0,False,0.8639299273490906,1.0,0.03746588681111568,0.9996276993139025,0.9995112228202561,0.02281949521915294,0.027287385009598764,0.06696686148643494,0.9999772533436964,0.9999599568163936,0.005643023493917099,0.006744873104652165,0.0165804922580719
13,coupled_breakdown,tree_scm,ok,0.3,6,1,0,False,0.8301094770431519,1.0,0.036539393088477264,0.995963864615358,0.9963261859845502,0.06508538331326008,0.08984581830926404,0.38170215487480164,0.9997533465567534,0.9996822585115513,0.0160744746096384,0.022210513145124577,0.09450465440750122
13,coupled_breakdown,tree_scm,ok,0.3,7,1,0,False,0.8635242581367493,1.0,0.036197829338389394,0.9961497348683666,0.9961907566518846,0.06482735630976322,0.08775266555578992,0.3538762032985687,0.9997647176146608,0.9996942725842213,0.016018759497683277,0.021692505237497214,0.08761334419250488
13,coupled_breakdown,tree_scm,ok,0.3,8,1,0,False,0.8429206013679504,1.0,0.03743410815888547,0.9996018914391106,0.9996003392997638,0.020242589525139465,0.028217319736496542,0.11665749549865723,0.999975676803276,0.9999571404942421,0.004997860123580722,0.0069746967615068834,0.028879880905151367
13,coupled_breakdown,tree_scm,ok,0.3,9,1,0,False,0.8479563593864441,0.9999999403953552,0.03888713234378582,0.9975524389628989,0.9975007376081824,0.04965478589980421,0.06996514932928777,0.28473664016928524,0.9998505078203844,0.9998040756204849,0.012260161136225634,0.017291164061134342,0.07045900821685791
14,coupled_breakdown,tree_scm,ok,0.0,0,0,0,False,0.8420120477676392,1.0,0.07912458858760525,1.0,1.0,0.0,0.0,0.0,1.0,1.0,0.0,0.0,0.0
14,coupled_breakdown,tree_scm,ok,0.1,0,1,0,False,0.8393998146057129,1.0,0.07894476204831956,0.9997802846471325,0.9997311753451111,0.015289627922868476,0.020962603026725698,0.09399743378162384,0.9999868324348169,0.9999406895965954,0.003744160133692276,0.005131776623035913,0.022966861724853516
14,coupled_breakdown,tree_scm,ok,0.1,1,1,0,False,0.8382054567337036,1.0,0.07918944683868986,0.9999353833652922,0.9999016745940917,0.008634838639807185,0.01136808152887505,0.048815637826919556,0.9999961275936113,0.9999791122773763,0.0021138971796403894,0.0027829504375390655,0.011966824531555176
14,coupled_breakdown,tree_scm,ok,0.1,2,1,0,False,0.8388106822967529,1.0,0.07889583291420822,0.9996593253445404,0.9996051114011871,0.019033341206409204,0.026102668656840165,0.11706258356571198,0.9999795831349167,0.9999156779736785,0.004660984754650599,0.006390127692665839,0.028601527214050293
14,coupled_breakdown,tree_scm,ok,0.1,3,1,0,False,0.8403462767601013,1.0,0.07900144557000494,0.9999027419314742,0.9998659676525282,0.010166169661346203,0.013946904652289552,0.06252741813659668,0.9999941714097965,0.9999710768185395,0.002489444001867014,0.0034142613935935614,0.015276551246643066
14,coupled_breakdown,tree_scm,ok,0.1,4,1,0,False,0.8405619859695435,1.0,0.07922801966224559,0.9999977419300493,0.9999932162398969,0.001721374357515515,0.0021251211806043294,0.007194161415100098,0.9999998649637051,0.9999978318789787,0.00042142385905208357,0.0005196850958164964,0.0017698109149932861
14,coupled_breakdown,tree_scm,ok,0.1,5,1,0,False,0.8435057401657104,1.0,0.07890506782462743,0.9999661256152459,0.9999496861812459,0.005981565630293062,0.00823096434442711,0.037465691566467285,0.9999979710494492,0.9999891817466561,0.001465816399282005,0.0020144233305558644,0.00919082760810852
14,coupled_breakdown,tree_scm,ok,0.1,6,1,0,False,0.8463758826255798,1.0,0.07835808213052127,0.9995194094365851,0.9994585173628495,0.02248308639894958,0.03100292173310172,0.1399824023246765,0.9999712082179695,0.9998830220477791,0.005509801038101614,0.007588383543430116,0.03433927893638611
14,coupled_breakdown,tree_scm,ok,0.1,7,1,0,False,0.8481996655464172,1.0,0.0785430874216572,0.9998856693770719,0.9998464210356912,0.011421109086285242,0.015121549285923212,0.06801092624664307,0.9999931562097881,0.9999655224054074,0.002793940713615939,0.0036996730872578603,0.016700655221939087
14,coupled_breakdown,tree_scm,ok,0.1,8,1,0,False,0.8399214744567871,1.0,0.07921524808759277,0.9999938654607534,0.9999861642586366,0.002823758954548339,0.0035027244862154143,0.011783629655838013,0.9999996325775827,0.9999963566626134,0.000691499038339316,0.0008572309386581948,0.0029076337814331055
14,coupled_breakdown,tree_scm,ok,0.1,9,1,0,False,0.8354103565216064,1.0,0.07918577862049868,0.9997458969311205,0.9996820349939203,0.016982072477681243,0.022543428213789487,0.09821338951587677,0.9999847715040855,0.9999298489914884,0.004157252018558211,0.005518785463488986,0.024058818817138672
14,coupled_breakdown,tree_scm,ok,0.2,0,1,0,False,0.8500342965126038,1.0,0.07885934116585791,0.9998567638070445,0.9998186489700306,0.013216875918203641,0.01692549532696426,0.06739497184753418,0.9999914170145339,0.9999591186252771,0.0032362970445092287,0.0041431837316404764,0.016567111015319824
14,coupled_breakdown,tree_scm,ok,0.2,1,1,0,False,0.8368192911148071,1.0,0.07887927080112216,0.999400160626519,0.9993171871647235,0.025354288683445247,0.0346363799914615,0.15518052875995636,0.9999640502666255,0.9998579210178097,0.006208224654983496,0.008479355523816309,0.037929654121398926
14,coupled_breakdown,tree_scm,ok,0.2,2,1,0,False,0.8521131277084351,1.0,0.07736793997439775,0.9976486203091532,0.9975299401866818,0.049555950601586574,0.06857666971532174,0.3097492456436157,0.9998591040575362,0.9994777063514769,0.012147417984351705,0.01678665827443447,0.0760076642036438
14,coupled_breakdown,tree_scm,ok,0.2,3,1,0,False,0.8516114950180054,1.0,0.07901192247748741,0.9994959065781608,0.9994364338208998,0.0238596996109095,0.03175195852145837,0.13890624046325684,0.9999697884490735,0.999876160056505,0.00584089574203972,0.00777323003509811,0.03403496742248535
14,coupled_breakdown,tree_scm,ok,0.2,4,1,0,False,0.8467532396316528,1.0,0.07947247371215056,0.9991516331184168,0.9991413793720046,0.030049745624012303,0.041191429612218486,0.18414101004600525,0.9999491634339167,0.9997979735891568,0.0073573365963000015,0.01008330992941067,0.04498755931854248
14,coupled_breakdown,tree_scm,ok,0.2,5,1,0,False,0.8482598662376404,1.0,0.07861924400325755,0.9999358679549231,0.9999059214290822,0.008952740879635712,0.01132537376638292,0.04718220233917236,0.9999961629275468,0.999979045222087,0.002187162201096271,0.0027702247214592525,0.011594325304031372
14,coupled_breakdown,tree_scm,ok,0.2,6,1,0,False,0.8386008739471436,1.0,0.07824597490724794,0.9979331172381803,0.9977716856805665,0.0464987508529191,0.06429436621465486,0.2880681436508894,0.999876123991852,0.9995223316465202,0.011387441902172668,0.015740140778047165,0.07031333446502686
14,coupled_breakdown,tree_scm,ok,0.2,7,1,0,False,0.8399644494056702,1.0,0.07883452219507726,0.9996779927382009,0.9996315088334167,0.018417796321159585,0.025377441606394525,0.11368823051452637,0.9999807025648422,0.9999183601852515,0.00451016600118237,0.00621247705551229,0.02776038646697998
14,coupled_breakdown,tree_scm,ok,0.2,8,1,0,False,0.8266819715499878,1.0,0.07991823981515118,0.9997524031038117,0.9996393431263858,0.01845129434474302,0.02225295038224476,0.05390706658363342,0.9999851809143053,0.9999242610507116,0.004515834158723919,0.005444095196525102,0.01339578628540039
14,coupled_breakdown,tree_scm,ok,0.2,9,1,0,False,0.8369389772415161,1.0,0.07980902605358178,0.9996877440243945,0.9996581521350404,0.018227409308323672,0.02499023762673184,0.11391758918762207,0.9999813016689443,0.9999198912810242,0.00446492247039032,0.006115281237816503,0.027940869331359863
14,coupled_breakdown,tree_scm,ok,0.3,0,1,0,False,0.8226898312568665,1.0,0.07914895209235824,0.9972826837782804,0.9969189994456763,0.05540411972455672,0.07371996018702956,0.3221178986132145,0.9998371479144255,0.999353497603891,0.013563321096057734,0.01804727619928562,0.07886326313018799
14,coupled_breakdown,tree_scm,ok,0.3,1,1,0,False,0.8360609412193298,1.0,0.07913358952323049,0.9997371102503183,0.9996771287819182,0.017148604053829786,0.022929882578102887,0.10092899203300476,0.9999842446314429,0.9999285525892282,0.004198135041860951,0.005613442563946833,0.024710655212402344
14,coupled_breakdown,tree_scm,ok,0.3,2,1,0,False,0.8475419878959656,1.0,0.07936937808516357,0.9992908675179479,0.9992755458300548,0.027558641883345558,0.03765985888931286,0.1685105264186859,0.9999575046212988,0.9998320265002503,0.006747634148371873,0.009219043236024363,0.04118847846984863
14,coupled_breakdown,tree_scm,ok,0.3,3,1,0,False,0.8568607568740845,1.0,0.07709142953316486,0.997584020346648,0.9974445117480866,0.05032123807444577,0.06951229717535073,0.31810352206230164,0.9998552500009554,0.9994591879157426,0.012332858172840133,0.01701470004979851,0.07808190584182739
14,coupled_breakdown,tree_scm,ok,0.3,4,1,0,False,0.8480862379074097,1.0,0.07845946144128706,0.9998015562083205,0.9997540747264143,0.014664774351047072,0.01992203814105617,0.091297447681427,0.9999881170873328,0.9999451823009798,0.003589578230503321,0.004875020614624898,0.02240961790084839
14,coupled_breakdown,tree_scm,ok,0.3,5,1,0,False,0.8465086221694946,1.0,0.07802996192480191,0.9987786662713404,0.9987064587654673,0.035704628477503775,0.04942335052520333,0.21980124711990356,0.9999268173486844,0.9997173507796294,0.008750946727559494,0.012098152937370916,0.053914785385131836
14,coupled_breakdown,tree_scm,ok,0.3,6,1,0,False,0.8313160538673401,1.0,0.08094082152298933,0.996794107988034,0.9970419341427652,0.05854975974040144,0.08007361837146876,0.3607988953590393,0.999808036245487,0.9992906332701522,0.014341480566940845,0.019594068375790405,0.08844155073165894
14,coupled_breakdown,tree_scm,ok,0.3,7,1,0,False,0.8333456516265869,1.0,0.07996175222169669,0.9997383349601561,0.9996959601423361,0.017224720368957946,0.022876408933693793,0.10275125503540039,0.9999843400234025,0.9999280161469136,0.004215609909920204,0.0055964233750844215,0.025219589471817017
14,coupled_breakdown,tree_scm,ok,0.3,8,1,0,False,0.8172534108161926,1.0,0.08054001826962247,0.9994132183209101,0.9991597078177527,0.028837215034513974,0.03425731165723014,0.06530682742595673,0.9999648990250529,0.9998228846291395,0.007050513785657131,0.008378660605082537,0.016359806060791016
14,coupled_breakdown,tree_scm,ok,0.3,9,1,0,False,0.8428612351417542,1.0,0.07865143580326789,0.9996696374398217,0.9996207241077175,0.01858210323590015,0.025704574763167485,0.11311867833137512,0.9999802047171487,0.9999160132501252,0.004552492816522147,0.006292103512978307,0.02757561206817627
15,coupled_breakdown,tree_scm,ok,0.0,0,0,0,False,0.8299301266670227,1.0,-0.051428419579875824,1.0,1.0,0.0,0.0,0.0,1.0,1.0,0.0,0.0,0.0
15,coupled_breakdown,tree_scm,ok,0.1,0,1,0,False,0.8287314772605896,1.0,-0.050654087549865334,0.9997963572089328,0.9998023992382518,0.014808432948427708,0.02018131742940669,0.08434784412384033,0.9999870268576968,0.9999755024676347,0.003744585556091806,0.005093749505755728,0.02125146985054016
15,coupled_breakdown,tree_scm,ok,0.1,1,1,0,False,0.8370627760887146,1.0,-0.05166684002503732,0.9999397250404107,0.9999022892675774,0.00931708651438612,0.010979522889441349,0.031505584716796875,0.999996155489994,0.9999916851441241,0.0023551292721037953,0.0027729082313199737,0.00796683132648468
15,coupled_breakdown,tree_scm,ok,0.1,2,1,0,False,0.8329801559448242,1.0,-0.05252089853805666,0.9996028683936966,0.9995745677169013,0.0205907428812111,0.028182676036499592,0.11899319291114807,0.9999746896278383,0.9999567381625062,0.005208619481294363,0.0071148255038029455,0.02999420464038849
15,coupled_breakdown,tree_scm,ok,0.1,3,1,0,False,0.8333508968353271,1.0,-0.050670593995344765,0.9996101034188501,0.9996031779736784,0.020643727304900494,0.027924777298081464,0.11362378299236298,0.9999751437871868,0.9999589621629353,0.005222852688120838,0.007050703922043395,0.028670981526374817
15,coupled_breakdown,tree_scm,ok,0.1,4,1,0,False,0.834004282951355,1.0,-0.052693048619703524,0.9994921263621737,0.9994660163793718,0.023275762315563497,0.031870790234593174,0.13516125082969666,0.9999676325877904,0.999945126421572,0.005888360800298642,0.008045795482554925,0.03406953811645508
15,coupled_breakdown,tree_scm,ok,0.1,5,1,0,False,0.8322541117668152,1.0,-0.050187698118528544,0.9992447796890505,0.999279099760389,0.028647541453860725,0.03886438797936406,0.1565578132867813,0.9999518729642464,0.9999277926292824,0.007248391821349287,0.009810915944720743,0.03949335217475891
15,coupled_breakdown,tree_scm,ok,0.1,6,1,0,False,0.8300603032112122,1.0,-0.0518616927796093,0.9999172992020587,0.9998920745118375,0.00942112257990857,0.012860855218402462,0.052615463733673096,0.999994728231553,0.999988757063157,0.0023828715632134845,0.0032470812104543447,0.013263702392578125
15,coupled_breakdown,tree_scm,ok,0.1,7,1,0,False,0.8271930813789368,1.0,-0.05213367770981251,0.9996220503852605,0.9995781775266432,0.020233893015358717,0.0274936216285244,0.11203209310770035,0.9999758948716164,0.9999595097811315,0.005118682231795901,0.006943360515498946,0.02828095108270645
15,coupled_breakdown,tree_scm,ok,0.1,8,1,0,False,0.8302077651023865,1.0,-0.05193316596696341,0.99989063550873,0.9998650959337672,0.010829967764550474,0.014789488902251739,0.06070852279663086,0.9999930286233629,0.9999859966204132,0.002739167094205186,0.003733999554610762,0.015303820371627808
15,coupled_breakdown,tree_scm,ok,0.1,9,1,0,False,0.8339605927467346,1.0,-0.05169308931555083,0.999986057396199,0.999969635129819,0.0044827003402474475,0.005280644672853424,0.01070481538772583,0.9999991124387839,0.9999967031149415,0.001131534727505823,0.0013323371830281296,0.002724975347518921
15,coupled_breakdown,tree_scm,ok,0.2,0,1,0,False,0.833551287651062,1.0,-0.05284138167741566,0.999294380861602,0.9992799938309133,0.027427927215114778,0.037566452016291225,0.1579994559288025,0.9999550214401065,0.9999285302374651,0.006937440714693821,0.009484572748650066,0.03983199596405029
15,coupled_breakdown,tree_scm,ok,0.2,1,1,0,False,0.8304271697998047,1.0,-0.051509874439713485,0.9999986715481378,0.9999951608432873,0.0012100608835794446,0.0016300011488887339,0.006969571113586426,0.9999999154355153,0.9999990500500677,0.00030628467629867373,0.00041125292716237343,0.0017552077770233154
15,coupled_breakdown,tree_scm,ok,0.2,2,1,0,False,0.8243688344955444,1.0,-0.04989682294472456,0.9994169201296634,0.9994651670123738,0.02507970261325454,0.0341490810026791,0.14593195915222168,0.9999628809198396,0.9999405443101351,0.006348110031467513,0.008616156864974585,0.03674811124801636
15,coupled_breakdown,tree_scm,ok,0.2,3,1,0,False,0.8415800929069519,1.0,-0.05147345724013266,0.9997065263990325,0.9996250379979973,0.01950680563362539,0.02422699291510437,0.08907340466976166,0.9999812739100249,0.9999686628281237,0.004927656665813629,0.0061198185456258925,0.02250191569328308
15,coupled_breakdown,tree_scm,ok,0.2,4,1,0,False,0.822701096534729,1.0,-0.05323970607801726,0.9969795401687518,0.9968986369894857,0.05709447813438828,0.07772335336663994,0.31722938269376755,0.9998072850044271,0.9997319688327014,0.014440796815961221,0.019632371135842475,0.08010834455490112
15,coupled_breakdown,tree_scm,ok,0.2,5,1,0,False,0.8205682635307312,1.0,-0.049970290160169586,0.999618804914728,0.9996346269043701,0.020726034585948128,0.02761141340312271,0.11674922704696655,0.9999757507173583,0.9999595544846577,0.005242874016630594,0.006964090967089971,0.029384642839431763
15,coupled_breakdown,tree_scm,ok,0.2,6,1,0,False,0.8445850610733032,1.0,-0.05270340837412853,0.9997567081383675,0.9996734183892426,0.017933615495536515,0.02205864261999994,0.07293593883514404,0.9999845210293803,0.9999729655425218,0.004530382939719857,0.005563986124386608,0.018345683813095093
15,coupled_breakdown,tree_scm,ok,0.2,7,1,0,False,0.8305143117904663,1.0,-0.05076651589332083,0.9997979065172442,0.9997999070166655,0.014776696431511027,0.02010440204063781,0.08118456602096558,0.9999871203933871,0.9999758489199626,0.003738691429134633,0.0050753534907114215,0.020460546016693115
15,coupled_breakdown,tree_scm,ok,0.2,8,1,0,False,0.8360755443572998,1.0,-0.052998242157161896,0.9992736554240329,0.9992561444996781,0.027813059884522318,0.038114159962761004,0.16264227032661438,0.9999537111070647,0.9999269879658107,0.0070416538743458545,0.00962173515500138,0.04099646210670471
15,coupled_breakdown,tree_scm,ok,0.2,9,1,0,False,0.8135508894920349,1.0,-0.05177299124774043,0.9986957008791203,0.998459348848437,0.03959967569176115,0.05107443850924166,0.20126202231040224,0.9999167719610808,0.9998795910521422,0.010005493708035829,0.01290178597694734,0.05083206295967102
15,coupled_breakdown,tree_scm,ok,0.3,0,1,0,False,0.8338672518730164,0.9999999403953552,-0.0553000002171769,0.9906745807637074,0.9905668630641583,0.09898258526214931,0.13656807281066213,0.5525012612342834,0.999404853728108,0.9992156514846477,0.025052539066621193,0.03450061566346576,0.13944211602210999
15,coupled_breakdown,tree_scm,ok,0.3,1,1,0,False,0.8093300461769104,0.9999999403953552,-0.04760787764783074,0.9973599576980378,0.9975819192117874,0.054255943831947206,0.07266419205268629,0.30861300230026245,0.9998321506040483,0.9997696986088261,0.013727109579804164,0.0183220843471908,0.07763177156448364
15,coupled_breakdown,tree_scm,ok,0.3,2,1,0,False,0.8353596925735474,1.0,-0.05446907682837514,0.9956057617616433,0.9956928152492668,0.06815249418337288,0.09374687571214627,0.3867962444201112,0.9997196854849313,0.9996165443280165,0.017239851298654685,0.02367760597290602,0.09757906198501587
15,coupled_breakdown,tree_scm,ok,0.3,3,1,0,False,0.8259925842285156,1.0,-0.050361168256544776,0.9997112162507121,0.9997285378370645,0.017633897655031205,0.024032634162076492,0.10271507501602173,0.9999816131015079,0.9999674334811528,0.0044634769799358764,0.006064140159213245,0.02586907148361206
15,coupled_breakdown,tree_scm,ok,0.3,4,1,0,False,0.8300918340682983,1.0,-0.0478405517973985,0.9956299766581301,0.9961530715792861,0.06904042034005897,0.09348821793263913,0.3849790692329407,0.9997217996694485,0.9996269155460982,0.0174617454275392,0.02358814648562811,0.09692463278770447
15,coupled_breakdown,tree_scm,ok,0.3,5,1,0,False,0.8369914889335632,1.0,-0.0541966836848055,0.996889431285472,0.9969629541878263,0.05739303997557954,0.07887418844151027,0.32972633093595505,0.9998016202525123,0.9997278561082897,0.014515295956869068,0.01991882224199889,0.0831645280122757
15,coupled_breakdown,tree_scm,ok,0.3,6,1,0,False,0.8419815897941589,1.0,-0.052008328419980626,0.9998696416262773,0.999797414795079,0.014062328947204605,0.016146725767071633,0.031298115849494934,0.9999916912235982,0.9999842643587726,0.0035497073300803095,0.004076463282729261,0.007979154586791992
15,coupled_breakdown,tree_scm,ok,0.3,7,1,0,False,0.8079139590263367,0.9999999403953552,-0.0491336993778777,0.9992535214027656,0.9991788744546168,0.031176938592750503,0.03863880448853374,0.13698160648345947,0.9999525571966074,0.9999264403476146,0.007867192380913934,0.009740924057325651,0.03443145751953125
15,coupled_breakdown,tree_scm,ok,0.3,8,1,0,False,0.8144872188568115,1.0,-0.04992529236053978,0.9996765278570123,0.9996174160467776,0.020642676825843864,0.025435099654730623,0.08624267578125,0.9999794368799981,0.999963577802017,0.005210826242830535,0.006412974347288301,0.02167820930480957
15,coupled_breakdown,tree_scm,ok,0.3,9,1,0,False,0.8338826298713684,1.0,-0.051096249256926594,0.9998477325101122,0.9998265950218153,0.013094792971230618,0.017450930864273663,0.0709419995546341,0.9999902883104711,0.9999819397754095,0.0033092741377913626,0.004407196255166764,0.017907574772834778
16,cr_mow_synergy,mlp_scm,ok,0.0,0,0,0,False,0.7455630898475647,1.0,0.09156161314690846,1.0,1.0,0.0,0.0,0.0,1.0,1.0,0.0,0.0,0.0
16,cr_mow_synergy,mlp_scm,ok,0.1,0,1,0,False,0.7444120049476624,1.0,0.0919247947121385,0.9999022745901153,0.9998840949324083,0.011643393240717614,0.013980373011668221,0.04358232021331787,0.9999941808785064,0.9999815150919102,0.0028375181487234613,0.0034114869279159,0.01062995195388794
16,cr_mow_synergy,mlp_scm,ok,0.1,1,1,0,False,0.751697838306427,1.0,0.0912807281487311,0.9997763396366166,0.99973555629068,0.017963592476519352,0.02114995828912091,0.06284385919570923,0.9999866740559031,0.9999703727380016,0.004383114877528627,0.005162546618642133,0.015355587005615234
16,cr_mow_synergy,mlp_scm,ok,0.1,2,1,0,False,0.7398344874382019,1.0,0.09121361383206834,0.9996934730823819,0.9996347274873042,0.020385990228021456,0.024759923956690893,0.07470172643661499,0.9999817368251944,0.9999605603139975,0.0049755573917593665,0.006043703314313867,0.01838696002960205
16,cr_mow_synergy,mlp_scm,ok,0.1,3,1,0,False,0.7444533705711365,1.0,0.0914840058997597,0.9999701531779723,0.9999527260210285,0.006361652293378484,0.007726166321309168,0.021652281284332275,0.9999982216538339,0.9999940879586582,0.0015530362273921128,0.0018859194730438266,0.005319118499755859
16,cr_mow_synergy,mlp_scm,ok,0.1,4,1,0,False,0.7470800876617432,1.0,0.09131711940580407,0.9999535120331505,0.9999408013554107,0.008054883608281216,0.009642403163765769,0.03023064136505127,0.9999972313725235,0.9999914280988484,0.001962951737482399,0.0023531372733515423,0.007388502359390259
16,cr_mow_synergy,mlp_scm,ok,0.1,5,1,0,False,0.7462092041969299,1.0,0.0923451595552165,0.9994785570300477,0.9994428264251484,0.02385790002591648,0.0322937443866395,0.124691903591156,0.9999689509822026,0.9999329335347971,0.005816028560303721,0.007880230608709423,0.03031212091445923
16,cr_mow_synergy,mlp_scm,ok,0.1,6,1,0,False,0.7412750720977783,1.0,0.09057024380571774,0.9986323434277373,0.998415494689221,0.04249831689645589,0.05230022139522419,0.1324598789215088,0.9999185134324043,0.9998373573957512,0.01036733970661885,0.012766092958170744,0.0322035551071167
16,cr_mow_synergy,mlp_scm,ok,0.1,7,1,0,False,0.7517991065979004,1.0,0.0917308895369732,0.9995916200575002,0.9995213369930619,0.02358316485893397,0.02857901196336363,0.08559185266494751,0.9999756677040127,0.9999504014376652,0.005757744188031211,0.006976001058355521,0.02096545696258545
16,cr_mow_synergy,mlp_scm,ok,0.1,8,1,0,False,0.7434640526771545,1.0,0.0915113169465784,0.9999957238653153,0.9999937079786851,0.0019786148870082343,0.002924426350508293,0.014666080474853516,0.9999997452624433,0.9999987594771474,0.0004830437487726158,0.0007137752454329944,0.003599882125854492
16,cr_mow_synergy,mlp_scm,ok,0.1,9,1,0,False,0.7423118948936462,1.0,0.09161099081220683,0.9997144759647006,0.9996395331163721,0.019320573704987964,0.0238966122976561,0.0681038498878479,0.9999829868078998,0.9999608508869179,0.004716027433616432,0.005833213917250933,0.01660311222076416
16,cr_mow_synergy,mlp_scm,ok,0.2,0,1,0,False,0.7475460767745972,1.0,0.0909524725631492,0.9997939173426235,0.999789602853873,0.01614089437464372,0.0203018551305166,0.0720144510269165,0.9999877283954816,0.9999710432908948,0.003931679621132389,0.0049541102338628296,0.017548859119415283
16,cr_mow_synergy,mlp_scm,ok,0.2,1,1,0,False,0.75210040807724,1.0,0.09237408983002939,0.9980727736262027,0.99794486714112,0.05012235383529173,0.062084238678828875,0.16134852170944214,0.9998852021462769,0.9997774211429797,0.012226933340798496,0.0151524158706724,0.039131879806518555
16,cr_mow_synergy,mlp_scm,ok,0.2,2,1,0,False,0.7306816577911377,1.0,0.08985339039928099,0.9945296433968713,0.9933867838495101,0.08621740744848694,0.10459786582970912,0.30460628867149353,0.9996739886187871,0.9994119586402974,0.02104752816751443,0.02553473581941765,0.07512354850769043
16,cr_mow_synergy,mlp_scm,ok,0.2,3,1,0,False,0.7312515377998352,0.9999999403953552,0.09009124109123977,0.9963619197233429,0.9957176927616049,0.07027055066697585,0.0853004137814472,0.2488769292831421,0.999783202772446,0.9996161755239252,0.017150789701304348,0.020822930406430313,0.061408281326293945
16,cr_mow_synergy,mlp_scm,ok,0.2,4,1,0,False,0.746380627155304,1.0,0.09142731094707192,0.9997905950963643,0.9997429882519131,0.016912259151922626,0.02046484361158002,0.05048781633377075,0.9999875223417074,0.9999716803161433,0.004127218200693505,0.004995529666173789,0.012266397476196289
16,cr_mow_synergy,mlp_scm,ok,0.2,5,1,0,False,0.7406222224235535,1.0,0.09075686111051137,0.9996096034642997,0.9996089000250339,0.021100536889719024,0.02794267525851636,0.09200990200042725,0.9999767505510482,0.9999525025033974,0.005144226350694225,0.006819009905652522,0.02227368950843811
16,cr_mow_synergy,mlp_scm,ok,0.2,6,1,0,False,0.7365122437477112,1.0,0.08896485426306297,0.9952214651430603,0.9950481456977326,0.07781902714492617,0.09776026673240665,0.29128098487854004,0.9997152722165346,0.9994744094664185,0.018979720709864978,0.023863267602221135,0.07068103551864624
16,cr_mow_synergy,mlp_scm,ok,0.2,7,1,0,False,0.7472805380821228,1.0,0.09236607612819873,0.9992928359239085,0.9992434151705885,0.028849811481165943,0.037607555253526444,0.13274729251861572,0.9999578875534055,0.9999122385958852,0.007032327088040802,0.009177412086826,0.032253384590148926
16,cr_mow_synergy,mlp_scm,ok,0.2,8,1,0,False,0.7381279468536377,1.0,0.08913644892255389,0.9950550490165762,0.9946355880301836,0.080035583622319,0.09944798744153248,0.28019750118255615,0.9997053386836445,0.9994573103676417,0.019521787862231577,0.0242759677565154,0.06802260875701904
16,cr_mow_synergy,mlp_scm,ok,0.2,9,1,0,False,0.7327499985694885,1.0,0.09099518222685592,0.998841101322678,0.9986475730455618,0.03952232352202145,0.04814350855739171,0.1545465588569641,0.9999309445354841,0.9998694070297116,0.009651344002293172,0.011752060483749781,0.037975192070007324
16,cr_mow_synergy,mlp_scm,ok,0.3,0,1,0,False,0.7548555135726929,0.9999999403953552,0.09147712983006974,0.9991049668657543,0.9989892309205349,0.03432166517032087,0.04230917556414415,0.12683850526809692,0.99994666706234,0.9998984782919675,0.008377164351117017,0.010327917012914013,0.030925869941711426
16,cr_mow_synergy,mlp_scm,ok,0.3,1,1,0,False,0.7443205714225769,1.0,0.09355197701203843,0.9977846348443862,0.9979319142943995,0.04337905328696934,0.06656373243798905,0.29409730434417725,0.9998681603102658,0.9997446646341462,0.010546277023536277,0.016238207161159635,0.07150411605834961
16,cr_mow_synergy,mlp_scm,ok,0.3,2,1,0,False,0.7489811182022095,1.0,0.09122793924279539,0.9998257331031508,0.9997848531042127,0.014468890567115977,0.018669059682865863,0.06791603565216064,0.9999896181844,0.999975591874687,0.003530767623487918,0.004556712706364394,0.016596078872680664
16,cr_mow_synergy,mlp_scm,ok,0.3,3,1,0,False,0.740669846534729,1.0,0.09235519044796967,0.9986519196128596,0.99848375697375,0.04491271866720581,0.051924568976956534,0.12386369705200195,0.9999197039018567,0.999838966722695,0.010954688238712151,0.012672497403611654,0.030323147773742676
16,cr_mow_synergy,mlp_scm,ok,0.3,4,1,0,False,0.7485652565956116,1.0,0.08778240348787303,0.9883694263054782,0.9872075718832699,0.1228307970879996,0.1525160588668467,0.43820977210998535,0.999306748306769,0.9987376171232385,0.029961341982357226,0.03723578078323372,0.10671395063400269
16,cr_mow_synergy,mlp_scm,ok,0.3,5,1,0,False,0.742385983467102,1.0,0.08863633151959743,0.9938477074678221,0.9935547797010227,0.08797525806807016,0.1109260372911951,0.347251296043396,0.9996333859511052,0.9993176230241041,0.021457093998492383,0.027078184815286413,0.08443224430084229
16,cr_mow_synergy,mlp_scm,ok,0.3,6,1,0,False,0.7444635629653931,1.0,0.0909567281298417,0.9998176908684331,0.9998183919247549,0.013207737155255472,0.019094980250989466,0.07694733142852783,0.9999891450671989,0.9999765306487374,0.0032162604029508657,0.0046593845819532815,0.01868915557861328
16,cr_mow_synergy,mlp_scm,ok,0.3,7,1,0,False,0.7492957711219788,1.0,0.09212654757599256,0.9983973551909752,0.9982529191402617,0.04591572133972477,0.056615278322145524,0.13682857155799866,0.9999045246817871,0.9998151285673413,0.011204037761672225,0.013818488930692782,0.03339068219065666
16,cr_mow_synergy,mlp_scm,ok,0.3,8,1,0,False,0.7369314432144165,1.0,0.08833372713075444,0.991884976252078,0.9911808436449465,0.10286254809221873,0.12739720519112216,0.3510301113128662,0.9995163700414869,0.9991111150847578,0.025092854215245097,0.031100802164717258,0.0852389931678772
16,cr_mow_synergy,mlp_scm,ok,0.3,9,1,0,False,0.7475764155387878,1.0,0.0912567090052265,0.9984180993985847,0.9982543608289821,0.04670036114669074,0.05624767756341861,0.13631117343902588,0.9999057355710426,0.9998214541163006,0.011397345558371796,0.013730580818002916,0.033144593238830566
17,cr_mow_synergy,mlp_scm,ok,0.0,0,0,0,False,0.740257203578949,1.0,-0.07333392532741684,1.0,1.0,0.0,0.0,0.0,1.0,1.0,0.0,0.0,0.0
17,cr_mow_synergy,mlp_scm,ok,0.1,0,1,0,False,0.7434238195419312,1.0,-0.07310980108652225,0.999970627222814,0.999970383913883,0.005574150505822217,0.007664564950379989,0.028629064559936523,0.9999981069020166,0.9999940767827765,0.001414946762917424,0.0019458149612061302,0.007408618927001953
17,cr_mow_synergy,mlp_scm,ok,0.1,1,1,0,False,0.7359294891357422,1.0,-0.07603312366002724,0.9998899095832711,0.9998647941849652,0.012243936793083776,0.014838491375517487,0.05467236042022705,0.9999931222598979,0.9999838173235104,0.0030561757221789776,0.0037088380259532455,0.013764843344688416
17,cr_mow_synergy,mlp_scm,ok,0.1,2,1,0,False,0.7357403635978699,1.0,-0.07777455234565296,0.9996321813752557,0.9995925944138473,0.022501459812175995,0.02712263356042982,0.07940030097961426,0.9999768660663858,0.999956268775481,0.005619727938285024,0.0068020486184727095,0.01997409760951996
17,cr_mow_synergy,mlp_scm,ok,0.1,3,1,0,False,0.7341625690460205,1.0,-0.07953517509085965,0.9988628357180241,0.998806818181818,0.0387645603702822,0.047689919993048016,0.15036892890930176,0.9999277392843714,0.9998797922180102,0.009718747529351646,0.012021706616701834,0.04012763500213623
17,cr_mow_synergy,mlp_scm,ok,0.1,4,1,0,False,0.7368280291557312,1.0,-0.0776966222414333,0.9992947042472317,0.999277199860525,0.030002670513709973,0.037557842532238754,0.13673096895217896,0.9999550511310684,0.9999230652313853,0.0075259937100504715,0.009481441717318635,0.03608512878417969
17,cr_mow_synergy,mlp_scm,ok,0.1,5,1,0,False,0.7411065101623535,1.0,-0.07490571259348258,0.9999164946169097,0.9999183825370146,0.009508022739964872,0.012923264720231585,0.05347377061843872,0.9999946886445618,0.9999866895250696,0.0023828557442762133,0.003259249983915642,0.01323002576828003
17,cr_mow_synergy,mlp_scm,ok,0.1,6,1,0,False,0.7441754341125488,1.0,-0.07135398489463203,0.9999486817332892,0.9999314806701951,0.008512010295504524,0.010130969079125484,0.03784537315368652,0.9999968140121547,0.9999911151741648,0.0021119038207011442,0.0025242772021716337,0.009511828422546387
17,cr_mow_synergy,mlp_scm,ok,0.1,7,1,0,False,0.7427684664726257,1.0,-0.07317885750901361,0.9998294432128929,0.9998497067448678,0.012037771446614443,0.018469259854316012,0.10586392879486084,0.9999889989102659,0.9999810457048851,0.0030593185461604833,0.004690648029313749,0.0268399715423584
17,cr_mow_synergy,mlp_scm,ok,0.1,8,1,0,False,0.742490828037262,0.9999999403953552,-0.0724363524840476,0.9999681447165376,0.9999643377619625,0.005625740903752785,0.00798188974507256,0.04526263475418091,0.9999979707899194,0.9999947026321436,0.0014184539139527885,0.0020145520370888808,0.011222600936889648
17,cr_mow_synergy,mlp_scm,ok,0.1,9,1,0,False,0.7442360520362854,0.9999999403953552,-0.06839843227548027,0.999648788075118,0.9995516571597167,0.022039626757731412,0.026503279967902152,0.07230478525161743,0.9999781339306804,0.9999613314498247,0.005476638401983536,0.006613027748877741,0.01810373365879059
17,cr_mow_synergy,mlp_scm,ok,0.2,0,1,0,False,0.7694333791732788,1.0,-0.054791215318168815,0.9933186529706904,0.9930280939310492,0.09538324347431626,0.11559711695093508,0.34321027994155884,0.9995816698047305,0.9994251350046491,0.023718305442205434,0.02892508159396951,0.08587880432605743
17,cr_mow_synergy,mlp_scm,ok,0.2,1,1,0,False,0.7578569054603577,1.0,-0.06121086326168089,0.9965210198920679,0.9964127767148273,0.068151847916738,0.08341438913583771,0.23500126600265503,0.9997808370153162,0.9996925291466989,0.016980479260023884,0.02093623530002482,0.06315004825592041
17,cr_mow_synergy,mlp_scm,ok,0.2,2,1,0,False,0.7329367995262146,1.0,-0.08676140065366181,0.9960780953989926,0.9957381446248478,0.07303958739419159,0.08856528221099909,0.24579191207885742,0.9997518428375946,0.9996410195086187,0.018281971534538144,0.022278112760221243,0.06671321392059326
17,cr_mow_synergy,mlp_scm,ok,0.2,3,1,0,False,0.7501227259635925,1.0,-0.07009091517636494,0.9997942511398534,0.9997822379479293,0.01602233238975259,0.020285406512382535,0.09586018323898315,0.9999870675710476,0.999976664759316,0.004006470321225919,0.005085750337131387,0.023349285125732422
17,cr_mow_synergy,mlp_scm,ok,0.2,4,1,0,False,0.743895411491394,1.0,-0.0752439839061759,0.9997652316976038,0.999752331288892,0.016054886376764443,0.021668793597822658,0.11065793037414551,0.9999849628371168,0.999973289643087,0.004035841714955524,0.005484006302240271,0.028696060180664062
17,cr_mow_synergy,mlp_scm,ok,0.2,5,1,0,False,0.7472249865531921,1.0,-0.06284893437956048,0.9977524300802265,0.9975194348580215,0.054671201684641346,0.06704580275351688,0.20499223470687866,0.9998588222909172,0.9997904745726343,0.013633850159617822,0.016803434431393132,0.055081963539123535
17,cr_mow_synergy,mlp_scm,ok,0.2,6,1,0,False,0.730387270450592,1.0,-0.07800185827711355,0.9995379742645616,0.9995378996495243,0.023603039798103964,0.030398215075951484,0.15320956707000732,0.9999708456250643,0.9999475292361061,0.0059131194232335815,0.007636016463884782,0.037546396255493164
17,cr_mow_synergy,mlp_scm,ok,0.2,7,1,0,False,0.7420591115951538,0.9999999403953552,-0.07805555217152509,0.9979598200520244,0.9980581794041913,0.04765133076223549,0.06387769365155392,0.3012809753417969,0.9998689369469623,0.9998036285852226,0.011976853838763901,0.016190308551180647,0.07803952693939209
17,cr_mow_synergy,mlp_scm,ok,0.2,8,1,0,False,0.7493472099304199,1.0,-0.06634316227975777,0.9989634361642283,0.9988302093019097,0.03750629714789966,0.045531612406661266,0.13037961721420288,0.9999347772128128,0.9998989365031112,0.009348460018220095,0.011421277149094125,0.03271986544132233
17,cr_mow_synergy,mlp_scm,ok,0.2,9,1,0,False,0.734719455242157,1.0,-0.076151744286654,0.9998191879272329,0.9998051820327586,0.01567463989619,0.01901641742631162,0.06830215454101562,0.999988577270112,0.9999765194728559,0.0039188252885828945,0.0047796924496349615,0.017223700881004333
17,cr_mow_synergy,mlp_scm,ok,0.3,0,1,0,False,0.7398093938827515,1.0,-0.07181888180275202,0.9999136856476805,0.999890230491381,0.010226360668411871,0.01313882402040962,0.0571478009223938,0.9999945060681157,0.9999865442386093,0.0025587935350408486,0.0033147946515039344,0.014966249465942383
17,cr_mow_synergy,mlp_scm,ok,0.3,1,1,0,False,0.7790396809577942,1.0,-0.04736675536018115,0.9882852697169602,0.987743712449038,0.12666322106372263,0.15306684985663419,0.4415796399116516,0.9992700458255164,0.9990015914455332,0.03144488032754822,0.038208746934736366,0.11019019782543182
17,cr_mow_synergy,mlp_scm,ok,0.3,2,1,0,False,0.7470859289169312,1.0,-0.07403884031345533,0.999379402989047,0.9995097476038908,0.023992486945417113,0.035230583331757395,0.14800691604614258,0.9999599750667992,0.9999350234246476,0.006098898674490982,0.008947058948713999,0.03738510608673096
17,cr_mow_synergy,mlp_scm,ok,0.3,3,1,0,False,0.7592277526855469,1.0,-0.054613671691672486,0.9921498286378465,0.9917516629711751,0.10166300157010255,0.125301008993768,0.3985806405544281,0.9995068457545219,0.9993290335991702,0.02528995603022466,0.03140554883127393,0.10637485980987549
17,cr_mow_synergy,mlp_scm,ok,0.3,4,1,0,False,0.7477735877037048,1.0,-0.06716201517742475,0.9989532308637964,0.998838010067234,0.03709396969156842,0.04575519882789872,0.14499396085739136,0.999933769956145,0.9998962542915384,0.009260916348178938,0.011509130487956544,0.038628578186035156
17,cr_mow_synergy,mlp_scm,ok,0.3,5,1,0,False,0.7366800904273987,1.0,-0.0813288443856131,0.9991203081984551,0.998958787819183,0.03478823491377625,0.041945005986837466,0.1060190200805664,0.9999451513394513,0.999903451559259,0.008664012586070413,0.010473648680568293,0.02799534797668457
17,cr_mow_synergy,mlp_scm,ok,0.3,6,1,0,False,0.7415523529052734,1.0,-0.0776924778746969,0.999671536116872,0.9996889640404835,0.021224297981206064,0.02563060154269273,0.08168232440948486,0.9999793852984886,0.9999616555503896,0.005258586302222312,0.006421012574759141,0.02130138874053955
17,cr_mow_synergy,mlp_scm,ok,0.3,7,1,0,False,0.7391222715377808,1.0,-0.07745070279585475,0.9994198866472622,0.9994797738895644,0.024693957190947913,0.03406210068906215,0.16136354207992554,0.9999630719512971,0.9999374625606221,0.006200837896134459,0.008593957002044387,0.03978109359741211
17,cr_mow_synergy,mlp_scm,ok,0.3,8,1,0,False,0.7335696220397949,1.0,-0.09809870202876642,0.9870715155542426,0.9859512239825475,0.1329916069812498,0.16080101997015897,0.42902278900146484,0.9991802615667476,0.9988904361276015,0.03332076317419208,0.040490453351532334,0.11719512939453125
17,cr_mow_synergy,mlp_scm,ok,0.3,9,1,0,False,0.7241685390472412,1.0,-0.08819354158715821,0.9969606765132621,0.9965632376081824,0.06435241919717782,0.0779656790152814,0.2636159658432007,0.9998101816550881,0.9997166802267363,0.016037310070903033,0.01948426745073638,0.06648328900337219
18,cr_mow_synergy,mlp_scm,ok,0.0,0,0,0,False,0.7467665076255798,0.9999999403953552,-0.015623185931161899,1.0,1.0,0.0,0.0,0.0,1.0,1.0,0.0,0.0,0.0
18,cr_mow_synergy,mlp_scm,ok,0.1,0,1,0,False,0.7445265650749207,1.0,-0.015948398427511015,0.9991236272485958,0.9991696431764535,0.03179682313373178,0.04186580470759371,0.1627957820892334,0.9999450538978278,0.9999207965274299,0.007957928953885585,0.010482948137702364,0.04080420732498169
18,cr_mow_synergy,mlp_scm,ok,0.1,1,1,0,False,0.7433662414550781,1.0,-0.015062595027336981,0.9999043777474188,0.999890308722552,0.011698974813384666,0.013829118372121809,0.04251974821090698,0.9999940150004092,0.99998698009799,0.0029198247398198873,0.003459768596226819,0.010711133480072021
18,cr_mow_synergy,mlp_scm,ok,0.1,2,1,0,False,0.745006799697876,1.0,-0.014857530330211581,0.99975928769687,0.999805874937415,0.015040767939126454,0.021941390606469432,0.09922701120376587,0.9999849285280513,0.9999743737035975,0.0037512215490096423,0.005490258876163637,0.024931132793426514
18,cr_mow_synergy,mlp_scm,ok,0.1,3,1,0,False,0.7484560012817383,1.0,-0.015594067285423965,0.9999450675359851,0.9999362639475001,0.008239157866682945,0.010481647347429957,0.03469574451446533,0.9999965560241799,0.9999920651240968,0.002062777940466276,0.0026244906726673807,0.008690893650054932
18,cr_mow_synergy,mlp_scm,ok,0.1,4,1,0,False,0.7466126680374146,1.0,-0.015911271004318942,0.9996188969850395,0.9996328164115583,0.020442800139562678,0.027608079170018004,0.1155901551246643,0.9999761072425142,0.9999606608969314,0.005116107746118814,0.006912706684520684,0.02897876501083374
18,cr_mow_synergy,mlp_scm,ok,0.1,5,1,0,False,0.7446491718292236,1.0,-0.015955324635047112,0.9995382914315855,0.9995827819898432,0.022375895199502338,0.03038778035283832,0.12142544984817505,0.9999710537488707,0.9999534971568556,0.005598578942908716,0.007608712134350841,0.030445516109466553
18,cr_mow_synergy,mlp_scm,ok,0.1,6,1,0,False,0.7445485591888428,1.0,-0.01569356614539748,0.999576047590883,0.9995706785101207,0.023027754863875316,0.02911880603608606,0.10235726833343506,0.9999734196522259,0.9999578222230169,0.005765337149853167,0.007291138149670563,0.025638163089752197
18,cr_mow_synergy,mlp_scm,ok,0.1,7,1,0,False,0.7574957609176636,1.0,-0.016158312788687495,0.9988547976075856,0.9987176569987839,0.03985121379449197,0.04785817351610157,0.13206222653388977,0.9999281998129219,0.9999062120020026,0.00997996305596871,0.0119833370523246,0.03325486183166504
18,cr_mow_synergy,mlp_scm,ok,0.1,8,1,0,False,0.7483370304107666,1.0,-0.015500453485635925,0.9999705045579965,0.9999730996531004,0.005362720852644998,0.007680552293085742,0.02721405029296875,0.9999981512655364,0.9999949820291824,0.0013407709607804463,0.0019228803708187278,0.006828397512435913
18,cr_mow_synergy,mlp_scm,ok,0.1,9,1,0,False,0.7575773000717163,1.0,-0.01602692077846877,0.9981320823345624,0.9979885648379944,0.050293603911427454,0.061121479721674775,0.16057834029197693,0.9998828827892682,0.9998558423038408,0.012596168013544684,0.015304718519710008,0.040349721908569336
18,cr_mow_synergy,mlp_scm,ok,0.2,0,1,0,False,0.7395387887954712,1.0,-0.01443805512004024,0.998547214377284,0.9982083720763891,0.044579714217206856,0.053903351997121374,0.1470245122909546,0.9999089843595815,0.9998819156355053,0.011159829596451232,0.013491896519997602,0.03729557991027832
18,cr_mow_synergy,mlp_scm,ok,0.2,1,1,0,False,0.752835214138031,1.0,-0.015741185741684944,0.9994204789832508,0.9993682721193046,0.027731390684948565,0.03404470664511331,0.09705626964569092,0.9999636658692321,0.9999489709248264,0.006944475766601954,0.008524568070728973,0.024288803339004517
18,cr_mow_synergy,mlp_scm,ok,0.2,2,1,0,False,0.7481053471565247,1.0,-0.015119890927283301,0.9996259491410872,0.9996789504506114,0.018599535408725387,0.027351448393425636,0.12015879154205322,0.9999765589680871,0.9999637789678849,0.0046474070776980625,0.0068470476009163525,0.030142277479171753
18,cr_mow_synergy,mlp_scm,ok,0.2,3,1,0,False,0.7477216720581055,1.0,-0.01642149890576865,0.9971964918553412,0.9975220276625418,0.05529341605824811,0.07488001408390499,0.3141945004463196,0.9998242166482468,0.9997870100493526,0.013836391130951142,0.01875011148256537,0.07878094911575317
18,cr_mow_synergy,mlp_scm,ok,0.2,4,1,0,False,0.7411532402038574,1.0,-0.014764420019140958,0.9979474122162961,0.9975775606179815,0.053221224351631236,0.06407164606198258,0.16650402545928955,0.9998713601490375,0.9998378379586582,0.013327451891086639,0.01603994048400378,0.04183757305145264
18,cr_mow_synergy,mlp_scm,ok,0.2,5,1,0,False,0.7618207931518555,1.0,-0.01722062303271306,0.9989228461956561,0.9986948023210069,0.0392174118182993,0.04641452071701882,0.14348995685577393,0.9999325164290245,0.9999073295901579,0.009803766518075463,0.011617535914605612,0.035822153091430664
18,cr_mow_synergy,mlp_scm,ok,0.2,6,1,0,False,0.7387542724609375,1.0,-0.01504384079814544,0.9983796894680285,0.9981832822223016,0.04732849327263011,0.05692645434404101,0.15319514274597168,0.9998984376616288,0.9998659453007651,0.011851948294349768,0.014252181038063702,0.03855156898498535
18,cr_mow_synergy,mlp_scm,ok,0.2,7,1,0,False,0.7497337460517883,1.0,-0.014735426579563103,0.9992643545681007,0.999447511911946,0.02561088307902537,0.03835741027213892,0.1650734543800354,0.9999539114610592,0.9999360739575138,0.0063976006600228175,0.009600889149853577,0.041428565979003906
18,cr_mow_synergy,mlp_scm,ok,0.2,8,1,0,False,0.7432694435119629,1.0,-0.01583887822647762,0.9975583674854405,0.9975785329196767,0.055022084370193625,0.06988036391212929,0.25106412172317505,0.9998469133555676,0.9998092835812888,0.01377546046091993,0.017497807808756125,0.06289297342300415
18,cr_mow_synergy,mlp_scm,ok,0.2,9,1,0,False,0.7367844581604004,1.0,-0.01436640516828036,0.9930755647355388,0.9920858441813888,0.09780767389133871,0.11768122775323857,0.30865489691495895,0.9995660467720224,0.999502360346184,0.024493147207124366,0.02946025173687183,0.0776909589767456
18,cr_mow_synergy,mlp_scm,ok,0.3,0,1,0,False,0.7706104516983032,0.9999999403953552,-0.017158633288716356,0.995282339331096,0.9946953789964952,0.08123385051885634,0.09713558380676013,0.26950448751449585,0.9997041819723945,0.9996569004363064,0.02034825613554858,0.02432356910335704,0.0681455135345459
18,cr_mow_synergy,mlp_scm,ok,0.3,1,1,0,False,0.7327913045883179,1.0,-0.013508465676825072,0.9965204562551725,0.9958414656498104,0.06851006348688315,0.08342114643480894,0.24227041006088257,0.9997820918242182,0.9997418483119949,0.017137554910561903,0.02087621444838559,0.06150996685028076
18,cr_mow_synergy,mlp_scm,ok,0.3,2,1,0,False,0.7464753985404968,1.0,-0.015205284323200948,0.9998081759657519,0.9997517948465773,0.01655965222708744,0.019586936639475902,0.045769691467285156,0.999987979845875,0.9999771341463414,0.004145027239189858,0.004903091703595023,0.011534571647644043
18,cr_mow_synergy,mlp_scm,ok,0.3,3,1,0,False,0.7488698363304138,1.0,-0.015527396649432992,0.9979900617889649,0.997784783813747,0.05093560250374196,0.06340249649988265,0.21794551610946655,0.999873988608278,0.9998375809133824,0.012754680899377036,0.01587522545198576,0.05455911159515381
18,cr_mow_synergy,mlp_scm,ok,0.3,4,1,0,False,0.7471497654914856,1.0,-0.015944014552787867,0.9992990600485537,0.999319399989271,0.02818556349211576,0.03744168696253049,0.15430909395217896,0.9999560536342226,0.9999343752235174,0.00705316041290871,0.009375112105368184,0.038678526878356934
18,cr_mow_synergy,mlp_scm,ok,0.3,5,1,0,False,0.7352362871170044,0.9999999403953552,-0.014115008596516281,0.9893630239995971,0.9879956279951363,0.12126888296774041,0.1458559336365069,0.384557600133121,0.9993334185268691,0.9992516406194119,0.03036558398014222,0.03651250270013733,0.0967707633972168
18,cr_mow_synergy,mlp_scm,ok,0.3,6,1,0,False,0.7305147051811218,1.0,-0.01491758354470477,0.992363274630957,0.9920448845754951,0.10159139095992487,0.1235858063358453,0.3329191952943802,0.9995213066102416,0.9994633900472069,0.025437384857781353,0.030941667183613027,0.08358728885650635
18,cr_mow_synergy,mlp_scm,ok,0.3,7,1,0,False,0.7409971952438354,1.0,-0.013839641820040311,0.9989987707541137,0.9990405393927472,0.03721634547531494,0.04474883854221741,0.15404969453811646,0.9999373485265485,0.999909531238824,0.00928384974366736,0.011193879691039207,0.03876596689224243
18,cr_mow_synergy,mlp_scm,ok,0.3,8,1,0,False,0.7771787643432617,1.0,-0.016751963701334686,0.9907939578720897,0.9903084431549961,0.11207806250058638,0.1356911352620681,0.3595592677593231,0.9994226993194131,0.9993514859452113,0.028072226782398957,0.033979425487676684,0.09044218063354492
18,cr_mow_synergy,mlp_scm,ok,0.3,9,1,0,False,0.7586387395858765,1.0,-0.015950454359539797,0.9958682747218837,0.9956823881517772,0.0737900141107275,0.0909035242928236,0.27380281686782837,0.9997409409041389,0.99969620601173,0.018479888017452595,0.022762209554319734,0.06852465867996216
19,cr_mow_synergy,mlp_scm,ok,0.0,0,0,0,False,0.7440283298492432,1.0,0.11525368215628419,1.0,1.0,0.0,0.0,0.0,1.0,1.0,0.0,0.0,0.0
19,cr_mow_synergy,mlp_scm,ok,0.1,0,1,0,False,0.7435709834098816,1.0,0.11622059299491731,0.9998280486347136,0.9998080654101994,0.014657142413028623,0.01854461456811823,0.06345164775848389,0.9999898917864883,0.9999803528002289,0.003574385714358641,0.004496268111326427,0.015812158584594727
19,cr_mow_synergy,mlp_scm,ok,0.1,1,1,0,False,0.7466768026351929,1.0,0.11679958369606172,0.9999742307411287,0.9999617114297974,0.006002261377858531,0.007179033127318812,0.031212031841278076,0.999998544196952,0.9999946579286174,0.0014197443898922302,0.001706342939613439,0.007586851716041565
19,cr_mow_synergy,mlp_scm,ok,0.1,2,1,0,False,0.7502328753471375,0.9999999403953552,0.11602230216679207,0.9996624939325102,0.9996183883484728,0.021509886531276834,0.02598099542119642,0.09099668264389038,0.9999801261387691,0.999963577802017,0.005212708404684463,0.006304579447877742,0.022093957290053368
19,cr_mow_synergy,mlp_scm,ok,0.1,3,1,0,False,0.7446422576904297,1.0,0.11688321989334012,0.9999773095456805,0.9999778941062869,0.004467446139841513,0.006736535413805867,0.03195774555206299,0.9999987325715292,0.9999965578284814,0.0010852945773933698,0.0015921234317640984,0.008448123931884766
19,cr_mow_synergy,mlp_scm,ok,0.1,4,1,0,False,0.7478829622268677,1.0,0.11445594673894341,0.9996627568253127,0.9996367056183392,0.02098745759556664,0.02597087514647197,0.0740322470664978,0.9999801357097252,0.9999646953901723,0.005109281335222704,0.006303061363404947,0.018315792083740234
19,cr_mow_synergy,mlp_scm,ok,0.1,5,1,0,False,0.7419565320014954,1.0,0.11818301768229897,0.9996206950863584,0.9996503737214791,0.020844627351920053,0.027542872137754266,0.10299205780029297,0.9999778828289598,0.9999640136613975,0.005123522337129316,0.006650890334259151,0.02623152732849121
19,cr_mow_synergy,mlp_scm,ok,0.1,6,1,0,False,0.740541398525238,1.0,0.11255189267088046,0.9999489132763291,0.9999405778377797,0.008421076772918923,0.010108087967583794,0.03847646713256836,0.9999971783862807,0.999991863958229,0.0019807602482586617,0.002375547835006344,0.009638190269470215
19,cr_mow_synergy,mlp_scm,ok,0.1,7,1,0,False,0.7410352826118469,1.0,0.1133152908671689,0.9999273680676467,0.999902546312853,0.009793719620205366,0.012052545730532676,0.04532104730606079,0.9999958155808649,0.9999888548520895,0.0023444160709402695,0.002892894454578858,0.011022813618183136
19,cr_mow_synergy,mlp_scm,ok,0.1,8,1,0,False,0.7399070262908936,1.0,0.10921148939139554,0.9997685967979119,0.999781243294471,0.017702920169766045,0.02151293562752474,0.07792240381240845,0.9999873004267161,0.9999759606787781,0.0041584674199839355,0.0050397566688599885,0.02151799201965332
19,cr_mow_synergy,mlp_scm,ok,0.1,9,1,0,False,0.7474493980407715,1.0,0.1141374703441876,0.9998973800324331,0.9998987353372434,0.011088268217150699,0.014326197493678578,0.04516822099685669,0.9999939826058941,0.9999850578463627,0.002716553816895839,0.003469119220675889,0.010959969833493233
19,cr_mow_synergy,mlp_scm,ok,0.2,0,1,0,False,0.7474267482757568,1.0,0.12033085093897086,0.999746392642627,0.9998031591981976,0.014688342640369001,0.02252142804384518,0.11171436309814453,0.9999857428260611,0.999974641924755,0.003602458100971262,0.005339882801320688,0.02924489974975586
19,cr_mow_synergy,mlp_scm,ok,0.2,1,1,0,False,0.7493796348571777,0.9999999403953552,0.1159451177916074,0.9980544766233943,0.9978669935984549,0.05121929132704395,0.06237825509314414,0.1604834794998169,0.9998853602523293,0.9998416042307416,0.012424268656189952,0.015141977849382399,0.03866147994995117
19,cr_mow_synergy,mlp_scm,ok,0.2,2,1,0,False,0.7465838193893433,1.0,0.12367972477059869,0.9994760662631542,0.9996342022208712,0.022328924243574022,0.032370780944160425,0.14325368404388428,0.9999710298796516,0.9999519772369644,0.005418090576171153,0.007611848701285635,0.038283586502075195
19,cr_mow_synergy,mlp_scm,ok,0.2,3,1,0,False,0.7476385831832886,1.0,0.11318732159975171,0.9993087651797645,0.9992805638008725,0.02946464160166329,0.03718157632909098,0.12242209911346436,0.9999593507586997,0.9999336823188612,0.00718980951879189,0.009016567258099675,0.030614376068115234
19,cr_mow_synergy,mlp_scm,ok,0.2,4,1,0,False,0.7511271238327026,1.0,0.11156064268491354,0.9964972817603773,0.9964012096774193,0.06665497544636878,0.08369848558443253,0.2723982334136963,0.9997937304482803,0.999740540733853,0.01624622891691274,0.020311058960585816,0.06775987148284912
19,cr_mow_synergy,mlp_scm,ok,0.2,5,1,0,False,0.7614768147468567,0.9999999403953552,0.11236324986432163,0.995870184135799,0.9958500822544881,0.07338270079051767,0.09088251547309498,0.2540087103843689,0.9997566438218605,0.9996954237000214,0.017867811165302783,0.022061558245584666,0.0629194974899292
19,cr_mow_synergy,mlp_scm,ok,0.2,6,1,0,False,0.7412079572677612,1.0,0.10785180703275254,0.9995987632787758,0.9996978488663184,0.018948332438952775,0.02832796175504532,0.13269412517547607,0.9999777498446208,0.9999662600135898,0.0045939219468493775,0.006670855514230035,0.03542447090148926
19,cr_mow_synergy,mlp_scm,ok,0.2,7,1,0,False,0.7423458695411682,1.0,0.11394913396144404,0.9999728385277761,0.9999592080323294,0.006047576849113057,0.007370409942890338,0.026266932487487793,0.9999984431862445,0.9999939761998426,0.0014350162522589471,0.0017645474461792624,0.006389010697603226
19,cr_mow_synergy,mlp_scm,ok,0.2,8,1,0,False,0.7405772805213928,1.0,0.11716292600633552,0.9990707578877852,0.9990603542307417,0.03446655885406358,0.04311014007437864,0.13551664352416992,0.9999453491271674,0.9999226628996495,0.008398627222049981,0.010454747515258819,0.03369724750518799
19,cr_mow_synergy,mlp_scm,ok,0.2,9,1,0,False,0.7387982606887817,1.0,0.11762893018566803,0.9998077208910894,0.9998574404549031,0.014340951651064415,0.01961015558560646,0.062041521072387695,0.9999888206281177,0.9999799504684928,0.003531930811135453,0.004728503419857299,0.015368938446044922
19,cr_mow_synergy,mlp_scm,ok,0.3,0,1,0,False,0.7574271559715271,1.0,0.12124620327994794,0.9971804028502435,0.996724404996066,0.06267154785646767,0.07509456740758715,0.22374016046524048,0.9998349760230871,0.9997727719762534,0.015121084376261251,0.01816722205033388,0.054290927946567535
19,cr_mow_synergy,mlp_scm,ok,0.3,1,1,0,False,0.7405928373336792,1.0,0.11795404222355421,0.998526333757601,0.9983062839746798,0.0455956784537932,0.05428934096712995,0.12830322980880737,0.9999133854212537,0.9998697674522566,0.011034129354726474,0.013161654817501115,0.03051161766052246
19,cr_mow_synergy,mlp_scm,ok,0.3,2,1,0,False,0.7481953501701355,1.0,0.13061048479697104,0.9972618435704542,0.9983724451934768,0.050141321885945445,0.07400211283782805,0.33833277225494385,0.9998453061564538,0.9998068137114654,0.012393539056958502,0.01758942018939737,0.08834660053253174
19,cr_mow_synergy,mlp_scm,ok,0.3,3,1,0,False,0.7596420049667358,1.0,0.1162044878809477,0.9969078393334523,0.9967034613940347,0.06493665040585483,0.07864045492199907,0.2364782691001892,0.9998178093269886,0.9997621995923037,0.01575152633145649,0.019088775929779412,0.0574063528329134
19,cr_mow_synergy,mlp_scm,ok,0.3,4,1,0,False,0.7612366080284119,1.0,0.12661200292848915,0.9988288597560866,0.9987511287640369,0.041153867732106164,0.048397112795230575,0.19165819883346558,0.9999345108344859,0.99989921590015,0.009684366561629076,0.011444576795485962,0.04649732820689678
19,cr_mow_synergy,mlp_scm,ok,0.3,5,1,0,False,0.7643902897834778,1.0,0.12928165601539415,0.9983332970313973,0.9982835410557184,0.04925617019526385,0.05773565507315686,0.22126001119613647,0.9999071959700148,0.9998652970996351,0.011580022487720498,0.013623805044118347,0.053653331473469734
19,cr_mow_synergy,mlp_scm,ok,0.3,6,1,0,False,0.7251110076904297,1.0,0.10550552501845006,0.9854459295727702,0.9835452802017022,0.1414440183772001,0.1706110766559241,0.5578546822071075,0.9991427526825554,0.9990221327158285,0.03426730446122406,0.041406457272478214,0.13581308349967003
19,cr_mow_synergy,mlp_scm,ok,0.3,7,1,0,False,0.7598578333854675,1.0,0.12723565864412584,0.9965654628342199,0.995933767255561,0.0678464874384872,0.08287987989660149,0.24988192319869995,0.9998018568265438,0.9997284372541304,0.016317966560251307,0.019906942362735665,0.06059231795370579
19,cr_mow_synergy,mlp_scm,ok,0.3,8,1,0,False,0.7326975464820862,1.0,0.11637244619258383,0.99874140315457,0.9988102827050998,0.0404949590520971,0.05017164194496138,0.17642062902450562,0.9999258692032221,0.9999012275588297,0.009848727414436098,0.012176272023213293,0.04281124845147133
19,cr_mow_synergy,mlp_scm,ok,0.3,9,1,0,False,0.7718935608863831,1.0,0.12371979112582215,0.994984640363467,0.9944173454152064,0.08361288113727028,0.10015347698150269,0.35787433385849,0.9997068315245652,0.999626747907875,0.020169158619779637,0.02421439589750076,0.08678117021918297
20,cr_mow_synergy,mlp_scm,ok,0.0,0,0,0,False,0.7287440299987793,1.0,0.07754883999432437,1.0,1.0,0.0,0.0,0.0,1.0,1.0,0.0,0.0,0.0
20,cr_mow_synergy,mlp_scm,ok,0.1,0,1,0,False,0.7289063334465027,1.0,0.08085164185980341,0.9996527400467423,0.9996466633288034,0.0188942937066372,0.02635374541140348,0.11816924810409546,0.9999794841237877,0.9999635889778984,0.0045580139577481305,0.00640560323691187,0.028438597917556763
20,cr_mow_synergy,mlp_scm,ok,0.1,1,1,0,False,0.7306069135665894,1.0,0.07848317169614488,0.9999665822836302,0.9999583586653316,0.006279759592416667,0.00817529403640611,0.02494347095489502,0.9999980198397147,0.9999946691044989,0.0015343050255580692,0.00199005540655683,0.006282806396484375
20,cr_mow_synergy,mlp_scm,ok,0.1,2,1,0,False,0.7295343279838562,1.0,0.07719565063564773,0.9999926715798156,0.999990735194192,0.0024890504305403738,0.003828425319057117,0.02056884765625,0.9999995638212757,0.9999978318789787,0.000602090206655248,0.0009340007610352673,0.004960119724273682
20,cr_mow_synergy,mlp_scm,ok,0.1,3,1,0,False,0.7296895980834961,0.9999999403953552,0.07737491225641778,0.9999906087460997,0.9999852813639939,0.0036205212421691613,0.004333879072285907,0.014154434204101562,0.9999994375487662,0.9999975971854659,0.0008870792914308367,0.0010606141659422834,0.003408074378967285
20,cr_mow_synergy,mlp_scm,ok,0.1,4,1,0,False,0.7276287078857422,1.0,0.07712926347035214,0.999985212140626,0.99997280908018,0.004600529984486457,0.005438356099313883,0.015745997428894043,0.9999991177781391,0.9999964013661398,0.0011254720967031062,0.0013283236301393712,0.0039174556732177734
20,cr_mow_synergy,mlp_scm,ok,0.1,5,1,0,False,0.7310242056846619,1.0,0.08108844419142625,0.9996335809159332,0.9995506625062585,0.022096002812304505,0.0270709839258714,0.0692794919013977,0.9999783809532077,0.9999625831485587,0.005387051810430421,0.0065755679801250445,0.016640901565551758
20,cr_mow_synergy,mlp_scm,ok,0.1,6,1,0,False,0.719763994216919,1.0,0.07126816567923312,0.9986180399779873,0.9984450548959302,0.043399490539400176,0.0525729961389578,0.1523800492286682,0.9999180671602755,0.9998869447822043,0.010625130143424144,0.01280100287743329,0.03742724657058716
20,cr_mow_synergy,mlp_scm,ok,0.1,7,1,0,False,0.7297616600990295,1.0,0.07989600931598168,0.9998400615359878,0.999816737894285,0.013723344797185177,0.017885102987880746,0.06886029243469238,0.9999905620056414,0.9999816827301337,0.0033235378143956495,0.004344650576227701,0.016586244106292725
20,cr_mow_synergy,mlp_scm,ok,0.1,8,1,0,False,0.735260009765625,1.0,0.08005563124007545,0.9997479119141448,0.9997109022959729,0.01838278622346934,0.022453867405965243,0.07054048776626587,0.9999850598345236,0.9999731890601531,0.004506459802007257,0.005466290453138459,0.017297744750976562
20,cr_mow_synergy,mlp_scm,ok,0.1,9,1,0,False,0.7353196740150452,1.0,0.07865208734312996,0.9998766949533812,0.9998509249159573,0.012757311661857784,0.015703824283683214,0.059416890144348145,0.9999926395813244,0.9999852478363492,0.003136409297269438,0.003836774284640528,0.014707446098327637
20,cr_mow_synergy,mlp_scm,ok,0.2,0,1,0,False,0.7384881973266602,1.0,0.0750081406850263,0.9981585040679393,0.9985618987375723,0.04486030436589772,0.060687658455802984,0.2680985927581787,0.9998896650622289,0.9998529701022816,0.010977846134640146,0.01485496143797471,0.06513744592666626
20,cr_mow_synergy,mlp_scm,ok,0.2,1,1,0,False,0.7239751219749451,1.0,0.07826411360605462,0.9998143079197137,0.999819464809384,0.014408860548655866,0.01927132943899836,0.0903816819190979,0.9999888787374307,0.9999789334632715,0.0035229381721961772,0.004716198197030344,0.021973729133605957
20,cr_mow_synergy,mlp_scm,ok,0.2,2,1,0,False,0.720928430557251,1.0,0.0754042305287027,0.9997743528443127,0.9997759235748513,0.01700920950378304,0.021243688212358405,0.07349002361297607,0.9999865847342303,0.9999755471711608,0.004173762757034183,0.005179819639001498,0.018169760704040527
20,cr_mow_synergy,mlp_scm,ok,0.2,3,1,0,False,0.7322261333465576,1.0,0.07271325423831433,0.9994066708711947,0.9993884445855088,0.02586299695684602,0.034447906416327216,0.15277141332626343,0.9999650099046291,0.9999459199091623,0.006240143792354047,0.008365416367781127,0.036457180976867676
20,cr_mow_synergy,mlp_scm,ok,0.2,4,1,0,False,0.7182509899139404,0.9999999403953552,0.07055937780695176,0.9984097190674881,0.9983762896967312,0.0457146565892117,0.05639646938236751,0.156033456325531,0.999905794998509,0.9998698009799012,0.011189409209777068,0.01372625199869527,0.037902116775512695
20,cr_mow_synergy,mlp_scm,ok,0.2,5,1,0,False,0.7228050231933594,1.0,0.06254917638871813,0.9938307609073764,0.9940624329447105,0.08818885540381416,0.11107870182714832,0.37323135137557983,0.999634839068811,0.9995301016768573,0.021422406068268174,0.027024467380636425,0.09044474363327026
20,cr_mow_synergy,mlp_scm,ok,0.2,6,1,0,False,0.7382892370223999,1.0,0.07971044119105618,0.9991448668813083,0.9990531457871394,0.035957329267034766,0.04135536435325778,0.11405503749847412,0.9999488652513709,0.9999265074029037,0.008806081264694399,0.010112838234927236,0.028231322765350342
20,cr_mow_synergy,mlp_scm,ok,0.2,7,1,0,False,0.7340167164802551,1.0,0.081709183779689,0.9994568122223235,0.9993791350761747,0.026834602011717834,0.03296021133704764,0.08358931541442871,0.9999679217794013,0.999945953436807,0.00655184073542614,0.008009771444828286,0.020662784576416016
20,cr_mow_synergy,mlp_scm,ok,0.2,8,1,0,False,0.7399427890777588,1.0,0.0848683695868353,0.9980993784967963,0.9978286826764895,0.050961279073533206,0.061654221885441625,0.16552525758743286,0.9998876502511366,0.9998459851763106,0.012439419387021644,0.014989980023022674,0.0401952862739563
20,cr_mow_synergy,mlp_scm,ok,0.2,9,1,0,False,0.7226848006248474,1.0,0.07250123327194745,0.9988906665903241,0.9987071851977684,0.038615583224896,0.047102726588331915,0.1285882592201233,0.9999340810599083,0.9999070501931191,0.009447091186814305,0.011482067570360202,0.03186064958572388
20,cr_mow_synergy,mlp_scm,ok,0.3,0,1,0,False,0.7270674109458923,1.0,0.08493864532893654,0.998393843610794,0.9984053246370074,0.04102207724292839,0.056677266857662806,0.2591437101364136,0.9999053103632509,0.9998569934196408,0.009876971532605694,0.01376151389704659,0.06201368570327759
20,cr_mow_synergy,mlp_scm,ok,0.3,1,1,0,False,0.7479255199432373,0.9999999403953552,0.09330073600547445,0.9921727457899404,0.99214649569058,0.09886087512711583,0.12511797761959165,0.40582987666130066,0.9995389452004204,0.9993961112402544,0.024042310043171256,0.03036625679052544,0.09797453880310059
20,cr_mow_synergy,mlp_scm,ok,0.3,2,1,0,False,0.7298036217689514,1.0,0.08118451347209749,0.9986643498550987,0.9989312504470351,0.03431646203864602,0.0516846222446737,0.23362678289413452,0.999920319065671,0.9998835473142121,0.00831760767363221,0.012623860976468811,0.056796640157699585
20,cr_mow_synergy,mlp_scm,ok,0.3,3,1,0,False,0.7201507687568665,1.0,0.05548241696039038,0.9869417602902828,0.9865832647879265,0.1312109266364132,0.16160593536828688,0.4640970826148987,0.999226105685197,0.9990668138902796,0.03202830779963506,0.03934194505050022,0.11307644844055176
20,cr_mow_synergy,mlp_scm,ok,0.3,4,1,0,False,0.7218299508094788,1.0,0.05382229389859048,0.9847526744220098,0.9858272722802374,0.1386460166473853,0.17462717751694626,0.5862837433815002,0.9990958690732771,0.9989013549638796,0.03366161413231339,0.04252366230858031,0.142553448677063
20,cr_mow_synergy,mlp_scm,ok,0.3,5,1,0,False,0.7418028712272644,1.0,0.0922014903274461,0.9930360328391773,0.9934103873113509,0.08879096712109913,0.11801667030701841,0.4634702205657959,0.999589530186228,0.9994576679958516,0.021484012522989815,0.02865204359649356,0.11163446307182312
20,cr_mow_synergy,mlp_scm,ok,0.3,6,1,0,False,0.7364929914474487,1.0,0.0757731481506231,0.9999025861271587,0.9998978189149559,0.009676548666590179,0.013958070926409976,0.07636326551437378,0.9999942406741767,0.999988533545526,0.0023413677244548126,0.0033939139009991764,0.01831883192062378
20,cr_mow_synergy,mlp_scm,ok,0.3,7,1,0,False,0.723899781703949,1.0,0.07988917812592142,0.9998562053137162,0.9998373573957512,0.011976094936414938,0.016958459705994737,0.08956879377365112,0.9999915288299271,0.9999830461876832,0.0028800915108959657,0.00411610734017436,0.02140986919403076
20,cr_mow_synergy,mlp_scm,ok,0.3,8,1,0,False,0.7435224056243896,1.0,0.07683239648541912,0.9979057022269909,0.9981247541306056,0.05295879727994901,0.06471935848161058,0.2503935694694519,0.9998743863287103,0.9998333676060367,0.012967935796211805,0.01585015252991263,0.06117391586303711
20,cr_mow_synergy,mlp_scm,ok,0.3,9,1,0,False,0.7180495262145996,1.0,0.07176542151713816,0.9982170265396035,0.9979468564480364,0.048575891177392805,0.05971554932746198,0.17693620920181274,0.9998938300244328,0.9998549817609611,0.011883360397860088,0.014571888807054826,0.04422640800476074
21,cr_mow_synergy,mlp_scm,failure_sentinel,0.0,0,0,0,False,0.7373001575469971,1.0,,1.0,1.0,0.0,0.0,0.0,1.0,1.0,0.0,0.0,0.0
21,cr_mow_synergy,mlp_scm,failure_sentinel,0.1,0,1,0,False,0.7378607392311096,1.0,,0.9999858272655868,0.9999786093627064,0.004091545459118606,0.00532404630088273,0.018480122089385986,0.9999858272706837,0.9999786093627064,0.004091545196729385,0.005324045348853442,0.018480122089385986
21,cr_mow_synergy,mlp_scm,failure_sentinel,0.1,1,1,0,False,0.742405116558075,1.0,,0.9996470108497096,0.9995376984836564,0.021773206398734146,0.026570252787466442,0.07860672473907471,0.9996470108494941,0.9995376984836564,0.0217732050568884,0.026570252822475982,0.07860684394836426
21,cr_mow_synergy,mlp_scm,failure_sentinel,0.1,2,1,0,False,0.7357462644577026,0.9999999403953552,,0.9993144144944953,0.9992499307095343,0.0303490313765451,0.03702932621093952,0.09934669733047485,0.9993144144560911,0.9992499307095343,0.0303490316572379,0.03702932726398066,0.09934675693511963
21,cr_mow_synergy,mlp_scm,failure_sentinel,0.1,3,1,0,False,0.7468119859695435,1.0,,0.9988898700368393,0.998725692457621,0.039116916902560916,0.0471196354381459,0.14056700468063354,0.998889870089964,0.998725692457621,0.039116916212250885,0.04711963432522303,0.14056694507598877
21,cr_mow_synergy,mlp_scm,failure_sentinel,0.1,4,1,0,False,0.7433415651321411,1.0,,0.9997060088352134,0.9996218863993991,0.02005573637757152,0.024248347415591412,0.07734394073486328,0.9997060088308143,0.9996218863993991,0.02005573822259521,0.024248347577371803,0.07734394073486328
21,cr_mow_synergy,mlp_scm,failure_sentinel,0.1,5,1,0,False,0.7452276945114136,0.9999999403953552,,0.9992620040387409,0.9991376130999212,0.03185334103937976,0.038418640108928453,0.11602503061294556,0.9992620040952883,0.9991376130999212,0.031853339803035396,0.038418638646451335,0.11602503061294556
21,cr_mow_synergy,mlp_scm,failure_sentinel,0.1,6,1,0,False,0.7343007326126099,1.0,,0.9999493487416671,0.9999318271225234,0.008545508799329582,0.010064915288402622,0.030548453330993652,0.9999493487541217,0.9999318271225234,0.008545508325141782,0.010064914059391306,0.030548453330993652
21,cr_mow_synergy,mlp_scm,failure_sentinel,0.1,7,1,0,False,0.7383827567100525,1.0,,0.9998703165514667,0.9998289866604676,0.01325304904437985,0.016104871921220742,0.04031461477279663,0.9998703165804851,0.9998289866604676,0.013253047504747428,0.016104870122251827,0.04031461477279663
21,cr_mow_synergy,mlp_scm,failure_sentinel,0.1,8,1,0,False,0.7444437742233276,1.0,,0.9995553185269399,0.9994446257420785,0.024798889677413172,0.02982218958209136,0.0928652286529541,0.9995553185653359,0.9994446257420785,0.024798889156272708,0.029822188301954787,0.0928652286529541
21,cr_mow_synergy,mlp_scm,failure_sentinel,0.1,9,1,0,False,0.7354276180267334,0.9999999403953552,,0.9996139060357202,0.9996027309384165,0.02201822735350234,0.027788270486541557,0.09064161777496338,0.9996139059842171,0.9996027309384165,0.022018233073881177,0.027788271360193628,0.09064149856567383
21,cr_mow_synergy,mlp_scm,failure_sentinel,0.2,0,1,0,False,0.74296635389328,1.0,,0.9992750863322258,0.999341707048852,0.02894906644587536,0.03807659843269528,0.1300588846206665,0.9992750863696085,0.999341707048852,0.028949066402105927,0.03807659745955462,0.1300588846206665
21,cr_mow_synergy,mlp_scm,failure_sentinel,0.2,1,1,0,False,0.751960813999176,1.0,,0.9982659890104573,0.9979945774622702,0.048574445432450375,0.05888991571223584,0.1868230104446411,0.9982659889949173,0.9979945774622702,0.048574445082635975,0.05888991601078595,0.1868230104446411
21,cr_mow_synergy,mlp_scm,failure_sentinel,0.2,2,1,0,False,0.7498870491981506,1.0,,0.9967572140984433,0.9965351218744835,0.06646270235978591,0.08053304872242786,0.22046726942062378,0.9967572142754568,0.9965351218744835,0.06646270046979907,0.08053304649182744,0.22046726942062378
21,cr_mow_synergy,mlp_scm,failure_sentinel,0.2,3,1,0,False,0.7399886846542358,0.9999999403953552,,0.998114295054672,0.9983295521600744,0.04653755225905343,0.061411805530100526,0.2434036135673523,0.9981142949999727,0.9983295521600744,0.0465375528910954,0.061411806421623555,0.2434036135673523
21,cr_mow_synergy,mlp_scm,failure_sentinel,0.2,4,1,0,False,0.7387262582778931,1.0,,0.9980086614142524,0.9984909207138258,0.044550331412551714,0.06310845589958837,0.2681102156639099,0.9980086612662724,0.9984909207138258,0.04455033268823172,0.06310845828460739,0.2681102156639099
21,cr_mow_synergy,mlp_scm,failure_sentinel,0.2,5,1,0,False,0.7325690984725952,1.0,,0.9992398930524427,0.9991482190115156,0.03227806589291049,0.03898992082887058,0.11062484979629517,0.9992398930672465,0.9991482190115156,0.03227806440418135,0.038989920457979194,0.11062484979629517
21,cr_mow_synergy,mlp_scm,failure_sentinel,0.2,6,1,0,False,0.7349725961685181,1.0,,0.9966509962435576,0.9966622670946282,0.06569683575412455,0.08184135812894659,0.25656527280807495,0.9966509962454823,0.9966622670946282,0.0656968349072713,0.08184135812435706,0.25656527280807495
21,cr_mow_synergy,mlp_scm,failure_sentinel,0.2,7,1,0,False,0.7565159201622009,1.0,,0.9964394942475345,0.9962023572169372,0.07014768159859841,0.08438608728620037,0.2532504200935364,0.9964394943275114,0.9962023572169372,0.07014768144284744,0.08438608635646443,0.2532504200935364
21,cr_mow_synergy,mlp_scm,failure_sentinel,0.2,8,1,0,False,0.7385379076004028,1.0,,0.9995544341192208,0.9995355974179242,0.023069764774618307,0.029851830398109815,0.1093410849571228,0.9995544341184749,0.9995355974179242,0.023069764874549037,0.02985183039740656,0.1093410849571228
21,cr_mow_synergy,mlp_scm,failure_sentinel,0.2,9,1,0,False,0.7406206130981445,1.0,,0.9973417417170897,0.9978609362706529,0.05280005822498879,0.07291444789967884,0.30616265535354614,0.9973417415965027,0.9978609362706529,0.05280005946315214,0.07291444957118755,0.30616265535354614
21,cr_mow_synergy,mlp_scm,failure_sentinel,0.3,0,1,0,False,0.7475956082344055,1.0,,0.9937243507796546,0.9939568432157928,0.08797943968306754,0.11203258001051808,0.3830246329307556,0.9937243509248519,0.9939568432157928,0.08797943933637953,0.11203257870920934,0.3830246329307556
21,cr_mow_synergy,mlp_scm,failure_sentinel,0.3,1,1,0,False,0.7540165185928345,1.0,,0.9921743646589226,0.9928740232279519,0.09663701529848367,0.12510504099777525,0.4350828230381012,0.992174364841226,0.9928740232279519,0.09663701414649495,0.1251050396979578,0.4350827932357788
21,cr_mow_synergy,mlp_scm,failure_sentinel,0.3,2,1,0,False,0.72280353307724,0.9999999403953552,,0.9813365538011402,0.978273013375295,0.15929188949362327,0.19320169487715447,0.5670594573020935,0.9813365540778404,0.978273013375295,0.1592918791334128,0.19320168600388757,0.5670594871044159
21,cr_mow_synergy,mlp_scm,failure_sentinel,0.3,3,1,0,False,0.7430357933044434,0.9999999403953552,,0.9992503595814862,0.999140574708533,0.03379720211196968,0.038720549184156315,0.09135353565216064,0.9992503596102973,0.999140574708533,0.03379720270015696,0.03872054701184072,0.0913534164428711
21,cr_mow_synergy,mlp_scm,failure_sentinel,0.3,4,1,0,False,0.7566258311271667,1.0,,0.9938965037075308,0.9943832925041126,0.08671753898818224,0.11048526014254179,0.34757184982299805,0.9938965039208917,0.9943832925041126,0.08671753927023929,0.11048525827405514,0.34757184982299805
21,cr_mow_synergy,mlp_scm,failure_sentinel,0.3,5,1,0,False,0.7682505249977112,0.9999999403953552,,0.9909703763006211,0.99137546044632,0.10926066325384909,0.13438469880424186,0.3867749571800232,0.9909703762947358,0.99137546044632,0.10926066289403025,0.1343846988212441,0.3867749571800232
21,cr_mow_synergy,mlp_scm,failure_sentinel,0.3,6,1,0,False,0.7309802770614624,1.0,,0.9924995789746768,0.9916413793720047,0.10096078744004444,0.12247792787741955,0.3306230306625366,0.9924995787795999,0.9916413793720047,0.10096078994763502,0.12247792957875046,0.3306230306625366
21,cr_mow_synergy,mlp_scm,failure_sentinel,0.3,7,1,0,False,0.7493134140968323,1.0,,0.9939135339796918,0.9939031878084543,0.08893668083692319,0.11033101265426455,0.32924044132232666,0.9939135340805281,0.9939031878084543,0.08893667968726504,0.11033101155523478,0.32924044132232666
21,cr_mow_synergy,mlp_scm,failure_sentinel,0.3,8,1,0,False,0.7446126937866211,1.0,,0.992985576020533,0.9930559330519992,0.09404960371387006,0.11844343961491595,0.39527612924575806,0.9929855761280093,0.9930559330519992,0.09404960313008814,0.11844343877776976,0.39527612924575806
21,cr_mow_synergy,mlp_scm,failure_sentinel,0.3,9,1,0,False,0.7273611426353455,1.0,,0.9844474668726547,0.9826281314820112,0.14516308671090883,0.1763662853788949,0.4973006844520569,0.9844474671086002,0.9826281314820112,0.14516308518412302,0.17636628412121721,0.4973006844520569
22,cr_mow_synergy,mlp_scm,ok,0.0,0,0,0,False,0.7500864863395691,1.0,0.02966761676685522,1.0,1.0,0.0,0.0,0.0,1.0,1.0,0.0,0.0,0.0
22,cr_mow_synergy,mlp_scm,ok,0.1,0,1,0,False,0.7445704340934753,0.9999999403953552,0.03018679672932504,0.9998192848397428,0.999792184482512,0.016039163806681245,0.019011321043537817,0.06419062614440918,0.9999889233474236,0.9999786540662327,0.003965707870094093,0.0047067297350552205,0.015925273299217224
22,cr_mow_synergy,mlp_scm,ok,0.1,1,1,0,False,0.7540952563285828,1.0,0.02750724264038554,0.9991869146378114,0.9991727500715255,0.031969227437912195,0.04032580728957421,0.13568884134292603,0.9999502294226477,0.9999234452113581,0.007918894427092482,0.009977031452372484,0.03345045447349548
22,cr_mow_synergy,mlp_scm,ok,0.1,2,1,0,False,0.7498445510864258,1.0,0.02970019266904847,0.999986448909671,0.9999820962377511,0.004113655174023734,0.005205975518622086,0.0180966854095459,0.9999991687661807,0.999997071919033,0.0010193112349980993,0.0012893671498513453,0.004479497671127319
22,cr_mow_synergy,mlp_scm,ok,0.1,3,1,0,False,0.7462329864501953,1.0,0.02968609301067972,0.9998019775496161,0.9998124463557685,0.015853181327543098,0.019900876722132393,0.0823826789855957,0.9999878527060635,0.9999772123775121,0.003926214779966131,0.004928954118201512,0.020405590534210205
22,cr_mow_synergy,mlp_scm,ok,0.1,4,1,0,False,0.757912278175354,1.0,0.026764411942851726,0.998559349435581,0.9985837028824833,0.04258705436441801,0.05367775202702903,0.17455220222473145,0.999911803884852,0.9998667499642371,0.01055135101520932,0.013281273803231011,0.04302874207496643
22,cr_mow_synergy,mlp_scm,ok,0.1,5,1,0,False,0.7514718770980835,1.0,0.028657407926099103,0.9998087221323826,0.9998187942564909,0.014470740824094719,0.01955903211442535,0.08254373073577881,0.9999882925079271,0.9999757148093842,0.0035903957679295218,0.0048389032031733465,0.020367801189422607
22,cr_mow_synergy,mlp_scm,ok,0.1,6,1,0,False,0.7455703020095825,1.0,0.0317929076284411,0.9991847128697918,0.9991727612474072,0.03240200586520814,0.040380370371956374,0.1225704550743103,0.999950140832071,0.9999269544381661,0.008019516038672236,0.009985906855607666,0.030171722173690796
22,cr_mow_synergy,mlp_scm,ok,0.1,7,1,0,False,0.7416266798973083,1.0,0.03239528069214954,0.9985407397468615,0.998436773567699,0.04442973270283801,0.05402333391011356,0.15441858768463135,0.9999107529394157,0.9998780599563692,0.01098492107755078,0.01336016929561069,0.038371890783309937
22,cr_mow_synergy,mlp_scm,ok,0.1,8,1,0,False,0.7480510473251343,1.0,0.030444897327513598,0.9998323946069325,0.9997835455260711,0.015100353959894619,0.018308762555099237,0.04974246025085449,0.9999897375611481,0.9999798722373219,0.003732339094398185,0.004530439090351019,0.012360766530036926
22,cr_mow_synergy,mlp_scm,ok,0.1,9,1,0,False,0.7474203705787659,1.0,0.030334376948258166,0.9999193060521222,0.9998952680196986,0.010351283913223597,0.01270385352511498,0.036753296852111816,0.9999950633619191,0.999988958229025,0.0025622301527903346,0.0031421770148907986,0.009199082851409912
22,cr_mow_synergy,mlp_scm,ok,0.2,0,1,0,False,0.7567514777183533,1.0,0.030683872004877835,0.9993394201867294,0.9995490755310777,0.023198671441463148,0.03634775925811803,0.198816180229187,0.9999595169389559,0.9999423659788284,0.005767050211574087,0.008998117663577018,0.04914841055870056
22,cr_mow_synergy,mlp_scm,ok,0.2,1,1,0,False,0.7555575966835022,1.0,0.028653899531066795,0.9997731626251066,0.9997393337386451,0.017543760360922533,0.021299642566841845,0.06907927989959717,0.9999861108314126,0.9999704509691724,0.0043318470337396775,0.0052705159361548445,0.01716957986354828
22,cr_mow_synergy,mlp_scm,ok,0.2,2,1,0,False,0.7500283122062683,1.0,0.027472423473882072,0.9990952924525355,0.9990287376618268,0.03399852258826286,0.042537220897829936,0.14269614219665527,0.9999446099905628,0.9999148286066804,0.008424212690968602,0.010525208787731624,0.0351843535900116
22,cr_mow_synergy,mlp_scm,ok,0.2,3,1,0,False,0.7602982521057129,1.0,0.029886990269625012,0.9995906753496135,0.9996876117588154,0.02039081938403342,0.028612048470209005,0.14748001098632812,0.9999748933756114,0.9999586827658964,0.005055064047354563,0.007086130782430449,0.03650769591331482
22,cr_mow_synergy,mlp_scm,ok,0.2,4,1,0,False,0.7496758103370667,1.0,0.03368015965357356,0.9969286064208311,0.9969367467455832,0.0620021380578919,0.07837593622042163,0.2742239236831665,0.9998122260058473,0.999761014948859,0.015351161607242148,0.019379060803931123,0.06753185391426086
22,cr_mow_synergy,mlp_scm,ok,0.2,5,1,0,False,0.751775324344635,1.0,0.03106718602963254,0.99961201289107,0.9996224563693583,0.02097344313438043,0.02785631438103885,0.11984241008758545,0.9999762630394711,0.9999619237715471,0.0051996593322130025,0.00689013218643413,0.02955976128578186
22,cr_mow_synergy,mlp_scm,ok,0.2,6,1,0,False,0.7421621680259705,1.0,0.029785369765119824,0.9993996635057257,0.9994423346863599,0.02771005981117014,0.034650728316812096,0.14251095056533813,0.9999631747977744,0.999945651688005,0.006861653750576124,0.008581981528773288,0.0353049635887146
22,cr_mow_synergy,mlp_scm,ok,0.2,7,1,0,False,0.7393830418586731,1.0,0.029968440065922513,0.9995434386829434,0.9995644423682137,0.024177752858008716,0.03021791932369407,0.1217694878578186,0.999971997585569,0.9999568163936772,0.005982179491326178,0.007483637488162498,0.030181318521499634
22,cr_mow_synergy,mlp_scm,ok,0.2,8,1,0,False,0.739677906036377,1.0,0.03181047197641115,0.999059275201436,0.998997087565267,0.03562416602699159,0.043375679659741165,0.14133304357528687,0.9999424523388043,0.9999176225770688,0.008799615021700902,0.010728248794273292,0.03510555624961853
22,cr_mow_synergy,mlp_scm,ok,0.2,9,1,0,False,0.7434878945350647,1.0,0.029379646256213126,0.9990544982715119,0.9991836465560404,0.03287870818689953,0.04348566997507692,0.1955971121788025,0.9999419981433351,0.9999194889492882,0.008148506811778589,0.010770501948585821,0.04842483997344971
22,cr_mow_synergy,mlp_scm,ok,0.3,0,1,0,False,0.7436469793319702,1.0,0.029481126114995704,0.9994190026803129,0.9994792374472498,0.02575416295585775,0.03408804287864238,0.1555296778678894,0.9999643590989558,0.9999489262213004,0.006381802034240991,0.008442855152953052,0.038507670164108276
22,cr_mow_synergy,mlp_scm,ok,0.3,1,1,0,False,0.7427686452865601,1.0,0.03499916089745403,0.9942400903919206,0.9952422372326728,0.07996035305200166,0.1073304224334068,0.43164730072021484,0.9996479198621967,0.9995827261104355,0.019858051729244153,0.02653601911900208,0.10634556412696838
22,cr_mow_synergy,mlp_scm,ok,0.3,2,1,0,False,0.7485561370849609,1.0,0.03122794848349072,0.9995547262212365,0.9995378437701167,0.023706310314764778,0.029842044260889794,0.10077369213104248,0.9999727645635695,0.9999549500214575,0.005868212346769042,0.007380438564635876,0.02482461929321289
22,cr_mow_synergy,mlp_scm,ok,0.3,3,1,0,False,0.7475903034210205,1.0,0.03479564664059445,0.9949930233869395,0.9950565052571347,0.07901234795355094,0.10006974121440039,0.350164532661438,0.9996939737799505,0.9996207688112437,0.01955477230498559,0.024739693665968187,0.08621025085449219
22,cr_mow_synergy,mlp_scm,ok,0.3,4,1,0,False,0.7398170828819275,1.0,0.031772387637239656,0.9987490772946087,0.9986216226485946,0.040488397259878184,0.05001845017892543,0.16163533926010132,0.9999234282039134,0.999892409788284,0.00999762510073765,0.012375119971129455,0.0401296466588974
22,cr_mow_synergy,mlp_scm,ok,0.3,5,1,0,False,0.7501339912414551,1.0,0.03002920559718939,0.9990107290671698,0.9992498413024817,0.03449289596943572,0.0444808032679844,0.16858601570129395,0.9999393237867952,0.9999110399828338,0.008548765468987085,0.01101600777070519,0.04172202944755554
22,cr_mow_synergy,mlp_scm,ok,0.3,6,1,0,False,0.7409123778343201,1.0,0.03343105679720968,0.9967084985768666,0.996353052803805,0.06665336464288885,0.08113570655296622,0.22968947887420654,0.9997986700302026,0.9997397584221444,0.016473081572911497,0.020066388272129372,0.0570458322763443
22,cr_mow_synergy,mlp_scm,ok,0.3,7,1,0,False,0.7644513845443726,0.9999999403953552,0.023014210284785213,0.9923239456688656,0.993020717849224,0.09251369494029404,0.1239036290005882,0.5101341903209686,0.9995296368569666,0.9994168872040625,0.0229805203572937,0.030671261343778452,0.1260126829147339
22,cr_mow_synergy,mlp_scm,ok,0.3,8,1,0,False,0.7697043418884277,1.0,0.023656060455766795,0.9939520785812439,0.9940842817931478,0.08848366835059096,0.1099811030764122,0.32273274660110474,0.9996294959068293,0.9995181518668191,0.02191439933810102,0.02722146539400953,0.07956370711326599
22,cr_mow_synergy,mlp_scm,ok,0.3,9,1,0,False,0.7449187636375427,1.0,0.03241626482443498,0.9984811173928241,0.9983387163829482,0.04530430253839768,0.05511592663657614,0.1463436782360077,0.9999071015788675,0.9998720808597382,0.011199101504217879,0.013630731811615249,0.03665792942047119
23,cr_mow_synergy,mlp_scm,ok,0.0,0,0,0,False,0.733452320098877,1.0,-0.054008126381263,1.0,1.0,0.0,0.0,0.0,1.0,1.0,0.0,0.0,0.0
23,cr_mow_synergy,mlp_scm,ok,0.1,0,1,0,False,0.7292703986167908,1.0,-0.055344392377860284,0.9994530275939884,0.9994871834990342,0.02563798999010558,0.03307483672015637,0.11149251461029053,0.999965097551347,0.9999485462413275,0.006462621620926257,0.008354932695213072,0.0287933349609375
23,cr_mow_synergy,mlp_scm,ok,0.1,1,1,0,False,0.7348453402519226,1.0,-0.054086622957041086,0.999980429272187,0.9999675452399683,0.005288558637150942,0.006256313375205308,0.01749134063720703,0.999998749799392,0.9999956749338387,0.0013375294179809316,0.0015812657347146293,0.004400849342346191
23,cr_mow_synergy,mlp_scm,ok,0.1,2,1,0,False,0.7353770136833191,0.9999999403953552,-0.05560080887107383,0.9996026294999255,0.9996972006651884,0.018903454186418145,0.02819115213723973,0.13333463668823242,0.9999746802353494,0.9999630972391101,0.004731967319628438,0.007116145591571197,0.034433722496032715
23,cr_mow_synergy,mlp_scm,ok,0.1,3,1,0,False,0.7377912998199463,1.0,-0.05318900479260776,0.9995634766047354,0.9995010527680424,0.024141654354846054,0.02954736549895048,0.08142709732055664,0.9999721370076838,0.9999533071668691,0.006100360333306298,0.007464983944735334,0.02069091796875
23,cr_mow_synergy,mlp_scm,ok,0.1,4,1,0,False,0.7374299764633179,1.0,-0.054443894494213184,0.9998324574980203,0.9997877700092983,0.015863355563077164,0.01830532749206007,0.05489039421081543,0.9999893004691921,0.9999791011014949,0.0040053893018807685,0.00462591194379791,0.013815581798553467
23,cr_mow_synergy,mlp_scm,ok,0.1,5,1,0,False,0.727838397026062,1.0,-0.05447635406436311,0.9994819314116987,0.999376598151062,0.026530516608293198,0.03218908591415768,0.10346490144729614,0.9999669037049794,0.9999497420606536,0.006710245267811388,0.008135882979307778,0.02621990442276001
23,cr_mow_synergy,mlp_scm,ok,0.1,6,1,0,False,0.7320030927658081,1.0,-0.054058228538266605,0.999984817092497,0.9999738037336385,0.00451859435472457,0.005510518703390838,0.02059042453765869,0.9999990300333282,0.9999960102102853,0.0011425808346530175,0.0013928149197920594,0.005211472511291504
23,cr_mow_synergy,mlp_scm,ok,0.1,7,1,0,False,0.7282988429069519,1.0,-0.05454066622789531,0.9996760386238998,0.9996147785387309,0.020926301470328923,0.025454327028302425,0.08508116006851196,0.9999793082396565,0.9999648183248695,0.005289376137682211,0.0064330025627153615,0.02158188819885254
23,cr_mow_synergy,mlp_scm,ok,0.1,8,1,0,False,0.7414280772209167,1.0,-0.0530384250072569,0.999426821402774,0.9994041131714468,0.027427447781146697,0.03385789744438873,0.11115044355392456,0.9999634175695237,0.99994137132537,0.006926888977261569,0.008553646009824358,0.02822214365005493
23,cr_mow_synergy,mlp_scm,ok,0.1,9,1,0,False,0.7411662936210632,1.0,-0.054632032092340244,0.9996549298720139,0.9995847601208782,0.022455672804792215,0.026270521604333946,0.09259045124053955,0.9999779621859168,0.9999635107467276,0.005669997126972248,0.006638947900528742,0.023320913314819336
23,cr_mow_synergy,mlp_scm,ok,0.2,0,1,0,False,0.7420835494995117,1.0,-0.0513369323771932,0.9975430942134963,0.9975608862027037,0.05569124467617925,0.0700985867760584,0.22023272514343262,0.9998433524110428,0.9997919609648808,0.014056786348845662,0.017700146180740093,0.05683302879333496
23,cr_mow_synergy,mlp_scm,ok,0.2,1,1,0,False,0.730180025100708,1.0,-0.0533124654650327,0.9998435100204596,0.999820269472856,0.0139487002810732,0.017691240085754963,0.06601607799530029,0.9999900185284821,0.9999794587297045,0.0035265298050148886,0.004467990920412189,0.016997218132019043
23,cr_mow_synergy,mlp_scm,ok,0.2,2,1,0,False,0.7470412850379944,1.0,-0.05366915706041838,0.9990947965765845,0.9989812513411057,0.0347356201309843,0.0425488775780742,0.16712623834609985,0.999942175332364,0.9999170973106358,0.00878264354963676,0.010754038209521618,0.04228687286376953
23,cr_mow_synergy,mlp_scm,ok,0.2,3,1,0,False,0.732154369354248,1.0,-0.05159309027872578,0.9991720672865733,0.9993875393391028,0.026893899901966556,0.04069232743794089,0.19259333610534668,0.9999473145643887,0.9999272561869679,0.0066999178341546894,0.010265031699830804,0.04973924160003662
23,cr_mow_synergy,mlp_scm,ok,0.2,4,1,0,False,0.7455776333808899,1.0,-0.05486033789674202,0.9994010850701159,0.9993111186610399,0.02937412345621837,0.03460967889384671,0.1337854266166687,0.9999617498733789,0.9999444893963234,0.007418310129367001,0.008746442416438679,0.03370547294616699
23,cr_mow_synergy,mlp_scm,ok,0.2,5,1,0,False,0.7299091815948486,1.0,-0.05219336157058634,0.9995493945787837,0.9996627454223589,0.019940426038456138,0.03002017438319754,0.14508861303329468,0.9999713251640976,0.9999548941420499,0.004976147213085369,0.007572956743945104,0.03747415542602539
23,cr_mow_synergy,mlp_scm,ok,0.2,6,1,0,False,0.739497184753418,0.9999999403953552,-0.05417051904046351,0.999381792843842,0.9992406100243187,0.02894834919677791,0.035162683829260306,0.10152405500411987,0.9999605022478455,0.9999405666618982,0.007315823331907723,0.008887941409351055,0.025640249252319336
23,cr_mow_synergy,mlp_scm,ok,0.2,7,1,0,False,0.7361627221107483,0.9999999403953552,-0.05595147138288412,0.9994352483312526,0.9996291060188826,0.022608913269383635,0.03360808455839931,0.15812212228775024,0.9999640171532649,0.9999483786031043,0.005636800986621893,0.008483259501014556,0.0408635139465332
23,cr_mow_synergy,mlp_scm,ok,0.2,8,1,0,False,0.7490445375442505,1.0,-0.053042686175700335,0.9981098565365248,0.9979312549173877,0.05065063908605438,0.0614840401377721,0.2110307812690735,0.9998792971126229,0.999836541556398,0.012806354468523296,0.0155372386064878,0.053461670875549316
23,cr_mow_synergy,mlp_scm,ok,0.2,9,1,0,False,0.7314307689666748,1.0,-0.05335284037364006,0.9999404826240228,0.9999468810349759,0.007345717570014898,0.010910304846164516,0.053131282329559326,0.9999962112721373,0.9999903328624562,0.0018410161288784366,0.002752717856386756,0.013722896575927734
23,cr_mow_synergy,mlp_scm,ok,0.3,0,1,0,False,0.7146861553192139,1.0,-0.05366121264789931,0.997383959034843,0.9969827131464128,0.05828082549988167,0.07233313339569634,0.2834587097167969,0.9998328803157714,0.9997858924611972,0.0147271775655895,0.018282214598672002,0.07159394025802612
23,cr_mow_synergy,mlp_scm,ok,0.3,1,1,0,False,0.7444776296615601,1.0,-0.051033496743340935,0.9951727226942861,0.9949259150811816,0.07962347890386567,0.0982575949865896,0.25191426277160645,0.9996920864413096,0.9996049214112008,0.020122181477006507,0.024815864526310686,0.06496727466583252
23,cr_mow_synergy,mlp_scm,ok,0.3,2,1,0,False,0.7194517254829407,1.0,-0.055310309965586,0.9987808456934393,0.9989121620413417,0.03921170070552549,0.049379234369197014,0.18754196166992188,0.999922135795884,0.9998903198984336,0.009899955725330756,0.012479119138720919,0.04759925603866577
23,cr_mow_synergy,mlp_scm,ok,0.3,3,1,0,False,0.7212764024734497,1.0,-0.05402930998604855,0.9983500523960965,0.9980732780201701,0.04678681173047394,0.05744471600501998,0.20405352115631104,0.9998945849921876,0.9998636207174021,0.011826364912280951,0.014519986722668838,0.05158054828643799
23,cr_mow_synergy,mlp_scm,ok,0.3,4,1,0,False,0.7565814852714539,1.0,-0.047019199832889,0.9884973587308955,0.9897095164866604,0.11603160730495787,0.15167492451240558,0.5430735051631927,0.9992678690875492,0.9991252078713969,0.02922850801911636,0.0382656744010204,0.14017438888549805
23,cr_mow_synergy,mlp_scm,ok,0.3,5,1,0,False,0.7348183989524841,1.0,-0.05846106249396408,0.9950160779336847,0.9958524738931406,0.07558081713657216,0.09983909159009297,0.39514851570129395,0.9996818384450725,0.9996025297725484,0.019073047571453117,0.025225446010645497,0.10200035572052002
23,cr_mow_synergy,mlp_scm,ok,0.3,6,1,0,False,0.7692750096321106,1.0,-0.04862459069022397,0.9877264433066857,0.9884923065231385,0.1260250824571152,0.15667519027398932,0.44079774618148804,0.9992177818236053,0.9990748605249982,0.031792206608756146,0.03955295624175371,0.11201223731040955
23,cr_mow_synergy,mlp_scm,ok,0.3,7,1,0,False,0.7327903509140015,1.0,-0.0507247905475486,0.9984625168752247,0.9988690119626636,0.03666958017529609,0.05545237908668606,0.2598850727081299,0.9999021817977215,0.9998738019454974,0.009137458547172628,0.01398700867066018,0.06711435317993164
23,cr_mow_synergy,mlp_scm,ok,0.3,8,1,0,False,0.7440622448921204,1.0,-0.049197236966307734,0.9925874761499277,0.9926879559759674,0.09613711627869392,0.12175815271375869,0.3960449695587158,0.999527691359303,0.999411343966812,0.0242604107741613,0.030734627166441805,0.10215139389038086
23,cr_mow_synergy,mlp_scm,ok,0.3,9,1,0,False,0.7461346387863159,1.0,-0.04901051005705874,0.9944777931929182,0.9951771153708603,0.0792825049559518,0.105092406984214,0.3959237039089203,0.9996483914150255,0.9995656046598955,0.019960450627024784,0.02651824239197204,0.10220015048980713
24,cr_mow_synergy,tree_scm,ok,0.0,0,0,0,False,0.7379311919212341,1.0,0.08964570184745808,1.0,1.0,0.0,0.0,0.0,1.0,1.0,0.0,0.0,0.0
24,cr_mow_synergy,tree_scm,ok,0.1,0,1,0,False,0.7342376112937927,1.0,0.09210174826073746,0.9998756949084388,0.9998530231873084,0.012701753111130643,0.01576737760787801,0.045285701751708984,0.9999927522135688,0.9999283402474788,0.0030643823284677296,0.003807305188574799,0.011349916458129883
24,cr_mow_synergy,tree_scm,ok,0.1,1,1,0,False,0.7364632487297058,1.0,0.09181663361610815,0.9998794374666936,0.9998440070452755,0.012586313935074145,0.01552820277315024,0.04492640495300293,0.9999929395133205,0.9999258256741289,0.0030497184529636456,0.0037577882736304483,0.01075369119644165
24,cr_mow_synergy,tree_scm,ok,0.1,2,1,0,False,0.741253137588501,1.0,0.09374730019612898,0.9997128179612929,0.999760143230098,0.01601627426778407,0.023965894118659667,0.12523168325424194,0.9999833388934495,0.9998796916350761,0.003919392386102061,0.005772539531342111,0.03015315532684326
24,cr_mow_synergy,tree_scm,ok,0.1,3,1,0,False,0.7362312078475952,1.0,0.08970408266707129,0.9999768456049536,0.9999643824654887,0.005712249213459586,0.006805056322215535,0.02135598659515381,0.9999986191914885,0.9999803192725841,0.001395570031696991,0.0016618113435698588,0.005222439765930176
24,cr_mow_synergy,tree_scm,ok,0.1,4,1,0,False,0.7397058606147766,1.0,0.08689598027347092,0.9997590051551778,0.9996935349760389,0.01784651962320538,0.02195426429551396,0.05959564447402954,0.9999858209331322,0.9998498520313281,0.004345950376226426,0.0053252355519415795,0.014293760061264038
24,cr_mow_synergy,tree_scm,ok,0.1,5,1,0,False,0.7386974096298218,1.0,0.09281777260424401,0.9998452303228849,0.9998525118911379,0.012283327315643078,0.017593730644549485,0.08519929647445679,0.9999910456767604,0.9999244845683427,0.0029966489505639515,0.004231860870029186,0.020481258630752563
24,cr_mow_synergy,tree_scm,ok,0.1,6,1,0,False,0.734096348285675,1.0,0.08682198267104177,0.9998314312541892,0.9998467674880194,0.012319313551685696,0.01836130441480999,0.09883671998977661,0.9999901540445362,0.9999252780559328,0.0030248304417810346,0.00443755680048728,0.023876190185546875
24,cr_mow_synergy,tree_scm,ok,0.1,7,1,0,False,0.7397972941398621,1.0,0.08650937194864365,0.9998318127802555,0.9998125134110578,0.014338853548039765,0.018340513603445643,0.06716716289520264,0.9999902261383039,0.999907553107789,0.0034538330520703653,0.0044212806606322526,0.016107559204101562
24,cr_mow_synergy,tree_scm,ok,0.1,8,1,0,False,0.7341747879981995,1.0,0.09077375804752852,0.999879556047639,0.9998371562298832,0.012627642186728849,0.015520564314675916,0.0499039888381958,0.9999928527440681,0.9999183825370146,0.003071620073775705,0.0037808083763438537,0.012320399284362793
24,cr_mow_synergy,tree_scm,ok,0.1,9,1,0,False,0.7388172745704651,1.0,0.09101464247267041,0.9999702210062155,0.9999652206566053,0.0050506799276064385,0.007717382217676723,0.040692806243896484,0.9999982747565086,0.9999839067305628,0.0012408492422011363,0.0018575486179357855,0.009800612926483154
24,cr_mow_synergy,tree_scm,ok,0.2,0,1,0,False,0.741032063961029,1.0,0.08062053743840321,0.9987874244002942,0.9988422569022244,0.036474098565960844,0.04924582592083655,0.21128535270690918,0.9999297232829685,0.9994513983262999,0.008794877992066574,0.011855523262803086,0.05082029104232788
24,cr_mow_synergy,tree_scm,ok,0.2,1,1,0,False,0.7353386282920837,1.0,0.09071171434707871,0.9998444790518326,0.9997892340497817,0.014396225226656512,0.017636380460443312,0.04842114448547363,0.9999907575338177,0.9998972824726414,0.003515112549379751,0.004299410684260369,0.011951029300689697
24,cr_mow_synergy,tree_scm,ok,0.2,2,1,0,False,0.7374067902565002,1.0,0.0985321728034951,0.998754931336155,0.9988585960410555,0.03709069390508546,0.04990127637727741,0.21694141626358032,0.9999280048994369,0.9994531752914669,0.008943615370846203,0.011999591458406768,0.05200377106666565
24,cr_mow_synergy,tree_scm,ok,0.2,3,1,0,False,0.7475325465202332,1.0,0.08577069439861518,0.9990038286899467,0.9988201957120375,0.03679233558806061,0.04463566682260908,0.1298069953918457,0.9999409385718804,0.9994156578570916,0.008951851356606255,0.010868433971700626,0.03219836950302124
24,cr_mow_synergy,tree_scm,ok,0.2,4,1,0,False,0.7335370182991028,1.0,0.08544607671034268,0.999604277467635,0.9996448304842285,0.01994962921916965,0.028132633906319433,0.13717752695083618,0.9999768499418297,0.9998342952042056,0.004909166380379304,0.006804418729804866,0.033121317625045776
24,cr_mow_synergy,tree_scm,ok,0.2,5,1,0,False,0.736767053604126,1.0,0.08389331567713006,0.9994755713199809,0.999478253969673,0.022891911021915234,0.03238606812812615,0.1563611626625061,0.9999695708514096,0.9997672287390029,0.005553875568047317,0.007801172732103314,0.03767198324203491
24,cr_mow_synergy,tree_scm,ok,0.2,6,1,0,False,0.735837996006012,1.0,0.08868805462293441,0.9998963337851217,0.9998778140869752,0.012514419670267785,0.0143990429635035,0.037796974182128906,0.9999938406035742,0.9999361968922108,0.0030461526809872908,0.00350981378630373,0.009138733148574829
24,cr_mow_synergy,tree_scm,ok,0.2,7,1,0,False,0.73691725730896,1.0,0.09885401841776682,0.9983261268729413,0.9983244559580858,0.045383759902634324,0.057859713548533975,0.22192150354385376,0.9999026461648879,0.9991922408089549,0.010947297975782533,0.013953769076151028,0.05318218469619751
24,cr_mow_synergy,tree_scm,ok,0.2,8,1,0,False,0.7278438210487366,1.0,0.09476455122021718,0.9977496560147623,0.9973703485980973,0.05484172779661378,0.06708716716992179,0.19325876235961914,0.9998666498351421,0.9987641151384019,0.013352787170283875,0.01633096208994051,0.04775846004486084
24,cr_mow_synergy,tree_scm,ok,0.2,9,1,0,False,0.7400652170181274,1.0,0.097816068409114,0.9990308540132302,0.9992476284779342,0.029716563214774894,0.044026037353795296,0.2164127230644226,0.9999440920728542,0.9996204782383233,0.007280257145019675,0.010574301611309008,0.05195334553718567
24,cr_mow_synergy,tree_scm,ok,0.3,0,1,0,False,0.7665742039680481,1.0,0.06625003663209385,0.9885794984661497,0.98880596881482,0.12142839599316346,0.15113240469984127,0.44539928436279297,0.9993299979847914,0.9946139403476144,0.029481777779544416,0.03660606565715314,0.10705676674842834
24,cr_mow_synergy,tree_scm,ok,0.3,1,1,0,False,0.7375491857528687,1.0,0.08897741141898911,0.9999513568175235,0.99993676686217,0.008644496191166695,0.00986338530357045,0.01869213581085205,0.9999971104609415,0.9999648071489878,0.0021029733896753555,0.002403971313840563,0.004564464092254639
24,cr_mow_synergy,tree_scm,ok,0.3,2,1,0,False,0.7226929068565369,1.0,0.08555071172095068,0.998563887234941,0.9986027465846504,0.04392281528880915,0.05359315001365438,0.21604347229003906,0.9999147197871862,0.9993447245368714,0.010749417960056462,0.01305987831530722,0.05240905284881592
24,cr_mow_synergy,tree_scm,ok,0.3,3,1,0,False,0.7485902905464172,1.0,0.07502092381333227,0.9963611012141621,0.9965006526714827,0.06662694737465813,0.08531000852617777,0.311192125082016,0.9997880109175165,0.9983435890673056,0.016084115327394954,0.020590730139671574,0.07481646537780762
24,cr_mow_synergy,tree_scm,ok,0.3,4,1,0,False,0.7455306649208069,1.0,0.08056940677216919,0.9989139348053938,0.9990426628102425,0.03434064713421492,0.046606120051367224,0.1789257526397705,0.9999373083424616,0.9995400677705456,0.008299901981807523,0.01119746904491636,0.042896568775177
24,cr_mow_synergy,tree_scm,ok,0.3,5,1,0,False,0.7474450469017029,1.0,0.08526534952617831,0.9995909459860827,0.9995667445998139,0.02285503840562697,0.02860258846351029,0.09323310852050781,0.9999760947490827,0.9997858589335527,0.005522828268816227,0.006914513851945109,0.02332252264022827
24,cr_mow_synergy,tree_scm,ok,0.3,6,1,0,False,0.7330259084701538,1.0,0.09294749261083282,0.9998162671034044,0.9998070372290966,0.015119382421076466,0.019169397748687384,0.0542142391204834,0.9999893423731012,0.9999084248265502,0.0036413462526425633,0.004616844496074066,0.013628661632537842
24,cr_mow_synergy,tree_scm,ok,0.3,7,1,0,False,0.7464292645454407,1.0,0.07795159229523611,0.9979045251600183,0.9980177897682568,0.04966032382746732,0.06473754618507287,0.24454355239868164,0.9998783723753355,0.9990770286460195,0.011962916756480979,0.015596642006707693,0.05873337388038635
24,cr_mow_synergy,tree_scm,ok,0.3,8,1,0,False,0.7295947670936584,0.9999999403953552,0.10123951618859206,0.9962761854162149,0.9959960057399326,0.07037944060921575,0.08629964948798315,0.22428160905838013,0.999782090597674,0.9980772342822402,0.01702151362892579,0.020876273165191698,0.0534953773021698
24,cr_mow_synergy,tree_scm,ok,0.3,9,1,0,False,0.7601199150085449,1.0,0.08374636129683755,0.9970845457070442,0.9967009803483298,0.06246627414513739,0.0763603875733019,0.24329566955566406,0.9998268209291838,0.9984015583649237,0.015207895116638781,0.018610699203327204,0.06021219491958618
25,cr_mow_synergy,tree_scm,ok,0.0,0,0,0,False,0.7316043376922607,1.0,-0.13865778274200374,1.0,1.0,0.0,0.0,0.0,1.0,1.0,0.0,0.0,0.0
25,cr_mow_synergy,tree_scm,ok,0.1,0,1,0,False,0.7277857065200806,1.0,-0.13860519462085366,0.9998885056301609,0.9998638889385594,0.012799925018494918,0.014932807465390111,0.04042673110961914,0.9999925646433309,0.9999743290000715,0.003304897992798317,0.0038562563672204417,0.010450184345245361
25,cr_mow_synergy,tree_scm,ok,0.1,1,1,0,False,0.7290264368057251,1.0,-0.13851648485424153,0.9998801625539576,0.9998457616586796,0.012928727385087768,0.015481437447265402,0.040284037590026855,0.9999920090053698,0.9999712332808812,0.0033381803342606986,0.003997747942120101,0.010402858257293701
25,cr_mow_synergy,tree_scm,ok,0.1,2,1,0,False,0.737119734287262,1.0,-0.13942924544801363,0.9990275348010954,0.9989013214362348,0.03632467159900443,0.04410136610449332,0.11183205246925354,0.9999351532901052,0.9998190960052927,0.009371945940010562,0.011388301732906135,0.02986764907836914
25,cr_mow_synergy,tree_scm,ok,0.1,3,1,0,False,0.7328802347183228,1.0,-0.1388386864407685,0.9999479110435863,0.9999248086689078,0.008467320401223333,0.01020675828507543,0.026380598545074463,0.9999965271212639,0.9999849572634288,0.0021853849210557996,0.0026354804499043095,0.0069751739501953125
25,cr_mow_synergy,tree_scm,ok,0.1,4,1,0,False,0.7329277992248535,1.0,-0.13939582506616058,0.9994400470497732,0.9993919985158429,0.026117408657828634,0.033464995966942204,0.12457722425460815,0.9999626678688106,0.9998915604212859,0.006745186153629845,0.00864084837927386,0.0319666862487793
25,cr_mow_synergy,tree_scm,ok,0.1,5,1,0,False,0.7310991883277893,1.0,-0.1388563117543833,0.9998864864424233,0.9998526236499535,0.012711131275182197,0.015067419282803023,0.03417104482650757,0.9999924307067092,0.9999717473714327,0.0032828859787557008,0.003890833627126485,0.008859455585479736
25,cr_mow_synergy,tree_scm,ok,0.1,6,1,0,False,0.7297618389129639,1.0,-0.13769799696943297,0.9992516297566201,0.9991305722945426,0.031486754627394475,0.03868773005073751,0.11195188760757446,0.9999501344661836,0.9998568816608253,0.008120971442174607,0.009986544311920642,0.028629779815673828
25,cr_mow_synergy,tree_scm,ok,0.1,7,1,0,False,0.733871579170227,1.0,-0.13850923688707154,0.9999786873436711,0.9999723955725626,0.004277312228055052,0.006528806514080155,0.03647160530090332,0.9999985794527424,0.9999921545311494,0.001107075193324647,0.0016855546278987076,0.009375929832458496
25,cr_mow_synergy,tree_scm,ok,0.1,8,1,0,False,0.7248517870903015,1.0,-0.13776359282143108,0.9989326779781542,0.9987089621629353,0.03828559828343714,0.04620220794655673,0.1250857710838318,0.9999288636022777,0.9998063555003218,0.009880713895945803,0.011927816067353223,0.032450318336486816
25,cr_mow_synergy,tree_scm,ok,0.1,9,1,0,False,0.7306346893310547,1.0,-0.13849286157591437,0.9999646807344554,0.9999495297189042,0.006964916253849651,0.008404673314800154,0.021612226963043213,0.9999976455757109,0.9999889694049067,0.0017972894895095237,0.002169988139457941,0.005771636962890625
25,cr_mow_synergy,tree_scm,ok,0.2,0,1,0,False,0.7385611534118652,0.9999999403953552,-0.1397029502989129,0.9986647517709233,0.9986141459838351,0.040976586097258405,0.051676846123976224,0.17090731859207153,0.9999109648019171,0.999755136435162,0.010577855334823028,0.013344301719147472,0.04384922981262207
25,cr_mow_synergy,tree_scm,ok,0.2,1,1,0,False,0.7412972450256348,1.0,-0.13971939385545395,0.9986557069533877,0.9986637333702881,0.04062425474921838,0.05185157792897623,0.17146551609039307,0.9999103622473066,0.9997541864852298,0.010490083392532767,0.013389380225190964,0.043988943099975586
25,cr_mow_synergy,tree_scm,ok,0.2,2,1,0,False,0.736772358417511,1.0,-0.13955904096703933,0.9991245951069013,0.9991230844539016,0.03261524859749443,0.041842679195449324,0.14868319034576416,0.9999416328613822,0.9998374356269222,0.008423564823964114,0.010804363941018458,0.03814804553985596
25,cr_mow_synergy,tree_scm,ok,0.2,3,1,0,False,0.7426972985267639,1.0,-0.1399405241224012,0.9960228431089249,0.9957277175273584,0.07323742227924868,0.08918696204202792,0.22213229537010193,0.999734730477884,0.9992961541556398,0.01890286196032065,0.023033432907954815,0.05901622772216797
25,cr_mow_synergy,tree_scm,ok,0.2,4,1,0,False,0.7317620515823364,1.0,-0.1390013688778862,0.999841126253486,0.9998532942028466,0.01217846773056408,0.017825473499476222,0.080624520778656,0.9999894077262109,0.9999657906265645,0.003150088122360728,0.004602667431867579,0.02072453498840332
25,cr_mow_synergy,tree_scm,ok,0.2,5,1,0,False,0.7268919944763184,1.0,-0.13849971229667016,0.9999595394618223,0.9999571628460052,0.006992831534262223,0.008995614373859519,0.03259611129760742,0.9999973026337794,0.9999884217867103,0.0018042377706350976,0.0023226563657380906,0.008388221263885498
25,cr_mow_synergy,tree_scm,ok,0.2,6,1,0,False,0.7403876185417175,1.0,-0.13993860439004527,0.9975737093841373,0.9975304654531149,0.05580466584228816,0.0696604704783235,0.22000712156295776,0.9998381920388306,0.9995663757957227,0.014403481246965555,0.017989328195541342,0.05646848678588867
25,cr_mow_synergy,tree_scm,ok,0.2,7,1,0,False,0.7432565093040466,1.0,-0.13957956308744457,0.9984784459757063,0.9983456230777484,0.04554865544241693,0.05516437383785847,0.147864431142807,0.9998985318333469,0.9997213293934625,0.011753397016427414,0.014245572221447221,0.03936767578125
25,cr_mow_synergy,tree_scm,ok,0.2,8,1,0,False,0.7497459053993225,1.0,-0.13980495850648203,0.9962282558653478,0.9959520621736643,0.07210187758403208,0.08685325645374985,0.23029682040214539,0.9997484318244286,0.9993359514698519,0.01861421473824265,0.02243070097191243,0.06095075607299805
25,cr_mow_synergy,tree_scm,ok,0.2,9,1,0,False,0.7218768000602722,1.0,-0.13699910658255665,0.9969896411482613,0.9963542597990128,0.06420790723973369,0.07759328371430532,0.20970192551612854,0.9997994175176349,0.9994680839174592,0.01656965625767981,0.020029102827197942,0.054418861865997314
25,cr_mow_synergy,tree_scm,ok,0.3,0,1,0,False,0.7515268325805664,1.0,-0.1407541250944428,0.9882393738187476,0.9888622058507974,0.11906052284177804,0.1533664006731575,0.5588417947292328,0.9992154054215784,0.997967297135398,0.03075247375956991,0.03961299150030567,0.14379698038101196
25,cr_mow_synergy,tree_scm,ok,0.3,1,1,0,False,0.730324387550354,1.0,-0.13821454089968147,0.9998604356696884,0.9998529030469923,0.011945488305514118,0.016707144158325617,0.07087826728820801,0.9999907001235322,0.9999676793505471,0.0030885230561992216,0.00431274302921618,0.018175244331359863
25,cr_mow_synergy,tree_scm,ok,0.3,2,1,0,False,0.7336786985397339,1.0,-0.13796140947161958,0.9996745873418313,0.9996870753165009,0.01719295395582776,0.025511278286368795,0.12477141618728638,0.9999783184076868,0.9999336934947426,0.004451833708124298,0.006585072760976841,0.03201699256896973
25,cr_mow_synergy,tree_scm,ok,0.3,3,1,0,False,0.7420368194580078,1.0,-0.13966296931902572,0.9987741405868162,0.9987908366711966,0.03906330849940787,0.04951483435794076,0.15539199113845825,0.999918259977926,0.9997731966597525,0.010084447182606482,0.012785931611404287,0.03985238075256348
25,cr_mow_synergy,tree_scm,ok,0.3,4,1,0,False,0.7105062007904053,1.0,-0.1366958332215747,0.9957254767339789,0.9949696351298188,0.0761235538376468,0.09246105369726818,0.2715654969215393,0.9997152056611037,0.9992670186324297,0.01963229276697831,0.023866057257044663,0.0704803466796875
25,cr_mow_synergy,tree_scm,ok,0.3,5,1,0,False,0.7422674894332886,1.0,-0.13924797418469115,0.9995732051052173,0.9996726249016521,0.020772876058572365,0.029216259319369792,0.09707903861999512,0.999971544369126,0.9999212882662183,0.005368972101670977,0.007543955398666009,0.025083065032958984
25,cr_mow_synergy,tree_scm,ok,0.3,6,1,0,False,0.735973060131073,1.0,-0.13887463430457495,0.9999401444782269,0.9999487250554323,0.007628609119109342,0.010941254228407873,0.04165840148925781,0.9999960095907315,0.9999842755346541,0.001972403170391601,0.00282503422167234,0.010718226432800293
25,cr_mow_synergy,tree_scm,ok,0.3,7,1,0,False,0.722488284111023,1.0,-0.13934229534162734,0.9993518647498141,0.9994363667656104,0.02366919270230028,0.03600375739829721,0.19524502754211426,0.9999567839156893,0.9998746177848508,0.006127257097823247,0.009296890359938607,0.050234198570251465
25,cr_mow_synergy,tree_scm,ok,0.3,8,1,0,False,0.728401243686676,1.0,-0.13562798784316077,0.995311091569519,0.9953987973505303,0.07589861719927171,0.09683913072997638,0.35265040397644043,0.9996878489481835,0.9992135755668405,0.019596953633488567,0.024986038075361785,0.0901346206665039
25,cr_mow_synergy,tree_scm,ok,0.3,9,1,0,False,0.7234765887260437,1.0,-0.13310335551745067,0.9864829548432231,0.9849083801230241,0.13440172633295333,0.1644204721883164,0.45921754837036133,0.9991008731271445,0.9977708251376869,0.03463509139945842,0.04240582206595553,0.11683785915374756
26,cr_mow_synergy,tree_scm,ok,0.0,0,0,0,False,0.7320862412452698,0.9999999403953552,0.02922287205908901,1.0,1.0,0.0,0.0,0.0,1.0,1.0,0.0,0.0,0.0
26,cr_mow_synergy,tree_scm,ok,0.1,0,1,0,False,0.7323286533355713,1.0,0.029149363541460267,0.999994555122423,0.9999894164401687,0.0029068209777278753,0.0032999629392417283,0.007690906524658203,0.9999996660701396,0.9999978654066233,0.0007196739518837703,0.0008172268235142219,0.0018732547760009766
26,cr_mow_synergy,tree_scm,ok,0.1,1,1,0,False,0.7378166913986206,1.0,0.028391298648227956,0.9992044145547596,0.9992348879729632,0.030717705850747734,0.03988948352727972,0.14592427015304565,0.9999511957742703,0.999923121110793,0.007616983459385551,0.009879698874110516,0.03625619411468506
26,cr_mow_synergy,tree_scm,ok,0.1,2,1,0,False,0.7290793657302856,1.0,0.029066548897004555,0.9997836876793044,0.9997517724948144,0.01707903585696613,0.020799631114892157,0.0563008189201355,0.9999867280754342,0.9999771341463414,0.004229233926551501,0.005152072227020077,0.013928979635238647
26,cr_mow_synergy,tree_scm,ok,0.1,3,1,0,False,0.7254753112792969,1.0,0.02966490511342161,0.9994506837979742,0.9994528288391388,0.02674890065782165,0.033145624263588434,0.09738099575042725,0.9999663050646411,0.9999488591660108,0.006626988695749958,0.00820913330039886,0.024297475814819336
26,cr_mow_synergy,tree_scm,ok,0.1,4,1,0,False,0.7360888719558716,1.0,0.029380079814641007,0.9998930759442871,0.9998667834918817,0.012341092422730071,0.014623546743963002,0.04639875888824463,0.9999934404746752,0.9999858178063085,0.003057023789764912,0.003622022954931339,0.011475145816802979
26,cr_mow_synergy,tree_scm,ok,0.1,5,1,0,False,0.7381896376609802,1.0,0.029518874100039748,0.9996391707568416,0.9995920579715326,0.022741303711427463,0.02686370232151393,0.0790252685546875,0.999977864908128,0.9999625272691509,0.005632161868263097,0.00665358410019816,0.01954042911529541
26,cr_mow_synergy,tree_scm,ok,0.1,6,1,0,False,0.7307994365692139,1.0,0.029069850224773063,0.9999409279526129,0.9999279714433873,0.009374562228913419,0.010869411144925192,0.02717268466949463,0.9999963760845997,0.9999914951541375,0.00232129830475003,0.0026921795089428057,0.0067140161991119385
26,cr_mow_synergy,tree_scm,ok,0.1,7,1,0,False,0.7343399524688721,1.0,0.029216991030650827,0.9999922558842711,0.9999896176060367,0.0028466349828590864,0.003935509099657853,0.01939082145690918,0.9999995248486178,0.9999978207030968,0.000705138078416212,0.0009748347268242591,0.004802405834197998
26,cr_mow_synergy,tree_scm,ok,0.1,8,1,0,False,0.7329006791114807,0.9999999403953552,0.0284240565106217,0.9995471660999395,0.9995839666332881,0.02052890416594977,0.0300943151065512,0.1437360644340515,0.9999722286260522,0.9999553523531935,0.005099413041548928,0.007452700475235962,0.0357096791267395
26,cr_mow_synergy,tree_scm,ok,0.1,9,1,0,False,0.7246160507202148,1.0,0.029357584883561813,0.9995024180801324,0.9994706767219799,0.025783697441511322,0.03154621750641142,0.10157179832458496,0.9999694716837224,0.9999542347650382,0.006386094496448891,0.007813874147882142,0.025213122367858887
26,cr_mow_synergy,tree_scm,ok,0.2,0,1,0,False,0.7386820912361145,1.0,0.029054735941268773,0.9990288279255054,0.9989235390887632,0.03633791267827746,0.044072034883259,0.11444783210754395,0.9999404108889501,0.9999079442636434,0.009000501486056578,0.010916877658074073,0.028418302536010742
26,cr_mow_synergy,tree_scm,ok,0.2,1,1,0,False,0.728725016117096,1.0,0.029811246780876058,0.9997256357970106,0.9997516942636435,0.017182086023581178,0.02342495309387596,0.09133172035217285,0.9999831781840886,0.999969534546885,0.0042614738911908034,0.005800312932653974,0.022692888975143433
26,cr_mow_synergy,tree_scm,ok,0.2,2,1,0,False,0.7215080261230469,1.0,0.02980716248107029,0.998262767535059,0.9982442690079392,0.04802797767507627,0.05894459228085423,0.17376834154129028,0.999893434318276,0.9998511707853515,0.011897941070358797,0.014599019124583182,0.043272972106933594
26,cr_mow_synergy,tree_scm,ok,0.2,3,1,0,False,0.7206313610076904,1.0,0.029008902805147504,0.9990241689369067,0.9989577037586724,0.035773998972634224,0.04417762043792813,0.14646542072296143,0.9999401248625246,0.9999159573707174,0.008861212071579416,0.010943046883592744,0.03625786304473877
26,cr_mow_synergy,tree_scm,ok,0.2,4,1,0,False,0.7354910373687744,0.9999999403953552,0.029694048887294815,0.9998506236997381,0.9998491703025533,0.013343224783852747,0.017284461757997516,0.07738673686981201,0.9999908421420566,0.9999813586295685,0.0033056232627615145,0.004279686283062101,0.01922518014907837
26,cr_mow_synergy,tree_scm,ok,0.2,5,1,0,False,0.7510530352592468,0.9999999403953552,0.028135717239466593,0.9959681586186195,0.9959590135719905,0.07293084738250855,0.08979801119502749,0.24509727954864502,0.999752590553907,0.9996624772012015,0.018072249588456657,0.022244524219517454,0.06116676330566406
26,cr_mow_synergy,tree_scm,ok,0.2,6,1,0,False,0.7382309436798096,1.0,0.029932367264827384,0.9995984657598179,0.9996019933302338,0.023195090737999635,0.02833846366612216,0.11314624547958374,0.9999753817783946,0.999958571007081,0.00574431756071192,0.007016868345521496,0.028109818696975708
26,cr_mow_synergy,tree_scm,ok,0.2,7,1,0,False,0.7327764630317688,1.0,0.027979550605787627,0.9989922419847092,0.9991035490129461,0.029751507393029897,0.04489449910727737,0.2207316756248474,0.9999381932548632,0.9999100341534939,0.007395021650950184,0.011118160332125997,0.054846346378326416
26,cr_mow_synergy,tree_scm,ok,0.2,8,1,0,False,0.7322304248809814,0.9999999403953552,0.030578827857964924,0.9986479626493057,0.9988799978542305,0.03538831182117974,0.05200071877804236,0.24840235710144043,0.9999171228698153,0.9998747518954295,0.008797793855606528,0.012874558257067662,0.06167811155319214
26,cr_mow_synergy,tree_scm,ok,0.2,9,1,0,False,0.7387245893478394,1.0,0.027595636011793743,0.9977367757135205,0.9979063550532866,0.049234785914450185,0.06727888648195365,0.28708112239837646,0.9998611582566821,0.999805874937415,0.012213886011060993,0.016663837559258408,0.07134032249450684
26,cr_mow_synergy,tree_scm,ok,0.3,0,1,0,False,0.7357780337333679,1.0,0.031314952532414404,0.9973535580368046,0.9979788306451611,0.047968767090821984,0.07275221033818162,0.36544859409332275,0.9998378289344461,0.9997693745082612,0.011903604199872575,0.01800950099613322,0.09073671698570251
26,cr_mow_synergy,tree_scm,ok,0.3,1,1,0,False,0.7370074391365051,1.0,0.027361080020929282,0.9955107443968534,0.9956632550425576,0.07175904950167933,0.0947550086512767,0.3976612687110901,0.9997245320301383,0.9996248480080109,0.01779688449515504,0.023472024100004405,0.09877651929855347
26,cr_mow_synergy,tree_scm,ok,0.3,2,1,0,False,0.7238574028015137,1.0,0.028760612506724594,0.9997660291910783,0.9997855013053429,0.015150308149486591,0.02163195884617808,0.11689698696136475,0.9999856488965979,0.9999755024676347,0.0037586993839369143,0.005357443944151352,0.02901625633239746
26,cr_mow_synergy,tree_scm,ok,0.3,3,1,0,False,0.7336798310279846,1.0,0.03040063865738672,0.9990983092339294,0.9991350985265716,0.03656434734826064,0.0424662402978058,0.1242973804473877,0.999944730416066,0.9999148956619697,0.009052910417025828,0.010513760687589616,0.030832290649414062
26,cr_mow_synergy,tree_scm,ok,0.3,4,1,0,False,0.7231993079185486,1.0,0.030593915367140553,0.9944754880601324,0.9945680074744295,0.08479901173609505,0.10511433896902515,0.32035017013549805,0.9996612002174491,0.9995540264466061,0.02101210752188365,0.02603074275370441,0.07949551939964294
26,cr_mow_synergy,tree_scm,ok,0.3,5,1,0,False,0.7463675737380981,1.0,0.028510777875538768,0.996966603514889,0.996871893104928,0.06371631670100442,0.0778896207816275,0.20673877000808716,0.9998138648369778,0.9997411218796937,0.01578710560012553,0.019294307970182674,0.05150651931762695
26,cr_mow_synergy,tree_scm,ok,0.3,6,1,0,False,0.7281559109687805,1.0,0.029534298706017016,0.9993890401559576,0.9993623377261996,0.028542101717022206,0.03495596801024789,0.0891682505607605,0.9999625192732353,0.9999440200092983,0.007071167100448861,0.008658028017088149,0.022144079208374023
26,cr_mow_synergy,tree_scm,ok,0.3,7,1,0,False,0.7429262399673462,1.0,0.028805008645748656,0.9994679381594472,0.9994552093019096,0.02627478514091308,0.03262090918124157,0.11244601011276245,0.9999673563613495,0.9999464228238324,0.006507816048511472,0.008080054068835607,0.028024911880493164
26,cr_mow_synergy,tree_scm,ok,0.3,8,1,0,False,0.7724689245223999,1.0,0.025849385818913728,0.983360759826131,0.984633654602675,0.14356705874229192,0.1824239026104945,0.5773666799068451,0.9989785796517863,0.9986899966919389,0.03560503484293065,0.04519779488452037,0.14354926347732544
26,cr_mow_synergy,tree_scm,ok,0.3,9,1,0,False,0.7174591422080994,1.0,0.030481135422794008,0.9903425856860008,0.9899888017666832,0.11349792170358342,0.13897780195094392,0.3792972266674042,0.9994076790952477,0.999217397718332,0.028115016478537314,0.03441862527036971,0.09443306922912598
27,cr_mow_synergy,tree_scm,ok,0.0,0,0,0,False,0.7230302691459656,1.0,0.06691254726447174,1.0,1.0,0.0,0.0,0.0,1.0,1.0,0.0,0.0,0.0
27,cr_mow_synergy,tree_scm,ok,0.1,0,1,0,False,0.7274731993675232,0.9999999403953552,0.06748342897960653,0.9997807326102456,0.9997649153315213,0.015875700557700156,0.02094122155626465,0.06722664833068848,0.9999867945493551,0.9998869112545598,0.0038911039099929212,0.005139153643430403,0.016600966453552246
27,cr_mow_synergy,tree_scm,ok,0.1,1,1,0,False,0.7246142029762268,1.0,0.06615634728226194,0.9999047342236227,0.9998801051426938,0.010814529462351175,0.01380331672577409,0.04951012134552002,0.9999942725852203,0.9999383761891137,0.0026438218126543234,0.0033844984004063406,0.012316226959228516
27,cr_mow_synergy,tree_scm,ok,0.1,2,1,0,False,0.7178714275360107,1.0,0.06577444439152487,0.9995412608853625,0.9995124856948715,0.024714950466574237,0.030289903115339332,0.08742362260818481,0.9999723780186568,0.9997503196302123,0.00606159184660271,0.007432628151505603,0.02143402397632599
27,cr_mow_synergy,tree_scm,ok,0.1,3,1,0,False,0.7229667901992798,1.0,0.06685588910487356,0.9999791435058158,0.9999698809992131,0.005176502033265251,0.0064585592559744335,0.02151888608932495,0.9999987429680783,0.9999847672734423,0.0012707755318928093,0.0015855799852833399,0.005257606506347656
27,cr_mow_synergy,tree_scm,ok,0.1,4,1,0,False,0.7221397757530212,0.9999999403953552,0.06675767906805426,0.999990668840281,0.9999834708711823,0.003613273934007566,0.004319990550720574,0.013987600803375244,0.9999994382094753,0.999990411093627,0.0008878796622244778,0.0010599910382286647,0.0034294575452804565
27,cr_mow_synergy,tree_scm,ok,0.1,5,1,0,False,0.7293234467506409,1.0,0.0677948146581785,0.9996497998013224,0.9996166002074242,0.0218156338288793,0.02646507891402902,0.08519047498703003,0.9999789176556515,0.9998071489879121,0.00535260727218656,0.006493434296379434,0.020883560180664062
27,cr_mow_synergy,tree_scm,ok,0.1,6,1,0,False,0.7201791405677795,1.0,0.06716213322133557,0.9999810207169468,0.9999734908089549,0.0041117987268251,0.006161052222257006,0.030360043048858643,0.99999885781066,0.9999860860274659,0.0010079817096997346,0.0015114161304817337,0.007532000541687012
27,cr_mow_synergy,tree_scm,ok,0.1,7,1,0,False,0.7214192152023315,1.0,0.06723259877573008,0.9999413094160629,0.9999330229418495,0.00707768604041803,0.010834259084895942,0.05080324411392212,0.9999964655564016,0.9999687410592947,0.0017365856381701406,0.0026587378968388597,0.012607932090759277
27,cr_mow_synergy,tree_scm,ok,0.1,8,1,0,False,0.726004421710968,1.0,0.068548484616157,0.9991924212916415,0.9991401500250338,0.03131981047528143,0.04018902036475613,0.13642752170562744,0.9999514157682717,0.999557256276375,0.007666870136816328,0.009857406449263327,0.033884286880493164
27,cr_mow_synergy,tree_scm,ok,0.1,9,1,0,False,0.7273850440979004,0.9999999403953552,0.06672195715612826,0.9998987470317717,0.9998819938666761,0.010933450903024777,0.01423045786578773,0.05874979496002197,0.999993897788189,0.9999443664616264,0.002683193698644004,0.0034934829514171287,0.014509797096252441
27,cr_mow_synergy,tree_scm,ok,0.2,0,1,0,False,0.7389261722564697,1.0,0.06970226624974774,0.9970149786168082,0.9968676574458193,0.06485983612212465,0.0772660523626629,0.2285977005958557,0.9998204106950963,0.9983913547850655,0.01592366498623221,0.018952007952445598,0.0560004860162735
27,cr_mow_synergy,tree_scm,ok,0.2,1,1,0,False,0.7165015935897827,1.0,0.06799381229143385,0.9997589280861414,0.9997373667834918,0.014206508055707445,0.021957773675516046,0.10790908336639404,0.9999855052811538,0.9998754112724412,0.0034898103243534706,0.005384183984257551,0.026780128479003906
27,cr_mow_synergy,tree_scm,ok,0.2,2,1,0,False,0.7206071615219116,1.0,0.06441301288520809,0.9982807929383303,0.9983139729811887,0.04547023568494524,0.058637991269024546,0.2027936577796936,0.9998964869170721,0.999192486678349,0.011137428813640327,0.014388403658241431,0.050513386726379395
27,cr_mow_synergy,tree_scm,ok,0.2,3,1,0,False,0.727189302444458,1.0,0.06935335922758032,0.9985333624213063,0.9984274417066019,0.04496206087944188,0.054159718823266874,0.12591898441314697,0.9999118131239262,0.9991797908769043,0.011028110035496752,0.013280577903821306,0.031459808349609375
27,cr_mow_synergy,tree_scm,ok,0.2,4,1,0,False,0.7443076372146606,1.0,0.07065284495253943,0.9943165838961993,0.9943025802875329,0.08672529644891824,0.10661534660653726,0.2835213541984558,0.9996581190404676,0.9971392732691333,0.021254641754026693,0.026148841511332042,0.0694313794374466
27,cr_mow_synergy,tree_scm,ok,0.2,5,1,0,False,0.7147408127784729,1.0,0.06404726736377016,0.9974617285535167,0.9974788775838637,0.057316771048107285,0.07124986172643502,0.20260953903198242,0.9998471303823128,0.9987770009298332,0.014050223282666252,0.01748540065762444,0.05045974254608154
27,cr_mow_synergy,tree_scm,ok,0.2,6,1,0,False,0.7208036184310913,1.0,0.06616348946992655,0.9998321258095673,0.999808903601316,0.014893638996198888,0.018323437632870053,0.04896587133407593,0.9999898951253081,0.9998979753772976,0.0036509744566330937,0.004495525503574985,0.01219034194946289
27,cr_mow_synergy,tree_scm,ok,0.2,7,1,0,False,0.7148306965827942,1.0,0.062692894757773,0.9956995269323665,0.9953731179815462,0.07738044477764561,0.09274128452455738,0.2492406964302063,0.999741025011418,0.9976738408375653,0.019000843014097768,0.022758514649511303,0.06112154573202133
27,cr_mow_synergy,tree_scm,ok,0.2,8,1,0,False,0.7321875691413879,1.0,0.0697734498081016,0.997594452599788,0.9974473504220013,0.05766612713216546,0.06936205469464045,0.17354553937911987,0.9998553285841084,0.9986875044703524,0.014147970275004695,0.017010080181804454,0.042493030428886414
27,cr_mow_synergy,tree_scm,ok,0.2,9,1,0,False,0.7362855076789856,0.9999999403953552,0.0697684091385116,0.9968335429436769,0.9967886327873542,0.06351069323832803,0.07957960769589899,0.23255819082260132,0.9998094951436199,0.9983583524068378,0.015557863450808895,0.019519469622963508,0.05762481689453125
27,cr_mow_synergy,tree_scm,ok,0.3,0,1,0,False,0.7280370593070984,1.0,0.06701528841507341,0.9997673518894727,0.9997424965131249,0.018127624015363608,0.02157072553123025,0.06813138723373413,0.9999859779666681,0.999874908357771,0.004450449805162293,0.005295664939386142,0.016680240631103516
27,cr_mow_synergy,tree_scm,ok,0.3,1,1,0,False,0.7251873016357422,1.0,0.06459576299567056,0.9985939837939971,0.9986479977290608,0.038824914162363555,0.05302859931892731,0.21326524019241333,0.9999153547574214,0.9993647628924969,0.009505699766464204,0.013011167512852188,0.05307614803314209
27,cr_mow_synergy,tree_scm,ok,0.3,2,1,0,False,0.710824728012085,1.0,0.06177317104344001,0.9927339241079991,0.9927906287997997,0.09820041678150915,0.1205493717447038,0.320002019405365,0.9995622410950892,0.9965049665617624,0.024085386160180633,0.029589149899896666,0.0789029598236084
27,cr_mow_synergy,tree_scm,ok,0.3,3,1,0,False,0.7165790796279907,1.0,0.06475458310080964,0.998421702250906,0.9984579071597167,0.04429106726783516,0.056183585936313944,0.1749422550201416,0.9999049490965136,0.9992524341070022,0.010854084266341602,0.013787741158277675,0.04352903366088867
27,cr_mow_synergy,tree_scm,ok,0.3,4,1,0,False,0.7268060445785522,1.0,0.06392957493987407,0.9978577526519237,0.9979631955868677,0.04824275013181989,0.06545604978498464,0.26245683431625366,0.9998710316976792,0.9990440039160287,0.011811782272971527,0.016060405034104344,0.0653458833694458
27,cr_mow_synergy,tree_scm,ok,0.3,5,1,0,False,0.7178674936294556,1.0,0.06312945903228401,0.9943482871805489,0.9953585893355268,0.07764240224784658,0.10631756663633922,0.40163344144821167,0.9996594386909123,0.9979022199771118,0.01901447441828452,0.026098325512705692,0.10009527206420898
27,cr_mow_synergy,tree_scm,ok,0.3,6,1,0,False,0.7443801760673523,1.0,0.06809431777167269,0.9982765859902326,0.9982785789643086,0.0479561014893477,0.05870969170386667,0.2321123480796814,0.9998961897380705,0.9990796549781847,0.011787296491249322,0.014409043048239882,0.056933432817459106
27,cr_mow_synergy,tree_scm,ok,0.3,7,1,0,False,0.7346150875091553,0.9999999403953552,0.06926158066098312,0.998037989677221,0.9979148263715041,0.05264647663975097,0.06264200449964873,0.18084067106246948,0.9998819574777085,0.9989133466847864,0.012928778724571544,0.015365058863775658,0.04430145025253296
27,cr_mow_synergy,tree_scm,ok,0.3,8,1,0,False,0.7452104687690735,1.0,0.07158362047360238,0.9908999063770547,0.9911748980759602,0.1058414044939866,0.13490806880270154,0.4277055561542511,0.9994526947433888,0.9953560412345324,0.0259149787831916,0.033084897970201206,0.10590410232543945
27,cr_mow_synergy,tree_scm,ok,0.3,9,1,0,False,0.732914388179779,1.0,0.06886325762001085,0.9974018775563037,0.9974449476074672,0.051266146406561575,0.07208498184594528,0.2756667137145996,0.9998435760818226,0.9986638898326299,0.012561272259283385,0.017687505321480536,0.06826698780059814
28,cr_mow_synergy,tree_scm,ok,0.0,0,0,0,False,0.740574300289154,1.0,0.007525304218150637,1.0,1.0,0.0,0.0,0.0,1.0,1.0,0.0,0.0,0.0
28,cr_mow_synergy,tree_scm,ok,0.1,0,1,0,False,0.7489327192306519,1.0,0.01687676110631905,0.9981338870574538,0.9980879966561763,0.04919792055909511,0.06109194571590252,0.18877333402633667,0.9998870874583358,0.998802113135684,0.012027389052875037,0.015027477824106779,0.047435030341148376
28,cr_mow_synergy,tree_scm,ok,0.1,1,1,0,False,0.7355504035949707,1.0,0.0062714570395740465,0.999746582670689,0.999711304627709,0.018472315994358723,0.022512988509138274,0.07677769660949707,0.9999843296667503,0.9997923185930906,0.004597660958623351,0.00559827361677955,0.01759481430053711
28,cr_mow_synergy,tree_scm,ok,0.1,2,1,0,False,0.739284873008728,1.0,0.008054546894401044,0.999962280987098,0.9999440758887062,0.007353156851138465,0.00868550677139159,0.02278900146484375,0.9999976699394427,0.9999590627458694,0.0018248411782195717,0.002158731376270527,0.005574524402618408
28,cr_mow_synergy,tree_scm,ok,0.1,3,1,0,False,0.7411782741546631,1.0,0.00977776405701145,0.9999164907110772,0.9999067484443173,0.009919059385993023,0.012923566849843946,0.05160188674926758,0.9999949722625197,0.9999383985408768,0.002412901671547729,0.0031710369019958356,0.012971267104148865
28,cr_mow_synergy,tree_scm,ok,0.1,4,1,0,False,0.7396905422210693,1.0,0.006303432557048757,0.9999479020686601,0.9999289772727271,0.008465532269326559,0.010207637685931803,0.026384830474853516,0.999996812394286,0.9999533434883539,0.0020880629613060364,0.002524918077748386,0.007039427757263184
28,cr_mow_synergy,tree_scm,ok,0.1,5,1,0,False,0.7370790243148804,1.0,0.004326975296621221,0.9997991890679649,0.9997903069344108,0.015605205247993581,0.02004050576072324,0.06716269254684448,0.9999878374317362,0.9998802616050353,0.0038090581234513365,0.004932051956936937,0.016920506954193115
28,cr_mow_synergy,tree_scm,ok,0.1,6,1,0,False,0.741050124168396,1.0,0.012410006974523624,0.9996320099012449,0.9996331628638866,0.02022653644166894,0.027128955224996535,0.11682909727096558,0.9999779019328957,0.9997963754380944,0.004910110631931808,0.006648017427797658,0.029336556792259216
28,cr_mow_synergy,tree_scm,ok,0.1,7,1,0,False,0.7369015216827393,1.0,0.004743452461476458,0.9997450525441891,0.9997091365066874,0.018700554827091764,0.022580853023617852,0.0656011700630188,0.9999844078262765,0.9998014828159643,0.004611795944228447,0.0055842948053897385,0.016170620918273926
28,cr_mow_synergy,tree_scm,ok,0.1,8,1,0,False,0.7326359748840332,1.0,0.0021448863806558163,0.9991715688936271,0.9991335115513912,0.03340467532302682,0.040704572531379254,0.12065452337265015,0.9999494136175375,0.999426163185752,0.008223495092991584,0.010058467370410726,0.029096126556396484
28,cr_mow_synergy,tree_scm,ok,0.1,9,1,0,False,0.7428246140480042,1.0,0.0071712682714199045,0.9999517344243576,0.9999318494742864,0.00854187149656127,0.009825026994741465,0.030250132083892822,0.9999970110484082,0.9999532736392246,0.00212606524608816,0.0024449750825945834,0.00796365737915039
28,cr_mow_synergy,tree_scm,ok,0.2,0,1,0,False,0.7417764663696289,1.0,0.012405562747248595,0.9996235145142562,0.9996960383735068,0.018185062712632316,0.027440316537060083,0.1281214952468872,0.9999773745809938,0.9998296236857162,0.0043809874125742,0.006726874451944603,0.03220951557159424
28,cr_mow_synergy,tree_scm,ok,0.2,1,1,0,False,0.7481652498245239,1.0,0.015984194794387778,0.998736897143511,0.9988628317001645,0.0381184354757238,0.0502613739070635,0.19060862064361572,0.9999239142853817,0.9993325316500964,0.009262217992116462,0.012335778405185635,0.04785573482513428
28,cr_mow_synergy,tree_scm,ok,0.2,2,1,0,False,0.7538842558860779,1.0,0.016049357845382053,0.9980706677592834,0.9979990925184178,0.050745917102858584,0.06211814904630293,0.17190206050872803,0.9998827274821047,0.9987183163757958,0.012447999298475398,0.015314863152952555,0.04299509525299072
28,cr_mow_synergy,tree_scm,ok,0.2,3,1,0,False,0.7347615361213684,0.9999999403953552,0.0028335860920623156,0.9987948660931176,0.9986401969637364,0.040759311614692706,0.04909447955603996,0.14361488819122314,0.9999258396301293,0.9990666127244117,0.010090617139169922,0.01217870008430532,0.03477621078491211
28,cr_mow_synergy,tree_scm,ok,0.2,4,1,0,False,0.7419315576553345,1.0,0.008317822329196258,0.9999533444164627,0.9999517872469781,0.007734478078873508,0.009659770752750102,0.028586387634277344,0.9999971262341818,0.9999707750697373,0.0019171462366358583,0.0023974010544967226,0.007172644138336182
28,cr_mow_synergy,tree_scm,ok,0.2,5,1,0,False,0.7514351606369019,1.0,0.017962512181087412,0.9971766541213959,0.9969880999213216,0.0615270519688238,0.07514447247201288,0.193600594997406,0.9998285381216906,0.998115858128889,0.015096995198284446,0.018518200978907717,0.050718069076538086
28,cr_mow_synergy,tree_scm,ok,0.2,6,1,0,False,0.7488183379173279,1.0,0.003211819937641375,0.9989102841894418,0.9989212368571632,0.03857319423195804,0.04668438280528034,0.17638111114501953,0.9999329104963692,0.9993408912094984,0.009576918038575855,0.011583566366439592,0.04426974058151245
28,cr_mow_synergy,tree_scm,ok,0.2,7,1,0,False,0.7407488822937012,1.0,0.008030910605681518,0.9999339640880963,0.9999239928295542,0.010014468197937276,0.011492250761272832,0.027597486972808838,0.9999959138682065,0.9999498202918246,0.002489437534805461,0.0028587171808781833,0.006906598806381226
28,cr_mow_synergy,tree_scm,ok,0.2,8,1,0,False,0.7295016050338745,0.9999999403953552,0.008081233211494046,0.9997735743736044,0.9997856242400401,0.017388380468446485,0.021280302545332436,0.09505289793014526,0.999985973076447,0.9998517631070738,0.004324094080018881,0.005296588169693826,0.024341583251953125
28,cr_mow_synergy,tree_scm,ok,0.2,9,1,0,False,0.741936981678009,1.0,-0.0025982725581266655,0.9984813009693654,0.998644410271082,0.039731551694444533,0.055112594806078066,0.24914222955703735,0.9999085977596366,0.9992382295615476,0.009655391360965382,0.013520520674092745,0.06278082728385925
28,cr_mow_synergy,tree_scm,ok,0.3,0,1,0,False,0.7412047982215881,1.0,0.021857011750381624,0.9969791542094807,0.9974604150275372,0.05233226378572908,0.07772832101531542,0.3731690049171448,0.9998192673322766,0.9986954616980186,0.01266412943259354,0.019012241628911738,0.09354771673679352
28,cr_mow_synergy,tree_scm,ok,0.3,1,1,0,False,0.7195924520492554,1.0,-0.00691585365038987,0.9927051713880519,0.9920705779271868,0.09980217549878034,0.12078765313287655,0.38280701637268066,0.999552243968532,0.9949908693047707,0.02467268305585435,0.029925108017250426,0.0892329216003418
28,cr_mow_synergy,tree_scm,ok,0.3,2,1,0,False,0.7367676496505737,1.0,0.004146875089998736,0.9997232174599636,0.9997773317359273,0.015927912745837602,0.02352796437528954,0.0924493670463562,0.9999831574210554,0.9998806639367713,0.0039023347867015445,0.005803891684283143,0.02327793836593628
28,cr_mow_synergy,tree_scm,ok,0.3,3,1,0,False,0.737609326839447,1.0,0.014840103918217142,0.999250478360488,0.999348613743652,0.025772461622864284,0.03871748094051569,0.19416505098342896,0.9999551577674414,0.9996544529182461,0.006257715440838751,0.009470188198533954,0.04870517551898956
28,cr_mow_synergy,tree_scm,ok,0.3,4,1,0,False,0.7403478622436523,1.0,0.011669081448978305,0.9996841431530157,0.9997560416815676,0.016507720309050455,0.025133915428443593,0.12083274126052856,0.9999809336358554,0.9998683369394178,0.004004558328603025,0.006175170290344167,0.030350059270858765
28,cr_mow_synergy,tree_scm,ok,0.3,5,1,0,False,0.7493950128555298,0.9999999403953552,0.0137204883006033,0.9988473249514765,0.9987019995887275,0.03961527824708355,0.04801406208252431,0.1337660551071167,0.9999297521196467,0.9991601660288961,0.009747203954518113,0.011853090592820843,0.033684372901916504
28,cr_mow_synergy,tree_scm,ok,0.3,6,1,0,False,0.7632874846458435,1.0,0.008503505943372746,0.9967977009658678,0.9964233267470136,0.06829170762921422,0.08002873231407936,0.2690681219100952,0.9998015410539056,0.9975954979078749,0.01700785810463401,0.019922798248820053,0.06578874588012695
28,cr_mow_synergy,tree_scm,ok,0.3,7,1,0,False,0.7389137744903564,1.0,-0.00516472303829835,0.9969531661871429,0.9977668576997353,0.05254007335895494,0.0780619475249933,0.3533822298049927,0.9998152184002848,0.9988600824333023,0.012768079118373521,0.01922402679169317,0.08916398882865906
28,cr_mow_synergy,tree_scm,ok,0.3,8,1,0,False,0.7330209612846375,1.0,-0.006680613214620211,0.993917038334253,0.9931619027608897,0.0911733278076099,0.11029924497874129,0.2924717664718628,0.9996274631365325,0.9957014430298262,0.022506882922179727,0.027296039070864933,0.07750117778778076
28,cr_mow_synergy,tree_scm,ok,0.3,9,1,0,False,0.7487117648124695,1.0,0.006228534812447674,0.9993530286497871,0.9992445215828625,0.03137104985671613,0.03597141578401987,0.10771989822387695,0.9999599258516574,0.999502058597382,0.007809604350377697,0.008952558079613983,0.028409481048583984
29,cr_mow_synergy,tree_scm,ok,0.0,0,0,0,False,0.7316527366638184,1.0,0.08258150862414272,1.0,1.0,0.0,0.0,0.0,1.0,1.0,0.0,0.0,0.0
29,cr_mow_synergy,tree_scm,ok,0.1,0,1,0,False,0.7326899170875549,1.0,0.08230191595852365,0.9999311016728081,0.9999155103354551,0.009778730756693221,0.01173868172081031,0.028655946254730225,0.9999958792792076,0.9999896287819183,0.002389323551938105,0.0028707911154988936,0.007015138864517212
29,cr_mow_synergy,tree_scm,ok,0.1,1,1,0,False,0.7345504760742188,1.0,0.08258664781315894,0.9999903536493189,0.9999859072133609,0.00336211146255172,0.0043923456817567975,0.02153414487838745,0.9999994228077583,0.9999971166225592,0.0008224464547197385,0.0010744228720454179,0.005267277359962463
29,cr_mow_synergy,tree_scm,ok,0.1,2,1,0,False,0.7273237705230713,1.0,0.08304012601369892,0.9985925640042419,0.9985139430298261,0.04328985261787466,0.05305536606760408,0.14551323652267456,0.9999158002869105,0.999870404477505,0.010591000426199315,0.012976880469482123,0.03547775745391846
29,cr_mow_synergy,tree_scm,ok,0.1,3,1,0,False,0.7318069338798523,1.0,0.08254213183371512,0.9999268353116031,0.9999281949610185,0.008965810361019066,0.012096667800587749,0.051744282245635986,0.999995622160746,0.9999892599778271,0.0021937614220632895,0.002958999587511413,0.012647867202758789
29,cr_mow_synergy,tree_scm,ok,0.1,4,1,0,False,0.7333530783653259,1.0,0.08270496356551432,0.9997274285208824,0.9997149144374508,0.017379982652755643,0.02334829668942423,0.10297530889511108,0.999983691481651,0.9999688863457548,0.004252835911188413,0.005711132784259317,0.025157928466796875
29,cr_mow_synergy,tree_scm,ok,0.1,5,1,0,False,0.7377349138259888,1.0,0.08211508364558426,0.9991725860592704,0.9991905085473141,0.0331610219887466,0.04067957603746205,0.10803496837615967,0.9999504919240378,0.9999183713611329,0.008114357303497854,0.009950686157777926,0.02647477388381958
29,cr_mow_synergy,tree_scm,ok,0.1,6,1,0,False,0.7229234576225281,1.0,0.08292124243847808,0.9988393956611569,0.998798358039482,0.03964069502939083,0.04817892341621008,0.13853001594543457,0.9999305634664939,0.9998916610042199,0.009696941755663602,0.011784441811270278,0.03390021622180939
29,cr_mow_synergy,tree_scm,ok,0.1,7,1,0,False,0.7261677384376526,1.0,0.08282102744086768,0.998644380990667,0.9986350672341034,0.041762537672639155,0.05206954897911205,0.16034001111984253,0.9999188922148435,0.9998766070917673,0.010217553652864808,0.012736387716014824,0.03916001319885254
29,cr_mow_synergy,tree_scm,ok,0.1,8,1,0,False,0.7284461855888367,1.0,0.08290553285359499,0.9998533215928501,0.9998188389600171,0.013974195388300359,0.017127661782333423,0.051091909408569336,0.9999912269545584,0.9999806657249122,0.00341634447420347,0.004188805403901901,0.01251271367073059
29,cr_mow_synergy,tree_scm,ok,0.1,9,1,0,False,0.736009955406189,1.0,0.08236995081598145,0.9998924731003489,0.9998798033938916,0.012069489969576352,0.0146647128129954,0.05072891712188721,0.9999935669767244,0.9999857731027822,0.0029506386903221937,0.0035869271922711393,0.012419924139976501
29,cr_mow_synergy,tree_scm,ok,0.2,0,1,0,False,0.7306030988693237,1.0,0.08219358241280457,0.9998280733212123,0.9998548141227379,0.012813650805469479,0.018543283543337737,0.0774800181388855,0.999989715852956,0.999980621021386,0.0031293783960109067,0.004535228208525121,0.019049763679504395
29,cr_mow_synergy,tree_scm,ok,0.2,1,1,0,False,0.7472996711730957,1.0,0.08179346598813636,0.9965787538998798,0.9968834936699805,0.06608927186735514,0.08271935888279552,0.24518373608589172,0.999795267875283,0.9996972900722408,0.01617608273687665,0.020235223499212803,0.06005895137786865
29,cr_mow_synergy,tree_scm,ok,0.2,2,1,0,False,0.7344813942909241,0.9999999403953552,0.08276362082243344,0.9999785652190265,0.9999706968385665,0.00527479771005801,0.006547485061195892,0.023576974868774414,0.9999987183953368,0.9999951831950504,0.0012891621571498035,0.0016010025918454357,0.005825161933898926
29,cr_mow_synergy,tree_scm,ok,0.2,3,1,0,False,0.7261064648628235,1.0,0.08343475451483731,0.9974326441021879,0.9971938255489592,0.059229229906407,0.07165690350917499,0.18015152215957642,0.9998464315609416,0.999775934750733,0.01449097668489685,0.01752532150559798,0.044074106961488724
29,cr_mow_synergy,tree_scm,ok,0.2,4,1,0,False,0.7419366836547852,1.0,0.08184718143223052,0.9992913612717129,0.9993436628281238,0.030329594572208407,0.03764674518526371,0.15667295455932617,0.999957605717264,0.9999304971926184,0.007413201798165403,0.009208070670056996,0.03851139545440674
29,cr_mow_synergy,tree_scm,ok,0.2,5,1,0,False,0.7296053767204285,1.0,0.0821799088955156,0.9989524124675366,0.9991210951469852,0.03144965027195212,0.045773081219265106,0.20344316959381104,0.9999373157664203,0.9999024010263927,0.007683437017135475,0.011196806079570267,0.049868226051330566
29,cr_mow_synergy,tree_scm,ok,0.2,6,1,0,False,0.736283004283905,1.0,0.08184974843116462,0.9994742793933359,0.9995231474858736,0.025921296797150717,0.03242593391327288,0.13035786151885986,0.9999685524483982,0.9999470598490807,0.006331257838269266,0.00793064341015269,0.03207266330718994
29,cr_mow_synergy,tree_scm,ok,0.2,7,1,0,False,0.7190312147140503,1.0,0.08255915958477815,0.9937250812846254,0.9939207451183749,0.08944775850419262,0.11202605724869835,0.34432142972946167,0.9996245363846533,0.999489519258279,0.021879813650571123,0.027403052059949837,0.08423125743865967
29,cr_mow_synergy,tree_scm,ok,0.2,8,1,0,False,0.7273119688034058,1.0,0.08290232700473543,0.9990905496612646,0.9990496924397396,0.03464470001893005,0.04264857077791345,0.12044823169708252,0.999945589616236,0.9999125151991988,0.008476383151332811,0.01043171946339487,0.029381990432739258
29,cr_mow_synergy,tree_scm,ok,0.2,9,1,0,False,0.725458562374115,1.0,0.08316493908397528,0.9983975498039078,0.998292738806237,0.04673169579655223,0.05661183871675259,0.14500534534454346,0.999904139083542,0.9998585468671768,0.011433065556843758,0.013846365503056015,0.035494014620780945
29,cr_mow_synergy,tree_scm,ok,0.3,0,1,0,False,0.7428744435310364,1.0,0.08099965998349745,0.992593537967041,0.9932075338852728,0.09509092964492538,0.12170835547493523,0.4364642798900604,0.9995567365160065,0.9993899645054001,0.023284251970665082,0.02977460323629695,0.10641449689865112
29,cr_mow_synergy,tree_scm,ok,0.3,1,1,0,False,0.7280206084251404,1.0,0.08303032257088132,0.9991350165310457,0.9990672944531864,0.03417035235722565,0.04159287148581847,0.10330724716186523,0.9999482542964311,0.9999144374508261,0.008360547464235424,0.010173072716099166,0.025236010551452637
29,cr_mow_synergy,tree_scm,ok,0.3,2,1,0,False,0.7228578925132751,1.0,0.08320544303597222,0.998813614994828,0.9989428174844431,0.03385811483991574,0.04871108613103218,0.24046671390533447,0.9999290330797137,0.9998980089049424,0.008272156519922191,0.011913599183191747,0.05896615982055664
29,cr_mow_synergy,tree_scm,ok,0.3,3,1,0,False,0.7280364036560059,1.0,0.08318598077212802,0.9989705468069617,0.9988646757206207,0.03749445434596055,0.045375172538062704,0.11309868097305298,0.9999384208860291,0.9998994841213074,0.009174027148986852,0.011097667680744947,0.02767246961593628
29,cr_mow_synergy,tree_scm,ok,0.3,4,1,0,False,0.720969557762146,1.0,0.08373675573911141,0.9980116288104133,0.9978321360238895,0.05253429359402162,0.06306141802339633,0.18661928176879883,0.9998810931004003,0.9998184701559256,0.01284251438244155,0.015421212657742578,0.04569394886493683
29,cr_mow_synergy,tree_scm,ok,0.3,5,1,0,False,0.7364913821220398,1.0,0.08241436952072022,0.9998893863941726,0.9998885764609112,0.010288356624300832,0.01487370864493153,0.07741683721542358,0.9999933818971662,0.9999865665903724,0.0025144839083850457,0.0036381596700223173,0.01897895336151123
29,cr_mow_synergy,tree_scm,ok,0.3,6,1,0,False,0.7130293250083923,1.0,0.08306845454735381,0.9893055959932595,0.9885418492060651,0.12042335874696164,0.1462491286707973,0.41223353147506714,0.9993601757831257,0.9991626135469565,0.029457728026827112,0.03577217473425117,0.10085003077983856
29,cr_mow_synergy,tree_scm,ok,0.3,7,1,0,False,0.7425965070724487,1.0,0.08187053098655561,0.9975965993850592,0.9977813304663472,0.055579077367383434,0.06933109769513096,0.20841723680496216,0.9998561815955975,0.9997838137472281,0.013604103453303651,0.016959858864285124,0.05093306303024292
29,cr_mow_synergy,tree_scm,ok,0.3,8,1,0,False,0.7345870137214661,1.0,0.08291270189188331,0.9996920877054373,0.999761014948859,0.01653974048656437,0.024815813242516326,0.10665470361709595,0.9999815803355618,0.9999665841141548,0.004035635105537949,0.006069541137996466,0.0261685848236084
29,cr_mow_synergy,tree_scm,ok,0.3,9,1,0,False,0.7380859851837158,1.0,0.08214940007850322,0.9952765066556519,0.9959083756526713,0.06865237287624382,0.09719560944875633,0.4507303833961487,0.9997173450199928,0.9996251385809312,0.016786835476807482,0.023776248161402863,0.11037170886993408
30,cr_mow_synergy,tree_scm,ok,0.0,0,0,0,False,0.7382569909095764,1.0,-0.05269556654113458,1.0,1.0,0.0,0.0,0.0,1.0,1.0,0.0,0.0,0.0
30,cr_mow_synergy,tree_scm,ok,0.1,0,1,0,False,0.7453063726425171,1.0,-0.051989047856903836,0.9994328638058606,0.9994184741792432,0.027564249643702965,0.03367896053278491,0.09464240074157715,0.9999638111364831,0.9999055414491095,0.006953481124725158,0.008507509981479554,0.02389509230852127
30,cr_mow_synergy,tree_scm,ok,0.1,1,1,0,False,0.7347778081893921,1.0,-0.052932864946782204,0.9999259431977158,0.9998998641012802,0.010128847498435789,0.01217019308542489,0.04136192798614502,0.9999952730717723,0.9999813809813316,0.0025603547491357403,0.0030747123599766334,0.010404884815216064
30,cr_mow_synergy,tree_scm,ok,0.1,2,1,0,False,0.7435561418533325,1.0,-0.05247269465270283,0.9996243145736393,0.9995591450003576,0.022998466614197355,0.027411144947821466,0.07642179727554321,0.9999760160982035,0.9999371021386166,0.005811229249871985,0.00692587918615308,0.019304558634757996
30,cr_mow_synergy,tree_scm,ok,0.1,3,1,0,False,0.7373533844947815,1.0,-0.05269455311123878,0.9999637844057395,0.9999561458407838,0.006026957579763348,0.008510651263831444,0.03731954097747803,0.9999976877069412,0.9999907463700737,0.0015228867032703874,0.002150485074408555,0.009430170059204102
30,cr_mow_synergy,tree_scm,ok,0.1,4,1,0,False,0.7440712451934814,1.0,-0.052063249276947846,0.9996719776697881,0.999663538909949,0.02063378881234712,0.025613368702099352,0.07262933254241943,0.9999790719696982,0.9999423771547098,0.005204937948690258,0.006469625932369717,0.018335692584514618
30,cr_mow_synergy,tree_scm,ok,0.1,5,1,0,False,0.7357564568519592,1.0,-0.052806923852032686,0.9999230003478038,0.9999011716794218,0.010296505315182003,0.012409645434245204,0.043411314487457275,0.9999950839676608,0.9999807663078463,0.0026031243004069893,0.0031356123439075004,0.010947346687316895
30,cr_mow_synergy,tree_scm,ok,0.1,6,1,0,False,0.7450329065322876,1.0,-0.05216803822504438,0.9992860256773968,0.999233166887204,0.03150417879601264,0.03778820729866801,0.10577106475830078,0.9999544286836499,0.9998852907517346,0.007952228766811231,0.009546864980214589,0.02671162039041519
30,cr_mow_synergy,tree_scm,ok,0.1,7,1,0,False,0.743140697479248,1.0,-0.05231843559730212,0.9998738561322058,0.9998418501001358,0.013061684108606642,0.015883568176772885,0.055399179458618164,0.9999919510845974,0.9999752007188326,0.003296548308725278,0.004012210179924157,0.013988986611366272
30,cr_mow_synergy,tree_scm,ok,0.1,8,1,0,False,0.7425363063812256,1.0,-0.052384180548052744,0.9992924935475448,0.9992462426686216,0.03082856135347356,0.037616656437362866,0.10807138681411743,0.9999548335905758,0.999882798530148,0.007783859493514456,0.0095043579070898,0.027367353439331055
30,cr_mow_synergy,tree_scm,ok,0.1,9,1,0,False,0.7348313331604004,1.0,-0.05280169444531333,0.9998050950689644,0.9997598638330589,0.01713011954348076,0.019743602924342706,0.0489005446434021,0.9999875557270762,0.9999581910271081,0.0043297527865036045,0.0049888420657014515,0.012354683130979538
30,cr_mow_synergy,tree_scm,ok,0.2,0,1,0,False,0.7294186949729919,1.0,-0.05402156377556536,0.9986774349010658,0.9989257519133108,0.03767618405709072,0.05143082965003685,0.17730414867401123,0.9999155831612456,0.9997917821507759,0.009493387953313004,0.012993601314250994,0.045079827308654785
30,cr_mow_synergy,tree_scm,ok,0.2,1,1,0,False,0.7302399277687073,1.0,-0.053446607418965675,0.9929000323854967,0.9929321713396753,0.09809061899932203,0.11916347817014539,0.34162604808807373,0.9995466142482788,0.9988700289678849,0.024778407089030452,0.03011264628244714,0.08648800849914551
30,cr_mow_synergy,tree_scm,ok,0.2,2,1,0,False,0.7376783490180969,1.0,-0.05275417729752584,0.998274948262308,0.9982684871432658,0.0460258809091556,0.05873757986112997,0.2169228196144104,0.9998898574084445,0.9997133609899147,0.01162883846112095,0.014842007296763085,0.054824888706207275
30,cr_mow_synergy,tree_scm,ok,0.2,3,1,0,False,0.7514128088951111,1.0,-0.05168614623913775,0.9986154282899722,0.998506008153923,0.04410321612073176,0.05262264995192231,0.16741091012954712,0.9999116512555645,0.9997907539696731,0.011135913793172136,0.013292760663101238,0.042269498109817505
30,cr_mow_synergy,tree_scm,ok,0.2,4,1,0,False,0.7351787686347961,1.0,-0.052689148455819075,0.9994135393966266,0.9993035414133467,0.028530637554240457,0.03424793759419415,0.0878981351852417,0.9999625557092626,0.9998874476968742,0.007209105719795161,0.0086538189324544,0.022211670875549316
30,cr_mow_synergy,tree_scm,ok,0.2,5,1,0,False,0.7362805008888245,1.0,-0.052909820420530926,0.9999064968553313,0.9998921415671268,0.00955355950509329,0.01367502398937249,0.06468677520751953,0.9999940310994585,0.999982073885988,0.002416839900178047,0.003455112324428754,0.016303420066833496
30,cr_mow_synergy,tree_scm,ok,0.2,6,1,0,False,0.7238052487373352,1.0,-0.05384895764017474,0.9935880316727491,0.9931751908840567,0.09467532394863554,0.11324282092062299,0.3308873772621155,0.9995905324308002,0.9989561726628995,0.02391210902717944,0.0286170426878955,0.08360836375504732
30,cr_mow_synergy,tree_scm,ok,0.2,7,1,0,False,0.7282395958900452,1.0,-0.05358217590747748,0.9981595642342951,0.9980321731278161,0.05073449499491289,0.060670186644845095,0.18021076917648315,0.9998824901716503,0.9996840466525998,0.012806477208442857,0.015330350494235295,0.04552697017788887
30,cr_mow_synergy,tree_scm,ok,0.2,8,1,0,False,0.7354692816734314,1.0,-0.05285676758440153,0.9969169950412543,0.9969023138545168,0.06383763384053509,0.07852394453398104,0.24854367971420288,0.9998031492492321,0.9994890833988984,0.01612838374919079,0.019841912720337942,0.06283700466156006
30,cr_mow_synergy,tree_scm,ok,0.2,9,1,0,False,0.7553315162658691,1.0,-0.05146082347242136,0.9973198474779799,0.9970744447822043,0.06141576501508439,0.0732141038969415,0.22262364625930786,0.9998289767659104,0.9995949413489735,0.015506717058599406,0.018494498271924363,0.056209295988082886
30,cr_mow_synergy,tree_scm,ok,0.3,0,1,0,False,0.7329038977622986,1.0,-0.053775547419489124,0.9994900479636115,0.999451420678063,0.02739533737064903,0.03193593621221276,0.07878875732421875,0.9999674677105498,0.9999139792396824,0.006907305915461848,0.008066261605855616,0.02014601230621338
30,cr_mow_synergy,tree_scm,ok,0.3,1,1,0,False,0.7318915724754333,1.0,-0.05275263872830915,0.9919955847702419,0.9912238707889277,0.10530701030756973,0.1265260084385924,0.32022637128829956,0.9994889269288673,0.9986668067377155,0.02660873290088972,0.03197102044112808,0.08091523917391896
30,cr_mow_synergy,tree_scm,ok,0.3,2,1,0,False,0.7301438450813293,1.0,-0.05322374427890931,0.9973689711039168,0.9971354092160788,0.06050195586567497,0.07254004360809885,0.19865012168884277,0.9998320006592477,0.9995601061261711,0.015282180498815023,0.01833026670528048,0.05019048973917961
30,cr_mow_synergy,tree_scm,ok,0.3,3,1,0,False,0.7167040705680847,1.0,-0.054456816250209504,0.9911905646944372,0.9902989883592017,0.11062136637214337,0.13273609185429172,0.424048513174057,0.9994373848185368,0.9985645474215005,0.02794350191803119,0.03354445348405164,0.10715833120048046
30,cr_mow_synergy,tree_scm,ok,0.3,4,1,0,False,0.7340013384819031,1.0,-0.0530410948687972,0.9989627469020437,0.9988823783170016,0.037514665892217636,0.04554674655047621,0.12799108028411865,0.9999337714677958,0.9998097976718402,0.009473641646650321,0.011508999093862198,0.03241246938705444
30,cr_mow_synergy,tree_scm,ok,0.3,5,1,0,False,0.7190768122673035,1.0,-0.05426225994108962,0.9971533958457464,0.9969016991810313,0.06149672295083519,0.07545335075530016,0.2645658850669861,0.9998182548204705,0.9995396095594018,0.015530671322807166,0.019065423215299908,0.06684333644807339
30,cr_mow_synergy,tree_scm,ok,0.3,6,1,0,False,0.7233378291130066,1.0,-0.05404586587181386,0.9951135406864031,0.9949114534904513,0.08270594129544406,0.0988580710691191,0.29544663429260254,0.9996879608965746,0.9992276571775981,0.02088043097198522,0.02498155712399825,0.07464999705553055
30,cr_mow_synergy,tree_scm,ok,0.3,7,1,0,False,0.7441054582595825,1.0,-0.05294705911509235,0.9980533803182624,0.9983667231421213,0.04722958888373796,0.062395827405829205,0.2479548454284668,0.999875706450089,0.9996890310957728,0.011930523419977135,0.015766644939281056,0.06270748376846313
30,cr_mow_synergy,tree_scm,ok,0.3,8,1,0,False,0.7470575571060181,1.0,-0.051870736081055614,0.9982081927725963,0.9982519244868034,0.048238115019785255,0.059863298207703065,0.18728262186050415,0.9998856409583917,0.9997103770295399,0.012175581813295366,0.01512342813051404,0.047477006912231445
30,cr_mow_synergy,tree_scm,ok,0.3,9,1,0,False,0.7557153701782227,1.0,-0.05171056631676877,0.994017634868561,0.9936507246441598,0.09094698287003666,0.10938340946081462,0.2777675986289978,0.9996181609525454,0.9991349532401115,0.022964457539046634,0.027634725639190033,0.07014855742454529
31,cr_mow_synergy,tree_scm,ok,0.0,0,0,0,False,0.7317003607749939,0.9999999403953552,-0.021322999349547855,1.0,1.0,0.0,0.0,0.0,1.0,1.0,0.0,0.0,0.0
31,cr_mow_synergy,tree_scm,ok,0.1,0,1,0,False,0.7326709032058716,1.0,-0.02144634183864814,0.9999433694601795,0.9999469033864424,0.007267286765454628,0.01064241896462696,0.043859124183654785,0.9999964399694491,0.999990735194192,0.0018237981130369008,0.0026683442074067042,0.011045098304748535
31,cr_mow_synergy,tree_scm,ok,0.1,1,1,0,False,0.7340303659439087,1.0,-0.021840506782521755,0.9998704176620686,0.9998652635712376,0.01249025799404535,0.01609859260561469,0.05452066659927368,0.9999918600675303,0.9999823085795008,0.0031289196900274874,0.004034831448420436,0.013777732849121094
31,cr_mow_synergy,tree_scm,ok,0.1,2,1,0,False,0.7311080694198608,1.0,-0.021236511626348067,0.999849971085163,0.9998827538259666,0.011850995895223093,0.017322177610483297,0.07357263565063477,0.9999905680799568,0.9999840296652599,0.0029724445041665604,0.004343252151526155,0.018480420112609863
31,cr_mow_synergy,tree_scm,ok,0.1,3,1,0,False,0.7420594096183777,1.0,-0.023755047093317834,0.9981151871226779,0.9981590417249248,0.05001586631307475,0.061397279951216965,0.15990638732910156,0.9998816073787697,0.9998311212538444,0.01252540271158864,0.015387827349448088,0.04072988033294678
31,cr_mow_synergy,tree_scm,ok,0.1,4,1,0,False,0.7330601215362549,1.0,-0.02154784476768753,0.9999813946212843,0.9999698809990448,0.005260698654808493,0.006100062060307096,0.01623523235321045,0.999998831718241,0.9999957866926542,0.0013175483807117416,0.0015285821858433077,0.004006236791610718
31,cr_mow_synergy,tree_scm,ok,0.1,5,1,0,False,0.7303324341773987,1.0,-0.02086988633766146,0.9998948663792192,0.9998688510292364,0.012577531819374599,0.014500594939671934,0.03927212953567505,0.9999933970711274,0.999984476700522,0.003148360180830423,0.0036339864367448435,0.009747922420501709
31,cr_mow_synergy,tree_scm,ok,0.1,6,1,0,False,0.7322617173194885,0.9999999403953552,-0.021583664200637356,0.9999738287719092,0.9999622255201378,0.006373193353738316,0.007234808642072898,0.014288902282714844,0.9999983565281492,0.9999949596774191,0.0015954405798765947,0.0018129929628373292,0.003634333610534668
31,cr_mow_synergy,tree_scm,ok,0.1,7,1,0,False,0.7372838854789734,1.0,-0.02220730587538813,0.9996511529696863,0.9996579062637347,0.020746231155442274,0.02641389890838608,0.07825875282287598,0.9999780864878647,0.9999599344646304,0.005196686384579152,0.006620198130413795,0.01977407932281494
31,cr_mow_synergy,tree_scm,ok,0.1,8,1,0,False,0.7304031848907471,1.0,-0.021069946203100525,0.9999763563026501,0.9999610520525682,0.005963363290732104,0.006876583219602245,0.01741039752960205,0.9999985155140263,0.9999950043809455,0.0014932657281860884,0.0017230704761199086,0.004302978515625
31,cr_mow_synergy,tree_scm,ok,0.1,9,1,0,False,0.7322812080383301,1.0,-0.02068156337545798,0.9997233168767892,0.9997230169500293,0.017172658017557296,0.023523738286438133,0.10123199224472046,0.9999826198603917,0.9999720044167082,0.004305026475265095,0.005895784761459972,0.025583386421203613
31,cr_mow_synergy,tree_scm,ok,0.2,0,1,0,False,0.7278421521186829,1.0,-0.016841279215401614,0.9926813798541054,0.9930095084009632,0.09658140927498948,0.12098446355329573,0.40504980087280273,0.9995409763830397,0.9994335504434589,0.024181457239080828,0.030299293709730394,0.10249853134155273
31,cr_mow_synergy,tree_scm,ok,0.2,1,1,0,False,0.7348461151123047,1.0,-0.02136086325113117,0.9996314298857373,0.9997153167675958,0.01839831778545431,0.02715032705314893,0.12722337245941162,0.9999768277574771,0.9999634436914383,0.004612988422422859,0.0068076782425533265,0.031885504722595215
31,cr_mow_synergy,tree_scm,ok,0.2,2,1,0,False,0.7159969210624695,1.0,-0.016758950038076068,0.9943010066402745,0.9938903243346455,0.0879064215673111,0.10676135463467562,0.3113887310028076,0.9996427206859726,0.9995528641549245,0.021980434968213558,0.026731229044089852,0.0792461633682251
31,cr_mow_synergy,tree_scm,ok,0.2,3,1,0,False,0.7189862728118896,1.0,-0.01701594752557556,0.9954887746029917,0.9948119434121082,0.07828062703708838,0.09498658295024093,0.2711995244026184,0.9997172274577231,0.9996371191259565,0.019542472459988858,0.023781191633636553,0.06911396980285645
31,cr_mow_synergy,tree_scm,ok,0.2,4,1,0,False,0.736365020275116,1.0,-0.022676265610434693,0.9993644365638887,0.9993399747835231,0.028731654502990978,0.03565286692567994,0.10619956254959106,0.9999600833549113,0.9999325535548242,0.007196433227363741,0.008934947554806111,0.02688729763031006
31,cr_mow_synergy,tree_scm,ok,0.2,5,1,0,False,0.7209754586219788,1.0,-0.016688388338251398,0.9946258657539443,0.9939214491649462,0.08544221472399727,0.10367385817556297,0.2816393971443176,0.9996631470590296,0.9995685215649809,0.02134772340264135,0.0259558442725681,0.07181322574615479
31,cr_mow_synergy,tree_scm,ok,0.2,6,1,0,False,0.7224104404449463,1.0,-0.019347142266910252,0.9986419469364002,0.998587145046107,0.0421141586940621,0.05211627639852097,0.14825022220611572,0.9999147762607892,0.9998834020277518,0.010538915561880913,0.013055553492080237,0.03769826889038086
31,cr_mow_synergy,tree_scm,ok,0.2,7,1,0,False,0.7314783334732056,1.0,-0.021406052095399676,0.9999579726996016,0.9999587051174288,0.006137532065849882,0.009168129836201945,0.042302489280700684,0.9999973578780518,0.9999926239181746,0.0015398944153730554,0.002298748268567376,0.010639190673828125
31,cr_mow_synergy,tree_scm,ok,0.2,8,1,0,False,0.7483012080192566,1.0,-0.023820079831012135,0.9979617877528935,0.9980921093699266,0.05202625904983904,0.06384688506970557,0.19259029626846313,0.999871964976939,0.9998162126278521,0.013025174717483878,0.016002188587086963,0.04900813102722168
31,cr_mow_synergy,tree_scm,ok,0.2,9,1,0,False,0.7311303019523621,1.0,-0.017901406959059857,0.9964457529535002,0.9961248748084726,0.06820645925532176,0.0843118863524431,0.2597118616104126,0.9997770783084875,0.9997088235820041,0.017074098566510543,0.02111500350412646,0.06582760810852051
31,cr_mow_synergy,tree_scm,ok,0.3,0,1,0,False,0.7318996787071228,1.0,-0.019118633112013634,0.9983127510262686,0.9981799853270731,0.04625197514417323,0.058090429884001496,0.20056885480880737,0.9998941239236881,0.9998553505650526,0.01158558102566154,0.014551706085752548,0.05079329013824463
31,cr_mow_synergy,tree_scm,ok,0.3,1,1,0,False,0.7222651243209839,1.0,-0.017880839764396264,0.9971955681521809,0.9965639193177566,0.06063431137769726,0.07489234722452057,0.20625156164169312,0.9998241850712226,0.9997693186288533,0.015160834934249579,0.018751795737010274,0.05286288261413574
31,cr_mow_synergy,tree_scm,ok,0.3,2,1,0,False,0.7302650809288025,1.0,-0.016948422543421108,0.992379365050623,0.9929583340390435,0.09735446813544968,0.12345554080207943,0.4399682283401489,0.999521968646823,0.9994097793433946,0.024377945005710444,0.030920263124901707,0.1112968921661377
31,cr_mow_synergy,tree_scm,ok,0.3,3,1,0,False,0.7551349997520447,1.0,-0.026190822997697052,0.9938256160459514,0.9935992373220757,0.09197807278260939,0.1111250098517999,0.3038855791091919,0.9996120606597825,0.9994914191581432,0.023000479909967453,0.027854598060683532,0.07763051986694336
31,cr_mow_synergy,tree_scm,ok,0.3,4,1,0,False,0.7320966720581055,1.0,-0.020588308286099838,0.9992782531349675,0.9994322652139078,0.026187131284018506,0.03799333904033663,0.1687617301940918,0.9999546478336585,0.9999352245905156,0.006574695851668366,0.00952388203427998,0.04259073734283447
31,cr_mow_synergy,tree_scm,ok,0.3,5,1,0,False,0.7161337733268738,1.0,-0.016202915801214964,0.9928164770878495,0.9923762605968383,0.09866672025975731,0.1198626148108848,0.34218138456344604,0.9995497126974185,0.9994373837708317,0.024673208919409717,0.030009574616229485,0.08709955215454102
31,cr_mow_synergy,tree_scm,ok,0.3,6,1,0,False,0.7159565091133118,1.0,-0.016764614585916434,0.9949578502427209,0.994235212041315,0.0827027831017233,0.1004206136175678,0.29939886927604675,0.999683968648511,0.9995971877011658,0.020640231258539643,0.02514085695370127,0.07624173164367676
31,cr_mow_synergy,tree_scm,ok,0.3,7,1,0,False,0.7423779964447021,1.0,-0.024731332014392003,0.9969214089504213,0.9967911249910097,0.06462069925089509,0.0784677152692697,0.19410377740859985,0.9998066337053407,0.9997271185001071,0.016161354075777012,0.019665517248447922,0.049892306327819824
31,cr_mow_synergy,tree_scm,ok,0.3,8,1,0,False,0.7144325375556946,1.0,-0.015597872782166221,0.9923179484036002,0.9911447678498093,0.1016122672918982,0.12395202148926182,0.36434343457221985,0.9995186748950485,0.9993960777126099,0.025352995279888546,0.031026604467451785,0.09280216693878174
31,cr_mow_synergy,tree_scm,ok,0.3,9,1,0,False,0.7513011693954468,1.0,-0.025734047385034858,0.994631241240171,0.9945269249032554,0.0855462636267248,0.10362199662500475,0.2752484083175659,0.9996626818653112,0.9995446610578641,0.02139505334844216,0.025973761065836907,0.07030749320983887
32,fe_ni_cr_threshold,mlp_scm,ok,0.0,0,0,0,False,0.6412429809570312,1.0,-0.03792952432972736,1.0,1.0,0.0,0.0,0.0,1.0,1.0,0.0,0.0,0.0
32,fe_ni_cr_threshold,mlp_scm,ok,0.1,0,1,0,False,0.6498945355415344,1.0,-0.03929387954197554,0.9989851156359403,0.9989683096702667,0.03636079368320111,0.0450529553256715,0.12520694732666016,0.9999357073140446,0.9999123475609755,0.009158191172673469,0.011339549289618365,0.031233131885528564
32,fe_ni_cr_threshold,mlp_scm,ok,0.1,1,1,0,False,0.6427652835845947,1.0,-0.038288623581186315,0.9997792912767921,0.9997464974787211,0.015094267821922358,0.021009937168199593,0.07643827795982361,0.9999860132643347,0.9999764747693297,0.003804159296578291,0.0052889954430867135,0.019368648529052734
32,fe_ni_cr_threshold,mlp_scm,ok,0.1,2,1,0,False,0.6339418888092041,1.0,-0.036295881574246555,0.9987698646290452,0.9988401223088477,0.03694657703961468,0.04960111623677618,0.18164056539535522,0.9999221411676991,0.9999033174486803,0.00932853799091049,0.012478688747005485,0.0453532338142395
32,fe_ni_cr_threshold,mlp_scm,ok,0.1,3,1,0,False,0.6362032890319824,1.0,-0.03670831036255146,0.9991605835193467,0.999190486195551,0.02981886075369289,0.04097356340485644,0.15657323598861694,0.9999468555396811,0.9999310224590516,0.007524476645130562,0.010309652168084937,0.03982388973236084
32,fe_ni_cr_threshold,mlp_scm,ok,0.1,4,1,0,False,0.6415570974349976,1.0,-0.037939260625641465,0.999967016068776,0.9999571516701236,0.007326013529095121,0.00812206021759437,0.019811153411865234,0.9999979093458345,0.9999941997174735,0.0018443216722516809,0.0020448247817804847,0.004985451698303223
32,fe_ni_cr_threshold,mlp_scm,ok,0.1,5,1,0,False,0.6389210820198059,1.0,-0.03738510050606052,0.9997994513299441,0.9997855907123951,0.01387580548592382,0.020027414946927717,0.07660031318664551,0.9999872990909698,0.9999795034332307,0.003499833801100749,0.005040021697453608,0.019181907176971436
32,fe_ni_cr_threshold,mlp_scm,ok,0.1,6,1,0,False,0.6405035257339478,1.0,-0.03774759212596338,0.9999711826164309,0.9999601132787352,0.005249091802170369,0.00759175653875054,0.0319516658782959,0.9999981745288931,0.9999953061297474,0.0013230098650183209,0.001910743953986751,0.008105754852294922
32,fe_ni_cr_threshold,mlp_scm,ok,0.1,7,1,0,False,0.6509991884231567,1.0,-0.03965371017624318,0.9979143446900277,0.9978837909484298,0.045022327341222024,0.06458568390177956,0.2610732913017273,0.9998678367543515,0.999845649899864,0.01136721121474693,0.016258121170859407,0.06634509563446045
32,fe_ni_cr_threshold,mlp_scm,ok,0.1,8,1,0,False,0.63555508852005,1.0,-0.03678569015881334,0.9993753888823548,0.9993590408411416,0.02812976946873391,0.035344338036561916,0.10527974367141724,0.9999604603596195,0.9999425336170515,0.007081150814428838,0.008892653229005757,0.02624690532684326
32,fe_ni_cr_threshold,mlp_scm,ok,0.1,9,1,0,False,0.641517162322998,1.0,-0.03784361832218294,0.9998594688581672,0.9998346751841783,0.014363512674293588,0.016764912210316795,0.05989736318588257,0.9999910929842931,0.9999847560975609,0.0036169317566248083,0.004220667238119842,0.015073001384735107
32,fe_ni_cr_threshold,mlp_scm,ok,0.2,0,1,0,False,0.6308879256248474,1.0,-0.035521986294665346,0.9974818180297889,0.997613893408912,0.053427233578105415,0.0709673439327981,0.2585708498954773,0.9998406571972014,0.9998067019526501,0.013487105499478957,0.01785176801077117,0.06453150510787964
32,fe_ni_cr_threshold,mlp_scm,ok,0.2,1,1,0,False,0.6350393891334534,1.0,-0.03674333002800058,0.9994233448112568,0.9994364338208998,0.026444173673993987,0.0339604233191285,0.11840909719467163,0.9999635025356517,0.9999444446927974,0.006656268722849745,0.008543707069200228,0.029541850090026855
32,fe_ni_cr_threshold,mlp_scm,ok,0.2,2,1,0,False,0.6360277533531189,1.0,-0.036924483074380066,0.9981607482008502,0.99810687272012,0.05341607023737538,0.06065066766207873,0.11261776089668274,0.9998834802083607,0.9998463651562836,0.01343431843270082,0.015265634099181621,0.028731107711791992
32,fe_ni_cr_threshold,mlp_scm,ok,0.2,3,1,0,False,0.6357060074806213,1.0,-0.036872326436820674,0.99952270006625,0.9995208229025103,0.024285266821635787,0.030896599030766508,0.1026993989944458,0.9999697884922747,0.9999535865639082,0.006114823982215967,0.007773224331130654,0.025616943836212158
32,fe_ni_cr_threshold,mlp_scm,ok,0.2,4,1,0,False,0.6374490857124329,1.0,-0.037168068027330255,0.9995378371240684,0.9994993428581646,0.025507252727635432,0.030402725586269354,0.07286404818296432,0.9999707293130646,0.99995439122738,0.006410968750486745,0.007651233524957344,0.018465161323547363
32,fe_ni_cr_threshold,mlp_scm,ok,0.2,5,1,0,False,0.657573401927948,1.0,-0.04044098248449175,0.9966233654643664,0.9965990786603246,0.06149293655923316,0.08217827654873947,0.2924039959907532,0.9997860340986134,0.9997569692797367,0.015489581248800732,0.02068651262273293,0.07310956716537476
32,fe_ni_cr_threshold,mlp_scm,ok,0.2,6,1,0,False,0.6312660574913025,1.0,-0.03577878387024571,0.9976507617412128,0.9976486280487804,0.05587649535007699,0.0685454349454865,0.17054468393325806,0.9998513144790239,0.9998169502360346,0.01405530458123394,0.017244450032350055,0.0424419641494751
32,fe_ni_cr_threshold,mlp_scm,ok,0.2,7,1,0,False,0.6345186829566956,1.0,-0.03650433602052624,0.9986832283275361,0.9986473271761677,0.0425643229064292,0.05131806046964098,0.12163121625781059,0.9999166284457295,0.9998924991953364,0.010703704940453918,0.01291290510857549,0.030843675136566162
32,fe_ni_cr_threshold,mlp_scm,ok,0.2,8,1,0,False,0.6458624601364136,1.0,-0.03859761652632204,0.999585042353653,0.9995771940490665,0.024931182040887734,0.028808250295044878,0.0579376220703125,0.9999737074801356,0.9999599791681568,0.006266537532486183,0.0072515544872994945,0.014856576919555664
32,fe_ni_cr_threshold,mlp_scm,ok,0.2,9,1,0,False,0.6458930373191833,1.0,-0.03883012887454887,0.9973944980865089,0.9974038650668765,0.0542973217917222,0.07218728324157334,0.2826416790485382,0.9998348407287216,0.9998054949574421,0.013679781456403362,0.018174668071215518,0.07111263275146484
32,fe_ni_cr_threshold,mlp_scm,ok,0.3,0,1,0,False,0.6807249188423157,1.0,-0.04277857500318958,0.9849821208029134,0.9851067184929547,0.12782727309942743,0.17330827221241812,0.61503666639328,0.9990476821281887,0.9989557591552821,0.03220238237281592,0.04364213362497393,0.1539609432220459
32,fe_ni_cr_threshold,mlp_scm,ok,0.3,1,1,0,False,0.6497089862823486,1.0,-0.039179357954630026,0.9990843738204048,0.9990824936520993,0.03578679995095513,0.04279313391931461,0.10130816698074341,0.999941993372806,0.9999214670803231,0.008998819311408113,0.010770945056776664,0.02523869276046753
32,fe_ni_cr_threshold,mlp_scm,ok,0.3,2,1,0,False,0.6213098764419556,1.0,-0.030962124527956193,0.9807304334133359,0.9826835526786352,0.15471035313569814,0.19631386529950523,0.6262281537055969,0.9987821707541393,0.9986645827372861,0.038943121426800786,0.04935239151793062,0.15586453676223755
32,fe_ni_cr_threshold,mlp_scm,ok,0.3,3,1,0,False,0.6632633209228516,1.0,-0.04113507147271475,0.994261679942345,0.9941387195121951,0.0761550576698653,0.10712908227004833,0.4131443500518799,0.9996363064679619,0.9996032226772048,0.019219326521877633,0.02697011446048029,0.10339128971099854
32,fe_ni_cr_threshold,mlp_scm,ok,0.3,4,1,0,False,0.672643780708313,1.0,-0.04171318608494296,0.9901318811504193,0.9901610556290679,0.11601633827768865,0.14048572016552996,0.34762072563171387,0.9993743699553626,0.9992918849688862,0.029203050690398413,0.035373155886505345,0.08676701784133911
32,fe_ni_cr_threshold,mlp_scm,ok,0.3,5,1,0,False,0.658905029296875,1.0,-0.040600380110597765,0.9935056893473294,0.9935103443959659,0.07661752380440134,0.11396763216855714,0.44317129254341125,0.9995883098651792,0.9995540935018954,0.019319244438065653,0.028694603856999002,0.11255967617034912
32,fe_ni_cr_threshold,mlp_scm,ok,0.3,6,1,0,False,0.6248974204063416,1.0,-0.030501860196983706,0.9763640757030312,0.9835939511658679,0.1663632385343874,0.2174208980924794,0.7769975066184998,0.9985062550886595,0.9984082527179742,0.04194947674022842,0.05465793558101676,0.19426584243774414
32,fe_ni_cr_threshold,mlp_scm,ok,0.3,7,1,0,False,0.6588123440742493,1.0,-0.04063954682644778,0.9954419269601995,0.995287491157887,0.07089047875072652,0.09547850930616862,0.3391941040754318,0.9997111207459355,0.9996890422716542,0.01785271085509521,0.024036608239428398,0.08637917041778564
32,fe_ni_cr_threshold,mlp_scm,ok,0.3,8,1,0,False,0.6313517093658447,0.9999999403953552,-0.03587074431114111,0.9968752162184316,0.9967939525069738,0.0674377835738369,0.0790542073299473,0.1627902388572693,0.9998021671247606,0.9997599085365854,0.01694597188793523,0.01989134864666334,0.04173731803894043
32,fe_ni_cr_threshold,mlp_scm,ok,0.3,9,1,0,False,0.6319727897644043,1.0,-0.03451258341386034,0.9929789620519084,0.9941228721121521,0.08587328305182496,0.11849926617020443,0.5025856494903564,0.9995557049857642,0.999506115442386,0.021668794666652502,0.029809227883938676,0.12759053707122803
33,fe_ni_cr_threshold,mlp_scm,ok,0.0,0,0,0,False,0.6387224793434143,1.0,0.024411912316329887,1.0,1.0,0.0,0.0,0.0,1.0,1.0,0.0,0.0,0.0
33,fe_ni_cr_threshold,mlp_scm,ok,0.1,0,1,0,False,0.6353524327278137,1.0,0.023813687113630973,0.9998414315524489,0.9998065901927536,0.014063036877217883,0.01780833749993089,0.05538809299468994,0.9999902572900812,0.9999808110113724,0.003484678528366203,0.004414229354418682,0.013925552368164062
33,fe_ni_cr_threshold,mlp_scm,ok,0.1,1,1,0,False,0.6469422578811646,1.0,0.021441181491869042,0.99845082784414,0.998525968270141,0.0389457822820134,0.05566277196583742,0.22097070515155792,0.9999049144027425,0.9998849890029324,0.009756829814762114,0.013790257386466812,0.055479347705841064
33,fe_ni_cr_threshold,mlp_scm,ok,0.1,2,1,0,False,0.638293445110321,0.9999999403953552,0.027038831667767115,0.9997812908292716,0.9997724366985353,0.01554766859743495,0.020914548295432746,0.08439671993255615,0.9999867548376551,0.9999752789500034,0.0038619094993919134,0.0051468752371291344,0.021483421325683594
33,fe_ni_cr_threshold,mlp_scm,ok,0.1,3,1,0,False,0.632993757724762,1.0,0.02563357394067478,0.9991155719022901,0.9991844400390733,0.030851319242543696,0.04205777179722238,0.15721386671066284,0.9999456684617802,0.999919120145197,0.007685707377561357,0.01042415833422521,0.038591623306274414
33,fe_ni_cr_threshold,mlp_scm,ok,0.1,4,1,0,False,0.6406701803207397,1.0,0.02677850430647077,0.9998625417862194,0.999849974965187,0.014403427858169948,0.01658060360569445,0.03528563678264618,0.9999917108974605,0.9999826326800656,0.0035239256526544693,0.004071634237361891,0.008676022291183472
33,fe_ni_cr_threshold,mlp_scm,ok,0.1,5,1,0,False,0.6389015913009644,0.9999999403953552,0.023139873196151826,0.9999599088655146,0.9999524466237238,0.0070763792180628116,0.008954455144271055,0.030608147382736206,0.9999975798963665,0.9999936520992774,0.001744091494742861,0.002200047107990692,0.007867693901062012
33,fe_ni_cr_threshold,mlp_scm,ok,0.1,6,1,0,False,0.635164201259613,1.0,0.02351383400909216,0.9997935092783299,0.9997628924956351,0.016189240372824543,0.020321944960651605,0.058219850063323975,0.999987321668374,0.9999757706887918,0.004010226032818309,0.005035540120076879,0.01472318172454834
33,fe_ni_cr_threshold,mlp_scm,ok,0.1,7,1,0,False,0.6383541226387024,1.0,0.029734978574026724,0.9991844559287321,0.9992768087006293,0.030884483340074098,0.040386730652425776,0.15420854091644287,0.9999507153686626,0.9999246075030397,0.007635529051029266,0.009928205502068325,0.039341509342193604
33,fe_ni_cr_threshold,mlp_scm,ok,0.1,8,1,0,False,0.6410030126571655,1.0,0.023129719689254466,0.99981565801044,0.9998081995197063,0.013363669582503235,0.01920114517034251,0.07943513989448547,0.9999887068808399,0.9999822638759743,0.0033522066578939302,0.004752498185368175,0.01998203992843628
33,fe_ni_cr_threshold,mlp_scm,ok,0.1,9,1,0,False,0.6302196383476257,1.0,0.024618571113655688,0.998390114345063,0.9985038847280678,0.04281746607085779,0.05674302688162941,0.2012542486190796,0.9999010026102897,0.9998626819433516,0.01062249535001314,0.014071062084849357,0.04984092712402344
33,fe_ni_cr_threshold,mlp_scm,ok,0.2,0,1,0,False,0.6297898292541504,1.0,0.028017528046353195,0.9970023559975332,0.9976041256750462,0.05645111692450655,0.07742924319913538,0.29790812730789185,0.999816181561916,0.9997650159144552,0.014119238060885664,0.01917385948156868,0.07268166542053223
33,fe_ni_cr_threshold,mlp_scm,ok,0.2,1,1,0,False,0.6385615468025208,0.9999999403953552,0.025351470140295245,0.9999797920775103,0.9999734349293987,0.005050927790080095,0.006357345633998075,0.020581722259521484,0.9999987826922685,0.9999959655067591,0.0012438691956120351,0.0015603254368464973,0.005162298679351807
33,fe_ni_cr_threshold,mlp_scm,ok,0.2,2,1,0,False,0.6357837319374084,1.0,0.022366959145027163,0.999784437766228,0.999758332735936,0.01726831229835568,0.020763536177727304,0.051469698548316956,0.9999868563396739,0.9999734125777839,0.004274592298799007,0.005127116364648261,0.012658290565013885
33,fe_ni_cr_threshold,mlp_scm,ok,0.2,3,1,0,False,0.6436372399330139,1.0,0.018745436701399974,0.9987153425735712,0.9988687996145929,0.03503393455770265,0.05068840903614155,0.19299280643463135,0.9999218075540347,0.9998970030756025,0.008803650694687803,0.01250539482760347,0.04861342906951904
33,fe_ni_cr_threshold,mlp_scm,ok,0.2,4,1,0,False,0.6479238271713257,1.0,0.02323428402164813,0.9988068117263481,0.9988321203711292,0.03536000287289198,0.04885055315684602,0.18718230724334717,0.9999266410939307,0.9999080001430513,0.008796107530937292,0.012112713023355898,0.04606139659881592
33,fe_ni_cr_threshold,mlp_scm,ok,0.2,5,1,0,False,0.6250694990158081,1.0,0.015260183876103355,0.9958037719183898,0.995563610857836,0.07764519879867748,0.09161034878283342,0.1949909939430654,0.999743775231064,0.9996326711250982,0.01921459574344908,0.02263734897225002,0.048164963722229004
33,fe_ni_cr_threshold,mlp_scm,ok,0.2,6,1,0,False,0.6422093510627747,1.0,0.02330136123086879,0.9994371725996284,0.9994589280719613,0.023770815484283503,0.0335507795678896,0.16726748645305634,0.9999654136465186,0.9999496638294828,0.005928009289803526,0.008317013231903203,0.041731178760528564
33,fe_ni_cr_threshold,mlp_scm,ok,0.2,7,1,0,False,0.6465137004852295,0.9999999403953552,0.0309175286828442,0.9988317803636256,0.9988815512955169,0.04329227699514604,0.0483367267428714,0.10147738456726074,0.9999294714541409,0.9998958184321578,0.010615843872471942,0.01187674584063281,0.026092886924743652
33,fe_ni_cr_threshold,mlp_scm,ok,0.2,8,1,0,False,0.6292305588722229,1.0,0.020506531347869183,0.9981075093589377,0.9980688970638103,0.04977241867339899,0.061522199412603014,0.15116870403289795,0.9998839439071601,0.9998332223195764,0.012330061469022269,0.015235228763770987,0.038752079010009766
33,fe_ni_cr_threshold,mlp_scm,ok,0.2,9,1,0,False,0.6328391432762146,1.0,0.025148430855667415,0.999026724171783,0.9991019061533393,0.032673307110428595,0.044119740952122004,0.16250181198120117,0.9999401722126117,0.9999083465953793,0.008122693226539468,0.010938719216703079,0.040450334548950195
33,fe_ni_cr_threshold,mlp_scm,ok,0.3,0,1,0,False,0.6317695379257202,0.9999999403953552,0.034692813978593404,0.9912214713358768,0.9939431750788076,0.09462437543658098,0.1325030446813482,0.5593692064285278,0.9994644623909513,0.9993716695872968,0.02372237982893921,0.032727285526136046,0.14059078693389893
33,fe_ni_cr_threshold,mlp_scm,ok,0.3,1,1,0,False,0.6541853547096252,1.0,0.01999876091161462,0.9963297407445887,0.9965738099729868,0.05964938702163636,0.08567682407677242,0.3418671190738678,0.9997746071349803,0.9997452569558686,0.014940350658054768,0.021231715253720106,0.08347845077514648
33,fe_ni_cr_threshold,mlp_scm,ok,0.3,2,1,0,False,0.6184894442558289,0.9999999403953552,0.020727398939584207,0.9865483950879567,0.9873505560411817,0.12897646419531839,0.16402197769464982,0.5235137343406677,0.9991724222314372,0.9990385500858308,0.031936674036330714,0.040683602837297855,0.13109838962554932
33,fe_ni_cr_threshold,mlp_scm,ok,0.3,3,1,0,False,0.6187093257904053,1.0,0.015995243867875465,0.9853026952065291,0.9848705496794229,0.13742071702533565,0.17144855777933476,0.4648471474647522,0.9990963616209103,0.9989278306272799,0.03406767687266665,0.04251207896303138,0.11816179752349854
33,fe_ni_cr_threshold,mlp_scm,ok,0.3,4,1,0,False,0.6477839350700378,1.0,0.017792961167027253,0.9973041516198691,0.9975467263470665,0.050094433232345636,0.07342817108450589,0.29380153119564056,0.9998352026743612,0.9998028239217509,0.01259951164041695,0.01815474242308831,0.07440817356109619
33,fe_ni_cr_threshold,mlp_scm,ok,0.3,5,1,0,False,0.6545192003250122,1.0,0.014990406500349374,0.994390096642424,0.9949372362209048,0.07146609738987308,0.10592358585894798,0.4235124886035919,0.9996567688232015,0.999630402421143,0.017997208257895636,0.02620042685502248,0.10340815782546997
33,fe_ni_cr_threshold,mlp_scm,ok,0.3,6,1,0,False,0.632289707660675,1.0,0.0286459749189588,0.9972459927142728,0.9978099183591231,0.053396597659116196,0.07421599974901975,0.31647223234176636,0.999831316969102,0.9997805392139332,0.013353422985510122,0.01836752780269021,0.0793154239654541
33,fe_ni_cr_threshold,mlp_scm,ok,0.3,7,1,0,False,0.6330075263977051,1.0,0.013766590913346569,0.9972183725745343,0.9973882299939886,0.06773910726775512,0.07458722951887262,0.25179505348205566,0.9998317472090603,0.9997565669480009,0.016593252559999883,0.01834408901917648,0.06419306993484497
33,fe_ni_cr_threshold,mlp_scm,ok,0.3,8,1,0,False,0.6344959735870361,1.0,0.02328394697867123,0.9993562258600904,0.999360225481011,0.02766523858363712,0.03588242223031998,0.14636868238449097,0.999960435295817,0.9999327658965739,0.006850146507730415,0.008895471480551552,0.03606337308883667
33,fe_ni_cr_threshold,mlp_scm,ok,0.3,9,1,0,False,0.6578750014305115,1.0,0.01838289909334255,0.9932518216872116,0.9936362965455142,0.08005391227464465,0.11617381607275142,0.4786461442708969,0.9995854458964455,0.9995399113082039,0.020056693461413033,0.028794239728287263,0.12017488479614258
34,fe_ni_cr_threshold,mlp_scm,ok,0.0,0,0,0,False,0.6383469700813293,1.0,-0.1356532366113316,1.0,1.0,0.0,0.0,0.0,1.0,1.0,0.0,0.0,0.0
34,fe_ni_cr_threshold,mlp_scm,ok,0.1,0,1,0,False,0.6321173906326294,1.0,-0.13668898721723888,0.9992122402435475,0.9992068253299502,0.033244751593358046,0.039692814611939846,0.09127578139305115,0.9999475677217039,0.9996624436735568,0.00857480427267987,0.010240339702738438,0.022420406341552734
34,fe_ni_cr_threshold,mlp_scm,ok,0.1,1,1,0,False,0.6364881992340088,1.0,-0.13546300683588264,0.9993287172623359,0.9993883551750387,0.0261587917220254,0.0366410346000009,0.15645447373390198,0.9999553050837535,0.9997792651634361,0.006754093088904511,0.009454619609907464,0.04034748673439026
34,fe_ni_cr_threshold,mlp_scm,ok,0.1,2,1,0,False,0.6320884823799133,1.0,-0.13577705501426712,0.998300238605385,0.9985654191322454,0.04290110466047281,0.058305424982396714,0.21744927763938904,0.9998868158845291,0.9994640606001001,0.011066665562740496,0.015045538465261398,0.056127846240997314
34,fe_ni_cr_threshold,mlp_scm,ok,0.1,3,1,0,False,0.6397565603256226,1.0,-0.13504961234571367,0.9998254449913055,0.9998151620939533,0.01703505195013122,0.018684485297332607,0.04628753662109375,0.9999883909975239,0.9999141804055501,0.004394411096772188,0.0048185064870514185,0.01192067563533783
34,fe_ni_cr_threshold,mlp_scm,ok,0.1,4,1,0,False,0.6385452747344971,1.0,-0.13538730800222035,0.9999940293915281,0.999989114691306,0.0028571394631171643,0.003455606490511923,0.011848986148834229,0.9999996048328446,0.99999388679279,0.0007357240272121146,0.000889007500936158,0.0030888915061950684
34,fe_ni_cr_threshold,mlp_scm,ok,0.1,5,1,0,False,0.6420025825500488,1.0,-0.13471465265526714,0.9995272617513848,0.9995058360425858,0.02787062603238155,0.030748600442122905,0.07250499725341797,0.9999685591257043,0.9997854454259352,0.007188488409273219,0.007929801229343213,0.018671229481697083
34,fe_ni_cr_threshold,mlp_scm,ok,0.1,6,1,0,False,0.6292577385902405,1.0,-0.1357101988876189,0.9971596102763212,0.9977053791624871,0.056727183501607215,0.07537094597528841,0.2670632600784302,0.9998108659543484,0.9991220227451542,0.014636507767139761,0.01944911536443269,0.06892216205596924
34,fe_ni_cr_threshold,mlp_scm,ok,0.1,7,1,0,False,0.6427161693572998,1.0,-0.1349096980310501,0.9996644111956259,0.9996535923734307,0.022271133794333764,0.025907094781706004,0.05104935169219971,0.9999776771136125,0.9998359045311492,0.005744967977140192,0.006681749327248268,0.013618707656860352
34,fe_ni_cr_threshold,mlp_scm,ok,0.1,8,1,0,False,0.6451194882392883,0.9999999403953552,-0.1349128549409981,0.9992791435749601,0.9993527711679734,0.02996428835564302,0.03796989293008849,0.1208658218383789,0.99995202829073,0.9997298677669693,0.007719250232081976,0.009795070953263308,0.03127646446228027
34,fe_ni_cr_threshold,mlp_scm,ok,0.1,9,1,0,False,0.6329360008239746,1.0,-0.13599878759772793,0.9994311096193339,0.9994844230534096,0.026728081044666396,0.033731004731830744,0.10942584276199341,0.9999621202181016,0.9997945761211643,0.006891613728559065,0.008703997136929905,0.02828294038772583
34,fe_ni_cr_threshold,mlp_scm,ok,0.2,0,1,0,False,0.6308079361915588,1.0,-0.13599358278419138,0.998563727638066,0.9987670990918875,0.041314387482458415,0.05359612458427554,0.1831190586090088,0.9999043592400642,0.9995252820792504,0.010655996650431376,0.013830456370908337,0.047299981117248535
34,fe_ni_cr_threshold,mlp_scm,ok,0.2,1,1,0,False,0.6352814435958862,1.0,-0.1355788653619131,0.9996935035925762,0.9997289625190491,0.01786093584507853,0.024758691081217903,0.09099751710891724,0.999979592067719,0.9998937844217152,0.0046111759471649805,0.006388729485089657,0.023471415042877197
34,fe_ni_cr_threshold,mlp_scm,ok,0.2,2,1,0,False,0.6221122741699219,0.9999999403953552,-0.13584393907682304,0.9905011475955364,0.9927204218712025,0.10854227980462383,0.1378321606325522,0.45853638648986816,0.9993674757375263,0.9969030263083128,0.028006264753006604,0.03556752005234117,0.11835223436355591
34,fe_ni_cr_threshold,mlp_scm,ok,0.2,3,1,0,False,0.6255525946617126,0.9999999403953552,-0.13705151959161643,0.9964136550610252,0.9967142013978467,0.07132260043727001,0.08469173309688428,0.1809234395623207,0.9997611772014373,0.9985964210356911,0.01840397124729165,0.02185510420611038,0.0463719367980957
34,fe_ni_cr_threshold,mlp_scm,ok,0.2,4,1,0,False,0.6390510201454163,1.0,-0.13527127174134124,0.9999705669526768,0.9999623708065989,0.0059345207165790725,0.007672424197270111,0.037921398878097534,0.999998045234675,0.9999838396752735,0.001527270396248781,0.0019772532895902654,0.009829729795455933
34,fe_ni_cr_threshold,mlp_scm,ok,0.2,5,1,0,False,0.6236632466316223,1.0,-0.1358703972322716,0.9961573002547932,0.9967679462125381,0.07122625270787353,0.08766640789318625,0.2572009563446045,0.9997441156844558,0.9986389005614762,0.018376630889125778,0.022622304251403384,0.06640028953552246
34,fe_ni_cr_threshold,mlp_scm,ok,0.2,6,1,0,False,0.646970808506012,1.0,-0.13427553969027542,0.9989721096617961,0.9990034689880656,0.038458019871768556,0.04534071772224313,0.10134503245353699,0.9999316442514213,0.9995592232315283,0.009914604522240467,0.011692369181325381,0.02513265609741211
34,fe_ni_cr_threshold,mlp_scm,ok,0.2,7,1,0,False,0.6468472480773926,1.0,-0.13473192487611504,0.9991376588305396,0.999188262190586,0.034314466645895436,0.0415292937180903,0.09513890743255615,0.9999426218279056,0.9996327381803876,0.008843692989383811,0.010712438897881902,0.024660855531692505
34,fe_ni_cr_threshold,mlp_scm,ok,0.2,8,1,0,False,0.6383004188537598,1.0,-0.13570132872474203,0.999085230475179,0.999122894459014,0.033595928039858336,0.04277311028911213,0.19454419612884521,0.9999390881299075,0.9996942837601028,0.008669793780423873,0.011037379394500307,0.05019572377204895
34,fe_ni_cr_threshold,mlp_scm,ok,0.2,9,1,0,False,0.6408973336219788,1.0,-0.13653563616519956,0.9992292062265907,0.9993048489876039,0.029371181947453806,0.039263055221055755,0.12874829769134521,0.9999486899523299,0.999751951308919,0.00759072195955568,0.010130157689587175,0.033118367195129395
34,fe_ni_cr_threshold,mlp_scm,ok,0.3,0,1,0,False,0.6540932655334473,1.0,-0.13528076127941033,0.9958687014012738,0.9964663873988938,0.0638773882831174,0.09089882852358706,0.3393958508968353,0.9997249429064831,0.9988003138187539,0.016470513453977986,0.023454513338964797,0.08761760592460632
34,fe_ni_cr_threshold,mlp_scm,ok,0.3,1,1,0,False,0.6236844062805176,0.9999999403953552,-0.1361027286948578,0.9956799558470957,0.9964044841906229,0.07552888399527546,0.09295207487825005,0.2774214744567871,0.9997123171304169,0.9984845616372219,0.019484397551824628,0.023986782216532925,0.07165205478668213
34,fe_ni_cr_threshold,mlp_scm,ok,0.3,2,1,0,False,0.623632550239563,1.0,-0.13668762723942798,0.9869398449384982,0.9899143144597707,0.1266999465894969,0.16161778878108202,0.5556356608867645,0.9991301746767866,0.9958258976468064,0.032676602547558886,0.0417091191132537,0.1435394287109375
34,fe_ni_cr_threshold,mlp_scm,ok,0.3,3,1,0,False,0.6726137399673462,1.0,-0.13230480926775265,0.989784736349949,0.9907118812512956,0.11356679542402426,0.14293539585699536,0.4432101994752884,0.9993207644572548,0.9966140990451327,0.0292442499325567,0.03685744291308957,0.11469241976737976
34,fe_ni_cr_threshold,mlp_scm,ok,0.3,4,1,0,False,0.6434925198554993,1.0,-0.1341967020324986,0.9994124814599722,0.9994486602322384,0.027864648787272017,0.03427881316277592,0.10938480496406555,0.9999609648348539,0.9997542200128745,0.007177618956173859,0.008835741685349511,0.02838832139968872
34,fe_ni_cr_threshold,mlp_scm,ok,0.3,5,1,0,False,0.6243472099304199,1.0,-0.1359758474165738,0.9874781710707685,0.9908187003277812,0.12241532649613873,0.1582518797113123,0.5552506148815155,0.999166150406917,0.9961213572105709,0.03157993076337462,0.040837473332271786,0.14332908391952515
34,fe_ni_cr_threshold,mlp_scm,ok,0.3,6,1,0,False,0.6276121139526367,1.0,-0.13627131648705063,0.9974167635403578,0.9978060850317287,0.05755368881182221,0.07187817909933869,0.22745800018310547,0.9998279768688765,0.9991169153672841,0.014842843520117555,0.01854848415165601,0.05878174304962158
34,fe_ni_cr_threshold,mlp_scm,ok,0.3,7,1,0,False,0.6381687521934509,1.0,-0.1339613383274732,0.9995634278798292,0.9995999928452004,0.025772645624329016,0.029549013266926733,0.07659786939620972,0.9999710385010621,0.9998266061976967,0.00664770327282227,0.0076107160089047094,0.019887208938598633
34,fe_ni_cr_threshold,mlp_scm,ok,0.3,8,1,0,False,0.6425557136535645,1.0,-0.13440603813056184,0.9994291353389785,0.9994134562051481,0.03017065646853112,0.03378948436361812,0.058840274810791016,0.9999620523796576,0.9997381937987266,0.007775706195733534,0.008711787425159774,0.015816926956176758
34,fe_ni_cr_threshold,mlp_scm,ok,0.3,9,1,0,False,0.6593542098999023,1.0,-0.13321918082305723,0.9946184960106544,0.9950466452941154,0.08104593384095438,0.10374491657327847,0.335255891084671,0.9996420880310707,0.9982198161791002,0.02086366136239448,0.02675488592368127,0.086764395236969
35,fe_ni_cr_threshold,mlp_scm,ok,0.0,0,0,0,False,0.6455392241477966,1.0,0.014977184497698628,1.0,1.0,0.0,0.0,0.0,1.0,1.0,0.0,0.0,0.0
35,fe_ni_cr_threshold,mlp_scm,ok,0.1,0,1,0,False,0.6587861776351929,1.0,0.016491918990440682,0.9980316293512063,0.9979580882089978,0.050461864969577164,0.06274345844962227,0.1838151216506958,0.9998785129077783,0.9997746607002359,0.012522844931780241,0.015587629200402268,0.04474353790283203
35,fe_ni_cr_threshold,mlp_scm,ok,0.1,1,1,0,False,0.6495083570480347,1.0,0.015125363676897204,0.9997148968096037,0.9997085330090836,0.01883350833827535,0.023878994829083355,0.08216115832328796,0.9999823888386821,0.9999592303840925,0.004678945369512633,0.005934839639773545,0.02040538191795349
35,fe_ni_cr_threshold,mlp_scm,ok,0.1,2,1,0,False,0.6461342573165894,1.0,0.014801754027680284,0.9999708927811601,0.9999648295007509,0.005491578450801171,0.0076298387002502605,0.02772146463394165,0.9999982026957002,0.9999929927222657,0.0013635956720321474,0.0018959452757422654,0.006997823715209961
35,fe_ni_cr_threshold,mlp_scm,ok,0.1,3,1,0,False,0.6395506262779236,1.0,0.015614698222746314,0.9984108183582441,0.9986285628710393,0.04153786754545763,0.056376976114642055,0.2260892391204834,0.9999018541059012,0.9998401401902581,0.010332471218660544,0.01401041715432433,0.056248992681503296
35,fe_ni_cr_threshold,mlp_scm,ok,0.1,4,1,0,False,0.6471053957939148,0.9999999403953552,0.014482583592793329,0.9997612578953271,0.9997596850189541,0.016646132567757377,0.02185141231901738,0.07712376117706299,0.9999852568616586,0.9999665505865101,0.004134923213470643,0.005430126599428826,0.019474029541015625
35,fe_ni_cr_threshold,mlp_scm,ok,0.1,5,1,0,False,0.645961582660675,1.0,0.015161507644790356,0.9999854122438709,0.9999788775838636,0.004844812566716428,0.005401436281733357,0.009450972080230713,0.9999990998478031,0.9999955967026678,0.0012022369393918098,0.0013417541975320022,0.002361387014389038
35,fe_ni_cr_threshold,mlp_scm,ok,0.1,6,1,0,False,0.6405409574508667,1.0,0.014902488415098737,0.9993428454188202,0.9993843989163865,0.028348534293854755,0.036253402882989186,0.13353398442268372,0.999959403345302,0.9999265744581932,0.007044814765720275,0.009010732887093349,0.0331825315952301
35,fe_ni_cr_threshold,mlp_scm,ok,0.1,7,1,0,False,0.6469423770904541,1.0,0.015097520040875487,0.9999547086104908,0.9999468251555681,0.00773142058536358,0.009517498815172238,0.028717070817947388,0.9999972025898016,0.9999893270331163,0.001920581101998664,0.0023653372121357143,0.007125258445739746
35,fe_ni_cr_threshold,mlp_scm,ok,0.1,8,1,0,False,0.6410467028617859,0.9999999403953552,0.01380418036556415,0.9995534047110332,0.9995186994850153,0.025286150885875713,0.02988629450954036,0.06436297297477722,0.9999724431708659,0.9999440870645876,0.006284128605031469,0.0074238571734311564,0.0160866379737854
35,fe_ni_cr_threshold,mlp_scm,ok,0.1,9,1,0,False,0.6541301012039185,0.9999999403953552,0.014695776956117313,0.9985923726166195,0.9985899725520349,0.03853199872105506,0.05305897611535939,0.19967293739318848,0.9999130394568043,0.9998465998497961,0.009581074090974084,0.01318791402742654,0.049803733825683594
35,fe_ni_cr_threshold,mlp_scm,ok,0.2,0,1,0,False,0.6614761352539062,1.0,0.017120463603373756,0.9973705189078466,0.9973164920248909,0.0587905707519667,0.07251870228952849,0.19798213243484497,0.9998377777115739,0.9997051914204991,0.014600995442677345,0.018012345206620924,0.04787182807922363
35,fe_ni_cr_threshold,mlp_scm,ok,0.2,1,1,0,False,0.6374177932739258,1.0,0.01621048327006215,0.9957184580149352,0.9966339585866533,0.06768808483434441,0.09253693433517343,0.3662833571434021,0.9997356273422381,0.9995818767434373,0.016836990154459386,0.022994462804909414,0.09113505482673645
35,fe_ni_cr_threshold,mlp_scm,ok,0.2,2,1,0,False,0.6389578580856323,1.0,0.01654791388527507,0.9962122173072123,0.997002237411487,0.06303892484652351,0.08703772515902422,0.34998995065689087,0.9997661666050498,0.9996286701595021,0.01566684459572798,0.021625604572206192,0.08711329102516174
35,fe_ni_cr_threshold,mlp_scm,ok,0.2,3,1,0,False,0.655705451965332,1.0,0.013754463157564496,0.9972922867036432,0.9974763518346326,0.05165573999681783,0.07358958181944895,0.2906993431970477,0.9998327234530097,0.99972123998641,0.012839375498785444,0.018290792192352957,0.07239609956741333
35,fe_ni_cr_threshold,mlp_scm,ok,0.2,4,1,0,False,0.6422314643859863,1.0,0.016413139581254718,0.9984285954098193,0.9986714559044417,0.04032368391858654,0.056060764994332775,0.22223186492919922,0.9999030183091067,0.9998394808132465,0.010013494254465627,0.013927073635075513,0.05535966157913208
35,fe_ni_cr_threshold,mlp_scm,ok,0.2,5,1,0,False,0.6453635096549988,1.0,0.01430943777377549,0.9998904445529624,0.9998801610221014,0.01255023108160458,0.014802395044493266,0.05163182318210602,0.999993243899563,0.9999809115943065,0.0031148316882365634,0.0036758945556154173,0.012901842594146729
35,fe_ni_cr_threshold,mlp_scm,ok,0.2,6,1,0,False,0.6376821994781494,1.0,0.014631074244718736,0.9984468349969065,0.998585435144124,0.04369094416324515,0.05573446205268169,0.18927046656608582,0.9999040478420458,0.9998362062799513,0.010854418074050187,0.0138529531420014,0.0470118522644043
35,fe_ni_cr_threshold,mlp_scm,ok,0.2,7,1,0,False,0.6536960601806641,1.0,0.017759966146732562,0.9988528654337494,0.9988164964952435,0.04240144119285105,0.047898530642977076,0.11796927452087402,0.9999294047524123,0.9998627601745224,0.010499505433315903,0.01188236040191927,0.029733896255493164
35,fe_ni_cr_threshold,mlp_scm,ok,0.2,8,1,0,False,0.6491801738739014,1.0,0.01601056007593447,0.9995138853892143,0.9994914303340247,0.02714271727495543,0.031180591705677954,0.06201130151748657,0.9999700081235368,0.9999371133144982,0.006737068762362242,0.007744917707214352,0.015478968620300293
35,fe_ni_cr_threshold,mlp_scm,ok,0.2,9,1,0,False,0.6304631233215332,1.0,0.01424193692242859,0.9925187616226087,0.9939012543809456,0.09429019990511733,0.12232120472473561,0.45744287967681885,0.9995377764197028,0.9992668398183248,0.02342469922594148,0.030404722845278245,0.1132657527923584
35,fe_ni_cr_threshold,mlp_scm,ok,0.3,0,1,0,False,0.6429301500320435,1.0,0.010531086424880112,0.9969572006643999,0.9970392184035477,0.0676883269817381,0.07801025002168462,0.30887793004512787,0.9998123982845672,0.9996857342107143,0.016800486406424398,0.01937016858398517,0.07729846239089966
35,fe_ni_cr_threshold,mlp_scm,ok,0.3,1,1,0,False,0.6287494897842407,1.0,0.009544564022325244,0.9935099745547424,0.9928250616908659,0.09549399439117678,0.11393002790478143,0.24642157554626465,0.9995994027130214,0.9993122362491952,0.02374951857180463,0.028305380647195916,0.06205540895462036
35,fe_ni_cr_threshold,mlp_scm,ok,0.3,2,1,0,False,0.6434794068336487,1.0,0.015963712567939926,0.9993597889566674,0.9994317846541734,0.025694766992046425,0.03578298645400305,0.1396951973438263,0.9999604879314062,0.9999333358665331,0.006376943662232293,0.008889552127061974,0.03481125831604004
35,fe_ni_cr_threshold,mlp_scm,ok,0.3,3,1,0,False,0.639546275138855,1.0,0.010333649415257672,0.996360515800649,0.9963212238931405,0.07765813644095942,0.08531687167014296,0.24084782600402832,0.9997755395323412,0.9996133368500106,0.019269689150315017,0.02118775408982244,0.06068277359008789
35,fe_ni_cr_threshold,mlp_scm,ok,0.3,4,1,0,False,0.6418576836585999,1.0,0.018086486469881733,0.9936626655833718,0.9953341588584507,0.0818836379851291,0.11258183542917159,0.4540609121322632,0.9996090768664478,0.9993986369894855,0.02032824625759133,0.02796151334679198,0.11308228969573975
35,fe_ni_cr_threshold,mlp_scm,ok,0.3,5,1,0,False,0.6627501845359802,1.0,0.01795409188690055,0.9968512239906618,0.9967990710607251,0.06631749519533514,0.07935711713553222,0.1711367964744568,0.999805875836732,0.999645020474215,0.016475785818172994,0.019704017733705517,0.04270690679550171
35,fe_ni_cr_threshold,mlp_scm,ok,0.3,6,1,0,False,0.6236082911491394,1.0,0.01121496977692718,0.9786887594726068,0.9789787814712824,0.16765936923741265,0.20645213437588925,0.6254206895828247,0.9986827046723992,0.9979086684607682,0.041637799810828824,0.051328263466944,0.15328025817871094
35,fe_ni_cr_threshold,mlp_scm,ok,0.3,7,1,0,False,0.6909499168395996,1.0,0.01524513071327448,0.981390736219264,0.9844986611293898,0.1430601013300361,0.19292104538151844,0.7011052668094635,0.9988504783580843,0.9980396050890493,0.035553585667557286,0.04794833923871494,0.17408251762390137
35,fe_ni_cr_threshold,mlp_scm,ok,0.3,8,1,0,False,0.6533154845237732,1.0,0.01797966552614103,0.9988155334409119,0.9987855840068665,0.043775965008762796,0.04867168687717972,0.14522695541381836,0.9999271404138728,0.9998624696016022,0.01083102527384483,0.012071419375814506,0.03655368089675903
35,fe_ni_cr_threshold,mlp_scm,ok,0.3,9,1,0,False,0.6596043109893799,0.9999999403953552,0.01488940990215914,0.9969709591651388,0.9971619966382946,0.05753027856505355,0.07783367983524048,0.2854166030883789,0.9998128755936861,0.9996688251019239,0.014300132163313606,0.01934551089024341,0.07099461555480957
36,fe_ni_cr_threshold,mlp_scm,ok,0.0,0,0,0,False,0.6487234830856323,1.0,0.03497765596712563,1.0,1.0,0.0,0.0,0.0,1.0,1.0,0.0,0.0,0.0
36,fe_ni_cr_threshold,mlp_scm,ok,0.1,0,1,0,False,0.6467596292495728,1.0,0.0325738913993072,0.9988841927770244,0.9990900261911815,0.034026970083147035,0.04723996733093143,0.19769924879074097,0.9999318495282131,0.9993854270974892,0.008357132607631712,0.01167479967988878,0.04898621141910553
36,fe_ni_cr_threshold,mlp_scm,ok,0.1,1,1,0,False,0.649877667427063,1.0,0.03468223927569089,0.9999298854784826,0.999916471460802,0.010407310110110757,0.011841834407996831,0.024423979222774506,0.9999957119639376,0.9999472163114225,0.0025715751355441796,0.0029284931658999625,0.006043147295713425
36,fe_ni_cr_threshold,mlp_scm,ok,0.1,2,1,0,False,0.6613799929618835,1.0,0.037004794139576636,0.9977835447208198,0.997859773967012,0.05029103030034321,0.06658010446774262,0.24596279859542847,0.9998645593952651,0.9986055740826836,0.012423320040110042,0.016458469189815847,0.06091377139091492
36,fe_ni_cr_threshold,mlp_scm,ok,0.1,3,1,0,False,0.6468343734741211,1.0,0.03418948959165972,0.9998637547273448,0.9998764506287353,0.011631486947610625,0.01650728779322755,0.06963920593261719,0.9999916793200508,0.9999144262749445,0.002853403704047963,0.004079382268290795,0.017268657684326172
36,fe_ni_cr_threshold,mlp_scm,ok,0.1,4,1,0,False,0.6448046565055847,1.0,0.03566100465922798,0.9995330906922528,0.9995035449868547,0.026723535654298303,0.030558445226122798,0.05874228663742542,0.9999714482823029,0.9996724349116658,0.006600748880803309,0.007556681479678101,0.014879465103149414
36,fe_ni_cr_threshold,mlp_scm,ok,0.1,5,1,0,False,0.6409227848052979,1.0,0.03260893696368358,0.9979169049777895,0.9983109890113758,0.049213962042642834,0.06454603017200622,0.2434854507446289,0.9998726250890072,0.9987956199485014,0.012122803042021957,0.015960884042022686,0.06031718850135803
36,fe_ni_cr_threshold,mlp_scm,ok,0.1,6,1,0,False,0.6475386023521423,1.0,0.03429179486284437,0.9999050481483693,0.9999090730271724,0.009745213703752142,0.013780555122941147,0.05587261915206909,0.9999942023658183,0.9999374485909448,0.0023946221564905557,0.0034051825260229544,0.013857230544090271
36,fe_ni_cr_threshold,mlp_scm,ok,0.1,7,1,0,False,0.6469442248344421,1.0,0.03524051101890273,0.9999589940042669,0.999941762480899,0.007881365844127686,0.009056047207010653,0.036760568618774414,0.9999974929992218,0.9999659023853801,0.001943905072355534,0.0022391966720005357,0.009131193161010742
36,fe_ni_cr_threshold,mlp_scm,ok,0.1,8,1,0,False,0.6457614898681641,0.9999999403953552,0.03383279285340665,0.999677962190983,0.9997126680836528,0.01823809597027548,0.025378644197687122,0.10266196727752686,0.9999803266146146,0.9998045561833917,0.0044816483133480745,0.006272700312167073,0.025458738207817078
36,fe_ni_cr_threshold,mlp_scm,ok,0.1,9,1,0,False,0.6460780501365662,1.0,0.03472932976354114,0.9999010331414379,0.9998862854045573,0.0112775319240086,0.014068891481957937,0.043997883796691895,0.9999939457370192,0.9999204724268649,0.0027896699933513958,0.00347973070955473,0.010896459221839905
36,fe_ni_cr_threshold,mlp_scm,ok,0.2,0,1,0,False,0.6436275839805603,1.0,0.034002968054110856,0.9995036150144249,0.9995374414357957,0.024192261321895003,0.03150825232455684,0.11593282222747803,0.9999696467001536,0.9996801239181746,0.005975983853597988,0.007791444021639854,0.028732717037200928
36,fe_ni_cr_threshold,mlp_scm,ok,0.2,1,1,0,False,0.6499444842338562,1.0,0.03825138794533623,0.9977521331024175,0.9979241693968831,0.0541891478099501,0.06705023166708489,0.2354966402053833,0.9998628649738046,0.9987425903905299,0.013336955551370266,0.016561100714245134,0.05828232690691948
36,fe_ni_cr_threshold,mlp_scm,ok,0.2,2,1,0,False,0.6391685009002686,1.0,0.03395326820941819,0.9983918248747446,0.9985375241317319,0.045661399940797764,0.056712874542225636,0.1720179319381714,0.9999016037314301,0.9989373636542449,0.011296527410113555,0.014028276403384488,0.04261229932308197
36,fe_ni_cr_threshold,mlp_scm,ok,0.2,3,1,0,False,0.6582752466201782,1.0,0.034807924012122814,0.9990000094489654,0.9989528869478715,0.03778905975423186,0.04472114768361613,0.09805918484926224,0.9999388103803877,0.9992894821543521,0.009345460615005408,0.011062515024277183,0.024257855489850044
36,fe_ni_cr_threshold,mlp_scm,ok,0.2,4,1,0,False,0.6763611435890198,1.0,0.03972522414902866,0.9901569151429704,0.9907874860904279,0.10209067187105347,0.14030741343836461,0.5295197241939604,0.999399028409843,0.9940122755882982,0.025199402468334853,0.0346690525436209,0.13139891624450684
36,fe_ni_cr_threshold,mlp_scm,ok,0.2,5,1,0,False,0.6518505215644836,1.0,0.035417348098775135,0.9997789782841069,0.9997572486754192,0.01676218976710686,0.021024828968881543,0.07937633991241455,0.999986482870039,0.9998361727523067,0.00414566098887903,0.0051994480433800155,0.019642725586891174
36,fe_ni_cr_threshold,mlp_scm,ok,0.2,6,1,0,False,0.6410297155380249,1.0,0.03236749006139972,0.9981304215775555,0.998569733022549,0.044937840989803135,0.061148643998326035,0.2503010034561157,0.9998857246448764,0.9990012114655603,0.011039673591856314,0.015117893595168913,0.06208379566669464
36,fe_ni_cr_threshold,mlp_scm,ok,0.2,7,1,0,False,0.632117509841919,1.0,0.03225757497903616,0.9927199815280666,0.993326590514172,0.09703794681888667,0.120664979421176,0.37321150302886963,0.9995544670913235,0.9953159421715184,0.023998707463551483,0.02985072528608957,0.09251411259174347
36,fe_ni_cr_threshold,mlp_scm,ok,0.2,8,1,0,False,0.6515608429908752,1.0,0.03606843642465254,0.9995673012946618,0.9995358097570799,0.02168509984298339,0.02941763723873798,0.15531083941459656,0.9999735641928661,0.9997189601065729,0.005342504871602927,0.007271287032963333,0.038433026522397995
36,fe_ni_cr_threshold,mlp_scm,ok,0.2,9,1,0,False,0.6444963216781616,1.0,0.03540742185950445,0.9996063893758143,0.9995796527406595,0.0241378614744292,0.02805746362154189,0.05856358911842108,0.9999759231864864,0.9997160320256061,0.005965628634189812,0.006939281515841727,0.01448662974871695
36,fe_ni_cr_threshold,mlp_scm,ok,0.3,0,1,0,False,0.6560405492782593,1.0,0.03920456258603475,0.9962812410975292,0.996753831074057,0.061010486093096006,0.08624104530841198,0.3200658708810806,0.9997731857151857,0.9979926105071167,0.01498697709882535,0.021298557772546436,0.08068132400512695
36,fe_ni_cr_threshold,mlp_scm,ok,0.3,1,1,0,False,0.6335724592208862,1.0,0.0338059480394013,0.9942566234997807,0.9942331668549792,0.08741532959561482,0.10717626990603454,0.2616746947169304,0.999648511898699,0.996069990075817,0.021634615049638484,0.026513698321367653,0.06474224291741848
36,fe_ni_cr_threshold,mlp_scm,ok,0.3,2,1,0,False,0.6666953563690186,1.0,0.03964585606235515,0.9939557164470737,0.994481483768605,0.07689307970798609,0.10994802096067206,0.4462715983390808,0.9996311818785093,0.9965179752878907,0.01888854967478082,0.02715945930893088,0.11050109565258026
36,fe_ni_cr_threshold,mlp_scm,ok,0.3,3,1,0,False,0.6852560639381409,1.0,0.040856228053957715,0.9856374315068986,0.9872718219551971,0.1207559980036308,0.16948491560113849,0.6683954298496246,0.9991233721439446,0.9916742699914167,0.02977521706700159,0.04187189630551057,0.1653982289135456
36,fe_ni_cr_threshold,mlp_scm,ok,0.3,4,1,0,False,0.6335186958312988,1.0,0.027662433968763667,0.9837154806975923,0.9886727634192874,0.14036702849313087,0.1804689369415647,0.6683003902435303,0.9990033527396576,0.9918029602675058,0.034543923143932176,0.04464632663920795,0.16596625745296478
36,fe_ni_cr_threshold,mlp_scm,ok,0.3,5,1,0,False,0.6319977641105652,1.0,0.02942818477012841,0.9870265943815202,0.9894100028018493,0.1264903259828607,0.16108013460423268,0.5653259754180908,0.9992059987317522,0.9925777617838495,0.03119337761073382,0.03984975014515212,0.14030252397060394
36,fe_ni_cr_threshold,mlp_scm,ok,0.3,6,1,0,False,0.6450929641723633,1.0,0.03551502542273966,0.9997077571813362,0.9996713284975555,0.021133639313859476,0.02417613710492103,0.04618030786514282,0.9999821284930545,0.9997917039196051,0.005219855276582308,0.005978546168219864,0.01158285140991211
36,fe_ni_cr_threshold,mlp_scm,ok,0.3,7,1,0,False,0.6571104526519775,1.0,0.03208530866316061,0.9977682674849371,0.9979364405148975,0.06084518345228673,0.06680916736141515,0.2145361304283142,0.9998635859744796,0.9986072616407982,0.015004405633721518,0.016517507443703158,0.053645551204681396
36,fe_ni_cr_threshold,mlp_scm,ok,0.3,8,1,0,False,0.6331977248191833,1.0,0.0342731174318147,0.9945328056950913,0.9944565280249563,0.08556889530035505,0.10456762585874432,0.24842039495706558,0.9996654282143094,0.9962247425076888,0.021174964108741534,0.025867809300247676,0.061457669362425804
36,fe_ni_cr_threshold,mlp_scm,ok,0.3,9,1,0,False,0.6729700565338135,1.0,0.03934213494583836,0.9922871874650069,0.9926833626477639,0.0896710149012847,0.12419994117187537,0.4820948541164398,0.9995290889455044,0.9952668800514982,0.022097288979946228,0.030689120744478614,0.11934612691402435
37,fe_ni_cr_threshold,mlp_scm,ok,0.0,0,0,0,False,0.6611737012863159,1.0,0.14365710477436144,1.0,1.0,0.0,0.0,0.0,1.0,1.0,0.0,0.0,0.0
37,fe_ni_cr_threshold,mlp_scm,ok,0.1,0,1,0,False,0.6612061262130737,1.0,0.14413060719052379,0.9998864968933985,0.9998685828080774,0.01109142656378026,0.015066725475259378,0.06571102142333984,0.9999934023104365,0.9999835491023531,0.0026668990947200655,0.0036325444131955517,0.01584940543398261
37,fe_ni_cr_threshold,mlp_scm,ok,0.1,1,1,0,False,0.6726732850074768,1.0,0.14282718243500148,0.9982318830400037,0.9982869608659014,0.04560116293851024,0.05946624441236202,0.21624594926834106,0.9998971215281661,0.9998289866604676,0.01100342448006586,0.014344229990513562,0.05224934220314026
37,fe_ni_cr_threshold,mlp_scm,ok,0.1,2,1,0,False,0.6529091000556946,1.0,0.14333018617516544,0.9977907328344414,0.9982167428017081,0.05041178738596841,0.0664720592018572,0.25201743841171265,0.9998714484639516,0.9997942520205993,0.012151154444005385,0.016034433508427117,0.06076401472091675
37,fe_ni_cr_threshold,mlp_scm,ok,0.1,3,1,0,False,0.6686280369758606,1.0,0.14323176989669828,0.9990924887363217,0.9991139425778396,0.032441347836538625,0.04260308195203794,0.15500092506408691,0.9999471965860596,0.9999092294900221,0.007829542016054347,0.010276518043501241,0.0374319851398468
37,fe_ni_cr_threshold,mlp_scm,ok,0.1,4,1,0,False,0.652407705783844,1.0,0.143599943134068,0.9980545390000423,0.9983636050620237,0.04745731460184288,0.06237725655540071,0.23705214262008667,0.9998868032404894,0.9998195095129102,0.011446015597698533,0.01504637851636384,0.05717575550079346
37,fe_ni_cr_threshold,mlp_scm,ok,0.1,5,1,0,False,0.6584557294845581,1.0,0.14309229421891023,0.9994458716289366,0.9995080600430275,0.02405621511741174,0.03329049058836152,0.1270158290863037,0.9999677624234438,0.9999408237071739,0.005789887313994768,0.008029642000084887,0.03080880641937256
37,fe_ni_cr_threshold,mlp_scm,ok,0.1,6,1,0,False,0.6612025499343872,0.9999999403953552,0.14275658453469253,0.9997886023170645,0.9997713302862552,0.017364035083119234,0.020561989021875168,0.0606459379196167,0.9999877181468133,0.9999696239539374,0.00417081685714038,0.004956178459486585,0.014632463455200195
37,fe_ni_cr_threshold,mlp_scm,ok,0.1,7,1,0,False,0.6533799767494202,1.0,0.1441641813411436,0.9988140193464676,0.9989097368689522,0.03838688743496732,0.04870278668983197,0.16869181394577026,0.9999310089334794,0.999876964719977,0.009259989085137477,0.01174657958011068,0.040733784437179565
37,fe_ni_cr_threshold,mlp_scm,ok,0.1,8,1,0,False,0.6566064357757568,1.0,0.1440532668245691,0.9997281728269745,0.9997174737127479,0.018463073756606718,0.02331639724053495,0.08159095048904419,0.9999841893179383,0.9999643154101994,0.004453953345318951,0.0056232876700437005,0.0197162926197052
37,fe_ni_cr_threshold,mlp_scm,ok,0.1,9,1,0,False,0.6686446666717529,1.0,0.14297094177116856,0.9992791337128695,0.9992889010045379,0.029838470919003157,0.03797015421584914,0.131386399269104,0.9999580623788138,0.9999235569701738,0.007200204366307972,0.009158342773070066,0.03176164627075195
37,fe_ni_cr_threshold,mlp_scm,ok,0.2,0,1,0,False,0.663573145866394,1.0,0.1413442263235748,0.9988782011757809,0.9989344467432054,0.041773028474503704,0.047366631740994355,0.1261131763458252,0.9999348313435037,0.999878518167513,0.01003431504650365,0.011416536592396496,0.030569136142730713
37,fe_ni_cr_threshold,mlp_scm,ok,0.2,1,1,0,False,0.6731918454170227,1.0,0.1424075073770882,0.9983534534210728,0.9983786366227974,0.045390410132995385,0.057385479501025294,0.19444584846496582,0.9999042095807098,0.999837513858093,0.010950542419095655,0.013841272698124137,0.04703369736671448
37,fe_ni_cr_threshold,mlp_scm,ok,0.2,2,1,0,False,0.6583195924758911,1.0,0.14594668791078938,0.9984858096656501,0.9985034041651584,0.04783661305313558,0.05503072694378729,0.21120905876159668,0.999912076936756,0.9998306742185824,0.011490640408055697,0.013260698205897313,0.051060885190963745
37,fe_ni_cr_threshold,mlp_scm,ok,0.2,3,1,0,False,0.64886075258255,1.0,0.14677314529892935,0.9966494768883145,0.9965265248178697,0.06986523239470444,0.08185992098442907,0.17626224155537784,0.9998054363878034,0.9996373985229954,0.016770633698854454,0.019726307967959843,0.04356503486633301
37,fe_ni_cr_threshold,mlp_scm,ok,0.2,4,1,0,False,0.6618322730064392,1.0,0.143860544813,0.9999832230239468,0.9999731555323583,0.004423153031552829,0.005792577381561895,0.022480130195617676,0.9999990249449701,0.9999957084614833,0.001062144848447133,0.0013964634064780076,0.005403250455856323
37,fe_ni_cr_threshold,mlp_scm,ok,0.2,5,1,0,False,0.6621255278587341,0.9999999403953552,0.1457296587266067,0.9982045065426272,0.9982830940108623,0.0476014589424949,0.059924846479377986,0.2065192461013794,0.9998956887364088,0.9998133851298189,0.011436829002491322,0.014443770791785042,0.049795019906014204
37,fe_ni_cr_threshold,mlp_scm,ok,0.2,6,1,0,False,0.67280513048172,1.0,0.14336740229460324,0.9973250751396991,0.9975429824267252,0.053874055328378745,0.07314266891364826,0.2714781165122986,0.999844353174594,0.999752431871826,0.013002680403474187,0.017643515785608115,0.0655159056186676
37,fe_ni_cr_threshold,mlp_scm,ok,0.2,7,1,0,False,0.669836699962616,1.0,0.14187142206242936,0.9992572937401044,0.9992122679842971,0.0333419530475112,0.03854105030111576,0.07857829332351685,0.9999568500827424,0.9999167285065446,0.0079962006018377,0.009289770344226702,0.0201876163482666
37,fe_ni_cr_threshold,mlp_scm,ok,0.2,8,1,0,False,0.6829134821891785,1.0,0.14059033935269868,0.9954624098411368,0.9954931804518922,0.07708100776926585,0.09526374381215422,0.28136858344078064,0.9997360404375907,0.9995696391531365,0.018589159497707897,0.0229764906683532,0.068205326795578
37,fe_ni_cr_threshold,mlp_scm,ok,0.2,9,1,0,False,0.6660539507865906,1.0,0.14297498766213082,0.9995757466127427,0.9995627436317744,0.023526115584559193,0.029129140831029497,0.0820077657699585,0.999975323155822,0.9999521895787139,0.005673586795126084,0.007025218036716444,0.01981884241104126
37,fe_ni_cr_threshold,mlp_scm,ok,0.3,0,1,0,False,0.6573376655578613,1.0,0.14236093930912358,0.9987660996640417,0.9989539374807436,0.03570808178324114,0.049676964937895945,0.19350898265838623,0.9999282281347526,0.9998846313747227,0.008585095238231588,0.011980973515011444,0.046569108963012695
37,fe_ni_cr_threshold,mlp_scm,ok,0.3,1,1,0,False,0.649131715297699,1.0,0.14203070452811467,0.9900818397550556,0.9932456436036275,0.10899168187143005,0.140841473618664,0.5148443579673767,0.999422773648682,0.9991594619483583,0.026245632621595405,0.03397723734806128,0.12408074736595154
37,fe_ni_cr_threshold,mlp_scm,ok,0.3,2,1,0,False,0.6686604619026184,0.9999999403953552,0.1440349904780407,0.9990399876515562,0.9991068123653687,0.030208634488417374,0.04381808673509399,0.18822747468948364,0.9999441507144662,0.9999068154996066,0.007277002575847291,0.01056875413961235,0.045363813638687134
37,fe_ni_cr_threshold,mlp_scm,ok,0.3,3,1,0,False,0.6565636992454529,1.0,0.145419895403781,0.999258461372205,0.9992152407688071,0.03387652425874421,0.038510743372764965,0.07406532019376755,0.9999569504379732,0.9999061896502397,0.008143801104040449,0.009278961291394803,0.01885366439819336
37,fe_ni_cr_threshold,mlp_scm,ok,0.3,4,1,0,False,0.6477274298667908,1.0,0.14421841643712,0.994237241296166,0.9951027622035193,0.08518949429071654,0.10735696397225779,0.3571940064430237,0.9996647481143128,0.9994665081181602,0.020550425381401283,0.025894086986671075,0.08620205521583557
37,fe_ni_cr_threshold,mlp_scm,ok,0.3,5,1,0,False,0.6495877504348755,0.9999999403953552,0.14690597186362295,0.9965096162516542,0.9963739069785216,0.07157389011160831,0.08355098942537845,0.1802373044192791,0.9997973320330167,0.9996237080680923,0.017183982210951854,0.020132955825753123,0.044181108474731445
37,fe_ni_cr_threshold,mlp_scm,ok,0.3,6,1,0,False,0.6524573564529419,1.0,0.13981425414224502,0.9892540851276783,0.9938369483240478,0.10760196303624525,0.1466009233246484,0.5660752654075623,0.9993745896910154,0.999130963450397,0.025859216397122964,0.035366941876467946,0.13630300760269165
37,fe_ni_cr_threshold,mlp_scm,ok,0.3,7,1,0,False,0.6377301812171936,1.0,0.1457592793051238,0.9824596787106068,0.9838939452644099,0.15294437313485787,0.1872982789616326,0.5460861325263977,0.9989800245602689,0.9983690700772475,0.03687996680082506,0.045165814509540145,0.1318584382534027
37,fe_ni_cr_threshold,mlp_scm,ok,0.3,8,1,0,False,0.6624735593795776,0.9999999403953552,0.143429963952278,0.999939435109025,0.9999442547024994,0.006922044619528833,0.011005897721174811,0.08357620239257812,0.9999964772096753,0.9999891929225376,0.0016659094068245395,0.0026543511910642075,0.020161124411970377
37,fe_ni_cr_threshold,mlp_scm,ok,0.3,9,1,0,False,0.6948370337486267,1.0,0.13931080481278968,0.990307802641549,0.99052456229953,0.11108327855708922,0.13922785781743036,0.4413919746875763,0.9994359941501398,0.9991298682140047,0.026808753179778932,0.033585885440918874,0.10698327422142029
38,fe_ni_cr_threshold,mlp_scm,ok,0.0,0,0,0,False,0.6481104493141174,0.9999999403953552,-0.023819290051407736,1.0,1.0,0.0,0.0,0.0,1.0,1.0,0.0,0.0,0.0
38,fe_ni_cr_threshold,mlp_scm,ok,0.1,0,1,0,False,0.6552227139472961,1.0,-0.02293024506159697,0.9994370183468049,0.999423536853587,0.026679125275450133,0.033555376828767414,0.10072630643844604,0.9999645933464675,0.9999441094163507,0.006686322751207285,0.008415064122178961,0.02522754669189453
38,fe_ni_cr_threshold,mlp_scm,ok,0.1,1,1,0,False,0.6535286903381348,1.0,-0.022241596531442365,0.9994441565352081,0.999449420195265,0.029086535442729655,0.03334196976205689,0.06590241193771362,0.999965099139364,0.9999401308025176,0.007289823318600952,0.008354742364904726,0.01694798469543457
38,fe_ni_cr_threshold,mlp_scm,ok,0.1,2,1,0,False,0.6437100768089294,1.0,-0.023468004293447003,0.9993177083273663,0.9992539428510119,0.026053661908974846,0.036940266999456656,0.13482654094696045,0.9999570592326608,0.9999350793040553,0.006544999905202076,0.009267228991114217,0.03376716375350952
38,fe_ni_cr_threshold,mlp_scm,ok,0.1,3,1,0,False,0.6444593071937561,1.0,-0.02531439879835671,0.9995008222218879,0.9994989517023102,0.02724468112762679,0.0315967649910494,0.06486162543296814,0.9999686335941149,0.9999456963915314,0.00682838727782098,0.007920404723073576,0.016435742378234863
38,fe_ni_cr_threshold,mlp_scm,ok,0.1,4,1,0,False,0.6380800008773804,1.0,-0.02373637955637083,0.9970359468197698,0.9971295418782632,0.05678165640392763,0.07699419937266137,0.2767634987831116,0.9998134259326845,0.9997485650168085,0.014248124791478745,0.01931704229125369,0.06946098804473877
38,fe_ni_cr_threshold,mlp_scm,ok,0.1,5,1,0,False,0.6486453413963318,1.0,-0.024169172174560844,0.999944105463026,0.9999306201273155,0.007948036000016145,0.010573035349472949,0.04026585817337036,0.9999964849599511,0.9999912828123881,0.0019961100076528737,0.0026514298131852967,0.01004648208618164
38,fe_ni_cr_threshold,mlp_scm,ok,0.1,6,1,0,False,0.651840329170227,1.0,-0.02486603639966711,0.9991849933525813,0.9991337127172589,0.02831211822731916,0.04037342316113481,0.15457716584205627,0.9999487174541875,0.9999270661969815,0.007113673541866206,0.010127442505159893,0.038622498512268066
38,fe_ni_cr_threshold,mlp_scm,ok,0.1,7,1,0,False,0.6455326676368713,1.0,-0.024960426682885384,0.99973141723439,0.9997062866568913,0.020427451667416108,0.02317683155323037,0.04692697525024414,0.9999831277209864,0.9999680258028754,0.005117443785749742,0.005809006616629134,0.011590659618377686
38,fe_ni_cr_threshold,mlp_scm,ok,0.1,8,1,0,False,0.6401079297065735,1.0,-0.024505822939027783,0.9984674778463778,0.9984567560439168,0.042574666999257715,0.0553628427298786,0.17976200580596924,0.9999035303596275,0.9998608155711322,0.010669798526961927,0.013890258459892984,0.044904351234436035
38,fe_ni_cr_threshold,mlp_scm,ok,0.1,9,1,0,False,0.6394305229187012,1.0,-0.024385870024585143,0.9980558361854409,0.99802637284529,0.04735184527976344,0.062356455551562405,0.20811688899993896,0.9998776135563628,0.999828204348759,0.011868903484909765,0.015645219023335273,0.05205368995666504
38,fe_ni_cr_threshold,mlp_scm,ok,0.2,0,1,0,False,0.6598459482192993,0.9999999403953552,-0.025190106668012375,0.9965730583600854,0.9965719100922681,0.05645210170325754,0.08278818549699259,0.30713437870144844,0.9997842684727661,0.9997412783420355,0.014181819367408366,0.02077168808755819,0.07686132192611694
38,fe_ni_cr_threshold,mlp_scm,ok,0.2,1,1,0,False,0.6351799368858337,1.0,-0.023916123213233137,0.9924262603341686,0.9933817994063371,0.0927135589045065,0.12307509600233446,0.43312302231788635,0.9995232454768975,0.9994047501966955,0.02325883305955756,0.03087894164853533,0.10868549346923828
38,fe_ni_cr_threshold,mlp_scm,ok,0.2,2,1,0,False,0.6625275015830994,1.0,-0.021479320702342954,0.9977661888303866,0.9978254863743651,0.054865935983912095,0.0668402760117494,0.16326534748077393,0.9998596321433451,0.9998099876618267,0.013756155851766039,0.016755169707267932,0.041092514991760254
38,fe_ni_cr_threshold,mlp_scm,ok,0.2,3,1,0,False,0.6461825370788574,1.0,-0.023058785994335522,0.9995176238822352,0.9994482132000572,0.02190458754641611,0.03106046120620385,0.1303899884223938,0.9999696588088944,0.9999538994885917,0.005502266134314482,0.007789889522348067,0.03258460760116577
38,fe_ni_cr_threshold,mlp_scm,ok,0.2,4,1,0,False,0.6452981233596802,1.0,-0.02222077979336433,0.9985181100055169,0.998418400418425,0.03927746545079458,0.05444060958777522,0.2067185938358307,0.9999068322579941,0.9998677446176952,0.009858176674597985,0.013650475261990888,0.05158507823944092
38,fe_ni_cr_threshold,mlp_scm,ok,0.2,5,1,0,False,0.6544002294540405,1.0,-0.024607805881943404,0.9987559480888512,0.9986628840032901,0.034242210490219804,0.049880897283701625,0.1938546597957611,0.9999216942770144,0.9998982324225734,0.008600526977645018,0.012514449288650621,0.048518240451812744
38,fe_ni_cr_threshold,mlp_scm,ok,0.2,6,1,0,False,0.6424771547317505,1.0,-0.025184022390589894,0.9993617572577543,0.9993608848615977,0.029671393480896313,0.03572793763555033,0.08101412653923035,0.9999598668285393,0.999935291645805,0.007448265297668399,0.008959148350233615,0.019852399826049805
38,fe_ni_cr_threshold,mlp_scm,ok,0.2,7,1,0,False,0.6867629289627075,1.0,-0.021135628215119242,0.9867611100290353,0.9869531194120591,0.12276495021478695,0.16271994387744895,0.5385887026786804,0.9991674136173986,0.9990338338638151,0.030746733334027,0.0408065278823999,0.13451015949249268
38,fe_ni_cr_threshold,mlp_scm,ok,0.2,8,1,0,False,0.6598716974258423,1.0,-0.021506159845664553,0.9981022396054574,0.9981698152850298,0.05112333601948649,0.06160779751377074,0.1431887447834015,0.9998807689048262,0.999832708229025,0.012821262046387005,0.015442220555542653,0.03509187698364258
38,fe_ni_cr_threshold,mlp_scm,ok,0.2,9,1,0,False,0.6439139246940613,1.0,-0.025147352244325478,0.9995975489409323,0.9995628861254864,0.02471258539615917,0.02837079731992985,0.09210824966430664,0.9999747114107774,0.9999553970567198,0.0061966213621502675,0.0071117631762320915,0.022900044918060303
38,fe_ni_cr_threshold,mlp_scm,ok,0.3,0,1,0,False,0.630641758441925,1.0,-0.02930254390782694,0.9894771760007823,0.9903419372720118,0.11965099378932109,0.1450711845956842,0.3243294134736061,0.999337631469858,0.9991311534403833,0.030053941463265232,0.0363969371264904,0.07956981658935547
38,fe_ni_cr_threshold,mlp_scm,ok,0.3,1,1,0,False,0.6337679028511047,1.0,-0.021726994467349887,0.9802527437122566,0.9864950423789427,0.1468956496708813,0.19873226296232818,0.7090198397636414,0.9987577368249747,0.9985566796008867,0.03689803556731874,0.04984502212279688,0.17841780185699463
38,fe_ni_cr_threshold,mlp_scm,ok,0.3,2,1,0,False,0.6381350159645081,1.0,-0.024866761821522063,0.9986312937473346,0.9986283840569343,0.040894566782071706,0.05232028712332673,0.1750546097755432,0.9999138548438825,0.9998755342071382,0.010244118310865247,0.01312594022732304,0.04372978210449219
38,fe_ni_cr_threshold,mlp_scm,ok,0.3,3,1,0,False,0.6354465484619141,1.0,-0.028878159884762174,0.993941693197781,0.9942912591195193,0.09538401570360833,0.11007549029473875,0.2676781415939331,0.99961894199901,0.9994867029361274,0.023932878829910464,0.027606448528346962,0.06641501188278198
38,fe_ni_cr_threshold,mlp_scm,ok,0.3,4,1,0,False,0.6573473215103149,1.0,-0.024465978452474838,0.9978372778359598,0.9977266021743793,0.04508728930659345,0.06576811052452664,0.26264820992946625,0.9998638543173516,0.9998292995851512,0.011323438200392388,0.016501253045380967,0.06580203771591187
38,fe_ni_cr_threshold,mlp_scm,ok,0.3,5,1,0,False,0.6540261507034302,1.0,-0.021836813835757866,0.999185864042385,0.9991888656927258,0.03572698776861216,0.04035185280769484,0.11853408813476562,0.999948894725874,0.999915666797797,0.008939101134942007,0.010109923262862369,0.029401957988739014
38,fe_ni_cr_threshold,mlp_scm,ok,0.3,6,1,0,False,0.6401439309120178,1.0,-0.0221525417665456,0.9943332374504905,0.9947883176274944,0.0753060303482016,0.10645903064610417,0.4190410077571869,0.9996435229450213,0.9995572003969672,0.018924127329469798,0.026701200228965476,0.10482150316238403
38,fe_ni_cr_threshold,mlp_scm,ok,0.3,7,1,0,False,0.6526510715484619,1.0,-0.024830033572659425,0.9987999372579581,0.9986852581181603,0.03392913868492542,0.04899107674328825,0.21370969712734222,0.99992447159524,0.9998994841213074,0.008523334202706678,0.012290516866599875,0.05346757173538208
38,fe_ni_cr_threshold,mlp_scm,ok,0.3,8,1,0,False,0.6476846933364868,1.0,-0.02672175740236166,0.9979625631402119,0.9979823733996136,0.05689912770807837,0.06383473704798633,0.19167137145996094,0.9998719104589655,0.9998210517845646,0.014265691828245552,0.016005595177804605,0.04893314838409424
38,fe_ni_cr_threshold,mlp_scm,ok,0.3,9,1,0,False,0.6502124071121216,1.0,-0.022056449736462758,0.9993711836558185,0.9993720495672697,0.03251482066889366,0.03546311767555153,0.08407306671142578,0.9999605276987787,0.9999362862992632,0.008144359531073064,0.008885077258015779,0.021250486373901367
39,fe_ni_cr_threshold,mlp_scm,ok,0.0,0,0,0,False,0.6225888729095459,0.9999999403953552,-0.0011542582318569746,1.0,1.0,0.0,0.0,0.0,1.0,1.0,0.0,0.0,0.0
39,fe_ni_cr_threshold,mlp_scm,ok,0.1,0,1,0,False,0.6257762312889099,1.0,-0.0016963636336121291,0.9996235849935619,0.999507892407553,0.018848868755348747,0.027437748563675892,0.10682481527328491,0.9999765709488001,0.9999677687575995,0.0047100576753109635,0.006845297681497415,0.026641614735126495
39,fe_ni_cr_threshold,mlp_scm,ok,0.1,1,1,0,False,0.6217333674430847,1.0,-0.0010871248729724262,0.999977418775778,0.9999686404763606,0.005415393391530188,0.006720301337148718,0.018845319747924805,0.9999985943104762,0.9999955743509047,0.0013510690663736113,0.001676716714583876,0.004671335220336914
39,fe_ni_cr_threshold,mlp_scm,ok,0.1,2,1,0,False,0.616109311580658,1.0,-0.0007922899269156583,0.9992525156052745,0.9992062330126599,0.02980938613336548,0.038664826119880966,0.12515580654144287,0.9999534715813753,0.9999361298369215,0.007440475158986715,0.00964659712036686,0.031214639544487
39,fe_ni_cr_threshold,mlp_scm,ok,0.1,3,1,0,False,0.6190891861915588,1.0,-0.0016365771358858292,0.999397034396621,0.9993536317144694,0.031173470149269633,0.03472652122418054,0.07305312156677246,0.9999624634454607,0.9999444558686789,0.007780036733606721,0.008664473786078089,0.018240034580230713
39,fe_ni_cr_threshold,mlp_scm,ok,0.1,4,1,0,False,0.6179426312446594,1.0,-0.0012393820668864849,0.9995158131889496,0.9994801091660108,0.0265731306797079,0.03111870312214243,0.06792709231376648,0.9999698554414413,0.9999558776196267,0.00663114823964861,0.007764606604821036,0.01691615581512451
39,fe_ni_cr_threshold,mlp_scm,ok,0.1,5,1,0,False,0.6373729705810547,1.0,-0.0017941990146274332,0.9974687636665438,0.9972505766754881,0.054607214985026076,0.07115105652359942,0.22877728939056396,0.9998423997348108,0.9998173413918888,0.013629445404717444,0.017753887544675082,0.05707288533449173
39,fe_ni_cr_threshold,mlp_scm,ok,0.1,6,1,0,False,0.6285803914070129,1.0,-0.001194001405650703,0.9996261595467284,0.9995732713146411,0.02165848868713738,0.027343755308827954,0.08165097236633301,0.9999767255418542,0.9999654665259995,0.005404081748338285,0.006822676561948309,0.020372062921524048
39,fe_ni_cr_threshold,mlp_scm,ok,0.1,7,1,0,False,0.6215238571166992,1.0,-0.0011574368775210174,0.999981234885062,0.9999716691402618,0.005143611953194238,0.006126192226747512,0.01375715434551239,0.9999988317363845,0.9999960325620484,0.0012834298164108304,0.0015285702912930276,0.0034313201904296875
39,fe_ni_cr_threshold,mlp_scm,ok,0.1,8,1,0,False,0.6283184885978699,1.0,-0.001935957017693675,0.9991936514250614,0.9990111468242615,0.02827863113880369,0.04015840205402972,0.15692192316055298,0.9999498073257763,0.9999386332343895,0.007073091439792734,0.010019248785117774,0.038871169090270996
39,fe_ni_cr_threshold,mlp_scm,ok,0.1,9,1,0,False,0.6247566938400269,1.0,-0.0008755080008568803,0.9998781569351023,0.9998703485980973,0.013983989333269164,0.015610449646654544,0.04343605041503906,0.9999924171589676,0.999984376117588,0.003489343384529775,0.0038943140493502425,0.010843075811862946
39,fe_ni_cr_threshold,mlp_scm,ok,0.2,0,1,0,False,0.632209837436676,1.0,-0.0015289061928814743,0.9990521163983033,0.9988827806487375,0.031230407219624112,0.043540408971904754,0.17463082075119019,0.999940986106561,0.9999268650311135,0.007797282399508276,0.010864059376243717,0.04356560856103897
39,fe_ni_cr_threshold,mlp_scm,ok,0.2,1,1,0,False,0.6134282946586609,1.0,0.000193223046517374,0.9970006668215234,0.9973123904763607,0.05448736257358178,0.07745105848252719,0.3062783479690552,0.9998133835580442,0.9997836097867854,0.013619161502447241,0.01931923587234435,0.07635572552680969
39,fe_ni_cr_threshold,mlp_scm,ok,0.2,2,1,0,False,0.62442547082901,1.0,-0.0023299505551453137,0.9987906601673284,0.9985670955224946,0.03712245560199534,0.04918007586979583,0.1978062093257904,0.9999247288306363,0.9999104253093483,0.009267211002836007,0.012269569599028233,0.04899287223815918
39,fe_ni_cr_threshold,mlp_scm,ok,0.2,3,1,0,False,0.6328137516975403,1.0,-0.0010688375867909268,0.998686783449791,0.9986839728917816,0.043394771007832844,0.051248737753884825,0.11235308647155762,0.9999182446288375,0.9998968689650238,0.010828087318373036,0.012787131608228237,0.0280001163482666
39,fe_ni_cr_threshold,mlp_scm,ok,0.2,4,1,0,False,0.6308947801589966,1.0,-0.002112305671636378,0.9986117588923984,0.9983480594199269,0.03662521218143411,0.05269233609914143,0.20169097185134888,0.9999135787230248,0.9999009816894355,0.009159602648139753,0.013146959669291164,0.05030779540538788
39,fe_ni_cr_threshold,mlp_scm,ok,0.2,5,1,0,False,0.6082926988601685,1.0,0.0005549997158532334,0.9932710649554837,0.994030481099349,0.08647711988709261,0.11600806103577217,0.41832149028778076,0.999581333182898,0.9995381343430368,0.021608242687989332,0.028936717215118042,0.10428309440612793
39,fe_ni_cr_threshold,mlp_scm,ok,0.2,6,1,0,False,0.6445962190628052,0.9999999403953552,-0.0032506268906654116,0.9929120306137863,0.9923341163901007,0.08469396616646918,0.1190627554520648,0.4412720054388046,0.9995586271515428,0.9995322893569843,0.021163396416227442,0.029711035627606294,0.10936713218688965
39,fe_ni_cr_threshold,mlp_scm,ok,0.2,7,1,0,False,0.6273025870323181,1.0,-0.0005126707738835919,0.9992088792708276,0.9992116644910951,0.03604326821368886,0.03977740044054325,0.09309053421020508,0.9999507666086354,0.9999317265395893,0.0089929989464963,0.009923042851775346,0.023237280547618866
39,fe_ni_cr_threshold,mlp_scm,ok,0.2,8,1,0,False,0.6034249067306519,1.0,-0.00019384118409952113,0.9905048453337406,0.9911891696767041,0.10855881080863128,0.13780533377938353,0.4122217893600464,0.9994090217299948,0.9993357391281023,0.027087987350569165,0.03437959433786208,0.10280267894268036
39,fe_ni_cr_threshold,mlp_scm,ok,0.2,9,1,0,False,0.6144126057624817,1.0,0.0011342463376822062,0.9943324051654409,0.9950616014591229,0.07667685460523899,0.10646684838944903,0.44038522243499756,0.9996474988776964,0.9996104199449252,0.019165873142924283,0.026551878086743044,0.10897624492645264
39,fe_ni_cr_threshold,mlp_scm,ok,0.3,0,1,0,False,0.6187074184417725,1.0,0.0010926966517835748,0.9943466273846273,0.9951319536335025,0.07650167860970214,0.10633318083590171,0.3757045865058899,0.9996483747892618,0.9996003840032902,0.019100286306496628,0.026518868630203384,0.0936509370803833
39,fe_ni_cr_threshold,mlp_scm,ok,0.3,1,1,0,False,0.6421101093292236,1.0,-0.0012402191740490745,0.995281407321264,0.9954575294149203,0.08210096109883125,0.09714517988112864,0.22403603792190552,0.9997062274295585,0.9996559840140189,0.02048491425045995,0.024239330324065517,0.05593454837799072
39,fe_ni_cr_threshold,mlp_scm,ok,0.3,2,1,0,False,0.6113197207450867,1.0,-0.002489866239334822,0.9959524636557134,0.9960184916136184,0.0788227475010217,0.08997262190703711,0.22824764251708984,0.9997479822349338,0.9996992123238679,0.01968113936325544,0.022450735155735792,0.056997425854206085
39,fe_ni_cr_threshold,mlp_scm,ok,0.3,3,1,0,False,0.6370362043380737,0.9999999403953552,-0.001494009893363692,0.9970698145521901,0.9970782222301694,0.06318596010601141,0.07655306231499717,0.18476775288581848,0.9998175629749193,0.9997846631142263,0.01576384662641317,0.019101676017954736,0.04623723030090332
39,fe_ni_cr_threshold,mlp_scm,ok,0.3,4,1,0,False,0.6637531518936157,1.0,-0.002846221886656547,0.9859648953130576,0.9851486280487805,0.1262782902315962,0.16754166718950786,0.5655497461557388,0.9991259389052347,0.9990442274336598,0.03152008918550564,0.041810550803517345,0.14111986942589283
39,fe_ni_cr_threshold,mlp_scm,ok,0.3,5,1,0,False,0.6173833608627319,1.0,-0.0007593570475917401,0.9992112727799429,0.9991620324011157,0.03170782053803123,0.0397171814235466,0.10785341262817383,0.9999509052591239,0.9999347440276088,0.007910310521538122,0.00990906040707051,0.026723504066467285
39,fe_ni_cr_threshold,mlp_scm,ok,0.3,6,1,0,False,0.6196829080581665,1.0,-0.002511967056412413,0.9978006128864199,0.9976889953329517,0.059548861986968404,0.06632325836877793,0.20405840873718262,0.9998630810992103,0.9998297242686501,0.014866326881474379,0.016548045190494038,0.050960637629032135
39,fe_ni_cr_threshold,mlp_scm,ok,0.3,7,1,0,False,0.6077839732170105,1.0,0.0009469243444028379,0.9903869505834357,0.991395208229025,0.10600767231693453,0.13865821261397826,0.459139347076416,0.9994019503977761,0.9993395277519489,0.026475046859331997,0.034584666536570614,0.11362254619598389
39,fe_ni_cr_threshold,mlp_scm,ok,0.3,8,1,0,False,0.6490337252616882,1.0,-0.0035014248049427678,0.9906350402377977,0.9899010263929617,0.09872908654210732,0.13685730057169718,0.5045741125941277,0.999416793257951,0.9993780091043704,0.024663459370231067,0.034152795884884915,0.12507736682891846
39,fe_ni_cr_threshold,mlp_scm,ok,0.3,9,1,0,False,0.6044028401374817,0.9999999403953552,0.0017926943965393585,0.9803063987702598,0.9837271006186967,0.1524556012099083,0.1984621004251355,0.6617304086685181,0.9987750557778843,0.9986962440097275,0.038091944481834616,0.049496346206198895,0.16490580141544342
40,fe_ni_cr_threshold,tree_scm,ok,0.0,0,0,0,False,0.6466360688209534,1.0,-0.05601132310570659,1.0,1.0,0.0,0.0,0.0,1.0,1.0,0.0,0.0,0.0
40,fe_ni_cr_threshold,tree_scm,ok,0.1,0,1,0,False,0.6551217436790466,1.0,-0.05787497115076924,0.9981504012700465,0.9981534090909091,0.04299784260769002,0.06082102811162072,0.21329280734062195,0.9998817647689007,0.9997896810850437,0.010903482193725722,0.015377596218068971,0.05419456958770752
40,fe_ni_cr_threshold,tree_scm,ok,0.1,1,1,0,False,0.6448332071304321,1.0,-0.054874842472312564,0.999322057686306,0.9993624941885415,0.026482554810002057,0.036822338585818445,0.13569426536560059,0.9999566954786034,0.9999184048887775,0.006703449102019476,0.009306397892170526,0.03446626663208008
40,fe_ni_cr_threshold,tree_scm,ok,0.1,2,1,0,False,0.6486963033676147,1.0,-0.056451977508396,0.9999052458384867,0.9998907222301694,0.010113924683253117,0.013766202230089366,0.048113107681274414,0.9999939454980211,0.9999827220871182,0.0025648012584795765,0.003479799468414693,0.012223005294799805
40,fe_ni_cr_threshold,tree_scm,ok,0.1,3,1,0,False,0.6481808423995972,1.0,-0.05608682981828234,0.9999587920226263,0.9999526477898577,0.007864830153437197,0.009078323699815108,0.0181424617767334,0.9999973647463889,0.9999888352943278,0.0019885067981704196,0.0022957585692279115,0.0045882416889071465
40,fe_ni_cr_threshold,tree_scm,ok,0.1,4,1,0,False,0.6539629697799683,1.0,-0.05679995185468947,0.9993099941173953,0.9992918514412417,0.030193190866100394,0.0371485107335035,0.08621543645858765,0.9999558825104192,0.9998830443995421,0.00763448379223064,0.00939334771440456,0.021899431943893433
40,fe_ni_cr_threshold,tree_scm,ok,0.1,5,1,0,False,0.6442050933837891,1.0,-0.0560826839004845,0.9997692898930056,0.9997422394678492,0.019416601767773045,0.021480694365106683,0.046189069747924805,0.9999852452584179,0.999953284815106,0.004910334308533493,0.005432263259563226,0.01168157160282135
40,fe_ni_cr_threshold,tree_scm,ok,0.1,6,1,0,False,0.6535934209823608,1.0,-0.057686707497621545,0.9984966073031539,0.9985044547063872,0.038755301659136876,0.0548341630577068,0.19670970737934113,0.9999038999031472,0.9998314677061725,0.009820692673656595,0.013863628301120891,0.05000293254852295
40,fe_ni_cr_threshold,tree_scm,ok,0.1,7,1,0,False,0.6442331671714783,1.0,-0.05600862087768175,0.9997955961949131,0.999767273442529,0.017990237981678092,0.02021899172859521,0.03583207726478577,0.9999869277488073,0.9999569505042558,0.004549540779294148,0.005113169566104388,0.009061553981155157
40,fe_ni_cr_threshold,tree_scm,ok,0.1,8,1,0,False,0.6522880792617798,1.0,-0.057347496901670666,0.9990769759306416,0.9990726477004505,0.030535928428548686,0.04296566253608435,0.1498907208442688,0.9999410052049847,0.9998896381696587,0.00774511540629419,0.010862301540885223,0.03808331489562988
40,fe_ni_cr_threshold,tree_scm,ok,0.1,9,1,0,False,0.6482983827590942,0.9999999403953552,-0.05638020785990634,0.999931459284196,0.9999184831199485,0.00868596919843867,0.01170817811085912,0.0395084023475647,0.99999562039103,0.9999866448215434,0.002201089500502462,0.002959597559989116,0.010037660598754883
40,fe_ni_cr_threshold,tree_scm,ok,0.2,0,1,0,False,0.6608541011810303,1.0,-0.05852638098426988,0.9965117265462986,0.996451579375581,0.05985251064151953,0.08352572729921892,0.2945537865161896,0.9997769697884191,0.9995968300729561,0.01518426570748943,0.021120142864914326,0.07484668493270874
40,fe_ni_cr_threshold,tree_scm,ok,0.2,1,1,0,False,0.6355424523353577,1.0,-0.05295289821516415,0.9959358581631022,0.9963650668764752,0.06913520776620885,0.09015699591338254,0.2982768416404724,0.9997405704391856,0.9995075347793432,0.01750673549020121,0.02277847984080817,0.07575076818466187
40,fe_ni_cr_threshold,tree_scm,ok,0.2,2,1,0,False,0.6407416462898254,1.0,-0.0526784246673629,0.9952846968852939,0.9958684554037621,0.07062937498496069,0.09711130823177722,0.3561021089553833,0.9996990326826073,0.9995138379765394,0.01788905591259038,0.024534356070248727,0.09044954180717468
40,fe_ni_cr_threshold,tree_scm,ok,0.2,3,1,0,False,0.6450608372688293,0.9999999403953552,-0.053304692224671414,0.9962145095743391,0.9965782691688719,0.0637135580691961,0.08701138594379143,0.3170399069786072,0.999758294103522,0.9995917003433229,0.01612185508207631,0.02198662732798037,0.08050361275672913
40,fe_ni_cr_threshold,tree_scm,ok,0.2,4,1,0,False,0.637736439704895,1.0,-0.05453665421589414,0.9987178030480856,0.9987650986159787,0.040107464550089844,0.05063984560606953,0.15227335691452026,0.9999180964813527,0.9998041091481294,0.010141588243300248,0.01279871253203712,0.03866651654243469
40,fe_ni_cr_threshold,tree_scm,ok,0.2,5,1,0,False,0.6647191643714905,0.9999999403953552,-0.05908311401073276,0.9945331741414988,0.9944065495136254,0.07455696050988081,0.10456410358906641,0.3657715916633606,0.9996504037310904,0.9993289665438809,0.018911836710827856,0.026442248810569807,0.09294980764389038
40,fe_ni_cr_threshold,tree_scm,ok,0.2,6,1,0,False,0.6376243829727173,1.0,-0.05289278332385947,0.9957877591549525,0.9962518328445747,0.0700799526076139,0.09178497678912353,0.3250277638435364,0.9997311216082913,0.9995093117445104,0.017748491679753897,0.023189583760236276,0.0825718343257904
40,fe_ni_cr_threshold,tree_scm,ok,0.2,7,1,0,False,0.6451854705810547,1.0,-0.054355178372449145,0.9984328329041608,0.9985274323188611,0.041447727277329705,0.055985125911763294,0.1894545555114746,0.9998999004074727,0.9998187048494385,0.010486918553070268,0.014149176348901045,0.04812479019165039
40,fe_ni_cr_threshold,tree_scm,ok,0.2,8,1,0,False,0.6357759237289429,0.9999999403953552,-0.05353691159464913,0.9972971285323812,0.9975036545132677,0.055967559850444104,0.07352375796396271,0.2522438168525696,0.9998274375417768,0.9996588226879335,0.014179564661787936,0.018577537671074295,0.06403961777687073
40,fe_ni_cr_threshold,tree_scm,ok,0.2,9,1,0,False,0.6363263130187988,1.0,-0.05196238660032324,0.993441491119937,0.9945102393426793,0.08685763382555933,0.11452955279676161,0.3878166079521179,0.9995814881591318,0.9992969811708746,0.022007373601240943,0.028931362034706126,0.09847509860992432
40,fe_ni_cr_threshold,tree_scm,ok,0.3,0,1,0,False,0.6332252621650696,0.9999999403953552,-0.05318070212658199,0.9961904901866531,0.9965193610972034,0.06812362923693627,0.08728699604050673,0.28275352716445923,0.9997567875925918,0.9995030085473142,0.01722934799192899,0.02205504026053763,0.07178571820259094
40,fe_ni_cr_threshold,tree_scm,ok,0.3,1,1,0,False,0.6532340049743652,1.0,-0.057495843302061256,0.9988567292347706,0.9988623511372575,0.03403348436853548,0.04781779606815866,0.16750219464302063,0.9999269252718204,0.9998633189686001,0.008637543543045467,0.012089228876285623,0.042558372020721436
40,fe_ni_cr_threshold,tree_scm,ok,0.3,2,1,0,False,0.6341784596443176,1.0,-0.054434658305340035,0.9972966081611829,0.997436241595737,0.060507755949927855,0.07353083635224056,0.15825822111219168,0.9998272538740708,0.999571851977684,0.015285080322087197,0.018587422166018754,0.03976035118103027
40,fe_ni_cr_threshold,tree_scm,ok,0.3,3,1,0,False,0.6560232043266296,1.0,-0.05759979520200194,0.9983217827112294,0.998271057596023,0.044819030362930334,0.05793474545116567,0.19474144279956818,0.9998927082679792,0.9997777005400186,0.011340733444683337,0.0146486676689965,0.04949164390563965
40,fe_ni_cr_threshold,tree_scm,ok,0.3,4,1,0,False,0.6760069131851196,1.0,-0.058126895708524244,0.9927282472552098,0.9918977680420573,0.09900386852717702,0.12059645726144289,0.27675333619117737,0.9995348422366972,0.9988756504363064,0.025028489608345694,0.03050107400843596,0.070272296667099
40,fe_ni_cr_threshold,tree_scm,ok,0.3,5,1,0,False,0.6547845005989075,1.0,-0.05541024851795422,0.998380511244806,0.998341622112152,0.051006633080673325,0.056912015571507185,0.18410253524780273,0.9998964551933439,0.9997388978792647,0.012897230134853999,0.014390608436742103,0.04681527614593506
40,fe_ni_cr_threshold,tree_scm,ok,0.3,6,1,0,False,0.6584949493408203,1.0,-0.058582768572184224,0.9961215937182986,0.9961597771082182,0.06250100166874972,0.08807277126888179,0.34559259563684464,0.9997520093532885,0.9995416435698447,0.01585421281527033,0.022270637444796557,0.08781558275222778
40,fe_ni_cr_threshold,tree_scm,ok,0.3,7,1,0,False,0.6701029539108276,0.9999999403953552,-0.05945011827970758,0.9921350168050355,0.9920995793398181,0.09293011307869392,0.12541916590814084,0.4230303019285202,0.9994969447650148,0.9989553568235461,0.023529910541753907,0.0317192440264812,0.10755693912506104
40,fe_ni_cr_threshold,tree_scm,ok,0.3,8,1,0,False,0.6726452112197876,1.0,-0.05839766787887357,0.9934084054787343,0.9927388621164437,0.09241626636281808,0.1148180701431208,0.29021501541137695,0.9995783726705034,0.9990150025033974,0.02338009705715649,0.029038847286085034,0.07371500134468079
40,fe_ni_cr_threshold,tree_scm,ok,0.3,9,1,0,False,0.6273793578147888,1.0,-0.05254425616761007,0.9918103475564479,0.9919762199592304,0.10338539397031354,0.12798166229167457,0.31953614950180054,0.9994770662116468,0.9988179605357271,0.026129494562837863,0.03233987614975708,0.08114254474639893
41,fe_ni_cr_threshold,tree_scm,ok,0.0,0,0,0,False,0.6552777290344238,1.0,-0.03233534977058692,1.0,1.0,0.0,0.0,0.0,1.0,1.0,0.0,0.0,0.0
41,fe_ni_cr_threshold,tree_scm,ok,0.1,0,1,0,False,0.6586117148399353,0.9999999403953552,-0.03282050702127235,0.9991962664549275,0.999251540036478,0.02832042085856301,0.04009322975645429,0.16783550381660461,0.9999491970479193,0.9993687862098561,0.007124302004342553,0.010079975227103657,0.04218730330467224
41,fe_ni_cr_threshold,tree_scm,ok,0.1,1,1,0,False,0.6592339873313904,1.0,-0.03201516180676489,0.9997519219926017,0.9997166578749732,0.019270180375428936,0.022274559559082485,0.0446619987487793,0.9999843233172857,0.9997656752914669,0.004846595542318255,0.005599407594103201,0.011180639266967773
41,fe_ni_cr_threshold,tree_scm,ok,0.1,2,1,0,False,0.6635048389434814,1.0,-0.031854916807386495,0.9991480080492406,0.9990925742972604,0.034397575177536055,0.04127934034943657,0.08907273411750793,0.9999461588927981,0.9992540657857091,0.008651502776388043,0.01037700417041761,0.02237951010465622
41,fe_ni_cr_threshold,tree_scm,ok,0.1,3,1,0,False,0.6458768248558044,1.0,-0.03232167699838344,0.9985352568599026,0.9985563219726772,0.042408427679447414,0.05412472851522533,0.18568533658981323,0.9999074138783582,0.9987840864387383,0.010662284546484102,0.013607800665976558,0.046683356165885925
41,fe_ni_cr_threshold,tree_scm,ok,0.1,4,1,0,False,0.6666533946990967,1.0,-0.03245215464619687,0.9984501717144801,0.9984950334382375,0.041630354102039746,0.05567455971088781,0.21106380224227905,0.9999020329940078,0.998762762856734,0.010468826662872743,0.013997643178109639,0.05305999517440796
41,fe_ni_cr_threshold,tree_scm,ok,0.1,5,1,0,False,0.6623828411102295,1.0,-0.032308745981759326,0.9993033195806044,0.9992839277412201,0.028762904165205327,0.03732774956134522,0.1309782862663269,0.9999559631509356,0.9994110869215362,0.007230976192516891,0.009384758907077304,0.03293107450008392
41,fe_ni_cr_threshold,tree_scm,ok,0.1,6,1,0,False,0.6515037417411804,1.0,-0.03218540705505056,0.9995389677173289,0.9995325128746155,0.022540579908309155,0.030365515455904043,0.12162208557128906,0.9999708598842875,0.9996135380158786,0.005670467694756098,0.007634148984070054,0.03057219833135605
41,fe_ni_cr_threshold,tree_scm,ok,0.1,7,1,0,False,0.650783896446228,1.0,-0.0323045751532211,0.9997048429986916,0.9996833984514698,0.018755320198124537,0.024296378773995528,0.0874667763710022,0.9999813432967771,0.9997247156855732,0.004715761721456602,0.006108470082319283,0.02198868989944458
41,fe_ni_cr_threshold,tree_scm,ok,0.1,8,1,0,False,0.6482656598091125,1.0,-0.03233643697373002,0.9990049703329558,0.99899976977684,0.0348078639939331,0.04461008137738569,0.1521642804145813,0.9999371041451378,0.9991515829518631,0.008751237173385107,0.011215690474987492,0.03825658559799194
41,fe_ni_cr_threshold,tree_scm,ok,0.1,9,1,0,False,0.6619758605957031,1.0,-0.03239720463595184,0.9993055727879808,0.9992986016736998,0.027978532606994122,0.037267337184817916,0.13751554489135742,0.9999561047161643,0.9994271690150918,0.0070354266630374696,0.009369662348959251,0.03457123041152954
41,fe_ni_cr_threshold,tree_scm,ok,0.2,0,1,0,False,0.6423811316490173,1.0,-0.03217497865031437,0.9966501408943732,0.9970163078463627,0.06362432408053564,0.08185180483029644,0.28909021615982056,0.9997882645268732,0.9975201836420856,0.015998426736430815,0.020578409599162822,0.07267151772975922
41,fe_ni_cr_threshold,tree_scm,ok,0.2,1,1,0,False,0.6680067181587219,1.0,-0.032588834887601274,0.9971071099832198,0.9972736995744222,0.05508268419134765,0.07606431435348096,0.2996515929698944,0.9998171310573624,0.9977511751376622,0.01385541406786217,0.0191242746659959,0.07533443719148636
41,fe_ni_cr_threshold,tree_scm,ok,0.2,2,1,0,False,0.6537142395973206,1.0,-0.03195486968847626,0.999807163905797,0.9998091271189471,0.014613989323606802,0.019638538013346613,0.0720410943031311,0.9999878163318613,0.9998353233853086,0.0036772425800108977,0.004936328231670958,0.01808987557888031
41,fe_ni_cr_threshold,tree_scm,ok,0.2,3,1,0,False,0.6547107696533203,1.0,-0.03247839041302756,0.9999609028073561,0.9999515860811101,0.006945949523924355,0.008842758870623363,0.03636366128921509,0.9999975291969972,0.9999560117302052,0.0017455963819088538,0.002222972356932222,0.009146936237812042
41,fe_ni_cr_threshold,tree_scm,ok,0.2,4,1,0,False,0.6601353287696838,1.0,-0.03180831973234124,0.9995038040203492,0.9994683521386167,0.02746534177470039,0.03150225298819588,0.061525553464889526,0.9999686478855789,0.9995455774801515,0.0069079846556405755,0.007918600347400348,0.015453167259693146
41,fe_ni_cr_threshold,tree_scm,ok,0.2,5,1,0,False,0.6579766869544983,1.0,-0.03325483227630721,0.9980204529865015,0.9982343671768829,0.048488439999616606,0.06292133302369725,0.2502804100513458,0.9998748701178582,0.9984651379550818,0.012200911119265356,0.015819600896015806,0.06291168183088303
41,fe_ni_cr_threshold,tree_scm,ok,0.2,6,1,0,False,0.6806969046592712,1.0,-0.03240529281573435,0.9934329349796894,0.9937068275695585,0.08542215852025947,0.11460423208946341,0.43043261766433716,0.9995848888578972,0.9947441840712394,0.021477942243976145,0.02881357837551479,0.10821624100208282
41,fe_ni_cr_threshold,tree_scm,ok,0.2,7,1,0,False,0.6470032334327698,1.0,-0.032418082820619545,0.9982253546589025,0.9982729798476503,0.04689994436671441,0.05957592349820505,0.19915539026260376,0.9998878225687626,0.9985437155782848,0.011790173841802698,0.014978480129295816,0.05007490515708923
41,fe_ni_cr_threshold,tree_scm,ok,0.2,8,1,0,False,0.6492857933044434,1.0,-0.032239519350164586,0.9988526599434987,0.9988769468385664,0.03645888960954835,0.04790281853487515,0.1875101923942566,0.999927478619385,0.9990473678563765,0.00916865613498885,0.012043370172205196,0.04713914543390274
41,fe_ni_cr_threshold,tree_scm,ok,0.2,9,1,0,False,0.6564733386039734,1.0,-0.03310616207564223,0.9983190490982958,0.9984849863207209,0.04487028589107922,0.05798190937419018,0.25458329916000366,0.9998937448884686,0.9986716905979542,0.011289198019021285,0.014577730492165568,0.06399576365947723
41,fe_ni_cr_threshold,tree_scm,ok,0.3,0,1,0,False,0.6667892336845398,1.0,-0.031230620060343477,0.9977423670624506,0.9976635254988913,0.0596829791662401,0.06719572850042145,0.17366647720336914,0.9998573704614103,0.9980129617874256,0.015009728771701702,0.016889614312439065,0.04348796606063843
41,fe_ni_cr_threshold,tree_scm,ok,0.3,1,1,0,False,0.6850049495697021,1.0,-0.03191989760986331,0.9925434167920165,0.9927214836206277,0.09466670579786296,0.12211947270414605,0.41805440187454224,0.999528722677062,0.9939319880552178,0.023794892492446706,0.030701053133137212,0.10511746257543564
41,fe_ni_cr_threshold,tree_scm,ok,0.3,2,1,0,False,0.6538222432136536,1.0,-0.031764300138444404,0.9987950019979862,0.9988969404906659,0.03521636281902829,0.049091710727777134,0.23119091987609863,0.9999238525743448,0.9990910208497245,0.00885578899934103,0.01234078005155958,0.058100201189517975
41,fe_ni_cr_threshold,tree_scm,ok,0.3,3,1,0,False,0.6666992902755737,1.0,-0.030689013200950622,0.996479995966746,0.9964603636184821,0.07600024721568843,0.08390475702511609,0.16800975799560547,0.9997776719062705,0.9969084047099633,0.01910725717191797,0.021086872256460214,0.0419808030128479
41,fe_ni_cr_threshold,tree_scm,ok,0.3,4,1,0,False,0.6720593571662903,1.0,-0.03252011866804015,0.9952961590284259,0.9954583452542735,0.07042713686360003,0.09699320678441312,0.3906807005405426,0.9997026578142217,0.9962045700414847,0.017711163218791626,0.024386151455476745,0.09822239726781845
41,fe_ni_cr_threshold,tree_scm,ok,0.3,5,1,0,False,0.6535306572914124,1.0,-0.03126636897745217,0.998371401787036,0.9985536621128674,0.0444107891795511,0.057071852317361546,0.1888177990913391,0.9998971176801735,0.9988039012767326,0.011173500703577588,0.014344498612181367,0.04756426811218262
41,fe_ni_cr_threshold,tree_scm,ok,0.3,6,1,0,False,0.649001955986023,1.0,-0.03359208175824537,0.9973381201260026,0.9974554194084827,0.0647989675833287,0.0729640989962653,0.13524731993675232,0.9998317382455499,0.9977332518239039,0.01630073176301039,0.018344577176165826,0.03398200124502182
41,fe_ni_cr_threshold,tree_scm,ok,0.3,7,1,0,False,0.6573882102966309,1.0,-0.03331752883412115,0.9987795722982661,0.9989369054431013,0.04180201425006658,0.049405013859277376,0.14488202333450317,0.9999228672192118,0.9990555933051998,0.010516116549268872,0.012420368938085988,0.036380961537361145
41,fe_ni_cr_threshold,tree_scm,ok,0.3,8,1,0,False,0.6404073238372803,1.0,-0.03295801012997865,0.9924453128301818,0.9925645854194978,0.09914060693608917,0.12292019208013939,0.3354388475418091,0.9995224069137433,0.9936908684107002,0.024921776434894127,0.030906086652684538,0.08437034487724304
41,fe_ni_cr_threshold,tree_scm,ok,0.3,9,1,0,False,0.6378064751625061,1.0,-0.030929398410190042,0.9844863784124034,0.9895737071740219,0.13535667516548244,0.17614551528628827,0.6626471877098083,0.999019781694995,0.9914352178849866,0.034057703897190095,0.04427681764644848,0.166476771235466
42,fe_ni_cr_threshold,tree_scm,ok,0.0,0,0,0,False,0.6392189860343933,1.0,-0.0856621525011251,1.0,1.0,0.0,0.0,0.0,1.0,1.0,0.0,0.0,0.0
42,fe_ni_cr_threshold,tree_scm,ok,0.1,0,1,0,False,0.6335238814353943,1.0,-0.08179619829740212,0.999395658517814,0.9993891263142836,0.028187654849389787,0.03476611888578436,0.08999437093734741,0.9999612846546124,0.9999060443637794,0.007118414556444463,0.00879947105050853,0.02329397201538086
42,fe_ni_cr_threshold,tree_scm,ok,0.1,1,1,0,False,0.6456778049468994,1.0,-0.09001455999260828,0.9991800662237468,0.9992149166726272,0.03504497858982347,0.04049527936703941,0.07805228233337402,0.9999473234005293,0.9998762829912022,0.008855919147094937,0.010264170697271981,0.021463632583618164
42,fe_ni_cr_threshold,tree_scm,ok,0.1,2,1,0,False,0.6381545066833496,1.0,-0.084846249647213,0.999975132587629,0.9999689981045704,0.005972653265629901,0.007052292324235615,0.015384855214506388,0.9999984073387612,0.9999927692046346,0.0014995310011158836,0.0017847472010672832,0.0040985941886901855
42,fe_ni_cr_threshold,tree_scm,ok,0.1,3,1,0,False,0.6351513266563416,1.0,-0.08297047174493631,0.9996681505686578,0.9996595267684714,0.020590761324697837,0.025762353561491917,0.07378232479095459,0.9999787043609494,0.9999454616980186,0.005211092208227797,0.006526199358155877,0.019258499145507812
42,fe_ni_cr_threshold,tree_scm,ok,0.1,4,1,0,False,0.6308466792106628,1.0,-0.08050591645067717,0.9982867709620246,0.9984107477290908,0.04463587257903612,0.058535956592226934,0.20351392030715942,0.9998897824679379,0.9997431335383734,0.011325423007576774,0.014847056005445785,0.052390456199645996
42,fe_ni_cr_threshold,tree_scm,ok,0.1,5,1,0,False,0.6369172930717468,1.0,-0.0837776817243964,0.999726753355505,0.999707024265074,0.02101377228781587,0.02337719632623271,0.08554387092590332,0.9999823849488013,0.999956592876046,0.0053178379149194654,0.005935495144533236,0.02200484275817871
42,fe_ni_cr_threshold,tree_scm,ok,0.1,6,1,0,False,0.6385852098464966,1.0,-0.08628085847400493,0.9997711438829046,0.9997505654996064,0.017118352405859127,0.021394210667350876,0.06751912832260132,0.9999851550720457,0.9999567828660324,0.004350328150280802,0.005448839971034519,0.017211243510246277
42,fe_ni_cr_threshold,tree_scm,ok,0.1,7,1,0,False,0.6355151534080505,1.0,-0.08334264753573006,0.9997112416562257,0.9997071360238895,0.01883174466173898,0.024031576797873277,0.0756959319114685,0.99998143859782,0.9999516643122809,0.004774000578919413,0.006092848594411048,0.019710659980773926
42,fe_ni_cr_threshold,tree_scm,ok,0.1,8,1,0,False,0.6345622539520264,1.0,-0.08299023943257851,0.9994889936401027,0.999487742293112,0.024074232408693774,0.031968933395572816,0.11189848184585571,0.9999670798522812,0.9999188072205134,0.0061123556525757294,0.00811420327860385,0.028913140296936035
42,fe_ni_cr_threshold,tree_scm,ok,0.1,9,1,0,False,0.6404331922531128,1.0,-0.08614226294528095,0.9999704877084129,0.9999657570989199,0.005477931932162505,0.007682745730148351,0.03022587299346924,0.9999980914816761,0.9999932944710679,0.0013994430527475288,0.0019537238327028087,0.007696531713008881
42,fe_ni_cr_threshold,tree_scm,ok,0.2,0,1,0,False,0.6462718844413757,1.0,-0.09088019940231219,0.9986304659725452,0.9987373489020814,0.04634296242623748,0.0523361074263056,0.09914207458496094,0.9999118548301513,0.9998054502539161,0.01173255416063057,0.013277437451608039,0.025905579328536987
42,fe_ni_cr_threshold,tree_scm,ok,0.2,1,1,0,False,0.6416276693344116,0.9999999403953552,-0.0881141881953064,0.999410287562176,0.9993999110399826,0.0311847059416408,0.0343427562633695,0.09499526023864746,0.9999618899321758,0.9999043456297831,0.00790688611641599,0.008730414344173865,0.024556875228881836
42,fe_ni_cr_threshold,tree_scm,ok,0.2,2,1,0,False,0.6329450607299805,1.0,-0.08296616340870815,0.996906975267372,0.9973111164258636,0.05565066575705657,0.07865144266078773,0.30566784739494324,0.9997996021974572,0.9995404030469923,0.014186146202106897,0.02001988074176084,0.07696413993835449
42,fe_ni_cr_threshold,tree_scm,ok,0.2,3,1,0,False,0.646462082862854,1.0,-0.09004026728000002,0.9991661140351022,0.9992207281310349,0.03302095026011287,0.040838364672759773,0.10227763652801514,0.9999464235588521,0.9998741707495886,0.008350887926326322,0.010351467907095605,0.027032852172851562
42,fe_ni_cr_threshold,tree_scm,ok,0.2,4,1,0,False,0.6257972121238708,1.0,-0.07664982222783571,0.9960326402544446,0.996470902474787,0.07039411826390563,0.08907704207204518,0.29238349199295044,0.9997456333122114,0.9994530635326514,0.017812495417302898,0.02255511900744769,0.07452106475830078
42,fe_ni_cr_threshold,tree_scm,ok,0.2,5,1,0,False,0.6403468251228333,1.0,-0.0874881339998297,0.9997222308774133,0.999707169551534,0.02139014377131332,0.023569858868787343,0.04564642906188965,0.9999820679915629,0.9999502114476789,0.005421369342514026,0.005988657323556788,0.012394547462463379
42,fe_ni_cr_threshold,tree_scm,ok,0.2,6,1,0,False,0.6539360284805298,1.0,-0.09206319458073017,0.9972935800309592,0.9975254363064157,0.0560812195743523,0.07357200671967527,0.2563839256763458,0.9998253506093017,0.9996247697768399,0.014254806477737247,0.018689537148333178,0.0658121109008789
42,fe_ni_cr_threshold,tree_scm,ok,0.2,7,1,0,False,0.6374099850654602,0.9999999403953552,-0.08197971018963551,0.9988618196390268,0.9988475095665545,0.04321980616818166,0.04771122193453231,0.12145781517028809,0.9999266202584419,0.9998463428045204,0.010937594592711264,0.012114432701905624,0.03134694695472717
42,fe_ni_cr_threshold,tree_scm,ok,0.2,8,1,0,False,0.6532082557678223,1.0,-0.09380208879777129,0.9973189993771556,0.9976360328302696,0.06275446417258479,0.0732256874810698,0.14975696802139282,0.9998277337560099,0.9996375996888633,0.0158028162417736,0.018561586693570758,0.04114711284637451
42,fe_ni_cr_threshold,tree_scm,ok,0.2,9,1,0,False,0.6358412504196167,1.0,-0.0839019067188324,0.999763122240798,0.9997599867677561,0.016231015330490095,0.021765926282689495,0.07921236753463745,0.9999847296572586,0.9999584033688576,0.004124536478514074,0.005526362781217862,0.02030014991760254
42,fe_ni_cr_threshold,tree_scm,ok,0.3,0,1,0,False,0.6239314079284668,1.0,-0.07326757425203075,0.986250646524895,0.9893971729490021,0.12476863249118253,0.16582733893551221,0.6082043051719666,0.9991151676569113,0.9982520585973821,0.031769472363862405,0.04206738322093211,0.15597426891326904
42,fe_ni_cr_threshold,tree_scm,ok,0.3,1,1,0,False,0.6781940460205078,1.0,-0.09765187692015556,0.9858772666497828,0.9874046697303482,0.12227113373261034,0.168063881044778,0.6312059760093689,0.9990851200096907,0.9981632773943209,0.031133033551668632,0.042775694415813456,0.1614457368850708
42,fe_ni_cr_threshold,tree_scm,ok,0.3,2,1,0,False,0.6808984279632568,1.0,-0.09862507277788059,0.9847649081820957,0.9865310734210713,0.1282067201261583,0.17455710957827408,0.6485505029559135,0.9990132325642619,0.998018259155282,0.032635998127148014,0.044424485134501236,0.16585755348205566
42,fe_ni_cr_threshold,tree_scm,ok,0.3,3,1,0,False,0.6200476884841919,1.0,-0.07034192290484495,0.9859702198786257,0.9882261864315856,0.12904543571507077,0.16750988176461665,0.5956729054450989,0.9991002338993711,0.9982312491059292,0.03277667193913203,0.04242089469371175,0.15168726444244385
42,fe_ni_cr_threshold,tree_scm,ok,0.3,4,1,0,False,0.6487706303596497,1.0,-0.09029032087586862,0.9990992169995433,0.9991486772226593,0.03473944304037957,0.04244485775293109,0.11480909585952759,0.9999421446229182,0.9998667723160002,0.008765328651008986,0.0107568936425031,0.02923494763672352
42,fe_ni_cr_threshold,tree_scm,ok,0.3,5,1,0,False,0.6426628828048706,0.9999999403953552,-0.08875835062738265,0.9982561793356152,0.9983319437987268,0.05184942708727647,0.05905625613268673,0.2098257839679718,0.9998870271603433,0.9997387637686859,0.01316208143731501,0.015031489485393148,0.05448770523071289
42,fe_ni_cr_threshold,tree_scm,ok,0.3,6,1,0,False,0.6566647887229919,1.0,-0.09443424650137648,0.9968497040658928,0.9972286160682354,0.06660059940337248,0.07937626754971287,0.17319846153259277,0.9997975185318652,0.9995738859881266,0.016751251390701327,0.02012369115439883,0.045127153396606445
42,fe_ni_cr_threshold,tree_scm,ok,0.3,7,1,0,False,0.6253888607025146,1.0,-0.07564732662026362,0.9953648913567055,0.9958112795937344,0.07666749520889482,0.0962819701481532,0.300287663936615,0.9997030653307201,0.9993630418067375,0.01939074894278292,0.024369435192641783,0.07708203792572021
42,fe_ni_cr_threshold,tree_scm,ok,0.3,8,1,0,False,0.6245938539505005,1.0,-0.07079575464341967,0.9921415946431883,0.9919800309348401,0.10637396698601975,0.12536670679262965,0.25930944085121155,0.9994987851318575,0.9990066988234031,0.02669631060567923,0.03166117085549951,0.07109570503234863
42,fe_ni_cr_threshold,tree_scm,ok,0.3,9,1,0,False,0.6406907439231873,1.0,-0.08519889334090817,0.999255331888622,0.9992466226485943,0.02850411341454162,0.03859192005640392,0.17242302000522614,0.999951676903906,0.9998931697482297,0.007250846690141088,0.009830879513532323,0.044071197509765625
43,fe_ni_cr_threshold,tree_scm,ok,0.0,0,0,0,False,0.642871081829071,0.9999999403953552,0.01750277970757187,1.0,1.0,0.0,0.0,0.0,1.0,1.0,0.0,0.0,0.0
43,fe_ni_cr_threshold,tree_scm,ok,0.1,0,1,0,False,0.6428828239440918,1.0,0.017656801045360323,0.9999909471172327,0.9999837726199842,0.0037934344061341108,0.0042550870937268165,0.009512186050415039,0.9999994421327618,0.9999971166225592,0.0009392583281169209,0.0010562833172414034,0.00247955322265625
43,fe_ni_cr_threshold,tree_scm,ok,0.1,1,1,0,False,0.6409124732017517,1.0,0.0172802613229851,0.9999023201216513,0.9998813456655459,0.010593228857359804,0.0139771156241008,0.052847474813461304,0.9999939741847246,0.9999865777662542,0.0026287685200259148,0.003471545825724557,0.013123497366905212
43,fe_ni_cr_threshold,tree_scm,ok,0.1,2,1,0,False,0.6347121596336365,1.0,0.016708232879485887,0.9985223860700271,0.9983998149274013,0.041057065247088076,0.054362006705663414,0.1871335506439209,0.9999088308115128,0.9998636542450466,0.010185782338112404,0.013503272786545312,0.046485571190714836
43,fe_ni_cr_threshold,tree_scm,ok,0.1,3,1,0,False,0.648318886756897,1.0,0.017873128055361998,0.9995997451654312,0.9994994657928618,0.02092075473120758,0.02829328016306898,0.10316377878189087,0.9999753100615695,0.9999561793684284,0.00519249101182595,0.007027081533431887,0.02562018111348152
43,fe_ni_cr_threshold,tree_scm,ok,0.1,4,1,0,False,0.6459683775901794,1.0,0.016830955894864847,0.9996946634330649,0.9996219422788067,0.021433699994645394,0.024711801290063767,0.04766833782196045,0.9999811704104211,0.9999663605965237,0.005319319852326032,0.006136707439347468,0.01211690902709961
43,fe_ni_cr_threshold,tree_scm,ok,0.1,5,1,0,False,0.6519002318382263,1.0,0.017497578738151096,0.9988892674482852,0.9986940870645875,0.03758304341067742,0.04713242152677033,0.13076770305633545,0.9999314668217663,0.9998964442815249,0.009335491341580848,0.01170753415295348,0.032482314854860306
43,fe_ni_cr_threshold,tree_scm,ok,0.1,6,1,0,False,0.6403126120567322,1.0,0.017556159101121092,0.9999105183096567,0.9998831002789499,0.010649959758438854,0.01337771939022436,0.038609862327575684,0.9999944790649464,0.9999872036156211,0.002645069413119927,0.0033229309517512928,0.009590867906808853
43,fe_ni_cr_threshold,tree_scm,ok,0.1,7,1,0,False,0.6545606255531311,1.0,0.017637165840175818,0.9982390161319378,0.9979812558114582,0.046867928742358345,0.05934616823346042,0.1738516092300415,0.9998913498781602,0.9998397937379301,0.011640995294840195,0.014741106996098662,0.043181609362363815
43,fe_ni_cr_threshold,tree_scm,ok,0.1,8,1,0,False,0.6353732347488403,0.9999999403953552,0.016941827398906234,0.9989501816277951,0.9988162282740861,0.03468820872728884,0.045821793476250434,0.16032803058624268,0.9999352256934901,0.9999020881017094,0.00860804586204722,0.011381942067438828,0.039825630374252796
43,fe_ni_cr_threshold,tree_scm,ok,0.1,9,1,0,False,0.6428640484809875,1.0,0.016834633286099986,0.9998416505235145,0.9998049696910091,0.015759928498709996,0.01779603762815551,0.04099321365356445,0.9999902409556761,0.9999792799155998,0.0039022655738563117,0.004417928073889586,0.010412216186523438
43,fe_ni_cr_threshold,tree_scm,ok,0.2,0,1,0,False,0.6233451962471008,1.0,0.01491935096797031,0.9851284932133779,0.98818888133896,0.13299691108363731,0.17246162561546682,0.5859320163726807,0.9990820395180855,0.9987822759459265,0.032995527738421515,0.042847647489126055,0.145612183958292
43,fe_ni_cr_threshold,tree_scm,ok,0.2,1,1,0,False,0.6490632891654968,1.0,0.017037934500327104,0.9995473360926135,0.9994468720942705,0.02505875358326648,0.030088666103817052,0.06808829307556152,0.9999720733819972,0.9999516531363992,0.006218911983864928,0.007473502168149392,0.01691862940788269
43,fe_ni_cr_threshold,tree_scm,ok,0.2,2,1,0,False,0.6548189520835876,1.0,0.020104260699109863,0.9965731136594324,0.9963511752557039,0.055907894624851906,0.08278751706511094,0.32253433391451836,0.99978888385329,0.9996865053465417,0.01383537033467519,0.02054829128788529,0.08001607656478882
43,fe_ni_cr_threshold,tree_scm,ok,0.2,3,1,0,False,0.6616032123565674,1.0,0.016492789063425616,0.9958761020404072,0.9954113283205779,0.07543190958529067,0.09081737682081603,0.19943119585514069,0.9997455198492257,0.9996488649774693,0.01872439304230511,0.022560148429941477,0.04950091242790222
43,fe_ni_cr_threshold,tree_scm,ok,0.2,4,1,0,False,0.6725271940231323,1.0,0.019112983107411864,0.9910223394661277,0.9900802540054359,0.09974515889371105,0.13399746511657173,0.46308666467666626,0.9994463589230526,0.9992484107896429,0.024751248434597528,0.033275849431898846,0.11497142538428307
43,fe_ni_cr_threshold,tree_scm,ok,0.2,5,1,0,False,0.6580365896224976,1.0,0.01789378950908029,0.9971899921868379,0.9967983222766611,0.058474685021906225,0.07496676432246134,0.23212718963623047,0.9998266408499628,0.9997498725949502,0.014521338398935768,0.018620373158709624,0.05765092745423317
43,fe_ni_cr_threshold,tree_scm,ok,0.2,6,1,0,False,0.6473571062088013,0.9999999403953552,0.01708422565903771,0.9996005015649834,0.9995145532329589,0.02387136015613578,0.028266533288312082,0.06267645955085754,0.9999753531664755,0.9999564140619411,0.005921982426883687,0.007020944661410953,0.015549853444099426
43,fe_ni_cr_threshold,tree_scm,ok,0.2,7,1,0,False,0.6331417560577393,1.0,0.017687610513897806,0.9975282171649377,0.9974500773371003,0.05690743360491979,0.07031049483955733,0.16474294662475586,0.9998474967418157,0.9997829085008225,0.014134195084352541,0.01746443557003494,0.04092129273340106
43,fe_ni_cr_threshold,tree_scm,ok,0.2,8,1,0,False,0.6403758525848389,1.0,0.015610540610675185,0.9987856020720294,0.9986023107252701,0.036437517840226974,0.049282814316926216,0.18478217720985413,0.9999251395208298,0.9998850560582218,0.009015711095514689,0.012236051242719766,0.04588331654667854
43,fe_ni_cr_threshold,tree_scm,ok,0.2,9,1,0,False,0.6269489526748657,1.0,0.01447965484690252,0.988104027907141,0.9903254081431944,0.11739300173701395,0.15424637647891098,0.5405082404613495,0.9992657395621554,0.999044428599528,0.029094763961666104,0.03832128421677629,0.13429895415902138
43,fe_ni_cr_threshold,tree_scm,ok,0.3,0,1,0,False,0.6485959887504578,1.0,0.017713952915554755,0.9997070526767088,0.9996219646305698,0.017001111678212055,0.02420526124523995,0.10091912746429443,0.9999819270881181,0.9999653659430656,0.004219872635985666,0.006012139691625895,0.025064952671527863
43,fe_ni_cr_threshold,tree_scm,ok,0.3,1,1,0,False,0.6229532361030579,1.0,0.012947153041296377,0.9745762274493696,0.9832384016701236,0.17369558416362452,0.2254940077702617,0.7906216382980347,0.9984302148234758,0.997978707710464,0.043046623971150666,0.05603186811625685,0.19680547714233398
43,fe_ni_cr_threshold,tree_scm,ok,0.3,2,1,0,False,0.6267457008361816,0.9999999403953552,0.014681894323165526,0.9882529502348717,0.9903129917387882,0.11710771772573025,0.15327785023359153,0.5277669131755829,0.9992749359198996,0.99905969485373,0.02903278775511353,0.03808054713912422,0.13112932443618774
43,fe_ni_cr_threshold,tree_scm,ok,0.3,3,1,0,False,0.677110493183136,1.0,0.01851748992723761,0.9892859617079652,0.9881718604713539,0.11200247574811328,0.14638331868451707,0.48127543926239014,0.9993391253655736,0.9991129591052141,0.02780750586174463,0.03635586886509459,0.11950966343283653
43,fe_ni_cr_threshold,tree_scm,ok,0.3,4,1,0,False,0.6641477942466736,1.0,0.01921156497282717,0.9942982225190291,0.9936264282776625,0.07799440664689428,0.10678742858382954,0.3745024502277374,0.9996484233795182,0.9995095576139045,0.01935057082403091,0.02651703638825781,0.0930631011724472
43,fe_ni_cr_threshold,tree_scm,ok,0.3,5,1,0,False,0.6227631568908691,1.0,0.014351646482460378,0.9824729668598522,0.9869148978971459,0.14399765626990302,0.18722731565257006,0.6499608755111694,0.9989180360301544,0.9985725381768114,0.03570555333840275,0.04651803895418191,0.1615438349545002
43,fe_ni_cr_threshold,tree_scm,ok,0.3,6,1,0,False,0.6480395197868347,1.0,0.01752226790480422,0.9995779159330427,0.9994825902117157,0.02321746944721781,0.029054571158928563,0.07810068130493164,0.9999739571886672,0.9999535083327372,0.005767148735230876,0.00721703690262072,0.019399691373109818
43,fe_ni_cr_threshold,tree_scm,ok,0.3,7,1,0,False,0.6410180926322937,1.0,0.01585563474471523,0.9991036311486583,0.9989297528789071,0.03233201300395194,0.04234073262118254,0.15411946177482605,0.9999447494068625,0.9999148733102066,0.0080025945716784,0.010511954349499234,0.03826586529612541
43,fe_ni_cr_threshold,tree_scm,ok,0.3,8,1,0,False,0.6500362753868103,1.0,0.02050030856152999,0.9968137799436461,0.9965608794971746,0.057651918856890916,0.07982756435333181,0.31373612582683563,0.9998038060315981,0.9997100082254488,0.014250459044376385,0.019808784197546458,0.07781697809696198
43,fe_ni_cr_threshold,tree_scm,ok,0.3,9,1,0,False,0.6714031100273132,1.0,0.019123117818497647,0.991769683995625,0.9908184880373364,0.09470208767083932,0.1282989947706175,0.4543377757072449,0.9994924550028518,0.9993102357663971,0.02350056387604127,0.031860476576534506,0.11279871687293053
44,fe_ni_cr_threshold,tree_scm,ok,0.0,0,0,0,False,0.6379836797714233,1.0,0.07830239492522606,1.0,1.0,0.0,0.0,0.0,1.0,1.0,0.0,0.0,0.0
44,fe_ni_cr_threshold,tree_scm,ok,0.1,0,1,0,False,0.6323202848434448,1.0,0.07567815625918942,0.9982301723180019,0.998298214988198,0.042522490297486115,0.059495003918032356,0.22498685121536255,0.9998940127910022,0.999729778359917,0.01034859341768879,0.014559341284365243,0.05571889877319336
44,fe_ni_cr_threshold,tree_scm,ok,0.1,1,1,0,False,0.6361798048019409,1.0,0.07846253044876786,0.9999278809773617,0.9999065472784493,0.010299843674445697,0.012009914390942972,0.025430850684642792,0.9999956769962652,0.9999784752521278,0.0025204728386754027,0.0029404093955957052,0.006227696314454079
44,fe_ni_cr_threshold,tree_scm,ok,0.1,2,1,0,False,0.6344664096832275,1.0,0.07688007634538416,0.9994946300937633,0.9993482002360345,0.02230942719945972,0.03179213515938676,0.1216244101524353,0.9999697455752444,0.9999007358200414,0.005429959949367458,0.007778743446242731,0.03014826774597168
44,fe_ni_cr_threshold,tree_scm,ok,0.1,3,1,0,False,0.631702721118927,1.0,0.0783656863800529,0.9993222641620306,0.9992965341356126,0.0311904840438757,0.036816730847752575,0.08240088820457458,0.9999593674009755,0.9998596644553321,0.0076362224850825555,0.009014721062102823,0.020176473073661327
44,fe_ni_cr_threshold,tree_scm,ok,0.1,4,1,0,False,0.6420847177505493,1.0,0.07858824418908568,0.9998245554294479,0.999815989110221,0.014937340327989546,0.018732035546874717,0.05562466382980347,0.9999894842135948,0.999960750303984,0.00365537736826127,0.0045860192212137,0.01361658051609993
44,fe_ni_cr_threshold,tree_scm,ok,0.1,5,1,0,False,0.6485255360603333,1.0,0.08046480363909758,0.9981157999687557,0.9982538467384308,0.0436505586587117,0.06138729627595884,0.2307422161102295,0.9998872170248038,0.9997158979150275,0.010632999452131031,0.015018853017377794,0.05663156509399414
44,fe_ni_cr_threshold,tree_scm,ok,0.1,6,1,0,False,0.6406781673431396,1.0,0.0784491609803718,0.9998970300119825,0.9998792557756956,0.011678179467992322,0.014350609048466119,0.03517696261405945,0.9999938272720336,0.9999746307488734,0.0028586004155766176,0.0035136101413260914,0.008612053468823433
44,fe_ni_cr_threshold,tree_scm,ok,0.1,7,1,0,False,0.6433270573616028,1.0,0.07914646902705862,0.9995284906655793,0.9995380114083399,0.023413023672603117,0.030708609425142346,0.10151755809783936,0.9999717557524621,0.9999110511587153,0.005721821211101208,0.007515882824292687,0.025043785572052002
44,fe_ni_cr_threshold,tree_scm,ok,0.1,8,1,0,False,0.6364734768867493,1.0,0.0781332433630247,0.9999797137030882,0.9999626725556111,0.004774930889723805,0.006369661994841835,0.024732112884521484,0.9999987844722756,0.9999914169229668,0.0011670905445413382,0.0015591842432941146,0.006054546684026718
44,fe_ni_cr_threshold,tree_scm,ok,0.1,9,1,0,False,0.641506552696228,1.0,0.07839149792546247,0.9998599861976877,0.9998412466025318,0.013827354116685342,0.016734025214441357,0.03797340393066406,0.9999916059341035,0.9999673664258635,0.003385933370168459,0.004097332260047414,0.009297039359807968
44,fe_ni_cr_threshold,tree_scm,ok,0.2,0,1,0,False,0.6360308527946472,1.0,0.07707197771902029,0.9996098221230599,0.9995116698555181,0.019905134212187647,0.027934848256811338,0.12235087156295776,0.9999766414272222,0.9999200030398397,0.004848859393575822,0.006834994195917814,0.030189990997314453
44,fe_ni_cr_threshold,tree_scm,ok,0.2,1,1,0,False,0.6258901357650757,1.0,0.07823147359998738,0.9968077098264658,0.9968254684929545,0.06712426172315133,0.07990357138372502,0.18401763960719109,0.9998086048242724,0.9994333045740647,0.016436952622427725,0.019565028981278248,0.04505813866853714
44,fe_ni_cr_threshold,tree_scm,ok,0.2,2,1,0,False,0.6410620212554932,1.0,0.07781412634132599,0.999780599732308,0.999747849760389,0.018415616694753112,0.020947566370358557,0.03856700658798218,0.9999868509339711,0.9999510049352692,0.004506020475275818,0.005128170404880854,0.009571313858032227
44,fe_ni_cr_threshold,tree_scm,ok,0.2,3,1,0,False,0.6518478989601135,0.9999999403953552,0.07737479230024104,0.9975067700388187,0.9975364892532721,0.06068009988250367,0.07061487122219344,0.14942006766796112,0.9998505106922089,0.999582167316358,0.014851645177540007,0.017290997798155253,0.03660023771226406
44,fe_ni_cr_threshold,tree_scm,ok,0.2,4,1,0,False,0.6286382079124451,1.0,0.07340586982565402,0.9940607956292279,0.9953678988448608,0.0796250342617395,0.10898811331976214,0.4072200655937195,0.9996441623774499,0.999174415277877,0.01936410742179362,0.026677242019029664,0.1009368896484375
44,fe_ni_cr_threshold,tree_scm,ok,0.2,5,1,0,False,0.626280665397644,1.0,0.07495773942342944,0.9959036082052919,0.9965362255024676,0.06811791588036442,0.09051399949121998,0.31904488801956177,0.9997545149268158,0.9993839407052427,0.016619032990234928,0.022157846282186287,0.07844042778015137
44,fe_ni_cr_threshold,tree_scm,ok,0.2,6,1,0,False,0.6657223701477051,0.9999999403953552,0.08196332707670041,0.9915820964510086,0.9920349939203205,0.09450414655582051,0.12975287027820773,0.4736120104789734,0.9994961006613933,0.9988190669480007,0.023080984109299152,0.03174584448214863,0.11583549901843071
44,fe_ni_cr_threshold,tree_scm,ok,0.2,7,1,0,False,0.6318901777267456,0.9999999403953552,0.07816299167640059,0.9994692682512916,0.9994239950647305,0.02715757240146388,0.03258010932942278,0.0727812871336937,0.9999681797535332,0.9998871906515986,0.006651215870363103,0.007977499037380695,0.01782063487917185
44,fe_ni_cr_threshold,tree_scm,ok,0.2,8,1,0,False,0.6610498428344727,1.0,0.07922929141019014,0.9950689573998065,0.9952258310385523,0.08002302095603397,0.09930803321345762,0.2630101442337036,0.9997044488029451,0.9992492042772333,0.019587698786097008,0.02431259773849433,0.06437749788165092
44,fe_ni_cr_threshold,tree_scm,ok,0.2,9,1,0,False,0.6303912997245789,1.0,0.07229756113334808,0.9923420646528882,0.9943765087440095,0.08901453191158737,0.12375730437122621,0.46646445989608765,0.9995412087519631,0.9990033348830555,0.021669003821727983,0.030291624012383046,0.11574172973632812
44,fe_ni_cr_threshold,tree_scm,ok,0.3,0,1,0,False,0.6542647480964661,1.0,0.08182088243100766,0.9949000346634058,0.9952521949431371,0.0709511638512339,0.10099470692072884,0.3825654685497284,0.9996948189384899,0.9992966011909017,0.017275203181782217,0.024705507576741184,0.09439414739608765
44,fe_ni_cr_threshold,tree_scm,ok,0.3,1,1,0,False,0.6406683921813965,1.0,0.07746560514788244,0.9997587443316459,0.9997286160682353,0.017524674888264258,0.02196614121634672,0.13966894149780273,0.9999855517949127,0.9999507814176382,0.004283895445979624,0.005375538165731954,0.033948540687561035
44,fe_ni_cr_threshold,tree_scm,ok,0.3,2,1,0,False,0.6215795278549194,1.0,0.0753910250292223,0.9938191088505359,0.9944945260532151,0.08844179944499331,0.11118355126440636,0.3375081419944763,0.9996294063051154,0.9990213504041197,0.021629024385902085,0.027224757311957642,0.08267100527882576
44,fe_ni_cr_threshold,tree_scm,ok,0.3,3,1,0,False,0.6272542476654053,1.0,0.07304788050479105,0.9932075335843884,0.9947911786531719,0.0853113554302638,0.1165544216588068,0.4304061532020569,0.9995930118802046,0.9990669480008583,0.020747886198215326,0.028530268967088643,0.10694551467895508
44,fe_ni_cr_threshold,tree_scm,ok,0.3,4,1,0,False,0.675675094127655,1.0,0.0836148917523926,0.9840605650889953,0.98501366810314,0.1254021894944657,0.17854655144343795,0.6596351377665997,0.9990463011620971,0.9978307613904586,0.030595317313725445,0.04367376403885994,0.1625193953514099
44,fe_ni_cr_threshold,tree_scm,ok,0.3,5,1,0,False,0.633770227432251,1.0,0.07724162589846442,0.9996719767027998,0.999565615835777,0.01789701066338978,0.025613406909066234,0.10587304830551147,0.9999803591744277,0.9999271891316787,0.004348341694424107,0.0062675076680856635,0.025920609943568707
44,fe_ni_cr_threshold,tree_scm,ok,0.3,6,1,0,False,0.6565448641777039,0.9999999403953552,0.07813513963164141,0.9963019362027588,0.9964617159001502,0.07215594226094879,0.0860007429905673,0.20198537409305573,0.9997782765773654,0.9994127297761246,0.017666322614694252,0.021058177280095916,0.049460334703326225
44,fe_ni_cr_threshold,tree_scm,ok,0.3,7,1,0,False,0.6343135237693787,1.0,0.07539789391018897,0.9983216442325644,0.9983460701130105,0.04161447740064261,0.057937135315762105,0.2162589430809021,0.9998995357336715,0.9997439605536084,0.010142293098848398,0.014174926185002133,0.05363583564758301
44,fe_ni_cr_threshold,tree_scm,ok,0.3,8,1,0,False,0.6478938460350037,1.0,0.07997389426090214,0.9986499734099785,0.9987008261211643,0.037832800256225596,0.051962035892917806,0.1946445107460022,0.999919166919428,0.9997791198769758,0.009233172469521378,0.012714800808396222,0.04762646183371544
44,fe_ni_cr_threshold,tree_scm,ok,0.3,9,1,0,False,0.6430824995040894,1.0,0.07828016050651627,0.9994987387252231,0.9995030756026034,0.026330135627787854,0.03166263653664682,0.08203785121440887,0.9999699469817763,0.9999042226950862,0.006446813895655268,0.007752808360310942,0.0200877133756876
45,fe_ni_cr_threshold,tree_scm,ok,0.0,0,0,0,False,0.6508968472480774,1.0,0.008815937019823722,1.0,1.0,0.0,0.0,0.0,1.0,1.0,0.0,0.0,0.0
45,fe_ni_cr_threshold,tree_scm,ok,0.1,0,1,0,False,0.6475539207458496,1.0,0.006322809696560339,0.999784073866695,0.9997805727415777,0.01584161328190703,0.02078105581683607,0.07348161935806274,0.9999867935080723,0.9999591074493954,0.003889262506191926,0.005139356448377815,0.018749535083770752
45,fe_ni_cr_threshold,tree_scm,ok,0.1,1,1,0,False,0.6568042039871216,1.0,0.012824781211023876,0.9992874888454977,0.9992851012087833,0.027086901239783856,0.03774946806372529,0.1479959487915039,0.9999563602862985,0.9998915157177597,0.006609297783217727,0.009342345861395606,0.03752124309539795
45,fe_ni_cr_threshold,tree_scm,ok,0.1,2,1,0,False,0.6464143395423889,1.0,0.004983822352190842,0.9993913673480899,0.9993949489485731,0.025661374235198764,0.03488933021210021,0.13601398468017578,0.9999626807376536,0.9999068043237249,0.006266576962019599,0.008639358948156026,0.03458893299102783
45,fe_ni_cr_threshold,tree_scm,ok,0.1,3,1,0,False,0.6458936333656311,1.0,0.00466114486946407,0.9992936481384569,0.9993051283885273,0.027714635277959587,0.037585951347990275,0.14326578378677368,0.9999566919775502,0.9998920521600742,0.0067700610885026435,0.009306774164853879,0.03644353151321411
45,fe_ni_cr_threshold,tree_scm,ok,0.1,4,1,0,False,0.6464089155197144,1.0,0.006572271528000739,0.9994443669906047,0.99936823859166,0.029391372048110043,0.033335656659303124,0.07539820671081543,0.9999657009112561,0.9998714438344896,0.007314586586090854,0.008282401771644665,0.018280446529388428
45,fe_ni_cr_threshold,tree_scm,ok,0.1,5,1,0,False,0.6467584371566772,0.9999999403953552,0.00583858402864791,0.9996397524873873,0.9996492337815605,0.019768479235168,0.026842039205363873,0.10455530881881714,0.9999779203618226,0.9999430030040769,0.004838742499087445,0.006645244533523588,0.026578962802886963
45,fe_ni_cr_threshold,tree_scm,ok,0.1,6,1,0,False,0.6467614769935608,1.0,0.0058502880816304155,0.9996344846407377,0.9996417012373935,0.019853287598834868,0.027037580084964558,0.10612493753433228,0.9999775917824061,0.9999426677276304,0.004853485216045783,0.00669450793133682,0.02696782350540161
45,fe_ni_cr_threshold,tree_scm,ok,0.1,7,1,0,False,0.6531313061714172,1.0,0.009652496563302984,0.9998984570754975,0.9998711979650955,0.012635991490981269,0.0142508195178611,0.039649248123168945,0.9999937300408052,0.9999692439739646,0.003145525917403802,0.003541174671560431,0.009682059288024902
45,fe_ni_cr_threshold,tree_scm,ok,0.1,8,1,0,False,0.6509079933166504,1.0,0.00928160097827037,0.9997383955987847,0.9996941161218795,0.018868001343605556,0.02287375763098422,0.08375316858291626,0.9999837994193512,0.9999497644124167,0.004694366865827249,0.0056922018216376095,0.020930171012878418
45,fe_ni_cr_threshold,tree_scm,ok,0.1,9,1,0,False,0.6398574709892273,0.9999999403953552,0.00020432512124349007,0.9975194486024019,0.9977439024390242,0.0554630473724842,0.07043509734384416,0.22833389043807983,0.9998481432817592,0.9995788369036549,0.013617427882792299,0.017427375736120604,0.05850410461425781
45,fe_ni_cr_threshold,tree_scm,ok,0.2,0,1,0,False,0.6406189799308777,1.0,0.0020468609031317636,0.9982187143275953,0.9982700964702095,0.04928179601699867,0.059687280173639785,0.13868887349963188,0.999890783627724,0.999638560814677,0.012219671172459812,0.014779470572445287,0.0352933406829834
45,fe_ni_cr_threshold,tree_scm,ok,0.2,1,1,0,False,0.6504767537117004,1.0,0.006477375398316352,0.9979469152709893,0.9980984572813102,0.05002794039643277,0.06407939980358728,0.2330629825592041,0.9998728804232038,0.9997054372898934,0.012443927230179952,0.01594487859014674,0.05847358703613281
45,fe_ni_cr_threshold,tree_scm,ok,0.2,2,1,0,False,0.645079493522644,1.0,0.003737623248609219,0.9991001154327342,0.9991106456977326,0.03210009931669333,0.04242368535083916,0.15905225276947021,0.9999449240265808,0.9998521542629282,0.00788286874595201,0.010495329729144241,0.040569305419921875
45,fe_ni_cr_threshold,tree_scm,ok,0.2,3,1,0,False,0.6438702940940857,1.0,0.0019330067068541376,0.9972469849371537,0.9977343023567699,0.05337547937750742,0.07420262925712688,0.2917425036430359,0.9998305188572145,0.9996611584471782,0.013124639335217125,0.018410928222092594,0.07397788763046265
45,fe_ni_cr_threshold,tree_scm,ok,0.2,4,1,0,False,0.668612539768219,1.0,0.019023419882209854,0.9947043285532512,0.9951284667584578,0.07158888731810009,0.10291425029161061,0.41293397545814514,0.9996756893499947,0.9993192435269292,0.01753023363735906,0.025468044353779126,0.10435909032821655
45,fe_ni_cr_threshold,tree_scm,ok,0.2,5,1,0,False,0.6460996866226196,1.0,0.007271881546364119,0.9987957310749842,0.9986923324511837,0.04431616057701149,0.049076856793556514,0.1693713665008545,0.9999254264013494,0.9997520965953793,0.011035995166849943,0.012212583392793887,0.04183250665664673
45,fe_ni_cr_threshold,tree_scm,ok,0.2,6,1,0,False,0.6560399532318115,1.0,0.01313706178277216,0.9991724759856466,0.9991446203776553,0.029089790084697142,0.04068228258501994,0.1860431432723999,0.9999493199445098,0.9998751318754023,0.0071017890806217565,0.010067775776988534,0.04704982042312622
45,fe_ni_cr_threshold,tree_scm,ok,0.2,7,1,0,False,0.6619729995727539,1.0,0.01491059336399571,0.9985277986027535,0.9984971233280882,0.04550142370686672,0.054262350848571395,0.12850912287831306,0.9999099892129727,0.9997041297117515,0.011267573708920509,0.013417211726225205,0.03232914209365845
45,fe_ni_cr_threshold,tree_scm,ok,0.2,8,1,0,False,0.6418026685714722,1.0,0.00030424302219668264,0.9966865562902822,0.9972651723767969,0.059835533959528675,0.08140569651437823,0.31669992208480835,0.99979638634876,0.9995818767434373,0.014612994659472633,0.02017987368339859,0.08052551746368408
45,fe_ni_cr_threshold,tree_scm,ok,0.2,9,1,0,False,0.6503558158874512,1.0,0.00952669885533992,0.999585277364561,0.9995139050318289,0.02365981907217929,0.0288000916744831,0.12561985850334167,0.9999743233364575,0.9999225846684785,0.005885953954845036,0.007166123580231813,0.031393229961395264
45,fe_ni_cr_threshold,tree_scm,ok,0.3,0,1,0,False,0.6404837965965271,1.0,-0.0021870884716519933,0.9928740599911614,0.9947890105321506,0.08643310794712988,0.1193812381546078,0.4747142195701599,0.9995608340860075,0.9991635076174809,0.021272967265673515,0.029636663981789445,0.12045997381210327
45,fe_ni_cr_threshold,tree_scm,ok,0.3,1,1,0,False,0.6352400183677673,1.0,-0.016893712699421276,0.9717856799756452,0.9805150405013945,0.18255598081552193,0.23754713009313247,0.8921857476234436,0.9982603275079662,0.9964880462770902,0.04473987515652311,0.058985971852138,0.22812163829803467
45,fe_ni_cr_threshold,tree_scm,ok,0.3,2,1,0,False,0.6782721281051636,1.0,0.023831093451401428,0.9907788915308714,0.991588081592876,0.09692784895838713,0.13580212716564669,0.5255183577537537,0.9994372001367351,0.998778532025606,0.023730749318929156,0.03354995923596768,0.13301950693130493
45,fe_ni_cr_threshold,tree_scm,ok,0.3,3,1,0,False,0.6452019214630127,1.0,-0.00021174869815473877,0.9946243781567321,0.995730254452471,0.07510026442452045,0.10368820278852309,0.4575998783111572,0.9996685760603222,0.9993589290823258,0.01853203323352659,0.02574583214700693,0.11580789089202881
45,fe_ni_cr_threshold,tree_scm,ok,0.3,4,1,0,False,0.6369773745536804,1.0,-0.005908757997377443,0.990990285492958,0.9930723727737643,0.10102661173448269,0.13423646789502097,0.5114025473594666,0.9994460994407849,0.9987812254130605,0.02469878660767222,0.033283646887308324,0.13040566444396973
45,fe_ni_cr_threshold,tree_scm,ok,0.3,5,1,0,False,0.6795132756233215,1.0,0.02245949644412719,0.9928878002672874,0.9931563231829033,0.0989450032890602,0.11926608581746806,0.28180693462491035,0.9995661265848717,0.9988515105321507,0.024464723793386156,0.029457543179870663,0.07291412353515625
45,fe_ni_cr_threshold,tree_scm,ok,0.3,6,1,0,False,0.6419127583503723,1.0,-0.0037848057169515862,0.9899890838981715,0.9930285856698376,0.10295623009386645,0.14149852244644218,0.5574939250946045,0.9993824698454058,0.9988033843888675,0.025384103714387152,0.035143424481118006,0.14150595664978027
45,fe_ni_cr_threshold,tree_scm,ok,0.3,7,1,0,False,0.6494285464286804,1.0,0.009604832071041331,0.9978780675205144,0.9978122094270796,0.05536736781726859,0.06514495429973848,0.26574647426605225,0.9998685708378278,0.9996342692761603,0.013779291819020045,0.01621290633448296,0.06627988815307617
45,fe_ni_cr_threshold,tree_scm,ok,0.3,8,1,0,False,0.6304771304130554,1.0,-0.006569221159460598,0.9906386150123465,0.9906903006759171,0.11260459918077004,0.13683117697419303,0.31185565516352654,0.9994247211460107,0.998326154692082,0.027946868186944585,0.03391987213368018,0.08100223541259766
45,fe_ni_cr_threshold,tree_scm,ok,0.3,9,1,0,False,0.6319252848625183,1.0,-0.008661399189852316,0.9890512101132407,0.9909453678206136,0.1142959372143082,0.14797830732599346,0.5310326218605042,0.9993276691200228,0.9983815311851799,0.028043211335074147,0.03666963002567934,0.13589757680892944
46,fe_ni_cr_threshold,tree_scm,ok,0.0,0,0,0,False,0.6346422433853149,1.0,0.05869721599992161,1.0,1.0,0.0,0.0,0.0,1.0,1.0,0.0,0.0,0.0
46,fe_ni_cr_threshold,tree_scm,ok,0.1,0,1,0,False,0.6283577084541321,1.0,0.058113924588352905,0.9983177983493785,0.9982517568290421,0.04257198256686934,0.05800347662333592,0.22083307802677155,0.9998982109699279,0.9998386202703669,0.010457373517732904,0.01426807845755789,0.054273754358291626
46,fe_ni_cr_threshold,tree_scm,ok,0.1,1,1,0,False,0.6334826946258545,1.0,0.058473459304194675,0.9998382364291817,0.9998045226535623,0.01627252776347632,0.01798685999943846,0.049042463302612305,0.999990213084756,0.9999762512516986,0.0040038966661661846,0.004424232199690026,0.011995077133178711
46,fe_ni_cr_threshold,tree_scm,ok,0.1,2,1,0,False,0.6458200216293335,1.0,0.059266469440029224,0.9980914372664028,0.9980669189219622,0.046727806991839316,0.06178288936789397,0.2033076286315918,0.9998845434977791,0.9998019410271082,0.011482504128043303,0.01519582208673271,0.05002198368310928
46,fe_ni_cr_threshold,tree_scm,ok,0.1,3,1,0,False,0.6332488656044006,1.0,0.058629115654346496,0.9999493956479102,0.999938689113112,0.007223276028980763,0.010060253811335566,0.036424875259399414,0.9999969381788536,0.9999910145912307,0.0017749192522664714,0.0024745994207562225,0.008962228894233704
46,fe_ni_cr_threshold,tree_scm,ok,0.1,4,1,0,False,0.6353227496147156,1.0,0.05877796723897723,0.9999659501686302,0.999952837779317,0.007451927958072702,0.008252252129093373,0.026656150817871094,0.9999979399729366,0.9999918527823474,0.0018334163211015664,0.0020297916734207814,0.006531715393066406
46,fe_ni_cr_threshold,tree_scm,ok,0.1,5,1,0,False,0.6361092925071716,1.0,0.05883130018483831,0.9999485372595132,0.99993041896067,0.00879979737894132,0.01014521959340291,0.02326679229736328,0.9999968867512758,0.999988432962592,0.0021654114092761745,0.002495295103284413,0.005681395530700684
46,fe_ni_cr_threshold,tree_scm,ok,0.1,6,1,0,False,0.6325465440750122,1.0,0.058506036687932736,0.9999195554842314,0.9998964666321309,0.010377238412502265,0.012684204012512983,0.029135942459106445,0.999995133353875,0.9999866224697803,0.0025529779121775675,0.0031198224697974305,0.0071735382080078125
46,fe_ni_cr_threshold,tree_scm,ok,0.1,7,1,0,False,0.631026029586792,1.0,0.05828312721751833,0.9995509290167737,0.9995223204653003,0.022813062756227964,0.029969016381982034,0.11719177663326263,0.9999728302957118,0.9999484791860381,0.0056040253940459195,0.007371526988709606,0.02879112958908081
46,fe_ni_cr_threshold,tree_scm,ok,0.1,8,1,0,False,0.6384466886520386,1.0,0.058964495098880916,0.9997820586219667,0.9997385961275413,0.017963708550723823,0.02087780526623751,0.04204142093658447,0.9999868158893449,0.9999678693405336,0.004420400168118732,0.005134999717606238,0.010435223579406738
46,fe_ni_cr_threshold,tree_scm,ok,0.1,9,1,0,False,0.6422871947288513,1.0,0.05886315421574504,0.9984359512575441,0.9985478618141123,0.038357881579486275,0.05592939759851427,0.20729275047779083,0.9999053690155806,0.9998383632250912,0.009430847671172415,0.013757251491691437,0.050972580909729004
46,fe_ni_cr_threshold,tree_scm,ok,0.2,0,1,0,False,0.6241722106933594,1.0,0.05751692483985041,0.9957360647116197,0.9958285770061348,0.06991768512921226,0.0923464685263956,0.31298552453517914,0.999741970238275,0.9996128115835776,0.017170803207935847,0.02271694406266958,0.07689967751502991
46,fe_ni_cr_threshold,tree_scm,ok,0.2,1,1,0,False,0.6375630497932434,1.0,0.05869623135627293,0.9998975295311509,0.9998817256441972,0.009773800864536497,0.014315758191868989,0.0593489408493042,0.9999937998438384,0.9999843649417065,0.0024041998182333657,0.003521407737220609,0.014598697423934937
46,fe_ni_cr_threshold,tree_scm,ok,0.2,2,1,0,False,0.6336560845375061,1.0,0.05872439068171035,0.9982160266978852,0.9980793129747437,0.04493866566548377,0.05973229242559068,0.2413545399904251,0.9998920583619793,0.9998280143587727,0.011054361314887018,0.01469296720474205,0.059370845556259155
46,fe_ni_cr_threshold,tree_scm,ok,0.2,3,1,0,False,0.6261559128761292,1.0,0.05806460125053988,0.998836394343172,0.9987404334313135,0.039698533653108825,0.048241178991554265,0.1194227933883667,0.9999295945966904,0.999876439453544,0.009765682310019397,0.011866373082954417,0.029401063919067383
46,fe_ni_cr_threshold,tree_scm,ok,0.2,4,1,0,False,0.6215171217918396,1.0,0.0572886865813902,0.9960869322549144,0.9958296638722829,0.0720274999323749,0.08846544865843083,0.2199779748916626,0.9997632095745682,0.9996300000894068,0.01771604711690955,0.021761913167636655,0.054174989461898804
46,fe_ni_cr_threshold,tree_scm,ok,0.2,5,1,0,False,0.630298376083374,1.0,0.05835524948607806,0.9985555789147534,0.9984956816225555,0.037792594135424906,0.053747951215701376,0.22238703072071075,0.9999125989943937,0.9998610502646448,0.009288216879081546,0.013221271229450738,0.05467548966407776
46,fe_ni_cr_threshold,tree_scm,ok,0.2,6,1,0,False,0.6503430604934692,1.0,0.059033485133581524,0.9945604844643066,0.9946474008771659,0.07140343518426562,0.10430259534245473,0.415668785572052,0.9996709019086982,0.9994894186753449,0.017554501293734148,0.02565533431388167,0.10220718383789062
46,fe_ni_cr_threshold,tree_scm,ok,0.2,7,1,0,False,0.6405479907989502,1.0,0.05922083150715815,0.9993813446455502,0.9993202940521991,0.0285198928245336,0.03517542681999376,0.08432620763778687,0.9999625793648428,0.9999251215935913,0.007012585888315215,0.00865108507790583,0.020749390125274658
46,fe_ni_cr_threshold,tree_scm,ok,0.2,8,1,0,False,0.639092206954956,1.0,0.05900252035113291,0.9993043528907364,0.999305106028998,0.026529328611900382,0.0373000567844609,0.16607452183961868,0.9999579142706351,0.9999210200450612,0.006517381919753262,0.009174500546715779,0.04081973433494568
46,fe_ni_cr_threshold,tree_scm,ok,0.2,9,1,0,False,0.6281548738479614,1.0,0.057824990333850836,0.9986321408458939,0.998504354106738,0.045051192040546084,0.05230409551817853,0.10281670093536377,0.9999172393904611,0.9998572616407982,0.011087293461304881,0.012865504940233533,0.025604605674743652
46,fe_ni_cr_threshold,tree_scm,ok,0.3,0,1,0,False,0.6200520992279053,1.0,0.05591687297648139,0.9896625774895057,0.9893524469520291,0.12275956176586078,0.14378750078454292,0.2911015897989273,0.9993743211904561,0.999010856251341,0.030227482230447578,0.03537453407331125,0.07263648509979248
46,fe_ni_cr_threshold,tree_scm,ok,0.3,1,1,0,False,0.6331867575645447,1.0,0.058467737449951554,0.9989604000724854,0.9988777179618513,0.032246877497073,0.04559824498700675,0.22550563514232635,0.9999370952810053,0.999896511336814,0.007928542053701193,0.011216480793765683,0.05545172095298767
46,fe_ni_cr_threshold,tree_scm,ok,0.3,2,1,0,False,0.6248552203178406,1.0,0.05817957275791929,0.9958182464874897,0.9962055534766554,0.06456079072756893,0.09145220963068021,0.34251827001571655,0.999746952533093,0.9996224228417138,0.01586535681307666,0.022496554266810423,0.08428041636943817
46,fe_ni_cr_threshold,tree_scm,ok,0.3,3,1,0,False,0.6181533932685852,1.0,0.05564809442722873,0.9886010970637084,0.9881784401064733,0.12539691701664424,0.1509894194769672,0.34101083874702454,0.9993100522860219,0.9989233938023031,0.030875761664464818,0.037146943536047514,0.08432185649871826
46,fe_ni_cr_threshold,tree_scm,ok,0.3,4,1,0,False,0.6331875920295715,0.9999999403953552,0.058109514057115196,0.9966672560063962,0.9968266195732893,0.06953561295563304,0.08164244155934365,0.3496186211705208,0.999798328286664,0.9996775758171804,0.017110132586271476,0.02008341152691588,0.08606627583503723
46,fe_ni_cr_threshold,tree_scm,ok,0.3,5,1,0,False,0.6185901165008545,1.0,0.05601922681568594,0.980179851372631,0.9852543405475996,0.1519446891366627,0.19909871639785437,0.691890299320221,0.99880019096333,0.9982838204527573,0.03732332506704594,0.048985897666134724,0.17017647624015808
46,fe_ni_cr_threshold,tree_scm,ok,0.3,6,1,0,False,0.6741752028465271,1.0,0.06010597051064363,0.9854361225335283,0.985035818533141,0.13336081442901104,0.17066855449528465,0.5036380887031555,0.9991191338051081,0.9986495511765968,0.032782592207563965,0.04197299680889961,0.1238910797983408
46,fe_ni_cr_threshold,tree_scm,ok,0.3,7,1,0,False,0.6186584830284119,1.0,0.0559617711947411,0.9903072920659111,0.9899799056529833,0.11388376920376686,0.13923151981167245,0.3254499137401581,0.9994133556743301,0.9990936024783634,0.0280251648523695,0.034253301258808794,0.08044373989105225
46,fe_ni_cr_threshold,tree_scm,ok,0.3,8,1,0,False,0.6311852335929871,1.0,0.05824273983606687,0.9995160628483859,0.999457165075115,0.027226248828355892,0.03111067789893297,0.07418179512023926,0.9999707211165827,0.99994072312424,0.006699940861398801,0.0076523046574714084,0.018108844757080078
46,fe_ni_cr_threshold,tree_scm,ok,0.3,9,1,0,False,0.6219013333320618,0.9999999403953552,0.05688792744293332,0.9881983867835206,0.9905333353136995,0.11486354630460482,0.15363341865151725,0.5434651225805283,0.9992857099278536,0.9989884709605892,0.02821267466013566,0.037796562248756056,0.13357004523277283
47,fe_ni_cr_threshold,tree_scm,ok,0.0,0,0,0,False,0.6134542226791382,1.0,0.031779289883928113,1.0,1.0,0.0,0.0,0.0,1.0,1.0,0.0,0.0,0.0
47,fe_ni_cr_threshold,tree_scm,ok,0.1,0,1,0,False,0.6107771992683411,0.9999999403953552,0.030625833712438648,0.999785870098202,0.9997820032544166,0.01684279993477844,0.020694439888373682,0.05649441480636597,0.9999869118377984,0.99997280908018,0.004151984606181713,0.005116280330284065,0.014283895492553711
47,fe_ni_cr_threshold,tree_scm,ok,0.1,1,1,0,False,0.6128734946250916,0.9999999403953552,0.030470541980969594,0.999862790867871,0.9998351557470854,0.012619237933382266,0.01656557501642469,0.0644635558128357,0.999991637471249,0.9999837614441027,0.003106763673969226,0.004089628035797238,0.01629769802093506
47,fe_ni_cr_threshold,tree_scm,ok,0.1,2,1,0,False,0.608193576335907,1.0,0.028780811605183046,0.9993535477349333,0.9993771569451397,0.026599124062755664,0.03595698255848889,0.12795251607894897,0.9999606108375155,0.9999366662792359,0.006525849530675032,0.008875715674393181,0.03156277537345886
47,fe_ni_cr_threshold,tree_scm,ok,0.1,3,1,0,False,0.616295337677002,1.0,0.03364511728230796,0.999759317492006,0.9997316223803732,0.015669453419917545,0.02194003306916078,0.09230291843414307,0.999985355545216,0.9999716914920247,0.0038365625810854453,0.00541192299249415,0.023316264152526855
47,fe_ni_cr_threshold,tree_scm,ok,0.1,4,1,0,False,0.6201032996177673,1.0,0.034615629599669455,0.9992898668665415,0.9992640346720549,0.028912577390968863,0.0376864207968582,0.12464678287506104,0.99995673852411,0.9999303407302766,0.007105180115075882,0.00930177169045984,0.030673712491989136
47,fe_ni_cr_threshold,tree_scm,ok,0.1,5,1,0,False,0.6265562176704407,1.0,0.03725058165776953,0.9977250401688867,0.9976376421572131,0.04919247055667597,0.06745309498861846,0.25048375129699707,0.9998616127168493,0.9998095741542092,0.012069095922214501,0.016636543249533876,0.06110966205596924
47,fe_ni_cr_threshold,tree_scm,ok,0.1,6,1,0,False,0.6243203282356262,1.0,0.03730367575712292,0.9978876675015814,0.9977527760889778,0.04580237438253221,0.06499742335061624,0.23833096027374268,0.99987158390531,0.9998246839460696,0.01122038070917597,0.016025985011294867,0.06028103828430176
47,fe_ni_cr_threshold,tree_scm,ok,0.1,7,1,0,False,0.6121134161949158,1.0,0.03036957313122478,0.9998752381624435,0.9998627713504039,0.010811683304069675,0.015796318697676764,0.07249695062637329,0.9999924081001624,0.999985124901652,0.0026475426792771373,0.003896639586721153,0.018313288688659668
47,fe_ni_cr_threshold,tree_scm,ok,0.1,8,1,0,False,0.612634003162384,1.0,0.02975874807760039,0.9996730320424974,0.999632425255704,0.019527652964910658,0.025572170755642876,0.09913605451583862,0.9999800688609857,0.9999679363958227,0.0048081927945133884,0.006313658116668055,0.0250699520111084
47,fe_ni_cr_threshold,tree_scm,ok,0.1,9,1,0,False,0.6176389455795288,1.0,0.03357484985769931,0.9997346811433051,0.9997242239467847,0.017386423462852463,0.023035575098405404,0.08183014392852783,0.9999838389123094,0.9999687298834132,0.0042707936270005575,0.005685259572140715,0.019947320222854614
47,fe_ni_cr_threshold,tree_scm,ok,0.2,0,1,0,False,0.6149545907974243,1.0,0.029103518759364715,0.9991777740183738,0.9991189270259638,0.034093320101959534,0.04055184391944387,0.16496771574020386,0.9999497833837254,0.9999290108003719,0.008403818161440313,0.01002163831615506,0.04154849052429199
47,fe_ni_cr_threshold,tree_scm,ok,0.2,1,1,0,False,0.6127052903175354,1.0,0.03344374753418291,0.9996641076425822,0.9996083300550747,0.02152791140420618,0.025918810688827894,0.11335471272468567,0.9999795024359803,0.9999653324154208,0.00530227593387167,0.006402743951967036,0.028475165367126465
47,fe_ni_cr_threshold,tree_scm,ok,0.2,2,1,0,False,0.6001642942428589,1.0,0.020953427581638585,0.9923029533527193,0.994031006365782,0.09192835008266798,0.124072938990431,0.4384462833404541,0.999530426350899,0.9994278842715113,0.022411914742718864,0.03064551128113366,0.11132276058197021
47,fe_ni_cr_threshold,tree_scm,ok,0.2,3,1,0,False,0.6017239689826965,0.9999999403953552,0.026696311177983524,0.9972194329304451,0.997432832951863,0.059340731675291636,0.07457301311264325,0.2366342544555664,0.9998301286955391,0.9997582098025892,0.014603099714037171,0.018432108085245067,0.05709853768348694
47,fe_ni_cr_threshold,tree_scm,ok,0.2,4,1,0,False,0.6056464910507202,0.9999999403953552,0.031914403418493685,0.9976533107274264,0.9976394861776696,0.058943579051430106,0.0685082384047618,0.15433669090270996,0.9998561961033842,0.9997814221085757,0.014590888388596568,0.016959003293658688,0.03821179270744324
47,fe_ni_cr_threshold,tree_scm,ok,0.2,5,1,0,False,0.6004164218902588,1.0,0.027830699000517156,0.9965338386068215,0.9967209181210213,0.0681949894259617,0.08326057514701754,0.2073277235031128,0.9997878300331071,0.9996857565624776,0.016853348073132324,0.020599513239409784,0.04923295974731445
47,fe_ni_cr_threshold,tree_scm,ok,0.2,6,1,0,False,0.6114501953125,1.0,0.03265336256704054,0.9997215221983031,0.9996828843609182,0.021010335876695763,0.023599907308297568,0.0825493335723877,0.999982959571161,0.9999677575817179,0.00519043186849899,0.005837881319801286,0.020474731922149658
47,fe_ni_cr_threshold,tree_scm,ok,0.2,7,1,0,False,0.6095917224884033,1.0,0.029049770811958024,0.9995047913251177,0.9994824002217294,0.021306012456520307,0.03147089792651251,0.12730532884597778,0.9999698441523217,0.9999583810170947,0.005220634032212956,0.0077660606477649875,0.031199932098388672
47,fe_ni_cr_threshold,tree_scm,ok,0.2,8,1,0,False,0.6058692932128906,1.0,0.031940636862456774,0.9977716774362657,0.9977624879300478,0.05745680817690868,0.06675811196884199,0.15043282508850098,0.999863450605834,0.9997935591159429,0.014222580023016462,0.01652570125930548,0.03724651038646698
47,fe_ni_cr_threshold,tree_scm,ok,0.2,9,1,0,False,0.6190709471702576,1.0,0.03696198506538875,0.9981601969589381,0.9980084579071595,0.04133542777559285,0.060659758181959685,0.2543129026889801,0.9998881508437949,0.9998463316286388,0.010152303296280252,0.01495654762799806,0.06420040130615234
47,fe_ni_cr_threshold,tree_scm,ok,0.3,0,1,0,False,0.5988329648971558,1.0,0.030173704292181677,0.9900315351558403,0.990371620413418,0.12029825155892127,0.14119819413692677,0.2879982590675354,0.999388955214709,0.9991375795722767,0.029782924392776522,0.03495839815936223,0.071449875831604
47,fe_ni_cr_threshold,tree_scm,ok,0.3,1,1,0,False,0.6099907159805298,1.0,0.031042074607233443,0.9996251381050234,0.9996003281238823,0.02311591118447609,0.027381084631217172,0.06384653598070145,0.9999770392043531,0.9999563581825333,0.005722893299122234,0.006776547387446022,0.01597309112548828
47,fe_ni_cr_threshold,tree_scm,ok,0.3,2,1,0,False,0.6140077710151672,1.0,0.03163795897390909,0.99985130577738,0.9998375362098562,0.014995333130713107,0.01724495483784845,0.03768627345561981,0.999990888027511,0.9999790787497318,0.003711965525354799,0.004268951290385988,0.00929802656173706
47,fe_ni_cr_threshold,tree_scm,ok,0.3,3,1,0,False,0.6119160652160645,1.0,0.02932764407075766,0.999506117136872,0.9994677486410127,0.024286650832294754,0.031428740636115185,0.10115814208984375,0.999969886658184,0.9999555982225877,0.005979327641426835,0.007760585488087669,0.02568376064300537
47,fe_ni_cr_threshold,tree_scm,ok,0.3,4,1,0,False,0.591806173324585,1.0,0.008712126553139268,0.9617277553561591,0.9735450008046633,0.21758607276071018,0.2766667484495828,0.9375265836715698,0.997656859735613,0.997074724179243,0.053302665099948854,0.06845641464545,0.2309931516647339
47,fe_ni_cr_threshold,tree_scm,ok,0.3,5,1,0,False,0.6021116971969604,1.0,0.02819756327998876,0.9950275487117476,0.9954065338673914,0.08304917273865442,0.09972413450336103,0.23649687319993973,0.9996953835473661,0.9995508413203631,0.020567839064398186,0.024682643840956274,0.059397101402282715
47,fe_ni_cr_threshold,tree_scm,ok,0.3,6,1,0,False,0.6230368614196777,1.0,0.03269354681195099,0.9981826232501007,0.9980744403118517,0.05153947675417925,0.060288919295217895,0.12914371490478516,0.999888675953138,0.9998266956047493,0.012754312372891263,0.014921397690630476,0.032167136669158936
47,fe_ni_cr_threshold,tree_scm,ok,0.3,7,1,0,False,0.635283887386322,1.0,0.04055831918579574,0.9942579766200071,0.9938468837171874,0.07673709881502866,0.10716364850189466,0.4003312885761261,0.9996510237440444,0.9995596032115012,0.01881823905461033,0.026418791550744926,0.09792850911617279
47,fe_ni_cr_threshold,tree_scm,ok,0.3,8,1,0,False,0.6064484119415283,1.0,0.033892909072599134,0.9933001546414628,0.9934866179994277,0.10217416526009515,0.11575703368917215,0.28180432319641113,0.9995897548264625,0.9994274819397753,0.025257671592640918,0.02864420304692715,0.06983180344104767
47,fe_ni_cr_threshold,tree_scm,ok,0.3,9,1,0,False,0.6288959383964539,1.0,0.04002905382314727,0.9955733097417772,0.9953948438952864,0.06323070118497753,0.09409240828267111,0.35854461789131165,0.9997311743192464,0.9996633712717258,0.015473845467766978,0.023187310608450584,0.09067708253860474
48,improved_environment,mlp_scm,ok,0.0,0,0,0,False,0.6503762602806091,1.0,0.004850383384480136,1.0,1.0,0.0,0.0,0.0,1.0,1.0,0.0,0.0,0.0
48,improved_environment,mlp_scm,ok,0.1,0,1,0,False,0.6538646817207336,1.0,0.0026715035012827046,0.9998657654883532,0.99987281846721,0.01158574172662341,0.01638502436158111,0.061573922634124756,0.9999918007503528,0.9999845437558114,0.0028836187114507084,0.00404950600211172,0.016098737716674805
48,improved_environment,mlp_scm,ok,0.1,1,1,0,False,0.6612642407417297,0.9999999403953552,-0.002889748877117793,0.9984608040862955,0.9987281511444558,0.039033146223307114,0.05548325907434889,0.20110812038183212,0.9999060187289982,0.9998847654853014,0.00972025934726517,0.013709942942033706,0.05121755599975586
48,improved_environment,mlp_scm,ok,0.1,2,1,0,False,0.6622782945632935,1.0,-0.0021004292465424818,0.9985016227160007,0.9984542861654561,0.045020598847901994,0.05474262297908467,0.13899442553520203,0.9999082365907563,0.9998808762785207,0.011115197747869843,0.013547206921889276,0.03579568862915039
48,improved_environment,mlp_scm,ok,0.1,3,1,0,False,0.6570895314216614,1.0,-0.00015548578946089829,0.9992953805317173,0.9994238385991693,0.02520331759868455,0.037539831982590595,0.13963855616748333,0.9999569358743452,0.9999423212753021,0.0063123656340167145,0.009280530726383138,0.0359116792678833
48,improved_environment,mlp_scm,ok,0.1,4,1,0,False,0.6423242092132568,1.0,0.012716233270098399,0.9982672705753937,0.9987177016951447,0.04005178875801718,0.058868149245643306,0.22828297317028046,0.9998944304209293,0.9998819268113868,0.010005190609660986,0.014530628523865507,0.05762970447540283
48,improved_environment,mlp_scm,ok,0.1,5,1,0,False,0.6617278456687927,1.0,-0.0017368962578180717,0.9987601244836973,0.9987836505725607,0.03966214267938639,0.04979710003704392,0.1471385359764099,0.9999241737538089,0.9999006128853443,0.009810395793294902,0.01231472669345459,0.03898763656616211
48,improved_environment,mlp_scm,ok,0.1,6,1,0,False,0.6546028256416321,1.0,0.0020875169364938744,0.9997859513756664,0.9998073501527035,0.014394135998561097,0.020690511224107633,0.07765734195709229,0.9999869255922822,0.9999787770009297,0.0035875362453055004,0.0051135913145432385,0.020311832427978516
48,improved_environment,mlp_scm,ok,0.1,7,1,0,False,0.6399322748184204,1.0,0.013357950810714529,0.9981169533096649,0.9984180092537305,0.04524784510298829,0.061368506790099545,0.21088182926177979,0.9998854381642488,0.9998713879550818,0.011219425857404985,0.015136831791273281,0.05534934997558594
48,improved_environment,mlp_scm,ok,0.1,8,1,0,False,0.6444397568702698,1.0,0.010163190293025271,0.9992485919892369,0.9993893386526208,0.026792605246551915,0.03876617152224616,0.1457500010728836,0.9999542319651327,0.9999460428438595,0.006693670982485855,0.009567448396329156,0.03684896230697632
48,improved_environment,mlp_scm,ok,0.1,9,1,0,False,0.6436458230018616,0.9999999403953552,0.008622560299790865,0.9993384397942647,0.9992334462799595,0.030551027100994332,0.036374722752994096,0.09010010957717896,0.9999593820219222,0.999945729919176,0.007553090865826562,0.009013098991925064,0.02314460277557373
48,improved_environment,mlp_scm,ok,0.2,0,1,0,False,0.6728659868240356,1.0,-0.009670896242806275,0.9947127883925404,0.995692390541697,0.0738646624078747,0.10283201789604451,0.36559657752513885,0.9996767972246952,0.9996493120127314,0.018366077376526846,0.02542450687222929,0.09301027655601501
48,improved_environment,mlp_scm,ok,0.2,1,1,0,False,0.6490503549575806,1.0,0.005044915668737137,0.9999668547951779,0.9999509602314689,0.007054564545040165,0.008141892272693577,0.03000020980834961,0.9999979436420613,0.9999939985516058,0.0017568297279169087,0.002027983240848157,0.007545948028564453
48,improved_environment,mlp_scm,ok,0.2,2,1,0,False,0.6398251056671143,1.0,0.01284429566228739,0.9978890702890518,0.9977242440506547,0.05397994477230483,0.06497583975562977,0.16821686923503876,0.9998710599506666,0.9998489803125669,0.013288479908131978,0.0160586458263989,0.04219067096710205
48,improved_environment,mlp_scm,ok,0.2,3,1,0,False,0.6593868136405945,0.9999999403953552,-0.0025801345137671013,0.9986181156763716,0.9988599930198796,0.036321321876318535,0.05257155927995032,0.21998172253370285,0.9999156717361242,0.9998954496280665,0.009066627871959554,0.01298678260538845,0.05572429299354553
48,improved_environment,mlp_scm,ok,0.2,4,1,0,False,0.631195068359375,1.0,0.024845497503601686,0.9899251637048805,0.99195724326741,0.10823893764287718,0.14194954449572875,0.4614502340555191,0.9993890748337655,0.99935672743366,0.02672400938104147,0.034954976121877784,0.11802268028259277
48,improved_environment,mlp_scm,ok,0.2,5,1,0,False,0.6435270309448242,1.0,0.011346489239183064,0.9988139901916894,0.9991094163457851,0.03306096300969941,0.04870338584836118,0.18823577463626862,0.9999277125779209,0.9999171196623989,0.008261436840484748,0.012023928184806878,0.04753673076629639
48,improved_environment,mlp_scm,ok,0.2,6,1,0,False,0.6599684357643127,0.9999999403953552,0.001058868088246115,0.9976870539022287,0.9975031962881723,0.05958503703876161,0.06801391198623952,0.14065706729888916,0.9998567058797142,0.9998167043666403,0.014850980136031922,0.01692891696740733,0.03558933734893799
48,improved_environment,mlp_scm,ok,0.2,7,1,0,False,0.6711033582687378,1.0,-0.00854972526495594,0.9955633698162429,0.9962227308279022,0.07049484340626755,0.09419798807778196,0.31691475212574005,0.9997289414713831,0.9997010228166797,0.01747521399602192,0.023283407525530837,0.08071029186248779
48,improved_environment,mlp_scm,ok,0.2,8,1,0,False,0.6533176302909851,1.0,0.00557473804336452,0.9990517373751405,0.9990933677797845,0.039179362123906714,0.043549114765444666,0.13259291648864746,0.9999411601007222,0.9999188072205134,0.00976351313727264,0.010848032172577682,0.032891809940338135
48,improved_environment,mlp_scm,ok,0.2,9,1,0,False,0.647139310836792,1.0,0.008479142501522091,0.9994661688323183,0.9996030885644082,0.022507836348683696,0.03267510358901484,0.13245205581188202,0.9999672719797518,0.9999596327158287,0.0056363624361210896,0.008090490826468877,0.0333692729473114
48,improved_environment,mlp_scm,ok,0.3,0,1,0,False,0.6365146040916443,1.0,0.015963374037845014,0.9957601844533818,0.9954865531540938,0.0766650971245717,0.09208491276831933,0.23827556520700455,0.9997410739263576,0.9997063537121809,0.01887540591471293,0.022756364955044267,0.06010925769805908
48,improved_environment,mlp_scm,ok,0.3,1,1,0,False,0.6690089106559753,1.0,-0.005849559213341357,0.9963354498944688,0.997307372490497,0.056122060234674365,0.08561016732346641,0.3374967575073242,0.9997752683748562,0.9997594056219155,0.014056102555883854,0.021200548710152013,0.0879976749420166
48,improved_environment,mlp_scm,ok,0.3,2,1,0,False,0.6660446524620056,1.0,-0.0036822537637830545,0.9966479435434294,0.996358618372471,0.06906107553659879,0.0818786496070172,0.20271041989326477,0.9997936078555706,0.9997497049567269,0.01710606384926905,0.020317093579485773,0.05110669136047363
48,improved_environment,mlp_scm,ok,0.3,3,1,0,False,0.6557477116584778,1.0,-0.0007302455808976938,0.997125513259294,0.9977426283759131,0.05879924404136361,0.07582198764561805,0.28440792858600616,0.9998222266066037,0.9997887870145196,0.014724880113590189,0.01885594832658119,0.07156959176063538
48,improved_environment,mlp_scm,ok,0.3,4,1,0,False,0.6296281814575195,1.0,0.023791086691110682,0.9890749101785281,0.9890602200590322,0.12144854326156107,0.1478180647075419,0.38224037177860737,0.9993352004822197,0.9992952042057076,0.02983734007750627,0.036463667120298686,0.0958559513092041
48,improved_environment,mlp_scm,ok,0.3,5,1,0,False,0.6750150918960571,1.0,-0.010039810194070823,0.9942924493220627,0.9948624248693674,0.08407010590095254,0.10684148076548976,0.3105011284351349,0.9996508986062347,0.9996164437450826,0.02082198487153164,0.026423527468868224,0.08245635032653809
48,improved_environment,mlp_scm,ok,0.3,6,1,0,False,0.6519412398338318,1.0,0.004002980350448966,0.9999269176411861,0.9998961984115509,0.01037178090044577,0.012089860606610792,0.026869654655456543,0.9999954831863032,0.9999889805807881,0.002582070122699065,0.0030055993422260898,0.006837010383605957
48,improved_environment,mlp_scm,ok,0.3,7,1,0,False,0.6346266269683838,1.0,0.019376380420825703,0.99463905577543,0.9955362746514034,0.07949453382176941,0.10354655399902139,0.3263322114944458,0.9996744519420444,0.9996568222051356,0.01962671465358312,0.02551658474652769,0.08584964275360107
48,improved_environment,mlp_scm,ok,0.3,8,1,0,False,0.6436258554458618,1.0,0.014871353509661626,0.9941335703952638,0.9963321203571593,0.078573506709251,0.1083183268495401,0.38634736835956573,0.9996396075750388,0.999603792647164,0.019652504390137437,0.026847436995054267,0.09712255001068115
48,improved_environment,mlp_scm,ok,0.3,9,1,0,False,0.6274684071540833,1.0,0.026723846897889127,0.986932651015137,0.99073556294444,0.11840636489641199,0.16166230033987877,0.5718256235122681,0.9992068083497756,0.9991895362456191,0.02941197430379816,0.039829428161291355,0.14918553829193115
49,improved_environment,mlp_scm,ok,0.0,0,0,0,False,0.6624488830566406,1.0,-0.038405461601496806,1.0,1.0,0.0,0.0,0.0,1.0,1.0,0.0,0.0,0.0
49,improved_environment,mlp_scm,ok,0.1,0,1,0,False,0.659345805644989,1.0,-0.03800779620015948,0.999807998726328,0.9997899716579643,0.015538750755609954,0.019595983535789736,0.06804898381233215,0.9999878333043649,0.9999787322974036,0.0039107993609377445,0.004932888706292843,0.017103224992752075
49,improved_environment,mlp_scm,ok,0.1,1,1,0,False,0.660535454750061,1.0,-0.03818430145759777,0.9998705142018333,0.9999067260925542,0.011245891726616719,0.016092594932461762,0.060488611459732056,0.9999917926689825,0.9999845214040483,0.0028343526506660055,0.004051501208833791,0.015213459730148315
49,improved_environment,mlp_scm,ok,0.1,2,1,0,False,0.6693764925003052,1.0,-0.03908055654781321,0.999577271477628,0.9995709132036336,0.022838956291479917,0.029076744271798793,0.10292612016201019,0.9999732088546103,0.9999558217402186,0.00575064162499217,0.007319992583780527,0.02588309347629547
49,improved_environment,mlp_scm,ok,0.1,3,1,0,False,0.6630096435546875,1.0,-0.038477261819866874,0.9999021025123774,0.9998786522780916,0.012739404595322412,0.013992675900371834,0.02974867820739746,0.9999937934563884,0.9999858625098347,0.0032074760422347026,0.0035232211281616627,0.00750499963760376
49,improved_environment,mlp_scm,ok,0.1,4,1,0,False,0.6653921604156494,1.0,-0.038725248078444324,0.9998215025395687,0.999844275266433,0.013275896773279783,0.018894309801013105,0.07626974582672119,0.9999886856820327,0.9999798275337959,0.003343041926314072,0.004756956558969055,0.01918208599090576
49,improved_environment,mlp_scm,ok,0.1,5,1,0,False,0.6531288623809814,1.0,-0.03721437675723822,0.9987160006010523,0.9984863050747442,0.041773534975163784,0.050675426808162206,0.14776018261909485,0.9999186626879235,0.9998905545919462,0.010510199454131453,0.012754396474007902,0.03712841868400574
49,improved_environment,mlp_scm,ok,0.1,6,1,0,False,0.6616265177726746,1.0,-0.038332506768964374,0.9999282377037759,0.9999349451934766,0.00972183450318198,0.011980175293304382,0.03753975033760071,0.9999954505847686,0.999989684661326,0.0024480247661813337,0.003016426795919578,0.009448006749153137
49,improved_environment,mlp_scm,ok,0.1,7,1,0,False,0.6658675074577332,1.0,-0.03873136225402546,0.9997783317507482,0.9998406095772833,0.01441007591995458,0.021055558114745188,0.08341370522975922,0.9999859485868205,0.9999762177240541,0.003634243310699503,0.0053012099644422885,0.020986616611480713
49,improved_environment,mlp_scm,ok,0.1,8,1,0,False,0.6619197726249695,1.0,-0.03832529839166051,0.9999057621513547,0.9998748301266003,0.012463244902278348,0.013728645444545643,0.03541922569274902,0.9999940257445649,0.9999885670731706,0.003137780541536017,0.0034566618582073253,0.0089341402053833
49,improved_environment,mlp_scm,ok,0.1,9,1,0,False,0.6687822341918945,1.0,-0.03899436426459974,0.9991783465292071,0.9994251797081753,0.027781131074505083,0.04053772353539163,0.15594659745693207,0.9999479110838024,0.9999269991416921,0.007003314804933325,0.01020675416307122,0.039239317178726196
49,improved_environment,mlp_scm,ok,0.2,0,1,0,False,0.6528995037078857,1.0,-0.037012594632209725,0.9971504254265356,0.9980911147271295,0.052472336595087654,0.07549271105108867,0.2885556221008301,0.9998194608099411,0.9998028574493955,0.01322271207141057,0.019002062564899586,0.07255437970161438
49,improved_environment,mlp_scm,ok,0.2,1,1,0,False,0.6659820675849915,1.0,-0.03879281803883206,0.9997782268484064,0.9997895469744653,0.015527756782887536,0.021060539299124704,0.08136135339736938,0.999985943044161,0.9999749660253201,0.003908389296611858,0.0053022553076939255,0.02045956254005432
49,improved_environment,mlp_scm,ok,0.2,2,1,0,False,0.6599040031433105,1.0,-0.0380684420936166,0.9998407867800043,0.9997706932622845,0.015037492938802188,0.017844507265952877,0.04779741168022156,0.999989910341773,0.9999817721371861,0.0037843887749886562,0.00449213942625965,0.012034592684358358
49,improved_environment,mlp_scm,ok,0.2,3,1,0,False,0.6542255282402039,1.0,-0.03720904431600576,0.9983856134084459,0.9982800318289106,0.04547988052297569,0.05682229451892994,0.19273331761360168,0.9998977231563019,0.9998690186681923,0.01144628176768947,0.014302226854780123,0.048426419496536255
49,improved_environment,mlp_scm,ok,0.2,4,1,0,False,0.6601632237434387,1.0,-0.038204138890196415,0.9999467827211177,0.999967277018811,0.006638624332993004,0.010316712689317262,0.04626953601837158,0.9999966274752576,0.9999926462699377,0.0016757077602278514,0.002597123341780272,0.011611342430114746
49,improved_environment,mlp_scm,ok,0.2,5,1,0,False,0.6807822585105896,1.0,-0.039984755586416086,0.9966084363651465,0.9972206588405692,0.060280950358418295,0.08235974526040257,0.3107992546574678,0.9997849707180548,0.9997362603712179,0.015178006675569122,0.020737853428874797,0.07820016145706177
49,improved_environment,mlp_scm,ok,0.2,6,1,0,False,0.6582555174827576,0.9999999403953552,-0.037934923945414145,0.9996034885302155,0.9994681845003933,0.02449949461004053,0.028160663725329816,0.0902261734008789,0.9999748712426237,0.9999595991881839,0.00616688385134978,0.00708925336719204,0.022809922695159912
49,improved_environment,mlp_scm,ok,0.2,7,1,0,False,0.6466167569160461,1.0,-0.03598878092425914,0.9947629108198337,0.9948415818789786,0.0811813332722977,0.10234343376455196,0.3419297933578491,0.9996683484787082,0.9996242333345253,0.020425043936143084,0.02575467076385316,0.0859110951423645
49,improved_environment,mlp_scm,ok,0.2,8,1,0,False,0.6866384148597717,1.0,-0.04044118601745424,0.9947044485895514,0.9948243151419783,0.08198764072062659,0.10291308525768349,0.33569786325097084,0.9996642253296791,0.9995844583720763,0.020645645282556302,0.02591426920145579,0.08445623517036438
49,improved_environment,mlp_scm,ok,0.2,9,1,0,False,0.6578770875930786,1.0,-0.03787098301582039,0.9997322284776203,0.9997085330090836,0.018520504853881903,0.02314180338872151,0.07692638039588928,0.9999830344551707,0.9999724514519704,0.004662273666326655,0.005825039959396262,0.019337475299835205
49,improved_environment,mlp_scm,ok,0.3,0,1,0,False,0.6440484523773193,1.0,-0.03546302482280925,0.9927441205344526,0.9915192828660324,0.09980730695394868,0.12046476393883569,0.33446383476257324,0.9995405799697064,0.9994675027716186,0.025103681298787706,0.03031237516713329,0.08399263024330139
49,improved_environment,mlp_scm,ok,0.3,1,1,0,False,0.6384005546569824,1.0,-0.03319259088920737,0.9792059365962456,0.9754412908590228,0.1687776351317325,0.2039316770306242,0.561837375164032,0.998684188916482,0.998513820095129,0.04244402874883235,0.05129933977014907,0.1409987211227417
49,improved_environment,mlp_scm,ok,0.3,2,1,0,False,0.6607398390769958,1.0,-0.03786208917199658,0.9977107529827106,0.9973988917995851,0.06140412526713135,0.06766457124187968,0.1491100788116455,0.9998548926725931,0.9998027233388168,0.015458279111271622,0.017035687817369086,0.03764861822128296
49,improved_environment,mlp_scm,ok,0.3,3,1,0,False,0.6402624249458313,1.0,-0.034303538892915895,0.9863334880837263,0.9868984246477361,0.13024421402597852,0.16532702412815764,0.562709391117096,0.9991349405452331,0.9990745923038407,0.03275430169765059,0.041594697936820635,0.14131739735603333
49,improved_environment,mlp_scm,ok,0.3,4,1,0,False,0.6692819595336914,0.9999999403953552,-0.03852171065849531,0.9947354673264687,0.9956749785423074,0.08366260681204807,0.10261123696434331,0.35492637008428574,0.9996662254147183,0.9996044743759388,0.02106642385513169,0.025836972566855108,0.08936139941215515
49,improved_environment,mlp_scm,ok,0.3,5,1,0,False,0.6351574659347534,1.0,-0.0317407857312429,0.9690514471073352,0.9665708930870466,0.20189235036127684,0.2487912977711256,0.7773666381835938,0.9980424482744652,0.9978284591588583,0.05074303006267655,0.06257078775543672,0.19504854083061218
49,improved_environment,mlp_scm,ok,0.3,6,1,0,False,0.6714153289794922,1.0,-0.039316296623177746,0.9988804539305309,0.9989427727809169,0.03684015259074158,0.04731904617865514,0.1631237268447876,0.9999290312803779,0.9998984782919675,0.009274406061535956,0.01191375006549111,0.0410153865814209
49,improved_environment,mlp_scm,ok,0.3,7,1,0,False,0.681268572807312,1.0,-0.039780242242804895,0.9942973459615176,0.996068917191188,0.07267435026727753,0.1067956388205978,0.4105542153120041,0.9996383930334376,0.9995963830376938,0.018315758730977905,0.02689263742275755,0.10330784320831299
49,improved_environment,mlp_scm,ok,0.3,8,1,0,False,0.6667518019676208,1.0,-0.038492600440119464,0.9980717954485054,0.9982997349080895,0.053301076871406394,0.06209999497367015,0.17173343896865845,0.9998777516209798,0.9998385308633144,0.013421304839994264,0.015636392335561987,0.04322534799575806
49,improved_environment,mlp_scm,ok,0.3,9,1,0,False,0.6844891905784607,0.9999999403953552,-0.040186344753288375,0.9946263012582973,0.9958002489986411,0.0738197400721674,0.10366965541545285,0.3922960087656975,0.9996592603332106,0.9996048320041484,0.01858016164220544,0.026105158732350444,0.09872213006019592
50,improved_environment,mlp_scm,ok,0.0,0,0,0,False,0.6450335383415222,1.0,0.13505999450253553,1.0,1.0,0.0,0.0,0.0,1.0,1.0,0.0,0.0,0.0
50,improved_environment,mlp_scm,ok,0.1,0,1,0,False,0.6533901691436768,1.0,0.1311233485754343,0.9992696990571135,0.9991872004818325,0.031589719240429304,0.038217821576997234,0.09513002634048462,0.9999577032355954,0.999938946159073,0.007569887245477247,0.0091974742155059,0.0236971378326416
50,improved_environment,mlp_scm,ok,0.1,1,1,0,False,0.6408496499061584,1.0,0.1363511845653602,0.9996332106771451,0.9997208935325224,0.018829444960829278,0.027084657074610902,0.09897023439407349,0.9999786245063932,0.9999665729382734,0.004550944642801369,0.0065384240257538515,0.02387756109237671
50,improved_environment,mlp_scm,ok,0.1,2,1,0,False,0.6583682894706726,1.0,0.12911181762947602,0.9977707993372197,0.9981190991240295,0.049698186730629146,0.0667712603498917,0.23496611416339874,0.9998705258268948,0.9998281372934696,0.012007099557337142,0.016091872373214543,0.05651025474071503
50,improved_environment,mlp_scm,ok,0.1,3,1,0,False,0.6595956087112427,1.0,0.12875474550735336,0.9975487607337042,0.9979089813737672,0.05252751475893547,0.07001770057992027,0.23145791888237,0.9998576400805838,0.9998156314820112,0.01268466269198143,0.016873643707365056,0.057266950607299805
50,improved_environment,mlp_scm,ok,0.1,4,1,0,False,0.6477765440940857,1.0,0.13429867513953642,0.9998470358302521,0.9998856483793052,0.012119385872097155,0.017490806994487237,0.06372737884521484,0.9999910785412536,0.9999855495851512,0.0029323463589321364,0.004224087779972993,0.015510082244873047
50,improved_environment,mlp_scm,ok,0.1,5,1,0,False,0.6510171294212341,1.0,0.1316758867064431,0.9995030307820001,0.9994683744874091,0.02553139423559969,0.03152678895459604,0.09008800983428955,0.9999712440216354,0.9999573891574876,0.006121438768388998,0.007583663950214015,0.021588295698165894
50,improved_environment,mlp_scm,ok,0.1,6,1,0,False,0.6370459794998169,1.0,0.13854033677308322,0.9989201665797016,0.999085321145021,0.034431720692737144,0.04647221461662747,0.1571294665336609,0.9999372862779077,0.9999179355017521,0.008326004587388525,0.011199439474975202,0.03795886039733887
50,improved_environment,mlp_scm,ok,0.1,7,1,0,False,0.6484606266021729,1.0,0.13399997993622942,0.9998607636150656,0.9998827202983217,0.011767568497134562,0.01668750320755262,0.06250220537185669,0.999991893979483,0.9999855607610328,0.002847016448527029,0.004026417996451476,0.015080675482749939
50,improved_environment,mlp_scm,ok,0.1,8,1,0,False,0.6418585777282715,0.9999999403953552,0.13646055629590917,0.9998445889614793,0.9998519195685882,0.013129581574617077,0.017630146376278657,0.05880337953567505,0.9999909755410178,0.9999830238359201,0.003174045415562432,0.004248401804456626,0.014333486557006836
50,improved_environment,mlp_scm,ok,0.1,9,1,0,False,0.6409613490104675,1.0,0.1365883307641662,0.999751935339703,0.9997864512540815,0.016081493384149326,0.022273959892028163,0.07919716835021973,0.9999855752768935,0.999975893623489,0.0038917127517379413,0.005371168198343926,0.019110798835754395
50,improved_environment,mlp_scm,ok,0.2,0,1,0,False,0.6484580636024475,1.0,0.1344521283822974,0.999716787314399,0.9997965095475362,0.016578239778837656,0.023799692142801324,0.0867307186126709,0.9999834644303031,0.9999749436735568,0.004009770538999646,0.00575075136575107,0.020947836339473724
50,improved_environment,mlp_scm,ok,0.2,1,1,0,False,0.6352278590202332,1.0,0.13873908122460626,0.9959391349039984,0.9972656417485428,0.06364998738482086,0.0901206402603036,0.3494431674480438,0.9997633450255526,0.9997128133717186,0.01539955156172823,0.021755687963074033,0.08416619896888733
50,improved_environment,mlp_scm,ok,0.2,2,1,0,False,0.6328858137130737,1.0,0.13866275212481774,0.9949170585983753,0.9967458179669384,0.07073415897939128,0.10082600223960157,0.36494678258895874,0.9997036746111096,0.9996428523531935,0.01711104442688338,0.024344420182001433,0.08797037601470947
50,improved_environment,mlp_scm,ok,0.2,3,1,0,False,0.6399487853050232,1.0,0.13938966465483177,0.9989809398302365,0.9986756692043871,0.03849031481917109,0.04514554551540155,0.09819549322128296,0.999941014828074,0.9999190530899077,0.009251468729871704,0.010861415415352918,0.02462637424468994
50,improved_environment,mlp_scm,ok,0.2,4,1,0,False,0.6270866394042969,1.0,0.14244763400044128,0.9925731529190917,0.9944892733580912,0.08843134200293434,0.12187573114378505,0.4294896721839905,0.9995683123064197,0.9994844901115799,0.021399845905989423,0.029383250861229736,0.10342764854431152
50,improved_environment,mlp_scm,ok,0.2,5,1,0,False,0.6574061512947083,1.0,0.12983998700657964,0.9976737731264884,0.9981911723845708,0.04843293266378623,0.06820889695617556,0.2703551650047302,0.9998646633892467,0.9998242257349259,0.011704461295494184,0.01645214963659193,0.06510739028453827
50,improved_environment,mlp_scm,ok,0.2,6,1,0,False,0.6250709295272827,1.0,0.14720259827395746,0.9888549836603335,0.9898451022249231,0.11619296778343369,0.14929846630127694,0.4490277171134949,0.9993545612773764,0.9992271989664545,0.0280159330202423,0.03592878300875549,0.11133265495300293
50,improved_environment,mlp_scm,ok,0.2,7,1,0,False,0.6516661047935486,1.0,0.1329289697616055,0.9992455621842304,0.9994520018208416,0.026930915799766808,0.038844248183836326,0.1413174271583557,0.9999560279139592,0.999938666762034,0.0065134081457927095,0.009377855491846655,0.03460657596588135
50,improved_environment,mlp_scm,ok,0.2,8,1,0,False,0.6351847648620605,1.0,0.14004884555197405,0.9983484731086075,0.9984297662811905,0.04467002113430851,0.0574722000700399,0.17659038305282593,0.999904279743042,0.9998723267291323,0.01076371185400049,0.013836203144144906,0.04287421703338623
50,improved_environment,mlp_scm,ok,0.2,9,1,0,False,0.6608800292015076,1.0,0.12618473021667828,0.9968441076054358,0.9961726405264993,0.06711744606423053,0.07944674050471749,0.1896800994873047,0.9998173218111361,0.9997642894821542,0.016037216464333426,0.019114298343436305,0.047035396099090576
50,improved_environment,mlp_scm,ok,0.3,0,1,0,False,0.623974621295929,0.9999999403953552,0.14665617420011173,0.9906030016392168,0.9906656131014056,0.10951220976632214,0.13709119637543002,0.39646512269973755,0.9994559868594747,0.9993391477719761,0.026334081824870736,0.03298524339416872,0.09653949737548828
50,improved_environment,mlp_scm,ok,0.3,1,1,0,False,0.6676133275032043,1.0,0.1280833004801324,0.9947590578636966,0.9961086809560111,0.07117321916888386,0.10238107213402624,0.3767825961112976,0.999694640179631,0.9996304135970244,0.01719412359477701,0.02471274286149175,0.09147584438323975
50,improved_environment,mlp_scm,ok,0.3,2,1,0,False,0.6294065117835999,1.0,0.14344932076854053,0.9939597877001386,0.9948517630783057,0.08290468355596659,0.10991098577870483,0.357816606760025,0.9996496558225251,0.9995678398362061,0.020027684504896115,0.026470519216356063,0.0879751443862915
50,improved_environment,mlp_scm,ok,0.3,3,1,0,False,0.6240870952606201,1.0,0.14624530418776566,0.9829475457416235,0.9874503678398939,0.13568034212460134,0.1846751378743358,0.6197132468223572,0.9990096628009771,0.9988508064516128,0.03282620089782995,0.044504769229116926,0.15230059623718262
50,improved_environment,mlp_scm,ok,0.3,4,1,0,False,0.6458306312561035,1.0,0.13222781478441106,0.9972323188119435,0.997555644700596,0.06418577271273307,0.07440001555613886,0.23968824744224548,0.9998384389889454,0.9997919721407623,0.015475148875907507,0.017975595408959776,0.05813446640968323
50,improved_environment,mlp_scm,ok,0.3,5,1,0,False,0.6683966517448425,1.0,0.12404484769036613,0.9943184490643815,0.9947509566261296,0.08288528120380079,0.10659784975244735,0.34943508356809616,0.9996704368785786,0.9995950531077891,0.019928967552478305,0.02567345477260638,0.08400782942771912
50,improved_environment,mlp_scm,ok,0.3,6,1,0,False,0.6392473578453064,1.0,0.13920675038927988,0.9992697436606577,0.9990580519938781,0.0321317698035557,0.038216653040621766,0.09709873795509338,0.9999578261731921,0.9999406113654244,0.007666514498396282,0.009184098120105287,0.023658156394958496
50,improved_environment,mlp_scm,ok,0.3,7,1,0,False,0.6361708045005798,1.0,0.14168260525168416,0.9981335971496264,0.9978399256012619,0.050537456286861016,0.0610966900432348,0.16880905628204346,0.9998922687472831,0.9998578539625206,0.01207920217228775,0.014678641590452889,0.04009607434272766
50,improved_environment,mlp_scm,ok,0.3,8,1,0,False,0.626295268535614,1.0,0.14271137434763248,0.9910371342534238,0.9935958957334724,0.09654137942101215,0.1338870061350084,0.47417527437210083,0.999478874104567,0.9993799173878836,0.023361962655172874,0.032283925331852,0.11419545114040375
50,improved_environment,mlp_scm,ok,0.3,9,1,0,False,0.6688386797904968,1.0,0.12900381243345982,0.9919377186631102,0.994294924776789,0.08730762788175639,0.12698252474206817,0.4725325480103493,0.999529369900564,0.99943902662542,0.021113494642634123,0.030679964957452482,0.11419999599456787
51,improved_environment,mlp_scm,ok,0.0,0,0,0,False,0.6427162885665894,1.0,-0.04064244043985892,1.0,1.0,0.0,0.0,0.0,1.0,1.0,0.0,0.0,0.0
51,improved_environment,mlp_scm,ok,0.1,0,1,0,False,0.6457856297492981,0.9999999403953552,-0.04067879285294067,0.999827010617541,0.9998301042476737,0.014099982083706664,0.01860050439957984,0.07100741565227509,0.9999890205135132,0.9999780505686287,0.003552424939655907,0.0046860400985608685,0.01787567138671875
51,improved_environment,mlp_scm,ok,0.1,1,1,0,False,0.6497200131416321,1.0,-0.04092084448398892,0.9992135116722275,0.9990466972981562,0.034302079425401644,0.039660770419076063,0.0941041111946106,0.999950081483888,0.9999212994421,0.008638853375192213,0.009991848188086953,0.02372950315475464
51,improved_environment,mlp_scm,ok,0.1,2,1,0,False,0.6502661108970642,0.9999999403953552,-0.04030360844505901,0.9987637920693699,0.9991852894060762,0.03252832779097048,0.04972339257092302,0.18382364511489868,0.9999215494664441,0.9999027027751949,0.00819031872049436,0.012526015254843554,0.04624474048614502
51,improved_environment,mlp_scm,ok,0.1,3,1,0,False,0.6424809694290161,1.0,-0.04031242735940023,0.9995477016323441,0.9995663534415363,0.026325759006937233,0.0300765145164843,0.08573800325393677,0.9999712988364103,0.9999558440919817,0.006630237856199983,0.0075764322117586715,0.02171921730041504
51,improved_environment,mlp_scm,ok,0.1,4,1,0,False,0.6452352404594421,1.0,-0.040766334252280115,0.9998507473416276,0.999794967275873,0.015434768520293574,0.017277306236897466,0.04756474494934082,0.9999905272884141,0.9999790005185608,0.0038876171024284645,0.004352634046323177,0.012042641639709473
51,improved_environment,mlp_scm,ok,0.1,5,1,0,False,0.6472011804580688,1.0,-0.04031968824900494,0.9993058365157574,0.9995379555263503,0.025079829670943354,0.03726026055442051,0.1347811222076416,0.999955948967639,0.9999365880480652,0.00631341736846025,0.00938627007708313,0.033893585205078125
51,improved_environment,mlp_scm,ok,0.1,6,1,0,False,0.6443766951560974,1.0,-0.04067443734251939,0.9999575495738691,0.9999464116476513,0.0074464200710906425,0.009214165750838497,0.026538550853729248,0.9999973057342479,0.9999922327623202,0.001875908880492716,0.002321321060258666,0.006688237190246582
51,improved_environment,mlp_scm,ok,0.1,7,1,0,False,0.6341690421104431,1.0,-0.04065519772445348,0.9981935995073168,0.9985424079919981,0.04254335825774547,0.060106580474316336,0.21714425086975098,0.9998853496618217,0.9998581221836776,0.01071782385224651,0.015142677074773871,0.0547100305557251
51,improved_environment,mlp_scm,ok,0.1,8,1,0,False,0.6487505435943604,1.0,-0.040690468760313785,0.999588394728273,0.9995719078546995,0.023336377308307732,0.028691645320411758,0.07839411497116089,0.9999738756821621,0.9999537765538945,0.005879079548719801,0.007228321774782589,0.019753605127334595
51,improved_environment,mlp_scm,ok,0.1,9,1,0,False,0.6450488567352295,1.0,-0.04062961460030145,0.9998651215766008,0.9998858495451743,0.011283781865046194,0.01642427605193303,0.07213373482227325,0.999991439460677,0.9999821856448036,0.0028426085116279864,0.004137762449098154,0.018177390098571777
51,improved_environment,mlp_scm,ok,0.2,0,1,0,False,0.6376649737358093,1.0,-0.04089622807445579,0.9983719439276338,0.9988933977300298,0.03845557018773604,0.05706235345467109,0.23161500692367554,0.9998966647793229,0.9998735225484586,0.009685680283941345,0.014376036765757648,0.05844748020172119
51,improved_environment,mlp_scm,ok,0.2,1,1,0,False,0.6327243447303772,1.0,-0.04084335712430848,0.9971734650768435,0.9980298932369703,0.050640137840758825,0.07518689967175286,0.27371925115585327,0.9998205956666667,0.9997851436771331,0.012755370799368393,0.018942245673030933,0.0689246654510498
51,improved_environment,mlp_scm,ok,0.2,2,1,0,False,0.6443511843681335,1.0,-0.04045578147421552,0.9996419568440891,0.9997279008102954,0.01916124627231852,0.026759788868525477,0.11764280498027802,0.9999772775376617,0.9999640024855159,0.004825638734928361,0.006741285020817922,0.029704809188842773
51,improved_environment,mlp_scm,ok,0.2,3,1,0,False,0.6309952735900879,1.0,-0.040097278019639505,0.997007158293633,0.9965501059280792,0.06514125523675496,0.07736719919388736,0.22343069314956665,0.9998100826001245,0.9997633954116301,0.016407373499333744,0.019489350632699774,0.05632086098194122
51,improved_environment,mlp_scm,ok,0.2,4,1,0,False,0.6614329814910889,1.0,-0.040459390010497816,0.9959510032533211,0.996835493241025,0.06581741467491042,0.0899888526857467,0.30450312979519367,0.999743027823343,0.9996916574279378,0.016579901795751084,0.02267034053815553,0.07677710056304932
51,improved_environment,mlp_scm,ok,0.2,5,1,0,False,0.6307542324066162,0.9999999403953552,-0.03973521903432686,0.9957257374711638,0.9947321699691332,0.07923736578423757,0.09245823490938104,0.2344057559967041,0.9997288034565501,0.9996700879765396,0.019948281927852918,0.023289333552408295,0.059106409549713135
51,improved_environment,mlp_scm,ok,0.2,6,1,0,False,0.6485057473182678,1.0,-0.04092846559992381,0.9993745608494282,0.9992323398676792,0.030442258839201486,0.03536775734049539,0.08955246210098267,0.999960303831421,0.9999348781381875,0.007666614686570483,0.00891023779017001,0.022583305835723877
51,improved_environment,mlp_scm,ok,0.2,7,1,0,False,0.6336430311203003,1.0,-0.040710084571595535,0.9985525620936528,0.9988185640267291,0.03871332234805891,0.05380404917557203,0.18805432319641113,0.9999081315382644,0.9998838714147772,0.009752524556120079,0.013554959406839127,0.047364890575408936
51,improved_environment,mlp_scm,ok,0.2,8,1,0,False,0.6587175726890564,1.0,-0.04092362915028885,0.9972179671212867,0.9969685532875451,0.0633410804135508,0.07459266497600077,0.2046833634376526,0.999823417952064,0.9997683575030397,0.015956916270639,0.018792660246699122,0.05158987641334534
51,improved_environment,mlp_scm,ok,0.2,9,1,0,False,0.6455507874488831,1.0,-0.04039125230029369,0.9998150546831245,0.9998752659852839,0.012904249710928184,0.0192325407507851,0.07682400941848755,0.9999882643832528,0.9999788440562191,0.0032473405249220377,0.004844711838490246,0.01942121982574463
51,improved_environment,mlp_scm,ok,0.3,0,1,0,False,0.6522497534751892,1.0,-0.04006190716535011,0.9981719100039566,0.9988498341434907,0.039464829110130495,0.06046635459153751,0.23038339614868164,0.9998840002208966,0.9998594632894641,0.009934853772254115,0.015231531398461265,0.0581897497177124
51,improved_environment,mlp_scm,ok,0.3,1,1,0,False,0.6169530749320984,1.0,-0.039037111790898096,0.9752872690642854,0.9746190140560125,0.18136275625809084,0.22231838297889173,0.63897505402565,0.9984322117890221,0.9982294944925255,0.045672123444944646,0.05599621761659817,0.16102968156337738
51,improved_environment,mlp_scm,ok,0.3,2,1,0,False,0.6601589918136597,0.9999999403953552,-0.04060025161306355,0.9970267648007438,0.9973576974854137,0.06041904772004614,0.07711336160333905,0.2328449785709381,0.9998112944669656,0.9997665134825834,0.01522129219770818,0.01942706988591118,0.05865234136581421
51,improved_environment,mlp_scm,ok,0.3,3,1,0,False,0.6341656446456909,1.0,-0.039974646016479695,0.997744237173037,0.9972576845208324,0.05709636046051969,0.0671678924893958,0.1943926215171814,0.9998568666037677,0.9998182466382948,0.014376562050870234,0.01691942040550663,0.04901367425918579
51,improved_environment,mlp_scm,ok,0.3,4,1,0,False,0.6252110004425049,1.0,-0.04070718215891763,0.992039098616694,0.9942114297652361,0.08936319222202815,0.1261816237591849,0.447517991065979,0.9994947235295458,0.9994272360703811,0.022512752763759636,0.03178919513589437,0.11273312568664551
51,improved_environment,mlp_scm,ok,0.3,5,1,0,False,0.6652172803878784,1.0,-0.040856428273533425,0.9952946112106776,0.9950938438499898,0.08148853340347273,0.09700916042958213,0.26411980390548706,0.9997013404805484,0.9996284801695157,0.020528951244017435,0.024440111434370394,0.06655877828598022
51,improved_environment,mlp_scm,ok,0.3,6,1,0,False,0.6206371188163757,0.9999999403953552,-0.03971140337670853,0.9844456665162589,0.9852891087977048,0.13951844153125137,0.17637648949952672,0.5031081438064575,0.999013038452299,0.998850549406337,0.035143985731664884,0.044428853078881225,0.1268896460533142
51,improved_environment,mlp_scm,ok,0.3,7,1,0,False,0.6598857641220093,1.0,-0.04013370123331122,0.9962822832707305,0.9974793469568037,0.0572160038387608,0.08622895967067096,0.3196582496166229,0.9997640785441254,0.9997244921679421,0.014410138455161814,0.021721945480059086,0.08042824268341064
51,improved_environment,mlp_scm,ok,0.3,8,1,0,False,0.6483651399612427,1.0,-0.0405184429735195,0.9994834533742009,0.9996284689915581,0.02174067228486365,0.03214176797926587,0.11598551273345947,0.9999672168951348,0.9999495632465487,0.005476101533076871,0.008097296490921948,0.02919667959213257
51,improved_environment,mlp_scm,ok,0.3,9,1,0,False,0.6862424612045288,0.9999999403953552,-0.03987416491440827,0.9857957350613673,0.9888866921451809,0.12302220558612476,0.16854829904847118,0.5753839313983917,0.9990986614480245,0.9989748028574494,0.03098427699273998,0.042457943971971654,0.14478826522827148
52,improved_environment,mlp_scm,ok,0.0,0,0,0,False,0.6488965749740601,1.0,0.07187010107836878,1.0,1.0,0.0,0.0,0.0,1.0,1.0,0.0,0.0,0.0
52,improved_environment,mlp_scm,ok,0.1,0,1,0,False,0.6461524367332458,1.0,0.07279340204223704,0.9994335717391305,0.9995514559938488,0.024919980681943343,0.033657933312295114,0.12121912837028503,0.9999659686602703,0.9999087265753522,0.006121199996925952,0.008250011072691495,0.02956104278564453
52,improved_environment,mlp_scm,ok,0.1,1,1,0,False,0.6425979137420654,1.0,0.07200428769581238,0.9994154281461011,0.9994851271368285,0.024786340071557333,0.034192743255768286,0.12139362096786499,0.9999648486214768,0.999899092965453,0.006080244337454133,0.008384674121452572,0.02973651885986328
52,improved_environment,mlp_scm,ok,0.1,2,1,0,False,0.6579859852790833,1.0,0.0726108669086302,0.9989064366947055,0.9987773362062798,0.03895009036608599,0.046766725552866976,0.12320327758789062,0.9999342653721809,0.9998230746191258,0.009552225113395707,0.011466004615872192,0.030262529850006104
52,improved_environment,mlp_scm,ok,0.1,3,1,0,False,0.6493311524391174,1.0,0.07195289712848693,0.9999909929383857,0.999981671554252,0.0034851649903657744,0.004244304728471969,0.01395842432975769,0.9999994585607279,0.9999962337279164,0.0008545311316368043,0.0010406145178229016,0.003437042236328125
52,improved_environment,mlp_scm,ok,0.1,4,1,0,False,0.6505953669548035,1.0,0.07268915203973249,0.9996997316544782,0.9996299330341176,0.021463474869278798,0.02450585013844035,0.050973355770111084,0.999981965219922,0.9999462887132536,0.00526227064743523,0.006005793857683349,0.01248118281364441
52,improved_environment,mlp_scm,ok,0.1,5,1,0,False,0.6570479869842529,1.0,0.07197161273384514,0.9992635943573712,0.9992692538087403,0.029778670549447384,0.0383772228220254,0.12076342105865479,0.9999557178985117,0.9998767747299907,0.007301204084797064,0.009410855800082467,0.029636919498443604
52,improved_environment,mlp_scm,ok,0.1,6,1,0,False,0.6468639969825745,0.9999999403953552,0.07188546721022566,0.9999680944442358,0.999961320273943,0.005831898912447286,0.007988185445063817,0.03132814168930054,0.9999980813897802,0.9999902434554035,0.001430316624976058,0.001958882426414071,0.007678687572479248
52,improved_environment,mlp_scm,ok,0.1,7,1,0,False,0.6509473919868469,1.0,0.07145878042930139,0.99991338518257,0.9999245739753949,0.009503088525093517,0.013161672867454996,0.048875510692596436,0.9999947955615271,0.9999820962377511,0.0023362609144612634,0.003226279109767123,0.011891365051269531
52,improved_environment,mlp_scm,ok,0.1,8,1,0,False,0.649509608745575,1.0,0.07199730044392082,0.999986471841666,0.9999824091624346,0.0039993416273205185,0.005201568512216579,0.029525548219680786,0.9999991869553959,0.999995741989128,0.0009811705832163398,0.0012751820646418387,0.007251858711242676
52,improved_environment,mlp_scm,ok,0.1,9,1,0,False,0.6441370248794556,1.0,0.07118596308688856,0.9996024660457882,0.9995171348615979,0.023795833900379648,0.02819694758220541,0.06847679615020752,0.9999761034103405,0.9999262950611543,0.005840434528408878,0.006913261144016448,0.01667112112045288
52,improved_environment,mlp_scm,ok,0.2,0,1,0,False,0.6708962321281433,1.0,0.07051743205648134,0.9947638775735129,0.995773538641728,0.07038749951584578,0.10233398405902384,0.3725307583808899,0.9996850784734929,0.9992460415027536,0.017284922543467474,0.025096674777604796,0.09114986658096313
52,improved_environment,mlp_scm,ok,0.2,1,1,0,False,0.640437126159668,1.0,0.07108534627906653,0.9991204427486303,0.9990400029504327,0.034885542210304266,0.041941798763574255,0.10136890411376953,0.9999471152957256,0.9998510031471283,0.008558059607480573,0.010284425549996935,0.02504432201385498
52,improved_environment,mlp_scm,ok,0.2,2,1,0,False,0.6380773186683655,1.0,0.07266885385966848,0.9980502712868524,0.9986344078570916,0.04232740250859024,0.06244563487130115,0.2424827218055725,0.9998827931446269,0.9997123886882197,0.01040158631944621,0.01531057532568634,0.05926644802093506
52,improved_environment,mlp_scm,ok,0.2,3,1,0,False,0.6324710249900818,1.0,0.07078971898407334,0.9957745589738161,0.9959699324082683,0.07358153847826543,0.09192867869109043,0.27410852909088135,0.9997458726903216,0.9993442775016093,0.018037182047009992,0.02254450366619476,0.06748509407043457
52,improved_environment,mlp_scm,ok,0.2,4,1,0,False,0.6576027870178223,1.0,0.07249366704715085,0.9989129246478078,0.9988138142836706,0.03843345832592249,0.046627788843415646,0.12620407342910767,0.9999346493345717,0.9998233540161648,0.009422510473171997,0.011432468376287017,0.03099033236503601
52,improved_environment,mlp_scm,ok,0.2,5,1,0,False,0.6412203907966614,1.0,0.07148514472896957,0.9988030409411779,0.9988594342321722,0.03858188714826838,0.04892768122257034,0.15290135145187378,0.9999280189561991,0.999804824404549,0.009456329070474112,0.011998420203804228,0.03756445646286011
52,improved_environment,mlp_scm,ok,0.2,6,1,0,False,0.6530420184135437,1.0,0.07071382335085313,0.9994205418206756,0.9995218399077317,0.026542873584958215,0.03404285936646995,0.11186867952346802,0.9999651815687781,0.9999058990773192,0.006518340721527238,0.008344870499674152,0.027172386646270752
52,improved_environment,mlp_scm,ok,0.2,7,1,0,False,0.6374796628952026,1.0,0.07160334506995505,0.9972227098879293,0.9976035333667119,0.0569322983903362,0.074529053590176,0.24661999940872192,0.9998329803595422,0.9995834078392103,0.013957854870739084,0.018276741869665748,0.06052660942077637
52,improved_environment,mlp_scm,ok,0.2,8,1,0,False,0.6893282532691956,1.0,0.07160108862800221,0.9881995346320515,0.9890599518990056,0.11808748963790094,0.1536259378225413,0.4912819266319275,0.9992903416273409,0.9982752820792503,0.028962372955163573,0.0376738207333898,0.1204192042350769
52,improved_environment,mlp_scm,ok,0.2,9,1,0,False,0.6508433222770691,1.0,0.0731378721368947,0.9993235790086886,0.9992311217008797,0.03300179973075501,0.03678099990360937,0.06790310144424438,0.999959379545828,0.9998895152349616,0.008091879381026956,0.009013373950468383,0.016417384147644043
52,improved_environment,mlp_scm,ok,0.3,0,1,0,False,0.6241098642349243,1.0,0.06927638970119718,0.9756572206684757,0.9786263612223731,0.17344932372634503,0.22064803912736275,0.6641110777854919,0.9985354540581826,0.9965390865281453,0.042518328356663915,0.0541210864600888,0.16304345428943634
52,improved_environment,mlp_scm,ok,0.3,1,1,0,False,0.6445228457450867,1.0,0.07196270758417565,0.9995153034258237,0.9995670798762606,0.022543108206718898,0.031135079066619165,0.12742319703102112,0.9999708538440996,0.9999174437629641,0.005529369485429925,0.00763494034742273,0.031230568885803223
52,improved_environment,mlp_scm,ok,0.3,2,1,0,False,0.6598201990127563,1.0,0.0735175864318899,0.9980131747653568,0.9977069661504899,0.05431910072411483,0.06303689535680498,0.14232748746871948,0.999880643007798,0.9996923391567125,0.01332696435872549,0.015450371674330643,0.034590959548950195
52,improved_environment,mlp_scm,ok,0.3,3,1,0,False,0.6560694575309753,1.0,0.06896065621576031,0.9964027770081044,0.9971855777483727,0.066952695683554,0.08482007999773339,0.3024546504020691,0.999783766455643,0.9994848253880265,0.01644903181704649,0.02079584315219278,0.07422852516174316
52,improved_environment,mlp_scm,ok,0.3,4,1,0,False,0.665949821472168,1.0,0.073851288137303,0.9956352103981938,0.995089787032401,0.07905620864880802,0.09343221725365077,0.2362263798713684,0.9997377534754771,0.9993385442743723,0.01940163579968157,0.022901813607297428,0.058049678802490234
52,improved_environment,mlp_scm,ok,0.3,5,1,0,False,0.6451267004013062,1.0,0.07249254665644986,0.9996345539733541,0.9997155849903441,0.018570019661410697,0.027035015377785306,0.09860360622406006,0.9999780378142946,0.999937873274444,0.004566963466913876,0.006627546556388717,0.024091631174087524
52,improved_environment,mlp_scm,ok,0.3,6,1,0,False,0.6241067051887512,1.0,0.07163062110040319,0.9810629935246576,0.9866377472104999,0.142508380577965,0.1946124629134671,0.6815325617790222,0.9988611694430098,0.9973496620413418,0.034941340864634185,0.04772484791862961,0.16719257831573486
52,improved_environment,mlp_scm,ok,0.3,7,1,0,False,0.6566941738128662,0.9999999403953552,0.07289553524847847,0.9991006689537129,0.9989346032115013,0.03618726888788615,0.042410636097675924,0.09962517023086548,0.9999459607125205,0.9998558981832487,0.008881001066782801,0.010396084452410484,0.02423924207687378
52,improved_environment,mlp_scm,ok,0.3,8,1,0,False,0.6287415027618408,1.0,0.07246182790323871,0.9777308125186336,0.9861323403190042,0.14983661175472207,0.21104116728916578,0.7820448279380798,0.9986610466293405,0.9969344221622201,0.03675660804731251,0.05174849539982824,0.19164776802062988
52,improved_environment,mlp_scm,ok,0.3,9,1,0,False,0.6251531839370728,1.0,0.07128841102459216,0.9692096469601932,0.9793767993169301,0.18156285733056166,0.24815459151594813,0.8512576222419739,0.9981481934833749,0.9957975556111865,0.04451147212310502,0.060857317475762396,0.20887655019760132
53,improved_environment,mlp_scm,ok,0.0,0,0,0,False,0.6491348743438721,1.0,0.0008355201714329396,1.0,1.0,0.0,0.0,0.0,1.0,1.0,0.0,0.0,0.0
53,improved_environment,mlp_scm,ok,0.1,0,1,0,False,0.6459115743637085,1.0,-0.0015830254325641096,0.9996394232245549,0.9997695086162639,0.01790475103246081,0.026854302016914428,0.10800129175186157,0.9999777306667847,0.9998561328767612,0.004416437482465341,0.006673729621983761,0.02731722593307495
53,improved_environment,mlp_scm,ok,0.1,1,1,0,False,0.6531477570533752,1.0,0.0019352203091474052,0.9997779330927353,0.9997303930303892,0.016993180682675302,0.02107448210365818,0.06041586399078369,0.9999862269151027,0.9998744501466276,0.004232090530589261,0.005248444583011687,0.01522982120513916
53,improved_environment,mlp_scm,ok,0.1,2,1,0,False,0.649944007396698,1.0,0.0013792823607546442,0.9999742976691871,0.9999764188896586,0.004773849734078794,0.007169704351748238,0.03059220314025879,0.9999984102092332,0.9999831132429725,0.0011787411717669727,0.0017831381250714752,0.007685929536819458
53,improved_environment,mlp_scm,ok,0.1,3,1,0,False,0.651433527469635,1.0,0.002625254812583799,0.9997943201112005,0.999855417618726,0.013735347547253696,0.020282005882380116,0.07861316204071045,0.9999873060478436,0.9999064131678705,0.0033985177656710164,0.005038641211594898,0.019868135452270508
53,improved_environment,mlp_scm,ok,0.1,4,1,0,False,0.6553828716278076,1.0,0.0014443500819733995,0.9993560098378407,0.9991148701710678,0.030840326104907945,0.03588844288148227,0.08301794528961182,0.9999599621613834,0.99959297439382,0.007691799947341593,0.008948501344470764,0.020607471466064453
53,improved_environment,mlp_scm,ok,0.1,5,1,0,False,0.6452897787094116,1.0,-0.0009457225036765453,0.9996361361898448,0.9996906962986676,0.019098174155260494,0.026976427646840755,0.11303788423538208,0.9999774514600707,0.9998220687897861,0.004730627330562953,0.006715436102591435,0.02839142084121704
53,improved_environment,mlp_scm,ok,0.1,6,1,0,False,0.6566731929779053,1.0,0.0034814805980279253,0.9993172342569513,0.9993316152203392,0.027862276284622567,0.03695309920896648,0.13065961003303528,0.999957764659668,0.9996759441384735,0.006928424874072192,0.009190793198071149,0.03296542167663574
53,improved_environment,mlp_scm,ok,0.1,7,1,0,False,0.6545971035957336,1.0,0.0016925312416583985,0.9995709425016577,0.9993983799374864,0.025004155998033184,0.029293600125638385,0.07519495487213135,0.9999733406558452,0.9997304377369287,0.0062359366960755835,0.007301964766580423,0.01861751079559326
53,improved_environment,mlp_scm,ok,0.1,8,1,0,False,0.6427397727966309,1.0,-0.002307845529779808,0.9992475422131905,0.9994183624139276,0.027436152124550972,0.03879324207377682,0.15015965700149536,0.9999534519670432,0.9996709596953007,0.0067890419418326076,0.00964863022281357,0.037953972816467285
53,improved_environment,mlp_scm,ok,0.1,9,1,0,False,0.6495268940925598,1.0,5.412664278670107e-05,0.9998512857339374,0.9998430906212348,0.014613344093106662,0.017246116209127863,0.06878876686096191,0.9999907664207259,0.9999077654495385,0.00363727821451576,0.004297343217377758,0.017241358757019043
53,improved_environment,mlp_scm,ok,0.2,0,1,0,False,0.6401103138923645,1.0,-0.0014039057993629387,0.9983503973062072,0.9979500191996058,0.047950403165714306,0.057438708833456184,0.1641077995300293,0.9998974897790323,0.9990339009191045,0.011957535400998864,0.014318535060765624,0.040605008602142334
53,improved_environment,mlp_scm,ok,0.2,1,1,0,False,0.6323924660682678,1.0,-0.0094957242721916,0.9902825035463376,0.9928994929826583,0.10034721533351387,0.1394094402563968,0.5194618701934814,0.9993972103344011,0.996149495297189,0.024862513450390367,0.03472145353747081,0.13144582509994507
53,improved_environment,mlp_scm,ok,0.2,2,1,0,False,0.6399407982826233,1.0,-0.002126635714213437,0.9987095693333476,0.9984914012598729,0.04160437603979972,0.05080217918584102,0.14176630973815918,0.9999199371932044,0.9992908567877833,0.010365950256417733,0.012654075108179987,0.035830140113830566
53,improved_environment,mlp_scm,ok,0.2,3,1,0,False,0.641939640045166,1.0,-0.001481386496859035,0.9988759634128421,0.998781594203535,0.03767413791206309,0.04741384938154751,0.15737855434417725,0.9999302053393943,0.9994042808096703,0.009387605198131865,0.01181479268384081,0.03951621055603027
53,improved_environment,mlp_scm,ok,0.2,4,1,0,False,0.6495195031166077,1.0,0.003036099277190495,0.9992160367213788,0.999281960778042,0.033830707179504316,0.03959705248374274,0.12869352102279663,0.9999514063873558,0.9996012333702881,0.008411195385487957,0.009858358065705853,0.03231063485145569
53,improved_environment,mlp_scm,ok,0.2,5,1,0,False,0.6629905104637146,1.0,0.005742069702366164,0.9982356534580259,0.998370165295425,0.044513126691626326,0.0594028033822126,0.21911025047302246,0.9998910920861336,0.9992134861597882,0.011058141698466528,0.014758585016853586,0.05532205104827881
53,improved_environment,mlp_scm,ok,0.2,6,1,0,False,0.6695677042007446,1.0,0.009045865527653301,0.9947795298591696,0.9960352330398757,0.06826110921463169,0.10218092088164302,0.4046582281589508,0.9996778992693308,0.9978437030612973,0.016863268432583567,0.025381124131223728,0.10195982456207275
53,improved_environment,mlp_scm,ok,0.2,7,1,0,False,0.6454111337661743,1.0,-0.0026717896730846786,0.9990109468937163,0.9993840077536478,0.030299737060509813,0.04447590584895973,0.17555969953536987,0.9999387904554736,0.999619561816036,0.007506457311055925,0.0110643160274498,0.04419165849685669
53,improved_environment,mlp_scm,ok,0.2,8,1,0,False,0.6353809237480164,1.0,-0.0010081627524628955,0.9932285773015801,0.9911271210831566,0.09884952759472299,0.11637373210802124,0.2791171669960022,0.9995787464251468,0.9958100502467635,0.02466184132560656,0.02902597353581629,0.06935751438140869
53,improved_environment,mlp_scm,ok,0.2,9,1,0,False,0.657459020614624,1.0,0.002626099215657965,0.9991414785140322,0.9989326474203009,0.03462090509492555,0.04143721720671431,0.11485171318054199,0.9999467186154417,0.9995117480866889,0.008625303847619392,0.01032292459519409,0.028355717658996582
53,improved_environment,mlp_scm,ok,0.3,0,1,0,False,0.6450972557067871,1.0,-0.0012814742096353769,0.9995307704560593,0.9996392537153017,0.02097017786906008,0.030634278994686286,0.1326555609703064,0.9999709309914748,0.999785322491238,0.005186577685268645,0.007624828960020687,0.033324241638183594
53,improved_environment,mlp_scm,ok,0.3,1,1,0,False,0.6383118629455566,0.9999999403953552,-0.008008180652446528,0.9956554189253404,0.9977379680206392,0.062451826439371416,0.09321567430419614,0.38360440731048584,0.9997314891803643,0.9985992485337242,0.015392197806480823,0.02317372707144942,0.09721732139587402
53,improved_environment,mlp_scm,ok,0.3,2,1,0,False,0.6317757964134216,1.0,-0.010578780878612368,0.9883813170075675,0.9918793249754054,0.10913099073223975,0.15243807440393858,0.5718159675598145,0.9992791668586659,0.9954951222739093,0.027027854929347228,0.037969280897624226,0.14473819732666016
53,improved_environment,mlp_scm,ok,0.3,3,1,0,False,0.656943142414093,1.0,0.003025374485737326,0.9991966541174265,0.9991218550971168,0.03177560917373512,0.04008355892176301,0.12143009901046753,0.9999501999949962,0.9995866264930978,0.007911550018260272,0.009979980462638231,0.03059941530227661
53,improved_environment,mlp_scm,ok,0.3,4,1,0,False,0.6437897086143494,0.9999999403953552,0.002152306153395139,0.9975491204340027,0.9970001921916372,0.06300490565172367,0.07001256418168705,0.13112735748291016,0.9998476605340237,0.9985414692260925,0.015704756033915857,0.01745505446079454,0.03289848566055298
53,improved_environment,mlp_scm,ok,0.3,5,1,0,False,0.6777799725532532,1.0,0.00864782817495024,0.9927863475225829,0.9933127212077184,0.0928208640710011,0.12011371424050737,0.3987758234143257,0.9995539458215821,0.996649157785566,0.023070703173456053,0.02986818322823221,0.1004452109336853
53,improved_environment,mlp_scm,ok,0.3,6,1,0,False,0.6535094380378723,1.0,0.0013814077867502512,0.9996859241516763,0.9995721760734677,0.02207288683052866,0.02506295515395254,0.08866775035858154,0.999980476539851,0.999787624722838,0.005505310636241489,0.006248753581831389,0.022014975547790527
53,improved_environment,mlp_scm,ok,0.3,7,1,0,False,0.6315127015113831,1.0,-0.010722454511690044,0.9904923755015238,0.9937133653900089,0.09703805118124365,0.13789578919555862,0.5403021574020386,0.9994109090828712,0.996475909269723,0.023997782507027665,0.03432465313458397,0.1368836760520935
53,improved_environment,mlp_scm,ok,0.3,8,1,0,False,0.6359788179397583,1.0,-0.010597432741555836,0.9900702756393428,0.9945490531183956,0.09599694885037025,0.1409235548061762,0.5533463954925537,0.9993845162348552,0.9966581543702167,0.023710940765059974,0.035085146570887654,0.14012271165847778
53,improved_environment,mlp_scm,ok,0.3,9,1,0,False,0.6423744559288025,1.0,0.0010811996252240066,0.9979423424187223,0.99734132480399,0.05642837383402366,0.06415072127044061,0.13245868682861328,0.9998720283342639,0.9987259159752521,0.014071477617999761,0.015998229339746893,0.033071041107177734
54,improved_environment,mlp_scm,ok,0.0,0,0,0,False,0.6479907035827637,0.9999999403953552,-0.0051812457683136255,1.0,1.0,0.0,0.0,0.0,1.0,1.0,0.0,0.0,0.0
54,improved_environment,mlp_scm,ok,0.1,0,1,0,False,0.6467564105987549,1.0,-0.005037746038897844,0.9996176812487015,0.9996951107753379,0.020353555975248128,0.027652079800062027,0.10336053371429443,0.9999761528973885,0.9999632425255703,0.005084229060067003,0.00690609897823375,0.02581194043159485
54,improved_environment,mlp_scm,ok,0.1,1,1,0,False,0.6368946433067322,1.0,-0.007485013981425454,0.9974677306932493,0.9974859407410056,0.055634883889524644,0.07116557272579419,0.2382970154285431,0.9998421078800102,0.9997892116980186,0.013873149639358928,0.017770319086467857,0.0603489875793457
54,improved_environment,mlp_scm,ok,0.1,2,1,0,False,0.6528726816177368,1.0,-0.004352529951696588,0.9994518625448834,0.9995021480044346,0.023293905451737373,0.03311004220346552,0.1396906077861786,0.9999658349024944,0.9999470933767255,0.005807702532187875,0.00826620777215911,0.03489449992775917
54,improved_environment,mlp_scm,ok,0.1,3,1,0,False,0.646288275718689,1.0,-0.005235641957997575,0.9997881969839844,0.9998323617766968,0.01436095926442249,0.020581691736098723,0.07898050546646118,0.9999867879010732,0.9999781958550891,0.0035865155906016355,0.0051404472374987995,0.019727066159248352
54,improved_environment,mlp_scm,ok,0.1,4,1,0,False,0.6477194428443909,1.0,-0.005170234938519864,0.9999904357227315,0.9999872706709103,0.003147195747743581,0.0043736202278037515,0.01675969362258911,0.9999994033950012,0.9999981001001358,0.0007861451387114471,0.0010923415171445365,0.004185684025287628
54,improved_environment,mlp_scm,ok,0.1,5,1,0,False,0.6542733311653137,1.0,-0.004600719396920413,0.9994062697274121,0.9994928720227452,0.023546193920310543,0.03445954973548608,0.13814523816108704,0.9999629789886656,0.9999431818181818,0.0058731148514468146,0.0086047672433305,0.034582674503326416
54,improved_environment,mlp_scm,ok,0.1,6,1,0,False,0.6364988088607788,1.0,-0.007380212153688418,0.9972207097867549,0.9973845754953149,0.057033099760133155,0.0745558860612649,0.2625597417354584,0.9998266810585494,0.999769530970603,0.014219450927562605,0.018618213301351667,0.06630444526672363
54,improved_environment,mlp_scm,ok,0.1,7,1,0,False,0.6567800641059875,1.0,-0.0037506752976403995,0.9987809639965409,0.9988944370931979,0.0364025315355434,0.049376837270152206,0.18272468447685242,0.999924044439227,0.9998907557578139,0.009070383157158801,0.012325222960857836,0.045643022283911705
54,improved_environment,mlp_scm,ok,0.1,8,1,0,False,0.6501895785331726,0.9999999403953552,-0.004508011305737095,0.9998902697358361,0.999841671286031,0.012679591335427176,0.014814199904523208,0.03598639369010925,0.9999931695695702,0.9999866895250696,0.003167464429729705,0.0036960600693184084,0.009044677019119263
54,improved_environment,mlp_scm,ok,0.1,9,1,0,False,0.6476234197616577,1.0,-0.0053173321042277715,0.9999886522110951,0.9999813027501607,0.004354348129936625,0.004763987536877729,0.012529850006103516,0.999999292660146,0.9999965466525997,0.0010870732287813212,0.0011894030776114918,0.0031332075595855713
54,improved_environment,mlp_scm,ok,0.2,0,1,0,False,0.634742259979248,1.0,-0.007707147498066933,0.9962748197691378,0.9965053577176167,0.06619822177799506,0.08631547036766103,0.3039574921131134,0.999767673159812,0.9996989664544739,0.016508727764694697,0.021555826580890846,0.07674407958984375
54,improved_environment,mlp_scm,ok,0.2,1,1,0,False,0.6348010897636414,1.0,-0.009115696277497178,0.9951384235316566,0.9937799178349186,0.08448283545908453,0.09860605046775638,0.2246311902999878,0.999696906595597,0.99960944764323,0.02113233367459344,0.024620860848566743,0.055573344230651855
54,improved_environment,mlp_scm,ok,0.2,2,1,0,False,0.6492136120796204,1.0,-0.00464307888161751,0.9999317898729588,0.9999160132501252,0.009147480229557914,0.011679907945653161,0.058812499046325684,0.999995754187649,0.9999899752342465,0.0022785117445422998,0.0029140391581510675,0.014695223420858383
54,improved_environment,mlp_scm,ok,0.2,3,1,0,False,0.658595860004425,1.0,-0.0030194137102177096,0.9985722640422764,0.9984959498605249,0.0440265716548538,0.053436616212823515,0.1409676969051361,0.9999111232050721,0.9998736790108004,0.010972569948926036,0.013332426002358415,0.03607940673828125
54,improved_environment,mlp_scm,ok,0.2,4,1,0,False,0.6585494875907898,1.0,-0.003477233367673683,0.9989160468485849,0.9987998220799656,0.0389062241385858,0.04656078068515508,0.11435970664024353,0.9999324973931875,0.9998992717795578,0.009701584364783855,0.011619174285089837,0.02929091453552246
54,improved_environment,mlp_scm,ok,0.2,5,1,0,False,0.650887131690979,1.0,-0.004852761148322039,0.9998046874496678,0.999824449252557,0.013513663010144228,0.019764238094888104,0.07710322737693787,0.9999878208021973,0.9999788552321005,0.0033704059518910867,0.004935422473689799,0.019303500652313232
54,improved_environment,mlp_scm,ok,0.2,6,1,0,False,0.6659198999404907,1.0,-0.002450526895973722,0.9968139843371752,0.9969389595701308,0.06342019117818154,0.079825004799471,0.2557899057865143,0.999801610183486,0.9997304600886918,0.015799892321119557,0.019919328022596376,0.06493306159973145
54,improved_environment,mlp_scm,ok,0.2,7,1,0,False,0.641455352306366,1.0,-0.006307638267883844,0.999101228094324,0.9992030814140619,0.031271272037685094,0.042397449818608456,0.15594300627708435,0.9999439576753244,0.9999169743759387,0.007796526722962938,0.010587003634329581,0.03928518295288086
54,improved_environment,mlp_scm,ok,0.2,8,1,0,False,0.634833037853241,1.0,-0.008130950568765184,0.9938326498336412,0.9948737013625633,0.0817429162649912,0.1110616973650011,0.4101492762565613,0.9996152691373947,0.9995120274837278,0.020377172859021186,0.02773917254678064,0.102556511759758
54,improved_environment,mlp_scm,ok,0.2,9,1,0,False,0.6515344977378845,1.0,-0.004835769730083436,0.9996586861869028,0.9997063984157069,0.017792235752608576,0.026127143070605947,0.10180699825286865,0.9999787145834598,0.9999637119125956,0.004440890269926001,0.006524632619143758,0.02547532320022583
54,improved_environment,mlp_scm,ok,0.3,0,1,0,False,0.649937093257904,1.0,-0.004673258526049631,0.9999297362625122,0.9999073854695658,0.009744390626565291,0.011854428585953154,0.03644299507141113,0.9999956251453337,0.9999894276160501,0.0024296376858714552,0.00295799072462003,0.00910859927535057
54,improved_environment,mlp_scm,ok,0.3,1,1,0,False,0.6403138041496277,1.0,-0.006473396907908071,0.9992865126956157,0.9991638875974534,0.03134683462209864,0.03777531668584461,0.0981585681438446,0.9999555286352428,0.9999308212931834,0.007815575865215862,0.00943094534433701,0.025037765502929688
54,improved_environment,mlp_scm,ok,0.3,2,1,0,False,0.6611964106559753,1.0,-0.002379246006188801,0.9971308757079863,0.9967053836456619,0.06676563231292221,0.07575122809014347,0.14745068550109863,0.9998213790491777,0.9997573827873543,0.016668361564306622,0.0189008434096543,0.03639973700046539
54,improved_environment,mlp_scm,ok,0.3,3,1,0,False,0.6886432766914368,1.0,0.0008190023111438997,0.9874619648310272,0.9874886676561047,0.12915139356641703,0.15835425289669924,0.44903985038399696,0.9992200804458692,0.9990144437093198,0.032170542848454886,0.03949479744599499,0.11467361450195312
54,improved_environment,mlp_scm,ok,0.3,4,1,0,False,0.6790933012962341,1.0,-0.00012242135239537853,0.991155257892399,0.9914359359114489,0.10722839433969966,0.13300182072509611,0.39311376959085464,0.9994496998025632,0.9992930696123309,0.026698979587989058,0.03317529758604438,0.10028195381164551
54,improved_environment,mlp_scm,ok,0.3,5,1,0,False,0.6651468276977539,1.0,-0.0024935589319095945,0.9973181531602533,0.9969815173270867,0.06284444287138058,0.07323724312298402,0.1658838987350464,0.999833030248044,0.9997676422466204,0.01569396977486548,0.01827401143073473,0.04100602865219116
54,improved_environment,mlp_scm,ok,0.3,6,1,0,False,0.6464555859565735,1.0,-0.0049532150423305735,0.9981947110701315,0.9986382858879908,0.04450571889969979,0.06008808436843094,0.23934084177017212,0.9998873961397184,0.9998505896395107,0.011116554183679739,0.015006922393260106,0.05977031588554382
54,improved_environment,mlp_scm,ok,0.3,7,1,0,False,0.6473509669303894,1.0,-0.004775962261956017,0.9999302426144189,0.9999270661969815,0.007441173586585137,0.011811637110155145,0.092924565076828,0.9999956538754213,0.9999910145912307,0.0018571695726947723,0.002948262010775172,0.02321254089474678
54,improved_environment,mlp_scm,ok,0.3,8,1,0,False,0.6333930492401123,1.0,-0.008733616721614278,0.9950957127226812,0.9947475256598239,0.07974158881023641,0.09903824560536834,0.3018909990787506,0.999694184068932,0.9996062513411058,0.019886557395643933,0.02473119180838502,0.0767982006072998
54,improved_environment,mlp_scm,ok,0.3,9,1,0,False,0.6346608996391296,1.0,-0.008997655732054364,0.9948742013514789,0.9934761573742936,0.08746654010724342,0.10125017305969308,0.22242671251296997,0.9996803913450318,0.9995869841213074,0.021877292767392476,0.02528274657517254,0.0550382137298584
55,improved_environment,mlp_scm,ok,0.0,0,0,0,False,0.6710336208343506,1.0,-0.10566461725308629,1.0,1.0,0.0,0.0,0.0,1.0,1.0,0.0,0.0,0.0
55,improved_environment,mlp_scm,ok,0.1,0,1,0,False,0.6695247888565063,1.0,-0.10399628303621422,0.999706995540584,0.9997834784707816,0.017828106094327723,0.0242076209087188,0.09338045120239258,0.9999808860212015,0.9999650977219081,0.0045258962816205894,0.006182876167409128,0.024081319570541382
55,improved_environment,mlp_scm,ok,0.1,1,1,0,False,0.6654549837112427,1.0,-0.10859938383118349,0.9995871166112021,0.9996550899434946,0.02103510208831949,0.028736158923498394,0.11473041772842407,0.9999731865302518,0.9999564811172305,0.005323560855678977,0.007323041623469891,0.02988731861114502
55,improved_environment,mlp_scm,ok,0.1,2,1,0,False,0.6740570068359375,1.0,-0.10589312706226062,0.9997912139036018,0.9998580998319145,0.013718723371596298,0.020434583435187705,0.08301076292991638,0.9999863108303609,0.999976396538159,0.003512078527137419,0.005232431565847209,0.021219611167907715
55,improved_environment,mlp_scm,ok,0.1,3,1,0,False,0.6674823760986328,1.0,-0.10741906622055088,0.9997839950773482,0.9998220240862599,0.014832994437753655,0.02078484686800631,0.08057171106338501,0.9999859300834869,0.9999741278342035,0.0037647221143970455,0.005304699203939274,0.020931780338287354
55,improved_environment,mlp_scm,ok,0.1,4,1,0,False,0.6759602427482605,1.0,-0.0985678201759177,0.9994254291228643,0.9992689073564123,0.029387683148925703,0.03389899454263431,0.07336485385894775,0.9999640192859229,0.9999412036871468,0.00725612123615349,0.008483008113180559,0.01983320713043213
55,improved_environment,mlp_scm,ok,0.1,5,1,0,False,0.6768642067909241,1.0,-0.10079598041987976,0.9995461291597794,0.9995236727523066,0.024551213209434763,0.030128752100798226,0.08857405185699463,0.9999710426637892,0.9999491720906943,0.006137487115552176,0.007610168918904832,0.023457884788513184
55,improved_environment,mlp_scm,ok,0.1,6,1,0,False,0.6716582179069519,1.0,-0.10432450566700915,0.9999784294765025,0.999963801319648,0.005707878719732662,0.006568184492321178,0.013981819152832031,0.9999986442552381,0.9999941214863027,0.0014132289575172763,0.0016466601299641762,0.003774285316467285
55,improved_environment,mlp_scm,ok,0.1,7,1,0,False,0.6720065474510193,1.0,-0.10739414549553741,0.9998511404380288,0.9998715555933051,0.01371918519026849,0.01725453918687019,0.055712759494781494,0.9999903320062878,0.9999817386095413,0.0034628055441316974,0.004397270522638638,0.01445925235748291
55,improved_environment,mlp_scm,ok,0.1,8,1,0,False,0.6676650047302246,1.0,-0.10477604076399026,0.9996283087377112,0.9997655188291251,0.01876353522146701,0.027265042230166733,0.10962960124015808,0.9999756593605843,0.999957643408912,0.004799913135229872,0.006977197104126791,0.027918875217437744
55,improved_environment,mlp_scm,ok,0.1,9,1,0,False,0.6721938848495483,1.0,-0.10569544148284604,0.9999555221403185,0.9999653994707102,0.006349348807646038,0.009431634237156145,0.038881778717041016,0.9999970836056652,0.9999922551140833,0.001625614630029304,0.0024151166784863575,0.009959697723388672
55,improved_environment,mlp_scm,ok,0.2,0,1,0,False,0.693447470664978,0.9999999403953552,-0.09644879391808843,0.9945454326635298,0.995868958318432,0.07338444991805204,0.10444680440288706,0.40235214587301016,0.9996459201208077,0.9994930284850869,0.018605126034117347,0.026611270865732783,0.10430938005447388
55,improved_environment,mlp_scm,ok,0.2,1,1,0,False,0.6878463625907898,1.0,-0.09310849955849822,0.997603590435726,0.9974829791323939,0.05726001625242816,0.0692301890387097,0.20535501837730408,0.999848443209523,0.9997848866318573,0.014205266713361198,0.017410157355311588,0.054487526416778564
55,improved_environment,mlp_scm,ok,0.2,2,1,0,False,0.6733194589614868,1.0,-0.1069147316751326,0.9998832532724169,0.9999144933302337,0.011092300087909734,0.015280493159061291,0.06151312589645386,0.999992393169846,0.9999856613439667,0.002810060766478273,0.0039004692091853554,0.015671491622924805
55,improved_environment,mlp_scm,ok,0.2,3,1,0,False,0.6614810228347778,1.0,-0.11510832539790268,0.9987246171660537,0.9985561208068091,0.04234974317371609,0.050505106639112785,0.13043206930160522,0.9999190750586167,0.9998835026106859,0.010528378925641846,0.012722023681435157,0.03505009412765503
55,improved_environment,mlp_scm,ok,0.2,4,1,0,False,0.6699718832969666,1.0,-0.11597793063302587,0.9979386738234138,0.997996611472713,0.05761338775897684,0.06420788548227438,0.17959928512573242,0.999867947267932,0.9998104011694442,0.014417139349234276,0.016251322007597113,0.045850932598114014
55,improved_environment,mlp_scm,ok,0.2,5,1,0,False,0.7029880881309509,1.0,-0.08612181776857483,0.9921205078096763,0.9925656247764822,0.0997283777231246,0.12553479486731842,0.4231329634785652,0.999498146393115,0.9993071959266145,0.0249067439758619,0.031681339096420194,0.11102879047393799
55,improved_environment,mlp_scm,ok,0.2,6,1,0,False,0.689159631729126,1.0,-0.09946110311993686,0.9963701905984798,0.9974245963271582,0.05821435101748307,0.08520339682717089,0.344613216817379,0.9997636120315645,0.9996560175416637,0.014818111094882624,0.021743411586110407,0.08913004398345947
55,improved_environment,mlp_scm,ok,0.2,7,1,0,False,0.664340078830719,1.0,-0.11535987257785388,0.9988974060907742,0.9986362854051927,0.03994327364438277,0.04695942842623209,0.11104875802993774,0.9999305845703362,0.9998996405836491,0.009924377987374555,0.01178265073182413,0.029920101165771484
55,improved_environment,mlp_scm,ok,0.2,8,1,0,False,0.6627135872840881,1.0,-0.10985767671884529,0.9991358536773279,0.9993523911916171,0.03022089177130738,0.041572739005625615,0.171068012714386,0.999943848375949,0.9999180919640939,0.007651919235883042,0.010597322829111723,0.04454737901687622
55,improved_environment,mlp_scm,ok,0.2,9,1,0,False,0.693123996257782,1.0,-0.0933992976762558,0.9954888114347357,0.9961749427794864,0.07223133411292793,0.09498619591252569,0.34546148404479027,0.999709965353743,0.9995875093877405,0.018160433255616226,0.024084627424983206,0.09020870923995972
55,improved_environment,mlp_scm,ok,0.3,0,1,0,False,0.6537383198738098,1.0,-0.12224817122174604,0.9942652332677215,0.9944902680423431,0.08732276490906088,0.10709590741182691,0.3364899158477783,0.9996313610896492,0.9995223763500464,0.021895449885505514,0.027152860753882936,0.08929479122161865
55,improved_environment,mlp_scm,ok,0.3,1,1,0,False,0.6784582734107971,1.0,-0.11089397352255623,0.9978745198899732,0.9985000961125812,0.048932764077619595,0.06519938781687973,0.233962282538414,0.9998613351781095,0.999789602853873,0.012400948346112273,0.01665321721776448,0.059590697288513184
55,improved_environment,mlp_scm,ok,0.3,2,1,0,False,0.6631397604942322,1.0,-0.10742186597504688,0.9972437869427185,0.9982825575781417,0.05038803900362154,0.07424571569256817,0.316581130027771,0.9998192949127198,0.9997478944639152,0.012904470937598944,0.019010790841601462,0.08091214299201965
55,improved_environment,mlp_scm,ok,0.3,3,1,0,False,0.6670442223548889,1.0,-0.11383797921742334,0.9991944019322242,0.9990147566340031,0.034141196765688164,0.04013970784009549,0.09410035610198975,0.9999492402605009,0.9999256021564981,0.008453448408701547,0.010075687425046284,0.025337398052215576
55,improved_environment,mlp_scm,ok,0.3,4,1,0,False,0.6799608469009399,1.0,-0.09688133056909551,0.9989286365581475,0.9987592201022816,0.03887457160907104,0.04628959829411125,0.11622399091720581,0.9999323957944899,0.9998952037586724,0.009658097354417805,0.011627915336271763,0.03084176778793335
55,improved_environment,mlp_scm,ok,0.3,5,1,0,False,0.6827151775360107,1.0,-0.09980852212497213,0.9985727275388792,0.9988541145125526,0.03924282282906688,0.05342794268506981,0.20731903612613678,0.9999076610531928,0.9998554623238681,0.009910322860548604,0.013589624654832105,0.05397641658782959
55,improved_environment,mlp_scm,ok,0.3,6,1,0,False,0.6808180809020996,1.0,-0.0923338012190163,0.997962274455273,0.9974783299656675,0.054047536462348944,0.06383926139670616,0.15111076831817627,0.999872556716327,0.9998136757027394,0.013361723825369154,0.015965167171642532,0.04049062728881836
55,improved_environment,mlp_scm,ok,0.3,7,1,0,False,0.6492965221405029,1.0,-0.12536136445753018,0.9808623077507806,0.9850605173986123,0.14857000328410663,0.19564096346477855,0.7003631591796875,0.9987515027583451,0.9983913771368286,0.03773185521703226,0.04996993570073984,0.18353331089019775
55,improved_environment,mlp_scm,ok,0.3,8,1,0,False,0.6556568741798401,1.0,-0.11212333202688847,0.9948202731223331,0.9967242373578427,0.07087064839521418,0.10178140341132078,0.4189645051956177,0.9996611625681014,0.9995439681532079,0.018055859413493636,0.026032189113524326,0.1085321307182312
55,improved_environment,mlp_scm,ok,0.3,9,1,0,False,0.6789054870605469,1.0,-0.10348190273183029,0.9994571942451741,0.9996363368142477,0.021744177622693428,0.032948619147376505,0.14970196783542633,0.9999645823093763,0.9999434053358128,0.005537516090655004,0.008416375887640954,0.038673579692840576
56,improved_environment,tree_scm,ok,0.0,0,0,0,False,0.6412876844406128,1.0,0.015507321754221606,1.0,1.0,0.0,0.0,0.0,1.0,1.0,0.0,0.0,0.0
56,improved_environment,tree_scm,ok,0.1,0,1,0,False,0.6387847661972046,1.0,0.01593659951439561,0.9998965664070607,0.9998847990123023,0.011580040785474921,0.014382878030360062,0.04360806941986084,0.9999936179121862,0.9999850578463627,0.0028792783024869095,0.003572698724670709,0.010924041271209717
56,improved_environment,tree_scm,ok,0.1,1,1,0,False,0.6322030425071716,0.9999999403953552,0.01777745567339429,0.9982218290656236,0.9985156194037645,0.043926960569933726,0.05963507079299475,0.2171826958656311,0.9998903881850713,0.9998406319290466,0.010929266741129595,0.014806202301061538,0.05440801382064819
56,improved_environment,tree_scm,ok,0.1,2,1,0,False,0.6340901255607605,1.0,0.016247808195599907,0.9991210785101086,0.9990068441043137,0.03552361350472211,0.04192663704365322,0.10562852025032043,0.9999457433585643,0.9999081119018666,0.008824630680869916,0.01041697098728157,0.0260622501373291
56,improved_environment,tree_scm,ok,0.1,3,1,0,False,0.6359559297561646,0.9999999403953552,0.017439458349935388,0.9991710400194833,0.9994123609687497,0.027504003192461823,0.04071756186397065,0.16903764009475708,0.9999489344332589,0.9999230093519776,0.0068634935620650595,0.010105994836162887,0.04238414764404297
56,improved_environment,tree_scm,ok,0.1,4,1,0,False,0.6443226933479309,0.9999999403953552,0.015070107629207286,0.999859858529424,0.9998315571122838,0.013766077743156302,0.016741652351380323,0.04622840881347656,0.9999913494632418,0.999978721121522,0.0034228293729370307,0.004159455874846969,0.011448562145233154
56,improved_environment,tree_scm,ok,0.1,5,1,0,False,0.650158703327179,1.0,0.012984298014557251,0.9984661192540327,0.9988933418506218,0.03680933653424745,0.055387374969678854,0.222201406955719,0.9999053935801665,0.999865878245476,0.00918028977935137,0.01375546585163776,0.05577057600021362
56,improved_environment,tree_scm,ok,0.1,6,1,0,False,0.6511721611022949,1.0,0.013301136959837982,0.998708847819584,0.9989513893797352,0.03511023254884549,0.05081637776606462,0.2022666335105896,0.9999203564910304,0.9998789316751305,0.008742306483384255,0.012620896158172155,0.05074465274810791
56,improved_environment,tree_scm,ok,0.1,7,1,0,False,0.6419749855995178,1.0,0.015581394268791128,0.999981053447666,0.9999714903259976,0.005502470187650488,0.006155737373160717,0.021899938583374023,0.9999988300372178,0.9999952726021026,0.0013678502483855937,0.0015296815255708706,0.005415678024291992
56,improved_environment,tree_scm,ok,0.1,8,1,0,False,0.6341946721076965,0.9999999403953552,0.01678618877319681,0.9993008522437414,0.999314102617582,0.029750109609267383,0.03739378999198401,0.12677717208862305,0.9999568809820935,0.9999278149810458,0.007397913062106909,0.00928644359075438,0.031758010387420654
56,improved_environment,tree_scm,ok,0.1,9,1,0,False,0.6359046101570129,1.0,0.016604656045582866,0.9996236834555041,0.9996506978200922,0.02070797153191961,0.027434158685374285,0.10477954149246216,0.9999767994679504,0.9999603144446034,0.005152290564581108,0.0068118326521543916,0.026256918907165527
56,improved_environment,tree_scm,ok,0.2,0,1,0,False,0.6307029128074646,1.0,0.018329896462078884,0.9980718776198017,0.9985725269929532,0.04293944109318204,0.062098667483716,0.259846568107605,0.999881228671622,0.9998381508833415,0.010693141489866775,0.015412419023553671,0.06510913372039795
56,improved_environment,tree_scm,ok,0.2,1,1,0,False,0.6275017857551575,1.0,0.01655878132609649,0.9951793622034695,0.9946839013364338,0.08353274956687073,0.09818999512833451,0.23270955681800842,0.9997023849778129,0.9995701532436878,0.020748348824156437,0.024397336794723383,0.057556986808776855
56,improved_environment,tree_scm,ok,0.2,2,1,0,False,0.6361356973648071,1.0,0.015541908779449594,0.9987841669713505,0.9985958510578856,0.04201241152208013,0.04931192545399561,0.1244325041770935,0.9999249110373547,0.9998780711322509,0.01044051945893898,0.012254710351298567,0.0309145450592041
56,improved_environment,tree_scm,ok,0.2,3,1,0,False,0.6327254176139832,1.0,0.018919268145378722,0.9972832187763093,0.9981901889069886,0.05012683736583767,0.07371270193420257,0.3007158637046814,0.9998326831090084,0.9997740907302767,0.012507057399545829,0.01829299805259523,0.07536876201629639
56,improved_environment,tree_scm,ok,0.2,4,1,0,False,0.6361455321311951,1.0,0.015540556249536994,0.9991056073709131,0.9989528869478715,0.03627826731818118,0.042294032150189766,0.09606236219406128,0.9999447629424316,0.9999083801230241,0.00901550882946367,0.010510666957816038,0.0238645076751709
56,improved_environment,tree_scm,ok,0.2,5,1,0,False,0.6334805488586426,1.0,0.016217255511252495,0.9984973845274383,0.9983052446082252,0.04644258800715306,0.05481998550945432,0.14518049359321594,0.9999072289884021,0.9998574963343108,0.011537544057034665,0.013621381067533403,0.03589761257171631
56,improved_environment,tree_scm,ok,0.2,6,1,0,False,0.6585215330123901,0.9999999403953552,0.012370500019667848,0.9968670034316953,0.9973178778192159,0.058581700484182875,0.07915802595619979,0.2954028695821762,0.9998066441664384,0.9997240116050353,0.014586036946241165,0.019664985645340517,0.07410985231399536
56,improved_environment,tree_scm,ok,0.2,7,1,0,False,0.6207931041717529,1.0,0.02070192507186513,0.9898081365288246,0.9914955452460904,0.11009059927187081,0.1427715851809672,0.5105760097503662,0.9993721082691702,0.9991608030541449,0.02737431509578414,0.03543703498861243,0.12778913974761963
56,improved_environment,tree_scm,ok,0.2,8,1,0,False,0.6487338542938232,1.0,0.015793517232756304,0.9985209578904581,0.9982256835070009,0.047611877652457224,0.0543882710268199,0.10700356960296631,0.9999086631436098,0.9998456722516271,0.011832256323884849,0.013515684044869108,0.026590460911393166
56,improved_environment,tree_scm,ok,0.2,9,1,0,False,0.653358519077301,1.0,0.012674888407910218,0.9981392701557776,0.9986026906974347,0.04069163314269986,0.06100376813435402,0.2545001059770584,0.9998852344310233,0.9998387096774193,0.010147396149420729,0.015150285447014722,0.06387025117874146
56,improved_environment,tree_scm,ok,0.3,0,1,0,False,0.6370866298675537,1.0,0.01605509371229953,0.9999081812950714,0.9999195671800096,0.009170918022618935,0.013551287819302362,0.08241415023803711,0.999994338658723,0.9999879635755667,0.002278347895526167,0.0033649194409995213,0.020674705505371094
56,improved_environment,tree_scm,ok,0.3,1,1,0,False,0.6214678287506104,1.0,0.02157068334301444,0.9871467073684584,0.9901396761125573,0.11918407198231762,0.16033273146480426,0.58708655834198,0.9992083877862912,0.9989496571239539,0.02964879576282442,0.03978975308802362,0.14692628383636475
56,improved_environment,tree_scm,ok,0.3,2,1,0,False,0.6566188335418701,1.0,0.014186078521900885,0.9967797860668547,0.9964495118176537,0.06802820699090262,0.08025227456451843,0.21686089038848877,0.9998011072025468,0.9996906068950718,0.016901430253540184,0.019944563229928138,0.05358314514160156
56,improved_environment,tree_scm,ok,0.3,3,1,0,False,0.6469433903694153,1.0,0.011861301227030661,0.9950437352353458,0.9961233437126913,0.08105527213376718,0.09956168487473994,0.33624976873397827,0.9996940167281584,0.9996051896323581,0.020187332152033832,0.02473795766198943,0.0839950442314148
56,improved_environment,tree_scm,ok,0.3,4,1,0,False,0.6410142779350281,1.0,0.01705397858969336,0.9990156660542906,0.9990859134667467,0.03808466589066484,0.044369672591133134,0.1197924017906189,0.9999392989123214,0.9999049267756238,0.009470975865298215,0.01101826562693115,0.030075550079345703
56,improved_environment,tree_scm,ok,0.3,5,1,0,False,0.6795675754547119,1.0,0.011934308368848952,0.9882965774842427,0.9880785753214103,0.12865274954856432,0.15299295371823024,0.3949544429779053,0.9992769459904478,0.998968801409055,0.03197757433525794,0.03802772752433272,0.09735071659088135
56,improved_environment,tree_scm,ok,0.3,6,1,0,False,0.6190156936645508,1.0,0.021435920734172196,0.9850075902793679,0.9872055825048591,0.13537196261984263,0.1731612526510689,0.5924597978591919,0.9990763918927812,0.9987679819934197,0.033654709435211316,0.042979253525760416,0.14823698997497559
56,improved_environment,tree_scm,ok,0.3,7,1,0,False,0.6504790186882019,1.0,0.014432045666416867,0.999315028050227,0.9992219015942501,0.030704914593144395,0.037012752740633134,0.10944080352783203,0.9999577185616989,0.9999248757241971,0.007632850672223412,0.009195807543927025,0.027424752712249756
56,improved_environment,tree_scm,ok,0.3,8,1,0,False,0.6331483721733093,1.0,0.014547466121166428,0.9939155402856232,0.9936759932770143,0.09696094579828696,0.11031282106606587,0.220778226852417,0.9996241647678695,0.9994760411451256,0.02410398748247644,0.027416609911991276,0.05453526973724365
56,improved_environment,tree_scm,ok,0.3,9,1,0,False,0.6568094491958618,1.0,0.01399905406063192,0.9972578716405204,0.996974286514814,0.06256453971309384,0.07405576656631442,0.19376331567764282,0.9998306506941128,0.9997371432658606,0.015543416500975127,0.018403766265066505,0.04779702425003052
57,improved_environment,tree_scm,ok,0.0,0,0,0,False,0.660734236240387,1.0,0.1996225982093657,1.0,1.0,0.0,0.0,0.0,1.0,1.0,0.0,0.0,0.0
57,improved_environment,tree_scm,ok,0.1,0,1,0,False,0.6704290509223938,1.0,0.20316593608055386,0.9987252209242833,0.9989082951863241,0.03559483172330147,0.050493148361947314,0.18653342127799988,0.9999280175297671,0.9998715667691868,0.008415146090101189,0.01199853897551531,0.04445219039916992
57,improved_environment,tree_scm,ok,0.1,1,1,0,False,0.6502086520195007,1.0,0.1945151417885496,0.9981081727520411,0.9983799777376439,0.04493933718208609,0.06151141597044921,0.22629982233047485,0.9998931531623885,0.9998322388419999,0.010624729140403133,0.014618264721927083,0.054267168045043945
57,improved_environment,tree_scm,ok,0.1,2,1,0,False,0.6723776459693909,1.0,0.20355156791512666,0.9985600047766277,0.9985849545812173,0.04199564669272604,0.053665540935544986,0.16941684484481812,0.999918725575019,0.9998559540626564,0.009952051654295246,0.012749464350705014,0.040463924407958984
57,improved_environment,tree_scm,ok,0.1,3,1,0,False,0.664988100528717,0.9999999403953552,0.2012452572996375,0.9997468776086985,0.9997684804377369,0.015641279560441035,0.022499883533894306,0.08616095781326294,0.9999857044210647,0.9999714679743937,0.0036977718553998784,0.0053470698676026255,0.020572423934936523
57,improved_environment,tree_scm,ok,0.1,4,1,0,False,0.6601096987724304,1.0,0.1991058383636166,0.9998262857051595,0.9998366309634502,0.014715218928358809,0.018639435837390535,0.06039625406265259,0.9999901471415804,0.9999781399756812,0.00350078920780561,0.004439112132513962,0.014496386051177979
57,improved_environment,tree_scm,ok,0.1,5,1,0,False,0.6553502082824707,1.0,0.19707904857652414,0.9995164940779283,0.9994864347149703,0.024246672048377604,0.031096813191462815,0.09708297252655029,0.9999727030465765,0.9999491162112867,0.0057493281301503885,0.007388768806324676,0.023228883743286133
57,improved_environment,tree_scm,ok,0.1,6,1,0,False,0.660869300365448,1.0,0.19956517051646325,0.9999954617624639,0.999991863958229,0.0024631732405850926,0.003012718831121969,0.014618277549743652,0.9999997425330923,0.999998547135398,0.0005865843072569987,0.0007175888844750192,0.0034900903701782227
57,improved_environment,tree_scm,ok,0.1,7,1,0,False,0.6646391153335571,1.0,0.20102454037987835,0.9998212722795284,0.9997876917781273,0.015487459948261062,0.01890649183145712,0.051759183406829834,0.9999899080881426,0.9999760947893568,0.003674413534440646,0.004492641063804494,0.012307196855545044
57,improved_environment,tree_scm,ok,0.1,8,1,0,False,0.6660865545272827,1.0,0.20177382436755698,0.9995426456339068,0.9996008869179599,0.021077716561421767,0.030244151300942858,0.11231589317321777,0.9999741698519514,0.999949571628319,0.004982146318297964,0.007187509554584107,0.02676420286297798
57,improved_environment,tree_scm,ok,0.1,9,1,0,False,0.6529929041862488,1.0,0.19647239833098123,0.9989671785105945,0.9986652979937056,0.038523587453369146,0.04544934504492784,0.1143941581249237,0.9999415883088062,0.9998986124025462,0.009193558723836759,0.010808486289951895,0.027252614498138428
57,improved_environment,tree_scm,ok,0.2,0,1,0,False,0.6785242557525635,1.0,0.20513857280037592,0.9965569648414577,0.9971643323975394,0.057700536860465945,0.08298234934299684,0.3171911835670471,0.9998055829983495,0.9996697862277375,0.013645288239672482,0.0197188741358082,0.07555532455444336
57,improved_environment,tree_scm,ok,0.2,1,1,0,False,0.6558732390403748,1.0,0.19727621869019796,0.9992998213355458,0.9995071771511337,0.025336510351976926,0.0374213482452856,0.15048736333847046,0.9999603783577979,0.9999331905800729,0.005974838970359997,0.008901869514313465,0.03595900535583496
57,improved_environment,tree_scm,ok,0.2,2,1,0,False,0.6465096473693848,1.0,0.19251402696374917,0.9957238033573883,0.9946513013196479,0.07786874767162999,0.09247914910737082,0.24278441071510315,0.9997581770627243,0.9996090900150203,0.018549289286227122,0.021991950185954377,0.05790245532989502
57,improved_environment,tree_scm,ok,0.2,3,1,0,False,0.6418336629867554,1.0,0.18849444320530997,0.9924577564144323,0.9924132192797367,0.0971183411874108,0.1228189214579043,0.37954890727996826,0.9995739479257474,0.9993284859809741,0.02305675249010619,0.02919082276782159,0.09148669242858887
57,improved_environment,tree_scm,ok,0.2,4,1,0,False,0.6536741852760315,1.0,0.19649766457262013,0.9991966647097114,0.9993393712896074,0.027830064171212143,0.040083294682128116,0.15764331817626953,0.9999546169798674,0.9999246410306845,0.006571088144710302,0.00952712112165514,0.037737131118774414
57,improved_environment,tree_scm,ok,0.2,5,1,0,False,0.6772258281707764,1.0,0.20502915509492053,0.9970807476218047,0.9973259915242113,0.057762164590485554,0.07641010805177864,0.2560815215110779,0.9998352385016916,0.9997191948000858,0.013683986473324694,0.018152767870503933,0.06106829643249512
57,improved_environment,tree_scm,ok,0.2,6,1,0,False,0.6715332269668579,1.0,0.20230641808185001,0.9980040536214578,0.9976396314641299,0.05487316129483588,0.06318142628271395,0.13343405723571777,0.9998869724982302,0.9997823385308633,0.013063274581327278,0.015035125699837129,0.03173819184303284
57,improved_environment,tree_scm,ok,0.2,7,1,0,False,0.6692336201667786,1.0,0.20281174614336744,0.999080980281384,0.9990871651705886,0.03348003305370639,0.04287236125143436,0.13205891847610474,0.9999481291669082,0.9999034292074959,0.007935002718369333,0.010185365293681227,0.031468029133975506
57,improved_environment,tree_scm,ok,0.2,8,1,0,False,0.6783104538917542,1.0,0.20491981211005914,0.9948669595117365,0.9961874038874184,0.0671623157668364,0.10132167041623882,0.3968157172203064,0.9997097211722185,0.9995166878263356,0.01587448541476988,0.02409476349272543,0.09447110816836357
57,improved_environment,tree_scm,ok,0.2,9,1,0,False,0.6607300043106079,1.0,0.1996015200196091,0.9992117640903333,0.999219174683499,0.03494660409046446,0.03970480739665536,0.10201585292816162,0.9999552677948665,0.9999192989593019,0.008325123617851204,0.009458562544943174,0.024299681186676025
57,improved_environment,tree_scm,ok,0.3,0,1,0,False,0.6638914942741394,1.0,0.19906211449034603,0.999168389676288,0.9992014609112366,0.034798282565589034,0.040782602477175925,0.1842849850654602,0.999952808278184,0.9999079777912881,0.008289079635574126,0.009715114147595728,0.043981194496154785
57,improved_environment,tree_scm,ok,0.3,1,1,0,False,0.6830514669418335,1.0,0.20611057461791574,0.9948389410132303,0.9944549187289893,0.08444749461318679,0.1015978247650384,0.28451019525527954,0.9997085486938381,0.9994997787175451,0.020035308214502834,0.024143375926941723,0.0675484836101532
57,improved_environment,tree_scm,ok,0.3,2,1,0,False,0.6394075751304626,1.0,0.18491062543545395,0.9874980194096026,0.9893952059938486,0.11804172888304265,0.15812640530430297,0.5594480037689209,0.9992934945043495,0.9988717835812888,0.027929936008490586,0.037590037846449396,0.13485264778137207
57,improved_environment,tree_scm,ok,0.3,3,1,0,False,0.6849989295005798,1.0,0.20635410284929084,0.9944619435998971,0.9955343636006009,0.07254963317518559,0.10524311274316049,0.4109746813774109,0.9996872793680265,0.9994786898290536,0.017163152974134732,0.02500882331757953,0.09781098365783691
57,improved_environment,tree_scm,ok,0.3,4,1,0,False,0.6524442434310913,1.0,0.196057150872756,0.9979229852030759,0.9973429676882912,0.0558815043686991,0.0644517617053735,0.13880079984664917,0.9998823466929522,0.9998031256705529,0.013321074221920526,0.015339706834446944,0.03270530700683594
57,improved_environment,tree_scm,ok,0.3,5,1,0,False,0.6617268323898315,1.0,0.1975223113167287,0.9962535388617086,0.9968936413704313,0.07261555374134332,0.08656166554990144,0.248634934425354,0.999787398743238,0.9996377449753236,0.017294416225126952,0.02062043905326493,0.05969280004501343
57,improved_environment,tree_scm,ok,0.3,6,1,0,False,0.6852055191993713,1.0,0.20668855689337054,0.9921259182484761,0.9939363019454974,0.08350707164541404,0.12549168354794762,0.4818881005048752,0.9995550514713963,0.9992640570238178,0.01971604797904547,0.029831142265712037,0.11536616086959839
57,improved_environment,tree_scm,ok,0.3,7,1,0,False,0.6896867752075195,1.0,0.2076317148853613,0.9927011012610942,0.9935011578213289,0.09128293315325209,0.12082134474318068,0.4086057245731354,0.9995880711125934,0.9993135550032185,0.021618721565261012,0.028702922100841206,0.09726095199584961
57,improved_environment,tree_scm,ok,0.3,8,1,0,False,0.6576906442642212,1.0,0.19775353746671806,0.9956568880953891,0.9954095709003781,0.08459568233081427,0.09319991371200317,0.25277066230773926,0.9997535137376194,0.9995906162828123,0.02016466189514876,0.02220298462680056,0.05967450141906738
57,improved_environment,tree_scm,ok,0.3,9,1,0,False,0.6408648490905762,1.0,0.1863119666179177,0.989672284461573,0.9893827225341534,0.11448028459963666,0.14371997594763913,0.4224100112915039,0.9994165056662442,0.9990746481832485,0.027193919311123693,0.034161215791007324,0.1019890308380127
58,improved_environment,tree_scm,ok,0.0,0,0,0,False,0.6592408418655396,1.0,-0.04319527679340245,1.0,1.0,0.0,0.0,0.0,1.0,1.0,0.0,0.0,0.0
58,improved_environment,tree_scm,ok,0.1,0,1,0,False,0.6615198850631714,1.0,-0.04351756758467442,0.9998491964729639,0.9997841043201486,0.014699680799196813,0.01736683724932259,0.039737820625305176,0.9999904190451276,0.9999220370502824,0.003704856119526312,0.00437743175917578,0.01025700569152832
58,improved_environment,tree_scm,ok,0.1,1,1,0,False,0.6548112630844116,1.0,-0.04175994291096317,0.9994889816483814,0.9996312517881408,0.02192132999562446,0.031969308865020106,0.11864805221557617,0.999967599583119,0.9998622796116157,0.005532570494551692,0.008049896363823812,0.029857143759727478
58,improved_environment,tree_scm,ok,0.1,2,1,0,False,0.6604491472244263,1.0,-0.04370052594684118,0.9998128525355066,0.9998298695551104,0.015583631198694547,0.01934670345870227,0.05892038345336914,0.999988113309301,0.99993842089264,0.003930165020108234,0.0048757954624849996,0.014841146767139435
58,improved_environment,tree_scm,ok,0.1,3,1,0,False,0.6611265540122986,1.0,-0.043760725889835254,0.9998961121408673,0.9999131186968028,0.009911921443105598,0.014414427047308432,0.05347776412963867,0.9999934068671352,0.9999652877118946,0.0025051339063679734,0.0036312897476289997,0.01346750557422638
58,improved_environment,tree_scm,ok,0.1,4,1,0,False,0.6616917252540588,1.0,-0.04378627939464431,0.9999110281583017,0.9999021663328802,0.010272981042987794,0.013339553020802359,0.04296848177909851,0.9999943557638721,0.9999589062835277,0.002590629713324688,0.0033598321168681693,0.010817229747772217
58,improved_environment,tree_scm,ok,0.1,5,1,0,False,0.651176393032074,1.0,-0.04090814160538711,0.9988243581258461,0.9990624888241184,0.035593888745836466,0.04849003637409545,0.17277449369430542,0.9999254905997469,0.9996666011014947,0.008973477305843858,0.012207325651355754,0.043467260897159576
58,improved_environment,tree_scm,ok,0.1,6,1,0,False,0.6621143221855164,1.0,-0.04357755459298041,0.9998927226083547,0.9998408666225592,0.012485237292651163,0.01464768840762336,0.034529924392700195,0.9999931864751213,0.9999416171947642,0.0031445128168456904,0.003691483343770869,0.009008407592773438
58,improved_environment,tree_scm,ok,0.1,7,1,0,False,0.6564867496490479,1.0,-0.042636922126731716,0.9999010239908285,0.9998763165188468,0.01156409032347483,0.014069541941562574,0.03507348895072937,0.9999937205535698,0.9999573528359916,0.0029146743732439973,0.0035438528139564943,0.009227752685546875
58,improved_environment,tree_scm,ok,0.1,8,1,0,False,0.6479136347770691,1.0,-0.03968277628629276,0.99721072926739,0.9976599827444389,0.05638966556449532,0.07468963479602378,0.253070592880249,0.9998232736691386,0.9991990022172949,0.014210525153089293,0.01880033668867367,0.06364478915929794
58,improved_environment,tree_scm,ok,0.1,9,1,0,False,0.6550089120864868,1.0,-0.04231091131107523,0.9996897364489689,0.9996088776732708,0.02076480864474206,0.02491038146457285,0.06357195973396301,0.9999803112395625,0.9998758694835848,0.005230139287846214,0.006275150880265996,0.016510725021362305
58,improved_environment,tree_scm,ok,0.2,0,1,0,False,0.6477099061012268,1.0,-0.03932906778032577,0.9966011739461299,0.9979122670946284,0.056528801777105286,0.08244787268589916,0.3146170973777771,0.9997846687471913,0.9992005668407125,0.014277386038671125,0.0207524091263001,0.07912997156381607
58,improved_environment,tree_scm,ok,0.2,1,1,0,False,0.6670942306518555,1.0,-0.04553045805925012,0.9981354893540814,0.998616805843645,0.04183495157272432,0.06106571255531561,0.2651018649339676,0.9998816105649251,0.9995226445712035,0.010574399350232966,0.01538762050033959,0.0667990893125534
58,improved_environment,tree_scm,ok,0.2,2,1,0,False,0.6466412544250488,1.0,-0.039590414540643167,0.9964933594554022,0.996451802893212,0.06797881244315818,0.08374533415992395,0.22488874197006226,0.9997777501876034,0.9987843881875401,0.01713917127078446,0.02108315917780909,0.05654279142618179
58,improved_environment,tree_scm,ok,0.2,3,1,0,False,0.6728207468986511,1.0,-0.046352679816977806,0.9973304608153924,0.9979688282311706,0.049577288812074016,0.07306899554702097,0.27237390726804733,0.9998305257795993,0.9993089393641369,0.012504384564465454,0.018410552145445694,0.0686291977763176
58,improved_environment,tree_scm,ok,0.2,4,1,0,False,0.642493724822998,0.9999999403953552,-0.03833495537746304,0.9945475510497613,0.9950110417709748,0.08245279961926144,0.10442651982029158,0.3258543014526367,0.9996546358241164,0.9982526956226304,0.02078257184802368,0.02628171048602588,0.08191276341676712
58,improved_environment,tree_scm,ok,0.2,5,1,0,False,0.6536320447921753,1.0,-0.0411163926321614,0.9988536578832464,0.9992549039768256,0.03286594266313614,0.0478819814912619,0.18350118398666382,0.9999273201581834,0.9997173396037478,0.008301055075051522,0.012056520337526633,0.046173885464668274
58,improved_environment,tree_scm,ok,0.2,6,1,0,False,0.685703456401825,1.0,-0.04755972282011756,0.9938078618817442,0.993693125938774,0.08983356667914677,0.11128466380360637,0.3091404177248478,0.999606654235526,0.9978265369072312,0.022670821135349684,0.028048021279097234,0.0778949111700058
58,improved_environment,tree_scm,ok,0.2,7,1,0,False,0.6654370427131653,1.0,-0.04507415537131434,0.9986543263649184,0.9990340797332095,0.036285849347279964,0.051878196414918115,0.19698065519332886,0.9999145520700894,0.9996547211394035,0.009166648788422549,0.01307271434061053,0.049624405801296234
58,improved_environment,tree_scm,ok,0.2,8,1,0,False,0.6620407104492188,1.0,-0.044473599523398286,0.9987665887470007,0.9990148907445817,0.03955698030580379,0.04966711598197963,0.1855725646018982,0.9999216433131392,0.9996463504041199,0.009979829537776652,0.012518521033631026,0.04675794392824173
58,improved_environment,tree_scm,ok,0.2,9,1,0,False,0.647585928440094,1.0,-0.03980100874419305,0.9973539646069508,0.9976698286960876,0.05608978332810466,0.07274661859781385,0.23861098289489746,0.9998323385285725,0.9991966329304056,0.014141012911636608,0.018311824937577142,0.060007818043231964
58,improved_environment,tree_scm,ok,0.3,0,1,0,False,0.6440961360931396,0.9999999403953552,-0.0375644094932097,0.9931441911916532,0.9950557900007152,0.08572236802189082,0.11709661684560198,0.41304779052734375,0.9995658884026982,0.9981994313711463,0.021612135977136404,0.029465626334182607,0.10382615774869919
58,improved_environment,tree_scm,ok,0.3,1,1,0,False,0.6522230505943298,1.0,-0.04254112060819185,0.9975909766279316,0.9972328405514624,0.06199204869727737,0.06941215209041394,0.21712446212768555,0.999846947331963,0.999090406176239,0.015624406857568829,0.017495866300817054,0.05482494831085205
58,improved_environment,tree_scm,ok,0.3,2,1,0,False,0.6511695384979248,1.0,-0.04183479509865751,0.9975809053807158,0.9971091235426649,0.05943378631076257,0.069557093949403,0.158217191696167,0.9998463775319509,0.9990458591123669,0.014976577581080619,0.017528403670304803,0.040947675704956055
58,improved_environment,tree_scm,ok,0.3,3,1,0,False,0.6557546854019165,1.0,-0.04112710996450228,0.9976858859738439,0.9983994572991918,0.053560473672632725,0.06803108123615834,0.21847033500671387,0.9998531460762855,0.999374050050068,0.013492025995162749,0.01713790665296208,0.05495370924472809
58,improved_environment,tree_scm,ok,0.3,4,1,0,False,0.6331567764282227,0.9999999403953552,-0.02969177012393616,0.965029776973245,0.9713356519562262,0.20401896643085138,0.2644625640737256,0.8828191757202148,0.9977905666777973,0.9905796818003003,0.051356336977676165,0.06647455422114865,0.22144237905740738
58,improved_environment,tree_scm,ok,0.3,5,1,0,False,0.6812723278999329,1.0,-0.04727073223484396,0.9956487602958226,0.9961060769973534,0.07048719462608233,0.09328708052185836,0.31817104294896126,0.9997237123949212,0.9986719699949932,0.01779204838902615,0.02350691785885468,0.08017609640955925
58,improved_environment,tree_scm,ok,0.3,6,1,0,False,0.6468079686164856,1.0,-0.03695339910803003,0.9902126516793467,0.9946321793863098,0.09760845435539522,0.13990960274222297,0.520517110824585,0.9993801643172198,0.9978687593877403,0.024667251883727204,0.035208967037038914,0.13084406405687332
58,improved_environment,tree_scm,ok,0.3,7,1,0,False,0.6748802661895752,1.0,-0.046839299009501595,0.9960825498193906,0.9972014810278235,0.059159738180312615,0.08851497294143522,0.3324085362255573,0.9997512318250253,0.9990441603783704,0.014946345735459943,0.022305522610599943,0.08377175591886044
58,improved_environment,tree_scm,ok,0.3,8,1,0,False,0.6654993295669556,1.0,-0.04531297655874136,0.997117714758903,0.9977788047171161,0.05830135098557321,0.07592476945237997,0.2786799222230911,0.9998168753382509,0.9992529929010799,0.01470814292054623,0.019137641248360714,0.07022656500339508
58,improved_environment,tree_scm,ok,0.3,9,1,0,False,0.6587567329406738,1.0,-0.042044368701439586,0.9989713383292773,0.9991884633609898,0.037359936877521704,0.04535772618985904,0.16971343755722046,0.9999346887241991,0.9996924062120018,0.009420041787649325,0.011429022037500021,0.04273691773414612
59,improved_environment,tree_scm,ok,0.0,0,0,0,False,0.650983989238739,1.0,-0.015130128293276755,1.0,1.0,0.0,0.0,0.0,1.0,1.0,0.0,0.0,0.0
59,improved_environment,tree_scm,ok,0.1,0,1,0,False,0.6567061543464661,1.0,-0.013664740526330226,0.9993477070603353,0.9991742141073947,0.030916993703726803,0.036119050183658984,0.08263319730758667,0.9999591919288071,0.9999167061547812,0.007735302295749591,0.009034165249143493,0.02074122428894043
59,improved_environment,tree_scm,ok,0.1,1,1,0,False,0.6497814655303955,1.0,-0.014181514087037115,0.9997130005661254,0.9997666252400947,0.017981513100636448,0.023958272584556618,0.08255493640899658,0.999982041458706,0.9999569952077818,0.0044942760526964776,0.0059930860869090285,0.021189212799072266
59,improved_environment,tree_scm,ok,0.1,2,1,0,False,0.6579525470733643,1.0,-0.01557523212064377,0.9992162878485148,0.9994610319331874,0.02662790434053086,0.039590709604899015,0.15797469019889832,0.9999508769126777,0.9998939297081753,0.0066746949014486745,0.009911920711691672,0.03950953483581543
59,improved_environment,tree_scm,ok,0.1,3,1,0,False,0.6648551821708679,1.0,-0.015323014756459172,0.9976670207223853,0.9981892501329329,0.04918644420729379,0.06830782184409487,0.2574438638985157,0.9998537614195603,0.9996993240826837,0.012314483892367889,0.017101963728581263,0.06443724036216736
59,improved_environment,tree_scm,ok,0.1,4,1,0,False,0.6453274488449097,1.0,-0.015397804909422412,0.999571739470378,0.99961478971246,0.02155359062945017,0.02926638103522417,0.11078175902366638,0.9999731567065818,0.9999325423789427,0.005395489985772883,0.007327112939148651,0.027764588594436646
59,improved_environment,tree_scm,ok,0.1,5,1,0,False,0.6567472219467163,1.0,-0.016106251566245684,0.9991422716691011,0.9994412729744904,0.0280069685492208,0.04141807144694302,0.16083234548568726,0.9999462524491105,0.9998845978470782,0.007019295020995742,0.01036798436592675,0.04017609357833862
59,improved_environment,tree_scm,ok,0.1,6,1,0,False,0.648565948009491,1.0,-0.014611204500175659,0.9997887661239934,0.9998363068619707,0.014104112871677899,0.02055402021134913,0.080710768699646,0.9999867693571889,0.9999639130784637,0.00353937990405484,0.00514405332710322,0.020491838455200195
59,improved_environment,tree_scm,ok,0.1,7,1,0,False,0.6452709436416626,1.0,-0.014783880387975307,0.9993080357193481,0.9994852277168861,0.02577038954325417,0.03720118969418383,0.145731121301651,0.9999566343944826,0.9998976289249696,0.00645630465260183,0.009312959246958455,0.03644704818725586
59,improved_environment,tree_scm,ok,0.1,8,1,0,False,0.6517802476882935,1.0,-0.014035743551689659,0.99968876262441,0.9996647682550468,0.02233021295137405,0.02494944322824046,0.05157816410064697,0.9999805320484059,0.9999557546849295,0.005578234049153252,0.00623986406509924,0.013569831848144531
59,improved_environment,tree_scm,ok,0.1,9,1,0,False,0.6438618302345276,1.0,-0.014794391931243439,0.9989193262193617,0.999163753482202,0.03319267389511538,0.04649029343687493,0.17687800526618958,0.9999322714495716,0.9998479968349903,0.008312559687510657,0.011638603750682522,0.04424557089805603
59,improved_environment,tree_scm,ok,0.2,0,1,0,False,0.6608012914657593,1.0,-0.013392366424618166,0.9989338677570657,0.9987328338388529,0.03901087142912729,0.04617644799513232,0.11299341917037964,0.9999332916386563,0.9998639671697301,0.009765402314471316,0.01155061538623653,0.028246626257896423
59,improved_environment,tree_scm,ok,0.2,1,1,0,False,0.6373318433761597,1.0,-0.015389479514122083,0.9955382480391773,0.9959737210096165,0.07423547380025752,0.09446429629713156,0.31258541345596313,0.9997203185226071,0.9994596461268865,0.018586609072542615,0.023650855370071756,0.07829070091247559
59,improved_environment,tree_scm,ok,0.2,2,1,0,False,0.638555109500885,1.0,-0.013997055306170392,0.9950654146196346,0.9963730129079923,0.07166285593535804,0.09934369672943114,0.3704032897949219,0.9996908199022855,0.9994044149202489,0.017950484067631223,0.024866848661356834,0.0925934910774231
59,improved_environment,tree_scm,ok,0.2,3,1,0,False,0.638242244720459,1.0,-0.015548611056578582,0.9968049431917813,0.9971967759660252,0.06174851416596994,0.07993818500549767,0.2781262993812561,0.999799716338842,0.9995967518417851,0.015459618911108919,0.02001417772353496,0.06968185305595398
59,improved_environment,tree_scm,ok,0.2,4,1,0,False,0.6447078585624695,1.0,-0.017238845820531316,0.998980317496509,0.9987369465632875,0.03877626106941534,0.04515932827260046,0.10109949111938477,0.9999361845257684,0.9998707397539517,0.009706957722528387,0.011297386565122901,0.02584850788116455
59,improved_environment,tree_scm,ok,0.2,5,1,0,False,0.6321623921394348,1.0,-0.015546717698811868,0.9909895592065898,0.9926728684949263,0.10221590645232936,0.13424187594743672,0.48018693923950195,0.9994351669675344,0.9989336756133324,0.025590622764809723,0.03361050513006134,0.12027496099472046
59,improved_environment,tree_scm,ok,0.2,6,1,0,False,0.6713681221008301,1.0,-0.016039773306188887,0.9949886379028178,0.9965008202901527,0.06805967443517602,0.10011355296982959,0.39351291954517365,0.9996858392186062,0.9993690097274871,0.01705471485794874,0.0250663429964419,0.09844925999641418
59,improved_environment,tree_scm,ok,0.2,7,1,0,False,0.6639384627342224,1.0,-0.012691911221432688,0.9978696201639699,0.9974585374652348,0.055456346281062,0.06527449353282638,0.15817612409591675,0.9998667212491149,0.9997504649166725,0.013886209729783161,0.016326588565136135,0.03953477740287781
59,improved_environment,tree_scm,ok,0.2,8,1,0,False,0.6595560908317566,1.0,-0.013380186261429148,0.9987630779698023,0.9984710835155247,0.042216988666496036,0.0497377521163172,0.11983412504196167,0.9999225924454219,0.999853408755223,0.01057648948045653,0.012442471968614517,0.029958248138427734
59,improved_environment,tree_scm,ok,0.2,9,1,0,False,0.6601147651672363,1.0,-0.014780558103425115,0.9990604859568155,0.9991518176406363,0.03312207076692175,0.04334775615968943,0.15315987169742584,0.9999411192325881,0.9998741372219441,0.008291295251098063,0.010851798630356032,0.03837764263153076
59,improved_environment,tree_scm,ok,0.3,0,1,0,False,0.6280348896980286,1.0,-0.014879054044031984,0.9717218549992895,0.9765419809503857,0.18375155299786172,0.2378156610780354,0.8210129737854004,0.9982276158596252,0.9968166507224089,0.046004195864952635,0.05953795658025055,0.2055116891860962
59,improved_environment,tree_scm,ok,0.3,1,1,0,False,0.68495112657547,1.0,-0.011513617385578583,0.9909794912607472,0.9907041363653358,0.11121694689856554,0.134316852177079,0.3486705496907234,0.9994354716185796,0.9989667003433229,0.02786302337992197,0.03360143907794231,0.08758535981178284
59,improved_environment,tree_scm,ok,0.3,2,1,0,False,0.6401798725128174,0.9999999403953552,-0.014018945480348976,0.9964627779187005,0.9975831485452531,0.05860603284972399,0.08410971392320502,0.32607829570770264,0.9997783808581705,0.9995619277948643,0.014687568259930117,0.02105322442298317,0.08150196075439453
59,improved_environment,tree_scm,ok,0.3,3,1,0,False,0.6348842978477478,1.0,-0.01497544554537431,0.9937438289800159,0.9953675076631205,0.08136355718821164,0.11185857924607216,0.4248656630516052,0.9996078741969388,0.9992448009799013,0.020370859619191606,0.028004492616991353,0.1063501238822937
59,improved_environment,tree_scm,ok,0.3,4,1,0,False,0.6525192260742188,0.9999999403953552,-0.018383667551132694,0.9971437379359156,0.997537226847693,0.06577303336280238,0.07558123994718959,0.18893831968307495,0.9998211394922064,0.9996635612617121,0.016444412627265592,0.01891351354664266,0.04914450645446777
59,improved_environment,tree_scm,ok,0.3,5,1,0,False,0.6430524587631226,1.0,-0.013365336342006815,0.9971543921594869,0.998094981571502,0.052267612775040106,0.07544014468569206,0.2884335517883301,0.9998218039659152,0.999650552535584,0.013117451079551756,0.01887834887664632,0.07315850257873535
59,improved_environment,tree_scm,ok,0.3,6,1,0,False,0.6545069217681885,1.0,-0.017594932138443015,0.9985633144373811,0.9989929301317017,0.03852621000112322,0.0536038329339548,0.24340075254440308,0.9999100735256912,0.999824024569058,0.009644145901688717,0.013410926146138433,0.06234121322631836
59,improved_environment,tree_scm,ok,0.3,7,1,0,False,0.6282146573066711,1.0,-0.016147746396867058,0.9846751137459405,0.9869521246856902,0.1355644917507277,0.17507075976058553,0.6105300784111023,0.9990392179597274,0.9982132559366282,0.03394079758845692,0.043835648708807476,0.1529948115348816
59,improved_environment,tree_scm,ok,0.3,8,1,0,False,0.6325920224189758,0.9999999403953552,-0.01947545892555775,0.9938540797456642,0.9928857578638294,0.09325435806727,0.1108685721768671,0.2758120894432068,0.9996149215755361,0.999273891799585,0.02338597446203039,0.027751699139862498,0.06976133584976196
59,improved_environment,tree_scm,ok,0.3,9,1,0,False,0.6386920213699341,0.9999999403953552,-0.012409540008296176,0.9914402035823437,0.9948979641729062,0.09039857275854501,0.130841859965214,0.5085845589637756,0.9994640395253859,0.9990212833488306,0.022671068642921455,0.03274020288093739,0.12696832418441772
60,improved_environment,tree_scm,ok,0.0,0,0,0,False,0.6526584625244141,1.0,0.03124134024413063,1.0,1.0,0.0,0.0,0.0,1.0,1.0,0.0,0.0,0.0
60,improved_environment,tree_scm,ok,0.1,0,1,0,False,0.6513088941574097,1.0,0.031205529005964024,0.9997820905737971,0.9997590032901795,0.018931959656271147,0.020876274754280107,0.04789900779724121,0.9999866426495747,0.9999751671911881,0.004687492498206325,0.005168626563397528,0.011847615242004395
60,improved_environment,tree_scm,ok,0.1,1,1,0,False,0.6593379378318787,1.0,0.03269748311230889,0.9994451082848457,0.9995362232672912,0.024327747984443704,0.033313413132220644,0.11593562364578247,0.9999660584006197,0.9999492838495099,0.006008191585351597,0.008239126069814716,0.02917611598968506
60,improved_environment,tree_scm,ok,0.1,2,1,0,False,0.6557335257530212,1.0,0.03205637947318391,0.999791827504086,0.9998410007331379,0.013650440494188842,0.02040453411468117,0.07506829500198364,0.9999872608552208,0.9999793916744152,0.0033691267469642128,0.0050476023374872335,0.0188521146774292
60,improved_environment,tree_scm,ok,0.1,3,1,0,False,0.6575888991355896,0.9999999403953552,0.032154408055860964,0.9996452619639555,0.9995931532079249,0.022541817925713303,0.0266359926859363,0.07175183296203613,0.9999782838212162,0.9999651759530791,0.005583568000318451,0.006590322942643397,0.01781231164932251
60,improved_environment,tree_scm,ok,0.1,4,1,0,False,0.653528094291687,1.0,0.031620688397299895,0.9998700005425875,0.9998831561583578,0.012542692858346527,0.01612448188995432,0.04907041788101196,0.9999920361742239,0.9999851584292968,0.003102196332079643,0.003990946198470628,0.012243032455444336
60,improved_environment,tree_scm,ok,0.1,5,1,0,False,0.6576900482177734,1.0,0.03170617005485213,0.9992875340665488,0.9991601548530147,0.033634044757718584,0.03774827047897685,0.07331562042236328,0.9999563386755972,0.9999355039875546,0.008329457677049845,0.009344658973820677,0.018053710460662842
60,improved_environment,tree_scm,ok,0.1,6,1,0,False,0.6480311751365662,1.0,0.030181277383369176,0.9996348029126606,0.9995905715792861,0.02236547380837628,0.027025806193934538,0.07494384050369263,0.9999776405552381,0.9999631195908733,0.0055353208953050625,0.006687218458527361,0.018619492650032043
60,improved_environment,tree_scm,ok,0.1,7,1,0,False,0.6483322381973267,1.0,0.029824539081049498,0.9993453626628345,0.9995821896681208,0.02456052515821483,0.03618390103352768,0.13247478008270264,0.9999599157818687,0.999943751788141,0.006061022197840771,0.008953682730001234,0.03327929973602295
60,improved_environment,tree_scm,ok,0.1,8,1,0,False,0.644234299659729,1.0,0.02894895815942144,0.9987090871415504,0.999073161791002,0.035896544019692556,0.050811669659465424,0.18346989154815674,0.9999209761803003,0.999892488019455,0.008872979319690444,0.012571700137837684,0.04620933532714844
60,improved_environment,tree_scm,ok,0.1,9,1,0,False,0.6470059752464294,1.0,0.029279497867359124,0.9987747989604788,0.9992366537622488,0.033667024116880384,0.04950153638540242,0.17907977104187012,0.9999249723976876,0.9999014175488162,0.00831035157898441,0.012249702113464107,0.04500854015350342
60,improved_environment,tree_scm,ok,0.2,0,1,0,False,0.6537657976150513,1.0,0.032065012682614816,0.9989703965358246,0.9991941854123453,0.03633919642514627,0.04537848579087705,0.17388415336608887,0.9999369195704139,0.9999160691295329,0.008990711811648566,0.01123213527272054,0.0429859459400177
60,improved_environment,tree_scm,ok,0.2,1,1,0,False,0.6697195172309875,1.0,0.034961159183720024,0.9954711562095113,0.9969432511086473,0.06357469351939926,0.09517188565584163,0.34427933394908905,0.9997230303462936,0.9996727701881124,0.015724533454445577,0.02353591537956224,0.08639347553253174
60,improved_environment,tree_scm,ok,0.2,2,1,0,False,0.6445489525794983,1.0,0.028696691894034187,0.998248500449773,0.9987865116050354,0.04103600885274261,0.0591861401984701,0.21053475141525269,0.9998927561711929,0.9998633301444818,0.010139654081015692,0.014645397004528946,0.053000569343566895
60,improved_environment,tree_scm,ok,0.2,3,1,0,False,0.6606123447418213,1.0,0.03289960604497959,0.999193003371771,0.9992472149703168,0.03173870859178862,0.0401745349279762,0.11983978748321533,0.9999506305382236,0.9999306536549603,0.00784755739842069,0.009936746211836489,0.03020775318145752
60,improved_environment,tree_scm,ok,0.2,4,1,0,False,0.6490191221237183,1.0,0.03083834117308168,0.9988960816531312,0.9987452167226951,0.04239324869132588,0.0469876224854055,0.08607840538024902,0.9999323308186825,0.9999072625348687,0.010499316540304449,0.011633501714927708,0.021230220794677734
60,improved_environment,tree_scm,ok,0.2,5,1,0,False,0.653532862663269,1.0,0.03075411236288885,0.9992646218516789,0.9993365102639296,0.03340170563490119,0.03835044154635306,0.1038057804107666,0.9999549247478154,0.999935816912238,0.008267035164507774,0.00949476185653493,0.025670111179351807
60,improved_environment,tree_scm,ok,0.2,6,1,0,False,0.6506407856941223,1.0,0.030223515925455184,0.9995234789160989,0.9996571099831274,0.021398348742991402,0.030871380755316778,0.14557933807373047,0.9999708127842737,0.999959420374079,0.00528441598275009,0.007640316150496762,0.0359819233417511
60,improved_environment,tree_scm,ok,0.2,7,1,0,False,0.637865424156189,1.0,0.02700313628558996,0.9953699830563136,0.9957999360739574,0.07606698739311923,0.09622906952188752,0.28983795642852783,0.9997164151458089,0.9996609572813102,0.018827509491970318,0.023815325433586512,0.07323825359344482
60,improved_environment,tree_scm,ok,0.2,8,1,0,False,0.6746389269828796,1.0,0.03556883639051691,0.9943659678456641,0.9956778954473928,0.07651870692507146,0.10615113842033048,0.3624717891216278,0.9996555328816521,0.9996001828374222,0.018895384268390103,0.026247557012806445,0.09108161926269531
60,improved_environment,tree_scm,ok,0.2,9,1,0,False,0.6375816464424133,1.0,0.026201204719132603,0.9936159148395625,0.9951134575495313,0.08432323860995439,0.1129963310657087,0.3739074468612671,0.9996089231950255,0.9995464491989128,0.020859057585155938,0.027967009139176463,0.09435784816741943
60,improved_environment,tree_scm,ok,0.3,0,1,0,False,0.6583058834075928,1.0,0.03267545010258155,0.9993592108687306,0.9995371508654602,0.023982468783970035,0.035799137644279964,0.13032931089401245,0.9999607929136706,0.999942701255275,0.005924550910577864,0.008855177748865035,0.03273141384124756
60,improved_environment,tree_scm,ok,0.3,1,1,0,False,0.6353685259819031,1.0,0.02669082884931246,0.9878496685846081,0.9856439542951145,0.1323430873522966,0.15588669845554606,0.37049126625061035,0.9992549964748214,0.9991578861490594,0.03281626475254029,0.03860060918808679,0.092084601521492
60,improved_environment,tree_scm,ok,0.3,2,1,0,False,0.6587824821472168,0.9999999403953552,0.03119729048320462,0.9978249008280592,0.9977461711429796,0.059870393843368674,0.06595603432452636,0.1600651741027832,0.9998666707896268,0.9998307412738715,0.014822750480888658,0.016329678930746865,0.03964376449584961
60,improved_environment,tree_scm,ok,0.3,3,1,0,False,0.695884108543396,0.9999999403953552,0.037691264407000005,0.9865082328948871,0.9874326653136398,0.13113495672252296,0.1642666573605156,0.47730905562639236,0.9991754309984887,0.9990623547135398,0.03239483148259126,0.04060957957404401,0.12012553215026855
60,improved_environment,tree_scm,ok,0.3,4,1,0,False,0.6601465344429016,1.0,0.032802854683899436,0.9992597813002244,0.9992921420141619,0.030718599517058465,0.038476453696571176,0.11047163605690002,0.9999547123804098,0.9999356269222514,0.007597493833841895,0.009517102408225451,0.02785801887512207
60,improved_environment,tree_scm,ok,0.3,5,1,0,False,0.6403017044067383,1.0,0.028464875033283193,0.994837874335471,0.9938764439238966,0.08638381566765929,0.10160832281496408,0.24250704050064087,0.999683584577495,0.9996223446105428,0.021414322018145526,0.025156129841343067,0.06023751199245453
60,improved_environment,tree_scm,ok,0.3,6,1,0,False,0.6422762870788574,1.0,0.02939667400361164,0.9963934805870299,0.9958038364566195,0.07344363377001173,0.08492961118960253,0.18477380275726318,0.9997789291802437,0.9997307618374937,0.01820298028077616,0.021027164269289383,0.04538536071777344
60,improved_environment,tree_scm,ok,0.3,7,1,0,False,0.6742928624153137,1.0,0.035251517575966056,0.9952913161469635,0.9959888755275015,0.07464443203321025,0.09704312413601278,0.30858471989631653,0.9997120996739353,0.9996629912917528,0.01844573447091591,0.023995846770296453,0.07765471935272217
60,improved_environment,tree_scm,ok,0.3,8,1,0,False,0.6668094396591187,0.9999999403953552,0.03399991449829471,0.9978465283029233,0.9981311243830913,0.05095438655089879,0.06562730849760696,0.20658954977989197,0.9998682996386026,0.9998335352442599,0.012593067295668448,0.01622962462680921,0.05202794075012207
60,improved_environment,tree_scm,ok,0.3,9,1,0,False,0.640284538269043,1.0,0.028536106296045638,0.9963327163664673,0.9956981573206494,0.07281341048917511,0.08564208885670234,0.2119782567024231,0.9997752678116777,0.9997271408518702,0.018053334710216973,0.021200574882947132,0.05266915261745453
61,improved_environment,tree_scm,ok,0.0,0,0,0,False,0.6585979461669922,1.0,0.003457681363491891,1.0,1.0,0.0,0.0,0.0,1.0,1.0,0.0,0.0,0.0
61,improved_environment,tree_scm,ok,0.1,0,1,0,False,0.6645789742469788,1.0,0.000703892651770836,0.9995723450862819,0.9994720290036477,0.024475784723851035,0.02924567995627776,0.07250812649726868,0.9999736377228573,0.9997998958407839,0.006062772496989055,0.00726116767860324,0.017954856157302856
61,improved_environment,tree_scm,ok,0.1,1,1,0,False,0.6513649821281433,1.0,0.007071069468195751,0.9991961875733725,0.9991839594807239,0.032111086608548334,0.040095197600463504,0.12461936473846436,0.999950490639486,0.9996857789142407,0.007966452967423265,0.009950815180469065,0.030864045023918152
61,improved_environment,tree_scm,ok,0.1,2,1,0,False,0.6666499972343445,1.0,-0.00022168052146206234,0.9992420166707933,0.9990210821829626,0.03313257280257531,0.038935416952110335,0.09245657920837402,0.9999532674974918,0.999637733799442,0.008196881141799395,0.009667729953827727,0.0232485830783844
61,improved_environment,tree_scm,ok,0.1,3,1,0,False,0.6579574346542358,1.0,0.003734047420272521,0.9999739573438106,0.9999722055825762,0.004960714307284064,0.007217015528627495,0.033590078353881836,0.9999983845907244,0.9999883100278948,0.0012393783153186178,0.001797447776335674,0.00836704671382904
61,improved_environment,tree_scm,ok,0.1,4,1,0,False,0.6624348163604736,0.9999999403953552,0.001810360508148262,0.999724689871877,0.9997325164508976,0.016766065864377566,0.023465298961810193,0.09084203839302063,0.9999829702164871,0.9998993388348472,0.004187493471675907,0.005836057389492663,0.022624682635068893
61,improved_environment,tree_scm,ok,0.1,5,1,0,False,0.6692050695419312,1.0,-0.00097481589868265,0.9988264465974801,0.9988072987447248,0.03884760204875093,0.048446948390040934,0.15058353543281555,0.9999275947338137,0.9995421911880408,0.009649512595302667,0.012033724778330267,0.03736363351345062
61,improved_environment,tree_scm,ok,0.1,6,1,0,False,0.6585395932197571,1.0,0.003325120965552193,0.99999520968075,0.9999901093448249,0.002627454661254802,0.0030952606755003183,0.012433826923370361,0.9999997029323824,0.9999951831950504,0.0006528579186451111,0.0007708016882374833,0.0030970051884651184
61,improved_environment,tree_scm,ok,0.1,7,1,0,False,0.6627070307731628,1.0,0.0016689334690231882,0.9998079878360931,0.9997694639153136,0.015628545103314906,0.019596538658038783,0.062264323234558105,0.9999881604103946,0.9999122134503968,0.0038806724625999323,0.0048661256845666575,0.01544158160686493
61,improved_environment,tree_scm,ok,0.1,8,1,0,False,0.6540984511375427,1.0,0.006153503065692494,0.9994967024868987,0.9993245185430225,0.02709948658775474,0.03172688193713362,0.07248616218566895,0.9999689671522956,0.9997681786889349,0.006705322656443968,0.007878178339087308,0.018189430236816406
61,improved_environment,tree_scm,ok,0.1,9,1,0,False,0.6534363031387329,1.0,0.005940455372513612,0.9995072092856153,0.9995599161361848,0.023465901442190074,0.03139397035703803,0.11069893836975098,0.9999695857949473,0.999819464809384,0.005840117297452707,0.007799256904150988,0.027500346302986145
61,improved_environment,tree_scm,ok,0.2,0,1,0,False,0.64360111951828,1.0,0.012013216267251353,0.9943786131583574,0.9953453347400041,0.08044073668139262,0.10603194787617123,0.3657592236995697,0.9996536442728963,0.9981845339210356,0.019997464213133753,0.02631941203291911,0.09072081744670868
61,improved_environment,tree_scm,ok,0.2,1,1,0,False,0.6410408020019531,1.0,0.014355672468231266,0.9913231631958845,0.9922835790537157,0.10183398819595002,0.13173334439586745,0.44126924872398376,0.9994658519699195,0.9970828825727772,0.025288374462576257,0.03268479890454691,0.10937151312828064
61,improved_environment,tree_scm,ok,0.2,2,1,0,False,0.6655263304710388,1.0,0.001150215351389969,0.9989056883894673,0.9992042548816249,0.03159468853573699,0.046782722311888424,0.17974095046520233,0.9999321398224569,0.9997018833595593,0.007904293697503562,0.011649908098285124,0.04475465416908264
61,improved_environment,tree_scm,ok,0.2,3,1,0,False,0.6689814925193787,1.0,-0.0016239171840320146,0.9981236951229903,0.9976355522673628,0.05270983955724873,0.06125854833930583,0.1341838836669922,0.9998840558566214,0.9991136967133966,0.013054253323360854,0.015227878651619144,0.033739641308784485
61,improved_environment,tree_scm,ok,0.2,4,1,0,False,0.6461983323097229,1.0,0.010304526103286062,0.9953495537049196,0.9965787609076604,0.06949189503086117,0.09644113660478566,0.356446236371994,0.9997129544660468,0.9986502217294899,0.01736889739473213,0.023960197560556257,0.08849111199378967
61,improved_environment,tree_scm,ok,0.2,5,1,0,False,0.6545585989952087,1.0,0.0049329815671437915,0.9972062042073715,0.9981679936163363,0.054546664525727095,0.07475019305598334,0.2624445855617523,0.9998265778004266,0.9992783398004434,0.013626963557584304,0.01862375930064685,0.06534387171268463
61,improved_environment,tree_scm,ok,0.2,6,1,0,False,0.6777008771896362,1.0,-0.003898760154001799,0.9961556056606499,0.9965768386560331,0.06710693534819612,0.08768573758898755,0.29576216638088226,0.9997623453360176,0.998637302410414,0.016709560480904884,0.021801589987691,0.07362773269414902
61,improved_environment,tree_scm,ok,0.2,7,1,0,False,0.6467361450195312,1.0,0.009522049345414958,0.9970048949673669,0.9976530313461126,0.05714730623543218,0.07739644859861436,0.2776639461517334,0.999815285579429,0.999093814820113,0.014238522682290977,0.019220531955133423,0.06882023811340332
61,improved_environment,tree_scm,ok,0.2,8,1,0,False,0.6911266446113586,1.0,-0.0085602982729071,0.9915340669991747,0.991700723303054,0.10578226045646844,0.13012250278296159,0.37970587611198425,0.9994768000837737,0.9967088593448249,0.02629444391637037,0.03234810386601649,0.09434797614812851
61,improved_environment,tree_scm,ok,0.2,9,1,0,False,0.6512757539749146,1.0,0.0066088139248084736,0.9992421838238329,0.9994042249302625,0.028072105401346192,0.03893112272462754,0.14854538440704346,0.9999532494327819,0.9997614843358842,0.007004070392412132,0.009669598611958864,0.03684777021408081
61,improved_environment,tree_scm,ok,0.3,0,1,0,False,0.6679322123527527,0.9999999403953552,-0.0009935428031078953,0.9980559057978353,0.9976030975073313,0.05564815637552201,0.062355339700715225,0.12273955345153809,0.9998796827724166,0.9991138308239752,0.013819959878617283,0.015512396540113828,0.03166532516479492
61,improved_environment,tree_scm,ok,0.3,1,1,0,False,0.6389076709747314,1.0,0.014708680212329633,0.9924104121631526,0.99265229373793,0.09849578702522521,0.12320379800541045,0.39149701595306396,0.9995334790436141,0.9972735542879622,0.024403912182179965,0.03054573474411138,0.09678804874420166
61,improved_environment,tree_scm,ok,0.3,2,1,0,False,0.6456233859062195,1.0,0.011435754196338757,0.9961896195489452,0.9951070649452828,0.07421493668487855,0.08729696933441208,0.20916295051574707,0.9997656016653566,0.998288380212431,0.018360615165832428,0.021651712574700766,0.05242961645126343
61,improved_environment,tree_scm,ok,0.3,3,1,0,False,0.6717326641082764,1.0,-0.0006208055963287125,0.9970532761047748,0.9979060868321293,0.05142083343270443,0.07676879362593442,0.29596075415611267,0.9998172574566869,0.9992053501180173,0.012876481254721739,0.019117664309004072,0.07364598661661148
61,improved_environment,tree_scm,ok,0.3,4,1,0,False,0.6639024615287781,1.0,0.0016932891522799351,0.9995741127835353,0.9996776205207066,0.019477584322121544,0.029185174924173607,0.11742472648620605,0.9999736237334207,0.999880418067377,0.004885801245194443,0.007263093888687791,0.02919645607471466
61,improved_environment,tree_scm,ok,0.3,5,1,0,False,0.6612738966941833,1.0,0.003306012822000306,0.9985361649518757,0.99878143775481,0.04165726503703482,0.054107949318280175,0.21765756607055664,0.999909065705915,0.9995714608218296,0.010385714020657133,0.013485866109774185,0.05424782354384661
61,improved_environment,tree_scm,ok,0.3,6,1,0,False,0.6515874862670898,1.0,0.006996786022595971,0.9978613074871489,0.9985657097131821,0.04516668629817033,0.06540171972820343,0.26662713289260864,0.9998676238636157,0.9994163842893926,0.011313423813543944,0.016271210159951074,0.06634192913770676
61,improved_environment,tree_scm,ok,0.3,7,1,0,False,0.6388409733772278,1.0,0.015508061091566838,0.9874262531820681,0.9907115907302767,0.11623529620958806,0.158579613366122,0.5772257447242737,0.9992253923192028,0.9963739405264285,0.029006921610999825,0.0393600725799723,0.14288878440856934
61,improved_environment,tree_scm,ok,0.3,8,1,0,False,0.6703394055366516,1.0,-0.0015229977094945969,0.9985436563526215,0.9981500675023245,0.046580662702179865,0.05396931703829543,0.12064683437347412,0.9999101479104862,0.9993165166118304,0.01151193650466098,0.013405378735628207,0.030644774436950684
61,improved_environment,tree_scm,ok,0.3,9,1,0,False,0.6715913414955139,1.0,-0.0016434270084205403,0.998300291187482,0.9984583541949789,0.0448154551057236,0.05830452386224789,0.20053985714912415,0.9998950445369367,0.9994007380552177,0.01115470197413515,0.0144883031431259,0.049804627895355225
62,improved_environment,tree_scm,ok,0.0,0,0,0,False,0.6611527800559998,1.0,0.07002566829986179,1.0,1.0,0.0,0.0,0.0,1.0,1.0,0.0,0.0,0.0
62,improved_environment,tree_scm,ok,0.1,0,1,0,False,0.6630234718322754,1.0,0.07142672794663554,0.9994237780331993,0.9995439122738,0.027484632710013557,0.033947664204197085,0.11576930060982704,0.9999653841487379,0.9998547247156855,0.006737107564617872,0.00832055892524863,0.028576433658599854
62,improved_environment,tree_scm,ok,0.1,1,1,0,False,0.6587399840354919,1.0,0.06761372635721143,0.9998452408554439,0.9998705050604391,0.011888863554759155,0.017593131520097054,0.0802125595510006,0.999990839328707,0.9999629296008867,0.0028885922535266673,0.004280343695703334,0.020007014274597168
62,improved_environment,tree_scm,ok,0.1,2,1,0,False,0.6651161313056946,1.0,0.07345989555678203,0.9997903497854509,0.9997842272548458,0.015429643639436108,0.02047682616059655,0.07205848582088947,0.9999877134378131,0.9999359733745797,0.0037147908359429493,0.004957128672110434,0.01985788345336914
62,improved_environment,tree_scm,ok,0.1,3,1,0,False,0.6607245206832886,1.0,0.0692248951174738,0.9995431684723144,0.9995796750947714,0.025671090855212242,0.03022685953744062,0.09717176482081413,0.9999725173164208,0.9998794457656819,0.006297790888829979,0.007413863123822562,0.023948848247528076
62,improved_environment,tree_scm,ok,0.1,4,1,0,False,0.6624337434768677,1.0,0.07096605354087926,0.9999855339088587,0.9999733231707315,0.004520641923363655,0.005378864372364006,0.02018129825592041,0.9999991536580052,0.9999904893247978,0.0011013056365527518,0.0013010319096895507,0.004761755466461182
62,improved_environment,tree_scm,ok,0.1,5,1,0,False,0.6627638339996338,1.0,0.071287852800258,0.9998232691475069,0.9998575075101922,0.014453812644205755,0.018800577464872226,0.060399770736694336,0.9999894097924142,0.9999522007545953,0.0035381345300038447,0.0046022185636046984,0.016106605529785156
62,improved_environment,tree_scm,ok,0.1,6,1,0,False,0.6628713011741638,1.0,0.0714363649366707,0.9998152771087764,0.9997344051748801,0.01731059584153627,0.019220972413531767,0.0361788272857666,0.9999889401540346,0.9999303966096845,0.0042425102090390965,0.004703157687398057,0.00903618335723877
62,improved_environment,tree_scm,ok,0.1,7,1,0,False,0.6724626421928406,1.0,0.07901741107061988,0.9986401424351915,0.9987460660896931,0.040433878215978325,0.05215088746553723,0.16851811110973358,0.9999205242474063,0.9996139962270223,0.009735858796034336,0.012607597083110492,0.04914045333862305
62,improved_environment,tree_scm,ok,0.1,8,1,0,False,0.6706421971321106,1.0,0.07781810457384779,0.9989080448140911,0.9990005073850224,0.03595670673314544,0.046732325597504266,0.1606285534799099,0.9999360500453158,0.9996919591767397,0.008658848754180326,0.011309284367204084,0.04360151290893555
62,improved_environment,tree_scm,ok,0.1,9,1,0,False,0.659209668636322,1.0,0.06832412993927647,0.9999465174417004,0.9999207518239038,0.008726377039010913,0.01034239407001644,0.025421619415283203,0.9999968588947785,0.9999740719547958,0.0021177428283181143,0.002506433802359582,0.00662994384765625
62,improved_environment,tree_scm,ok,0.2,0,1,0,False,0.6540188789367676,1.0,0.061672394637682544,0.9976382376265801,0.9985589036013162,0.0469638671733037,0.06872790253209522,0.29428062960505486,0.9998594880584439,0.9996213052535584,0.011358495378303246,0.016763766864108038,0.07343852519989014
62,improved_environment,tree_scm,ok,0.2,1,1,0,False,0.6565321087837219,1.0,0.06516052237799286,0.9991581884703172,0.9989275512302408,0.03496135890520691,0.041031975119526026,0.09621593356132507,0.9999499243184794,0.9996982735498176,0.008595559029004107,0.010007565182502344,0.024034738540649414
62,improved_environment,tree_scm,ok,0.2,2,1,0,False,0.6822093725204468,1.0,0.08539227642353003,0.9953710598757823,0.9965530787318503,0.06795350734205385,0.09621787938603743,0.36156918853521347,0.9997287954545772,0.99895926838209,0.01638522141706744,0.023289677858037195,0.09917879104614258
62,improved_environment,tree_scm,ok,0.2,3,1,0,False,0.6512691974639893,1.0,0.060372900407858164,0.9985741286420775,0.998722540859023,0.040874886459562276,0.05340171025328921,0.1756553053855896,0.9999165427221534,0.9996541399935627,0.009851914267869688,0.012919541551060778,0.0528407096862793
62,improved_environment,tree_scm,ok,0.2,4,1,0,False,0.6711161136627197,1.0,0.07794338739188958,0.9989735603185371,0.9991241349867678,0.03359238038501644,0.045308710898350625,0.15651720762252808,0.9999400412273634,0.999732851727344,0.008078251864276353,0.010950686831634221,0.04627275466918945
62,improved_environment,tree_scm,ok,0.2,5,1,0,False,0.6909725069999695,1.0,0.09045479274017248,0.9920016252628718,0.9938038453973247,0.09092723189618823,0.1264782559578751,0.46484000980854034,0.9995321728271878,0.99823974277591,0.021887043291974884,0.030588467827936325,0.12850284576416016
62,improved_environment,tree_scm,ok,0.2,6,1,0,False,0.6445362567901611,1.0,0.05010845886814275,0.9927033534534653,0.9954086237572419,0.08450028183222003,0.12080270396922327,0.45749926567077637,0.9995697134455412,0.9988332379658106,0.02043416304547918,0.029335526109558124,0.12870311737060547
62,improved_environment,tree_scm,ok,0.2,7,1,0,False,0.6609118580818176,1.0,0.0702802247564905,0.9999484809993685,0.9999228864172804,0.008498137886078894,0.010150763457843302,0.04790151119232178,0.9999969012122496,0.9999774582469064,0.002085710597043544,0.0024894930188550275,0.011792778968811035
62,improved_environment,tree_scm,ok,0.2,8,1,0,False,0.6603859663009644,1.0,0.06912912263675562,0.9996960508175766,0.9997187030612973,0.020630546846859943,0.02465559444532953,0.07350281998515129,0.9999817245240494,0.999920695944496,0.0050606268505362095,0.0060457383817336735,0.018154144287109375
62,improved_environment,tree_scm,ok,0.2,9,1,0,False,0.6622914671897888,1.0,0.07123492861744155,0.999949726044434,0.9999472163114225,0.006814432759256306,0.010027358191989336,0.0573426540941,0.9999970149392065,0.9999837949717473,0.0016608125629318238,0.002443383236817714,0.014222800731658936
62,improved_environment,tree_scm,ok,0.3,0,1,0,False,0.6394607424736023,1.0,0.038984929080787795,0.9837860425825897,0.9881459883055573,0.13391452922431446,0.18007752228081428,0.6506730318069458,0.9990436732413277,0.9970211805307202,0.03227940774149829,0.043733894230753745,0.18086814880371094
62,improved_environment,tree_scm,ok,0.3,1,1,0,False,0.6583377122879028,1.0,0.06746438710464057,0.9995866848151045,0.9997025650883341,0.021152070146172264,0.028751179578234715,0.09975767135620117,0.9999752884734738,0.9999177566876475,0.00516772627292994,0.0070301530318044704,0.027027130126953125
62,improved_environment,tree_scm,ok,0.3,2,1,0,False,0.6865953803062439,1.0,0.0868220193115209,0.991565018822903,0.9944437763750804,0.08499077651072184,0.12988441831383157,0.5416227169334888,0.9995019506898709,0.9984289169229668,0.020630477344223408,0.03156103012107568,0.13513803482055664
62,improved_environment,tree_scm,ok,0.3,3,1,0,False,0.6886076331138611,1.0,0.08890272101180302,0.9931972016147492,0.992766488895644,0.09721145531239017,0.11664302824718784,0.29522329568862915,0.9996020001843781,0.9979817140226022,0.02351499165331461,0.028213465045278618,0.0846867561340332
62,improved_environment,tree_scm,ok,0.3,4,1,0,False,0.6789012551307678,1.0,0.08251781554626321,0.9951299478033723,0.9968963934225923,0.06486185026392377,0.09869196539112865,0.4030030556023121,0.9997119760403165,0.999090506759173,0.015698019321803258,0.024000998124323287,0.10260200500488281
62,improved_environment,tree_scm,ok,0.3,5,1,0,False,0.6716797947883606,1.0,0.07801396599441797,0.9990288728024228,0.998954730974179,0.03615400855551343,0.04407101494993394,0.11695533990859985,0.9999433955770686,0.9996843595772833,0.008720094594536931,0.010639964679536278,0.03633880615234375
62,improved_environment,tree_scm,ok,0.3,6,1,0,False,0.659080982208252,1.0,0.06674998316701741,0.9984119076623649,0.9987743522459052,0.04391366974363109,0.05635764893216806,0.22106532379984856,0.9999046385239868,0.9996776316965881,0.010759436055082006,0.013810247981967873,0.05470651388168335
62,improved_environment,tree_scm,ok,0.3,7,1,0,False,0.6693798303604126,1.0,0.0763290614489174,0.9990837547809523,0.9988419551534223,0.03674457288002486,0.04280759744696516,0.10151350498199463,0.9999460169381021,0.9996720549316929,0.00894482610468117,0.010390674875492582,0.025718092918395996
62,improved_environment,tree_scm,ok,0.3,8,1,0,False,0.6728888750076294,1.0,0.07851710045725624,0.9981105118769809,0.9976793393712896,0.05310064520915603,0.061473377168821994,0.14159226417541504,0.9998884639504311,0.9993350769552624,0.012939629365291694,0.014935598314047314,0.035849690437316895
62,improved_environment,tree_scm,ok,0.3,9,1,0,False,0.6423686146736145,1.0,0.0475624739308606,0.9918740288616152,0.9916013808919246,0.10407007958519898,0.12748310651683534,0.3450053334236145,0.9995222598047305,0.9978351535119089,0.025216366789550193,0.030910846363398702,0.10453605651855469
63,improved_environment,tree_scm,ok,0.0,0,0,0,False,0.6567119359970093,1.0,-0.09595767364050403,1.0,1.0,0.0,0.0,0.0,1.0,1.0,0.0,0.0,0.0
63,improved_environment,tree_scm,ok,0.1,0,1,0,False,0.6538960933685303,1.0,-0.09522874428390897,0.9997844766674294,0.9997164455316391,0.017936715671112324,0.02076166297257496,0.04485642910003662,0.999985957308531,0.999783746691939,0.004575367203347724,0.005299564387485209,0.011513322591781616
63,improved_environment,tree_scm,ok,0.1,1,1,0,False,0.6501584053039551,1.0,-0.09376379331090187,0.9991781513663529,0.9993671209999683,0.027801625686606712,0.04054253555834693,0.1508660912513733,0.9999465605675679,0.999470620842572,0.007098876982464475,0.010338223446342096,0.038458116352558136
63,improved_environment,tree_scm,ok,0.1,2,1,0,False,0.6667935848236084,1.0,-0.09866124468640379,0.9985456610676228,0.998872901163146,0.037103148042660905,0.05393215872018819,0.19498946890234947,0.9999052780150368,0.9990600636578213,0.009472689020949332,0.013763864582120849,0.04977097362279892
63,improved_environment,tree_scm,ok,0.1,3,1,0,False,0.670093297958374,1.0,-0.09923325548328825,0.9981028032022208,0.9983017465572793,0.046860289935949595,0.06159864834758671,0.2047070488333702,0.9998764549057542,0.9985858821793863,0.01197369031957507,0.015719102615890462,0.052247557789087296
63,improved_environment,tree_scm,ok,0.1,4,1,0,False,0.6469417214393616,1.0,-0.0923397219380756,0.9980928715551955,0.9983545078943884,0.04610897579391349,0.06175967162573089,0.20929765701293945,0.9998760979666494,0.9986126595915886,0.011761657450353624,0.015741793712747688,0.05331911891698837
63,improved_environment,tree_scm,ok,0.1,5,1,0,False,0.6496788263320923,1.0,-0.09360946501829895,0.9989877032459692,0.9992770880976698,0.030307489157166856,0.044995482419647674,0.17018604278564453,0.9999341662496364,0.9993842759816893,0.007738049803077018,0.011474645879398719,0.04338467866182327
63,improved_environment,tree_scm,ok,0.1,6,1,0,False,0.6490805745124817,1.0,-0.09342006479099704,0.9990015868651551,0.9991731300468779,0.031999992534565536,0.04468586216402351,0.16147294640541077,0.9999351043527702,0.9993165613153564,0.008163744717666788,0.011392598103233864,0.04115348309278488
63,improved_environment,tree_scm,ok,0.1,7,1,0,False,0.6511216163635254,1.0,-0.09408527350495972,0.9994189697473956,0.9993378066624895,0.0281804298545012,0.034089009054908914,0.09446775913238525,0.9999622196496963,0.9994685868321292,0.007190007419897171,0.0086925658709337,0.024238795042037964
63,improved_environment,tree_scm,ok,0.1,8,1,0,False,0.6464858055114746,1.0,-0.09257027048691942,0.998339320883653,0.9983661531630323,0.045393649679226655,0.05763122579167404,0.18038639426231384,0.9998921054281595,0.9986446114369499,0.011577354042335841,0.014689763372774218,0.04594958573579788
63,improved_environment,tree_scm,ok,0.1,9,1,0,False,0.6589169502258301,1.0,-0.0966194219060569,0.9995625106284552,0.9996511895588833,0.022638557666653014,0.02958003904829039,0.09868696331977844,0.9999714642522981,0.9997192506794936,0.005792909587700734,0.007554567749616319,0.025187797844409943
63,improved_environment,tree_scm,ok,0.2,0,1,0,False,0.654772162437439,1.0,-0.09571736484624524,0.9994784582208693,0.9994450392465949,0.02884782983801415,0.03229680440313811,0.11345934867858887,0.9999659746940694,0.9995602737643944,0.007366466175586339,0.008249279462408192,0.029029667377471924
63,improved_environment,tree_scm,ok,0.2,1,1,0,False,0.6366757750511169,1.0,-0.08731216266073986,0.9900900612369324,0.9898789651462194,0.11429127883411638,0.14078308870251063,0.3891880214214325,0.999357201621961,0.9915842594413845,0.02913658937557173,0.03585521983485777,0.09897122532129288
63,improved_environment,tree_scm,ok,0.2,2,1,0,False,0.6580642461776733,1.0,-0.09592596799700191,0.9988410488613059,0.9988953758610757,0.043493206473385726,0.04814459639507693,0.09903192520141602,0.9999243821522973,0.9990620864923823,0.011109836748740776,0.012297792340508597,0.025289475917816162
63,improved_environment,tree_scm,ok,0.2,3,1,0,False,0.6565206050872803,1.0,-0.09501020390628456,0.998515361798264,0.9988221067812013,0.045327188420515085,0.05449106791907652,0.18663007020950317,0.9999031833048915,0.9989963387812029,0.011585332517697111,0.013915221681615433,0.047625333070755005
63,improved_environment,tree_scm,ok,0.2,4,1,0,False,0.6661719083786011,1.0,-0.09840951688943193,0.998966067379562,0.9991009673792834,0.034544535339591675,0.04547378622747194,0.15107607282698154,0.9999326898223899,0.9992223374579784,0.008826498774308078,0.011602601339839775,0.03855033218860626
63,improved_environment,tree_scm,ok,0.2,5,1,0,False,0.6563262939453125,1.0,-0.09551878731639074,0.997583045776777,0.9976619496865274,0.06243571296909067,0.06952631425917373,0.1800858974456787,0.9998423238988235,0.9981285874579786,0.015943239702448153,0.017758158476406515,0.04608637094497681
63,improved_environment,tree_scm,ok,0.2,6,1,0,False,0.66595858335495,1.0,-0.09835666378127537,0.9989124494717214,0.9991716213028597,0.03246248586810907,0.04663797947231472,0.17054966161958873,0.9999291819163084,0.9992954500751018,0.008287084534412514,0.011901099602933717,0.04352846369147301
63,improved_environment,tree_scm,ok,0.2,7,1,0,False,0.6611020565032959,1.0,-0.09684076274012805,0.9998106525910353,0.9997631607167939,0.0165568026149856,0.019460082894663996,0.045588016510009766,0.9999876678436115,0.9998075066161218,0.004223254686973377,0.004966317890224476,0.01183086633682251
63,improved_environment,tree_scm,ok,0.2,8,1,0,False,0.6457189917564392,1.0,-0.09189023508232383,0.9974074124303092,0.997088660487272,0.059556937057550385,0.07200816039505836,0.19914984703063965,0.9998315441999964,0.9975979789535796,0.015190133017750185,0.018355151694696,0.0510777086019516
63,improved_environment,tree_scm,ok,0.2,9,1,0,False,0.6662909388542175,1.0,-0.0983696000583057,0.9990040537809882,0.9991320586819391,0.033989537310390006,0.04463062202237839,0.14910731837153435,0.9999351642731258,0.9992481453603556,0.008682514066666869,0.011387337550933845,0.038047775626182556
63,improved_environment,tree_scm,ok,0.3,0,1,0,False,0.6792693138122559,1.0,-0.1011088322513901,0.9948741052686123,0.9952222212021125,0.07995941930917638,0.10125112006332157,0.30467331409454346,0.9996659651945591,0.9959782137364993,0.02043165616346343,0.025847042662185925,0.07779184356331825
63,improved_environment,tree_scm,ok,0.3,1,1,0,False,0.6503764390945435,1.0,-0.09424350690077186,0.9995413284888055,0.9995153578937227,0.024143137430755246,0.03028767067899377,0.0927945077419281,0.999970180071402,0.9996070113010513,0.0061643673349642825,0.007722684606022847,0.02364816516637802
63,improved_environment,tree_scm,ok,0.3,2,1,0,False,0.6695742011070251,1.0,-0.09831364478471112,0.9972801448568631,0.9968882881057791,0.06392947173648622,0.07375439250172076,0.15798115730285645,0.9998226089751695,0.9973976848043773,0.016319120524560304,0.018835659103100096,0.04056420922279358
63,improved_environment,tree_scm,ok,0.3,3,1,0,False,0.6418498754501343,1.0,-0.09058848009927004,0.9960538307822909,0.9964756186771088,0.06856133095055839,0.08883883281397102,0.29254186153411865,0.9997437947632362,0.9970440016808524,0.017480326662958845,0.022636485656125676,0.07448474317789078
63,improved_environment,tree_scm,ok,0.3,4,1,0,False,0.69144606590271,1.0,-0.10282888347507925,0.9900302761663843,0.9917330215545485,0.10297464131910772,0.1412071113878361,0.4922551214694977,0.9993498867654143,0.9930948586474501,0.02632950729320882,0.03605865367233726,0.1257796287536621
63,improved_environment,tree_scm,ok,0.3,5,1,0,False,0.6865351796150208,1.0,-0.10154457351203786,0.9901281074424677,0.992921598916172,0.09125051858367073,0.1405125776969114,0.5289360880851746,0.9993559759725459,0.9942085799477862,0.023309951317106226,0.03588938629454881,0.13515501469373703
63,improved_environment,tree_scm,ok,0.3,6,1,0,False,0.6370947957038879,1.0,-0.0858983260765022,0.9848134451978208,0.9825235139571311,0.1457599972059711,0.1742788284787118,0.4731448292732239,0.999014862677938,0.9855601240075816,0.03713661580195904,0.04438777565282087,0.12119297683238983
63,improved_environment,tree_scm,ok,0.3,7,1,0,False,0.6443543434143066,1.0,-0.09195874496362648,0.9977314818845293,0.9978993701155775,0.052261074552063747,0.06735752413769833,0.22081813216209412,0.9998526468844232,0.9982248816424547,0.01333173660036735,0.017167010127197603,0.056243859231472015
63,improved_environment,tree_scm,ok,0.3,8,1,0,False,0.64218670129776,1.0,-0.09116331214603393,0.9967870088460234,0.9973356726092749,0.060023598067118655,0.08016222546004229,0.2817612886428833,0.9997913506025689,0.9977622420606537,0.015303500855726071,0.020427892476199517,0.07176006585359573
63,improved_environment,tree_scm,ok,0.3,9,1,0,False,0.6454905867576599,1.0,-0.09177870342380264,0.9971288751652698,0.9980642702488213,0.05189291839053567,0.07577763417185958,0.2834206223487854,0.9998134237757229,0.9983825593662826,0.013249235887972333,0.019317154363642248,0.0722106322646141
64,method_aware,mlp_scm,ok,0.0,0,0,0,False,0.694892168045044,1.0,-0.13417008135825037,1.0,1.0,0.0,0.0,0.0,1.0,1.0,0.0,0.0,0.0
64,method_aware,mlp_scm,ok,0.1,0,1,0,False,0.6912271976470947,1.0,-0.1330221060861869,0.9996794230058503,0.9996128786388669,0.020462444927716206,0.025321018826821116,0.06998467445373535,0.9999787205411376,0.9999657012195122,0.005274236906757324,0.006523719849028159,0.017986655235290527
64,method_aware,mlp_scm,ok,0.1,1,1,0,False,0.697046160697937,1.0,-0.13327558783596985,0.9999066889038619,0.9998748860060079,0.011062519626761969,0.013660973399026837,0.04495811462402344,0.9999938196139971,0.9999868012838852,0.0028449672838917195,0.0035157890679804443,0.01199960708618164
64,method_aware,mlp_scm,ok,0.1,2,1,0,False,0.7052876949310303,1.0,-0.13424805291909597,0.9995023703115465,0.9994622054037622,0.026082281204935498,0.03154773091298253,0.0959661602973938,0.9999668895536586,0.9999526030863313,0.00672647038516061,0.008137622256936152,0.024733424186706543
64,method_aware,mlp_scm,ok,0.1,3,1,0,False,0.6962661147117615,1.0,-0.13591874186293226,0.9996833927679618,0.9996464733388168,0.01950224375389098,0.025163752461899728,0.10304582118988037,0.9999790270052227,0.9999684951899005,0.005022788370489195,0.006476572416680644,0.026494979858398438
64,method_aware,mlp_scm,ok,0.1,4,1,0,False,0.6995235681533813,1.0,-0.13175280242134646,0.9995578097350015,0.9994879099313352,0.02411354479727379,0.029738535964356584,0.10129475593566895,0.9999707917465037,0.9999560229060867,0.00618397119922065,0.007643069444754888,0.027207374572753906
64,method_aware,mlp_scm,ok,0.1,5,1,0,False,0.6956670880317688,1.0,-0.13413864246647206,0.9999746061749774,0.9999609514698518,0.005801505830561382,0.0071265455241931236,0.0203971266746521,0.9999983104600045,0.9999953061297474,0.0014963801456193693,0.001838227424108122,0.005259335041046143
64,method_aware,mlp_scm,ok,0.1,6,1,0,False,0.6953027844429016,1.0,-0.13619916071937543,0.9998031541883723,0.9997705926793504,0.01597227323759398,0.019841663351958867,0.07679510116577148,0.9999870334224588,0.999979123453258,0.004107578428488523,0.005092460757873605,0.01985788345336914
64,method_aware,mlp_scm,ok,0.1,7,1,0,False,0.7008256912231445,1.0,-0.1355910695715365,0.9997520633532809,0.9997168590408412,0.019519501773174852,0.02226821246113778,0.050321340560913086,0.9999835647928075,0.9999729543666404,0.005014789344727433,0.005733272636267445,0.013057351112365723
64,method_aware,mlp_scm,ok,0.1,8,1,0,False,0.688042402267456,1.0,-0.1337198521199765,0.9991610680156694,0.9990230156104714,0.03365721028956159,0.040961737273198434,0.11025571823120117,0.9999441946094332,0.999924473392461,0.00868034548614105,0.010564600497822539,0.028440619353204966
64,method_aware,mlp_scm,ok,0.1,9,1,0,False,0.7002778053283691,1.0,-0.1352326167443353,0.9995086916173013,0.9994242521100063,0.02535794331811303,0.031346717841561775,0.08376586437225342,0.9999673393164504,0.9999543241720906,0.006539301247357798,0.008082163556398757,0.0214993953704834
64,method_aware,mlp_scm,ok,0.2,0,1,0,False,0.7071390748023987,1.0,-0.13380090068476988,0.9985228734301788,0.9983943275695586,0.044999946925486256,0.054353042056178566,0.1514766812324524,0.9999017327256139,0.9998739472319575,0.011608563708705333,0.014019078246009835,0.039168357849121094
64,method_aware,mlp_scm,ok,0.2,1,1,0,False,0.7006819248199463,1.0,-0.13723431889104432,0.9984938441563626,0.9983943163936769,0.043278441941083656,0.054884528867990764,0.20403039455413818,0.9999000216657825,0.9998691974822972,0.011154186176199232,0.01414060365585861,0.052433669567108154
64,method_aware,mlp_scm,ok,0.2,2,1,0,False,0.703282356262207,1.0,-0.13854603711688052,0.9989364219663359,0.9988280523567697,0.0409628110991207,0.04612110245798913,0.12278532981872559,0.9999297945676926,0.999903451559259,0.01049525157145581,0.011849509102464332,0.03190016746520996
64,method_aware,mlp_scm,ok,0.2,3,1,0,False,0.7038476467132568,1.0,-0.1351354564836439,0.9970791059467485,0.997022812209427,0.06089595286812255,0.0764315905577525,0.25713294744491577,0.9998056398551487,0.9997576510085114,0.01570944682285358,0.019715991166360206,0.06640191376209259
64,method_aware,mlp_scm,ok,0.2,4,1,0,False,0.7013001441955566,1.0,-0.13860536953833758,0.998737443790465,0.9986833246906516,0.04028407269697709,0.05025049695179933,0.1453019380569458,0.9999165567062175,0.9998844190329732,0.010301717705090141,0.012918459476088218,0.03716111183166504
64,method_aware,mlp_scm,ok,0.2,5,1,0,False,0.7081515789031982,0.9999999403953552,-0.13166111699399038,0.9981310430234835,0.9980150069737501,0.05049837922842926,0.061138481076879365,0.17833244800567627,0.9998759384639234,0.9998382738180386,0.013030007652929498,0.015751922832901347,0.04710698127746582
64,method_aware,mlp_scm,ok,0.2,6,1,0,False,0.7017736434936523,1.0,-0.1353855331402596,0.9986798615459533,0.9985864409734638,0.041138071121736175,0.05138362339425912,0.16202974319458008,0.999912185825422,0.9998842178671052,0.01061382552836676,0.013252485031341427,0.041501402854919434
64,method_aware,mlp_scm,ok,0.2,7,1,0,False,0.7048141956329346,1.0,-0.13457039055667278,0.9991719409672237,0.9990527546312852,0.03330051835996528,0.04069543076024436,0.11593097448348999,0.9999449044182165,0.999925680387669,0.008586250829665687,0.010497198063547233,0.02979910373687744
64,method_aware,mlp_scm,ok,0.2,8,1,0,False,0.6945386528968811,0.9999999403953552,-0.13634545730511552,0.9971441330326455,0.9970200405908017,0.06023958161324572,0.07557601364967761,0.2627350091934204,0.9998100350549528,0.9997534377011658,0.015518024162361144,0.01949179033904288,0.06762239336967468
64,method_aware,mlp_scm,ok,0.2,9,1,0,False,0.6881090402603149,1.0,-0.13091865752163598,0.9993505316853758,0.999260201344682,0.03199445809525514,0.03604076373723792,0.09441125392913818,0.9999571756924605,0.999937616229168,0.00818967934981174,0.009254653758143473,0.02447509765625
64,method_aware,mlp_scm,ok,0.3,0,1,0,False,0.6841265559196472,1.0,-0.13445848638211902,0.9992995067621545,0.9993572638759745,0.028182560021804193,0.03742975283785617,0.1924353837966919,0.9999533917357257,0.9999345205099778,0.0072726905302147316,0.009654870924624418,0.04966607689857483
64,method_aware,mlp_scm,ok,0.3,1,1,0,False,0.6945096850395203,1.0,-0.13526830044231847,0.9981917108017345,0.9981306438201843,0.047711746235791,0.06013799297363289,0.22170990705490112,0.9998796909261016,0.9998356586617552,0.012294741496248207,0.015511871375176003,0.05711084604263306
64,method_aware,mlp_scm,ok,0.3,2,1,0,False,0.7214832901954651,0.9999999403953552,-0.1301909106025404,0.9970614276792688,0.9972448769758958,0.06419730361443499,0.076662535574728,0.2607463002204895,0.9998052087305119,0.9997591709284027,0.01655059712993534,0.01973784539707537,0.06753003597259521
64,method_aware,mlp_scm,ok,0.3,3,1,0,False,0.6776401996612549,1.0,-0.13524736959956501,0.9977573813385042,0.9974610185251412,0.055271143250962496,0.06697191482092724,0.2135779857635498,0.9998507837371335,0.9998084789178171,0.014264400786117903,0.017275199971324134,0.0553969144821167
64,method_aware,mlp_scm,ok,0.3,4,1,0,False,0.6759902834892273,1.0,-0.13745696618172126,0.9975764869980186,0.9976304784171373,0.057495828979938324,0.06962058687511984,0.2685489356517792,0.9998389746108881,0.9997949784529003,0.014811212908739435,0.017945773607330972,0.06961196660995483
64,method_aware,mlp_scm,ok,0.3,5,1,0,False,0.675964891910553,1.0,-0.127679403617045,0.9953801421637807,0.9945149220370502,0.08079259327541877,0.09612343930087036,0.235348641872406,0.9996945307819385,0.9996295083506186,0.0207584984630671,0.02471716981824715,0.06000089645385742
64,method_aware,mlp_scm,ok,0.3,6,1,0,False,0.6816123723983765,1.0,-0.13459616239133945,0.9949968261810019,0.9940221997711178,0.0826488792402813,0.10003173103343797,0.274533748626709,0.9996670813809586,0.9995822790751733,0.021319713706546395,0.025803822877919977,0.07081841677427292
64,method_aware,mlp_scm,ok,0.3,7,1,0,False,0.6950139403343201,1.0,-0.13059179540216492,0.9911737857633715,0.9906257040805377,0.10449937586997748,0.13286243929193844,0.51010662317276,0.9994137130005987,0.9992922984765037,0.026966358438244242,0.034242869020851205,0.13167723268270493
64,method_aware,mlp_scm,ok,0.3,8,1,0,False,0.685982346534729,1.0,-0.13754836690953057,0.9879971104638166,0.9860294104498962,0.12749398151845526,0.154937985223852,0.4385420083999634,0.999201066876952,0.9990398353122093,0.032863313768530134,0.03997332026280251,0.11475205421447754
64,method_aware,mlp_scm,ok,0.3,9,1,0,False,0.6964027285575867,1.0,-0.13253245473029093,0.9972011023699391,0.9972153950003576,0.057103706388943465,0.07481841320829946,0.3213241696357727,0.9998139424193406,0.9997565892997637,0.014738620744935815,0.019290286867871577,0.08294929563999176
65,method_aware,mlp_scm,ok,0.0,0,0,0,False,0.6923704147338867,1.0,0.21606108039860278,1.0,1.0,0.0,0.0,0.0,1.0,1.0,0.0,0.0,0.0
65,method_aware,mlp_scm,ok,0.1,0,1,0,False,0.6866583824157715,1.0,0.21361870529965482,0.9998770404632596,0.9998550935197767,0.013220061330514454,0.015681806536111623,0.050380587577819824,0.9999932114200661,0.999977469422788,0.00310928408282507,0.0036847197738337995,0.01266634464263916
65,method_aware,mlp_scm,ok,0.1,1,1,0,False,0.6987521648406982,1.0,0.21610584307108519,0.9998396758183232,0.9998789763786565,0.012368875421714165,0.01790665637988726,0.09215503931045532,0.9999909672479531,0.9999711774014733,0.0029365427546963474,0.0042503533834979115,0.021881520748138428
65,method_aware,mlp_scm,ok,0.1,2,1,0,False,0.6846463680267334,0.9999999403953552,0.21462175746203394,0.9998223579447251,0.99982792495172,0.015003427368981193,0.018848981434312514,0.07658576965332031,0.9999900378280243,0.9999716132608539,0.0035684801149216128,0.004463669281925891,0.01880204677581787
65,method_aware,mlp_scm,ok,0.1,3,1,0,False,0.6972305178642273,1.0,0.2146240562934926,0.9995600660954832,0.999563724316605,0.023245309716287466,0.029662565633962017,0.09681189060211182,0.999975255112851,0.9999313465596165,0.005512014220101946,0.007034896873618556,0.022422373294830322
65,method_aware,mlp_scm,ok,0.1,4,1,0,False,0.6909675598144531,1.0,0.2116393267567294,0.9993945735601025,0.9994019115227809,0.026034440864947328,0.03479731130593092,0.14522993564605713,0.9999663249717001,0.9999141804055501,0.006161420554150254,0.008206708130092014,0.03541529178619385
65,method_aware,mlp_scm,ok,0.1,5,1,0,False,0.6934415102005005,1.0,0.2158068427174979,0.9997633104077667,0.999724872147915,0.0180494197559824,0.021757278274926777,0.060057640075683594,0.9999866653753077,0.9999572969565839,0.004286191408795048,0.005164227863229571,0.014108657836914062
65,method_aware,mlp_scm,ok,0.1,6,1,0,False,0.6974284052848816,1.0,0.21700720673474036,0.9997373756871875,0.9997197312424003,0.01949481566391853,0.02291830312581883,0.0704042911529541,0.9999852278417937,0.9999534412774479,0.004626347101558181,0.005435468339166214,0.0165136456489563
65,method_aware,mlp_scm,ok,0.1,7,1,0,False,0.693851888179779,1.0,0.21756862567713187,0.9999421672908636,0.9999335705600456,0.00841623022878224,0.010754785597623554,0.03860551118850708,0.9999967970241864,0.9999864771833201,0.0019941443890729715,0.0025309981647078897,0.009469985961914062
65,method_aware,mlp_scm,ok,0.1,8,1,0,False,0.6962601542472839,1.0,0.21941602964214668,0.9996249025583097,0.9996102187790572,0.022016292922046432,0.027389685052188067,0.09294646978378296,0.9999791507999726,0.9999410807524497,0.0052461795723388605,0.006457429862333181,0.02273428440093994
65,method_aware,mlp_scm,ok,0.1,9,1,0,False,0.6970364451408386,1.0,0.21967603130213403,0.9997741345821836,0.9997451675488161,0.01767420102254391,0.021253959649617165,0.061503082513809204,0.9999875965691637,0.9999610073492594,0.004125645501318331,0.004980648671075396,0.015340447425842285
65,method_aware,mlp_scm,ok,0.2,0,1,0,False,0.6890996098518372,1.0,0.20592022953677963,0.9979539231433837,0.9981290233173591,0.04887757617365196,0.06396994261252532,0.25747501850128174,0.9998869354120149,0.9997581203955367,0.011367350058208103,0.015037592230668362,0.06334120035171509
65,method_aware,mlp_scm,ok,0.2,1,1,0,False,0.7198647260665894,1.0,0.22964481346505788,0.9965823998313919,0.9965006638473641,0.06843575008628022,0.08267527039615753,0.2493530809879303,0.9998124048285792,0.9995566974822973,0.015983260201210214,0.019369830750427634,0.06183367967605591
65,method_aware,mlp_scm,ok,0.2,2,1,0,False,0.7014606595039368,1.0,0.21817696777094664,0.9986223336521054,0.9985409327837779,0.04469017510422191,0.05249126296448991,0.16061866283416748,0.9999225231955725,0.9998119657928617,0.010603898712417958,0.012448036273730681,0.03687787055969238
65,method_aware,mlp_scm,ok,0.2,3,1,0,False,0.6812609434127808,1.0,0.2069763717828582,0.9985848485604066,0.9984852545418781,0.04456687954987615,0.0532005905829817,0.15534645318984985,0.9999220915047491,0.9998144691903297,0.010454675220216814,0.012482667478811561,0.0391010046005249
65,method_aware,mlp_scm,ok,0.2,4,1,0,False,0.6836591362953186,1.0,0.21358724907287813,0.9990054017459945,0.9989837323868106,0.03804039139942006,0.04460040829057068,0.13621819019317627,0.9999440790822953,0.9998590050783205,0.009030679631450766,0.010575530142860274,0.03091120719909668
65,method_aware,mlp_scm,ok,0.2,5,1,0,False,0.6966447234153748,1.0,0.21612148467430511,0.9998873135127506,0.9998827202989771,0.011843619954149176,0.015012426908223329,0.055991411209106445,0.9999936512502263,0.9999771341463414,0.0028114812806876444,0.0035633551418071028,0.013316035270690918
65,method_aware,mlp_scm,ok,0.2,6,1,0,False,0.705957293510437,1.0,0.2237836870645857,0.9989611597172103,0.9989402805593304,0.03772128743074177,0.045581581330341535,0.13718655705451965,0.9999429906719064,0.9998534394893067,0.008803325722695376,0.010677951904932072,0.0341152548789978
65,method_aware,mlp_scm,ok,0.2,7,1,0,False,0.709322988986969,1.0,0.2149819433015054,0.9986853116960308,0.9991428434124883,0.03413587072196833,0.051277446962612466,0.2689586877822876,0.9999259389515689,0.9998458287139689,0.008091177164715191,0.012170542371994714,0.06367528438568115
65,method_aware,mlp_scm,ok,0.2,8,1,0,False,0.694187581539154,1.0,0.2182586391697284,0.9998766421252167,0.9998557417209069,0.012834299651728998,0.015707187528957913,0.04561948776245117,0.9999931685857555,0.9999782740862598,0.0030255210085670114,0.003696326385747704,0.009546279907226562
65,method_aware,mlp_scm,ok,0.2,9,1,0,False,0.7087668180465698,1.0,0.21784663890984513,0.9987590865372691,0.9987858857556683,0.0417147855893063,0.04981793605369893,0.1559883952140808,0.9999301886503471,0.9998318253343823,0.009916297291766796,0.011816205016413497,0.037777066230773926
65,method_aware,mlp_scm,ok,0.3,0,1,0,False,0.6950268745422363,1.0,0.2167868505983437,0.999368127446849,0.9992948801051424,0.029919804806525008,0.035549192059684306,0.08587169647216797,0.999964417624529,0.9999054743938202,0.0071002272106852615,0.008435920342698248,0.020801544189453125
65,method_aware,mlp_scm,ok,0.3,1,1,0,False,0.6942819356918335,1.0,0.22004324134898315,0.9985429235598425,0.9985614852299549,0.042940992639444175,0.05398289238566973,0.20613348484039307,0.9999183562870971,0.9998145809491452,0.010192611338702307,0.012778397121672318,0.04970282316207886
65,method_aware,mlp_scm,ok,0.3,2,1,0,False,0.6981972455978394,1.0,0.2261203359901331,0.9949056352357145,0.9950102482833847,0.08078219470490922,0.10093923528431133,0.28685951232910156,0.9997160155251182,0.9993921214505399,0.019155973986869412,0.023832099138692033,0.06242549419403076
65,method_aware,mlp_scm,ok,0.3,3,1,0,False,0.7173745036125183,1.0,0.22711518481710033,0.9973768537379467,0.9973295119269008,0.060099610891910515,0.07243129348078707,0.20474687218666077,0.9998554731490494,0.9996521506866459,0.01419434965612254,0.01700157941883516,0.05078023672103882
65,method_aware,mlp_scm,ok,0.3,4,1,0,False,0.6666643023490906,1.0,0.20700574742406758,0.997739896704572,0.9977834315320792,0.05654441218308648,0.0672324804581519,0.18428397178649902,0.999874378800334,0.9997195747800586,0.013385871807145122,0.015850627688195333,0.04590928554534912
65,method_aware,mlp_scm,ok,0.3,5,1,0,False,0.6964297890663147,1.0,0.22720205202177532,0.9954515855089237,0.9957843904227164,0.06760491736423546,0.09537729542701563,0.4399275779724121,0.9997473126470682,0.999451420678063,0.015944210541647408,0.022480540970379773,0.10644924640655518
65,method_aware,mlp_scm,ok,0.3,6,1,0,False,0.6709936261177063,1.0,0.20126765423852763,0.9906743535030959,0.9899129734103426,0.11545692421024967,0.13656973559596194,0.2937886714935303,0.99947814023369,0.9989017908232601,0.027567109097958564,0.032306648425854796,0.06908968091011047
65,method_aware,mlp_scm,ok,0.3,7,1,0,False,0.6847071051597595,1.0,0.22221553811052464,0.9952980875872025,0.9955630073850225,0.07395097735818013,0.09697331807110902,0.3433075249195099,0.9997363469778137,0.999454371110793,0.01753018794912009,0.02296314522027233,0.07912269234657288
65,method_aware,mlp_scm,ok,0.3,8,1,0,False,0.702315092086792,1.0,0.21984592014437812,0.999113933908423,0.9990513688219725,0.03599030043540097,0.04209669969365446,0.13846588134765625,0.9999504611343949,0.9998687951505614,0.008533822256936219,0.009953779856130255,0.030641794204711914
65,method_aware,mlp_scm,ok,0.3,9,1,0,False,0.7043399214744568,1.0,0.22012116903959597,0.999324263994748,0.9992921420141619,0.0317637553908412,0.0367623720344466,0.08238458633422852,0.9999623554367851,0.9998985565231385,0.0075744877639749575,0.008676930787081713,0.019406497478485107
66,method_aware,mlp_scm,ok,0.0,0,0,0,False,0.6799728870391846,0.9999999403953552,-0.12341092409356227,1.0,1.0,0.0,0.0,0.0,1.0,1.0,0.0,0.0,0.0
66,method_aware,mlp_scm,ok,0.1,0,1,0,False,0.6661131381988525,1.0,-0.12148092529410341,0.9994645139576613,0.9994198599885559,0.0266211375317269,0.0327257090120481,0.09318774938583374,0.9999647085017708,0.9999501667441527,0.006814635711954509,0.008401368575962305,0.02426159381866455
66,method_aware,mlp_scm,ok,0.1,1,1,0,False,0.6652320027351379,1.0,-0.119232648552536,0.998882895919917,0.9987751233817324,0.03921991812399028,0.047267411239922306,0.11670207977294922,0.9999267378415619,0.9999041668156783,0.010020434582607152,0.012104722825419804,0.03064197301864624
66,method_aware,mlp_scm,ok,0.1,2,1,0,False,0.6805948615074158,1.0,-0.12320349153403114,0.9999863131342942,0.9999782852621415,0.004135252580255155,0.005231991129591566,0.016338348388671875,0.999999095842166,0.9999970942707959,0.0010627056754444197,0.0013447362745949373,0.004200279712677002
66,method_aware,mlp_scm,ok,0.1,3,1,0,False,0.6787130236625671,1.0,-0.12146101619605801,0.999904482293298,0.9998886993956082,0.010768671754362913,0.01382155606799352,0.04257088899612427,0.999993808297791,0.9999895170231028,0.0027245470067498445,0.0035190061461482275,0.010874032974243164
66,method_aware,mlp_scm,ok,0.1,4,1,0,False,0.6778787970542908,1.0,-0.12278877838305544,0.9999320832154874,0.9999268203275873,0.007831261458250083,0.011654765829278848,0.05909585952758789,0.9999955195902125,0.9999917745511765,0.002012090635894026,0.0029934627949829763,0.014995098114013672
66,method_aware,mlp_scm,ok,0.1,5,1,0,False,0.6808103919029236,1.0,-0.12234986306161849,0.9995548758255092,0.9995785463307345,0.020915903359309596,0.029837029919156204,0.13893091678619385,0.9999705923404419,0.9999572857807024,0.005382826317891443,0.007669114549505455,0.035691022872924805
66,method_aware,mlp_scm,ok,0.1,6,1,0,False,0.6825140118598938,1.0,-0.12158150018215406,0.9998788260412427,0.9998615643551962,0.012664939961325672,0.015567527558835031,0.04579472541809082,0.9999920962888973,0.9999862983692153,0.0032289960975546705,0.00397585483126214,0.012193441390991211
66,method_aware,mlp_scm,ok,0.1,7,1,0,False,0.679744303226471,1.0,-0.12111840566008872,0.9998701776337868,0.9998605249982118,0.012508586438627844,0.016113495367649267,0.07089924812316895,0.9999915882144487,0.9999836385094055,0.0031742026826080405,0.004101654649154706,0.018147826194763184
66,method_aware,mlp_scm,ok,0.1,8,1,0,False,0.676788866519928,1.0,-0.13068361284651941,0.9991643045756292,0.9991210504434588,0.03396161540209164,0.04088264654622276,0.11141502857208252,0.9999463520006768,0.9999243057542379,0.008530309501388444,0.010358377872429636,0.03009927272796631
66,method_aware,mlp_scm,ok,0.1,9,1,0,False,0.6828240752220154,1.0,-0.12347788325825962,0.9999382673198599,0.999925479221801,0.009037601607261081,0.011111496509519054,0.030843734741210938,0.9999959153723106,0.9999907687218368,0.002324863654330045,0.0028581908455753997,0.00793178379535675
66,method_aware,mlp_scm,ok,0.2,0,1,0,False,0.6993080377578735,1.0,-0.12141010941666179,0.9985976768403303,0.9986079880730989,0.042938818563300174,0.052958911116169655,0.15972930192947388,0.9999073912110763,0.9998858942493384,0.01104429258571571,0.013609466187252808,0.040752410888671875
66,method_aware,mlp_scm,ok,0.2,1,1,0,False,0.6873282790184021,1.0,-0.12449046474163837,0.9995446181244719,0.9995320993669978,0.02431900982037405,0.030178862592780117,0.09850573539733887,0.9999698985951195,0.9999562575995994,0.006259444951233206,0.007759046926406977,0.02530854195356369
66,method_aware,mlp_scm,ok,0.2,2,1,0,False,0.7072030305862427,1.0,-0.1256276654476533,0.9970172508096632,0.9970439234496816,0.06283447890223215,0.07723663828820392,0.20749539136886597,0.9998026884811655,0.9997746942278805,0.016165430199912123,0.019865120965431356,0.053752899169921875
66,method_aware,mlp_scm,ok,0.2,3,1,0,False,0.6855201721191406,1.0,-0.12191217872133653,0.9995435316029699,0.9996183101173021,0.019286124541451954,0.030214844040450297,0.15951097011566162,0.9999698822680387,0.9999596662434732,0.0049463399563549615,0.007761150716657561,0.041506052017211914
66,method_aware,mlp_scm,ok,0.2,4,1,0,False,0.6950752139091492,1.0,-0.13303554130972217,0.9982112002581343,0.9981483687683284,0.053585884346411206,0.05981303730800048,0.11808526515960693,0.9998844170740665,0.999860189721765,0.013428165622649146,0.015204139103681423,0.03416085243225098
66,method_aware,mlp_scm,ok,0.2,5,1,0,False,0.6942218542098999,1.0,-0.1254251137064449,0.9970127471102815,0.9971224563693584,0.06020208012699868,0.07729492812304228,0.2958643436431885,0.9998023722960656,0.9997706262069952,0.015503707483780715,0.019881030797015028,0.07607536390423775
66,method_aware,mlp_scm,ok,0.2,6,1,0,False,0.6873569488525391,1.0,-0.131294841099245,0.9979541167756408,0.9979800152886059,0.04937357434135947,0.06396691496920297,0.21745771169662476,0.9998664128783797,0.9998448787640368,0.012562565262392411,0.016345465304452623,0.05476182699203491
66,method_aware,mlp_scm,ok,0.2,7,1,0,False,0.7050185203552246,1.0,-0.12467665244267631,0.9984817064795908,0.9984728381374722,0.04417547825278234,0.05510523662429007,0.167513906955719,0.999899558396426,0.9998786299263285,0.011355876637303197,0.014173327225696626,0.04330253601074219
66,method_aware,mlp_scm,ok,0.2,8,1,0,False,0.6608482003211975,0.9999999403953552,-0.12163586341677626,0.9990676284627478,0.9990493236356484,0.03385879481405141,0.04318267141042721,0.1359635889530182,0.9999384391995526,0.9999149403654959,0.008677572842266557,0.011096016952498755,0.03437685966491699
66,method_aware,mlp_scm,ok,0.2,9,1,0,False,0.6762458682060242,1.0,-0.11968017018780493,0.9995837164492611,0.9995534704452511,0.022054449854636005,0.028854238463703028,0.10489538311958313,0.9999729401812092,0.9999650753701451,0.005585369864867573,0.007356604908530797,0.026343464851379395
66,method_aware,mlp_scm,ok,0.3,0,1,0,False,0.6543736457824707,1.0,-0.13438245008432398,0.9925936771972858,0.9921548999535081,0.09913524414530173,0.12170720881451824,0.3893631100654602,0.9995125483442779,0.9994642170624417,0.025452698382146366,0.031223440878055772,0.10262000560760498
66,method_aware,mlp_scm,ok,0.3,1,1,0,False,0.6861651539802551,1.0,-0.12461701866807565,0.9979038853664023,0.998035380605822,0.048520470906623814,0.0647474265720845,0.27396219968795776,0.9998613101808308,0.999836787425792,0.012487854207897442,0.016654717894186155,0.0704517737030983
66,method_aware,mlp_scm,ok,0.3,2,1,0,False,0.7298309206962585,1.0,-0.12921990293063637,0.9946380183515783,0.9947378249946356,0.08564852717404392,0.10355657065465385,0.2856300473213196,0.9996457965541904,0.9996043290894785,0.02192867314993663,0.026615913958928414,0.07449662685394287
66,method_aware,mlp_scm,ok,0.3,3,1,0,False,0.6729265451431274,1.0,-0.12522110568665246,0.9992650738563782,0.9993406118124595,0.024127672457552762,0.03833865215918867,0.20636805891990662,0.9999514572958618,0.9999358392640011,0.006197097472231405,0.009853192664566308,0.053702473640441895
66,method_aware,mlp_scm,ok,0.3,4,1,0,False,0.6470022797584534,1.0,-0.1180377558660802,0.9924319893453408,0.9919265431657249,0.10064016115171626,0.12302853940846474,0.3444180488586426,0.9995008823718107,0.9994646082182962,0.025867443268630552,0.03159486027466391,0.08931457996368408
66,method_aware,mlp_scm,ok,0.3,5,1,0,False,0.7003113031387329,0.9999999403953552,-0.13410817179420742,0.991600035492546,0.9926923145697731,0.09579902378851557,0.1296145409888798,0.5440352559089661,0.9994464571042093,0.9994103716651169,0.02455095096892279,0.033272897641478734,0.1368088722229004
66,method_aware,mlp_scm,ok,0.3,6,1,0,False,0.6637434959411621,1.0,-0.12389846437777315,0.9993569351094177,0.9993581691223803,0.026951285935950864,0.03586265193431417,0.12141841650009155,0.9999574524569297,0.9999391473249408,0.006931661336643913,0.009224699745584866,0.03139638900756836
66,method_aware,mlp_scm,ok,0.3,7,1,0,False,0.6869227290153503,1.0,-0.10951983535542446,0.9969492224453305,0.9968190535369428,0.0633894437046365,0.07811245095282036,0.21681523323059082,0.9998051749661236,0.9997757224089835,0.015763703582202027,0.019739555777576245,0.05804300308227539
66,method_aware,mlp_scm,ok,0.3,8,1,0,False,0.6824991703033447,1.0,-0.11391587290260391,0.9987096225730828,0.9986381182497674,0.042016653336645504,0.050801130040879564,0.12952017784118652,0.999917786329078,0.9999022557399329,0.010493261725237346,0.012822922143866168,0.03427088260650635
66,method_aware,mlp_scm,ok,0.3,9,1,0,False,0.6755607724189758,1.0,-0.12198560176939521,0.9939546392686095,0.9944472967777697,0.08466202394629363,0.10995781641486801,0.4312041997909546,0.9996002062895688,0.9995496566769186,0.021778970740975012,0.02827697616608115,0.11082926392555237
67,method_aware,mlp_scm,ok,0.0,0,0,0,False,0.6851082444190979,1.0,0.013353379439087872,1.0,1.0,0.0,0.0,0.0,1.0,1.0,0.0,0.0,0.0
67,method_aware,mlp_scm,ok,0.1,0,1,0,False,0.692878782749176,1.0,0.014525680456023154,0.9996003811551145,0.9995613689983357,0.023183824238117268,0.028270792622946444,0.08135652542114258,0.9999753406102788,0.9999551511873257,0.005766899549414006,0.007022732917090246,0.02006375789642334
67,method_aware,mlp_scm,ok,0.1,1,1,0,False,0.6936180591583252,1.0,0.017579984914219596,0.9996387342585509,0.9996502954883542,0.021957339378629648,0.02687994568656893,0.09703636169433594,0.9999782013518017,0.9999618567162577,0.005400581816388694,0.006602824710053673,0.023702949285507202
67,method_aware,mlp_scm,ok,0.1,2,1,0,False,0.684569239616394,1.0,0.010278076404345358,0.999854028296945,0.9998542665037276,0.011355201132488446,0.017086351328619097,0.0826725959777832,0.99999124162894,0.9999842755346541,0.00284810757778331,0.004185300628374882,0.020601391792297363
67,method_aware,mlp_scm,ok,0.1,3,1,0,False,0.6930173635482788,1.0,0.018765327955473903,0.9996887429797806,0.9997214299748398,0.019973992355232895,0.02495023109751999,0.10241192579269409,0.9999816233156708,0.9999673887776266,0.004863651239105593,0.006062455598392294,0.024918973445892334
67,method_aware,mlp_scm,ok,0.1,4,1,0,False,0.6865993142127991,1.0,0.01000129730982183,0.999724943584193,0.9997075718816362,0.017894767575398873,0.023454484729625504,0.10087811946868896,0.9999833054639935,0.9999708980044345,0.004457562960965333,0.00577832771517166,0.025009959936141968
67,method_aware,mlp_scm,ok,0.1,5,1,0,False,0.6839697360992432,1.0,0.014678143635734777,0.9995816690863697,0.9995552334393285,0.02343583430115359,0.028925107149804626,0.08547604084014893,0.9999741959611101,0.9999532177598167,0.005822294648140769,0.0071838762276534044,0.020944684743881226
67,method_aware,mlp_scm,ok,0.1,6,1,0,False,0.685658872127533,1.0,0.015314027585451116,0.99978230911734,0.9997744036536997,0.01611637363527052,0.02086580418587033,0.0773552656173706,0.9999866584888919,0.9999751113117802,0.00399171305798518,0.005165561075075591,0.019039064645767212
67,method_aware,mlp_scm,ok,0.1,7,1,0,False,0.6784730553627014,1.0,0.014742768895543998,0.998873360983004,0.998869291353384,0.039031205674461944,0.04746870680168781,0.1155276894569397,0.9999304257499839,0.999890230491381,0.009704621848527495,0.011796121949070173,0.02858203649520874
67,method_aware,mlp_scm,ok,0.1,8,1,0,False,0.6749091148376465,1.0,0.009628380341291546,0.9993951428096267,0.9993632094414026,0.02883887155167031,0.03478094906812478,0.08657264709472656,0.99996297234781,0.9999379179779699,0.007153410767841706,0.008605539024495335,0.02103787660598755
67,method_aware,mlp_scm,ok,0.1,9,1,0,False,0.6744294166564941,1.0,0.01206062061480525,0.9990508047170857,0.9989529763549246,0.03637983211046247,0.04357052422803236,0.10708504915237427,0.9999413471424333,0.9999069496101852,0.009057314200845212,0.010830776040074753,0.026458442211151123
67,method_aware,mlp_scm,ok,0.2,0,1,0,False,0.6932684183120728,1.0,0.018178931448810262,0.9990801641557039,0.999025720168363,0.035313197354412296,0.042891393971995276,0.11711263656616211,0.9999438672778388,0.9999080448465775,0.008678938038862327,0.01059553882184153,0.030122697353363037
67,method_aware,mlp_scm,ok,0.2,1,1,0,False,0.6828955411911011,1.0,0.011983073599314213,0.999859828122836,0.9998274667396124,0.013390882248359048,0.01674346867055715,0.04707765579223633,0.9999913853245783,0.9999805092625706,0.0033154266600377014,0.004150825323440069,0.012214183807373047
67,method_aware,mlp_scm,ok,0.2,2,1,0,False,0.6747826337814331,1.0,0.011633832125759719,0.9966403551348012,0.99665101296319,0.0679652152507515,0.08197127569493237,0.23196667432785034,0.9997922935947434,0.9996956136900077,0.016900442725841458,0.020381678403176066,0.05833423137664795
67,method_aware,mlp_scm,ok,0.2,3,1,0,False,0.6898191571235657,0.9999999403953552,0.016264112704858384,0.9995071202539654,0.9995042937709228,0.024706066242970337,0.0313968067901551,0.10988885164260864,0.9999697932930295,0.9999497197088905,0.006119318115793249,0.00777260639564665,0.027028411626815796
67,method_aware,mlp_scm,ok,0.2,4,1,0,False,0.6776542067527771,1.0,0.005940156713197825,0.9994994078672729,0.9995416882708099,0.023983179660717724,0.031641496686472405,0.1430516242980957,0.9999705848484665,0.9999553635290751,0.00582742441793016,0.00767009145926252,0.03608298301696777
67,method_aware,mlp_scm,ok,0.2,5,1,0,False,0.6714723110198975,1.0,0.00890734555231484,0.9983251869614537,0.9982772602006589,0.047393440491418914,0.057875953937956554,0.17199498414993286,0.9998969167136847,0.9998348763500463,0.011753316535077829,0.01435850146801844,0.041626930236816406
67,method_aware,mlp_scm,ok,0.2,6,1,0,False,0.7053403258323669,1.0,0.011558650144155582,0.9966863395910077,0.9967350108894157,0.06648637064483864,0.08140836012497037,0.21345514059066772,0.9997951418495094,0.9997030568271223,0.0165251059449929,0.020241449877497205,0.05334138870239258
67,method_aware,mlp_scm,ok,0.2,7,1,0,False,0.6746672987937927,1.0,0.008782361397553866,0.9994399803672253,0.9994243191620789,0.02752594943638087,0.03346698843154495,0.09623730182647705,0.9999659425783195,0.9999420083506185,0.006755984849178276,0.008253171552283627,0.023332536220550537
67,method_aware,mlp_scm,ok,0.2,8,1,0,False,0.7013198137283325,1.0,0.019044190887562405,0.9988818132085926,0.9989007291083699,0.039312404949669144,0.0472903112697349,0.11935544013977051,0.999931894029987,0.999895438452185,0.009689819007306255,0.011670986847704836,0.02886432409286499
67,method_aware,mlp_scm,ok,0.2,9,1,0,False,0.6899241209030151,1.0,0.024240806282362463,0.9979393565349279,0.9983710034956538,0.04463039000984281,0.06419725077801433,0.2984549403190613,0.9998763313411102,0.9998255444889492,0.011069757263385327,0.01572696146219695,0.07467323541641235
67,method_aware,mlp_scm,ok,0.3,0,1,0,False,0.6786869764328003,1.0,0.0071421938493640685,0.9982754277332155,0.9983407056805927,0.04519781488022545,0.05872941769224117,0.22251564264297485,0.9998943357404853,0.9998399837279164,0.011216705569950136,0.014537142611578157,0.05481955409049988
67,method_aware,mlp_scm,ok,0.3,1,1,0,False,0.6758723258972168,1.0,-0.0008311781269918459,0.9945022356236518,0.9947323376073572,0.07684446084840602,0.10485956642384034,0.45200012624263763,0.9996647796139562,0.99951312272012,0.019065365536334866,0.02589287035990661,0.11141985654830933
67,method_aware,mlp_scm,ok,0.3,2,1,0,False,0.6961844563484192,1.0,0.01439751446671778,0.999117717765538,0.9990841141498066,0.03464955111326162,0.042006719586196006,0.11810243129730225,0.9999454991179165,0.9999124816715542,0.008616006737810267,0.010440390769510316,0.02921617031097412
67,method_aware,mlp_scm,ok,0.3,3,1,0,False,0.65492844581604,1.0,0.004564686105546917,0.9901802929245348,0.9899145268015214,0.11370717087697813,0.14014069470464227,0.4145607352256775,0.9993938588179446,0.9991662121808168,0.028306078759336994,0.03481784478391839,0.10209724307060242
67,method_aware,mlp_scm,ok,0.3,4,1,0,False,0.6684161424636841,1.0,0.010853471944279184,0.9973280575654654,0.9972183230657807,0.05986298968355186,0.07310187978781303,0.21206724643707275,0.9998348915845128,0.9997554493598455,0.014897670543405184,0.018171868762144546,0.052420616149902344
67,method_aware,mlp_scm,ok,0.3,5,1,0,False,0.6618341207504272,1.0,0.014754998897504614,0.9892547894030241,0.9890346496418949,0.1206057086247938,0.14659611478523288,0.40056487917900085,0.9993359711284024,0.9990943624383091,0.029979449387369073,0.03644252631026406,0.0997549295425415
67,method_aware,mlp_scm,ok,0.3,6,1,0,False,0.6471877098083496,1.0,0.003627864899469065,0.9850529664842868,0.9844265654304647,0.1410430183018434,0.17289901009510208,0.5040690302848816,0.9990764913604759,0.998734353765825,0.03514287926111592,0.04297693898161172,0.12430012226104736
67,method_aware,mlp_scm,ok,0.3,7,1,0,False,0.6691601276397705,1.0,0.009024538920050472,0.9965443642624855,0.9965346049802779,0.06908247821638724,0.08313405860950991,0.2162339687347412,0.9997866782584962,0.9996844489843357,0.017161167373501485,0.02065534968580385,0.053906552493572235
67,method_aware,mlp_scm,ok,0.3,8,1,0,False,0.687333345413208,1.0,0.025494295493690946,0.9975733947560941,0.9979272315884461,0.05093084457848818,0.06966498750196816,0.31610357761383057,0.9998546344615546,0.9997903963414633,0.012701968006695097,0.0170508377096204,0.07803427428007126
67,method_aware,mlp_scm,ok,0.3,9,1,0,False,0.6925678253173828,1.0,0.0032173008273406866,0.9971289716793547,0.997263305989285,0.055626341153811154,0.07577636005968719,0.32159000635147095,0.9998250427214784,0.9997390766933694,0.013853884337663658,0.01870600311960871,0.07987479120492935
68,method_aware,mlp_scm,ok,0.0,0,0,0,False,0.669809103012085,1.0,-0.02834510067681543,1.0,1.0,0.0,0.0,0.0,1.0,1.0,0.0,0.0,0.0
68,method_aware,mlp_scm,ok,0.1,0,1,0,False,0.6773751974105835,1.0,-0.028642918499611262,0.999241368849663,0.9993047260567913,0.028490888754959087,0.03895205153381207,0.16834867000579834,0.9999521398078763,0.9999292566697661,0.007154192010830229,0.009783679779168582,0.04227600246667862
68,method_aware,mlp_scm,ok,0.1,1,1,0,False,0.670586884021759,1.0,-0.028396033181231045,0.9997125497776397,0.999693602031328,0.018341408158221384,0.02397708151233074,0.09159713983535767,0.9999818656349457,0.9999716467884986,0.004606924605468521,0.006022352559810212,0.02300865948200226
68,method_aware,mlp_scm,ok,0.1,2,1,0,False,0.6811524629592896,1.0,-0.028877837841649795,0.9993081662155059,0.9991720571668693,0.0308213018467427,0.037197681481835734,0.10554707050323486,0.9999563574835548,0.9999402202095701,0.00773954781499242,0.00934264610778396,0.026422858238220215
68,method_aware,mlp_scm,ok,0.1,3,1,0,False,0.6702577471733093,1.0,-0.02770582676166612,0.9998736756740032,0.9998512266647592,0.012855792305344949,0.015894925569061174,0.06282222270965576,0.9999920441382149,0.9999847672734423,0.0032317612562877684,0.003988950285745175,0.01588571071624756
68,method_aware,mlp_scm,ok,0.1,4,1,0,False,0.6662231683731079,1.0,-0.02749270679818061,0.9998356300275129,0.999799770111557,0.015483615694776631,0.01813118670376193,0.05483722686767578,0.9999896544210116,0.9999803416243472,0.0038759244300763385,0.00454875356455962,0.013782288879156113
68,method_aware,mlp_scm,ok,0.1,5,1,0,False,0.6684377789497375,1.0,-0.02839691252872988,0.9999848949900704,0.999971635612617,0.004696890264767717,0.0054963642629649746,0.011321306228637695,0.9999990471447806,0.9999958984514697,0.0011799645271821646,0.0013804747240314817,0.0028629302978515625
68,method_aware,mlp_scm,ok,0.1,6,1,0,False,0.6681657433509827,1.0,-0.027985318032528465,0.9999601877564471,0.9999591968564479,0.006052064444077132,0.008923255338393077,0.0423625111579895,0.9999974924849616,0.9999941997174735,0.0015179263364188955,0.002239426307784264,0.010539352893829346
68,method_aware,mlp_scm,ok,0.1,7,1,0,False,0.6597151160240173,1.0,-0.027440629091406966,0.9995314258105641,0.9994159819576567,0.025083500462642405,0.03061287850882272,0.09474837779998779,0.9999704703962512,0.9999538212574207,0.006298994715962181,0.007684998880434341,0.023840829730033875
68,method_aware,mlp_scm,ok,0.1,8,1,0,False,0.676529049873352,1.0,-0.02841956371252892,0.9996925742581987,0.9996790510335455,0.0199852465505046,0.02479619901064361,0.08370059728622437,0.9999806054187147,0.9999669640941277,0.005019405833309065,0.006228094691670575,0.021020665764808655
68,method_aware,mlp_scm,ok,0.1,9,1,0,False,0.6653333902359009,1.0,-0.027337589288619818,0.9997928877546539,0.999755136435162,0.017498572260819856,0.02035250595540413,0.06036078929901123,0.9999869676580312,0.9999766424075529,0.004382060672355692,0.005105358424224,0.015220105648040771
68,method_aware,mlp_scm,ok,0.2,0,1,0,False,0.6760165095329285,1.0,-0.028369843370163603,0.9989990156312817,0.9990847511801729,0.033602059604845635,0.04474336449297849,0.183097243309021,0.999936851062236,0.9999120793398182,0.008439797588522424,0.011238233090625644,0.04598790407180786
68,method_aware,mlp_scm,ok,0.2,1,1,0,False,0.6855936646461487,1.0,-0.02741772235721501,0.9981232488376833,0.9979493263178598,0.05196170456065374,0.06126583375994926,0.12791186571121216,0.9998816551088009,0.9998555405550389,0.013053792998107383,0.015384726126128453,0.032445669174194336
68,method_aware,mlp_scm,ok,0.2,2,1,0,False,0.6636103391647339,1.0,-0.028139832917387735,0.9997633741958002,0.9997305830233888,0.017485344760871158,0.02175434672196602,0.07563263177871704,0.9999850741339311,0.9999748542665045,0.004389745966591363,0.005463673982273253,0.01898796856403351
68,method_aware,mlp_scm,ok,0.2,3,1,0,False,0.6387842893600464,1.0,-0.027612068481298904,0.9940067489287346,0.9931847797904297,0.09353208263280521,0.10948288712139838,0.24561858177185059,0.9996219910737784,0.9995517242150058,0.02348717516997567,0.027495779722234725,0.06196320056915283
68,method_aware,mlp_scm,ok,0.2,4,1,0,False,0.6738856434822083,1.0,-0.026474117169472358,0.9984652934841022,0.9984216414240754,0.041710949338835235,0.05540228279412798,0.2607285976409912,0.999903330035265,0.9998727290608683,0.010491036482335403,0.013904673249661988,0.06577622890472412
68,method_aware,mlp_scm,ok,0.2,5,1,0,False,0.6451709866523743,1.0,-0.028363076084299846,0.9954152615577875,0.9949487138795506,0.08218608544210326,0.09575738647866308,0.19849669933319092,0.999710763910747,0.999652675953079,0.020642888998054332,0.024051449049151526,0.049849748611450195
68,method_aware,mlp_scm,ok,0.2,6,1,0,False,0.6663495302200317,1.0,-0.0288853025202755,0.9997107550592678,0.9996339339997137,0.020359147867090144,0.02405181648390339,0.052510976791381836,0.9999817589021304,0.9999699927580287,0.005115817343607887,0.006040049447585414,0.013174712657928467
68,method_aware,mlp_scm,ok,0.2,7,1,0,False,0.6566080451011658,0.9999999403953552,-0.028251346570129475,0.9976069488284574,0.9976033433767254,0.055106874868670275,0.06918166053392558,0.24819457530975342,0.9998490346548613,0.9998030586152635,0.013841005780232507,0.017376152862544562,0.0623340904712677
68,method_aware,mlp_scm,ok,0.2,8,1,0,False,0.6515248417854309,1.0,-0.028810440223195545,0.9971747322546808,0.9967989704777913,0.06313757883947346,0.07517004337692494,0.17659306526184082,0.9998217500917433,0.9997685363171446,0.015862083219872147,0.018881203009571135,0.04443931579589844
68,method_aware,mlp_scm,ok,0.2,9,1,0,False,0.6741623878479004,1.0,-0.02797528031526389,0.998308486992284,0.9984518833595595,0.04500693985880844,0.05816378521377695,0.21978849172592163,0.999893302233055,0.9998520201523495,0.011305345336126038,0.014608064465336485,0.05521324276924133
68,method_aware,mlp_scm,ok,0.3,0,1,0,False,0.6603356003761292,1.0,-0.027862805782918245,0.9907748373040441,0.9913872062978327,0.1011277568712785,0.1358319735967188,0.5693777352571487,0.9994180931430997,0.9992864646663326,0.025400288454818565,0.03411471497065186,0.14297562837600708
68,method_aware,mlp_scm,ok,0.3,1,1,0,False,0.6643453240394592,1.0,-0.028713302564698628,0.9993528720111807,0.999274618231886,0.02767547819576066,0.035975769744472585,0.1566864252090454,0.9999591753606226,0.9999375016762077,0.006953312266148259,0.009035999055976233,0.03942131996154785
68,method_aware,mlp_scm,ok,0.3,2,1,0,False,0.6944549679756165,1.0,-0.0283949079869142,0.9968366500644937,0.9964825700951291,0.0651028635423927,0.07954055491184636,0.27251625061035156,0.9998004331067415,0.9997641525769462,0.016351749553450645,0.01997833357658768,0.06844031810760498
68,method_aware,mlp_scm,ok,0.3,3,1,0,False,0.6983190774917603,1.0,-0.028145293530860566,0.9965544739152618,0.9962398187719047,0.07243440438352877,0.08301236000577707,0.16125965118408203,0.9997826457662279,0.9997365956476645,0.018194530714168877,0.020849663684368316,0.04042458534240723
68,method_aware,mlp_scm,ok,0.3,4,1,0,False,0.6650939583778381,1.0,-0.028672464313904616,0.9879901802867983,0.9886734340354766,0.1198422973805009,0.15498270875340947,0.6051030158996582,0.9992422855765863,0.9990776544953864,0.030101557958914782,0.03892851058368616,0.15200838446617126
68,method_aware,mlp_scm,ok,0.3,5,1,0,False,0.6622348427772522,0.9999999403953552,-0.027681577081437078,0.9965367869363787,0.9967191299799727,0.05937503295231039,0.08322515414386007,0.36797580122947693,0.9997815668982893,0.9997093376725555,0.014910402439227255,0.020901344511988017,0.09238454699516296
68,method_aware,mlp_scm,ok,0.3,6,1,0,False,0.6809967756271362,1.0,-0.027920871819042046,0.9987894139729508,0.9986619787568842,0.038863466784050615,0.04920540618092968,0.2020658254623413,0.9999236417458762,0.9999021886846433,0.009763393537923548,0.012357852178461352,0.05082005262374878
68,method_aware,mlp_scm,ok,0.3,7,1,0,False,0.6781810522079468,1.0,-0.030628305552009297,0.9957524607854888,0.9955702270045059,0.07771051559950592,0.09216874881494547,0.2508702278137207,0.9997320443441201,0.9996647906086832,0.019514832988079434,0.023149758416364807,0.06307772174477577
68,method_aware,mlp_scm,ok,0.3,8,1,0,False,0.6730706095695496,0.9999999403953552,-0.02793376501118274,0.9970495385892654,0.9973588374400973,0.05903085108354844,0.07681746489877674,0.29272764921188354,0.9998138896539438,0.9997496714290822,0.014827323284123395,0.019293021844012225,0.07353253662586212
68,method_aware,mlp_scm,ok,0.3,9,1,0,False,0.6604393124580383,1.0,-0.02473368203427509,0.9949235970061419,0.9945478908876331,0.08516603526584277,0.1007611310140042,0.3053783178329468,0.9996804211015832,0.999601188666762,0.021356609361419032,0.025281570814309328,0.0766836404800415
69,method_aware,mlp_scm,ok,0.0,0,0,0,False,0.6698071956634521,0.9999999403953552,-0.021723804437501017,1.0,1.0,0.0,0.0,0.0,1.0,1.0,0.0,0.0,0.0
69,method_aware,mlp_scm,ok,0.1,0,1,0,False,0.6801859736442566,0.9999999403953552,-0.022478790667408724,0.9994727996450876,0.999430242382519,0.026959444207022898,0.03247153700538598,0.08513593673706055,0.9999668592011687,0.9999448358486517,0.006760860967119697,0.008141350807468988,0.02109074592590332
69,method_aware,mlp_scm,ok,0.1,1,1,0,False,0.6563677787780762,1.0,-0.021432748238119494,0.9991141868326019,0.9989531887025248,0.035520348059662865,0.04209069269907227,0.11723339557647705,0.9999443043386635,0.9999153985766396,0.008905641051114799,0.01055420866080204,0.029537320137023926
69,method_aware,mlp_scm,ok,0.1,2,1,0,False,0.6761656403541565,1.0,-0.021650204092478448,0.9993810423810187,0.9993392148272656,0.029234453659341852,0.03518402029702714,0.09941160678863525,0.9999610792538464,0.9999418407123953,0.007331691942738416,0.008822782337464637,0.024913787841796875
69,method_aware,mlp_scm,ok,0.1,3,1,0,False,0.6683898568153381,1.0,-0.022228254582904405,0.9996081996081541,0.999564241202346,0.022971851499619333,0.027992871273133154,0.08015072345733643,0.9999753671395248,0.9999586827658964,0.005763986031752211,0.00701895425418362,0.020001888275146484
69,method_aware,mlp_scm,ok,0.1,4,1,0,False,0.6713606715202332,1.0,-0.02111801919142706,0.9998910405415952,0.9998938514770043,0.010951174472040748,0.014762077259328394,0.06515276432037354,0.9999931603046475,0.9999858848615978,0.0027451620197780358,0.0036985659606729063,0.01625293493270874
69,method_aware,mlp_scm,ok,0.1,5,1,0,False,0.6790403127670288,1.0,-0.022152829756069428,0.9995361799491078,0.999499655782848,0.02540625557313092,0.03045718485116559,0.08124622702598572,0.9999708362748636,0.999952938362778,0.006367819516299278,0.007637240930815131,0.0203766031190753
69,method_aware,mlp_scm,ok,0.1,6,1,0,False,0.6771680116653442,1.0,-0.022327076935328833,0.9994484152531753,0.9993692220692367,0.02940244439758999,0.03321399673819215,0.06486392021179199,0.9999653206966788,0.9999455622809527,0.007364597943933404,0.008328181390831664,0.016378581523895264
69,method_aware,mlp_scm,ok,0.1,7,1,0,False,0.6858421564102173,1.0,-0.022767019153259054,0.9987048439020066,0.9986637557220515,0.04203547028816956,0.050895110213074836,0.13032174110412598,0.9999185690349114,0.9998826755954509,0.01053595997177581,0.012761736785212875,0.032690358348190784
69,method_aware,mlp_scm,ok,0.1,8,1,0,False,0.6579481959342957,1.0,-0.021039450011793682,0.9993336710867999,0.9992030143587725,0.030894847531897085,0.03650558628711568,0.08819746971130371,0.9999581205179118,0.9999328664795077,0.00774195523626986,0.009151992124177217,0.02211548062041402
69,method_aware,mlp_scm,ok,0.1,9,1,0,False,0.6720705032348633,1.0,-0.021332901730569075,0.9995795319310751,0.999536782061369,0.023796657322378678,0.02899889984062708,0.08165264129638672,0.999973566984686,0.9999573975395178,0.0059706086638584566,0.007270902930070521,0.02039659023284912
69,method_aware,mlp_scm,ok,0.2,0,1,0,False,0.6755743026733398,0.9999999403953552,-0.02206425022792256,0.999861825727599,0.999829981313926,0.01451511132216865,0.01662373487569235,0.03772842884063721,0.9999913139796922,0.999983325584722,0.0036367657982623314,0.004167977861699006,0.009462920017540455
69,method_aware,mlp_scm,ok,0.2,1,1,0,False,0.6520126461982727,1.0,-0.022838227196512538,0.9984304227365349,0.9984612487483012,0.04679626381206958,0.056028159600255714,0.21005022525787354,0.9999013112218949,0.9998688957334954,0.011734631919352978,0.01404911197612193,0.05251592397689819
69,method_aware,mlp_scm,ok,0.2,2,1,0,False,0.6807064414024353,1.0,-0.02329778036229965,0.9989554585767721,0.9989569885022529,0.036927683400762135,0.04570648658042558,0.16160905361175537,0.9999343652453943,0.9999047144338744,0.009249077000731631,0.011457290438830769,0.03999447822570801
69,method_aware,mlp_scm,ok,0.2,3,1,0,False,0.6826902627944946,1.0,-0.022982081627179206,0.9990295445546702,0.9989676391173736,0.03756878586949597,0.04405577078467489,0.11770224571228027,0.9999390037762824,0.9999096318217581,0.009405251902876444,0.011045019112786823,0.029087305068969727
69,method_aware,mlp_scm,ok,0.2,4,1,0,False,0.691742479801178,1.0,-0.02328794073336921,0.9978470750163275,0.9977775865460267,0.05459644932119545,0.06561897791794202,0.17802202701568604,0.9998646398871058,0.9998187719047278,0.013690427039392716,0.016453577562306174,0.04411506652832031
69,method_aware,mlp_scm,ok,0.2,5,1,0,False,0.6903259754180908,1.0,-0.022650097625890125,0.9984406375607008,0.998264452650025,0.04969532196656701,0.055845546171063624,0.12003767490386963,0.9999019467513087,0.9998672640547887,0.012454007750534402,0.01400380291000531,0.0301112188026309
69,method_aware,mlp_scm,ok,0.2,6,1,0,False,0.6736986637115479,1.0,-0.019594389977701097,0.9986795797863367,0.9990596277984407,0.034895733060068324,0.05138910935217424,0.2487318515777588,0.999917146777831,0.9998759253629925,0.008760920398970029,0.012872701473687896,0.06205034255981445
69,method_aware,mlp_scm,ok,0.2,7,1,0,False,0.6912029385566711,1.0,-0.021172241298778146,0.9985251443475849,0.9984487429368427,0.04835354011453319,0.05431124541388296,0.14563453197479248,0.9999072788878921,0.9998680351906156,0.012125315137950565,0.013617716846076917,0.036246538162231445
69,method_aware,mlp_scm,ok,0.2,8,1,0,False,0.6697487831115723,1.0,-0.02097761352555018,0.9998159865869319,0.9998067019526501,0.015234645369901045,0.01918402543584498,0.07114267349243164,0.9999884474659978,0.999976664759316,0.0038193466977318735,0.004806772985851319,0.017577767372131348
69,method_aware,mlp_scm,ok,0.2,9,1,0,False,0.6847978234291077,1.0,-0.02079583521580282,0.9989498685581989,0.9990367731206637,0.03472773332708812,0.04582862679032018,0.1972891092300415,0.9999340056804872,0.9999066702131463,0.008710063150942915,0.011488630511438851,0.04931926727294922
69,method_aware,mlp_scm,ok,0.3,0,1,0,False,0.6579532027244568,1.0,-0.022646264637640166,0.9989586239334467,0.9990094369143838,0.033606951878653035,0.04563718087275651,0.20417672395706177,0.9999345262836123,0.9999096653494026,0.008431063194393573,0.011443226382265475,0.051069796085357666
69,method_aware,mlp_scm,ok,0.3,1,1,0,False,0.6441461443901062,1.0,-0.01847479773875968,0.9940639163055407,0.9936792231421214,0.0899116548348502,0.10895947734686585,0.318698525428772,0.999627333927217,0.999483037246978,0.022535204682981202,0.02730077177782579,0.07872819900512695
69,method_aware,mlp_scm,ok,0.3,2,1,0,False,0.6622481346130371,1.0,-0.0236449464219231,0.9959274582104186,0.9963122943637792,0.06367573589419351,0.09025011790280173,0.402238130569458,0.999743898215852,0.9996853654066231,0.015983736442251484,0.02263191443284366,0.10061860084533691
69,method_aware,mlp_scm,ok,0.3,3,1,0,False,0.6813249588012695,1.0,-0.022120660946989487,0.9987311830490193,0.9987140583649237,0.04165961428789444,0.050374934649446076,0.130010724067688,0.9999202105719949,0.9998878612044917,0.010442772542432976,0.012632452187222231,0.03260593954473734
69,method_aware,mlp_scm,ok,0.3,4,1,0,False,0.6762102842330933,1.0,-0.021057856336974667,0.9973610385921889,0.9974560787854944,0.05742985439479753,0.07264931579179011,0.24242138862609863,0.9998340956406541,0.9997859595164865,0.014404405530939357,0.018215617249785255,0.060719966888427734
69,method_aware,mlp_scm,ok,0.3,5,1,0,False,0.64132159948349,1.0,-0.019045516573435582,0.9917795774818318,0.991388323885988,0.10538504715079622,0.1282218594640122,0.3383851423859596,0.9994836302932617,0.9993024014734282,0.026409058323451973,0.032136263226593645,0.08480457495898008
69,method_aware,mlp_scm,ok,0.3,6,1,0,False,0.679940402507782,1.0,-0.018547246289448177,0.9964997277988389,0.9970205882089979,0.06658067753460273,0.08366925687646007,0.2981637716293335,0.9997803648175071,0.9996946749159571,0.016690145745506868,0.020958777542543116,0.07360923290252686
69,method_aware,mlp_scm,ok,0.3,7,1,0,False,0.6700916290283203,1.0,-0.02031122322713702,0.9968615346528487,0.9968064918460767,0.06471872452499383,0.07922708600537258,0.1949063539505005,0.9998027728479345,0.9997361933159288,0.016227437565135006,0.019860873630946876,0.048580288887023926
69,method_aware,mlp_scm,ok,0.3,8,1,0,False,0.6951436996459961,1.0,-0.024246265558730593,0.9965140352902768,0.9964527416672626,0.06950902105717205,0.08349808322942211,0.26305508613586426,0.9997808484878549,0.9997055602245903,0.017410382996217777,0.020935687691822722,0.06512868404388428
69,method_aware,mlp_scm,ok,0.3,9,1,0,False,0.6524688005447388,1.0,-0.021873967844781392,0.9945040408846753,0.9943568056648308,0.08661051215648286,0.10484235023779512,0.31300079822540283,0.9996543882831813,0.9995526182855303,0.021721022970723425,0.026291128123986533,0.07846254110336304
70,method_aware,mlp_scm,ok,0.0,0,0,0,False,0.6948387622833252,1.0,-0.028884154731448737,1.0,1.0,0.0,0.0,0.0,1.0,1.0,0.0,0.0,0.0
70,method_aware,mlp_scm,ok,0.1,0,1,0,False,0.6862478852272034,1.0,-0.025054109190546896,0.9996789691934556,0.9996272508225448,0.020520255198157145,0.025338934671075175,0.0684935450553894,0.9999802002844677,0.9999476968743295,0.005074495047693972,0.006292807843398388,0.019701480865478516
70,method_aware,mlp_scm,ok,0.1,1,1,0,False,0.7052968740463257,1.0,-0.03829999464312976,0.9991876930389758,0.9990750505149846,0.03342411149589708,0.040306500492049466,0.12453526258468628,0.9999512949482307,0.9998950361204492,0.008036816093522248,0.009869655736521928,0.030820101499557495
70,method_aware,mlp_scm,ok,0.1,2,1,0,False,0.6859322190284729,1.0,-0.02330425621129119,0.9994700698474825,0.9993628182891067,0.026307805947332952,0.03255549540416499,0.0962473452091217,0.9999675371091007,0.9999200700951288,0.006505888325477827,0.008057653430526161,0.025418758392333984
70,method_aware,mlp_scm,ok,0.1,3,1,0,False,0.6912180185317993,1.0,-0.030426779663550195,0.9996155506392029,0.9995754729633073,0.023313556229759058,0.027729023305563514,0.06948018074035645,0.9999758023516894,0.9999246605882667,0.00586915028753765,0.006956672742479247,0.017410822212696075
70,method_aware,mlp_scm,ok,0.1,4,1,0,False,0.7101604342460632,1.0,-0.039368027410340754,0.9988469155250629,0.9986915948430011,0.03878386311573223,0.04802258729048527,0.1562160849571228,0.999930364355373,0.9998570269472855,0.009422587917811143,0.011801325741996787,0.040167808532714844
70,method_aware,mlp_scm,ok,0.1,5,1,0,False,0.6908822059631348,1.0,-0.025593986737176295,0.9998970371439848,0.999869555110507,0.011638162725425616,0.014350111899155991,0.04690784215927124,0.9999938322594327,0.9999816156748443,0.0028018433719125824,0.0035121903716946166,0.011800289154052734
70,method_aware,mlp_scm,ok,0.1,6,1,0,False,0.7016547322273254,1.0,-0.034538874653391075,0.9996689566199233,0.999622813997568,0.022348404661379107,0.025731046076584798,0.07015103101730347,0.9999800433072714,0.9999468475073312,0.00541006954142631,0.006317704107354846,0.017093181610107422
70,method_aware,mlp_scm,ok,0.1,7,1,0,False,0.6982280015945435,1.0,-0.03481866738643124,0.9995480268932629,0.9994943248873469,0.025002583656650756,0.03006569783513447,0.07338911294937134,0.9999724974225035,0.9999278038051641,0.0061430879424051454,0.007416545986297701,0.020847558975219727
70,method_aware,mlp_scm,ok,0.1,8,1,0,False,0.6848690509796143,1.0,-0.024426351820928238,0.9994299370991858,0.9993334480723839,0.02770676444247755,0.03376574956413683,0.08682629466056824,0.999964661480542,0.9999073966454473,0.0068897492699306895,0.008406963548560794,0.024580955505371094
70,method_aware,mlp_scm,ok,0.1,9,1,0,False,0.7006426453590393,1.0,-0.03298442388003759,0.999763630884891,0.999753482404692,0.018687780887994165,0.02174254457244776,0.07285046577453613,0.9999855748588891,0.9999538436091838,0.004542415722482929,0.005371245786367161,0.019335150718688965
70,method_aware,mlp_scm,ok,0.2,0,1,0,False,0.6857977509498596,1.0,-0.01245499080229483,0.9970074661335182,0.9967124803304483,0.0657926754723448,0.07736321817901327,0.1931219846010208,0.999819952015697,0.999604820828267,0.015959188966121474,0.01897619435103736,0.05763411521911621
70,method_aware,mlp_scm,ok,0.2,1,1,0,False,0.6881292462348938,1.0,-0.017510703140907705,0.9986008266025699,0.9984500169873398,0.044350865574479315,0.05289940318805021,0.13760751485824585,0.999915812848957,0.9998131504363064,0.010796509126066667,0.012975912312501704,0.0377802848815918
70,method_aware,mlp_scm,ok,0.2,2,1,0,False,0.6893840432167053,1.0,-0.022615986564451473,0.9996352557968012,0.9995793398183248,0.022434592346606053,0.027009042880487753,0.07623499631881714,0.9999781941094339,0.9999502449753235,0.005407603454727905,0.006603921525190579,0.01926898956298828
70,method_aware,mlp_scm,ok,0.2,3,1,0,False,0.6890377402305603,1.0,-0.02297353920927702,0.9995095546094264,0.9994952189578713,0.02757987990441535,0.031319175540439885,0.08475327491760254,0.9999701413513646,0.9999205841856804,0.0067370354506266494,0.007727696784065685,0.02285587787628174
70,method_aware,mlp_scm,ok,0.2,4,1,0,False,0.6861171722412109,0.9999999403953552,-0.018902904704166005,0.9984838404050849,0.9983031547278449,0.044186286869539515,0.055066498269144906,0.17362165451049805,0.9999075336071703,0.9997812991738787,0.010880607228159533,0.013598999079449314,0.046688079833984375
70,method_aware,mlp_scm,ok,0.2,5,1,0,False,0.6998268961906433,1.0,-0.0313040752669498,0.9998888396611771,0.9998583345254273,0.012200386636727956,0.014910421955887859,0.04274207353591919,0.9999931572022301,0.9999786652421141,0.003023069807909451,0.003699404662343317,0.011831283569335938
70,method_aware,mlp_scm,ok,0.2,6,1,0,False,0.7117217779159546,0.9999999403953552,-0.040266133528994316,0.9984753235573991,0.9982659725699163,0.044629350439159055,0.055220945379733745,0.1750960350036621,0.9999074279744148,0.9998073389778984,0.010916687205622111,0.01360676451131418,0.04485607147216797
70,method_aware,mlp_scm,ok,0.2,7,1,0,False,0.6996384263038635,1.0,-0.03432110645463081,0.9997049275066924,0.9996411424433159,0.02032297988370857,0.02429289946597691,0.0691826343536377,0.9999822445546319,0.9999555423431801,0.00493769827886581,0.0059591014247005,0.01709306240081787
70,method_aware,mlp_scm,ok,0.2,8,1,0,False,0.7132601737976074,0.9999999403953552,-0.035266680278598125,0.9986802921577215,0.9985518404441742,0.04166036859312072,0.05137524468251224,0.1249004602432251,0.9999178180106707,0.9997973589156711,0.010380881875676096,0.012820451211355069,0.0368351936340332
70,method_aware,mlp_scm,ok,0.2,9,1,0,False,0.6917948722839355,0.9999999403953552,-0.019697024821231653,0.9977330021158525,0.9978338682855303,0.051349961034247826,0.06733495077497471,0.28572165966033936,0.9998597875852707,0.9996535923753667,0.012777303601865242,0.016745889475717278,0.07465636730194092
70,method_aware,mlp_scm,ok,0.3,0,1,0,False,0.6760136485099792,1.0,0.0033674130041883303,0.9891260090629993,0.9875309907195479,0.12230134330553,0.1474719668992226,0.43062011897563934,0.9993499017212848,0.9987492512159358,0.029583771818920468,0.03605823841221993,0.10552047193050385
70,method_aware,mlp_scm,ok,0.3,1,1,0,False,0.6837620139122009,1.0,-0.024302918073619523,0.9991150872978994,0.9989751269580144,0.03455134906305801,0.0420692923030021,0.09823217988014221,0.9999448501925533,0.9998515284135613,0.008624641457402049,0.010502362239756275,0.027981281280517578
70,method_aware,mlp_scm,ok,0.3,2,1,0,False,0.7190680503845215,1.0,-0.030682768841344375,0.9960956050662724,0.9957370605643373,0.07274297620489989,0.08836735610129341,0.2026994228363037,0.9997536090320764,0.9993338280523567,0.018269621744536835,0.022198691809046888,0.05132943391799927
70,method_aware,mlp_scm,ok,0.3,3,1,0,False,0.7116231918334961,1.0,-0.042143220707176236,0.9978620920263381,0.9978828186467349,0.057551542374248754,0.06538972244126641,0.15946930646896362,0.9998699608098829,0.9997002628567341,0.014033675898417641,0.016126945496761445,0.043418288230895996
70,method_aware,mlp_scm,ok,0.3,4,1,0,False,0.6959081292152405,1.0,-0.038358696464340765,0.9980896595915411,0.9981227759995707,0.05182778420378753,0.06181165510642891,0.1840021014213562,0.9998818769926389,0.9996954795794291,0.012812144693214123,0.015370296501726567,0.04822742938995361
70,method_aware,mlp_scm,ok,0.3,5,1,0,False,0.7039937973022461,0.9999999403953552,-0.0329969836800643,0.9978316100963098,0.9982306903118516,0.04872820116991505,0.06585423135189829,0.3177751302719116,0.99986353834785,0.9996257756061797,0.012207596666655718,0.01652039010803266,0.08102166652679443
70,method_aware,mlp_scm,ok,0.3,6,1,0,False,0.700966477394104,1.0,-0.037619677657158505,0.9991211867802533,0.9990552356769902,0.035661470285212715,0.04192405566001496,0.10365009307861328,0.9999467247292515,0.999872404960303,0.008724869930517798,0.0103223322386023,0.030821561813354492
70,method_aware,mlp_scm,ok,0.3,7,1,0,False,0.7228533625602722,1.0,-0.04593053792762147,0.9968792676196041,0.9965939601065731,0.06382551512053425,0.07900294096284727,0.25706249475479126,0.9998110373324745,0.9996341016379371,0.01557567890330347,0.019440301819314224,0.06731081008911133
70,method_aware,mlp_scm,ok,0.3,8,1,0,False,0.728863000869751,1.0,-0.05325705464523438,0.993756015092879,0.9935228949109505,0.09167334938551619,0.11174958575168518,0.3506757616996765,0.9996216518426112,0.9992377825262856,0.022268616229666804,0.02750811301806127,0.08765172958374023
70,method_aware,mlp_scm,ok,0.3,9,1,0,False,0.717527449131012,1.0,-0.030022934683942813,0.9971016143490324,0.9979120771046419,0.05330748414616693,0.07613653099613889,0.38359928131103516,0.9998170907011829,0.9994922797010228,0.013381627425644638,0.019126384559922143,0.096160888671875
71,method_aware,mlp_scm,ok,0.0,0,0,0,False,0.6802119016647339,1.0,0.45865934019516463,1.0,1.0,0.0,0.0,0.0,1.0,1.0,0.0,0.0,0.0
71,method_aware,mlp_scm,ok,0.1,0,1,0,False,0.6753188371658325,1.0,0.45965553401216475,0.9997800011591995,0.9997933691259566,0.01490203008484059,0.020976121688844027,0.10341638326644897,0.9999888157812815,0.9999689198733995,0.003380478368057993,0.004729528187367872,0.022754907608032227
71,method_aware,mlp_scm,ok,0.1,1,1,0,False,0.6879633069038391,1.0,0.45454721352555,0.9997489866353341,0.9997105334918817,0.01933793018167762,0.022405952962698764,0.07253861427307129,0.9999875351551167,0.9999652653601315,0.004293017189922921,0.004992963903129714,0.017153680324554443
71,method_aware,mlp_scm,ok,0.1,2,1,0,False,0.6791655421257019,1.0,0.4568813548151285,0.9998054575195467,0.9998017845647664,0.015433729734599666,0.019725236514941624,0.07140445709228516,0.9999901491807838,0.9999732002360345,0.0034638312675951966,0.004438652658894123,0.015084028244018555
71,method_aware,mlp_scm,ok,0.1,3,1,0,False,0.6754315495491028,1.0,0.4524685794727176,0.9996726957708505,0.9996177289714612,0.021727352316815995,0.025585316186505967,0.06831634044647217,0.9999840591916209,0.9999568806548754,0.0048558565257508235,0.005646380710887299,0.014858841896057129
71,method_aware,mlp_scm,ok,0.1,4,1,0,False,0.674424946308136,1.0,0.4550316890945512,0.9993299670324612,0.9992666721801016,0.03127484791491497,0.03660690988632325,0.10876929759979248,0.9999661044772252,0.999921824708533,0.0069440741968946895,0.00823353177379589,0.02668285369873047
71,method_aware,mlp_scm,ok,0.1,5,1,0,False,0.6913755536079407,1.0,0.4649426586728292,0.9993186861293658,0.9992670298083114,0.029462766797792028,0.03691378705022549,0.10978269577026367,0.9999661097009374,0.9999198801051425,0.006567490552185973,0.008232897308305839,0.024098992347717285
71,method_aware,mlp_scm,ok,0.1,6,1,0,False,0.6788802742958069,1.0,0.4598655940388986,0.999545800621256,0.9995156708211143,0.025591386904125102,0.030139653136928426,0.07278752326965332,0.9999768989152988,0.9999445927730729,0.005754616202239049,0.006797217729304927,0.016739606857299805
71,method_aware,mlp_scm,ok,0.1,7,1,0,False,0.6968439817428589,1.0,0.4620697768178356,0.9991134979504468,0.9990178635290751,0.03352772939851434,0.04210705388168132,0.15064358711242676,0.9999551027843907,0.9999029151169443,0.007578468941574101,0.00947599212843029,0.03333932161331177
71,method_aware,mlp_scm,ok,0.1,8,1,0,False,0.6811067461967468,1.0,0.46338480256469755,0.9996106434772761,0.9995619613225091,0.024542076132547663,0.027905429884921354,0.057743072509765625,0.9999806220688449,0.9999509490558613,0.005389756356180442,0.00622542055287911,0.014223337173461914
71,method_aware,mlp_scm,ok,0.1,9,1,0,False,0.6807463765144348,1.0,0.46138102665977254,0.9998784997991623,0.9998802504291536,0.011449186982758874,0.015588470063388274,0.06848549842834473,0.9999939592765306,0.9999797604785063,0.002523547043892904,0.0034758375706733747,0.014465421438217163
71,method_aware,mlp_scm,ok,0.2,0,1,0,False,0.6939941644668579,1.0,0.4548759188592988,0.9982470675073588,0.9985824847113941,0.04293751914863719,0.05921034331356133,0.2834070920944214,0.9999109263149648,0.9998009575495312,0.00974200439563333,0.013347185687130357,0.061801910400390625
71,method_aware,mlp_scm,ok,0.2,1,1,0,False,0.6849775314331055,1.0,0.46470401506813086,0.9982765322668002,0.9984098285172734,0.04507807812795761,0.0587106073610483,0.22454673051834106,0.9999130311743993,0.9998237004684929,0.010066114923688474,0.013188542179992645,0.047100067138671875
71,method_aware,mlp_scm,ok,0.2,2,1,0,False,0.6885482668876648,1.0,0.45782849014250787,0.9985283244185282,0.9986529933481152,0.0427892745634324,0.054252658382603756,0.21845299005508423,0.9999250401830547,0.9998345298977183,0.009678147499663226,0.012244167147165325,0.04882621765136719
71,method_aware,mlp_scm,ok,0.2,3,1,0,False,0.6753237843513489,1.0,0.44559816498923677,0.9988102828443538,0.9987281176239182,0.04129067334804404,0.04877944479584066,0.15290367603302002,0.9999425962401023,0.9998714550103712,0.00912150537214984,0.010714827048691668,0.03185495734214783
71,method_aware,mlp_scm,ok,0.2,4,1,0,False,0.6808358430862427,1.0,0.4474657121250281,0.9954773224330192,0.996131043916744,0.07324121890792412,0.09510706867570433,0.3716389536857605,0.9997715825786934,0.9995594355732778,0.01639373273098954,0.0213736946214433,0.07784697413444519
71,method_aware,mlp_scm,ok,0.2,5,1,0,False,0.6903333067893982,1.0,0.45794708976266324,0.9990138287668016,0.999121475126958,0.03432987170208435,0.04441106237315647,0.19320601224899292,0.9999497713859447,0.9998773894034759,0.007767376241332613,0.010022835247393532,0.043195247650146484
71,method_aware,mlp_scm,ok,0.2,6,1,0,False,0.6717049479484558,1.0,0.44897637391534584,0.9991539581367457,0.9990661880409125,0.03488855622606479,0.04113494466664965,0.09945523738861084,0.9999586635319233,0.9999050161826765,0.007825703023513597,0.009092465663566047,0.023677945137023926
71,method_aware,mlp_scm,ok,0.2,7,1,0,False,0.6604534387588501,1.0,0.44830875483684984,0.9976456029249371,0.9975210665367285,0.05847239461013487,0.0686206533791076,0.15678024291992188,0.999881933807508,0.999769251573564,0.013129910742790685,0.015366599675207298,0.04362964630126953
71,method_aware,mlp_scm,ok,0.2,8,1,0,False,0.6863076090812683,1.0,0.44617213386049914,0.9989835039248879,0.9992061659573707,0.03182879199155764,0.04508871372278343,0.2247786521911621,0.9999511593079214,0.9998740478148916,0.006878243678855256,0.009883389102483008,0.046935081481933594
71,method_aware,mlp_scm,ok,0.2,9,1,0,False,0.6747753620147705,1.0,0.46774092476442913,0.997059266881685,0.9975413060582217,0.0526189849210823,0.07669071588762122,0.3796631991863251,0.9998520862921602,0.9996926409055145,0.011816722643857247,0.017199633843339984,0.08025288581848145
71,method_aware,mlp_scm,ok,0.3,0,1,0,False,0.6928911209106445,1.0,0.4520723197132676,0.9905670422535815,0.991675868142479,0.10894652133754334,0.13735324864171433,0.5046685338020325,0.9995197478241528,0.999141625241399,0.024687431365009616,0.030992004296746048,0.1101999282836914
71,method_aware,mlp_scm,ok,0.3,1,1,0,False,0.7140816450119019,1.0,0.4805295917899819,0.9920967051581921,0.9924839961376152,0.09851713107482851,0.12572425957322028,0.4653610587120056,0.9996084400358388,0.9992765069558686,0.021879373691092496,0.02798427948131978,0.09875190258026123
71,method_aware,mlp_scm,ok,0.3,2,1,0,False,0.6769697070121765,1.0,0.4489243648053109,0.9931209124531729,0.9937191433910306,0.09366700699129638,0.11729524592332763,0.3869779706001282,0.9996507914472689,0.9993759723016951,0.021091229909004028,0.026427581605528126,0.08181452751159668
71,method_aware,mlp_scm,ok,0.3,3,1,0,False,0.7071323990821838,1.0,0.47177923521515797,0.9956785827347093,0.9954535731528501,0.0814862862670509,0.09296684378727153,0.18326860666275024,0.999783801801441,0.9996056254917387,0.018162634010252532,0.0207941430384023,0.047594547271728516
71,method_aware,mlp_scm,ok,0.3,4,1,0,False,0.6740221977233887,1.0,0.4507670091964709,0.9883379326242685,0.9888388706101137,0.12485860810357963,0.1527224106563312,0.4173305630683899,0.9994062752702462,0.9989890632823117,0.02819315701913183,0.034459388507080815,0.08972311019897461
71,method_aware,mlp_scm,ok,0.3,5,1,0,False,0.6797631978988647,0.9999999403953552,0.465022551657303,0.994525595779301,0.9944013192010586,0.09038432854288203,0.10463655123226002,0.2582203149795532,0.9997222964836907,0.9995180177562406,0.02025987845331656,0.0235670745248394,0.059815168380737305
71,method_aware,mlp_scm,ok,0.3,6,1,0,False,0.6586406230926514,1.0,0.4397790727391431,0.99251636788678,0.9927993124597666,0.09966369203948489,0.12234076600495139,0.3608304262161255,0.9996244054426185,0.9993277707245548,0.022277938197703406,0.027407829034977543,0.08314454555511475
71,method_aware,mlp_scm,ok,0.3,7,1,0,False,0.6510165333747864,1.0,0.4607372464098157,0.9909843186424412,0.9908455895501035,0.11131307969731097,0.13428090989520858,0.4545276165008545,0.9995410516452613,0.9992551163185751,0.025097191214058512,0.030296809731906765,0.10292798280715942
71,method_aware,mlp_scm,ok,0.3,8,1,0,False,0.7233370542526245,1.0,0.4579940943457096,0.9965193304323188,0.9964298646377225,0.06673198482263842,0.0834346369792723,0.324812650680542,0.9998226945158141,0.9996805821293182,0.015050313547419591,0.018831116567036937,0.0734407901763916
71,method_aware,mlp_scm,ok,0.3,9,1,0,False,0.6774033904075623,1.0,0.4541966204677889,0.9947423285290474,0.9950030174880193,0.08315080438137556,0.10254434536045992,0.3098122477531433,0.9997323495041706,0.9995135474036192,0.018789528984541448,0.023136572412083733,0.06737828254699707
72,method_aware,tree_scm,ok,0.0,0,0,0,False,0.6765568256378174,1.0,-0.015588883168041159,1.0,1.0,0.0,0.0,0.0,1.0,1.0,0.0,0.0,0.0
72,method_aware,tree_scm,ok,0.1,0,1,0,False,0.675947904586792,1.0,-0.01567139781122041,0.9996742532069585,0.9996172372326729,0.019491403871342072,0.02552437245694351,0.06219005584716797,0.9999795771961311,0.9998698121557829,0.004880347522398409,0.00639105685740417,0.015564948320388794
72,method_aware,tree_scm,ok,0.1,1,1,0,False,0.6724975109100342,1.0,-0.014335290863274022,0.9997449108067006,0.9996925179708175,0.01855237611925986,0.02258712888051877,0.07326209545135498,0.9999840586415176,0.9998973942314568,0.004632177620539579,0.005646478375202473,0.018738150596618652
72,method_aware,tree_scm,ok,0.1,2,1,0,False,0.681401252746582,1.0,-0.01622282429790998,0.9997808510827246,0.9997171049102351,0.017897674538744468,0.020935564326994182,0.04463815689086914,0.9999862703104603,0.9999095871182319,0.004478047970533083,0.005240169743190531,0.011236101388931274
72,method_aware,tree_scm,ok,0.1,3,1,0,False,0.672219455242157,1.0,-0.014886624534653293,0.9998679203182266,0.9998377597274872,0.01330727413784416,0.01625298026547056,0.04655253887176514,0.9999917353293324,0.9999408013554107,0.003329118342893622,0.004065629310675366,0.011925458908081055
72,method_aware,tree_scm,ok,0.1,4,1,0,False,0.6637336015701294,1.0,-0.014239792270808925,0.9993716560601884,0.9992478408196837,0.02819052903339525,0.03544979374912988,0.1151198148727417,0.9999606729483741,0.999756511068593,0.007053791475062354,0.008868714961992477,0.029427409172058105
72,method_aware,tree_scm,ok,0.1,5,1,0,False,0.6763185858726501,1.0,-0.01630946259575425,0.9999129325909969,0.9999078772083541,0.009601804678197823,0.013196015340757566,0.05963170528411865,0.999994555763946,0.9999689757528073,0.002403644048978748,0.003299768542058069,0.015163779258728027
72,method_aware,tree_scm,ok,0.1,6,1,0,False,0.6782756447792053,1.0,-0.014975808278042912,0.9993083834440124,0.9992240585437377,0.02928027012410439,0.03719184159460445,0.09364783763885498,0.9999566569101709,0.9997395349045133,0.007330778406906546,0.009310541449231444,0.02364802360534668
72,method_aware,tree_scm,ok,0.1,7,1,0,False,0.665601909160614,1.0,-0.014169463730958157,0.9994623180049376,0.999324082683642,0.027642235635145784,0.032792742829890725,0.091391921043396,0.9999663614562475,0.9997802039374865,0.006902440133490728,0.008202261189195434,0.02351963520050049
72,method_aware,tree_scm,ok,0.1,8,1,0,False,0.667864203453064,1.0,-0.016370037057854187,0.9994090845375874,0.9994125062584936,0.026567363074903483,0.0343777674522086,0.16472727060317993,0.9999629637462102,0.99980224277591,0.0066548456142250245,0.008606538637245701,0.041512489318847656
72,method_aware,tree_scm,ok,0.1,9,1,0,False,0.6700716018676758,1.0,-0.014756398242828683,0.9997991745248067,0.9997526553894569,0.01617637022083329,0.020041231283460855,0.062296509742736816,0.9999874323704184,0.9999123028574493,0.00404983379863566,0.00501350770151939,0.01597297191619873
72,method_aware,tree_scm,ok,0.2,0,1,0,False,0.7147859930992126,0.9999999403953552,-0.02010345522064832,0.9952379508829535,0.9948785963986838,0.08023815170531634,0.09759148490941624,0.28377556800842285,0.9997017211539991,0.9984346166225592,0.020049929828143576,0.024424530385525185,0.07318532466888428
72,method_aware,tree_scm,ok,0.2,1,1,0,False,0.6806579828262329,0.9999999403953552,-0.017217947977788115,0.999615267781858,0.9996081512409698,0.021664939932975358,0.027739222360103358,0.10339796543121338,0.9999759484202595,0.9998793116551032,0.005407765076800075,0.006935644083435406,0.026420116424560547
72,method_aware,tree_scm,ok,0.2,2,1,0,False,0.6869331002235413,0.9999999403953552,-0.017161981853668597,0.998543891972547,0.9984736316250624,0.044531131341074115,0.05396495266951917,0.14823758602142334,0.9999087480852421,0.9994844901115799,0.011146828254101848,0.013509397750641515,0.037343740463256836
72,method_aware,tree_scm,ok,0.2,3,1,0,False,0.6734147667884827,1.0,-0.01497340268468281,0.9996818379465418,0.9996337663614906,0.020416116639665915,0.025225465222746275,0.07073032855987549,0.9999800671380562,0.9998703821257419,0.005108193704639774,0.006313931012066536,0.01776021718978882
72,method_aware,tree_scm,ok,0.2,4,1,0,False,0.6557691097259521,1.0,-0.012060505094130838,0.997427918919489,0.9970401460017165,0.05858524792699882,0.07172281624153962,0.2123044729232788,0.9998392505604878,0.9990601307131104,0.01463267533104684,0.01793039031693321,0.054712772369384766
72,method_aware,tree_scm,ok,0.2,5,1,0,False,0.6800840497016907,1.0,-0.011982025019342618,0.9971946201170805,0.9975838079357697,0.05677220054235477,0.07490500394200106,0.29044514894485474,0.9998246563925547,0.999209909877691,0.014202567892471762,0.018726644952353287,0.07385408878326416
72,method_aware,tree_scm,ok,0.2,6,1,0,False,0.6858859062194824,1.0,-0.016584628769343655,0.998356651496227,0.9982272481403333,0.045857487771058913,0.057329721858601274,0.15748989582061768,0.9998969751045308,0.9993902662542019,0.01147961119211871,0.014354434561358317,0.03952869772911072
72,method_aware,tree_scm,ok,0.2,7,1,0,False,0.6757301688194275,1.0,-0.017123945156125742,0.9996233478349471,0.9996772070130892,0.019038650061020235,0.027446389996750517,0.12694048881530762,0.9999764469214499,0.999900344664187,0.004767293812488305,0.006863392525001825,0.03215384483337402
72,method_aware,tree_scm,ok,0.2,8,1,0,False,0.6735415458679199,1.0,-0.014176071011617043,0.9987295626722899,0.9986193986481652,0.04074124999903006,0.050407088512893154,0.1369696855545044,0.9999204367730344,0.9995290595272154,0.010197121453526137,0.012614533507053924,0.034405022859573364
72,method_aware,tree_scm,ok,0.2,9,1,0,False,0.6757736206054688,1.0,-0.015406994735959962,0.9997743338910994,0.999715931442672,0.016667155432855907,0.021244581213709826,0.04521000385284424,0.9999858535335471,0.9998946561404762,0.0041731913071494375,0.005319110203088803,0.011303961277008057
72,method_aware,tree_scm,ok,0.3,0,1,0,False,0.6849383115768433,1.0,-0.017503852877190553,0.997465117992671,0.9973690102789304,0.05776698301229999,0.07120227647103344,0.18904078006744385,0.9998411108773184,0.9991171388849152,0.014459732364630717,0.017826335984464464,0.04752013087272644
72,method_aware,tree_scm,ok,0.3,1,1,0,False,0.6576070189476013,1.0,-0.014149018365047004,0.994491253103681,0.9935849210535727,0.08764663334272882,0.1049642478676786,0.2606961727142334,0.9996548130659462,0.9979455265181316,0.021941081763106496,0.02627496696235797,0.06540858745574951
72,method_aware,tree_scm,ok,0.3,2,1,0,False,0.6794441342353821,0.9999999403953552,-0.010527022632112552,0.9924619680260535,0.9928822263250123,0.09785691083720849,0.12278462318884059,0.3965643048286438,0.9995287434989529,0.9976837761962664,0.024476035913618688,0.030700374444850947,0.10084748268127441
72,method_aware,tree_scm,ok,0.3,3,1,0,False,0.6687372922897339,1.0,-0.011886351362293768,0.9933689441194942,0.9930256911165151,0.09386191966483892,0.11516124006495831,0.32088637351989746,0.9995850473690557,0.9977139957799871,0.023466419406570793,0.028808076226890005,0.08059123158454895
72,method_aware,tree_scm,ok,0.3,4,1,0,False,0.670978844165802,1.0,-0.013799570180525451,0.9991724147532122,0.9990052683105642,0.03387079518796554,0.04068378612930668,0.11346435546875,0.9999482321092783,0.9996745695050425,0.008470703690296233,0.010175253495631307,0.028968453407287598
72,method_aware,tree_scm,ok,0.3,5,1,0,False,0.700286865234375,1.0,-0.010796887299781748,0.9901253740286389,0.9914587095880123,0.10974215852607472,0.14053203004379355,0.5713252425193787,0.9993823125566783,0.9972308735963091,0.02747109168204176,0.03514790063617194,0.14447200298309326
72,method_aware,tree_scm,ok,0.3,6,1,0,False,0.6830402612686157,1.0,-0.01893099894429085,0.997883483986065,0.9980266298905658,0.05059168728178065,0.06506175616275342,0.21579968929290771,0.9998675289504663,0.9993716137078892,0.012648448757982322,0.016277042151837805,0.054163455963134766
72,method_aware,tree_scm,ok,0.3,7,1,0,False,0.6684433817863464,0.9999999403953552,-0.014429512237487462,0.9996274108331294,0.9995569433516914,0.022186101175975637,0.027297954373583733,0.082466721534729,0.999976687003757,0.9998493379407767,0.005549454938535092,0.006828322772756031,0.021169066429138184
72,method_aware,tree_scm,ok,0.3,8,1,0,False,0.6792954802513123,1.0,-0.014131479694853885,0.9936716328395404,0.9928537501788139,0.08788160672168033,0.11250215145259479,0.23958659172058105,0.9996034483117093,0.9976783111901866,0.022003261711081024,0.028162091130773313,0.06009790301322937
72,method_aware,tree_scm,ok,0.3,9,1,0,False,0.6725547313690186,1.0,-0.01693735445715887,0.9978326784470941,0.9977471434446747,0.05266248216776148,0.06583800737859741,0.21543961763381958,0.9998641296288896,0.999252590569344,0.013190236647137255,0.016484561014236884,0.05440843105316162
73,method_aware,tree_scm,ok,0.0,0,0,0,False,0.6648020148277283,1.0,-0.055276044204816056,1.0,1.0,0.0,0.0,0.0,1.0,1.0,0.0,0.0,0.0
73,method_aware,tree_scm,ok,0.1,0,1,0,False,0.6690535545349121,1.0,-0.0546501193860251,0.999650107066409,0.9996518489378442,0.0185006658346083,0.0264534659295441,0.13598543405532837,0.9999776469566548,0.9998778476146197,0.0046824572038985934,0.006686260877672073,0.03432953357696533
73,method_aware,tree_scm,ok,0.1,1,1,0,False,0.6643299460411072,1.0,-0.05506997937251537,0.9999516479766121,0.9999462328338459,0.006975980715424157,0.009833821865809386,0.055486440658569336,0.9999969103334058,0.9999812133431083,0.0017644669299929916,0.002485826395309845,0.014005988836288452
73,method_aware,tree_scm,ok,0.1,2,1,0,False,0.6634915471076965,1.0,-0.05481367148137777,0.9997504132017317,0.9997453016593948,0.01608550899356942,0.022342193495921273,0.12438857555389404,0.9999840523734292,0.9999116881839638,0.004067526355385098,0.005647588218588668,0.031396329402923584
73,method_aware,tree_scm,ok,0.1,3,1,0,False,0.6807149648666382,0.9999999403953552,-0.055677767848494875,0.998480411519556,0.9983258417673985,0.045108391363470446,0.055128731457502134,0.17023193836212158,0.9999028483724713,0.9994696150132322,0.011408450643614287,0.013939269829421412,0.042996764183044434
73,method_aware,tree_scm,ok,0.1,4,1,0,False,0.6715121865272522,0.9999999403953552,-0.055214382579834936,0.9996081959736556,0.9995564739646663,0.023732762091526638,0.0279929996929192,0.0633167028427124,0.9999749525531222,0.9998438841105787,0.00600065382690218,0.007077774430154112,0.01601657271385193
73,method_aware,tree_scm,ok,0.1,5,1,0,False,0.6605660915374756,1.0,-0.05560323413429849,0.9998302975804039,0.9998153632608539,0.014634960113539819,0.018422943336574297,0.08607625961303711,0.9999891533546139,0.9999411366318575,0.003703333954717891,0.004657605628879207,0.02172952890396118
73,method_aware,tree_scm,ok,0.1,6,1,0,False,0.6810862421989441,1.0,-0.05529639583493585,0.998916393121267,0.9987455967026678,0.03741244153241041,0.04655334274789026,0.12376070022583008,0.9999307249547753,0.9996129456941563,0.009459643512080618,0.01177073006221718,0.03129875659942627
73,method_aware,tree_scm,ok,0.1,7,1,0,False,0.6665226817131042,1.0,-0.054430886832787066,0.9990933332906082,0.9990395670910519,0.03234222384048735,0.04258325301381616,0.1726343035697937,0.9999420710487583,0.9997026321436234,0.008175773551641896,0.010763730865326252,0.04357531666755676
73,method_aware,tree_scm,ok,0.1,8,1,0,False,0.6707844734191895,1.0,-0.05522335397186661,0.9998616778013713,0.9998254439060154,0.013330493669855059,0.01663263091568448,0.04593253135681152,0.9999911573121133,0.9999439753057721,0.003370186458198532,0.004205398426574247,0.0115966796875
73,method_aware,tree_scm,ok,0.1,9,1,0,False,0.6704750657081604,1.0,-0.05489780305851227,0.9996841570344743,0.9996450651777411,0.020638147931094863,0.025133363094687146,0.08296239376068115,0.9999798145251835,0.9998756794935985,0.005219817833506113,0.006353813814614821,0.020945429801940918
73,method_aware,tree_scm,ok,0.2,0,1,0,False,0.6684277057647705,1.0,-0.0559756065523976,0.9985835423193691,0.9986608499928472,0.04011343555316671,0.05322513926638051,0.2749457359313965,0.999909445523382,0.999520912309563,0.010147363175065038,0.013457672343467505,0.06944400072097778
73,method_aware,tree_scm,ok,0.2,1,1,0,False,0.6943678855895996,1.0,-0.05488593825518485,0.997181604513953,0.996813543827337,0.06114580406290315,0.07507856538259272,0.18922209739685059,0.9998198427330908,0.9989049647736213,0.015460425477201056,0.01898195285088094,0.047713398933410645
73,method_aware,tree_scm,ok,0.2,2,1,0,False,0.6786142587661743,1.0,-0.05543652642461024,0.9989992435443517,0.9988584060510692,0.037453930026345006,0.044738271218526485,0.13690245151519775,0.9999360201307812,0.9996194500572203,0.009470159276276036,0.01131192901052664,0.03459644317626953
73,method_aware,tree_scm,ok,0.2,3,1,0,False,0.6751658320426941,1.0,-0.05529422937150699,0.9991349852471106,0.9990539504506114,0.03545397046468679,0.04159362449851728,0.11964106559753418,0.9999446995469754,0.9996631030505686,0.008964353592546104,0.010516696548123337,0.030248314142227173
73,method_aware,tree_scm,ok,0.2,4,1,0,False,0.6554479598999023,1.0,-0.05564292214687081,0.9989536592615857,0.9988707218725411,0.038432525879272816,0.04574583697436239,0.10132884979248047,0.999933105712292,0.9995801333059151,0.009721454904855875,0.011566701043410762,0.02559441328048706
73,method_aware,tree_scm,ok,0.2,5,1,0,False,0.6513068675994873,1.0,-0.05550662277524735,0.9991455039635279,0.9989965958264787,0.03375965174316775,0.0413399573057604,0.12377381324768066,0.9999453707314556,0.9996913445032545,0.008536921028330369,0.010452680643619129,0.031222939491271973
73,method_aware,tree_scm,ok,0.2,6,1,0,False,0.6474964618682861,1.0,-0.05501582208296891,0.9978915253347728,0.9975026039804019,0.05276134645862385,0.06493804260924936,0.18784302473068237,0.9998652164165516,0.9992813684643445,0.013340722307049191,0.01641850076505364,0.04757559299468994
73,method_aware,tree_scm,ok,0.2,7,1,0,False,0.6613220572471619,1.0,-0.05523282540025636,0.9999243823367743,0.9998974836385094,0.010436289285507883,0.012297777384964827,0.034917354583740234,0.9999951658771201,0.9999599009369858,0.0026386823432744677,0.003109380303563092,0.008823215961456299
73,method_aware,tree_scm,ok,0.2,8,1,0,False,0.6913034915924072,1.0,-0.05440637944890959,0.997730374810435,0.9974657012195122,0.05778473878251589,0.06737396046193242,0.18500864505767822,0.9998549580006815,0.9990930772119304,0.014611329670962903,0.017031852103074705,0.04670122265815735
73,method_aware,tree_scm,ok,0.2,9,1,0,False,0.6765682101249695,1.0,-0.05482396120161369,0.9986129556732833,0.9985171616837135,0.04414091184897728,0.0526696189902047,0.1757587194442749,0.9999113428307286,0.9996036361848223,0.01116388047256578,0.013315943042679476,0.04426896572113037
73,method_aware,tree_scm,ok,0.3,0,1,0,False,0.7130853533744812,0.9999999403953552,-0.055953116033651745,0.9896173227690268,0.9892816366855017,0.11757830893895971,0.14410188735062826,0.4527815580368042,0.9993361404695126,0.996501289696731,0.02973560461981606,0.03643787841588476,0.11441856622695923
73,method_aware,tree_scm,ok,0.3,1,1,0,False,0.6888465285301208,1.0,-0.05457266368373753,0.9970136718629259,0.9967288753486875,0.06800181924461413,0.07728296160796319,0.14851617813110352,0.9998091332548096,0.9987881321078607,0.017201529951758943,0.019538000853725253,0.03752249479293823
73,method_aware,tree_scm,ok,0.3,2,1,0,False,0.6894688010215759,1.0,-0.05566721967431951,0.9963451021738692,0.99604202802017,0.07110670192844282,0.0854973428630488,0.22069883346557617,0.9997663252922637,0.9988784444066947,0.017981917976158,0.021618265527930787,0.05593264102935791
73,method_aware,tree_scm,ok,0.3,3,1,0,False,0.660444974899292,1.0,-0.05590212004056698,0.9995041619126223,0.9994876640619412,0.023132066468853907,0.0314908910060242,0.1469714641571045,0.9999683083371154,0.9998085683248693,0.005852389554448223,0.007961364386314384,0.037118375301361084
73,method_aware,tree_scm,ok,0.3,4,1,0,False,0.6768224835395813,1.0,-0.05401533675569979,0.9987221924200088,0.9988732364458908,0.03492550683392892,0.05055309287951241,0.2718055248260498,0.9999183845294163,0.9996141862170086,0.008844814020989133,0.012776186572311898,0.06860581040382385
73,method_aware,tree_scm,ok,0.3,5,1,0,False,0.6875193119049072,1.0,-0.05427843484188578,0.9980264520137686,0.9978311525463128,0.05490450465575236,0.0628259174767026,0.21276414394378662,0.9998738933977508,0.999215520170231,0.013884549471528729,0.01588122176786902,0.05370599031448364
73,method_aware,tree_scm,ok,0.3,6,1,0,False,0.6490777730941772,1.0,-0.05426151187587585,0.9970651693750605,0.99674788552321,0.062479443295615056,0.07661371535235567,0.2910745143890381,0.9998124557785893,0.9989736182140045,0.015798780106351273,0.019367200174654348,0.0734526515007019
73,method_aware,tree_scm,ok,0.3,7,1,0,False,0.6952709555625916,1.0,-0.05669502287181278,0.9917980783233958,0.9918196235069022,0.1016278706773619,0.12807749061808765,0.5313052535057068,0.9994755302704714,0.9973432694370932,0.025711844804177986,0.03238733494795381,0.13422802090644836
73,method_aware,tree_scm,ok,0.3,8,1,0,False,0.6296002864837646,1.0,-0.05411311991962731,0.9896581176683125,0.9880401080037193,0.1170786279180902,0.14381851260694486,0.38765931129455566,0.9993390779434759,0.996444996781346,0.029603505821413023,0.036357173272785516,0.09836339950561523
73,method_aware,tree_scm,ok,0.3,9,1,0,False,0.6583789587020874,1.0,-0.05520209829626572,0.997070149313224,0.9969082817752665,0.058947509158542744,0.0765486854484386,0.19981491565704346,0.9998126989851814,0.9989793067377155,0.014903856706553142,0.019354638221691915,0.050493836402893066
74,method_aware,tree_scm,ok,0.0,0,0,0,False,0.6621740460395813,1.0,-0.011080859143642903,1.0,1.0,0.0,0.0,0.0,1.0,1.0,0.0,0.0,0.0
74,method_aware,tree_scm,ok,0.1,0,1,0,False,0.6655942797660828,1.0,-0.01293510358912392,0.9998549139764854,0.9998251198054501,0.013555765099567907,0.017034437684858954,0.060246944427490234,0.9999910211820445,0.9999745748694655,0.003383369677052883,0.0042376450853473585,0.015152424573898315
74,method_aware,tree_scm,ok,0.1,1,1,0,False,0.6534108519554138,1.0,-0.004336853770746009,0.998694790313196,0.9986244948501537,0.04216801518258251,0.05109226484403948,0.13128280639648438,0.9999198197035448,0.9998335017166153,0.010438020956485161,0.012663356264591013,0.03673243522644043
74,method_aware,tree_scm,ok,0.1,2,1,0,False,0.6578146815299988,1.0,-0.0055551531790336275,0.9991251784773085,0.999116490683785,0.03302561273727633,0.041828735083850044,0.1386927366256714,0.9999462447153294,0.9998850113546955,0.00823014845468606,0.0103687302907265,0.033520907163619995
74,method_aware,tree_scm,ok,0.1,3,1,0,False,0.6556192636489868,1.0,-0.009788800916066714,0.9996816789469458,0.9996326711250982,0.020714096195206366,0.02523176773540341,0.0858602523803711,0.9999801420887968,0.9999466128138187,0.005173601303738451,0.00630204904488161,0.021506279706954956
74,method_aware,tree_scm,ok,0.1,4,1,0,False,0.6722525358200073,1.0,-0.007203243834190105,0.9991643912598855,0.9991445309706029,0.033783178087105625,0.04088052694623484,0.10061097703874111,0.9999482181994696,0.9998904987125383,0.008434885983295004,0.0101766202359595,0.02556094527244568
74,method_aware,tree_scm,ok,0.1,5,1,0,False,0.6778991222381592,1.0,-0.01204757253151387,0.9994069395678403,0.9993191094163506,0.028330732299551187,0.03444010598386482,0.09003782272338867,0.9999629185236234,0.9999107270581503,0.007082398700106296,0.008611791309738737,0.02295398712158203
74,method_aware,tree_scm,ok,0.1,6,1,0,False,0.6528384685516357,1.0,-0.013325403227831677,0.9993662587276814,0.9993040443280166,0.030507396541679555,0.03560172102921634,0.080780029296875,0.999960481883835,0.9999035521421928,0.007639251526654789,0.00889023238201528,0.019938409328460693
74,method_aware,tree_scm,ok,0.1,7,1,0,False,0.6607049703598022,0.9999999403953552,-0.005286437339901421,0.9991621313376751,0.999139993562692,0.03234224453228762,0.040935770931324465,0.13198339939117432,0.9999486460626558,0.9998932926829267,0.008015699985264746,0.010134489086840774,0.032288432121276855
74,method_aware,tree_scm,ok,0.1,8,1,0,False,0.6564494967460632,1.0,-0.013960943806900697,0.999665008705712,0.9996468421429082,0.01962491547527634,0.025884022096151878,0.11925652623176575,0.9999792740948857,0.9999474957084614,0.0048977078438383614,0.006438308006481453,0.028990715742111206
74,method_aware,tree_scm,ok,0.1,9,1,0,False,0.669846773147583,1.0,-0.015859625329871663,0.9993369144392283,0.9992651857878548,0.030335009845487093,0.0364166322100524,0.10321283340454102,0.9999591458765436,0.9998969360203134,0.007477190589639804,0.009039261285314217,0.0275115966796875
74,method_aware,tree_scm,ok,0.2,0,1,0,False,0.6517731547355652,1.0,-0.013030218706976723,0.9994972470541255,0.9994743424111293,0.023222389305857405,0.0317097128262054,0.1572330892086029,0.9999686463409773,0.9999237469601601,0.0058176480653884255,0.00791879503804355,0.03847968578338623
74,method_aware,tree_scm,ok,0.2,1,1,0,False,0.657314658164978,1.0,-0.004692526654415256,0.9981665706417382,0.9983704223589156,0.04511628927491529,0.06055459344945628,0.24999165534973145,0.9998866826693998,0.9997756553536942,0.011302012762172353,0.01505439010631907,0.06261787936091423
74,method_aware,tree_scm,ok,0.2,2,1,0,False,0.6731617450714111,1.0,-0.009639178032444956,0.9991602091645022,0.999270840783921,0.028736410684189195,0.04098269949400477,0.20271176099777222,0.9999475444791147,0.9998953937486588,0.007209547093737001,0.010242609139322,0.05004441738128662
74,method_aware,tree_scm,ok,0.2,3,1,0,False,0.6844242811203003,1.0,-0.021196909326612248,0.996508678314878,0.9964562061905442,0.06888186736620128,0.08356221411917784,0.21596312522888184,0.9997840861029457,0.9995372067448679,0.01713480473955542,0.02078046613304154,0.05650186538696289
74,method_aware,tree_scm,ok,0.2,4,1,0,False,0.6677082777023315,1.0,-0.014332883276726629,0.9993486868396265,0.9993089393641369,0.030071069226664804,0.03609191473046795,0.10116100311279297,0.9999595356666101,0.9998975059902724,0.007476101077315889,0.008996036128545982,0.024510860443115234
74,method_aware,tree_scm,ok,0.2,5,1,0,False,0.6662091612815857,1.0,-0.004734981865739948,0.9988336271886122,0.9988409828517273,0.03724265273490346,0.04829850688673332,0.13069957494735718,0.9999283308227244,0.9998497514483943,0.00928293530381552,0.011972399515303692,0.03256189823150635
74,method_aware,tree_scm,ok,0.2,6,1,0,False,0.6512438654899597,1.0,-0.003720810616136215,0.9983816220703776,0.9982917665045418,0.04732719203263969,0.056892494266828686,0.15314388275146484,0.9999005307109492,0.9997913239396322,0.011688579734084215,0.014104558760933434,0.04189729690551758
74,method_aware,tree_scm,ok,0.2,7,1,0,False,0.6650772094726562,1.0,-0.023317916255617674,0.9961714765590697,0.9963047841713752,0.06709957829798441,0.08750455523187617,0.31896257400512695,0.999764224945043,0.9995273160896933,0.016725215718849995,0.02171520438533741,0.07826429605484009
74,method_aware,tree_scm,ok,0.2,8,1,0,False,0.6723108887672424,1.0,-0.007958579677052916,0.9993866444123387,0.9993543022673628,0.029606384255696838,0.03502443686701776,0.1014699935913086,0.9999619461584377,0.9999176225770688,0.007391824440503569,0.008723971625950537,0.025171101093292236
74,method_aware,tree_scm,ok,0.2,9,1,0,False,0.6829450726509094,1.0,-0.01506528285727114,0.99855432749084,0.9984091020849724,0.04499488026914378,0.05377122972725206,0.13620001077651978,0.9999099439163726,0.9997919944925254,0.0112169871793526,0.013420587455987865,0.033814698457717896
74,method_aware,tree_scm,ok,0.3,0,1,0,False,0.6451570987701416,1.0,-0.02552115741300588,0.9928100639273868,0.9932864356090408,0.08982359259545092,0.11991610503152035,0.535077303647995,0.9995548232382511,0.9991948000858307,0.022479274784068082,0.02983879243240678,0.13084575533866882
74,method_aware,tree_scm,ok,0.3,1,1,0,False,0.703521728515625,1.0,-0.010121060945081547,0.99507825545814,0.9950262968492953,0.08586827778390216,0.09921435929444637,0.2113574743270874,0.999692207158841,0.9993585043988269,0.021480076907835155,0.02481099879880679,0.052966684103012085
74,method_aware,tree_scm,ok,0.3,2,1,0,False,0.6669474840164185,1.0,-0.022416079908329955,0.996461984699772,0.9964254389886272,0.06614409350834194,0.08411914702703749,0.21942591667175293,0.9997818691910892,0.9995398889564407,0.016450831188933535,0.020886876362753357,0.056958556175231934
74,method_aware,tree_scm,ok,0.3,3,1,0,False,0.681871235370636,1.0,-0.015766792074144026,0.9982374791885872,0.9981366676203419,0.050901191229229426,0.05937206119582349,0.1887824535369873,0.999890264523111,0.9997528342035618,0.012681447583645422,0.014814551944116877,0.04610186815261841
74,method_aware,tree_scm,ok,0.3,4,1,0,False,0.6830081343650818,0.9999999403953552,-0.012234566825576903,0.9966325307177433,0.9967655098884197,0.06628578838160593,0.08206667373441534,0.29634320735931396,0.9997893200177189,0.9995559934017594,0.016583413698811,0.02052705385139019,0.074174664914608
74,method_aware,tree_scm,ok,0.3,5,1,0,False,0.6600128412246704,1.0,-0.02805021460043019,0.9921267634657156,0.9926021000392331,0.09361741739638774,0.12548495408115404,0.5224652346223593,0.9995139906543526,0.9991167253772976,0.02335841821896878,0.03117721427329051,0.12786495685577393
74,method_aware,tree_scm,ok,0.3,6,1,0,False,0.6217261552810669,1.0,-0.010985742104404674,0.9908647150697691,0.9904276786352907,0.11540449542204101,0.13516867487769765,0.3073471784591675,0.999428533356106,0.9988782544167083,0.028863388238107746,0.03380729615587271,0.0768805742263794
74,method_aware,tree_scm,ok,0.3,7,1,0,False,0.6676276326179504,1.0,-0.0077519916932619224,0.9996179596204022,0.9996240209927758,0.020755035657373355,0.027642010824692014,0.1265949010848999,0.9999764460997952,0.9999478868643158,0.005183458963244902,0.006863512107282557,0.03071334958076477
74,method_aware,tree_scm,ok,0.3,8,1,0,False,0.6401171684265137,1.0,-0.0016418800597490701,0.996337018404743,0.9961320944496102,0.07067097037372605,0.08559184064800254,0.27519863843917847,0.9997739921805673,0.9995418000321864,0.01747101568835774,0.02126065920377139,0.06743574142456055
74,method_aware,tree_scm,ok,0.3,9,1,0,False,0.6526674032211304,1.0,-0.021642557698029686,0.9964186602342243,0.9966896144767899,0.061745139372877844,0.08463261749793484,0.39580828696489334,0.9997786902826146,0.9995877664330163,0.015449135396835345,0.021038522309899225,0.0962705910205841
75,method_aware,tree_scm,ok,0.0,0,0,0,False,0.6814754009246826,1.0,-0.006957301745195711,1.0,1.0,0.0,0.0,0.0,1.0,1.0,0.0,0.0,0.0
75,method_aware,tree_scm,ok,0.1,0,1,0,False,0.6873801946640015,1.0,-0.009804507045595557,0.9991313774682341,0.9991052477369426,0.03417212095439481,0.04168027178921737,0.11228644847869873,0.9999459708242361,0.9998691723361983,0.008536660097774984,0.010395111928336661,0.02730262279510498
75,method_aware,tree_scm,ok,0.1,1,1,0,False,0.6685946583747864,1.0,-0.004997357750592003,0.9994699977760836,0.9994445586805817,0.025708033498744953,0.032557710212017574,0.0956375002861023,0.9999670391228945,0.9999159992800385,0.00644118088189316,0.008119221283223907,0.023986220359802246
75,method_aware,tree_scm,ok,0.1,2,1,0,False,0.6844071745872498,1.0,-0.0065564709824885645,0.9999254299124641,0.9999222046876364,0.008777484349820952,0.012212295874392825,0.06006139516830444,0.9999953495863784,0.9999821269713755,0.002203994438218615,0.0030497257977749955,0.014926135540008545
75,method_aware,tree_scm,ok,0.1,3,1,0,False,0.6868230104446411,1.0,-0.007594643915722819,0.9999147849583926,0.9998950137675128,0.010563893823814396,0.013054887425976847,0.03334909677505493,0.9999946909398975,0.9999799141468216,0.0026346058912736225,0.003258545777448262,0.008460819721221924
75,method_aware,tree_scm,ok,0.1,4,1,0,False,0.6830959916114807,1.0,-0.00970872808103337,0.9994092392542865,0.9994386801668187,0.026252358221570127,0.03437326722897175,0.13885924220085144,0.9999633154109181,0.9999133841237476,0.00657455607324664,0.008565581189657948,0.0341717004776001
75,method_aware,tree_scm,ok,0.1,5,1,0,False,0.6851822137832642,1.0,-0.008691013045614029,0.9996940590987388,0.9996644553284866,0.02031272619296942,0.024736244419805733,0.0663747787475586,0.9999809796902195,0.9999500968947536,0.005075095108281857,0.006167707739616679,0.0161210298538208
75,method_aware,tree_scm,ok,0.1,6,1,0,False,0.6918033957481384,1.0,-0.009339444310165904,0.999566096807081,0.9995153578910146,0.02341220300547775,0.029458553433826563,0.09191656112670898,0.9999730615900174,0.9999332520470485,0.005855839626804027,0.007340083197503678,0.023103073239326477
75,method_aware,tree_scm,ok,0.1,7,1,0,False,0.6768844723701477,1.0,-0.00471075177071566,0.9994004393860172,0.9993112862915662,0.02991409399675149,0.034628330106780056,0.11500287055969238,0.9999627364548648,0.9998911217676307,0.007429616632634861,0.008632907351853248,0.028181374073028564
75,method_aware,tree_scm,ok,0.1,8,1,0,False,0.6819806694984436,0.9999999403953552,-0.009592680974405096,0.9994907310818781,0.9995161849062587,0.02354022602375494,0.031914540022038335,0.14238888025283813,0.9999683890555547,0.9999265157846097,0.0058928599844421115,0.007951219230628867,0.0350763201713562
75,method_aware,tree_scm,ok,0.1,9,1,0,False,0.6928907632827759,1.0,-0.00988064724791358,0.9994307851464027,0.9993641258601419,0.02700967493990447,0.033740623343940145,0.09971791505813599,0.9999646887362182,0.9999097184345878,0.006761913971502054,0.008403721054739074,0.02508474886417389
75,method_aware,tree_scm,ok,0.2,0,1,0,False,0.67926424741745,1.0,-0.007040547490494474,0.9997134177985152,0.9996705573598829,0.021126689654664688,0.023940852177679543,0.056758880615234375,0.9999821078153749,0.9999419161494336,0.005280427034790591,0.005982003720660074,0.014097213745117188
75,method_aware,tree_scm,ok,0.2,1,1,0,False,0.6582114100456238,1.0,-0.0012293905437057153,0.9974325655919903,0.9972257214839081,0.056494045990589825,0.07165799956859506,0.22560709714889526,0.9998408919987312,0.9996532096004542,0.014155190868450518,0.01783861013402939,0.05658829212188721
75,method_aware,tree_scm,ok,0.2,2,1,0,False,0.6621664762496948,1.0,-0.001185709942652913,0.9977625672734565,0.9975255703893405,0.053723671974125864,0.06689443411586597,0.18999820947647095,0.9998614824290476,0.9996728791520435,0.013433724138337766,0.016644372523241604,0.04770496487617493
75,method_aware,tree_scm,ok,0.2,3,1,0,False,0.6795811057090759,1.0,-0.0059423437768072775,0.9999337327389096,0.99991763375203,0.009336982134396266,0.011512364091643738,0.04716229438781738,0.9999958940329803,0.999983434549521,0.0023205527593290753,0.0028656472235091667,0.011538088321685791
75,method_aware,tree_scm,ok,0.2,4,1,0,False,0.6793930530548096,1.0,-0.006533909341208794,0.9998928174157401,0.999859865619634,0.012270737987961411,0.014641214748061676,0.03959858417510986,0.9999933142913564,0.9999760808194382,0.003059117582779436,0.0036566949065173254,0.009778380393981934
75,method_aware,tree_scm,ok,0.2,5,1,0,False,0.6861273646354675,1.0,-0.002029056216799634,0.99609674091164,0.9964131119511872,0.06943839475752611,0.08835450116726203,0.31806695461273193,0.9997573125036207,0.9994799610841275,0.01736973882145776,0.022031227784464077,0.07840114831924438
75,method_aware,tree_scm,ok,0.2,6,1,0,False,0.6979528069496155,1.0,-0.009620385129238969,0.9992080419731528,0.9991519964500035,0.032032726093689234,0.03979844313443934,0.11210018396377563,0.9999507328096988,0.999870178165541,0.008016693730013458,0.009926448633089242,0.028165608644485474
75,method_aware,tree_scm,ok,0.2,7,1,0,False,0.6801967024803162,1.0,-0.009719137374773729,0.9983506183169624,0.9984071574637807,0.04564092305804124,0.05743486178315984,0.20286747813224792,0.9998971804994418,0.9997494339408992,0.011431747856704533,0.014340118454824219,0.05017387866973877
75,method_aware,tree_scm,ok,0.2,8,1,0,False,0.6771551966667175,1.0,-0.004855827805199595,0.9996622212863642,0.9996063966231671,0.021741588398924705,0.025991487649458345,0.0977710485458374,0.9999790519961669,0.9999394351037216,0.0053866817287371305,0.006472712658068976,0.023913681507110596
75,method_aware,tree_scm,ok,0.2,9,1,0,False,0.6816399693489075,1.0,-0.006763404518474716,0.9988325904897608,0.9987271900115245,0.04182444567754828,0.04831996570271126,0.12337982654571533,0.9999271203837371,0.9998050563035464,0.0104531817660245,0.012073079048616894,0.030628681182861328
75,method_aware,tree_scm,ok,0.3,0,1,0,False,0.6420843601226807,1.0,0.005111449797066883,0.9897014192431038,0.988811701917018,0.11402724491631488,0.14351711464370556,0.44253578782081604,0.9993631609069331,0.9986944698348831,0.02850542208977913,0.035688628770582445,0.11087249964475632
75,method_aware,tree_scm,ok,0.3,1,1,0,False,0.7044543027877808,0.9999999403953552,-0.019819717627767203,0.9899703058691756,0.9906365110533549,0.10976439400519666,0.14163117083887336,0.595541775226593,0.9993767508385429,0.9986454803579564,0.027527162099431735,0.03530578264269598,0.1461728811264038
75,method_aware,tree_scm,ok,0.3,2,1,0,False,0.6579633951187134,1.0,-0.005271686798382821,0.9982249674488494,0.998349769311362,0.04452207698125221,0.05958242397217502,0.2303381860256195,0.9998893090640136,0.9997484839909646,0.011129629813268593,0.014878906896749608,0.05786478519439697
75,method_aware,tree_scm,ok,0.3,3,1,0,False,0.6517928838729858,0.9999999403953552,-0.0014834360928056942,0.9964095575614732,0.9962619805032499,0.0681401747602024,0.08474010182828608,0.24010366201400757,0.9997770146688305,0.9994938527049372,0.017025697764211145,0.021118017226644335,0.06019608676433563
75,method_aware,tree_scm,ok,0.3,4,1,0,False,0.6709216833114624,1.0,-0.0013215546384821432,0.9979348879231882,0.9978594051509571,0.05242401770260585,0.06426682107276356,0.19288551807403564,0.9998721762423937,0.9997295296957969,0.013081337200489429,0.015988981389465678,0.04678136110305786
75,method_aware,tree_scm,ok,0.3,5,1,0,False,0.6890089511871338,1.0,-0.005767534232266505,0.9974707116056961,0.997247760322578,0.06099148926091402,0.07112367113627997,0.19049072265625,0.9998421775740884,0.999591775779383,0.015224151647089457,0.01776639713466942,0.0472981333732605
75,method_aware,tree_scm,ok,0.3,6,1,0,False,0.6680633425712585,1.0,0.0006676199777102705,0.9940455109537607,0.993869168356488,0.09021323767484546,0.10912826285761863,0.2994043231010437,0.9996306336703514,0.9992588239152098,0.0224948280249464,0.027179637363292312,0.07260990142822266
75,method_aware,tree_scm,ok,0.3,7,1,0,False,0.6553168296813965,1.0,-0.0012362057752936353,0.9970949770414599,0.9968780174531285,0.06018458130134263,0.0762236583770305,0.2411499321460724,0.9998198421522494,0.9996106965469059,0.01509662102114362,0.01898198387936152,0.06046627461910248
75,method_aware,tree_scm,ok,0.3,8,1,0,False,0.7092103362083435,1.0,-0.009532953338491938,0.9980522000954809,0.9981199261287632,0.05033430718640375,0.062414739849941205,0.18990033864974976,0.9998785133292818,0.9997285797458618,0.01258250853015852,0.015587602074125222,0.047612160444259644
75,method_aware,tree_scm,ok,0.3,9,1,0,False,0.7112520337104797,1.0,-0.01682580761148285,0.9942633091775024,0.9943607730397591,0.08671340387854798,0.10711387135720894,0.35175418853759766,0.9996438592344149,0.9992035033013652,0.02168808522458221,0.026688603027319947,0.08572763204574585
76,method_aware,tree_scm,ok,0.0,0,0,0,False,0.6664236187934875,1.0,0.1365583414072986,1.0,1.0,0.0,0.0,0.0,1.0,1.0,0.0,0.0,0.0
76,method_aware,tree_scm,ok,0.1,0,1,0,False,0.669786274433136,1.0,0.13890805627225283,0.9995233116087967,0.999506115442386,0.025134651905005967,0.030876800972427933,0.09794110059738159,0.999972331402461,0.9997368526929404,0.006056451712083799,0.007438897363911157,0.023205339908599854
76,method_aware,tree_scm,ok,0.1,1,1,0,False,0.6702266335487366,0.9999999403953552,0.13638507834446456,0.9994946649180665,0.9994431058221871,0.02600018023210282,0.031791039414660466,0.06442832946777344,0.9999705024051797,0.9996482950075101,0.0062817255287797025,0.007680832496970252,0.015543878078460693
76,method_aware,tree_scm,ok,0.1,2,1,0,False,0.6751118898391724,1.0,0.1407126986829701,0.999582553867901,0.9996079277233387,0.023430273736778418,0.028894502809486352,0.11771601438522339,0.9999760982423118,0.9998238681067162,0.005613897228229803,0.006914008667412465,0.027715981006622314
76,method_aware,tree_scm,ok,0.1,3,1,0,False,0.6612647175788879,1.0,0.14377204179681438,0.9991334229581863,0.999277926292826,0.031407718145487706,0.041631168469462056,0.16740888357162476,0.9999508307650491,0.9997305383198626,0.007555836242886471,0.009916575605514052,0.0390172004699707
76,method_aware,tree_scm,ok,0.1,4,1,0,False,0.6661885380744934,1.0,0.13802576379557063,0.9998162304031839,0.9997794998569486,0.015435909942084436,0.019171311994582628,0.050612807273864746,0.999989331901561,0.9998494608754739,0.0037193771946704146,0.004619112131527734,0.012223944067955017
76,method_aware,tree_scm,ok,0.1,5,1,0,False,0.6731279492378235,1.0,0.1373541193007508,0.9998976585709229,0.9998849442994062,0.011200094642845215,0.014306741699906086,0.04409134387969971,0.9999940435090828,0.9999400525713467,0.0027046437065578743,0.0034515187378825244,0.010516762733459473
76,method_aware,tree_scm,ok,0.1,6,1,0,False,0.6586424708366394,1.0,0.13973595618483384,0.9995649088117046,0.9995623971818897,0.024086551236564446,0.029498854241218436,0.09034228324890137,0.9999748802284139,0.9997021515807165,0.005784150997897086,0.007087985929897682,0.021339599043130875
76,method_aware,tree_scm,ok,0.1,7,1,0,False,0.6830331683158875,1.0,0.13344716494546868,0.9991787694188637,0.9991471796545311,0.03251710838193844,0.04052728992061964,0.12825340032577515,0.9999522785490692,0.9995494108075245,0.007838541579104685,0.009769488239559983,0.031000932678580284
76,method_aware,tree_scm,ok,0.1,8,1,0,False,0.6617539525032043,1.0,0.13971881180435203,0.9994828285150981,0.9994793715578284,0.02581461937299423,0.03216120382615711,0.11041843891143799,0.9999700896305589,0.9997308400686645,0.006253420060147619,0.00773438687204328,0.0259706974029541
76,method_aware,tree_scm,ok,0.1,9,1,0,False,0.6685090065002441,1.0,0.13439628247212743,0.9998807293772863,0.9998707397539517,0.011870456152678344,0.015444781031500166,0.0605466365814209,0.9999931546881362,0.9999468586832128,0.002875006473459507,0.003700084282824628,0.014164209365844727
76,method_aware,tree_scm,ok,0.2,0,1,0,False,0.6791530251502991,1.0,0.1259035977248172,0.9980410537219578,0.9981512409698877,0.04933100858227135,0.06259307263773128,0.20314359664916992,0.999888305070068,0.9992445327587439,0.011890426807781296,0.01494623218716573,0.047173142433166504
76,method_aware,tree_scm,ok,0.2,1,1,0,False,0.6855105757713318,1.0,0.13260290749433182,0.9988037109859907,0.9987719745736735,0.03900842126824955,0.04891398587008055,0.16174840927124023,0.9999305105071791,0.9992638558579501,0.009396681705709398,0.011788935022418508,0.039104653522372246
76,method_aware,tree_scm,ok,0.2,2,1,0,False,0.6796050667762756,1.0,0.1338893698927407,0.999425300794212,0.9993903780130174,0.027539864151009397,0.03390277891293933,0.10165059566497803,0.9999666167341439,0.9996781234353765,0.006642706683649635,0.008171078979590081,0.024567666463553905
76,method_aware,tree_scm,ok,0.2,3,1,0,False,0.6808387041091919,1.0,0.13121399861707125,0.998919771891507,0.998881942457621,0.037876058568258486,0.046480708186713494,0.14107096195220947,0.9999376040227049,0.9993705072956155,0.009099006413521238,0.011171031998466212,0.034111980348825455
76,method_aware,tree_scm,ok,0.2,4,1,0,False,0.6573888659477234,1.0,0.13058021120167054,0.9994183744192455,0.9994834060510691,0.024827436311284146,0.034106468116326887,0.15595638751983643,0.9999669235794055,0.999851606644732,0.0060058754613692145,0.008133439868826151,0.03672301769256592
76,method_aware,tree_scm,ok,0.2,5,1,0,False,0.6385830044746399,1.0,0.13452986519537846,0.9963266799782825,0.9963317403976825,0.07250556113717721,0.08571254296100278,0.1921737790107727,0.9997855897415838,0.9978631714469638,0.017521678385037376,0.020707981779600364,0.04641308635473251
76,method_aware,tree_scm,ok,0.2,6,1,0,False,0.6648458242416382,0.9999999403953552,0.14102400062482898,0.9996461119228639,0.999658710929118,0.020878005190013482,0.026604063691108414,0.08269268274307251,0.9999798748956422,0.9998173190401257,0.0050247055602312685,0.006344305101410274,0.01927286386489868
76,method_aware,tree_scm,ok,0.2,7,1,0,False,0.6546401381492615,1.0,0.13325693575026779,0.9995577490784555,0.9995966959623773,0.022521760898911225,0.02974057563676132,0.11586189270019531,0.9999744460485094,0.999821219422788,0.005431209092847666,0.007148979157687832,0.027457594871520996
76,method_aware,tree_scm,ok,0.2,8,1,0,False,0.6913385987281799,1.0,0.13189616327723463,0.9981705688474667,0.9981491510800372,0.04804613281658021,0.060488530838638414,0.20226937532424927,0.9998936594997572,0.9988942023996852,0.011575561872007256,0.014583586852237769,0.048909593373537064
76,method_aware,tree_scm,ok,0.2,9,1,0,False,0.6723130345344543,1.0,0.14414057169893385,0.9989892943106522,0.9990978604892353,0.03460033946970853,0.04496011030416881,0.17187625169754028,0.999942575720884,0.9995915215292182,0.00829873471381859,0.010716741958010475,0.04018247127532959
76,method_aware,tree_scm,ok,0.3,0,1,0,False,0.6738443970680237,1.0,0.12504368718825093,0.9979472983495626,0.9981806111866103,0.04659907381417838,0.06407342168779451,0.27854204177856445,0.9998832889773038,0.9995169448716116,0.011274274031904952,0.015278155946800383,0.06528270244598389
76,method_aware,tree_scm,ok,0.3,1,1,0,False,0.6814064979553223,1.0,0.1365742571404763,0.9994827538597716,0.9994649546706244,0.025329160020959307,0.03216352509219914,0.10682231187820435,0.9999698076783127,0.9996904951362563,0.0061194956572379056,0.007770755776155326,0.025808438658714294
76,method_aware,tree_scm,ok,0.3,2,1,0,False,0.6569347977638245,1.0,0.14202146783790853,0.9989342406582021,0.9989892756240611,0.03674452574642828,0.04616837426583514,0.1609494686126709,0.99993863131968,0.9995226333953221,0.008867554350985074,0.011078689447602144,0.03765004873275757
76,method_aware,tree_scm,ok,0.3,3,1,0,False,0.6454676389694214,1.0,0.15858680668858838,0.9873554151995805,0.9878363046277089,0.1293824753726085,0.15902569339413578,0.4246940612792969,0.9992779091055385,0.99339138831271,0.031019574277252104,0.038002392108689054,0.10021407529711723
76,method_aware,tree_scm,ok,0.3,4,1,0,False,0.6614962816238403,1.0,0.1274370929148782,0.9988379028577645,0.9989495118374936,0.035317913293056336,0.04820989879179335,0.1997850239276886,0.9999341709140082,0.999660387311351,0.00848138617470795,0.011474239699532216,0.046961426734924316
76,method_aware,tree_scm,ok,0.3,5,1,0,False,0.6579968333244324,1.0,0.13981712219016962,0.9988552847331943,0.9988164741434803,0.03918016116790568,0.047847995807487984,0.14212501049041748,0.9999335027753345,0.9993698479186036,0.009484733348017471,0.011532321855735446,0.03360337018966675
76,method_aware,tree_scm,ok,0.3,6,1,0,False,0.6705655455589294,1.0,0.14439359900934845,0.9959128684781069,0.9960566684250052,0.0721435553602987,0.09041163129378559,0.30290716886520386,0.9997634210107335,0.9979838821436234,0.01740420153373634,0.021752194937635822,0.07157301902770996
76,method_aware,tree_scm,ok,0.3,7,1,0,False,0.6483553647994995,1.0,0.13911489932845122,0.9975562990575054,0.9974760053823045,0.05826905149223194,0.06990995511580794,0.16061508655548096,0.999857607595436,0.9985805624597668,0.014083262191206813,0.01687556838309148,0.03920125961303711
76,method_aware,tree_scm,ok,0.3,8,1,0,False,0.6783535480499268,1.0,0.1350118602690339,0.9995315983261729,0.9994875187754809,0.025170890529579992,0.030607243421395848,0.08396559953689575,0.9999727105093748,0.9997210276446605,0.0060803081410689686,0.007387758833799257,0.02028979267925024
76,method_aware,tree_scm,ok,0.3,9,1,0,False,0.6891278028488159,1.0,0.1149006429462773,0.9928775553071539,0.993407805682712,0.09267059451535431,0.11935196003187828,0.41134971380233765,0.9995943588952989,0.997587082469065,0.02239747359523392,0.028483015824078254,0.0957411527633667
77,method_aware,tree_scm,ok,0.0,0,0,0,False,0.6767196655273438,1.0,0.01908168885988806,1.0,1.0,0.0,0.0,0.0,1.0,1.0,0.0,0.0,0.0
77,method_aware,tree_scm,ok,0.1,0,1,0,False,0.6683861017227173,1.0,0.019678555673315036,0.999701904010149,0.9996647794328015,0.019460641938316314,0.024417043129683968,0.07698121666908264,0.9999816339744455,0.9999244175130534,0.0048246604163892925,0.006060697155407166,0.019243359565734863
77,method_aware,tree_scm,ok,0.1,1,1,0,False,0.6780286431312561,1.0,0.02075934049254197,0.9998360223176236,0.9998103899935625,0.014943322114262969,0.01810953818480758,0.0450977087020874,0.9999899747091281,0.9999572075495314,0.0036853220368868733,0.004477787558077741,0.011214274913072586
77,method_aware,tree_scm,ok,0.1,2,1,0,False,0.6817695498466492,0.9999999403953552,0.017422224727558982,0.9995285650764791,0.9995665210821828,0.023503643177193112,0.030706185969189635,0.1318446397781372,0.9999710014410066,0.9999140462949717,0.005840453230433695,0.007615583683822589,0.03323650360107422
77,method_aware,tree_scm,ok,0.1,3,1,0,False,0.6903303861618042,1.0,0.020929689941479444,0.9993845651516517,0.9993455292003433,0.029680950494466174,0.03508375337275041,0.08976626396179199,0.9999621703673228,0.99985511587154,0.007356064249549377,0.008698233399389885,0.021872341632843018
77,method_aware,tree_scm,ok,0.1,4,1,0,False,0.6735347509384155,1.0,0.018047147011340418,0.9999543275280454,0.9999463892961876,0.0072384436142698405,0.00955745486987994,0.04438060522079468,0.999997214064547,0.9999875277161862,0.0017943606959818226,0.0023604810804161705,0.011079385876655579
77,method_aware,tree_scm,ok,0.1,5,1,0,False,0.6883695721626282,1.0,0.01727944631267179,0.9993698073961317,0.9993555651419782,0.028585447217821525,0.035501903814721375,0.10762733221054077,0.9999612223171866,0.999854389439239,0.007060179515633536,0.008806552498402264,0.02713322639465332
77,method_aware,tree_scm,ok,0.1,6,1,0,False,0.678803563117981,1.0,0.013406967042593955,0.9991305410215899,0.999111685054717,0.03312256788568391,0.041700335108790336,0.1301167905330658,0.9999472461897531,0.9998260921071453,0.0081682306985158,0.010271690196216104,0.03274798393249512
77,method_aware,tree_scm,ok,0.1,7,1,0,False,0.6829018592834473,1.0,0.019285633258318165,0.9998824556834934,0.9998587256812816,0.012357962084280416,0.015332600447558575,0.04729962348937988,0.9999927544526758,0.9999639466061082,0.0030686583957901803,0.0038067170278836063,0.011699140071868896
77,method_aware,tree_scm,ok,0.1,8,1,0,False,0.6789252161979675,1.0,0.01322783810443827,0.9990870285412257,0.9990691608254059,0.033887951222496326,0.04273105405742925,0.1361672282218933,0.9999446168052679,0.9998199565481725,0.008358076512273271,0.010524561151290085,0.034188270568847656
77,method_aware,tree_scm,ok,0.1,9,1,0,False,0.6739295721054077,1.0,0.019318767652524226,0.9999614435689228,0.999949507367141,0.007009719885573418,0.008781392985237365,0.02581813931465149,0.9999976245807526,0.9999872036156211,0.001739726035594913,0.0021796418056892874,0.006462574005126953
77,method_aware,tree_scm,ok,0.2,0,1,0,False,0.6582016944885254,1.0,0.020080434798242435,0.9974981480760485,0.9975571422823831,0.05705362262496294,0.07073686298028344,0.21501004695892334,0.999845815862133,0.9995100605285743,0.014165283059156764,0.017560417547141872,0.05366683006286621
77,method_aware,tree_scm,ok,0.2,1,1,0,False,0.6793202757835388,1.0,0.019936059393978602,0.9999415855922043,0.9999381973750089,0.00854307853397529,0.010808738148872472,0.04545557498931885,0.9999964201601748,0.9999859407410056,0.0021192795672391185,0.002675757712101453,0.011331334710121155
77,method_aware,tree_scm,ok,0.2,2,1,0,False,0.6921044588088989,1.0,0.011715348211782302,0.9972023442868434,0.9975000782311707,0.056801060851867646,0.07480181485817901,0.292805552482605,0.9998287677169801,0.9995633918353479,0.014069236959670661,0.018505797826936288,0.07499504089355469
77,method_aware,tree_scm,ok,0.2,3,1,0,False,0.7060486078262329,0.9999999403953552,0.016352597699160528,0.9970603107910844,0.9970649788105285,0.061619349744532315,0.07667710373263546,0.23812061548233032,0.9998188509600489,0.9993484684571917,0.015264210013498314,0.019034128865281764,0.05976665019989014
77,method_aware,tree_scm,ok,0.2,4,1,0,False,0.6673573851585388,1.0,0.01709787656350132,0.998945292274546,0.9989076693369572,0.038574868119368944,0.04592837259046069,0.11421680450439453,0.9999350548244694,0.9997755212431155,0.009548230176079642,0.011396944591799399,0.02889847755432129
77,method_aware,tree_scm,ok,0.2,5,1,0,False,0.6777101755142212,1.0,0.012059697299699424,0.9988382781522092,0.9988495212252341,0.0374358807851678,0.04820211272699046,0.17437273263931274,0.9999296714673233,0.9997917150954866,0.009235409084482171,0.011859893215096909,0.04375670850276947
77,method_aware,tree_scm,ok,0.2,6,1,0,False,0.6752099394798279,1.0,0.024399669467794618,0.9991888909258551,0.9991765163436092,0.03233767652487529,0.040276769217830403,0.11975511908531189,0.9999508633454296,0.9998398719691008,0.00796042168575184,0.00991328931115278,0.0300443172454834
77,method_aware,tree_scm,ok,0.2,7,1,0,False,0.6972646713256836,0.9999999403953552,0.017443022967327932,0.9980687795177962,0.9981719163507615,0.04973569134186562,0.06214854019505186,0.19232988357543945,0.9998809624112707,0.9996153485086902,0.012350832502846742,0.015429684518046532,0.04825472831726074
77,method_aware,tree_scm,ok,0.2,8,1,0,False,0.6937642097473145,1.0,0.02317118017202621,0.9992266153984135,0.9992231868249767,0.030852075134689017,0.03932898716329028,0.1474912464618683,0.9999528423560897,0.9998430906229882,0.007628454496767745,0.009711605678354454,0.036810874938964844
77,method_aware,tree_scm,ok,0.2,9,1,0,False,0.7009636163711548,1.0,0.02084613586702117,0.9984717652626603,0.998437298834132,0.04531766939457782,0.05528534638947603,0.1667380928993225,0.9999059068048434,0.9996571351298189,0.011250706469553506,0.013718104473912635,0.04099553823471069
77,method_aware,tree_scm,ok,0.3,0,1,0,False,0.6901329159736633,1.0,0.025758645104199313,0.9990404002846597,0.9991691402617838,0.0304522738314148,0.04380866808079212,0.2295909821987152,0.999942203995592,0.9998838602388956,0.00751173254931814,0.01075137226255098,0.05728287994861603
77,method_aware,tree_scm,ok,0.3,1,1,0,False,0.7116346955299377,1.0,0.0093846600222352,0.9930302759614751,0.9936671084865174,0.09402449464415952,0.11806544214067141,0.3754948377609253,0.9995719926156234,0.9987940106215577,0.023184664444301006,0.02925773035056813,0.09630203247070312
77,method_aware,tree_scm,ok,0.3,2,1,0,False,0.6764062643051147,1.0,0.015436089614821806,0.9969883251101057,0.9969767787533079,0.0624558008887135,0.07761024435726013,0.18748414516448975,0.9998145368307887,0.9993797050461339,0.015470527046886673,0.019259447985060223,0.04663900285959244
77,method_aware,tree_scm,ok,0.3,3,1,0,False,0.690614640712738,1.0,0.008594349135617614,0.9961176261126589,0.9962071516701236,0.07176932629603527,0.08811780842857785,0.22898849844932556,0.999763198681282,0.9992818937307775,0.017682977370469644,0.021762413347491797,0.05814313888549805
77,method_aware,tree_scm,ok,0.3,4,1,0,False,0.7185401320457458,1.0,0.02839584483891335,0.9943745312376879,0.99423241810314,0.09049488501430858,0.10607043783123868,0.21551892161369324,0.999656410995665,0.9989172135398039,0.02232939398456324,0.026214080129392206,0.05670428276062012
77,method_aware,tree_scm,ok,0.3,5,1,0,False,0.7018243670463562,1.0,0.022530824639787866,0.9974792264664122,0.9976538024819398,0.05994946117088773,0.07100385131603128,0.23207584023475647,0.9998450521966386,0.9995178277662541,0.014854301005272186,0.017603852119984113,0.057766661047935486
77,method_aware,tree_scm,ok,0.3,6,1,0,False,0.6962335109710693,1.0,0.015094153998412982,0.9970388495859778,0.9970034667584579,0.06358180192718521,0.07695648736200178,0.23675715923309326,0.9998177145898757,0.9993384995708461,0.01573057930697974,0.019093737819599638,0.05879826005548239
77,method_aware,tree_scm,ok,0.3,7,1,0,False,0.6443353295326233,1.0,0.012202111645801277,0.9950487704053224,0.9948624137221943,0.08361158080204234,0.09951110261059688,0.2490750551223755,0.9996955923347217,0.9990110909448536,0.02071079853104152,0.024674183222203237,0.0604282021522522
77,method_aware,tree_scm,ok,0.3,8,1,0,False,0.6807847619056702,1.0,0.019614302391913203,0.9997696133047933,0.9997572263250125,0.01773371728005202,0.02146563267269742,0.06493973731994629,0.9999858056278732,0.9999445788033758,0.004395710404736519,0.00532810882542846,0.016208529472351074
77,method_aware,tree_scm,ok,0.3,9,1,0,False,0.6620398759841919,1.0,0.025862098714970604,0.9971388238302189,0.9970797756777054,0.06216728186596754,0.07564623010267418,0.20629560947418213,0.999825194838072,0.9994196476468064,0.015287018106448613,0.018697869349507734,0.052143990993499756
78,method_aware,tree_scm,ok,0.0,0,0,0,False,0.6817999482154846,0.9999999403953552,0.0952692591431331,1.0,1.0,0.0,0.0,0.0,1.0,1.0,0.0,0.0,0.0
78,method_aware,tree_scm,ok,0.1,0,1,0,False,0.6811358332633972,1.0,0.09598154899440473,0.9997886601362136,0.9997780469923466,0.014478631720749036,0.020559176065986916,0.09280583262443542,0.9999874441031401,0.999901898111723,0.0035298704932067437,0.0050111668328283576,0.02267448604106903
78,method_aware,tree_scm,ok,0.1,1,1,0,False,0.6777151823043823,1.0,0.09824557308039066,0.999582265604235,0.9995395536799941,0.023624713243918904,0.02890447666047468,0.11034455895423889,0.9999754041390437,0.9998124240040054,0.005700477726623632,0.007013681046608751,0.02707497775554657
78,method_aware,tree_scm,ok,0.1,2,1,0,False,0.6853917241096497,0.9999999403953552,0.09189015240324766,0.9993450555597172,0.9992782503933908,0.030404130178681044,0.03619238660238845,0.10179927945137024,0.999961315330392,0.9996518936413704,0.007369347385814962,0.008795983989691203,0.025053679943084717
78,method_aware,tree_scm,ok,0.1,3,1,0,False,0.6738863587379456,1.0,0.09639508068864489,0.9994245074431058,0.9993179135970243,0.028151015793810075,0.03392617099424852,0.09761667251586914,0.9999658096910962,0.999682113225091,0.006852742374281462,0.008269257332660995,0.024154186248779297
78,method_aware,tree_scm,ok,0.1,4,1,0,False,0.6805248260498047,1.0,0.09718605847054869,0.9997048122380258,0.9996441264036906,0.020646560730369856,0.024297643805490498,0.053560853004455566,0.9999825464955844,0.9998350104606251,0.0050161623049582715,0.005908215268692103,0.013958930969238281
78,method_aware,tree_scm,ok,0.1,5,1,0,False,0.6866465210914612,1.0,0.09429974744123168,0.9996776207945464,0.9996996258314854,0.01767404601287126,0.02539209280890686,0.11832651495933533,0.9999808441493638,0.9998523107252699,0.004292795453569198,0.006189644500058221,0.02892473340034485
78,method_aware,tree_scm,ok,0.1,6,1,0,False,0.6794890761375427,0.9999999403953552,0.09655254916562275,0.9997047103377078,0.9996588785673414,0.01954237896734412,0.0243018379741653,0.08541250228881836,0.9999824838696828,0.9998319482690793,0.004756518543263866,0.00591880548023319,0.02087700366973877
78,method_aware,tree_scm,ok,0.1,7,1,0,False,0.68636554479599,1.0,0.09520898706958807,0.9997893499284137,0.999732907606752,0.017703401844244127,0.020525596851444124,0.05702316761016846,0.9999874694705444,0.9998767300264645,0.004317152847310268,0.005006102172529056,0.013943672180175781
78,method_aware,tree_scm,ok,0.1,8,1,0,False,0.6759730577468872,1.0,0.09707878573534774,0.9998639900640769,0.9998156314820112,0.0134991276686236,0.016493024746302345,0.04822337627410889,0.999992000118469,0.9999204053715756,0.003247452893621272,0.003999970341829476,0.012676477432250977
78,method_aware,tree_scm,ok,0.1,9,1,0,False,0.6754481196403503,0.9999999403953552,0.09551081625098035,0.9995700813419571,0.999485540644446,0.02424186131827355,0.029322981970076663,0.08616471290588379,0.9999744294177143,0.9997561757921465,0.005909467465773588,0.007151304857458746,0.021157026290893555
78,method_aware,tree_scm,ok,0.2,0,1,0,False,0.6751874685287476,0.9999999403953552,0.09899363201301076,0.9993494606429549,0.9992501877548099,0.03158685931953187,0.03607046784370018,0.07530748844146729,0.9999617053334694,0.9996461604141333,0.007650899861818772,0.008751532906527004,0.018373927101492882
78,method_aware,tree_scm,ok,0.2,1,1,0,False,0.6955675482749939,1.0,0.08953429327580187,0.9979454391691296,0.9977598504220012,0.054434691929088785,0.0641024305345426,0.17379379272460938,0.9998785022141312,0.9989318874722839,0.013181468662363471,0.015588315026747311,0.04267437756061554
78,method_aware,tree_scm,ok,0.2,2,1,0,False,0.6794891357421875,1.0,0.09772712606891287,0.9988435768862988,0.9988707554001859,0.03402923974749683,0.04809205886713317,0.2232804000377655,0.9999314104520034,0.9995204093948931,0.0082800173981461,0.011712347678770904,0.05457554757595062
78,method_aware,tree_scm,ok,0.2,3,1,0,False,0.6933861970901489,1.0,0.089820883922892,0.9984727869466818,0.9986557426149774,0.03897609077000652,0.05526686222745993,0.27842238545417786,0.9999098331965734,0.9994042919855517,0.009416594274877177,0.01342883455026342,0.06832370162010193
78,method_aware,tree_scm,ok,0.2,4,1,0,False,0.6828309297561646,1.0,0.09735203646668046,0.9994369524759317,0.9993467808990771,0.027840356531839916,0.03355733957716876,0.08544081449508667,0.9999666389455116,0.9997071807274155,0.006798482055206279,0.008168360054269186,0.021148324012756348
78,method_aware,tree_scm,ok,0.2,5,1,0,False,0.6698864102363586,1.0,0.09702767830349811,0.9991267505454239,0.9990085428438595,0.03403050930211293,0.04179113372118738,0.13232123851776123,0.9999481585237141,0.9995448622237322,0.0082712292043432,0.01018248240720117,0.03330039978027344
78,method_aware,tree_scm,ok,0.2,6,1,0,False,0.6742758750915527,1.0,0.09872066538651776,0.9992576583905847,0.9991493813031972,0.03262184118784717,0.03853158706838205,0.09484171867370605,0.9999561943397588,0.9995944719619484,0.007889980927121343,0.009360091822025437,0.023251384496688843
78,method_aware,tree_scm,ok,0.2,7,1,0,False,0.6832035183906555,1.0,0.09137276916311142,0.9967704577879817,0.9969091758457908,0.0625511532366545,0.08036842633926713,0.302247554063797,0.9998081241669567,0.9986204380051497,0.015240021112379765,0.019589579979878147,0.07402056455612183
78,method_aware,tree_scm,ok,0.2,8,1,0,False,0.6682735681533813,1.0,0.09770767920819283,0.9977857253621011,0.9975860319361992,0.054915123918931386,0.06654734649464161,0.18226414918899536,0.999868517026604,0.9988932412738716,0.013372432589438432,0.01621622478703152,0.04566788673400879
78,method_aware,tree_scm,ok,0.2,9,1,0,False,0.6983545422554016,1.0,0.09094691672661333,0.9992072117930437,0.9990975587404334,0.031717594532665316,0.03981929605456703,0.12338680028915405,0.9999532932504714,0.9996080283062726,0.007652276663645097,0.009665065633970477,0.032326459884643555
78,method_aware,tree_scm,ok,0.3,0,1,0,False,0.64860999584198,1.0,0.1043714677448973,0.9925294656386555,0.9917258466847865,0.09859404855239973,0.12223366188519799,0.3798147737979889,0.9995587487232376,0.9964258971997709,0.02390304704862345,0.029706943946295337,0.09705805778503418
78,method_aware,tree_scm,ok,0.3,1,1,0,False,0.6748703122138977,1.0,0.09745954197780471,0.9976654162422082,0.9976638607753379,0.05364634691170522,0.06833130569952771,0.23915958404541016,0.9998613259795099,0.9988466825513197,0.013067242580451222,0.016653769537030988,0.05838817358016968
78,method_aware,tree_scm,ok,0.3,2,1,0,False,0.6979308724403381,1.0,0.08970104893015655,0.998984856060402,0.9990667356591086,0.03198583233734098,0.04505871525192227,0.23193463683128357,0.999940365537079,0.9996082406480222,0.00770006555847047,0.010921031336202033,0.05698016285896301
78,method_aware,tree_scm,ok,0.3,3,1,0,False,0.6369934678077698,1.0,0.1108736820519467,0.9831028994800518,0.9815124879300478,0.14897736466821243,0.18383198696452213,0.5431521236896515,0.9990049301829462,0.9918014291717329,0.03604807182937364,0.04461098083504789,0.13989496231079102
78,method_aware,tree_scm,ok,0.3,4,1,0,False,0.6723618507385254,1.0,0.10128533516472545,0.9960498302939508,0.9958642979758242,0.07341411331836412,0.08888385078903868,0.26969778537750244,0.9997663135892618,0.9979664812960445,0.017810306038814616,0.02161880661701197,0.06592774391174316
78,method_aware,tree_scm,ok,0.3,5,1,0,False,0.7005388140678406,1.0,0.08745903779016688,0.9976525405739387,0.9974091512588512,0.06069779561022415,0.06851947668099924,0.1313765048980713,0.9998617420007692,0.998791954259352,0.01468175834918295,0.01662876998659223,0.03444933891296387
78,method_aware,tree_scm,ok,0.3,6,1,0,False,0.6527161002159119,1.0,0.10278536809033167,0.9962851756967462,0.995984628692511,0.06896716092208521,0.08619540638107115,0.2777007222175598,0.9997809085339416,0.9983360565231385,0.01666455053460325,0.020932819040503616,0.0714271068572998
78,method_aware,tree_scm,ok,0.3,7,1,0,False,0.6710481643676758,1.0,0.0937316898292693,0.992966017385373,0.9928218095093341,0.09757974435456163,0.1186084538600818,0.3024042248725891,0.9995815001850029,0.9968412376618266,0.0238158429049129,0.028930945317155794,0.07381043583154678
78,method_aware,tree_scm,ok,0.3,8,1,0,False,0.7069936990737915,1.0,0.08575620003558077,0.9976409043657224,0.9976056679600886,0.058880527293695195,0.0686890893198982,0.26415273547172546,0.9998617843653024,0.9989882362670766,0.014154393249366848,0.016626222285183328,0.06514853239059448
78,method_aware,tree_scm,ok,0.3,9,1,0,False,0.6691449284553528,1.0,0.09832882768426003,0.9972322937522904,0.9970649117552391,0.06026112532036976,0.07440035088451666,0.2084566354751587,0.9998357292842355,0.9986334690830411,0.014678949931226981,0.01812571167339434,0.050928324460983276
79,method_aware,tree_scm,ok,0.0,0,0,0,False,0.7022797465324402,1.0,-0.14828306979028913,1.0,1.0,0.0,0.0,0.0,1.0,1.0,0.0,0.0,0.0
79,method_aware,tree_scm,ok,0.1,0,1,0,False,0.7055422067642212,1.0,-0.14633195716672157,0.9993753155055629,0.9993570180065802,0.028618650033422455,0.0353464131127353,0.10786837339401245,0.9999582810793961,0.9995136479865531,0.007394434178621623,0.009134431858453472,0.028301894664764404
79,method_aware,tree_scm,ok,0.1,1,1,0,False,0.6993530988693237,1.0,-0.1493618097414828,0.9997003862557063,0.9996582974215005,0.020018901777817177,0.02447912313144411,0.06521093845367432,0.9999799524553067,0.9997401384021171,0.0051783138486598546,0.00633206848741825,0.01710301637649536
79,method_aware,tree_scm,ok,0.1,2,1,0,False,0.7051025032997131,1.0,-0.14789406231870705,0.9999049066921059,0.9998819156355053,0.011280254431312642,0.013790816291606557,0.042914390563964844,0.9999936322359696,0.9999072848866318,0.0029169680635448003,0.0035686871875838535,0.011072486639022827
79,method_aware,tree_scm,ok,0.1,3,1,0,False,0.696742832660675,1.0,-0.14881704053091263,0.9997020345542315,0.999641935930906,0.01969967745804979,0.0244116956933011,0.07425075769424438,0.9999800360414461,0.9997315441492024,0.005098564094652147,0.006318854188332168,0.019192293286323547
79,method_aware,tree_scm,ok,0.1,4,1,0,False,0.7078071236610413,1.0,-0.1475874290088073,0.9997183184381918,0.9996703673735784,0.019250618258638497,0.02373527178458094,0.06980317831039429,0.9999811403596545,0.9997509231278161,0.004979789255628475,0.006141602515006905,0.018024906516075134
79,method_aware,tree_scm,ok,0.1,5,1,0,False,0.7006998658180237,1.0,-0.14901859425185646,0.9997829324975125,0.9997724702274514,0.01645414262769407,0.0208359059862654,0.09564054012298584,0.9999854668281808,0.9998247957048851,0.004256414597534786,0.005391321160627844,0.02491217851638794
79,method_aware,tree_scm,ok,0.1,6,1,0,False,0.693306028842926,1.0,-0.14805992004861468,0.999487996622511,0.9994044037443675,0.026312666183684996,0.03200010521198051,0.09740281105041504,0.9999656871492428,0.9995605084579069,0.00681063570942797,0.008284063234504225,0.02522900700569153
79,method_aware,tree_scm,ok,0.1,7,1,0,False,0.7047408819198608,1.0,-0.14694180045285518,0.9996953954745531,0.9996889081610756,0.01947209854009202,0.024682160235356413,0.0989004373550415,0.9999796521384151,0.9997675751913311,0.005038006628950598,0.006379320060033263,0.0258636474609375
79,method_aware,tree_scm,ok,0.1,8,1,0,False,0.7058562636375427,1.0,-0.14874364244499277,0.9998998773217174,0.9998692980652313,0.012333065090160744,0.014150807226474894,0.039014220237731934,0.9999932957548066,0.9999068043237249,0.0031907870063605515,0.0036617606801739645,0.010023653507232666
79,method_aware,tree_scm,ok,0.1,9,1,0,False,0.7093209028244019,1.0,-0.1483585289422104,0.9997588059415367,0.9997113381553536,0.01761607356792183,0.021963335832982937,0.0738099217414856,0.9999838340793307,0.9997985659108789,0.00456045935693794,0.005686109541465221,0.019113704562187195
79,method_aware,tree_scm,ok,0.2,0,1,0,False,0.7034048438072205,1.0,-0.14927854569741786,0.9998484387752535,0.9998214764680637,0.013458401400725961,0.01741041198220067,0.06254959106445312,0.9999898726890959,0.9998659453007651,0.003484694252620102,0.004500513521423484,0.016029298305511475
79,method_aware,tree_scm,ok,0.2,1,1,0,False,0.7046132683753967,1.0,-0.14582630952175843,0.9989880193726416,0.9989681867355698,0.036431052107957385,0.044988456327522235,0.13022911548614502,0.9999324203523217,0.999206802982619,0.009420553538795673,0.011625803104590401,0.03358796238899231
79,method_aware,tree_scm,ok,0.2,2,1,0,False,0.7207227945327759,1.0,-0.14481983021482758,0.9965469714795904,0.9965623658894212,0.06773184063678173,0.08310268755334724,0.2235235571861267,0.9997691776896912,0.9974409801695158,0.017503114770079264,0.02148591730962256,0.0576615110039711
79,method_aware,tree_scm,ok,0.2,3,1,0,False,0.7078224420547485,1.0,-0.14808241797007288,0.999761478497355,0.9997183007295615,0.018247990577265227,0.021841313535947492,0.05500519275665283,0.99998401552165,0.9997829308525856,0.004725480586103004,0.005654109860233543,0.01422823965549469
79,method_aware,tree_scm,ok,0.2,4,1,0,False,0.7006680369377136,1.0,-0.14478622515122702,0.9986840072895669,0.9987607847256991,0.03821702462300891,0.051302878661140056,0.21214551851153374,0.9999122901375651,0.9991261019419211,0.009907351728969616,0.013244611456039173,0.054147422313690186
79,method_aware,tree_scm,ok,0.2,5,1,0,False,0.7177233099937439,1.0,-0.14834141308145768,0.9982077790530712,0.9980343636006006,0.051386450598783995,0.05987020849875373,0.12955045700073242,0.9998798764042167,0.9984844498784062,0.01330339461856056,0.015499909572832215,0.033543333411216736
79,method_aware,tree_scm,ok,0.2,6,1,0,False,0.6962701082229614,0.9999999403953552,-0.15017262531582798,0.9987646920272668,0.9986671867176882,0.040835325113588006,0.04970528951800896,0.1431419849395752,0.9999172849375909,0.9989712601029969,0.010562704341054996,0.012861964201848894,0.03689888119697571
79,method_aware,tree_scm,ok,0.2,7,1,0,False,0.7007108926773071,0.9999999403953552,-0.1454164071307558,0.9989641058748512,0.9989683990773192,0.03506871587160276,0.0455169006002996,0.16728836297988892,0.9999308997117552,0.9992462985480295,0.009081323009951348,0.011755874081864714,0.04279285669326782
79,method_aware,tree_scm,ok,0.2,8,1,0,False,0.695917546749115,1.0,-0.1490373584303519,0.9993539714583768,0.9993039996244903,0.029364189230889792,0.03594519459487601,0.11344540119171143,0.9999567113502107,0.9994631441778126,0.007606937122488944,0.009304692402675322,0.029526472091674805
79,method_aware,tree_scm,ok,0.2,9,1,0,False,0.7170179486274719,1.0,-0.14428870756454248,0.9964661399152366,0.996623553840927,0.0664844103877158,0.08406973292867277,0.3256821036338806,0.9997639311904908,0.9975159926865032,0.01722434668670303,0.02172872816660795,0.08502614498138428
79,method_aware,tree_scm,ok,0.3,0,1,0,False,0.6999391913414001,1.0,-0.15306680347690765,0.9946998191115909,0.994822471121522,0.08327476718372395,0.10295805616295224,0.3214791417121887,0.999645094125676,0.9960572719226092,0.02155412892901154,0.026642292866952667,0.08233654499053955
79,method_aware,tree_scm,ok,0.3,1,1,0,False,0.7103832960128784,0.9999999403953552,-0.1438122992286468,0.9962825913902086,0.9962922895357985,0.07058472792220982,0.08622538494360174,0.2534348964691162,0.999751808697819,0.9971225793040555,0.018247753362402364,0.022279645386145137,0.06511682271957397
79,method_aware,tree_scm,ok,0.3,2,1,0,False,0.718347430229187,1.0,-0.15027145600039882,0.9972454788803624,0.9970596032115013,0.06290860124849473,0.07422292185033373,0.17547482252120972,0.9998154192352555,0.9976750925362993,0.016283889946521413,0.019213577128452102,0.04511570930480957
79,method_aware,tree_scm,ok,0.3,3,1,0,False,0.7154911756515503,1.0,-0.14470991684928936,0.9971515660816993,0.9971992346756311,0.0618282234126184,0.07547759563043716,0.20317614078521729,0.9998096950929417,0.9978745596702668,0.015972747368692808,0.019509224464176186,0.052322983741760254
79,method_aware,tree_scm,ok,0.3,4,1,0,False,0.7025720477104187,1.0,-0.1512213171998533,0.9987140885608954,0.9988167758922822,0.038735170816153186,0.05071314183109862,0.2236464023590088,0.9999140398051969,0.9991557739074458,0.010012675660021841,0.013111841954349576,0.058532536029815674
79,method_aware,tree_scm,ok,0.3,5,1,0,False,0.6801925301551819,1.0,-0.14873277989700653,0.9937004682812715,0.9932410168264073,0.0896468376160442,0.11224554965967146,0.36904239654541016,0.9995777373442782,0.9950517219798297,0.023209152761571872,0.029060718151801196,0.09551039338111877
79,method_aware,tree_scm,ok,0.3,6,1,0,False,0.7138412594795227,1.0,-0.1453693643427371,0.9979262971453713,0.9979166480401973,0.05273641155997666,0.0644003529401997,0.17313599586486816,0.999861404251122,0.9984263464702094,0.013626004473593412,0.016649069081548885,0.044516175985336304
79,method_aware,tree_scm,ok,0.3,7,1,0,False,0.7162177562713623,0.9999999403953552,-0.14861654784986086,0.9985639520719894,0.9986158111901866,0.045651821629149936,0.05359193802255309,0.17365968227386475,0.9999037456843195,0.9989925054538301,0.01181958628669122,0.013874747942684106,0.04499393701553345
79,method_aware,tree_scm,ok,0.3,8,1,0,False,0.6967242956161499,1.0,-0.14906794842153867,0.9996123770311748,0.9995519030291108,0.02262421204147813,0.027843238787546916,0.08104932308197021,0.9999740354964434,0.9996601526178385,0.005852013062707329,0.007206178565094877,0.020938381552696228
79,method_aware,tree_scm,ok,0.3,9,1,0,False,0.703823447227478,1.0,-0.15019881087560627,0.9993149495979442,0.9992585808418566,0.029086088883673256,0.037014871895073104,0.11872249841690063,0.9999541866436056,0.9994239615370859,0.007526551773935353,0.009572184456327092,0.030427217483520508
80,pren_linear,mlp_scm,ok,0.0,0,0,0,False,0.7189712524414062,1.0,0.001425483762384772,1.0,1.0,0.0,0.0,0.0,1.0,1.0,0.0,0.0,0.0
80,pren_linear,mlp_scm,ok,0.1,0,1,0,False,0.718908965587616,1.0,0.0031352526915242466,0.9998821678667287,0.9999238363672125,0.01065167566722991,0.015351360629733126,0.06271302700042725,0.9999927613592325,0.9999866783491882,0.0026663082323352683,0.003804902300988843,0.016159534454345703
80,pren_linear,mlp_scm,ok,0.1,1,1,0,False,0.7163243293762207,1.0,0.002713159405406984,0.9999349398589022,0.999957118142479,0.008159823467433824,0.011407028115375063,0.03340268135070801,0.9999960041103371,0.9999924786317145,0.002030549990365671,0.0028269735748998933,0.008782386779785156
80,pren_linear,mlp_scm,ok,0.1,2,1,0,False,0.718828022480011,1.0,0.001823375580365493,0.9999937112955842,0.9999922551140833,0.0024700795055245806,0.0035464642678228585,0.01399010419845581,0.9999996136196058,0.9999979101101495,0.0006177273434104791,0.0008790681354753378,0.003617405891418457
80,pren_linear,mlp_scm,ok,0.1,3,1,0,False,0.7179440855979919,1.0,0.00248303064044618,0.9999564388953153,0.9999686963557685,0.006581508519882817,0.00933392804674057,0.03353476524353027,0.9999973246449277,0.9999939538480795,0.0016430465693133556,0.0023131602115425997,0.008734464645385742
80,pren_linear,mlp_scm,ok,0.1,4,1,0,False,0.7144289612770081,0.9999999403953552,0.007951412077538508,0.9983348845804004,0.9990747599420641,0.04097657604817151,0.057708153689681574,0.20995551347732544,0.9998978631726263,0.9998779705493169,0.010227343737085448,0.014292433357757145,0.05454754829406738
80,pren_linear,mlp_scm,ok,0.1,5,1,0,False,0.7198346853256226,1.0,0.0014864533296750975,0.9999990813005397,0.9999974407231241,0.0009309832104129612,0.001355506875675814,0.006976485252380371,0.9999999429850823,0.9999994523818039,0.0002318869226201059,0.0003376830424730456,0.0017343759536743164
80,pren_linear,mlp_scm,ok,0.1,6,1,0,False,0.7170443534851074,1.0,0.0027410935026012232,0.9999328024217281,0.999954715327945,0.008235666533021657,0.011592892429933648,0.03823143243789673,0.9999958733955548,0.9999920762999784,0.0020538459182830593,0.002872839889619947,0.009995818138122559
80,pren_linear,mlp_scm,ok,0.1,7,1,0,False,0.720262885093689,1.0,-0.0008876808681831192,0.9997885752395003,0.9998602008976467,0.014292212066909116,0.02056330577288788,0.08000755310058594,0.999987002386735,0.9999787099456403,0.0035737572841867404,0.00509855145705478,0.020731091499328613
80,pren_linear,mlp_scm,ok,0.1,8,1,0,False,0.7222198843955994,1.0,-0.0018185324808947655,0.9995894524661328,0.9997535606358628,0.020036353782561633,0.028654757315639906,0.10495930910110474,0.9999747593472162,0.9999635666261355,0.0050061940065120325,0.0071050198793598,0.027342915534973145
80,pren_linear,mlp_scm,ok,0.1,9,1,0,False,0.7275699377059937,1.0,-0.004941128430480897,0.9984247887990503,0.9990645340104426,0.039220216802352326,0.05612862405650481,0.19824188947677612,0.9999030874837955,0.9998840083190019,0.009794730590840572,0.013922106214164641,0.05176866054534912
80,pren_linear,mlp_scm,ok,0.2,0,1,0,False,0.714616060256958,1.0,0.0024921638940265775,0.9999484440257267,0.9999636225055432,0.007271334252788364,0.010154405563262824,0.03843569755554199,0.9999968282248427,0.9999933503504755,0.0018073878874815819,0.0025186406024216247,0.009470134973526001
80,pren_linear,mlp_scm,ok,0.2,1,1,0,False,0.71567702293396,1.0,0.0027780063138631156,0.9999271314323142,0.9999521336993061,0.008660476629113845,0.012072163659796126,0.032767295837402344,0.9999955238014857,0.9999916963200055,0.0021530172259076608,0.0029920556551733548,0.008808612823486328
80,pren_linear,mlp_scm,ok,0.2,2,1,0,False,0.7365687489509583,1.0,-0.012569795812400501,0.9923272156589092,0.9953504532937557,0.085077383132802,0.12387723486424919,0.46304425597190857,0.9995270337277408,0.9994724089836204,0.02127950619484409,0.030756016665326756,0.12083625793457031
80,pren_linear,mlp_scm,ok,0.2,3,1,0,False,0.7195934057235718,1.0,0.0004410184327745627,0.9999618618824843,0.9999691964763818,0.0060968018589910855,0.008733626708695392,0.033408164978027344,0.9999976562659402,0.9999939091445533,0.0015238631564784555,0.002165056149201038,0.008665204048156738
80,pren_linear,mlp_scm,ok,0.2,4,1,0,False,0.7130497694015503,1.0,0.008138246677269444,0.9982443861932219,0.9990281565159858,0.04220010621211756,0.059255614182537844,0.2089860439300537,0.9998923215318261,0.9998727625885129,0.010531089855874143,0.014675044851510662,0.05439901351928711
80,pren_linear,mlp_scm,ok,0.2,5,1,0,False,0.7196526527404785,1.0,0.004018278082768706,0.9997243966943447,0.9998286402081396,0.016211665652132723,0.02347779019594071,0.09888166189193726,0.9999830694003353,0.9999741278342035,0.004062503465490863,0.005819037668333394,0.025403261184692383
80,pren_linear,mlp_scm,ok,0.2,6,1,0,False,0.7184241414070129,1.0,0.006708820875998828,0.9988838936724168,0.99935457048852,0.03310415693330526,0.04724629901136233,0.1883043646812439,0.9999315003474958,0.9999142586367211,0.008277777337795555,0.011704670227299669,0.04856419563293457
80,pren_linear,mlp_scm,ok,0.2,7,1,0,False,0.7135301232337952,1.0,0.013151270772054422,0.994599596284209,0.9973118428581645,0.0743348230162546,0.10392693630017776,0.38082021474838257,0.9996691342248586,0.9996204447106788,0.018545348603254297,0.02572414321281157,0.0986948013305664
80,pren_linear,mlp_scm,ok,0.2,8,1,0,False,0.7252387404441833,1.0,-0.005556692106320705,0.9980867496617176,0.9988276500250338,0.04282384339474632,0.06185871600790191,0.23482120037078857,0.9998822587593226,0.9998606032293825,0.010710703738737948,0.015345438783544826,0.06106925010681152
80,pren_linear,mlp_scm,ok,0.2,9,1,0,False,0.7206459045410156,1.0,0.00013483639880776608,0.999935333247032,0.9999524801516343,0.008020332543953401,0.011372488965962955,0.03928786516189575,0.9999960263480059,0.9999912828123881,0.0020018660507616914,0.002819096328772224,0.01025700569152832
80,pren_linear,mlp_scm,ok,0.3,0,1,0,False,0.7257315516471863,1.0,-0.0055191963533958045,0.9981114895523918,0.9988478671947641,0.04261335640793007,0.061457472853696564,0.23066437244415283,0.999883785416994,0.9998611061440527,0.01065502341717206,0.015245628045956678,0.060045480728149414
80,pren_linear,mlp_scm,ok,0.3,1,1,0,False,0.7164927124977112,0.9999999403953552,0.001657651856978735,0.999993854289216,0.9999928697875687,0.0023482170029858196,0.0035059123566001096,0.01965165138244629,0.9999996194520856,0.9999981783313066,0.0005843047451321581,0.0008724080538488613,0.004874587059020996
80,pren_linear,mlp_scm,ok,0.3,2,1,0,False,0.7505356073379517,1.0,-0.01696227145117056,0.9867971441175933,0.9920360444531864,0.1115577811944668,0.1624983471759471,0.5824736654758453,0.9991853207061371,0.9990926525284314,0.027874563609579184,0.04036531498751337,0.15244746208190918
80,pren_linear,mlp_scm,ok,0.3,3,1,0,False,0.7166181206703186,1.0,0.004579725299232612,0.9996109625696664,0.999768279271869,0.019682889381709145,0.027893993477941605,0.10261183977127075,0.9999761176158307,0.999965153601316,0.0049149612531778075,0.006911206114480876,0.026665568351745605
80,pren_linear,mlp_scm,ok,0.3,4,1,0,False,0.7210363745689392,1.0,-0.0027719326838309146,0.9993002620097989,0.999572377244117,0.025855416334611192,0.037409570699734385,0.14820224046707153,0.9999569607082206,0.9999431818181818,0.006468837928707671,0.009277854482398026,0.03836655616760254
80,pren_linear,mlp_scm,ok,0.3,5,1,0,False,0.7357137799263,1.0,-0.012185116594666732,0.9927417488953869,0.9956116224697804,0.08277163833755097,0.12048444865020556,0.4511830508708954,0.9995526267093422,0.9994995104963877,0.020703094023588164,0.029912315048708265,0.11772036552429199
80,pren_linear,mlp_scm,ok,0.3,6,1,0,False,0.7201969623565674,1.0,-0.0011397995102290074,0.9997390272686598,0.9998317471032114,0.015843652816290188,0.022846125837655065,0.08998006582260132,0.9999839546778762,0.9999743960553606,0.00396284174127004,0.005664860478852959,0.023292899131774902
80,pren_linear,mlp_scm,ok,0.3,7,1,0,False,0.7079934477806091,1.0,0.0188147487979341,0.9881530563457553,0.9943902103747942,0.11158419455777491,0.15392818852747553,0.5304546356201172,0.9992751698726752,0.9992094069630211,0.02780850021099468,0.03807440468210498,0.137839674949646
80,pren_linear,mlp_scm,ok,0.3,8,1,0,False,0.708177387714386,1.0,0.01369778294689992,0.9941264951870863,0.99710894472856,0.07800915988040558,0.10838362172431151,0.36958205699920654,0.9996402264266714,0.9995913538909947,0.01945658374955883,0.026824376560173523,0.09621226787567139
80,pren_linear,mlp_scm,ok,0.3,9,1,0,False,0.7316855788230896,1.0,-0.008158635545319445,0.9964222073825728,0.9978400708997925,0.05870059728468746,0.08459069451943513,0.3055450916290283,0.9997797059970595,0.999748196212717,0.0146702856878278,0.020990188704536082,0.07977211475372314
81,pren_linear,mlp_scm,ok,0.0,0,0,0,False,0.7212347984313965,1.0,-0.08423478561585178,1.0,1.0,0.0,0.0,0.0,1.0,1.0,0.0,0.0,0.0
81,pren_linear,mlp_scm,ok,0.1,0,1,0,False,0.7236528396606445,1.0,-0.08451052011509795,0.9996182397153524,0.9997510013589871,0.0195339413193949,0.027631875964116374,0.11546450853347778,0.9999752388952583,0.9999553635290751,0.004980255381440202,0.007037201953863184,0.029465079307556152
81,pren_linear,mlp_scm,ok,0.1,1,1,0,False,0.72434401512146,1.0,-0.08434823056930735,0.9997210903289475,0.999814413310922,0.016802081243114664,0.023618198572903523,0.09225451946258545,0.9999819092231619,0.9999676011193762,0.004281757409067666,0.0060151104303567,0.02351933717727661
81,pren_linear,mlp_scm,ok,0.1,2,1,0,False,0.7283787727355957,1.0,-0.08441212756117293,0.9987543259123578,0.9992652416672627,0.035368133795458334,0.04991340598393765,0.19513672590255737,0.9999192003276396,0.9998685939846934,0.009011602729344759,0.012712173000567113,0.04973602294921875
81,pren_linear,mlp_scm,ok,0.1,3,1,0,False,0.7186459898948669,1.0,-0.08414512187651356,0.9998082419304585,0.9998760930012159,0.014045350627753805,0.01958356760622902,0.0740208625793457,0.9999875626923879,0.9999708533009083,0.003578922151668884,0.004987445760501661,0.018869638442993164
81,pren_linear,mlp_scm,ok,0.1,4,1,0,False,0.7189634442329407,1.0,-0.08415239406171814,0.9998493723515156,0.9998995400007152,0.012441822351853205,0.01735670764146075,0.06586235761642456,0.9999902303813679,0.9999745972212286,0.0031703932196194273,0.004420320995158189,0.016790390014648438
81,pren_linear,mlp_scm,ok,0.1,5,1,0,False,0.7145186066627502,1.0,-0.0835002901370128,0.9971200441009069,0.99843419193906,0.05477111937247514,0.07589408043233745,0.29558467864990234,0.9998132516076488,0.9996740330627278,0.013962607347650646,0.019326065337444305,0.07541602849960327
81,pren_linear,mlp_scm,ok,0.1,6,1,0,False,0.7251838445663452,1.0,-0.08445185795426483,0.9994371014722909,0.9996452775194907,0.023784219689417796,0.033552898366756595,0.13479846715927124,0.9999634887078663,0.9999356604498961,0.006062100596693654,0.008545325214872102,0.03437680006027222
81,pren_linear,mlp_scm,ok,0.1,7,1,0,False,0.7305182814598083,1.0,-0.08447258854365229,0.9978845197093539,0.99874949708533,0.04595133923155004,0.06504583337111679,0.2571806311607361,0.9998627790311516,0.9997833667119661,0.01170821880322137,0.016566289413959098,0.0655515193939209
81,pren_linear,mlp_scm,ok,0.1,8,1,0,False,0.7248204350471497,1.0,-0.0841507692190542,0.9998590191295545,0.9999053626350046,0.012037615144976144,0.01679171625402285,0.0563473105430603,0.9999908560977523,0.9999832138259066,0.003063791571719321,0.004276424233944268,0.014333069324493408
81,pren_linear,mlp_scm,ok,0.1,9,1,0,False,0.7241039276123047,1.0,-0.08433163661706894,0.999770660313253,0.9998467674880194,0.015246367073785905,0.021416800653538272,0.08321893215179443,0.9999851244809009,0.9999730437736928,0.003885152079845966,0.005454451281197452,0.021214604377746582
81,pren_linear,mlp_scm,ok,0.2,0,1,0,False,0.7158472537994385,1.0,-0.08244188834034968,0.9927286074153978,0.9961355701487732,0.08735692616690471,0.12059346688596659,0.48706698417663574,0.9995286765861374,0.9992038860775336,0.022278107548913795,0.03070255479783014,0.12435734272003174
81,pren_linear,mlp_scm,ok,0.2,1,1,0,False,0.742428719997406,1.0,-0.08441743427955979,0.9917061384812127,0.9950173561440524,0.09006624592760382,0.12879333437684745,0.5151417851448059,0.9994620187808639,0.9992281042128603,0.022942389929824003,0.032801866113238806,0.13123995065689087
81,pren_linear,mlp_scm,ok,0.2,2,1,0,False,0.7136263251304626,1.0,-0.08361583783862969,0.9971477680372447,0.9984554037622487,0.05456852401235324,0.07552790011408306,0.2884155511856079,0.9998150391016783,0.999674882429726,0.013909219462505007,0.019233351229635657,0.07356905937194824
81,pren_linear,mlp_scm,ok,0.2,3,1,0,False,0.7231552004814148,0.9999999403953552,-0.0843741748175753,0.9998376415374779,0.9998883976468064,0.012796198298786976,0.018019903170772816,0.07283669710159302,0.9999894693338032,0.9999802075137686,0.0032617756020840716,0.0045892626793910506,0.01857924461364746
81,pren_linear,mlp_scm,ok,0.2,4,1,0,False,0.7138099670410156,1.0,-0.08253640028596419,0.9917985637030954,0.9956508498140333,0.09304883460018232,0.12807369672828917,0.5043137073516846,0.999468356116856,0.9991054265610471,0.02372783600492312,0.03260809435232134,0.12873148918151855
81,pren_linear,mlp_scm,ok,0.2,5,1,0,False,0.7212427258491516,0.9999999403953552,-0.08419905898175034,0.9999984981478228,0.9999968707531649,0.0012150080704316224,0.001733119840778436,0.00798875093460083,0.9999999026283783,0.9999989159394892,0.0003099572698488373,0.00044129722635449943,0.002041935920715332
81,pren_linear,mlp_scm,ok,0.2,6,1,0,False,0.7244066596031189,1.0,-0.08438039146162384,0.9996733679013986,0.9997864736070379,0.018160833576047253,0.025559033441400966,0.10114514827728271,0.9999788138372482,0.9999619461233101,0.004628398459630034,0.006509403010519832,0.025790512561798096
81,pren_linear,mlp_scm,ok,0.2,7,1,0,False,0.7228098511695862,1.0,-0.08427077227721345,0.9999401950729292,0.9999562883331516,0.007808413444507778,0.010936628859743875,0.04148656129837036,0.9999961209347119,0.9999911710535726,0.001989453054079604,0.0027853421035781093,0.010573267936706543
81,pren_linear,mlp_scm,ok,0.2,8,1,0,False,0.7146799564361572,1.0,-0.08273823485318217,0.9936393813806548,0.9966212516093268,0.0817036738682475,0.11278845939057035,0.44881486892700195,0.9995876630142903,0.9992983334525427,0.02083491962611106,0.02871713736642838,0.11456763744354248
81,pren_linear,mlp_scm,ok,0.2,9,1,0,False,0.71954745054245,1.0,-0.08415554172087444,0.9999052191514878,0.9999315477254844,0.009855515495104328,0.013768140692043757,0.05310553312301636,0.9999938526418056,0.9999829009012231,0.002511617244010722,0.0035063823189375215,0.013540863990783691
81,pren_linear,mlp_scm,ok,0.3,0,1,0,False,0.7164433598518372,1.0,-0.08447816129432482,0.9998609651972796,0.9999094306558901,0.012019092883662097,0.01667541863495947,0.05385541915893555,0.9999909832250211,0.9999768882769472,0.003054894038236,0.004246592805693613,0.013663291931152344
81,pren_linear,mlp_scm,ok,0.3,1,1,0,False,0.7175660729408264,1.0,-0.0836788444569223,0.9988014529315052,0.9993242391459838,0.035094369038660034,0.04896012646711979,0.19836163520812988,0.9999222803513351,0.9998510478506543,0.008947931895818328,0.012467529777219979,0.05062556266784668
81,pren_linear,mlp_scm,ok,0.3,2,1,0,False,0.717292308807373,0.9999999403953552,-0.0838164395113143,0.9990422295459113,0.9994580815034689,0.03139878016924058,0.043766892815326364,0.17393338680267334,0.9999378890617333,0.9998784287604604,0.008004446315396763,0.011145486688811435,0.044378459453582764
81,pren_linear,mlp_scm,ok,0.3,3,1,0,False,0.7159552574157715,1.0,-0.08462586892491285,0.9999160706653286,0.9999411478077389,0.009244756911531482,0.012956028168138633,0.05095553398132324,0.9999945604758016,0.9999849907910736,0.002345094055925756,0.003298340314817693,0.012917041778564453
81,pren_linear,mlp_scm,ok,0.3,4,1,0,False,0.7146199941635132,1.0,-0.08359102388495063,0.9974939685347718,0.9986238242972605,0.05106932860419988,0.07079592443658152,0.2745600938796997,0.9998374929329873,0.9997118885667152,0.013018222456707917,0.01802814868486069,0.07004553079605103
81,pren_linear,mlp_scm,ok,0.3,5,1,0,False,0.7175151705741882,1.0,-0.08147996746170492,0.9873970145067698,0.9935118978435017,0.1156111942643463,0.1587638851293317,0.6447051763534546,0.9991833500534925,0.9986412474966025,0.029479253014073947,0.04041410523134294,0.16464364528656006
81,pren_linear,mlp_scm,ok,0.3,6,1,0,False,0.7364842891693115,1.0,-0.08465049562568003,0.9942382089237055,0.9965879363064157,0.07520132332294338,0.10734794758474885,0.4370890259742737,0.9996262442601033,0.9994561592518416,0.019161990017025232,0.027340656007517457,0.11141479015350342
81,pren_linear,mlp_scm,ok,0.3,7,1,0,False,0.7380311489105225,1.0,-0.08484243833654097,0.9921297321545279,0.9952054462305986,0.08748241352256514,0.12546129065875142,0.5225599110126495,0.9994894512501244,0.9992665715971675,0.022293535158667055,0.03195461701803571,0.13323062658309937
81,pren_linear,mlp_scm,ok,0.3,8,1,0,False,0.7185566425323486,1.0,-0.08373291528612267,0.9991813333835797,0.9995320993669978,0.02891993794168002,0.04046397462457562,0.16694974899291992,0.9999469142430959,0.999894086170517,0.007374329854087591,0.010303956377020064,0.042616188526153564
81,pren_linear,mlp_scm,ok,0.3,9,1,0,False,0.7099604606628418,1.0,-0.08319586793697611,0.9929674783834086,0.9962687419533652,0.08630980886667317,0.1185961353355883,0.44236862659454346,0.9995440090741858,0.9992283500822543,0.022000124994690395,0.030199037014279787,0.11284589767456055
82,pren_linear,mlp_scm,ok,0.0,0,0,0,False,0.7248995304107666,1.0,-0.142886272899222,1.0,1.0,0.0,0.0,0.0,1.0,1.0,0.0,0.0,0.0
82,pren_linear,mlp_scm,ok,0.1,0,1,0,False,0.7247934341430664,1.0,-0.14249327589982583,0.999988528516121,0.9999885670731706,0.0033453722361116434,0.004789881855461176,0.020882010459899902,0.9999992385655783,0.9999962560796795,0.0008624926209677142,0.0012340457216910578,0.005324602127075195
82,pren_linear,mlp_scm,ok,0.1,1,1,0,False,0.7196983695030212,1.0,-0.1361575674265715,0.9971993699738233,0.9985368535870109,0.05354230240277502,0.07484156718535764,0.29502058029174805,0.9998146609764702,0.9996484291180889,0.013767726242690514,0.019253000618237516,0.07488459348678589
82,pren_linear,mlp_scm,ok,0.1,2,1,0,False,0.7267525792121887,1.0,-0.1442751588144766,0.9998623651381782,0.9999046362027036,0.01171481913735306,0.01659125401615563,0.06543606519699097,0.9999908626589898,0.9999759159752521,0.003014567400555279,0.004274889631739993,0.016663670539855957
82,pren_linear,mlp_scm,ok,0.1,3,1,0,False,0.7214792966842651,1.0,-0.14056241280928503,0.9996501934468768,0.9997846072348187,0.01888798267071934,0.026450200343183364,0.09866011142730713,0.999976815875786,0.999945729919176,0.004854171965462228,0.006809423530825458,0.025057315826416016
82,pren_linear,mlp_scm,ok,0.1,4,1,0,False,0.7225566506385803,1.0,-0.14189778107689432,0.9999377262824372,0.999955061780273,0.008005323378938556,0.01116008223269985,0.03662383556365967,0.9999958718026805,0.9999864324797939,0.0020568110315934973,0.0028733942136862016,0.009324312210083008
82,pren_linear,mlp_scm,ok,0.1,5,1,0,False,0.7232341170310974,1.0,-0.14168759442705378,0.9999040762000462,0.9999350569522923,0.009854578563022187,0.013850905909415035,0.05286145210266113,0.9999936391338516,0.9999809115943065,0.002533632611402936,0.0035667537708804556,0.013438105583190918
82,pren_linear,mlp_scm,ok,0.1,6,1,0,False,0.7298613786697388,1.0,-0.14619602336179077,0.9991869465028408,0.9994987728882053,0.02837679115600622,0.04032501610201969,0.1589851975440979,0.9999459811261586,0.9998883976468064,0.0073042252959112375,0.010394120621632065,0.04051852226257324
82,pren_linear,mlp_scm,ok,0.1,7,1,0,False,0.7266601920127869,1.0,-0.14367779298898492,0.9999582256904062,0.9999648071489878,0.006526375903149528,0.009140493176281565,0.031564533710479736,0.9999972284818982,0.9999903552142193,0.001677856566857372,0.002354365303094822,0.008014142513275146
82,pren_linear,mlp_scm,ok,0.1,8,1,0,False,0.719781219959259,0.9999999403953552,-0.13875796842381674,0.9989222760297459,0.9993941554609825,0.03320351117673681,0.046426801370112736,0.17578661441802979,0.9999286184019345,0.9998516289964952,0.008533018170767404,0.011948355087599328,0.044627249240875244
82,pren_linear,mlp_scm,ok,0.1,9,1,0,False,0.7231515049934387,1.0,-0.14062998455653655,0.9996536403967159,0.9997873900293254,0.018622354974695554,0.02631955884788332,0.10742151737213135,0.9999770353203575,0.9999471939596594,0.00479358166143129,0.006777120325087973,0.027334153652191162
82,pren_linear,mlp_scm,ok,0.2,0,1,0,False,0.7207928895950317,1.0,-0.14027379601712922,0.9995632100685591,0.9997383390851869,0.0211428639930773,0.02955638377617444,0.10831665992736816,0.9999710557808691,0.9999338723088476,0.005432625703633676,0.00760844516395706,0.027496397495269775
82,pren_linear,mlp_scm,ok,0.2,1,1,0,False,0.7200807332992554,1.0,-0.13946683025238155,0.9992573148129655,0.9995763446820684,0.027572243219481152,0.038540502671298424,0.14344000816345215,0.9999507985492689,0.9998942426328589,0.0070844112641381685,0.009919823621981468,0.03641247749328613
82,pren_linear,mlp_scm,ok,0.2,2,1,0,False,0.7197144627571106,1.0,-0.1341533923027922,0.9954045770847341,0.9976528078284813,0.06874623729163432,0.0958689001692734,0.3808506727218628,0.9996961080307912,0.999446190365496,0.017675606245802555,0.024653274363454842,0.09661251306533813
82,pren_linear,mlp_scm,ok,0.2,3,1,0,False,0.7260276079177856,1.0,-0.1450549600486615,0.9996335947431393,0.9997649935626921,0.018831463560900374,0.02707047324960417,0.11736315488815308,0.9999756555301075,0.9999447129139545,0.004854527107681861,0.006977746001302845,0.029953360557556152
82,pren_linear,mlp_scm,ok,0.2,4,1,0,False,0.7268255949020386,1.0,-0.14438746957557305,0.9998381388314044,0.9998909345719189,0.012690848409533828,0.0179922852056427,0.07148295640945435,0.9999892535062561,0.9999725185072598,0.0032662316076539355,0.004636053013764761,0.018207013607025146
82,pren_linear,mlp_scm,ok,0.2,5,1,0,False,0.7268444895744324,1.0,-0.14279219229061385,0.9999943329526961,0.9999934509334096,0.002308414296464889,0.003366614678251547,0.019503116607666016,0.9999996215405009,0.9999975077784135,0.0005971326551836853,0.0008700109242637317,0.005024313926696777
82,pren_linear,mlp_scm,ok,0.2,6,1,0,False,0.7258573770523071,1.0,-0.14336102474355056,0.9999849264227199,0.99998287854946,0.003916365728230176,0.005490642521167333,0.019506633281707764,0.9999990000008147,0.9999947473356696,0.0010070148491649888,0.0014142129932778452,0.004954993724822998
82,pren_linear,mlp_scm,ok,0.2,7,1,0,False,0.7419131994247437,1.0,-0.15183829003537352,0.9930867334589614,0.9960339478578069,0.08163710243979949,0.1175862773953718,0.47292813658714294,0.999539575899782,0.99916242355697,0.02104322327261343,0.03034548014790937,0.12087219953536987
82,pren_linear,mlp_scm,ok,0.2,8,1,0,False,0.72271728515625,1.0,-0.1412566388210846,0.9998238601625428,0.9998836143695012,0.013360144039722854,0.01876911461253502,0.07180953025817871,0.9999883217641339,0.9999688639939917,0.0034348413416296353,0.004832853363655221,0.018252670764923096
82,pren_linear,mlp_scm,ok,0.2,9,1,0,False,0.7165522575378418,0.9999999403953552,-0.13390655223433884,0.9952673970768133,0.9975753254416708,0.07007301604028271,0.09728928859209045,0.36875462532043457,0.9996871264482131,0.9994272695980259,0.017999987642951965,0.025014936959136487,0.09344053268432617
82,pren_linear,mlp_scm,ok,0.3,0,1,0,False,0.752913773059845,1.0,-0.15477067803137776,0.986769060059887,0.9923136533509763,0.11235766841059558,0.16267107898660138,0.6494128704071045,0.9991177368989843,0.998426055897289,0.02897212166090668,0.042006262949562306,0.16618138551712036
82,pren_linear,mlp_scm,ok,0.3,1,1,0,False,0.7399241924285889,1.0,-0.1487048518495128,0.99747993819332,0.9985025324547598,0.05023162092538769,0.07099382705270318,0.2502436637878418,0.999832456595367,0.9996788051641513,0.01292638738064511,0.018305376124244276,0.06370365619659424
82,pren_linear,mlp_scm,ok,0.3,2,1,0,False,0.7243555188179016,1.0,-0.14037619401654391,0.9995541594519519,0.9997329411343967,0.020967999619983857,0.02986102892696591,0.12903928756713867,0.9999704328732978,0.9999335929118087,0.005404702331446742,0.007689879951630862,0.03286999464035034
82,pren_linear,mlp_scm,ok,0.3,3,1,0,False,0.7192944884300232,0.9999999403953552,-0.13727218180327563,0.9980364118305712,0.9989355838921335,0.04484051666528899,0.06266718730787182,0.24201858043670654,0.9998700096656182,0.99974562575996,0.01152625581256661,0.016123915636722403,0.061431169509887695
82,pren_linear,mlp_scm,ok,0.3,4,1,0,False,0.7182582020759583,1.0,-0.13919875713753257,0.999159095157052,0.9995232927723338,0.029460852961875617,0.041009873368281796,0.14322340488433838,0.9999443075758833,0.9998801610221014,0.007568078364329267,0.010553901892720274,0.0363040566444397
82,pren_linear,mlp_scm,ok,0.3,5,1,0,False,0.7222884893417358,1.0,-0.13977813175067474,0.9993584557128898,0.9996263008726127,0.025424095184476414,0.035820226208469357,0.14410150051116943,0.9999574807656609,0.9999070725448822,0.0065423279498730835,0.009221630539129165,0.0366443395614624
82,pren_linear,mlp_scm,ok,0.3,6,1,0,False,0.7206144332885742,1.0,-0.14205430805647545,0.999955336128491,0.999965801802446,0.006775592967983357,0.009451335388068449,0.0406038761138916,0.9999970387702525,0.9999895058472211,0.0017354392875859048,0.0024336103554384383,0.009658575057983398
82,pren_linear,mlp_scm,ok,0.3,7,1,0,False,0.7216421365737915,1.0,-0.13936125233764246,0.9991872682254238,0.9995403024640582,0.028678857848049688,0.040317037723501016,0.15999197959899902,0.999946147155902,0.9998856372040625,0.007377219180170869,0.010378134986193353,0.040667057037353516
82,pren_linear,mlp_scm,ok,0.3,8,1,0,False,0.7219222187995911,1.0,-0.14064748701825588,0.9996718610233158,0.999797537729776,0.01826025485684113,0.025617922518174546,0.09755122661590576,0.9999782496684698,0.999948456834275,0.004693995335401269,0.0065955032160011145,0.024787187576293945
82,pren_linear,mlp_scm,ok,0.3,9,1,0,False,0.7195922136306763,1.0,-0.13379628180123432,0.9950506938369996,0.9974700039339102,0.07139196961384187,0.09949176771899072,0.3947174549102783,0.9996727524764419,0.9994029955832915,0.018354624892936044,0.025583100542208807,0.10011368989944458
83,pren_linear,mlp_scm,ok,0.0,0,0,0,False,0.7061498165130615,1.0,-0.0007909855411732174,1.0,1.0,0.0,0.0,0.0,1.0,1.0,0.0,0.0,0.0
83,pren_linear,mlp_scm,ok,0.1,0,1,0,False,0.7076079249382019,1.0,-0.0007027590740198316,0.9996689605584052,0.9997801815857233,0.018024931247722975,0.0257308927466762,0.11060148477554321,0.9999793946981009,0.9999658912094986,0.004495582168601686,0.006419548486868132,0.0275876522064209
83,pren_linear,mlp_scm,ok,0.1,1,1,0,False,0.7052196264266968,1.0,-0.0008348513945707957,0.9999026865771548,0.9999300948608825,0.009883868385500705,0.013950872547650425,0.05783510208129883,0.9999939425754648,0.9999854937057433,0.0024652693138023096,0.003480639183695466,0.014426618814468384
83,pren_linear,mlp_scm,ok,0.1,2,1,0,False,0.6983438730239868,1.0,-0.001020604031145795,0.9959895115145918,0.9979794453186467,0.06469933382551574,0.08955990664568991,0.3424891233444214,0.9997503494226042,0.999631050622273,0.016138948812965737,0.022345047486681195,0.08543765544891357
83,pren_linear,mlp_scm,ok,0.1,3,1,0,False,0.7019339799880981,0.9999999403953552,-0.0008452118147962289,0.9996420458968135,0.9997828079178885,0.01920421396847871,0.02675646003694023,0.0951772928237915,0.9999777184527414,0.99996079500751,0.004790585210685094,0.006675559381750839,0.02374267578125
83,pren_linear,mlp_scm,ok,0.1,4,1,0,False,0.6996538043022156,1.0,-0.0010201455970964316,0.9964215613483518,0.9982166757563836,0.06098405083038472,0.08459832646704073,0.3300354480743408,0.9997772445234091,0.9996708926400113,0.015212030592063996,0.02110713058955334,0.08233040571212769
83,pren_linear,mlp_scm,ok,0.1,5,1,0,False,0.7123513221740723,1.0,-0.0006353158656580337,0.9985594113199039,0.9990877686681924,0.03769195042575291,0.05367659955002131,0.21684253215789795,0.9999103327819933,0.9998656547278449,0.009401401217957073,0.01339158089379105,0.05408802628517151
83,pren_linear,mlp_scm,ok,0.1,6,1,0,False,0.7139955163002014,1.0,-0.0006410959199469079,0.9984027657950495,0.998996662881768,0.03979198329379585,0.056519628356617474,0.2211066484451294,0.9999005823283995,0.9998527354087688,0.009925375395596348,0.014100898620732343,0.055152297019958496
83,pren_linear,mlp_scm,ok,0.1,7,1,0,False,0.7007324695587158,1.0,-0.0009007910835937267,0.9989542868622473,0.9994340868857735,0.03283896128721153,0.04573211246446768,0.17160272598266602,0.9999349068240243,0.9998935944317286,0.008191692577725007,0.011409923588436463,0.04280728101730347
83,pren_linear,mlp_scm,ok,0.1,8,1,0,False,0.6993880271911621,0.9999999403953552,-0.0009497643306662979,0.9979336797721038,0.9989387718153206,0.04628029498464059,0.06428561560395533,0.24318981170654297,0.9998713749177693,0.9998077077819897,0.011544400292677892,0.016039019778285032,0.06066562235355377
83,pren_linear,mlp_scm,ok,0.1,9,1,0,False,0.7008230686187744,0.9999999403953552,-0.0008995651972894847,0.9989834077350026,0.9994452068879192,0.0323732189218191,0.045090845808523815,0.16937053203582764,0.9999367195360949,0.9998957960803947,0.008075509784134738,0.011249929950576186,0.042250439524650574
83,pren_linear,mlp_scm,ok,0.2,0,1,0,False,0.7283690571784973,1.0,-0.00047546573025762943,0.9922577209698421,0.9953409537944352,0.08675599234662457,0.12443696379512975,0.48105061054229736,0.9995181112885626,0.9993624606608968,0.021639852507632895,0.031044765005063753,0.11998799443244934
83,pren_linear,mlp_scm,ok,0.2,1,1,0,False,0.7084299921989441,1.0,-0.0007146013913851576,0.999685594699583,0.9997936820506401,0.017662500467153563,0.02507609522584862,0.10298585891723633,0.9999804299697362,0.9999673776017451,0.004405424383890022,0.006256201814119232,0.025688529014587402
83,pren_linear,mlp_scm,ok,0.2,2,1,0,False,0.7107917666435242,1.0,-0.0007265577735675242,0.9995900670404269,0.9997324382197268,0.020336859093660564,0.028633299884635584,0.10573101043701172,0.999974483702638,0.999958671590015,0.005073013632552303,0.0071437102766113356,0.02637431025505066
83,pren_linear,mlp_scm,ok,0.2,3,1,0,False,0.7079694271087646,1.0,-0.0008801227141296516,0.99983375905577,0.9998876600386238,0.012441043383560668,0.01823408532027642,0.09038925170898438,0.999989652106907,0.9999788105285744,0.0031022438764694016,0.00454926221695184,0.02254590392112732
83,pren_linear,mlp_scm,ok,0.2,4,1,0,False,0.7021009922027588,1.0,-0.0008428703332083948,0.9996720890042242,0.9998012034189258,0.018377278427479382,0.025609020980428727,0.09109461307525635,0.999979588550531,0.9999631531185179,0.004584311978760525,0.006389280086456365,0.0227242112159729
83,pren_linear,mlp_scm,ok,0.2,5,1,0,False,0.7152486443519592,1.0,-0.0006019740077412081,0.9976702543841977,0.9985479065338674,0.047896105814160705,0.06826046510376396,0.27138030529022217,0.9998549895626544,0.9997921397789857,0.011946444430606107,0.017029999334275084,0.06769141554832458
83,pren_linear,mlp_scm,ok,0.2,6,1,0,False,0.7000181078910828,1.0,-0.001063966177289733,0.9952815324422698,0.9976392486835906,0.0701218163294044,0.097143887123405,0.38364505767822266,0.9997062754151103,0.9995712484800802,0.017491159336010753,0.02423735112610071,0.09570437669754028
83,pren_linear,mlp_scm,ok,0.2,7,1,0,False,0.7076172828674316,1.0,-0.0007891050885704043,0.9999882490973657,0.9999868571632928,0.003471370475054414,0.004847865928904706,0.015437602996826172,0.9999992685511021,0.9999969238385936,0.0008660636083419604,0.0012095031313359376,0.00385168194770813
83,pren_linear,mlp_scm,ok,0.2,8,1,0,False,0.7014496922492981,1.0,-0.0009356665227729095,0.9985846899464222,0.9992464885380158,0.038137194536503216,0.05320357136528447,0.20838606357574463,0.999911899667804,0.9998604914705672,0.009512747663734444,0.013274060059650513,0.05198277533054352
83,pren_linear,mlp_scm,ok,0.2,9,1,0,False,0.7053002119064331,1.0,-0.0009538800764994102,0.9989409479810973,0.9994180383198626,0.03262136305376373,0.046022863415157704,0.1993401050567627,0.9999340760551905,0.9998946337887131,0.008136503953778629,0.011482503565414229,0.04972480237483978
83,pren_linear,mlp_scm,ok,0.3,0,1,0,False,0.7182260155677795,1.0,-0.0005341345835734509,0.9959603040758455,0.9975390261783849,0.06276577480592493,0.08988543391891575,0.3619083762168884,0.9997485613348408,0.9996468421429082,0.015654890970267843,0.022424926438197764,0.09027042984962463
83,pren_linear,mlp_scm,ok,0.3,1,1,0,False,0.7113008499145508,1.0,-0.0007437007751602869,0.9996610916135206,0.999782494993205,0.018557229072698078,0.026034913771908492,0.08998489379882812,0.9999789045219505,0.9999655335812888,0.004629208331095924,0.0064954566621323465,0.02244707942008972
83,pren_linear,mlp_scm,ok,0.3,2,1,0,False,0.6985276937484741,1.0,-0.0009451959024323689,0.9978251829448478,0.9988809701559258,0.04754161928941869,0.06595175573591747,0.24486446380615234,0.9998646212575133,0.9997977053679992,0.011859184601007655,0.016454709963353503,0.06108368933200836
83,pren_linear,mlp_scm,ok,0.3,3,1,0,False,0.7128798961639404,0.9999999403953552,-0.0006965138445301678,0.9991531982209539,0.9994565839353408,0.02915890518984554,0.041153414832172476,0.15309399366378784,0.9999472911918933,0.9999170749588725,0.007273597762832651,0.010267307937988718,0.03818848729133606
83,pren_linear,mlp_scm,ok,0.3,4,1,0,False,0.6960384249687195,1.0,-0.0011242266672051029,0.9910667318163187,0.9956229771654387,0.09734197637864384,0.1336657585867055,0.5041605234146118,0.999443895184563,0.9992396824261498,0.02428224909419896,0.03334980680142574,0.12577183544635773
83,pren_linear,mlp_scm,ok,0.3,5,1,0,False,0.6990211606025696,1.0,-0.0009983249242551313,0.9967880905627596,0.9983801565517487,0.057794971913281756,0.08014872845713707,0.3077143430709839,0.9998000616048028,0.9997044091087904,0.014416733820638683,0.01999691945124178,0.07676221430301666
83,pren_linear,mlp_scm,ok,0.3,6,1,0,False,0.7102292776107788,1.0,-0.0006785952278149315,0.9992653893768989,0.9995152461376151,0.02697634996364684,0.038330420997945286,0.15532881021499634,0.9999542748152026,0.9999280161469136,0.00672862064891433,0.009562968685432095,0.038744717836380005
83,pren_linear,mlp_scm,ok,0.3,7,1,0,False,0.7216189503669739,1.0,-0.00048473552031660374,0.9941872600600489,0.9964797425970959,0.07507919879149938,0.10782151858504285,0.4335898160934448,0.9996382077897822,0.9995134468206851,0.01872663697531607,0.026899524890718417,0.10814860463142395
83,pren_linear,mlp_scm,ok,0.3,8,1,0,False,0.7111980319023132,1.0,-0.0007089345608922656,0.9994276044722009,0.9996239204098417,0.023970621876500786,0.03383476088230722,0.12813609838485718,0.9999643714001493,0.9999434276875759,0.005979390267270901,0.008441398019470225,0.031962811946868896
83,pren_linear,mlp_scm,ok,0.3,9,1,0,False,0.6976206302642822,1.0,-0.0009120731622866133,0.9982290794162628,0.9990836447678992,0.042942061148679045,0.05951336925337444,0.21138215065002441,0.9998897638075231,0.9998294895751375,0.010712108473171611,0.014848312551017453,0.052731603384017944
84,pren_linear,mlp_scm,ok,0.0,0,0,0,False,0.7417036294937134,1.0,-0.10856963450117645,1.0,1.0,0.0,0.0,0.0,1.0,1.0,0.0,0.0,0.0
84,pren_linear,mlp_scm,ok,0.1,0,1,0,False,0.7431873083114624,1.0,-0.10893341517442956,0.9999650071352433,0.9999707527179742,0.006094075006416233,0.008365747503885065,0.028123021125793457,0.9999977062154832,0.9999923109934912,0.0015635026595646195,0.0021418611125453885,0.007273316383361816
84,pren_linear,mlp_scm,ok,0.1,1,1,0,False,0.7406846880912781,1.0,-0.1080890560762179,0.9999401719801254,0.9999535083327372,0.007916793663895305,0.010938740543996132,0.042770564556121826,0.9999960792667387,0.9999861977862812,0.0020320573316574553,0.002800261908742273,0.01104593276977539
84,pren_linear,mlp_scm,ok,0.1,2,1,0,False,0.741644024848938,1.0,-0.10827833161105112,0.9999763354761828,0.9999792352120733,0.0048700830992345345,0.006879611228612233,0.030690491199493408,0.9999984488993088,0.9999927803805163,0.0012504629736334039,0.001761306754306381,0.007916808128356934
84,pren_linear,mlp_scm,ok,0.1,3,1,0,False,0.7431129217147827,1.0,-0.10881585601541921,0.9999840654868976,0.9999843202381803,0.004124344870973573,0.005645265872613786,0.015612185001373291,0.9999989555343853,0.9999953508332736,0.001057130446794119,0.0014453135855661324,0.004045605659484863
84,pren_linear,mlp_scm,ok,0.1,4,1,0,False,0.7374064922332764,1.0,-0.10604181956718718,0.9985103879745666,0.9991507782883913,0.039821513945099696,0.054582269855496815,0.2116299867630005,0.9999024521496572,0.9997884070345469,0.010220247673487393,0.013967666568124041,0.05465424060821533
84,pren_linear,mlp_scm,ok,0.1,5,1,0,False,0.7395128607749939,1.0,-0.10753358730026161,0.9997309762215609,0.9998268073635647,0.016840802709936042,0.023195852418696063,0.08962613344192505,0.9999823735612473,0.9999536871468421,0.004322517217048016,0.0059374133837206515,0.023148953914642334
84,pren_linear,mlp_scm,ok,0.1,6,1,0,False,0.7389464378356934,0.9999999403953552,-0.1077978172927729,0.9998518842291801,0.9998995400007152,0.012582473142089157,0.017211378812137624,0.05857264995574951,0.9999902949685285,0.9999737255024675,0.003227659113022696,0.004405685280878157,0.01514655351638794
84,pren_linear,mlp_scm,ok,0.1,7,1,0,False,0.7441626787185669,1.0,-0.10895354137153494,0.9999606634443458,0.9999697915921607,0.0064677112230526745,0.008869786526248749,0.025301814079284668,0.9999974214245921,0.9999916292647164,0.0016581789079737064,0.0022709361214324594,0.006488624960184097
84,pren_linear,mlp_scm,ok,0.1,8,1,0,False,0.7489199042320251,1.0,-0.1108935557719956,0.9983328582082508,0.9990282012195122,0.041324768228918174,0.05774325620265328,0.22520625591278076,0.9998906347261586,0.9997812656462339,0.01061010433585352,0.014789542139121332,0.0581662654876709
84,pren_linear,mlp_scm,ok,0.1,9,1,0,False,0.7389647364616394,1.0,-0.10670950460699596,0.9991595190241497,0.999494950736714,0.02974741926541924,0.04099953699026141,0.16397589445114136,0.9999449466954001,0.9998753330412702,0.007635636646163846,0.01049316975906347,0.04233676195144653
84,pren_linear,mlp_scm,ok,0.2,0,1,0,False,0.7455540895462036,1.0,-0.10972319069339506,0.9996260318954752,0.9997635518739718,0.01976262264009021,0.027348422743134836,0.1010737419128418,0.9999754787104584,0.9999446793863099,0.005073082909099469,0.007003040808626214,0.026117563247680664
84,pren_linear,mlp_scm,ok,0.2,1,1,0,False,0.7407347559928894,1.0,-0.1081806628930306,0.999960909195385,0.9999681487375723,0.006413197122157044,0.008842036693374479,0.03362089395523071,0.9999974382013644,0.9999899081789572,0.0016459541430577929,0.0022635364829460686,0.008685171604156494
84,pren_linear,mlp_scm,ok,0.2,2,1,0,False,0.7399916052818298,1.0,-0.10751605597397257,0.99971874710296,0.9998219682068521,0.017150794537343472,0.023717205287095804,0.09520387649536133,0.9999815720108911,0.999951686664044,0.004402579075446056,0.006070912469789816,0.02458089590072632
84,pren_linear,mlp_scm,ok,0.2,3,1,0,False,0.7489400506019592,1.0,-0.11048508048055525,0.9989186752025074,0.9993689761998426,0.03353310347856109,0.046504297428379346,0.16984128952026367,0.9999290773957447,0.9998547917709748,0.008608204517713602,0.01190987896801349,0.0438915491104126
84,pren_linear,mlp_scm,ok,0.2,4,1,0,False,0.7508167624473572,1.0,-0.11124910392075167,0.9977323326972106,0.9986993956083254,0.048171883931246384,0.06734489373160009,0.2598940134048462,0.9998512210804149,0.9997083094914527,0.012368120581157882,0.017249865108263204,0.06713104248046875
84,pren_linear,mlp_scm,ok,0.2,5,1,0,False,0.738135814666748,1.0,-0.10745215261930723,0.9996941382924829,0.9998100994206423,0.018081819659215626,0.024733043518357874,0.08652770519256592,0.9999799612903466,0.9999494514877333,0.004639016039675425,0.006330672981976094,0.022369384765625
84,pren_linear,mlp_scm,ok,0.2,6,1,0,False,0.7421215176582336,1.0,-0.10900862007541727,0.9999450305823981,0.999953541860382,0.007452502660811433,0.010485172256188495,0.04527461528778076,0.9999963961888302,0.999989405264287,0.001913511308202942,0.0026847016092297286,0.01168280839920044
84,pren_linear,mlp_scm,ok,0.2,7,1,0,False,0.7418221235275269,1.0,-0.10864061443857703,0.9999986317974557,0.9999972730849007,0.0011881556296486906,0.001654208298449965,0.00676804780960083,0.9999999103162446,0.9999987035977396,0.00030503591858632717,0.00042351801883152413,0.0017471909523010254
84,pren_linear,mlp_scm,ok,0.2,8,1,0,False,0.7429223656654358,0.9999999403953552,-0.10956662204699745,0.999707419110457,0.9998006222730849,0.0171741280248483,0.024190117431905436,0.10376352071762085,0.9999808145427227,0.9999553747049567,0.0044098759814232835,0.006194426043950113,0.02677750587463379
84,pren_linear,mlp_scm,ok,0.2,9,1,0,False,0.7428480386734009,1.0,-0.10870416480446188,0.9999949715804768,0.9999938085616192,0.002287887262895083,0.0031712520567545375,0.010544896125793457,0.9999996703759076,0.9999973513160717,0.0005863702643011948,0.0008119410193556858,0.0027095377445220947
84,pren_linear,mlp_scm,ok,0.3,0,1,0,False,0.7539485692977905,1.0,-0.11205210448102172,0.9958865703461891,0.997591116962306,0.06449514425329994,0.09070203577735796,0.3566283583641052,0.9997300384338391,0.9994761193762963,0.01656270554408934,0.023236246021866577,0.0921013355255127
84,pren_linear,mlp_scm,ok,0.3,1,1,0,False,0.7382655739784241,1.0,-0.09610214152109559,0.974607100945833,0.9870614807596023,0.16936498839717729,0.22535705134219552,0.8536001443862915,0.9983428204586219,0.9970250585616192,0.04341226197919923,0.05757047090759258,0.22029727697372437
84,pren_linear,mlp_scm,ok,0.3,2,1,0,False,0.7416727542877197,1.0,-0.10828621943297725,0.9999775012288195,0.9999799839961376,0.00474207471082444,0.006708020883539713,0.030088603496551514,0.9999985252929607,0.9999930709534367,0.0012176262807486182,0.001717385858752656,0.007761180400848389
84,pren_linear,mlp_scm,ok,0.3,3,1,0,False,0.7468330264091492,1.0,-0.11021086661474956,0.9992125074290683,0.9995234492346755,0.028546952137133985,0.03968608316769569,0.1514298915863037,0.9999483537504932,0.9998923986124023,0.007328792919111038,0.01016329197738676,0.03911876678466797
84,pren_linear,mlp_scm,ok,0.3,4,1,0,False,0.7333384156227112,1.0,-0.10157796095908159,0.9905540802512416,0.9951686552285243,0.10196181764015932,0.13744758795154383,0.514803409576416,0.9993824011393605,0.998852102853873,0.02615290789287883,0.035145380380597425,0.13295084238052368
84,pren_linear,mlp_scm,ok,0.3,5,1,0,False,0.751778781414032,1.0,-0.11179575719266065,0.9965186780743002,0.9979675430047921,0.05927269504266519,0.08344246103422437,0.33414798974990845,0.999771542817165,0.9995546075924467,0.015222048047860426,0.02137555537661252,0.08628332614898682
84,pren_linear,mlp_scm,ok,0.3,6,1,0,False,0.7332822680473328,1.0,-0.09793854896801853,0.980635986142617,0.9901372062978326,0.14754095669596268,0.19679437948780498,0.7251734733581543,0.9987355101189626,0.9977059379693869,0.03781890341718963,0.05028896344686558,0.18724757432937622
84,pren_linear,mlp_scm,ok,0.3,7,1,0,False,0.7498736381530762,1.0,-0.11045572625974902,0.9989619012058153,0.9994015762463343,0.03295214412341352,0.04556531256226133,0.15843844413757324,0.9999319141403615,0.9998603126564622,0.008458121166995625,0.011669263962483368,0.04096245765686035
84,pren_linear,mlp_scm,ok,0.3,8,1,0,False,0.7355366945266724,1.0,-0.10509427407947156,0.9973177237690743,0.9985321820685215,0.05371835564841376,0.07324310673770461,0.2769432067871094,0.999824410886023,0.9996423494385237,0.013785754179480136,0.018739750244459164,0.07153463363647461
84,pren_linear,mlp_scm,ok,0.3,9,1,0,False,0.7381483912467957,1.0,-0.10483344219647958,0.9968806957209652,0.9982924258815534,0.0576115356451794,0.07898486476575556,0.3185919523239136,0.9997958125331027,0.9995860006437307,0.014786360057428283,0.020208288996343058,0.08223968744277954
85,pren_linear,mlp_scm,ok,0.0,0,0,0,False,0.7319275140762329,0.9999999403953552,0.025698198649950963,1.0,1.0,0.0,0.0,0.0,1.0,1.0,0.0,0.0,0.0
85,pren_linear,mlp_scm,ok,0.1,0,1,0,False,0.7269690036773682,1.0,0.02572559346409273,0.9990318168558942,0.9994629094843,0.031856094523618594,0.044004161928121954,0.1621159315109253,0.9999404963335499,0.9999084248265502,0.007898044071737331,0.010909048065152343,0.04018819332122803
85,pren_linear,mlp_scm,ok,0.1,1,1,0,False,0.7413780689239502,1.0,0.025576910285788238,0.9980925014072255,0.9988792267184036,0.04389280732959833,0.06176566363289022,0.23053324222564697,0.999882763085623,0.9998317023996852,0.010884079847386374,0.015312538243138612,0.057145386934280396
85,pren_linear,mlp_scm,ok,0.1,2,1,0,False,0.7334689497947693,1.0,0.02568015450437436,0.9999667500079149,0.9999722502861025,0.0058916214973123715,0.00815475238174473,0.027105867862701416,0.9999979564720349,0.9999939985516058,0.0014609812476038542,0.00202164679342092,0.006718695163726807
85,pren_linear,mlp_scm,ok,0.1,3,1,0,False,0.7265039682388306,1.0,0.025703488949600107,0.9980778692758898,0.9990016361490595,0.04489889766469446,0.0620021073980952,0.23541021347045898,0.9998818669396254,0.9998323729525784,0.011131008593736169,0.015370950260185808,0.05836018919944763
85,pren_linear,mlp_scm,ok,0.1,4,1,0,False,0.7347394824028015,1.0,0.025675019794496042,0.9994913628043246,0.9996872876582504,0.022566418935639376,0.03189473904864434,0.12920629978179932,0.9999687392526935,0.9999457746227022,0.005595023896098894,0.007907053292756682,0.03203023970127106
85,pren_linear,mlp_scm,ok,0.1,5,1,0,False,0.7342780828475952,1.0,0.025674125861964492,0.9998454571779445,0.9999007916994492,0.012587011892719602,0.01758083145613674,0.06552886962890625,0.9999905018456267,0.9999815039160288,0.003120985880201488,0.004358475403400068,0.016243815422058105
85,pren_linear,mlp_scm,ok,0.1,6,1,0,False,0.7421225905418396,1.0,0.02556528691172732,0.9976392296597018,0.9986063563943923,0.04871178920336661,0.06871346852804894,0.2598645091056824,0.9998549041274007,0.9997941737894284,0.01207912685708834,0.017035014931129522,0.0644165575504303
85,pren_linear,mlp_scm,ok,0.1,7,1,0,False,0.727799117565155,1.0,0.025731812306542538,0.9995457142757868,0.9997394790251054,0.021828780864751707,0.030142519012838098,0.10739016532897949,0.9999720800543849,0.999950960231743,0.005412255170682556,0.007472609184838841,0.02662074565887451
85,pren_linear,mlp_scm,ok,0.1,8,1,0,False,0.7290868759155273,1.0,0.02570813196474815,0.9994901257834848,0.9997116203455572,0.022963847478109756,0.031933500102307645,0.12366372346878052,0.9999686634592927,0.9999460540197411,0.005693196779745335,0.007916633178608938,0.030656784772872925
85,pren_linear,mlp_scm,ok,0.1,9,1,0,False,0.7377062439918518,1.0,0.02563118525988852,0.9991453612126859,0.9994789356984478,0.029461043666941578,0.04134341065592734,0.15534210205078125,0.999947473608131,0.9999187401652241,0.007305176539915692,0.01024952579410505,0.03850717842578888
85,pren_linear,mlp_scm,ok,0.2,0,1,0,False,0.7284052968025208,1.0,0.025732009317785506,0.9997526547785868,0.9998553170374078,0.016120617780188695,0.022241637307220292,0.07651376724243164,0.999984798436236,0.9999720267684713,0.00399711972448813,0.005513903082644465,0.018966197967529297
85,pren_linear,mlp_scm,ok,0.2,1,1,0,False,0.7255246043205261,1.0,0.025706138295815216,0.9975892252609806,0.9987636457513768,0.050408342833918596,0.06943737848224268,0.26000845432281494,0.9998518352249429,0.9997909216078963,0.012496908066452761,0.01721422479230541,0.06445813179016113
85,pren_linear,mlp_scm,ok,0.2,2,1,0,False,0.7299548983573914,1.0,0.025725712586655493,0.9999856989359165,0.999987181263858,0.0038528297897144625,0.005348095675372582,0.020732879638671875,0.9999991210904753,0.999997295436664,0.0009555333118669296,0.0013258276841623428,0.005139313638210297
85,pren_linear,mlp_scm,ok,0.2,3,1,0,False,0.7300288081169128,1.0,0.02569748433321934,0.9995980732497943,0.9997678881160145,0.02029032398934305,0.02835231088747725,0.11394476890563965,0.9999752977728634,0.9999552070667334,0.005030160963599428,0.007028830139503784,0.028248131275177002
85,pren_linear,mlp_scm,ok,0.2,4,1,0,False,0.7234617471694946,1.0,0.02564038473099712,0.9933772820587996,0.9967606595558256,0.08419069200297713,0.1150888193798309,0.42971253395080566,0.999592965523621,0.9994412059223231,0.020870689757899186,0.028531893485173633,0.10653537511825562
85,pren_linear,mlp_scm,ok,0.2,5,1,0,False,0.7219177484512329,1.0,0.025481434335099168,0.9841485385602675,0.9924111293898862,0.13175145590321335,0.17805314462741123,0.6520133018493652,0.9990257279534618,0.9986842187611757,0.03265951522612909,0.044142314930167105,0.16166314482688904
85,pren_linear,mlp_scm,ok,0.2,6,1,0,False,0.7271514534950256,1.0,0.025696192604893222,0.9981961018342027,0.999048731313926,0.043420250317296905,0.06006493378613722,0.23145341873168945,0.9998891332213194,0.9998393690544308,0.010764282850857398,0.014890720174390156,0.057379841804504395
85,pren_linear,mlp_scm,ok,0.2,7,1,0,False,0.7230192422866821,1.0,0.02559985090771651,0.9911135670770151,0.9957173127816322,0.09782812949077879,0.13331491105160734,0.4965423345565796,0.9994538315876846,0.999260950128746,0.024251056957268702,0.03305051890668307,0.1231071949005127
85,pren_linear,mlp_scm,ok,0.2,8,1,0,False,0.7280411124229431,1.0,0.02573700614679934,0.9997335737659225,0.9998431800300408,0.016751082197515643,0.023083597878725333,0.07772624492645264,0.9999836257612896,0.9999697021851083,0.0041534570805765725,0.005722628411507088,0.019266456365585327
85,pren_linear,mlp_scm,ok,0.2,9,1,0,False,0.7399445176124573,1.0,0.025598455839470256,0.9986216940749114,0.9991818025355841,0.03739216810595991,0.05250344709920344,0.1946406364440918,0.9999152882777512,0.9998712873721477,0.009272095239595046,0.013016275762453282,0.048248112201690674
85,pren_linear,mlp_scm,ok,0.3,0,1,0,False,0.736034095287323,1.0,0.025659827708829703,0.9988991528874775,0.9993197911451254,0.03305901119108512,0.04692221543685109,0.19211119413375854,0.9999323418938854,0.9998947455475287,0.008196636149804704,0.011632549355163271,0.04762430489063263
85,pren_linear,mlp_scm,ok,0.3,1,1,0,False,0.7270928621292114,1.0,0.025517766840990674,0.9904118779940734,0.9954434589800443,0.10121219908467083,0.1384783180855131,0.5420020818710327,0.9994106942311987,0.9992034837457978,0.025088601880554506,0.03433091144678689,0.13438531756401062
85,pren_linear,mlp_scm,ok,0.3,2,1,0,False,0.7320408821105957,1.0,0.02566512502510145,0.9996045715228631,0.9997724031721621,0.019794092222355175,0.028122179148674223,0.12452763319015503,0.999975696989182,0.9999548717902867,0.004906381574130592,0.006971801804682115,0.03087407350540161
85,pren_linear,mlp_scm,ok,0.3,3,1,0,False,0.7285228371620178,1.0,0.02569098384965598,0.998764252109821,0.9993397959731063,0.035778464879513194,0.04971414150001293,0.19644790887832642,0.9999240514063408,0.9998883529432802,0.00886968426078738,0.012324657334436549,0.04870200157165527
85,pren_linear,mlp_scm,ok,0.3,4,1,0,False,0.7416597604751587,1.0,0.02557236533237087,0.9981295368831037,0.9989088763321651,0.04351349349656175,0.061163110595602976,0.2257852554321289,0.9998850393040514,0.9998356810135184,0.01079007543194166,0.015163158943210988,0.0559680312871933
85,pren_linear,mlp_scm,ok,0.3,5,1,0,False,0.7403071522712708,1.0,0.025593710608312496,0.9982637325177331,0.9989738193798725,0.04183129061243562,0.05892821896211663,0.2234918475151062,0.9998932875000899,0.9998447111258134,0.010372849249364435,0.01460907220033801,0.05540056526660919
85,pren_linear,mlp_scm,ok,0.3,6,1,0,False,0.7490429878234863,1.0,0.025447083663831197,0.9945805280640377,0.9968347444746439,0.07336281396294453,0.10411024973685795,0.39392364025115967,0.9996669037177398,0.9995404812781631,0.018193295554794986,0.02581070594316421,0.09764736890792847
85,pren_linear,mlp_scm,ok,0.3,7,1,0,False,0.7560468912124634,0.9999999403953552,0.0253251050055985,0.9921699102958864,0.9954575070631569,0.08812334437277514,0.12514063718598253,0.4592078924179077,0.9995187276827866,0.999346032115013,0.021854889780712483,0.031024902362038274,0.11382843554019928
85,pren_linear,mlp_scm,ok,0.3,8,1,0,False,0.7215539216995239,1.0,0.025615822069298418,0.9906945856053792,0.9955267081217366,0.10030081385400536,0.13642150907185913,0.49849700927734375,0.9994280827586963,0.9992230415385163,0.024864376816594813,0.03382062153019417,0.12359029054641724
85,pren_linear,mlp_scm,ok,0.3,9,1,0,False,0.7322887778282166,1.0,0.02564795115556388,0.9992886241479684,0.9996009427973678,0.026583847162925167,0.03771938096072104,0.16728174686431885,0.9999562787226648,0.9999304636649736,0.006589258372201812,0.009351072319776894,0.04147464036941528
86,pren_linear,mlp_scm,ok,0.0,0,0,0,False,0.7184956073760986,1.0,0.06244032932190047,1.0,1.0,0.0,0.0,0.0,1.0,1.0,0.0,0.0,0.0
86,pren_linear,mlp_scm,ok,0.1,0,1,0,False,0.711261510848999,1.0,0.06019907503668473,0.9976463287896802,0.9987009937593877,0.04938914192030097,0.06861007407474133,0.2551735043525696,0.9998579005508966,0.9991947330305414,0.012092369969252559,0.01685819976833424,0.06326204538345337
86,pren_linear,mlp_scm,ok,0.1,1,1,0,False,0.7256797552108765,1.0,0.06370966582387755,0.9989878896134877,0.9993774698698232,0.03185795294245963,0.04499133993260784,0.16650331020355225,0.9999389305050219,0.9996072236428009,0.00780051389261871,0.01105165121443218,0.04120051860809326
86,pren_linear,mlp_scm,ok,0.1,2,1,0,False,0.7203147411346436,1.0,0.0631733461484817,0.9997721537294425,0.9998335352442599,0.015072183182269328,0.02134695622225321,0.08728927373886108,0.9999862550977333,0.9998935497282025,0.0036869868744133782,0.00524307218518802,0.021617591381072998
86,pren_linear,mlp_scm,ok,0.1,3,1,0,False,0.7230995297431946,1.0,0.06358926869048778,0.999318334717666,0.9995594802768042,0.02609728475067641,0.036923306546013245,0.14381486177444458,0.9999588744299436,0.9997258668013731,0.006387535319277049,0.00906924144119837,0.035599470138549805
86,pren_linear,mlp_scm,ok,0.1,4,1,0,False,0.7131200432777405,0.9999999403953552,0.06111509245301309,0.9990837685062842,0.9994655358164652,0.030712044353720103,0.042807277109043175,0.15681475400924683,0.9999446902589807,0.9996490102639296,0.00752145173882468,0.010517579576778117,0.038856685161590576
86,pren_linear,mlp_scm,ok,0.1,5,1,0,False,0.7237770557403564,1.0,0.06393500217783646,0.9989124180934856,0.999315745476003,0.03285965662087165,0.04663865043556955,0.1860857605934143,0.99993439389013,0.9995791610042198,0.008040833655087454,0.011454790312726396,0.04606121778488159
86,pren_linear,mlp_scm,ok,0.1,6,1,0,False,0.721183180809021,0.9999999403953552,0.06325270909328565,0.9996880172234252,0.9997846966418709,0.0176660333216887,0.02497930196178957,0.09906929731369019,0.9999811778317874,0.9998608155711322,0.004322611256441178,0.006135497991922188,0.02453005313873291
86,pren_linear,mlp_scm,ok,0.1,7,1,0,False,0.7201119065284729,0.9999999403953552,0.06325856188925616,0.999734859891414,0.9998118652099278,0.016222164793987304,0.023027813596966096,0.09625941514968872,0.9999840068722586,0.9998796469315498,0.0039677988048083535,0.005655639213569631,0.02384096384048462
86,pren_linear,mlp_scm,ok,0.1,8,1,0,False,0.7164142727851868,1.0,0.06126401769923017,0.9994702846045558,0.999669249785423,0.0231838492572507,0.032548898182298065,0.13261538743972778,0.9999680341965465,0.9997955148952148,0.0056715971122685005,0.007995724360926224,0.032872140407562256
86,pren_linear,mlp_scm,ok,0.1,9,1,0,False,0.7155699133872986,1.0,0.061962418148401525,0.9998472675913895,0.9998955390351191,0.012517229881908065,0.017477552063526552,0.060492753982543945,0.9999907801256039,0.9999334029218224,0.0030665020269822207,0.004294152912097057,0.014978766441345215
86,pren_linear,mlp_scm,ok,0.2,0,1,0,False,0.7152240872383118,1.0,0.06033482951851013,0.9983571690852292,0.999083801230241,0.04100655979078738,0.05732069245552292,0.23215240240097046,0.9999008451568054,0.9994149649524354,0.010031946457299767,0.014082247404782507,0.057568252086639404
86,pren_linear,mlp_scm,ok,0.2,1,1,0,False,0.7157543301582336,1.0,0.061499800387256345,0.9996032211236148,0.9997524653994706,0.020113437678674018,0.028170156552921693,0.10942989587783813,0.9999760534198316,0.9998445099599456,0.004922781006371224,0.006920488552820013,0.027116596698760986
86,pren_linear,mlp_scm,ok,0.2,2,1,0,False,0.7304899096488953,1.0,0.06439435631728971,0.9974763233666929,0.9984984309062298,0.05010605513808741,0.0710447263805611,0.2642366886138916,0.9998477432812449,0.9990990339567983,0.012268261189831264,0.01745031383324709,0.06535983085632324
86,pren_linear,mlp_scm,ok,0.2,3,1,0,False,0.7240458130836487,1.0,0.0643659108076815,0.998337520559781,0.998980066697661,0.0404590597781862,0.05766245509198022,0.2374502420425415,0.9998997325578144,0.9993884669372719,0.009896085181651415,0.01416103423593214,0.058773577213287354
86,pren_linear,mlp_scm,ok,0.2,4,1,0,False,0.7188180088996887,1.0,0.06270493786412332,0.9999751032761911,0.9999747425076889,0.0049702818960213335,0.0070564471898776375,0.0301935076713562,0.9999984982447788,0.9999841190723123,0.0012155002433473783,0.001733063887558237,0.007480919361114502
86,pren_linear,mlp_scm,ok,0.2,5,1,0,False,0.7212115526199341,1.0,0.06276593547487792,0.9999104068708186,0.9999308771725913,0.009553736002430924,0.013386046957281517,0.044405460357666016,0.9999945918456592,0.9999538324333022,0.0023412404852933832,0.0032888157037438293,0.010987401008605957
86,pren_linear,mlp_scm,ok,0.2,6,1,0,False,0.7349746227264404,1.0,0.06543926079491623,0.9944757923350418,0.9966685255882983,0.07357371324422957,0.10511144259578395,0.4087469279766083,0.9996668163953816,0.9980675447929332,0.01800813383397326,0.02581408972401897,0.10107463598251343
86,pren_linear,mlp_scm,ok,0.2,7,1,0,False,0.7085328102111816,0.9999999403953552,0.05730888933308796,0.9896748858733011,0.9944734818682497,0.104626730964128,0.14370187287380995,0.5368527770042419,0.9993763318997829,0.9966897150597238,0.025616179508574533,0.03531764688494772,0.13328200578689575
86,pren_linear,mlp_scm,ok,0.2,8,1,0,False,0.7238607406616211,1.0,0.0627545172601281,0.9998231682871315,0.9998774788105286,0.01341764029695014,0.0188059408515684,0.068306565284729,0.9999893227734651,0.9999170190794648,0.0032918686399625585,0.004621087939829119,0.016994953155517578
86,pren_linear,mlp_scm,ok,0.2,9,1,0,False,0.710065484046936,1.0,0.0572163180350747,0.9898102652921987,0.9945605196337886,0.10385620028159792,0.14275667695181138,0.5430667996406555,0.9993845318168498,0.9967400512302409,0.025423524651159823,0.03508470278870868,0.13483530282974243
86,pren_linear,mlp_scm,ok,0.3,0,1,0,False,0.7121486067771912,1.0,0.054268802644343334,0.978037582973856,0.9879709069451397,0.1540768190466224,0.2095825176773627,0.7951105237007141,0.9986727528044081,0.9929902412202275,0.03771791218742848,0.051521786865200335,0.19767242670059204
86,pren_linear,mlp_scm,ok,0.3,1,1,0,False,0.716825008392334,1.0,0.060943735264805864,0.9992199234789053,0.9995234268829124,0.028097535319773215,0.03949877260290824,0.16519004106521606,0.9999529280635632,0.999696630695229,0.006872217356630017,0.009702776487395436,0.04095679521560669
86,pren_linear,mlp_scm,ok,0.3,2,1,0,False,0.7217378616333008,1.0,0.06369219849991438,0.9993249402400423,0.999557759191045,0.02586955827376869,0.03674397293121126,0.1510530710220337,0.9999592810562783,0.9997298007116799,0.006327961956941408,0.009024294425311457,0.037400662899017334
86,pren_linear,mlp_scm,ok,0.3,3,1,0,False,0.71380615234375,1.0,0.0627191039218712,0.999977140805793,0.9999806769007937,0.004366653108036189,0.006761537456643071,0.0438234806060791,0.9999986215101873,0.9999871924397395,0.0010757399244880617,0.0016604155108163722,0.010584354400634766
86,pren_linear,mlp_scm,ok,0.3,4,1,0,False,0.7179311513900757,1.0,0.062192635817934216,0.9999747409825204,0.9999782852621415,0.0050449863519190785,0.007107603932687177,0.028780996799468994,0.9999984759425877,0.999984253182891,0.0012341932249597676,0.0017458851314184327,0.007130861282348633
86,pren_linear,mlp_scm,ok,0.3,5,1,0,False,0.7169654369354248,1.0,0.061179031910899344,0.9994377095163255,0.9996502284350189,0.023834621296828118,0.033534772186453,0.14011472463607788,0.9999660710917985,0.9997828302696515,0.005829583227637158,0.008237585695430752,0.03473597764968872
86,pren_linear,mlp_scm,ok,0.3,6,1,0,False,0.7066584825515747,1.0,0.057932912219330376,0.9912029515450632,0.995271193941778,0.09648333459472269,0.13264274083029548,0.4825640320777893,0.9994686511798484,0.9971476356304985,0.023628560832776202,0.03259904376342618,0.119762122631073
86,pren_linear,mlp_scm,ok,0.3,7,1,0,False,0.7398664951324463,1.0,0.06578064671832787,0.9924479176680392,0.9955197678992918,0.08588438213314475,0.12289900261176892,0.4714980125427246,0.9995445135540788,0.9974063461125814,0.021022138834403847,0.030182327500534192,0.11655503511428833
86,pren_linear,mlp_scm,ok,0.3,8,1,0,False,0.7222252488136292,1.0,0.06317500005920171,0.9996825696390256,0.9997849089836206,0.017888510710875494,0.025196441934908474,0.0936552882194519,0.9999808451787108,0.9998584127565981,0.004379888520759323,0.0061894783790528585,0.023182272911071777
86,pren_linear,mlp_scm,ok,0.3,9,1,0,False,0.7165171504020691,1.0,0.061648178551590674,0.9997340069496703,0.9998226052321006,0.01643570715827991,0.023064824138953992,0.09154492616653442,0.9999839481587132,0.9998891687826333,0.0040214965106670775,0.0056660111680350905,0.022685110569000244
87,pren_linear,mlp_scm,ok,0.0,0,0,0,False,0.7396255135536194,1.0,0.006382728894347875,1.0,1.0,0.0,0.0,0.0,1.0,1.0,0.0,0.0,0.0
87,pren_linear,mlp_scm,ok,0.1,0,1,0,False,0.7500589489936829,0.9999999403953552,0.00783062198306335,0.9975854149250972,0.998401904817252,0.04864555423759631,0.06949223161662918,0.2797185182571411,0.9998503331151831,0.9998098088477219,0.01208527545303184,0.017301264475836152,0.06940889358520508
87,pren_linear,mlp_scm,ok,0.1,1,1,0,False,0.7372467517852783,1.0,0.005876189969557602,0.9997268462898866,0.999811831682283,0.016576702146949174,0.02337322062550047,0.09492987394332886,0.999983061312317,0.9999671429082326,0.004119380635415837,0.005820427433482968,0.02356433868408203
87,pren_linear,mlp_scm,ok,0.1,2,1,0,False,0.7377861142158508,1.0,0.005973989519319694,0.9998256074421116,0.9998741931013517,0.013224010720819024,0.018675790021028586,0.07653814554214478,0.9999891859945662,0.9999765082969743,0.003286018744915964,0.004650592533680871,0.018998444080352783
87,pren_linear,mlp_scm,ok,0.1,3,1,0,False,0.7372286319732666,1.0,0.005758739527719153,0.9996094260151954,0.9997404625026822,0.019792202669340675,0.027949024485029592,0.11613398790359497,0.9999757798629106,0.9999577328159645,0.004917687462807407,0.006959904672656138,0.028827965259552002
87,pren_linear,mlp_scm,ok,0.1,4,1,0,False,0.738680362701416,1.0,0.006291428761476249,0.9999870870266275,0.9999847449216792,0.003627798796742354,0.00508192354162222,0.0178719162940979,0.9999991992193451,0.9999966248837707,0.0009018178465112214,0.001265528070268306,0.004455208778381348
87,pren_linear,mlp_scm,ok,0.1,5,1,0,False,0.7388021349906921,1.0,0.006355673965107244,0.9999967537862867,0.9999957308132466,0.0018233003072509746,0.0025480242581785014,0.009053587913513184,0.9999997986544101,0.9999985136077533,0.0004536827252650255,0.0006345795128036943,0.002248525619506836
87,pren_linear,mlp_scm,ok,0.1,6,1,0,False,0.7386156916618347,1.0,0.006331010514731398,0.9999928965578858,0.9999912688425119,0.0026993945136837283,0.0037692020972180814,0.012127995491027832,0.9999995594394202,0.999997496602532,0.0006715339966376632,0.000938680520538358,0.003008544445037842
87,pren_linear,mlp_scm,ok,0.1,7,1,0,False,0.7391987442970276,0.9999999403953552,0.005864800883884538,0.9997884766772884,0.9998462198698232,0.01435754762292163,0.020568097929020864,0.0943252444267273,0.9999868850890202,0.9999722949896288,0.0035649949263643066,0.005121505673220157,0.023411989212036133
87,pren_linear,mlp_scm,ok,0.1,8,1,0,False,0.7386135458946228,1.0,0.006233724341728729,0.999972952691186,0.9999727532007723,0.005225507441764421,0.0073549043943589515,0.02841860055923462,0.9999983228110763,0.9999938532651454,0.0012986390545393078,0.0018314960747631043,0.00705409049987793
87,pren_linear,mlp_scm,ok,0.1,9,1,0,False,0.7364932894706726,1.0,0.005825379621257539,0.9996445837529594,0.9997596961948357,0.018966855550388573,0.02666144196461231,0.10511809587478638,0.9999779591662477,0.9999608955904441,0.004713978688300813,0.006639402673296585,0.026094257831573486
87,pren_linear,mlp_scm,ok,0.2,0,1,0,False,0.7477899789810181,1.0,0.007364377470278685,0.9987779952666607,0.9991943306988056,0.03483358514307611,0.049436925734526016,0.190723717212677,0.9999242433233468,0.9998935273764394,0.008654893868992986,0.01230907585833556,0.04733210802078247
87,pren_linear,mlp_scm,ok,0.2,1,1,0,False,0.7371411323547363,1.0,0.006574995190405808,0.9999870516965813,0.9999861419068735,0.0033822316006393294,0.005088870926312073,0.031411945819854736,0.9999991979054402,0.9999964907731921,0.000840893359452366,0.001266565879274463,0.007792174816131592
87,pren_linear,mlp_scm,ok,0.2,2,1,0,False,0.7333205938339233,1.0,0.004061392448491228,0.9946247744006788,0.9969059571919032,0.07443018756407582,0.10368438487983908,0.42409807443618774,0.9996665378689243,0.9995667110721692,0.018497969427642147,0.025824876824783665,0.10531002283096313
87,pren_linear,mlp_scm,ok,0.2,3,1,0,False,0.7351537346839905,1.0,0.00513189325811929,0.998414929362284,0.9990399470710248,0.040097362787832935,0.05630400782905103,0.23146647214889526,0.9999016918796703,0.9998601673700019,0.009964119503891311,0.014021991054489117,0.057464420795440674
87,pren_linear,mlp_scm,ok,0.2,4,1,0,False,0.7508511543273926,1.0,0.007908462047876087,0.9973027612527547,0.9982274940097273,0.051391604878062935,0.07344710730056211,0.2952272891998291,0.999832815739259,0.9997912010049352,0.012767673339055818,0.018285746272243674,0.07325625419616699
87,pren_linear,mlp_scm,ok,0.2,5,1,0,False,0.7292172312736511,1.0,0.0034495022637910443,0.9904423606693586,0.9945973218117444,0.10018769996328558,0.13825801389230244,0.5363631844520569,0.999406958212811,0.9992715336885772,0.02491093527925159,0.034439563560530524,0.1332072615623474
87,pren_linear,mlp_scm,ok,0.2,6,1,0,False,0.7474855184555054,1.0,0.008065673434106824,0.9972729271428158,0.9981555101566411,0.051234941281563806,0.07385218996602931,0.31919604539871216,0.9998309867581731,0.9997851325012517,0.012726033162294925,0.01838549654638423,0.07919543981552124
87,pren_linear,mlp_scm,ok,0.2,7,1,0,False,0.7320546507835388,1.0,0.003952583800317237,0.993867928394605,0.996500719726772,0.07970722598270186,0.1107435944622654,0.44480663537979126,0.9996195685937913,0.9995057382550026,0.019812501299838914,0.027583741056023344,0.11045593023300171
87,pren_linear,mlp_scm,ok,0.2,8,1,0,False,0.7478727698326111,0.9999999403953552,0.006904016364147201,0.9994426197378841,0.9996329030236148,0.02377031612218161,0.03338802966447275,0.10672235488891602,0.9999654372058187,0.999945204652743,0.00591059654465198,0.008314179692411888,0.026752471923828125
87,pren_linear,mlp_scm,ok,0.2,9,1,0,False,0.7518743276596069,0.9999999403953552,0.008466196294095191,0.9955438653605344,0.9970596702667904,0.06546973746463891,0.09440481847260529,0.39973586797714233,0.9997238445679699,0.9996758770831842,0.016265181111180027,0.023501294202525922,0.09917235374450684
87,pren_linear,mlp_scm,ok,0.3,0,1,0,False,0.7468987703323364,1.0,0.006723935648685675,0.9996762411697008,0.999782997907875,0.018157756302116468,0.02544636848461897,0.08210766315460205,0.9999799218357979,0.9999657682748014,0.004517252589238296,0.006336902087783834,0.020368635654449463
87,pren_linear,mlp_scm,ok,0.3,1,1,0,False,0.7564898729324341,1.0,0.008370102156429155,0.9951999255015185,0.9969332263428938,0.06839664527115019,0.09798035297366343,0.38888615369796753,0.9997025020174305,0.9996512119125954,0.016993232990785145,0.024392539179637532,0.09648925065994263
87,pren_linear,mlp_scm,ok,0.3,2,1,0,False,0.7444642782211304,1.0,0.007147915565060784,0.9993423757168016,0.9995565410199555,0.025505826599584225,0.03626635638810617,0.1462641954421997,0.9999592311933123,0.9999376609326942,0.00633699371923413,0.009029817812567372,0.03629845380783081
87,pren_linear,mlp_scm,ok,0.3,3,1,0,False,0.7338804006576538,1.0,0.003343907886837184,0.9910917909398895,0.9949283290715971,0.0962186847128308,0.1334781559287888,0.5495737195014954,0.9994472759473253,0.999315823707174,0.02391189102684166,0.03324827911785431,0.13648617267608643
87,pren_linear,mlp_scm,ok,0.3,4,1,0,False,0.7311840653419495,1.0,0.005382666662602624,0.9985515902479145,0.9991267054395249,0.03867723190671768,0.05382211065671279,0.1917683482170105,0.999910160772232,0.9998693762964022,0.009616136932891095,0.013404419207412787,0.04772746562957764
87,pren_linear,mlp_scm,ok,0.3,5,1,0,False,0.7515701055526733,1.0,0.008227355476560646,0.9963311329327725,0.9976006276375079,0.05963687857911282,0.08566057717416095,0.3551257848739624,0.9997726150950286,0.9997249503790858,0.014815553440911344,0.021325332496719068,0.08811092376708984
87,pren_linear,mlp_scm,ok,0.3,6,1,0,False,0.7471191883087158,1.0,0.007666231484901565,0.9982533433747325,0.9988421004398826,0.04130279679350224,0.05910425772159574,0.24514734745025635,0.9998917338449893,0.9998576527966525,0.01026073766462332,0.014715036451902173,0.06083047389984131
87,pren_linear,mlp_scm,ok,0.3,7,1,0,False,0.7380350828170776,0.9999999403953552,0.005863270682862329,0.9997463822305975,0.9998231640261782,0.015887365305616186,0.022521890492228795,0.09618717432022095,0.9999842736534216,0.9999684728381374,0.003946394267586584,0.005608269900614906,0.023875534534454346
87,pren_linear,mlp_scm,ok,0.3,8,1,0,False,0.7396074533462524,1.0,0.006724807737594283,0.9999163108806493,0.9999296925291467,0.008898923065544295,0.01293747439906014,0.062126874923706055,0.9999948124726826,0.9999865777662542,0.002208933270395619,0.003221033130363676,0.015416920185089111
87,pren_linear,mlp_scm,ok,0.3,9,1,0,False,0.7437888979911804,1.0,0.005736947224557368,0.9998101396505934,0.9998565575602604,0.01279961466789814,0.019486423921999122,0.11116105318069458,0.999988233001395,0.9999761283170016,0.003174654128599741,0.004851185016598269,0.027585864067077637
88,pren_linear,tree_scm,ok,0.0,0,0,0,False,0.7255205512046814,0.9999999403953552,0.09639556812030768,1.0,1.0,0.0,0.0,0.0,1.0,1.0,0.0,0.0,0.0
88,pren_linear,tree_scm,ok,0.1,0,1,0,False,0.72328120470047,1.0,0.09629654620894319,0.9999457207358997,0.9999518431263857,0.007530013928317203,0.010419142452316454,0.03235733509063721,0.9999967730770527,0.9999905452042057,0.0018348169559772032,0.0025404420596004335,0.007886573672294617
88,pren_linear,tree_scm,ok,0.1,1,1,0,False,0.7187885642051697,1.0,0.09547006538459746,0.9979758019607687,0.9987386117766969,0.04595082010621354,0.06362700896039797,0.23487794399261475,0.9998796509587002,0.9998032486052498,0.011188703528952182,0.015514447096895324,0.0572517067193985
88,pren_linear,tree_scm,ok,0.1,2,1,0,False,0.7283635139465332,1.0,0.09657407481183501,0.9998415328199463,0.999881669766111,0.012738495405812955,0.017802650332497276,0.06387239694595337,0.9999905797745632,0.9999766759351977,0.003103244438761976,0.004340558769266441,0.015567436814308167
88,pren_linear,tree_scm,ok,0.1,3,1,0,False,0.7345787286758423,1.0,0.09689448372688986,0.9983167056420167,0.9988967393247979,0.041129615187742274,0.05802231374576221,0.21658694744110107,0.9998999400135096,0.9998308977362133,0.010020027063617931,0.014146376620130852,0.05278782546520233
88,pren_linear,tree_scm,ok,0.1,4,1,0,False,0.7239226698875427,1.0,0.09611632260222648,0.9997890721577082,0.9998401848937843,0.014594944071859572,0.020539125964827314,0.08186995983123779,0.9999874608070961,0.9999744966382947,0.003553498191251947,0.005007832384961928,0.01995435357093811
88,pren_linear,tree_scm,ok,0.1,5,1,0,False,0.7207470536231995,0.9999999403953552,0.0956719705045391,0.9987261049060375,0.999181176686217,0.03627262481269433,0.05047564100988954,0.1918715238571167,0.9999242634269871,0.999870885040412,0.008831159303554159,0.012307442294164885,0.04676775634288788
88,pren_linear,tree_scm,ok,0.1,6,1,0,False,0.7281761765480042,1.0,0.09661653940824974,0.9997877087447405,0.9998487009155281,0.014658599890083224,0.020605400113346044,0.07814657688140869,0.9999873804453536,0.9999698139439238,0.0035707840538634628,0.005023853977848931,0.01904618740081787
88,pren_linear,tree_scm,ok,0.1,7,1,0,False,0.7317703366279602,1.0,0.09689800187922204,0.9986648154578505,0.99910249848008,0.036419218994069524,0.05167561512328788,0.20298844575881958,0.9999206342046357,0.9998596868070952,0.008872056239056292,0.012598872277607935,0.04947228729724884
88,pren_linear,tree_scm,ok,0.1,8,1,0,False,0.7305300235748291,1.0,0.09683287033433119,0.9990753615263491,0.9993805320613688,0.030342370671178287,0.043003220696273145,0.16902989149093628,0.9999450374250376,0.9998995958801231,0.007391319998305335,0.010484519330749951,0.04119589924812317
88,pren_linear,tree_scm,ok,0.1,9,1,0,False,0.7204617261886597,1.0,0.09537532387108437,0.997807519675534,0.9986551055897288,0.04758543850925889,0.0662190371994663,0.2561759948730469,0.9998696458510072,0.9997853783706456,0.011584217121495044,0.016146463882362055,0.06244412809610367
88,pren_linear,tree_scm,ok,0.2,0,1,0,False,0.732552170753479,1.0,0.09679745381740003,0.9990154440593264,0.9993525029504327,0.031565316054411596,0.044374676965158774,0.1631762981414795,0.9999414741881923,0.9998940191152277,0.007689741470343847,0.010819039570740166,0.039770275354385376
88,pren_linear,tree_scm,ok,0.2,1,1,0,False,0.7198001146316528,1.0,0.09567477833870616,0.9986665440478709,0.9991483531220942,0.037227372828056104,0.05164215336983219,0.19082391262054443,0.9999207216878699,0.9998662470495673,0.009065085791661431,0.01259192655182176,0.046512335538864136
88,pren_linear,tree_scm,ok,0.2,2,1,0,False,0.7400367259979248,1.0,0.0971223227878617,0.9949862157238007,0.9966538404799369,0.07009083295537266,0.1001377503217027,0.3925989270210266,0.999701975788608,0.9995344686538874,0.017078915323168076,0.02441410288082914,0.09568743407726288
88,pren_linear,tree_scm,ok,0.2,3,1,0,False,0.725885272026062,1.0,0.09638197857390556,0.999999759957265,0.9999989382912523,0.0004485016925173113,0.0006928820260364622,0.0035614967346191406,0.999999985733043,0.9999996200200271,0.00010932006068742339,0.00016891985541824816,0.0008679479360580444
88,pren_linear,tree_scm,ok,0.2,4,1,0,False,0.7185773849487305,1.0,0.09504555880092955,0.9964258060660821,0.9978900717938631,0.06108824750611852,0.08454814024947563,0.3196682929992676,0.9997874830656991,0.9996655840962735,0.014872040946769971,0.020616349433947075,0.07792401313781738
88,pren_linear,tree_scm,ok,0.2,5,1,0,False,0.7270137071609497,1.0,0.09660089004276773,0.9998512399735633,0.9998864642192976,0.012160754668173013,0.017248770232759357,0.06961685419082642,0.9999911572044174,0.9999767765181318,0.002961718199912866,0.004205424005234339,0.016967058181762695
88,pren_linear,tree_scm,ok,0.2,6,1,0,False,0.7410447597503662,1.0,0.09710342733852796,0.9949048663760482,0.9966065441492025,0.07077920011460037,0.10094685386558967,0.3907720446586609,0.9996971380412758,0.9995271372755883,0.01724725806400329,0.024611458561344474,0.09524309635162354
88,pren_linear,tree_scm,ok,0.2,7,1,0,False,0.7182740569114685,1.0,0.09385146411841683,0.9907393255065887,0.994769229221801,0.09895365619248508,0.13609316417835743,0.5187771320343018,0.9994492671399607,0.9991717665939488,0.024088968267051314,0.03318833695433223,0.12648276053369045
88,pren_linear,tree_scm,ok,0.2,8,1,0,False,0.7221577167510986,1.0,0.09617560942727087,0.9998049153235349,0.9998511707853515,0.014256889723128552,0.01975270531878154,0.06707489490509033,0.9999884021683703,0.9999762736034618,0.00347335500192969,0.004816187539531436,0.01634839177131653
88,pren_linear,tree_scm,ok,0.2,9,1,0,False,0.7239207625389099,1.0,0.09615760649738361,0.9998380652689987,0.9998731872720119,0.012814418481355005,0.01799637374828395,0.07067620754241943,0.9999903733366241,0.9999788999356269,0.0031201318605411643,0.004387861279982505,0.01722601056098938
88,pren_linear,tree_scm,ok,0.3,0,1,0,False,0.7198094129562378,1.0,0.09586707366892067,0.9991498772580426,0.9994304882519134,0.029779244503203017,0.04123403432370873,0.14613866806030273,0.9999494582619436,0.9999125375509619,0.007253602036257689,0.010054027779554909,0.03561975806951523
88,pren_linear,tree_scm,ok,0.3,1,1,0,False,0.7169768214225769,1.0,0.09454551949429142,0.9940746569332166,0.9965587002002718,0.0790372270402031,0.10886085753761228,0.4063742160797119,0.9996476568028987,0.9994591879157426,0.01924092725164428,0.026545929603141456,0.09906681627035141
88,pren_linear,tree_scm,ok,0.3,2,1,0,False,0.7269818782806396,1.0,0.09664742548555119,0.9997850991159231,0.9998452699198913,0.014535288073318497,0.020731661215298063,0.08574873208999634,0.9999872257722009,0.9999699815821472,0.0035398443731082807,0.005054547879889155,0.020898520946502686
88,pren_linear,tree_scm,ok,0.3,3,1,0,False,0.7393131256103516,1.0,0.09719167652142074,0.994150448820726,0.9960314109326943,0.07521339234222069,0.1081623902809516,0.4372140169143677,0.9996523030627286,0.999461981886131,0.018326253500106304,0.02637032132693981,0.1065601110458374
88,pren_linear,tree_scm,ok,0.3,4,1,0,False,0.7165448665618896,0.9999999403953552,0.09268019504699258,0.9836006834527904,0.99077038704313,0.13295994863176475,0.18110392815502882,0.6706658601760864,0.9990245303131092,0.9985489011873256,0.032368926176019386,0.044169437829239724,0.16354456171393394
88,pren_linear,tree_scm,ok,0.3,5,1,0,False,0.7298697829246521,1.0,0.09658517062711976,0.9997656013542525,0.999838039124526,0.015547287929848608,0.021651727371680668,0.07191598415374756,0.9999860656932751,0.9999684169587297,0.0037883178872561984,0.005279073111020813,0.017528221011161804
88,pren_linear,tree_scm,ok,0.3,6,1,0,False,0.7330226302146912,0.9999999403953552,0.09700489818403812,0.9978714272738447,0.9985894249338386,0.04575407849881685,0.06524680586736181,0.26097267866134644,0.9998734760664557,0.9997922627136827,0.011146437585239255,0.0159074777790838,0.06360386312007904
88,pren_linear,tree_scm,ok,0.3,7,1,0,False,0.7169365286827087,1.0,0.09460471089949114,0.9943451548519885,0.9967048919068735,0.07719867881041864,0.10634702896351782,0.39626264572143555,0.9996637445953539,0.9994843783527644,0.018793741262584263,0.025932812730776907,0.09660092368721962
88,pren_linear,tree_scm,ok,0.3,8,1,0,False,0.713893711566925,1.0,0.09371863172842279,0.9893777207584626,0.9939870851512767,0.10670643892262888,0.14575513647822685,0.526779055595398,0.9993682660677323,0.9990546880587939,0.025979230854517255,0.03554529247481704,0.12843449972569942
88,pren_linear,tree_scm,ok,0.3,9,1,0,False,0.7546873092651367,1.0,0.09706146437289666,0.9855880322289705,0.9899960996173377,0.11738574229281085,0.16977613840546832,0.6721014380455017,0.9991432979526527,0.9987517099098776,0.028612936206286577,0.041393285625104755,0.16383185982704163
89,pren_linear,tree_scm,ok,0.0,0,0,0,False,0.7227771878242493,1.0,0.043196410420335084,1.0,1.0,0.0,0.0,0.0,1.0,1.0,0.0,0.0,0.0
89,pren_linear,tree_scm,ok,0.1,0,1,0,False,0.725577712059021,1.0,0.04235430865986966,0.999840648768742,0.9998758359559402,0.012698973983788164,0.01785223931433116,0.06444889307022095,0.9999903053797239,0.9999654777018809,0.0031410638984965544,0.004403321542628897,0.015762388706207275
89,pren_linear,tree_scm,ok,0.1,1,1,0,False,0.7183952927589417,1.0,0.04543270503762423,0.9990100254103057,0.9994230339389171,0.031901446352264884,0.044496619056910824,0.16869819164276123,0.9999398322274288,0.9998393131750231,0.007893933060586278,0.010969756073347329,0.041223347187042236
89,pren_linear,tree_scm,ok,0.1,2,1,0,False,0.7276267409324646,1.0,0.04105462239481843,0.9991930517638238,0.999450291914026,0.028309445857814808,0.04017333026457479,0.15622878074645996,0.9999509197039852,0.9998603238323438,0.007010612045803555,0.0099076027545189,0.038202762603759766
89,pren_linear,tree_scm,ok,0.1,3,1,0,False,0.7328299880027771,1.0,0.0399636376690707,0.9979496383344555,0.998643639135255,0.04508909064503541,0.0640368906806423,0.2396036982536316,0.999875226637555,0.9996912439203204,0.011158470664071274,0.015797048239174695,0.05861496925354004
89,pren_linear,tree_scm,ok,0.1,4,1,0,False,0.7253662347793579,1.0,0.04213810986635851,0.9997876394333775,0.9998350551641513,0.014599412486163033,0.02060876340405514,0.07846647500991821,0.9999870846440184,0.9999577775194907,0.00361427016693483,0.0050823923389114525,0.019185662269592285
89,pren_linear,tree_scm,ok,0.1,5,1,0,False,0.7272552847862244,1.0,0.0419442935727644,0.9996386115944321,0.9997439717294898,0.019107601881330538,0.026884508753487135,0.09614789485931396,0.9999780105644526,0.999933391745941,0.0047255517346798115,0.006631656839786347,0.023518085479736328
89,pren_linear,tree_scm,ok,0.1,6,1,0,False,0.7205134034156799,1.0,0.045173454510346586,0.9993594983167362,0.9996195282883913,0.02549273807660768,0.03579110714959322,0.14385592937469482,0.9999610885821427,0.9998969695479579,0.006313253992317414,0.008821725224972665,0.03514230251312256
89,pren_linear,tree_scm,ok,0.1,7,1,0,False,0.7165567874908447,0.9999999403953552,0.04594158726393072,0.9983668160148557,0.9990992127709032,0.041131967292823646,0.05715214833627923,0.21104836463928223,0.9999007317936789,0.9997337681496316,0.010174983182530184,0.014090294710442514,0.05157524347305298
89,pren_linear,tree_scm,ok,0.1,8,1,0,False,0.7236265540122986,1.0,0.04210737528793435,0.9998387048311098,0.9998701921357556,0.012580556782324948,0.017960800310024318,0.07613199949264526,0.9999901996556441,0.9999671429082326,0.0031192519607543545,0.0044272664626485375,0.018603801727294922
89,pren_linear,tree_scm,ok,0.1,9,1,0,False,0.7268064618110657,1.0,0.04167112216917977,0.9995509727543654,0.9996871870753165,0.021206115779762058,0.029967556983342383,0.11329978704452515,0.9999726868416356,0.999920092446892,0.005249251395525789,0.007390961925563227,0.027706265449523926
89,pren_linear,tree_scm,ok,0.2,0,1,0,False,0.7329607009887695,1.0,0.03948653626683255,0.9975060723747184,0.998378021958372,0.049567297996702564,0.07062474922824197,0.2708281874656677,0.9998482460419835,0.9996294077676847,0.012271933529120815,0.01742147841312507,0.06625092029571533
89,pren_linear,tree_scm,ok,0.2,1,1,0,False,0.7199519872665405,1.0,0.04636152388687744,0.9983733605885513,0.9991034931335383,0.040767461405550875,0.05703752156835075,0.2305377721786499,0.9999012095637502,0.9997529124347326,0.010095076550300064,0.014056346180098132,0.05630248785018921
89,pren_linear,tree_scm,ok,0.2,2,1,0,False,0.7299639582633972,1.0,0.04009363774252706,0.9983474986745695,0.9988731135111937,0.040363402069999665,0.057489151353407146,0.2247840166091919,0.9998994750076629,0.9997500067055288,0.009997086823034351,0.014179209500320086,0.054975271224975586
89,pren_linear,tree_scm,ok,0.2,3,1,0,False,0.7160045504570007,1.0,0.04775446470479813,0.9958610273644835,0.9977909752521279,0.06575704869027277,0.09098321252091827,0.34646594524383545,0.999748579224282,0.9993620136256347,0.016266321144598805,0.022424128972868478,0.08462291955947876
89,pren_linear,tree_scm,ok,0.2,4,1,0,False,0.7149319052696228,1.0,0.045733441538811224,0.9983596669923516,0.9990948988806236,0.04131354759857686,0.057277097556295335,0.2012777328491211,0.9999002606544396,0.9997243357056005,0.010214824093310426,0.014123692726796536,0.04920464754104614
89,pren_linear,tree_scm,ok,0.2,5,1,0,False,0.7144914865493774,1.0,0.04973877007996541,0.9909822566770539,0.9953637525928045,0.09789198215281658,0.13429626630109176,0.5056183338165283,0.9994524068428587,0.9986588048065231,0.024201704215954578,0.033093599592317405,0.12345737218856812
89,pren_linear,tree_scm,ok,0.2,6,1,0,False,0.7153849601745605,1.0,0.048691027706942204,0.9938903821645768,0.9968072071024963,0.08019077955458442,0.11054065198967238,0.42001092433929443,0.9996289414728237,0.9990710495493884,0.01983181022410463,0.02724182575753127,0.10256892442703247
89,pren_linear,tree_scm,ok,0.2,7,1,0,False,0.7368429899215698,1.0,0.03768096196082143,0.9949777893312143,0.9967355026464486,0.06979575596193399,0.10022186143445837,0.3944127559661865,0.9996943470232841,0.9993172095164864,0.017287902914915776,0.024724602571082516,0.09650331735610962
89,pren_linear,tree_scm,ok,0.2,8,1,0,False,0.7223833203315735,1.0,0.043434789892655944,0.9999903042311876,0.9999879635755667,0.0031235198566150757,0.004403582434281501,0.017401397228240967,0.9999994106571192,0.9999962560796795,0.0007735005072113665,0.0010856729575959912,0.004252910614013672
89,pren_linear,tree_scm,ok,0.2,9,1,0,False,0.7401185035705566,1.0,0.03800108046771894,0.9948812887773815,0.9967247290966309,0.07077633409932105,0.10118014723792346,0.38053977489471436,0.9996883849178742,0.9992966570703096,0.017515907154859178,0.024964578210921764,0.09312468767166138
89,pren_linear,tree_scm,ok,0.3,0,1,0,False,0.7276344299316406,1.0,0.04250727846340152,0.9998069510070577,0.9998545459015806,0.014051617544168948,0.01964937582402437,0.059303998947143555,0.9999882449511244,0.9999578333988985,0.003470424516649473,0.004848721250078103,0.014519035816192627
89,pren_linear,tree_scm,ok,0.3,1,1,0,False,0.7166497111320496,0.9999999403953552,0.04448137263394406,0.999464203424506,0.9996705238359201,0.023580358204128515,0.032735197259381094,0.10657227039337158,0.9999673990059029,0.9999046250268221,0.0058244735964763095,0.008074774662065819,0.026071012020111084
89,pren_linear,tree_scm,ok,0.3,2,1,0,False,0.7414589524269104,1.0,0.037126207471415394,0.9934883283478901,0.9958049875724196,0.07949268996179626,0.11411986428309387,0.4383017420768738,0.9996035732285309,0.9991275436306415,0.019679874222504168,0.02815765493114607,0.10726666450500488
89,pren_linear,tree_scm,ok,0.3,3,1,0,False,0.7216663956642151,1.0,0.04273711916650074,0.9999855129827248,0.999983225001788,0.0035198133071503435,0.00538275334031507,0.028380632400512695,0.9999991228203492,0.9999953284815107,0.0008756909813882885,0.0013245222971110353,0.0069245100021362305
89,pren_linear,tree_scm,ok,0.3,4,1,0,False,0.7504422664642334,1.0,0.03431182557682909,0.9871292385706838,0.9915128120306129,0.11069852611814213,0.16044164603619127,0.6282957792282104,0.9992160846929623,0.9983170910521422,0.02740451117642806,0.0395958405858205,0.1538335084915161
89,pren_linear,tree_scm,ok,0.3,5,1,0,False,0.7251869440078735,1.0,0.043279640609283444,0.9999903971173564,0.9999886229525784,0.003000208848050079,0.0043824382571744334,0.020532846450805664,0.9999994149045399,0.9999950826121163,0.0007409533124587142,0.0010817536353522304,0.005086004734039307
89,pren_linear,tree_scm,ok,0.3,6,1,0,False,0.7120205760002136,1.0,0.05149166131563567,0.9835261745585645,0.9915036925112651,0.13357901829880348,0.18151488027276616,0.6617802381515503,0.998999794900502,0.9976659730169516,0.03300867258570861,0.04472594608450981,0.1615692377090454
89,pren_linear,tree_scm,ok,0.3,7,1,0,False,0.7298033833503723,1.0,0.041405089515579405,0.9992347321962405,0.9994930061333238,0.02777304826378213,0.03912206060032046,0.13815605640411377,0.9999534266360165,0.9998629613403905,0.006867152322570291,0.009651255183445702,0.03379923105239868
89,pren_linear,tree_scm,ok,0.3,8,1,0,False,0.7669366598129272,1.0,0.030650925414515286,0.9754142042648383,0.9839363019454972,0.15144769204178488,0.22174668087882818,0.8725514113903046,0.9985014460859557,0.9967127373757241,0.03747792202449318,0.05474584683303545,0.2137852907180786
89,pren_linear,tree_scm,ok,0.3,9,1,0,False,0.7215396165847778,1.0,0.04659833237345866,0.9983255730005225,0.9990703454688505,0.041187779267886526,0.05786928383972953,0.24264824390411377,0.9998983482156226,0.9997542647164007,0.010204538002852814,0.014258456034608628,0.05924415588378906
90,pren_linear,tree_scm,ok,0.0,0,0,0,False,0.7135878801345825,1.0,0.02121603137759384,1.0,1.0,0.0,0.0,0.0,1.0,1.0,0.0,0.0,0.0
90,pren_linear,tree_scm,ok,0.1,0,1,0,False,0.719089150428772,1.0,0.02093081436550785,0.9986911491501826,0.9991993374937416,0.036386072499169586,0.05116348068669154,0.2018904685974121,0.9999193830608684,0.9995347033473999,0.009035299272454722,0.012697790665109909,0.05011594295501709
90,pren_linear,tree_scm,ok,0.1,1,1,0,False,0.720875084400177,1.0,0.020860002628954807,0.9983948506916407,0.9990300675917316,0.040382753182200304,0.05665949713647019,0.21783524751663208,0.9999011320047209,0.9994437763750804,0.010027131575157,0.0140618630305929,0.05407626926898956
90,pren_linear,tree_scm,ok,0.1,2,1,0,False,0.7090895771980286,1.0,0.021489753788110057,0.9984049901692197,0.9990472449216793,0.040984002675088504,0.05648025782872272,0.21632486581802368,0.9999017699846033,0.9994282307238395,0.010175378903568344,0.014016420095215466,0.05369096249341965
90,pren_linear,tree_scm,ok,0.1,3,1,0,False,0.7085819840431213,0.9999999403953552,0.021499682136073606,0.9986086379246806,0.9991562321185895,0.038321520198337566,0.052751532999409455,0.19796782732009888,0.9999143124189687,0.9994982364458909,0.009514753596818082,0.013091033551499981,0.04913564771413803
90,pren_linear,tree_scm,ok,0.1,4,1,0,False,0.7189039587974548,1.0,0.02097238961007847,0.9995002512558939,0.9996734742686503,0.02278597251637393,0.03161482975071904,0.11231464147567749,0.9999692197341197,0.9998190736535296,0.00565763421570864,0.00784605199154915,0.027882397174835205
90,pren_linear,tree_scm,ok,0.1,5,1,0,False,0.7140264511108398,1.0,0.021167434207662608,0.9998470859446353,0.9998930803411773,0.012355849724769996,0.01748794171873586,0.07512509822845459,0.9999905817868227,0.9999363310027892,0.003067322586844057,0.004340095306532891,0.01864585280418396
90,pren_linear,tree_scm,ok,0.1,6,1,0,False,0.7067084312438965,1.0,0.021610850165471665,0.9973127850687321,0.9984674513625634,0.053472899990254064,0.0733105027073448,0.27159005403518677,0.9998345112371015,0.999068982011301,0.013276546536189926,0.0181927877426833,0.06740705296397209
90,pren_linear,tree_scm,ok,0.1,7,1,0,False,0.7094367742538452,1.0,0.021417951632277065,0.9996017661522573,0.9997415018596666,0.02053186815481922,0.028221758949058436,0.09907382726669312,0.9999754746522576,0.9998462086939418,0.005097639290681855,0.007003620285111567,0.024592339992523193
90,pren_linear,tree_scm,ok,0.1,8,1,0,False,0.7108981013298035,1.0,0.02139162146462413,0.9991883414510101,0.99949650418425,0.029076819048611924,0.04029040988098841,0.158846914768219,0.9999500119472073,0.9996956025141263,0.007219008746261579,0.009998805285370532,0.039425358176231384
90,pren_linear,tree_scm,ok,0.1,9,1,0,False,0.7091237902641296,1.0,0.02147221716118049,0.9988069059604374,0.9992658004613403,0.035442378272193764,0.04884862352541962,0.18480080366134644,0.9999265222883722,0.9995639282776626,0.008799879800207577,0.012122517194758813,0.04586763679981232
90,pren_linear,tree_scm,ok,0.2,0,1,0,False,0.726146936416626,1.0,0.020645809920879034,0.9969950129417499,0.9982154128817682,0.05529528878190604,0.07752402363823278,0.287858247756958,0.9998149030920255,0.9989818771904726,0.013729446295684511,0.01924042185788684,0.07146558165550232
90,pren_linear,tree_scm,ok,0.2,1,1,0,False,0.7066453695297241,1.0,0.021552944722223757,0.9989578179081586,0.9993643717366424,0.03334192972963024,0.04565483660097554,0.1566031575202942,0.9999358191360649,0.9996291842500535,0.008278176220429145,0.01132968360104767,0.03887167572975159
90,pren_linear,tree_scm,ok,0.2,2,1,0,False,0.718828558921814,1.0,0.020957525693144016,0.9991527902176545,0.9994701626314283,0.029435590144402113,0.041163328582724826,0.15692812204360962,0.999947817967063,0.9997034032794505,0.007308880025789222,0.010215873324294385,0.03895559906959534
90,pren_linear,tree_scm,ok,0.2,3,1,0,False,0.7051131725311279,1.0,0.021663872627856445,0.9974327156003765,0.9985379599992846,0.05239271568171944,0.07165590495925496,0.25537747144699097,0.9998419005032056,0.999112109738216,0.013007568016064397,0.017781985417035052,0.06338459253311157
90,pren_linear,tree_scm,ok,0.2,4,1,0,False,0.7101321220397949,1.0,0.021448056927980685,0.9985311582264653,0.9991098745619053,0.03922098438181365,0.05420040068326497,0.21270257234573364,0.9999095388177736,0.9994703526214146,0.009737320198041743,0.013450738836575384,0.05279137194156647
90,pren_linear,tree_scm,ok,0.2,5,1,0,False,0.7057575583457947,1.0,0.021722401517639073,0.994225775514648,0.9968933843251554,0.07874520262936358,0.10746371043607354,0.40148240327835083,0.9996444088239566,0.998074306201273,0.01955010139732849,0.026668002788170744,0.09964069537818432
90,pren_linear,tree_scm,ok,0.2,6,1,0,False,0.7123258709907532,1.0,0.021271039909123827,0.9999840530237998,0.9999832473535512,0.004118846672270138,0.005647473090303959,0.01748478412628174,0.9999990179101823,0.9999900869930618,0.001022768355937842,0.0014014919699344443,0.004340820014476776
90,pren_linear,tree_scm,ok,0.2,7,1,0,False,0.710135281085968,1.0,0.02134715350975222,0.9999794084727361,0.9999804086796366,0.0045651266705704074,0.006417402450443152,0.028558015823364258,0.9999987322782118,0.9999894946713397,0.00113272926796526,0.001592307667170433,0.0070514678955078125
90,pren_linear,tree_scm,ok,0.2,8,1,0,False,0.7189832329750061,1.0,0.02096768842465186,0.9994657969771366,0.9996502954903081,0.023544129005529157,0.03268648140370262,0.11681324243545532,0.9999670975610587,0.9998081883448966,0.005845852428393528,0.008112020717016154,0.028999075293540955
90,pren_linear,tree_scm,ok,0.2,9,1,0,False,0.7118678092956543,1.0,0.02128211114742961,0.9999937085901841,0.9999926797975824,0.002555221542650088,0.0035472270112806114,0.014682531356811523,0.9999996126379177,0.9999957978685359,0.0006341877757449765,0.0008801841918627025,0.0036257505416870117
90,pren_linear,tree_scm,ok,0.3,0,1,0,False,0.7030378580093384,1.0,0.021812230674174652,0.9945571996695431,0.9970707455654102,0.07662299010695506,0.10433408119783698,0.3732364773750305,0.9996648292175367,0.9982059804377369,0.019023799141564268,0.025890955787483433,0.09263220243155956
90,pren_linear,tree_scm,ok,0.3,1,1,0,False,0.7473152279853821,1.0,0.019790917412790678,0.9819972819733456,0.9891240791073599,0.13240416066918215,0.18975098071793767,0.7432180494070053,0.9988908704286962,0.9941060300586508,0.032878114591483154,0.04709839949244652,0.18455259501934052
90,pren_linear,tree_scm,ok,0.3,2,1,0,False,0.7025537490844727,1.0,0.021798783895660048,0.9958598104648179,0.9977266915814319,0.0668000578788508,0.09099658662094401,0.31771451234817505,0.9997450459483752,0.9986285740469207,0.01658412110352714,0.022581145445814178,0.07885478809475899
90,pren_linear,tree_scm,ok,0.3,3,1,0,False,0.7207911610603333,1.0,0.02087770985327348,0.9988369504084676,0.9992975511408339,0.03455266162889359,0.04822965045221175,0.1787738800048828,0.9999283637647082,0.9995921585544667,0.00857904311014579,0.011969648104254526,0.04438064992427826
90,pren_linear,tree_scm,ok,0.3,4,1,0,False,0.7100018858909607,1.0,0.02160324894889363,0.9927039768650032,0.9960816018167512,0.08828959473686382,0.12079754249407831,0.47638148069381714,0.9995506749336179,0.9975643507259851,0.021916973015740027,0.0299774944986244,0.11822653748095036
90,pren_linear,tree_scm,ok,0.3,5,1,0,False,0.7146521806716919,1.0,0.021104333773571196,0.9991959159079092,0.999485037729776,0.028176269783898533,0.04010197295490378,0.1739814281463623,0.9999504744751931,0.9997082200844001,0.006994840861807461,0.009952439676513165,0.043182358145713806
90,pren_linear,tree_scm,ok,0.3,6,1,0,False,0.7093607783317566,1.0,0.021920922772806318,0.972340933584645,0.9846434670266789,0.17582484277357935,0.23519807264185105,0.8722664713859558,0.9982967451681185,0.9906323872577069,0.0436438345515171,0.05836531368834018,0.2164592146873474
90,pren_linear,tree_scm,ok,0.3,7,1,0,False,0.7045628428459167,1.0,0.021629663606954216,0.9988918913430934,0.9993291677097487,0.03448910078753897,0.047076716253238886,0.1493348479270935,0.9999317618966094,0.9996172148809098,0.00856339203846801,0.011682303177730028,0.03706951439380646
90,pren_linear,tree_scm,ok,0.3,8,1,0,False,0.7133013010025024,1.0,0.02124014960174885,0.9999739257315248,0.9999762400758172,0.00514815265680113,0.0072213943158689,0.030081868171691895,0.9999983940819791,0.9999858289821899,0.001278074574997845,0.001792159649003452,0.007466234266757965
90,pren_linear,tree_scm,ok,0.3,9,1,0,False,0.7159417271614075,0.9999999403953552,0.02109350608977421,0.9997726964373029,0.9998436158894212,0.01527484389947631,0.02132151753003567,0.0822141170501709,0.9999860000912513,0.9999104476611114,0.00379285052446221,0.005291485368128599,0.020407676696777344
91,pren_linear,tree_scm,ok,0.0,0,0,0,False,0.7313542366027832,1.0,-0.008226708720745645,1.0,1.0,0.0,0.0,0.0,1.0,1.0,0.0,0.0,0.0
91,pren_linear,tree_scm,ok,0.1,0,1,0,False,0.7316727638244629,1.0,-0.008190700849469606,0.9999928220544725,0.9999913163400329,0.0026939212853278605,0.0037889168436671134,0.015521407127380371,0.999999551631431,0.9999962113761532,0.0006730488762514142,0.0009469620630331688,0.003879355266690254
91,pren_linear,tree_scm,ok,0.1,1,1,0,False,0.7270507216453552,1.0,-0.008463774829581423,0.9990387322060634,0.9993956530291109,0.03161244214720682,0.04384672905397778,0.1696597933769226,0.9999399469940605,0.9997963754380944,0.007899509736262189,0.010959289104179653,0.042407140135765076
91,pren_linear,tree_scm,ok,0.1,2,1,0,False,0.7312856316566467,1.0,-0.008109027975822409,0.9999843265352122,0.999984856680495,0.003892175122771846,0.005598832952739601,0.0260697603225708,0.9999990212993076,0.99999323859166,0.0009716061536551024,0.0013990716351448412,0.006515359506011009
91,pren_linear,tree_scm,ok,0.1,3,1,0,False,0.7311838865280151,1.0,-0.008070787302234544,0.9999760333901052,0.9999780477745972,0.004793042806312542,0.006923382083349358,0.032721519470214844,0.9999985035557556,0.9999907910735997,0.001196461590495801,0.0017299966807579827,0.008177664130926132
91,pren_linear,tree_scm,ok,0.1,4,1,0,False,0.7323799729347229,1.0,-0.008017137116343987,0.9998645133350887,0.9998953825727772,0.011618032540724244,0.01646126783118428,0.07017165422439575,0.9999915377626817,0.9999610185251411,0.002901818677855772,0.004113936622714414,0.01753763109445572
91,pren_linear,tree_scm,ok,0.1,5,1,0,False,0.7269366979598999,1.0,-0.008246582818617195,0.9995146502455463,0.9996723008010872,0.02253741154868294,0.031156051541786335,0.1125367283821106,0.9999696796628618,0.9998947874567905,0.005632896617044025,0.007787212188190437,0.02812771126627922
91,pren_linear,tree_scm,ok,0.1,6,1,0,False,0.7277211546897888,1.0,-0.00852922537500526,0.9990867832403537,0.99941794891281,0.030737238019355573,0.04273679318149554,0.16916602849960327,0.9999429490772275,0.9998058302338888,0.00768046940243039,0.010681846662809365,0.04228430241346359
91,pren_linear,tree_scm,ok,0.1,7,1,0,False,0.7371243834495544,1.0,-0.007794190693037583,0.9986873211614146,0.9991771533688575,0.036214567528190855,0.051238243565682864,0.20760959386825562,0.9999180099974754,0.9996951107753379,0.009048139249046017,0.012805467898929543,0.05188421905040741
91,pren_linear,tree_scm,ok,0.1,8,1,0,False,0.7257528901100159,1.0,-0.008470262347753381,0.9984780194114921,0.9991061641692296,0.03990136308283354,0.055172105461397856,0.21036940813064575,0.999904916701945,0.9996878352764464,0.00997136302959234,0.01379009054055932,0.05258282646536827
91,pren_linear,tree_scm,ok,0.1,9,1,0,False,0.7361162900924683,1.0,-0.007852136887315148,0.9990392406290182,0.9993873940526428,0.03101282473721767,0.04383513138884271,0.17778533697128296,0.9999399901651794,0.999772481403333,0.007748563993118296,0.01095534896677206,0.04443137347698212
91,pren_linear,tree_scm,ok,0.2,0,1,0,False,0.7453859448432922,1.0,-0.0074196557297136504,0.9948517018497554,0.9967786527251269,0.07122110862906084,0.10147214710680978,0.4094378352165222,0.9996784635722777,0.9988699730884772,0.017794650231554243,0.025358881102893503,0.10231435671448708
91,pren_linear,tree_scm,ok,0.2,1,1,0,False,0.7295892834663391,1.0,-0.008742332598565404,0.9991245938411375,0.9994358862027036,0.029862683658407718,0.04184271003034073,0.17687827348709106,0.9999453136098208,0.999809909430656,0.0074594896484541096,0.010458144116439866,0.044214021414518356
91,pren_linear,tree_scm,ok,0.2,2,1,0,False,0.7341539859771729,1.0,-0.007878607142832976,0.9994699128156243,0.9996548217223373,0.022997965922286312,0.03256031861009046,0.13557487726211548,0.999966891394263,0.9998699686181246,0.00574541081971347,0.0081373958669562,0.03388243913650513
91,pren_linear,tree_scm,ok,0.2,3,1,0,False,0.7310130000114441,1.0,-0.00819614896550024,0.9999997581238577,0.9999989829947786,0.0004926967046685604,0.0006955230240897565,0.0030145645141601562,0.9999999849175033,0.9999994076782774,0.0001233465327459271,0.00017368072192431303,0.0007414817810058594
91,pren_linear,tree_scm,ok,0.2,4,1,0,False,0.7403519153594971,1.0,-0.008125455162884732,0.9985701456375231,0.9991416811208067,0.03812917173968344,0.05347624470152145,0.19787508249282837,0.9999106783295413,0.9996769052642871,0.009529331920827389,0.013365752432204543,0.04945585876703262
91,pren_linear,tree_scm,ok,0.2,5,1,0,False,0.7381773591041565,1.0,-0.008001879205834157,0.9988535944168998,0.9992884204456047,0.03404886474588409,0.04788330786370131,0.18447118997573853,0.9999283884814743,0.9997326170338314,0.008508449059945633,0.011967582668355776,0.04610419273376465
91,pren_linear,tree_scm,ok,0.2,6,1,0,False,0.7255454659461975,1.0,-0.008298643642944479,0.9989744987812071,0.9993684844610543,0.03280171501194218,0.04528799447543281,0.16580981016159058,0.9999359351063365,0.9997860936270652,0.008198017608151531,0.011319442951135038,0.04144338518381119
91,pren_linear,tree_scm,ok,0.2,7,1,0,False,0.7341514825820923,1.0,-0.008694518948959493,0.9999642939063367,0.9999637789678849,0.005610115432546081,0.00845057309111873,0.04955571889877319,0.9999977755989291,0.9999880082790931,0.0013959081697976217,0.002109218384716111,0.012385979294776917
91,pren_linear,tree_scm,ok,0.2,8,1,0,False,0.7302631735801697,1.0,-0.008848853629074383,0.9990524825448316,0.9993979440848293,0.03097973864225878,0.043531998201911386,0.18822640180587769,0.9999408102434995,0.9997934138294828,0.0077375029666200135,0.010880235194841966,0.047051794826984406
91,pren_linear,tree_scm,ok,0.2,9,1,0,False,0.7334689497947693,1.0,-0.008331234491385722,0.9999692625590821,0.9999727643766539,0.005685925736315767,0.007840592017622775,0.022358179092407227,0.9999980800839277,0.9999892935054717,0.0014213368948787775,0.0019595490080117585,0.005580902099609375
91,pren_linear,tree_scm,ok,0.3,0,1,0,False,0.7247042059898376,1.0,-0.009198121311164091,0.9899623727590442,0.9943461774014732,0.10369399294199866,0.14168717016181076,0.5546672940254211,0.9993728210525219,0.99804349429583,0.025912279986641806,0.035416915060971464,0.13866568729281425
91,pren_linear,tree_scm,ok,0.3,1,1,0,False,0.7450700402259827,1.0,-0.007820795895377328,0.996287245869218,0.9976966172841715,0.060916855171001316,0.08617138879419162,0.3326182961463928,0.9997680888770117,0.9991990580967025,0.015222399521348962,0.021536533279410734,0.08312639966607094
91,pren_linear,tree_scm,ok,0.3,2,1,0,False,0.7295907735824585,1.0,-0.009700563871669895,0.9635665336665701,0.9784687030612974,0.20209759191874355,0.269938761521283,1.0221746563911438,0.9977232213087672,0.9928509338566625,0.050509438954009056,0.06748005146746179,0.25557319447398186
91,pren_linear,tree_scm,ok,0.3,3,1,0,False,0.7284876704216003,1.0,-0.00894098992852637,0.997880718866944,0.9987584266146912,0.04675463234556787,0.06510424139175552,0.27034372091293335,0.999867598873925,0.9995711367212644,0.011680308992310984,0.016272745774353208,0.06758078932762146
91,pren_linear,tree_scm,ok,0.3,4,1,0,False,0.7297908067703247,1.0,-0.00855728060387889,0.9995862846609835,0.9997074629176076,0.020505475471395584,0.028765095476801686,0.12050503492355347,0.9999741559808187,0.9999059773084901,0.005122214597122365,0.007189439345700575,0.030121149495244026
91,pren_linear,tree_scm,ok,0.3,5,1,0,False,0.7561439871788025,1.0,-0.007289207202328459,0.9894669104670274,0.9932188327015234,0.1014685985525503,0.14514192722702757,0.5749840140342712,0.9993421646541605,0.9976443476861454,0.025353892293599856,0.036272175049855235,0.14367841556668282
91,pren_linear,tree_scm,ok,0.3,6,1,0,False,0.7603002786636353,1.0,-0.007429695253803814,0.9880063714682196,0.9922832773049136,0.10836779201167701,0.15487820165162378,0.6027970910072327,0.9992509115113439,0.9973310989020814,0.02708012017018291,0.038706291808879335,0.15063383057713509
91,pren_linear,tree_scm,ok,0.3,7,1,0,False,0.7293681502342224,1.0,-0.009414785739714552,0.9953126879564603,0.9973675211000642,0.06980046671046125,0.09682264317950277,0.40737074613571167,0.9997071368488423,0.9991060412345324,0.017437907005160014,0.02420178294807961,0.10184649750590324
91,pren_linear,tree_scm,ok,0.3,8,1,0,False,0.7647780179977417,1.0,-0.007200100113415727,0.984599544025876,0.9899515302017021,0.12234599055364015,0.17550188797643632,0.6900195330381393,0.9990381913530108,0.9965084981403333,0.03057061023669405,0.043859061529479645,0.1724201925098896
91,pren_linear,tree_scm,ok,0.3,9,1,0,False,0.7243227362632751,1.0,-0.008222489592087205,0.9987278820801175,0.999245382125742,0.036625015258159976,0.05044041906894246,0.17989808320999146,0.9999205298640097,0.9997404848544451,0.009154138737699213,0.012607151805011284,0.04496397078037262
92,pren_linear,tree_scm,ok,0.0,0,0,0,False,0.7269812822341919,1.0,0.11581767366483207,1.0,1.0,0.0,0.0,0.0,1.0,1.0,0.0,0.0,0.0
92,pren_linear,tree_scm,ok,0.1,0,1,0,False,0.721819281578064,1.0,0.11347348878933947,0.9985313790425843,0.9991319916266495,0.038698392988351316,0.0541963271628372,0.1998201608657837,0.9999135583427414,0.999829176650454,0.00935195804681399,0.013148509862170404,0.048268258571624756
92,pren_linear,tree_scm,ok,0.1,1,1,0,False,0.7252001166343689,1.0,0.11529515175263702,0.9999073833056533,0.9999278373324056,0.009681462605954039,0.013610047385206563,0.04874742031097412,0.9999945490037568,0.9999846219869823,0.0023400581674835053,0.0033018165530247887,0.011735498905181885
92,pren_linear,tree_scm,ok,0.1,2,1,0,False,0.7337404489517212,1.0,0.11765388711614483,0.9987726571414158,0.9992288753443784,0.03472935855990045,0.04954478469497711,0.18409252166748047,0.9999277967786058,0.9998657441348974,0.008392955714377592,0.012016923389368935,0.04435092210769653
92,pren_linear,tree_scm,ok,0.1,3,1,0,False,0.734714686870575,1.0,0.11781015766834678,0.998503086266427,0.9990633605376456,0.03834055257880209,0.054715878844341724,0.20249438285827637,0.9999119376619467,0.9998336693548386,0.009266160950168967,0.013271197354763632,0.0487632155418396
92,pren_linear,tree_scm,ok,0.1,4,1,0,False,0.7268595695495605,1.0,0.11628427122635347,0.9999640800730809,0.9999688416420545,0.005788196102798793,0.008475839190814736,0.03744238615036011,0.9999978893295216,0.9999930262499105,0.0013948830589853856,0.0020545902251082426,0.009141474962234497
92,pren_linear,tree_scm,ok,0.1,5,1,0,False,0.7329541444778442,1.0,0.11765363453788698,0.9988596072513422,0.9992820948926338,0.0334155147750721,0.04775756874836407,0.18032944202423096,0.9999329181983055,0.9998757800765323,0.008074307261033198,0.011582901590244414,0.04349592328071594
92,pren_linear,tree_scm,ok,0.1,6,1,0,False,0.7279645204544067,1.0,0.11564941632579095,0.9999985246751099,0.9999973177884122,0.00113013522374672,0.001717745535411321,0.009914100170135498,0.9999999138031275,0.9999988377083182,0.00027295195835108643,0.00041520326272107195,0.002425968647003174
92,pren_linear,tree_scm,ok,0.1,7,1,0,False,0.7309014797210693,1.0,0.11718448954133177,0.9994127460783561,0.9996110010885924,0.024011203876312948,0.034271092565978725,0.13031649589538574,0.999965455475689,0.9999301395644089,0.005801475669720446,0.00831198219220848,0.031460464000701904
92,pren_linear,tree_scm,ok,0.1,8,1,0,False,0.7222042083740234,1.0,0.11345974840218363,0.9985641848719089,0.9991458608957348,0.03821553582065462,0.05358759465287303,0.19958674907684326,0.9999154939125205,0.999832708229025,0.009234404690580789,0.013000468394720719,0.04824548959732056
92,pren_linear,tree_scm,ok,0.1,9,1,0,False,0.7329701781272888,1.0,0.11704330617190571,0.9993396999123656,0.9995724442970172,0.0256887031909514,0.03634006287247057,0.1276833415031433,0.9999611417005705,0.9999224393820182,0.0062119170979642035,0.008815701794711563,0.0306546688079834
92,pren_linear,tree_scm,ok,0.2,0,1,0,False,0.7310543060302734,0.9999999403953552,0.11670165648486291,0.999672205181874,0.9997786504887138,0.01812772909022442,0.02560448461419209,0.09008711576461792,0.9999807089000391,0.9999567605142693,0.004383200739120241,0.006211457074489872,0.021634012460708618
92,pren_linear,tree_scm,ok,0.2,1,1,0,False,0.735018789768219,1.0,0.11816232596449565,0.9980715970397341,0.9987852822512767,0.043329234514573045,0.062103187426955184,0.23521381616592407,0.9998865725638829,0.9997926203418924,0.010470160632159775,0.015061702303036294,0.05672338604927063
92,pren_linear,tree_scm,ok,0.2,2,1,0,False,0.7265802621841431,1.0,0.11610737801397261,0.9999893649046323,0.9999879188719731,0.0030746832813974834,0.004611961603821021,0.02195340394973755,0.9999993755624328,0.9999969154566911,0.00073997502882861,0.001117530834014222,0.005361974239349365
92,pren_linear,tree_scm,ok,0.2,3,1,0,False,0.7298849821090698,1.0,0.11729087705328885,0.9994217183919606,0.9996124874808471,0.02367357660801872,0.03400828184675206,0.13477414846420288,0.9999659927166618,0.9999312236249194,0.00571842525527444,0.008247094540915238,0.0326310396194458
92,pren_linear,tree_scm,ok,0.2,4,1,0,False,0.73252272605896,1.0,0.11793140573988903,0.9986446051235219,0.9991374901604045,0.03624160609479077,0.052065244963486475,0.20257771015167236,0.999920288138335,0.9998523889564407,0.008755239379745205,0.012626310669539826,0.048959046602249146
92,pren_linear,tree_scm,ok,0.2,5,1,0,False,0.7309265732765198,1.0,0.11664963785181105,0.9997035484012649,0.9997992811661768,0.01725311043350075,0.024349603416488154,0.08515191078186035,0.999982552887103,0.9999607838316286,0.004171947894160866,0.005907133529999335,0.020447254180908203
92,pren_linear,tree_scm,ok,0.2,6,1,0,False,0.7319177389144897,1.0,0.11560610454581313,0.9999592004605646,0.9999657906263734,0.006326973110844847,0.009033220725335727,0.0434037446975708,0.9999975969219924,0.9999918080788212,0.0015386028205668367,0.0021922946960383567,0.010584414005279541
92,pren_linear,tree_scm,ok,0.2,7,1,0,False,0.7203199863433838,1.0,0.11096385831037214,0.9947838678633844,0.997327075569786,0.0733898572333942,0.1021384563893911,0.3818889260292053,0.999692912930472,0.9994689556362205,0.017733037583873568,0.02478253685651316,0.09249353408813477
92,pren_linear,tree_scm,ok,0.2,8,1,0,False,0.7374075055122375,1.0,0.11877565625229418,0.996856033266063,0.9980557877546747,0.05509959517837615,0.07929648971387358,0.3028256893157959,0.9998150942185986,0.999666265825048,0.013313782821960274,0.01923048537605484,0.07303625345230103
92,pren_linear,tree_scm,ok,0.2,9,1,0,False,0.7404672503471375,1.0,0.11970885958090582,0.9945460609578166,0.9966738788169763,0.07203911831572896,0.1044407865972165,0.406632661819458,0.9996793054132981,0.9994306335383732,0.017405506697620865,0.0253256623102596,0.09813976287841797
92,pren_linear,tree_scm,ok,0.3,0,1,0,False,0.7430422902107239,1.0,0.11935803184676211,0.994651467728447,0.9968037984407622,0.0717732997203484,0.10342661482354852,0.3875456750392914,0.9996854176779786,0.9994389707460123,0.017348056254689936,0.025083154424778736,0.09328469634056091
92,pren_linear,tree_scm,ok,0.3,1,1,0,False,0.7206509113311768,1.0,0.11319470092067446,0.9980900961813813,0.9988889162015019,0.04426646845911364,0.06180459109927263,0.22398018836975098,0.9998875706734274,0.999783791395465,0.010698981802825358,0.014995287934086454,0.05405193567276001
92,pren_linear,tree_scm,ok,0.3,2,1,0,False,0.7408741116523743,1.0,0.1177858115255726,0.9976606087661937,0.9985880055889912,0.048303175940304754,0.06840162549199029,0.23070478439331055,0.9998623136212885,0.9997434241112937,0.011688164512626997,0.016594359490292684,0.05550163984298706
92,pren_linear,tree_scm,ok,0.3,3,1,0,False,0.725063681602478,1.0,0.10140693943697916,0.967290594829339,0.9848825525762784,0.18857707425331682,0.25577101382837847,0.9380246996879578,0.9980716677101246,0.9967890015914455,0.04561529279840926,0.06210204985345331,0.22826707363128662
92,pren_linear,tree_scm,ok,0.3,4,1,0,False,0.7427595257759094,1.0,0.11941933991683644,0.9945942253571152,0.996758547296099,0.07209182408121251,0.1039786003369726,0.3918107748031616,0.9996820632322384,0.9994316952471209,0.017423939976502822,0.025216533132232453,0.09434735774993896
92,pren_linear,tree_scm,ok,0.3,5,1,0,False,0.7199740409851074,1.0,0.10607687298163207,0.9824156140408368,0.991781144900787,0.13681234585411062,0.18753338456530672,0.6896793246269226,0.9989640092504132,0.9982681183391745,0.03307719778707252,0.04551902380710154,0.16738677024841309
92,pren_linear,tree_scm,ok,0.3,6,1,0,False,0.7223801612854004,0.9999999403953552,0.10804470838360318,0.9889443231282162,0.9947059066473356,0.10737170312924604,0.14869886537912952,0.567485511302948,0.9993489643060864,0.9988928277662542,0.025941873090687295,0.0360842258057286,0.13788115978240967
92,pren_linear,tree_scm,ok,0.3,7,1,0,False,0.7465819120407104,1.0,0.1203382186142528,0.9914386453704591,0.9948110269898154,0.09004096211117485,0.1308537685854244,0.5032481849193573,0.9994965728639001,0.9991242467455832,0.021760624433618148,0.031730967120651696,0.12127238512039185
92,pren_linear,tree_scm,ok,0.3,8,1,0,False,0.7293667793273926,1.0,0.11710944481331008,0.9995669051497122,0.9997027215490147,0.020492373266662867,0.0294311000566935,0.1170087456703186,0.99997453087396,0.9999465234067663,0.004949733795506006,0.007137103898078869,0.028339922428131104
92,pren_linear,tree_scm,ok,0.3,9,1,0,False,0.731193482875824,1.0,0.11588021055020979,0.9999357650076978,0.9999494403115693,0.008162200005813247,0.011334460078486012,0.04318654537200928,0.9999962150835797,0.9999877624096987,0.0019805228181937196,0.0027513329025770235,0.010469019412994385
93,pren_linear,tree_scm,ok,0.0,0,0,0,False,0.7197821736335754,1.0,-0.08034541884139304,1.0,1.0,0.0,0.0,0.0,1.0,1.0,0.0,0.0,0.0
93,pren_linear,tree_scm,ok,0.1,0,1,0,False,0.7163347005844116,1.0,-0.0774270528123026,0.9992130781008184,0.9995553116729846,0.0282250605439458,0.03967170132552681,0.15124452114105225,0.9999493642422882,0.9996865724018309,0.007207289733514699,0.01006337511319545,0.03817141056060791
93,pren_linear,tree_scm,ok,0.1,1,1,0,False,0.7173796892166138,0.9999999403953552,-0.0785480224994619,0.9996963762642372,0.9998144691903297,0.017501296040364878,0.024642391776266873,0.0934000015258789,0.9999804556150286,0.9998673981653671,0.0044693158733366545,0.0062521011323605396,0.023579567670822144
93,pren_linear,tree_scm,ok,0.1,2,1,0,False,0.7256555557250977,1.0,-0.08349388775354862,0.9989910348483109,0.9994121486302839,0.03160407259463227,0.04492137909921381,0.16975641250610352,0.9999349460950625,0.9995670128209713,0.008073265880746305,0.01140648104214738,0.04292091727256775
93,pren_linear,tree_scm,ok,0.1,3,1,0,False,0.712184488773346,1.0,-0.07334694801451545,0.9957079744187605,0.9979118982905371,0.06655472596943923,0.09265015643614365,0.34310436248779297,0.999724182969308,0.9983597717437952,0.016978766161656722,0.023486891517563786,0.08646878600120544
93,pren_linear,tree_scm,ok,0.1,4,1,0,False,0.7238742709159851,1.0,-0.08267603507310718,0.9994549576603304,0.9996821691044987,0.023262162679316134,0.033016430739214474,0.125033438205719,0.9999648675674074,0.9997499955296472,0.005941916384095691,0.00838241400698487,0.031605660915374756
93,pren_linear,tree_scm,ok,0.1,5,1,0,False,0.7231139540672302,1.0,-0.08199017958811453,0.9997301874251019,0.9998378491345397,0.01643248149918186,0.023229833755930664,0.08477067947387695,0.999982611873192,0.9998772217652527,0.004196431173738802,0.0058971394372830145,0.021418213844299316
93,pren_linear,tree_scm,ok,0.1,6,1,0,False,0.7223653793334961,1.0,-0.08199634836061466,0.9997299691289947,0.9998384638080251,0.016379422714763336,0.02323922914171798,0.0891065001487732,0.9999825983558804,0.9998754895036119,0.004183785698160136,0.005899431202560721,0.022521287202835083
93,pren_linear,tree_scm,ok,0.1,7,1,0,False,0.7219330072402954,1.0,-0.08122493967514967,0.9999229448097515,0.9999487585830769,0.008822681623286144,0.012414120365610001,0.04271078109741211,0.9999950351442224,0.999957643408912,0.002252564799277934,0.003151144520144986,0.010784387588500977
93,pren_linear,tree_scm,ok,0.1,8,1,0,False,0.7206554412841797,1.0,-0.08088242250250806,0.9999718816128953,0.9999768994528286,0.0053046231560074375,0.007499118424077939,0.02822774648666382,0.9999981886093134,0.9999799392926112,0.0013547417906778492,0.001903360559684646,0.007131099700927734
93,pren_linear,tree_scm,ok,0.1,9,1,0,False,0.7241964936256409,1.0,-0.08334162237949044,0.9990921968466383,0.9994678603998283,0.0298885939745972,0.042609931826836756,0.16721582412719727,0.9999414726821187,0.9996062401652241,0.007636436353791964,0.010819179119546092,0.04228714108467102
93,pren_linear,tree_scm,ok,0.2,0,1,0,False,0.733403205871582,1.0,-0.0869664742023259,0.9952571155197543,0.9974557323331663,0.06790527469479457,0.09739491194797498,0.3760388195514679,0.9996938446743124,0.9980522673628495,0.017354646557947717,0.02474491195045741,0.09519416093826294
93,pren_linear,tree_scm,ok,0.2,1,1,0,False,0.7118793725967407,1.0,-0.07417236479726903,0.9966175291882723,0.9983288592554179,0.0590398749641281,0.0822492647073609,0.2999931573867798,0.9997825732051919,0.9986873256562475,0.015061905830762612,0.02085314346571868,0.07561430335044861
93,pren_linear,tree_scm,ok,0.2,2,1,0,False,0.7254011631011963,1.0,-0.08231715004837441,0.9996023574853433,0.9997669716937271,0.020027942560204792,0.028200798769115062,0.09379929304122925,0.9999743686230215,0.9998187272012016,0.005114996654526749,0.007159801164221623,0.023686647415161133
93,pren_linear,tree_scm,ok,0.2,3,1,0,False,0.7198882699012756,1.0,-0.07976239920782878,0.999967332465072,0.999973367874258,0.0056351386840560735,0.008083011243080843,0.03565943241119385,0.9999978962978936,0.9999806657249122,0.0014403607952999664,0.0020511957962277994,0.009015172719955444
93,pren_linear,tree_scm,ok,0.2,4,1,0,False,0.718269407749176,1.0,-0.0793299734140458,0.9999018440353474,0.9999331011730204,0.009942166852271839,0.014011136198070142,0.05264472961425781,0.9999936800122805,0.9999516196087547,0.002538817129959625,0.0035552743694693416,0.013292968273162842
93,pren_linear,tree_scm,ok,0.2,5,1,0,False,0.7179142832756042,1.0,-0.07884082063551485,0.9997865870080367,0.9998664817430798,0.014650029862650626,0.020659767855885264,0.07934725284576416,0.9999862612901557,0.9999039432980472,0.0037416632520148596,0.005241890902490953,0.020035475492477417
93,pren_linear,tree_scm,ok,0.2,6,1,0,False,0.7145929336547852,1.0,-0.07550961162826623,0.9978955319073499,0.9989372071919032,0.04635192746792427,0.06487631449021274,0.24571549892425537,0.9998646685445524,0.999180450253916,0.011831201005603642,0.01645183637596929,0.06197535991668701
93,pren_linear,tree_scm,ok,0.2,7,1,0,False,0.7156603336334229,1.0,-0.076271707888317,0.9984926102195151,0.9992184706029611,0.039133531211632544,0.05490700805983594,0.21089792251586914,0.9999030413665966,0.9994077565088332,0.009991251525832467,0.013925418279755375,0.053211092948913574
93,pren_linear,tree_scm,ok,0.2,8,1,0,False,0.7205711603164673,1.0,-0.08207395255665281,0.9997039614148651,0.999816838477219,0.016964049684474958,0.024332635633092584,0.10359126329421997,0.9999809219540543,0.9998652970996351,0.004336323906755979,0.0061770616653716885,0.02620115876197815
93,pren_linear,tree_scm,ok,0.2,9,1,0,False,0.7249462604522705,1.0,-0.08217888307177566,0.9996571624086836,0.9997982418103138,0.018600195984888046,0.026185400723795237,0.0872696042060852,0.9999779023114082,0.9998417159895572,0.0047502356393351874,0.006647960460529327,0.022037029266357422
93,pren_linear,tree_scm,ok,0.3,0,1,0,False,0.7234931588172913,1.0,-0.08353948789406117,0.9989663359995992,0.9993860529468563,0.03178070416367973,0.04546787955746156,0.18414080142974854,0.9999333543129906,0.9995559263464703,0.008121779184477873,0.011545188374700279,0.04657980799674988
93,pren_linear,tree_scm,ok,0.3,1,1,0,False,0.7174676656723022,1.0,-0.07414365861289393,0.9966121387739014,0.9983234166011012,0.058696327022857986,0.08231477830360036,0.3319145441055298,0.9997822375253567,0.9987159359130248,0.014988275699721498,0.020869234836151936,0.08372017741203308
93,pren_linear,tree_scm,ok,0.3,2,1,0,False,0.7333186268806458,1.0,-0.08433265670111258,0.9982981661366248,0.9990646904727843,0.04132324916719199,0.05834096260274531,0.18751591444015503,0.9998902237382299,0.9992987693119233,0.010554806489324164,0.014817305058567102,0.047371894121170044
93,pren_linear,tree_scm,ok,0.3,3,1,0,False,0.7198071479797363,1.0,-0.08095585981714677,0.9999635952334163,0.9999714456226306,0.005941940240759891,0.008532850472535684,0.0372849702835083,0.9999976547403319,0.9999764412416852,0.0015190138171119472,0.0021657606772992003,0.009428918361663818
93,pren_linear,tree_scm,ok,0.3,4,1,0,False,0.7203245759010315,1.0,-0.07967883470049922,0.9999567595432283,0.999966483531221,0.006428898548733741,0.009299511732044895,0.04295778274536133,0.9999972153132853,0.9999763630105142,0.0016430526371777887,0.002359952039387504,0.010863542556762695
93,pren_linear,tree_scm,ok,0.3,5,1,0,False,0.7459455728530884,0.9999999403953552,-0.09092739849448586,0.9868500701561781,0.992632244206423,0.1119681675377251,0.16217231431145074,0.6334380656480789,0.9991500172108573,0.9945649229311206,0.028621885909356326,0.041230638198138825,0.16057007014751434
93,pren_linear,tree_scm,ok,0.3,6,1,0,False,0.7237765192985535,1.0,-0.08371844304025754,0.9988437158390256,0.9993150413954651,0.03360108463971301,0.04808917091804409,0.19468307495117188,0.9999254439343003,0.9995040926078248,0.008587175259691548,0.012211147873222564,0.04924917221069336
93,pren_linear,tree_scm,ok,0.3,7,1,0,False,0.7090991735458374,1.0,-0.06474505028308297,0.9806794880190666,0.9910145129997854,0.14350805379578446,0.19657320485589913,0.7052245140075684,0.998761780847217,0.992767092393248,0.03655194612316848,0.049763825911814635,0.17723298072814941
93,pren_linear,tree_scm,ok,0.3,8,1,0,False,0.7614034414291382,0.9999999403953552,-0.09415229381073788,0.9757615931020789,0.985990317216222,0.15089391729338786,0.22017451371119837,0.8598679788410664,0.9984315076221201,0.9897875800193119,0.03857480857774931,0.056008790765410064,0.21819916367530823
93,pren_linear,tree_scm,ok,0.3,9,1,0,False,0.7173375487327576,0.9999999403953552,-0.0804039007886151,0.9999943211012279,0.9999930038981473,0.0023154920052093075,0.0033701331867192906,0.018375635147094727,0.999999632475904,0.9999943338280523,0.0005894641977022275,0.0008573495016857548,0.004679471254348755
94,pren_linear,tree_scm,ok,0.0,0,0,0,False,0.7269688248634338,1.0,-0.01492560038708779,1.0,1.0,0.0,0.0,0.0,1.0,1.0,0.0,0.0,0.0
94,pren_linear,tree_scm,ok,0.1,0,1,0,False,0.7291524410247803,1.0,-0.014255186385353556,0.9996578582722448,0.9997621548887775,0.019070365863854022,0.026158812078865744,0.105368971824646,0.9999785732417674,0.9999593756705528,0.004762284265382277,0.006546259701194805,0.02634340524673462
94,pren_linear,tree_scm,ok,0.1,1,1,0,False,0.7348750233650208,1.0,-0.013568789533382966,0.9987283213222189,0.9991740352979043,0.03693393883918361,0.05043170959617572,0.18716490268707275,0.9999203789754976,0.999886475395179,0.009225675271125056,0.01261911433702587,0.04672861099243164
94,pren_linear,tree_scm,ok,0.1,2,1,0,False,0.7362582087516785,1.0,-0.013255645688207435,0.9980570346783538,0.9987506370252485,0.0455137520340827,0.06233723297738811,0.23599612712860107,0.9998783576142318,0.9998366309634502,0.011366618863974054,0.015597588810963861,0.058930277824401855
94,pren_linear,tree_scm,ok,0.1,3,1,0,False,0.7281736731529236,1.0,-0.014478179788267433,0.9998440701996073,0.9998795798762605,0.012869024067413193,0.01765954670115143,0.07208836078643799,0.9999902341793568,0.9999771676739861,0.0032135989405794874,0.0044194616856366095,0.018027663230895996
94,pren_linear,tree_scm,ok,0.1,4,1,0,False,0.726774275302887,1.0,-0.015294293436620055,0.9998839859286242,0.9999022669158143,0.011073450185676847,0.015232470096293077,0.06496906280517578,0.9999927322544316,0.9999863318968598,0.0027658952738072173,0.003812543865516923,0.016262173652648926
94,pren_linear,tree_scm,ok,0.1,5,1,0,False,0.7309504151344299,1.0,-0.014231049665420952,0.9996650444830351,0.999772257885702,0.01903418657684597,0.025882639391763173,0.09467315673828125,0.9999790246693026,0.9999592974393819,0.004754497214207731,0.006476933134442468,0.023637115955352783
94,pren_linear,tree_scm,ok,0.1,6,1,0,False,0.7233075499534607,1.0,-0.015545913385747259,0.9997327465912453,0.9998097529683142,0.017151586271893393,0.023119403509879448,0.08064818382263184,0.9999832588790966,0.9999724849796152,0.004286106870381445,0.005786384199539335,0.020131051540374756
94,pren_linear,tree_scm,ok,0.1,7,1,0,False,0.7256214618682861,1.0,-0.015237498368158329,0.9999287486502972,0.9999382420785351,0.008802046173968847,0.011937449550621645,0.04507803916931152,0.9999955368995818,0.99998978524426,0.002198464979795034,0.002987674858174162,0.011263549327850342
94,pren_linear,tree_scm,ok,0.1,8,1,0,False,0.7243508100509644,1.0,-0.015681301363269985,0.9995675012468945,0.9997051020134466,0.021702040539594236,0.029410839721772792,0.11341190338134766,0.9999729052847384,0.9999594315499607,0.0054209687150716945,0.007361347021230579,0.028350889682769775
94,pren_linear,tree_scm,ok,0.1,9,1,0,False,0.7292534112930298,1.0,-0.014509481119055407,0.9998786528347354,0.9999061672984764,0.011469828042436347,0.01557864976666172,0.05714523792266846,0.9999924005277363,0.9999808557148986,0.002864877852459813,0.003898582332946714,0.014269411563873291
94,pren_linear,tree_scm,ok,0.2,0,1,0,False,0.7540576457977295,1.0,-0.01084142984163677,0.9888209372552291,0.9926270921250268,0.10776611561891514,0.14952633742797186,0.576679527759552,0.9993005462336187,0.999169207317073,0.026905374199998278,0.03740197198462471,0.14392557740211487
94,pren_linear,tree_scm,ok,0.2,1,1,0,False,0.746942400932312,1.0,-0.011461319533756849,0.9917073743425758,0.9944685309527214,0.09289555174234465,0.12878373696557377,0.5063943862915039,0.9994810562684847,0.9993617230527144,0.0231910691696271,0.0322162612565418,0.12644344568252563
94,pren_linear,tree_scm,ok,0.2,2,1,0,False,0.7367188930511475,1.0,-0.013243446286073959,0.9980446686656157,0.9987461443208638,0.0456919212737148,0.06253528978396469,0.23448717594146729,0.9998775844830067,0.9998355469029396,0.011412281014543169,0.015647077477440773,0.05854541063308716
94,pren_linear,tree_scm,ok,0.2,3,1,0,False,0.7289788722991943,1.0,-0.014872197072201105,0.9999961824576827,0.9999937750339747,0.001873641888550992,0.0027631656614394273,0.013925313949584961,0.9999997608261887,0.9999983459695299,0.0004690704294532111,0.0006916268035361666,0.0034829899668693542
94,pren_linear,tree_scm,ok,0.2,4,1,0,False,0.7242358922958374,1.0,-0.016501118921723137,0.9979832437307377,0.9986956405121235,0.046905843698141325,0.06350993993698088,0.25423169136047363,0.999873625890384,0.9998298360274657,0.011719262061248514,0.01589805708249275,0.06360596418380737
94,pren_linear,tree_scm,ok,0.2,5,1,0,False,0.7330201268196106,1.0,-0.01380727180933526,0.9991229550317278,0.9994370261426221,0.030681107227565008,0.04188185716623839,0.15721166133880615,0.999945083608756,0.9999186284064085,0.007662438153147377,0.010480113511953307,0.03925979137420654
94,pren_linear,tree_scm,ok,0.2,6,1,0,False,0.7254041433334351,1.0,-0.0148362067110784,0.9999841751612338,0.9999815933230812,0.003866764095164399,0.005625804560528804,0.029653072357177734,0.9999990084466898,0.9999965354767183,0.0009671436470739536,0.0014082281644263572,0.0074370503425598145
94,pren_linear,tree_scm,ok,0.2,7,1,0,False,0.7324062585830688,1.0,-0.014191726599142302,0.9996453271174147,0.999765921160861,0.01965983862100984,0.026633545366176924,0.08979165554046631,0.9999777909684475,0.9999574422430441,0.004911283316559434,0.006664687729953787,0.022391974925994873
94,pren_linear,tree_scm,ok,0.2,8,1,0,False,0.726102888584137,1.0,-0.015021066515710278,0.9999942156057973,0.9999924674558328,0.0025243108871109143,0.0034012921781984484,0.01006937026977539,0.9999996377269561,0.9999981895071882,0.0006304935262733125,0.0008512027342940777,0.002552032470703125
94,pren_linear,tree_scm,ok,0.2,9,1,0,False,0.7302781939506531,1.0,-0.0143795115765055,0.9997950786296896,0.9998540541627924,0.014915104791299427,0.020244573127882935,0.07262980937957764,0.9999871671959131,0.9999719597131822,0.0037261814736524457,0.0050661235452551965,0.01812952756881714
94,pren_linear,tree_scm,ok,0.3,0,1,0,False,0.7296018004417419,1.0,-0.014926241343279065,0.9999905621889684,0.9999876730026465,0.0029882216881560453,0.004344608274445975,0.022400379180908203,0.9999994084903244,0.9999975748337028,0.000748094583201464,0.0010876669227190968,0.005607962608337402
94,pren_linear,tree_scm,ok,0.3,1,1,0,False,0.7247670292854309,1.0,-0.017370412353098334,0.9949650198440679,0.9969156913847363,0.07446175926054366,0.10034918970847233,0.4027283191680908,0.9996844245247097,0.9996094364673483,0.018607256916453707,0.025122718062156307,0.10079467296600342
94,pren_linear,tree_scm,ok,0.3,2,1,0,False,0.7285085916519165,1.0,-0.015271617457870233,0.9998718564964254,0.9998926221300336,0.011351988861406426,0.01600896646429736,0.07540202140808105,0.9999919715472213,0.9999853260675202,0.002836511681678644,0.004007106935303246,0.018902063369750977
94,pren_linear,tree_scm,ok,0.3,3,1,0,False,0.7297586798667908,1.0,-0.014282007282104499,0.9996975881157408,0.9997900945926614,0.018007886045779742,0.0245931650458189,0.09520840644836426,0.9999810617243101,0.9999624378620984,0.0044969576708808745,0.006154392929519691,0.02379012107849121
94,pren_linear,tree_scm,ok,0.3,4,1,0,False,0.7425355911254883,1.0,-0.012434232212189852,0.9957828380539018,0.9972549352692939,0.0668291783318864,0.09183857277687538,0.34521156549453735,0.9997360351733465,0.9996528100636578,0.01669165019896468,0.022976719988712535,0.08617013692855835
94,pren_linear,tree_scm,ok,0.3,5,1,0,False,0.7345383763313293,1.0,-0.013430896318791527,0.998414795160878,0.9989647892675773,0.04108388466147517,0.056306391048303914,0.21656227111816406,0.9999007502997613,0.9998636095415205,0.010259401599284956,0.014088981617567449,0.05409270524978638
94,pren_linear,tree_scm,ok,0.3,6,1,0,False,0.7177823781967163,1.0,-0.018909539339037808,0.9872296602960574,0.9922753536048922,0.12045305799256312,0.15981451540827932,0.5863250494003296,0.9991993194575344,0.9990600971854658,0.03011463653916735,0.04001700963385133,0.14664387702941895
94,pren_linear,tree_scm,ok,0.3,7,1,0,False,0.7376044392585754,1.0,-0.0137768492287471,0.9991736080706124,0.999494626636149,0.03000020767103706,0.040654444267384016,0.1246640682220459,0.9999482598277932,0.999918192547028,0.007492134303220155,0.010172528975492225,0.031311750411987305
94,pren_linear,tree_scm,ok,0.3,8,1,0,False,0.7236555814743042,1.0,-0.01642241409669979,0.9982145400190392,0.9988364007402902,0.044176185538447044,0.059757173955985836,0.23605382442474365,0.9998881228416664,0.9998520536799941,0.011037137783091566,0.014958419530070316,0.05904519557952881
94,pren_linear,tree_scm,ok,0.3,9,1,0,False,0.7604357600212097,1.0,-0.010140772142755876,0.984835970769697,0.9899547153279449,0.1251140530037702,0.17414952851318102,0.6736505627632141,0.9990513830628298,0.9988777403261568,0.03123150562245769,0.043557248798640924,0.1680968701839447
95,pren_linear,tree_scm,ok,0.0,0,0,0,False,0.7204981446266174,1.0,-0.016915553706408362,1.0,1.0,0.0,0.0,0.0,1.0,1.0,0.0,0.0,0.0
95,pren_linear,tree_scm,ok,0.1,0,1,0,False,0.716489315032959,1.0,-0.020998586241362284,0.9995505945200597,0.9997311976968742,0.02135776258307942,0.02998017607726717,0.10627788305282593,0.9999722737945727,0.9999417848329877,0.005325691657162679,0.007446637598526896,0.026886165142059326
95,pren_linear,tree_scm,ok,0.1,1,1,0,False,0.720793604850769,1.0,-0.016517911713450163,0.9999960466011777,0.9999933615263572,0.001983168910328459,0.002811902842083707,0.0107194185256958,0.9999997566959014,0.9999983794971747,0.0004943908143104636,0.0006975730755264095,0.002702176570892334
95,pren_linear,tree_scm,ok,0.1,2,1,0,False,0.720969021320343,1.0,-0.015567037785850576,0.9999581523976186,0.9999631754702811,0.006386889076562596,0.009148508167558802,0.03786569833755493,0.9999974294429628,0.9999938085616192,0.001592402416463301,0.0022674025448605577,0.00951308012008667
95,pren_linear,tree_scm,ok,0.1,3,1,0,False,0.724344789981842,0.9999999403953552,-0.013519106737597581,0.9996912881315145,0.999814659180316,0.017537305203518372,0.024848012721401434,0.08859783411026001,0.9999809904498038,0.9999658129783277,0.004370611989770623,0.006165962988734405,0.022382795810699463
95,pren_linear,tree_scm,ok,0.1,4,1,0,False,0.7193443775177002,1.0,-0.02002625499033807,0.9997722802081119,0.999852109559402,0.015019808850297522,0.02134102999574678,0.08645087480545044,0.9999859905490265,0.9999696463057005,0.0037449859928528895,0.005293288387539793,0.02175360918045044
95,pren_linear,tree_scm,ok,0.1,5,1,0,False,0.7187690138816833,1.0,-0.018861733742002746,0.9999011568532907,0.9999323635648378,0.009973709243581652,0.014060095475982672,0.0514223575592041,0.9999939085575084,0.9999837502682211,0.0024865590403351234,0.0034903990459147906,0.012988567352294922
95,pren_linear,tree_scm,ok,0.1,6,1,0,False,0.7159978151321411,0.9999999403953552,-0.02582218796627471,0.998028196989963,0.9988858540161647,0.044748209006058914,0.06279813602983796,0.24132829904556274,0.9998783922965905,0.9997930450253916,0.011163747155706005,0.015595364725148277,0.06090515851974487
95,pren_linear,tree_scm,ok,0.1,7,1,0,False,0.7244080901145935,1.0,-0.01334943028241341,0.9996626039748693,0.9997949896287818,0.018322652643291804,0.025976759998200122,0.09340381622314453,0.9999792282661669,0.9999631084149916,0.004566219352000189,0.006445422279782881,0.02358829975128174
95,pren_linear,tree_scm,ok,0.1,8,1,0,False,0.7193908095359802,1.0,-0.01845656164497672,0.9999403853830834,0.9999575316500965,0.00772131882074234,0.010919213979123996,0.04147690534591675,0.9999963291488232,0.9999888576460909,0.0019249714459874667,0.0027095576005071445,0.010460257530212402
95,pren_linear,tree_scm,ok,0.1,9,1,0,False,0.7155193090438843,0.9999999403953552,-0.024270272163334102,0.998614556025562,0.9992050260174522,0.03753184662809872,0.05263922497357796,0.19632607698440552,0.99991453780125,0.9998432135576854,0.009362016704471898,0.01307380561436879,0.049592673778533936
95,pren_linear,tree_scm,ok,0.2,0,1,0,False,0.7141578197479248,1.0,-0.022082330373544994,0.9992330577516445,0.9995540599742506,0.02799735624830646,0.03916483710324462,0.13062435388565063,0.9999526187971386,0.999902322795222,0.0069844306032678105,0.00973459832194861,0.03310537338256836
95,pren_linear,tree_scm,ok,0.2,1,1,0,False,0.7218870520591736,1.0,-0.0145891326145442,0.9998698004098348,0.9999100229776124,0.01131495688154871,0.016136888853789576,0.063881516456604,0.9999919968639815,0.9999840631929044,0.0028204581374211557,0.004000783888486492,0.016074419021606445
95,pren_linear,tree_scm,ok,0.2,2,1,0,False,0.7213274836540222,1.0,-0.01889591569100387,0.9999198267678078,0.9999414830841855,0.008658779840800435,0.012662798582529122,0.059450745582580566,0.999995084314225,0.9999865218868463,0.0021590822043435764,0.003135501846720227,0.014870822429656982
95,pren_linear,tree_scm,ok,0.2,3,1,0,False,0.7263971567153931,1.0,-0.010556557206965017,0.9989784303138345,0.999419502360346,0.03168307396765613,0.04520109806932997,0.1704268455505371,0.9999372061915841,0.9999025686646161,0.007894467181174036,0.01120658818291762,0.042938828468322754
95,pren_linear,tree_scm,ok,0.2,4,1,0,False,0.7294475436210632,0.9999999403953552,-0.008632016932921928,0.9982277347678796,0.9990129349653099,0.04169935094286359,0.059535959372838974,0.21963906288146973,0.9998910670139897,0.9998417718689648,0.01038807690088106,0.014760283398350399,0.055369287729263306
95,pren_linear,tree_scm,ok,0.2,5,1,0,False,0.7123171091079712,1.0,-0.03180924592050402,0.9942515754861943,0.9970870623524782,0.0771796139433718,0.10722335810907105,0.3963049054145813,0.9996446829156375,0.9994091534940275,0.019271369604155097,0.026657722336758425,0.1002575159072876
95,pren_linear,tree_scm,ok,0.2,6,1,0,False,0.7227725982666016,1.0,-0.018839318444029085,0.9999303780810086,0.9999479650954866,0.007810743595086933,0.011800162284198125,0.06176501512527466,0.9999957400722883,0.9999879188720405,0.0019485520315356553,0.0029188791972706916,0.015377223491668701
95,pren_linear,tree_scm,ok,0.2,7,1,0,False,0.7213501930236816,1.0,-0.015537755049167476,0.9999539466809378,0.9999606161934051,0.006742524733795108,0.009597220132158291,0.03768348693847656,0.9999971680624826,0.9999931491846076,0.0016808342656986497,0.002379889738510515,0.009486734867095947
95,pren_linear,tree_scm,ok,0.2,8,1,0,False,0.7298672199249268,0.9999999403953552,-0.006974863655388145,0.9975361869869632,0.9986342178671053,0.04895301808659269,0.07019705029140036,0.26802414655685425,0.9998487215830596,0.9997871553358129,0.012192987434303859,0.01739416072557343,0.067454993724823
95,pren_linear,tree_scm,ok,0.2,9,1,0,False,0.7312242984771729,1.0,-0.008718577112045814,0.9981800954889813,0.9989985180781058,0.042362920912523805,0.06033082848871145,0.21251177787780762,0.9998880399497343,0.9998362956870036,0.010553726009106867,0.014963960013367746,0.05367457866668701
95,pren_linear,tree_scm,ok,0.3,0,1,0,False,0.7110739946365356,1.0,-0.04157861372092911,0.9839507145090461,0.9921988546956583,0.13052393980296984,0.17916074025934983,0.6534144282341003,0.9990053008640247,0.9983096926185538,0.032641871405189704,0.04460267179300042,0.16562044620513916
95,pren_linear,tree_scm,ok,0.3,1,1,0,False,0.7288593649864197,1.0,-0.013887109117740045,0.9996448782744248,0.9997970348151061,0.018866021130713673,0.02665039317720239,0.08005893230438232,0.9999780093636014,0.9999580457406481,0.004719556630561783,0.006631837807307488,0.020687341690063477
95,pren_linear,tree_scm,ok,0.3,2,1,0,False,0.7134638428688049,0.9999999403953552,-0.028993504695488868,0.9962495550984631,0.9979943315928759,0.062104569319444636,0.0866076767805338,0.32228749990463257,0.999768371865268,0.9996113810707388,0.01550132354532252,0.021523388663192772,0.08147692680358887
95,pren_linear,tree_scm,ok,0.3,3,1,0,False,0.7536323070526123,1.0,0.009381213239702115,0.9829056716234006,0.9898977853873113,0.12645946292150256,0.18490174650064375,0.7123063951730728,0.9989546361919941,0.9985870221193047,0.03151098757416548,0.045724475956580926,0.17871394753456116
95,pren_linear,tree_scm,ok,0.3,4,1,0,False,0.7174223065376282,1.0,-0.025801211429540002,0.9981032297625995,0.9989188452185108,0.04373395814275227,0.061591723672314254,0.2448166012763977,0.9998830991715653,0.9998007563836633,0.01091093468244253,0.015290574068329343,0.061705946922302246
95,pren_linear,tree_scm,ok,0.3,5,1,0,False,0.7170678377151489,1.0,-0.0321130898097047,0.9944253184014143,0.9971434334990343,0.07553167528562454,0.10559054195910902,0.41867297887802124,0.999655870437141,0.9994398201130105,0.018861118248253206,0.026234693007879836,0.10564237833023071
95,pren_linear,tree_scm,ok,0.3,6,1,0,False,0.7133492231369019,1.0,-0.032986508467157005,0.9934244992792844,0.996701103283027,0.08254532931084668,0.11467781364237178,0.4314879775047302,0.999593580779099,0.9993306317502324,0.020614416232206167,0.028510321844957037,0.1091042160987854
95,pren_linear,tree_scm,ok,0.3,7,1,0,False,0.7135818600654602,1.0,-0.051678523164319486,0.9674294453082136,0.9841906761855375,0.1882261492055477,0.255227564369595,0.9170704483985901,0.997975613779138,0.9963788467384306,0.04714787198986414,0.06362996481273583,0.2329012155532837
95,pren_linear,tree_scm,ok,0.3,8,1,0,False,0.7274751663208008,1.0,-0.010041185212828242,0.9987875567325419,0.9993136779379157,0.03453255809154143,0.04924313677012831,0.18287616968154907,0.9999254609936515,0.9998869894857305,0.0086039181475428,0.012209750972627482,0.046099692583084106
95,pren_linear,tree_scm,ok,0.3,9,1,0,False,0.7142347693443298,1.0,-0.024037089875306117,0.9986415083431346,0.9992297247156855,0.037255468268540426,0.05212468888028677,0.18606597185134888,0.9999161359110987,0.9998432359094485,0.009292533658026514,0.012950991453451435,0.047079503536224365
96,threshold_saturation,mlp_scm,ok,0.0,0,0,0,False,0.7314056158065796,1.0,0.027954866719507213,1.0,1.0,0.0,0.0,0.0,1.0,1.0,0.0,0.0,0.0
96,threshold_saturation,mlp_scm,ok,0.1,0,1,0,False,0.7305020689964294,1.0,0.028199247989456614,0.9998889552470007,0.9998994841213074,0.01053977421871366,0.014902667970508316,0.06558853387832642,0.9999931846780623,0.9999888688219726,0.0026183731743572025,0.0036919702466235516,0.016084909439086914
96,threshold_saturation,mlp_scm,ok,0.1,1,1,0,False,0.7330390214920044,1.0,0.028109591915962163,0.9997891942310443,0.9997681339854086,0.01701652347615834,0.020533180968876866,0.04674810171127319,0.9999870590587043,0.9999770000357627,0.004217351176691864,0.005087423956296532,0.011520862579345703
96,threshold_saturation,mlp_scm,ok,0.1,2,1,0,False,0.7321114540100098,0.9999999403953552,0.028033309585831227,0.999850314054005,0.9998431912059222,0.0136009755094193,0.017302366570210354,0.06064474582672119,0.9999908106329138,0.9999830573635649,0.003369828837833211,0.004287042569522078,0.014972925186157227
96,threshold_saturation,mlp_scm,ok,0.1,3,1,0,False,0.7333502173423767,1.0,0.0276590632646599,0.9995310036385092,0.9994854288856303,0.02295295373097872,0.030626666374879964,0.12544894218444824,0.9999712071449837,0.9999594539017238,0.005691168340604236,0.007588525083503063,0.03088545799255371
96,threshold_saturation,mlp_scm,ok,0.1,4,1,0,False,0.7299975752830505,1.0,0.027310769534353265,0.9997071116539291,0.999686270653029,0.018402569075774977,0.024202824306470045,0.09986400604248047,0.9999820276198429,0.9999697692403976,0.0045639061116276025,0.005995394999271927,0.02431201934814453
96,threshold_saturation,mlp_scm,ok,0.1,5,1,0,False,0.7269107699394226,1.0,0.027846304997415132,0.9998818391924617,0.9998859166011015,0.012309168307510276,0.015372755509459117,0.04717510938644409,0.9999927458642198,0.9999854154745725,0.003049673958457788,0.0038089726082067496,0.011682763695716858
96,threshold_saturation,mlp_scm,ok,0.1,6,1,0,False,0.729259729385376,1.0,0.02738867511067299,0.9997746807504141,0.999749000876189,0.018138216257639783,0.021228247589702536,0.06532162427902222,0.9999861741473585,0.9999743625277161,0.00449757999740541,0.005258488859701049,0.015804290771484375
96,threshold_saturation,mlp_scm,ok,0.1,7,1,0,False,0.7261852025985718,1.0,0.02794725177051468,0.9998282541967827,0.9998569934196408,0.014249330309311858,0.01853352680234083,0.050899356603622437,0.9999894559223644,0.9999810568807668,0.003530590397645028,0.004592184227408433,0.0126112699508667
96,threshold_saturation,mlp_scm,ok,0.1,8,1,0,False,0.7329058647155762,1.0,0.027664432972423925,0.9998866650696937,0.9998941755775694,0.011603326936338476,0.015055558961717244,0.04806506633758545,0.9999930439060029,0.9999842978864172,0.0028775752791716513,0.003729904624170358,0.011724352836608887
96,threshold_saturation,mlp_scm,ok,0.1,9,1,0,False,0.7309194207191467,1.0,0.02792947846401053,0.9999864396321656,0.9999791011014949,0.00417131128732251,0.005207757241204272,0.01769310235977173,0.9999991674955387,0.9999970383913882,0.0010336066959553136,0.0012903522813011773,0.004366874694824219
96,threshold_saturation,mlp_scm,ok,0.2,0,1,0,False,0.7277032732963562,1.0,0.02847975651308523,0.9995146164303015,0.9996195282883913,0.024068230861857387,0.031157136516839386,0.09206849336624146,0.9999702122079872,0.9999553523531935,0.005969892040639024,0.007718522298039766,0.02262192964553833
96,threshold_saturation,mlp_scm,ok,0.2,1,1,0,False,0.723247230052948,0.9999999403953552,0.02803059366491964,0.9965814922581891,0.9971048878835561,0.06564134820992251,0.0826862459367705,0.26474589109420776,0.9997901302232675,0.9997543652993348,0.016264847857641485,0.020487546199243704,0.06554532051086426
96,threshold_saturation,mlp_scm,ok,0.2,2,1,0,False,0.7270405292510986,1.0,0.027993188230385067,0.9996092756752223,0.9996205676453758,0.024038320242979694,0.027954403537742933,0.05586409568786621,0.9999760123292109,0.9999628178420714,0.0059564060404682095,0.006926423509587374,0.013830900192260742
96,threshold_saturation,mlp_scm,ok,0.2,3,1,0,False,0.7354907989501953,1.0,0.028105636666266733,0.998704719742577,0.9987675014305126,0.04155269207932122,0.05089754903862623,0.1207660436630249,0.9999204818168976,0.9998974948143909,0.010296701336443448,0.012610962117157773,0.030024051666259766
96,threshold_saturation,mlp_scm,ok,0.2,4,1,0,False,0.7487844228744507,1.0,0.02862707278009631,0.9972595728443708,0.9975173561440525,0.060852345534712526,0.07403279079170672,0.205290287733078,0.9998317956051068,0.9997963977898575,0.015080018286312225,0.018341450285645978,0.05081813037395477
96,threshold_saturation,mlp_scm,ok,0.2,5,1,0,False,0.7162655591964722,1.0,0.027649599284195907,0.9958009105083758,0.9964878339353407,0.07355055372774189,0.0916415788134285,0.24421841651201248,0.9997421875677316,0.9996958819111651,0.018223036258348202,0.022707375081262863,0.0604979544878006
96,threshold_saturation,mlp_scm,ok,0.2,6,1,0,False,0.7303552627563477,1.0,0.027761425364778426,0.9999729128421557,0.9999648295007509,0.006392439588438492,0.007360320420969052,0.0189058780670166,0.999998338016671,0.999994166189829,0.0015847154359107662,0.0018231748955269496,0.004553794860839844
96,threshold_saturation,mlp_scm,ok,0.2,7,1,0,False,0.7316411137580872,1.0,0.028679827347087242,0.9992351479707976,0.9993897633395322,0.027301032489376098,0.03911143090561956,0.1839846968650818,0.9999530661796566,0.9999402984407408,0.006784384701063573,0.009688531681391393,0.045089006423950195
96,threshold_saturation,mlp_scm,ok,0.2,8,1,0,False,0.7311081886291504,1.0,0.02839553358718928,0.9975660615592125,0.9979334677419353,0.054043736642498175,0.06977017163710146,0.2691417336463928,0.9998505935177016,0.9998229405085474,0.013393739007824479,0.01728620744412292,0.06638169288635254
96,threshold_saturation,mlp_scm,ok,0.2,9,1,0,False,0.7399184703826904,1.0,0.028001372782832303,0.9993282366257872,0.9993627512338171,0.029050045781048084,0.036654150950006556,0.10009270906448364,0.9999587586492203,0.9999431594664187,0.007197728636924694,0.00908199887088796,0.024831771850585938
96,threshold_saturation,mlp_scm,ok,0.3,0,1,0,False,0.7324574589729309,1.0,0.02605012087217106,0.9962573007569082,0.9962035083327371,0.05807422369413473,0.08651819803904288,0.4226541221141815,0.9997702217042949,0.9997383167334238,0.014446178007872845,0.021437271053371114,0.10348224639892578
96,threshold_saturation,mlp_scm,ok,0.3,1,1,0,False,0.767304003238678,1.0,0.027174168984744094,0.9844837397485356,0.9856835169158141,0.13715923955236065,0.17616049609904186,0.5812098979949951,0.9990472440694295,0.9989745234604104,0.033992365174924544,0.04365217021151532,0.1435089111328125
96,threshold_saturation,mlp_scm,ok,0.3,2,1,0,False,0.735449492931366,1.0,0.026880908584279672,0.9973073430644185,0.9973515395894428,0.05190547168184878,0.07338469774965577,0.3309931755065918,0.9998346790495004,0.9998063443244403,0.012884519735621325,0.018183561358342246,0.08130693435668945
96,threshold_saturation,mlp_scm,ok,0.3,3,1,0,False,0.724345862865448,1.0,0.02753280530532901,0.9996470193614899,0.9996704456047492,0.021709606576123974,0.026569932351523398,0.0824398547410965,0.9999783322199775,0.9999649524354479,0.005381979825415328,0.006582975131386975,0.020403683185577393
96,threshold_saturation,mlp_scm,ok,0.3,4,1,0,False,0.727523148059845,1.0,0.027080168764699326,0.9987340415218154,0.9986377494456763,0.03549769583800355,0.05031815776905799,0.24773800373077393,0.9999222839972562,0.9999058096702667,0.008803136027836445,0.012467237253468514,0.06080484390258789
96,threshold_saturation,mlp_scm,ok,0.3,5,1,0,False,0.7220462560653687,1.0,0.02696509592537637,0.9994738325206987,0.9993490607789143,0.020133975943863902,0.032439713234218966,0.19191843271255493,0.9999677170202186,0.9999603032687215,0.005007586059662117,0.008035294760438266,0.04689431190490723
96,threshold_saturation,mlp_scm,ok,0.3,6,1,0,False,0.7415875196456909,1.0,0.028516874339413585,0.9960388587196598,0.9963359984085544,0.07403099138365121,0.08900720544869554,0.20279526710510254,0.9997568535353085,0.9997163002467634,0.018345724929645257,0.022052050642547855,0.05001711845397949
96,threshold_saturation,mlp_scm,ok,0.3,7,1,0,False,0.7198725938796997,1.0,0.02745691149632964,0.9846371879836768,0.9865998386202701,0.1416695959359373,0.1752872610649474,0.4970635771751404,0.9990567200259141,0.9989704330877618,0.035102378530837086,0.043434548635649106,0.12351226806640625
96,threshold_saturation,mlp_scm,ok,0.3,8,1,0,False,0.7525486350059509,1.0,0.028165627898500366,0.9964054362982767,0.9968992851906157,0.06778957930337981,0.08478872051130806,0.22988072037696838,0.9997793298307018,0.9997366403511908,0.016794746882112577,0.021008101878683707,0.05694375932216644
96,threshold_saturation,mlp_scm,ok,0.3,9,1,0,False,0.7321340441703796,1.0,0.028722591928514826,0.9968284269094119,0.9974809115943065,0.05989388737440038,0.0796438693611801,0.33638519048690796,0.9998053387930106,0.9997716879157428,0.014852643973569002,0.019731254813990746,0.08281397819519043
97,threshold_saturation,mlp_scm,ok,0.0,0,0,0,False,0.7203713655471802,1.0,-0.02302145987093454,1.0,1.0,0.0,0.0,0.0,1.0,1.0,0.0,0.0,0.0
97,threshold_saturation,mlp_scm,ok,0.1,0,1,0,False,0.7191722989082336,1.0,-0.020374201137397338,0.9998919760337416,0.9999021886846433,0.01091630666041965,0.014698569046180459,0.0629967451095581,0.9999934160804981,0.9999843090622988,0.0027436066690924577,0.0036287518233434858,0.01584663987159729
97,threshold_saturation,mlp_scm,ok,0.1,1,1,0,False,0.7145580053329468,1.0,-0.016538750108328452,0.9994145403473433,0.9994438434303696,0.02752406726102663,0.034218697869569645,0.09419000148773193,0.9999644695573007,0.999925646860024,0.006789426099395257,0.00842976208503234,0.023722968995571136
97,threshold_saturation,mlp_scm,ok,0.1,2,1,0,False,0.7205159664154053,1.0,-0.01965839742062438,0.9997389899918491,0.9998048467563119,0.016036540288268952,0.022847757367396998,0.11200332641601562,0.9999839270105827,0.9999671205564695,0.004057076451282171,0.0056697424976705265,0.02814149484038353
97,threshold_saturation,mlp_scm,ok,0.1,3,1,0,False,0.7252113223075867,1.0,-0.0227379043400418,0.9999552995942581,0.9999429247729059,0.007121111981405193,0.009455200252865439,0.047499656677246094,0.9999971899365031,0.999991383395322,0.0017917431862670696,0.0023706807638567925,0.011919990181922913
97,threshold_saturation,mlp_scm,ok,0.1,4,1,0,False,0.7187901735305786,1.0,-0.020126627425659082,0.9998840374695963,0.9998611173199341,0.012407565531930231,0.015229086049375659,0.034305721521377563,0.9999929581800749,0.9999801292825976,0.003041316197169408,0.003752817697417824,0.010309457778930664
97,threshold_saturation,mlp_scm,ok,0.1,5,1,0,False,0.719083309173584,1.0,-0.022049949440610894,0.9998772100918023,0.9998528248158215,0.013837818611591501,0.015670986575311043,0.033306896686553955,0.9999923037440568,0.9999789111115084,0.003468340610915277,0.003923329260316407,0.008643150329589844
97,threshold_saturation,mlp_scm,ok,0.1,6,1,0,False,0.7230411171913147,1.0,-0.024773075048086735,0.9999157261828674,0.9998892023102781,0.010548520442398512,0.012982589564975515,0.03214132785797119,0.9999947866362054,0.9999839961376152,0.0026470353703658134,0.0032290444733294337,0.00853586196899414
97,threshold_saturation,mlp_scm,ok,0.1,7,1,0,False,0.7130103707313538,1.0,-0.016932351437228894,0.9993341495608178,0.9992729977290609,0.02970407427335431,0.03649247683918961,0.09392619132995605,0.9999592682221217,0.9999124481439096,0.007297577006930567,0.009025716544839586,0.02545928955078125
97,threshold_saturation,mlp_scm,ok,0.1,8,1,0,False,0.7264916896820068,1.0,-0.0328739906766571,0.9987678363649165,0.9988572633139876,0.039107434321522305,0.04964199163293182,0.1730908751487732,0.9999251923122795,0.9998606255811456,0.009668570498128304,0.012231736432169982,0.04372747987508774
97,threshold_saturation,mlp_scm,ok,0.1,9,1,0,False,0.7215637564659119,1.0,-0.023414919697679226,0.9998874018306576,0.9998762271117946,0.013012507649534655,0.01500654310650503,0.04268670082092285,0.9999929189869836,0.9999794252020597,0.003261195686228291,0.0037632467476548586,0.010700583457946777
97,threshold_saturation,mlp_scm,ok,0.2,0,1,0,False,0.7163463234901428,1.0,-0.023622773307481724,0.9997606332829889,0.9997165014126314,0.01743104072187407,0.021879978433194988,0.09625774621963501,0.9999849470794409,0.9999675005364423,0.004379105550846418,0.005486879069405454,0.02416156232357025
97,threshold_saturation,mlp_scm,ok,0.2,1,1,0,False,0.7333124876022339,1.0,-0.023501884942939207,0.9990872026742859,0.9990878580752449,0.035510419284833006,0.042726978098373766,0.16618359088897705,0.9999425647719918,0.9998890123202918,0.008904617187930342,0.010717763583664252,0.04168102517724037
97,threshold_saturation,mlp_scm,ok,0.2,2,1,0,False,0.717260479927063,1.0,-0.02692508869590633,0.9997174973870652,0.9996959042629282,0.01573250687840755,0.023769838590473276,0.13613253831863403,0.9999826627870666,0.9999666958729704,0.00398899297361055,0.00588849950122071,0.03426116704940796
97,threshold_saturation,mlp_scm,ok,0.2,3,1,0,False,0.725297749042511,1.0,-0.022554541735721603,0.9988762276375601,0.9990390865281453,0.039357622980560336,0.04740827759172426,0.17019963264465332,0.9999293041076198,0.9998661799942778,0.00987631747914719,0.011890827852921457,0.04269819334149361
97,threshold_saturation,mlp_scm,ok,0.2,4,1,0,False,0.7294840216636658,1.0,-0.0369879005041947,0.9975351277287745,0.9977141159143272,0.055597377394860814,0.07021214065301275,0.22685742378234863,0.999850232208345,0.9997320247121093,0.013774053008511089,0.01730709685161384,0.057390324771404266
97,threshold_saturation,mlp_scm,ok,0.2,5,1,0,False,0.7137399315834045,1.0,-0.018757916272151596,0.9993934685524709,0.9996181760067233,0.025699341918652863,0.03482905332162955,0.11712086200714111,0.9999624164988504,0.9999274350010727,0.006474808015163092,0.00866989061001971,0.029367011040449142
97,threshold_saturation,mlp_scm,ok,0.2,6,1,0,False,0.7217940092086792,1.0,-0.02231589038989482,0.9999697851865906,0.999965779450683,0.005459865713532963,0.007773649493054597,0.04114043712615967,0.9999981139903208,0.9999939761998426,0.0013808955778458198,0.0019421687772166007,0.010332569479942322
97,threshold_saturation,mlp_scm,ok,0.2,7,1,0,False,0.7170095443725586,1.0,-0.025686528318653264,0.9999154823189794,0.9998878612044917,0.00972547377796218,0.0130013603431814,0.06681472063064575,0.9999948906629436,0.9999848455046133,0.002397042155429574,0.0031966661440226314,0.016825959086418152
97,threshold_saturation,mlp_scm,ok,0.2,8,1,0,False,0.7189513444900513,1.0,-0.026590605813784352,0.9997760248198444,0.9997490344038337,0.01814281404836038,0.021164837654143988,0.04003915563225746,0.9999862753743892,0.9999621808168226,0.004489218728600974,0.005239203423337948,0.01187896728515625
97,threshold_saturation,mlp_scm,ok,0.2,9,1,0,False,0.7267615795135498,0.9999999403953552,-0.03482641507880372,0.9981834977756068,0.9982467277018809,0.048701264552846624,0.06027440978402327,0.15952783823013306,0.9998895522845934,0.9997881723410341,0.011969959067222646,0.014862551287430697,0.04037689417600632
97,threshold_saturation,mlp_scm,ok,0.3,0,1,0,False,0.7181422710418701,0.9999999403953552,-0.015431719950549152,0.9992385118978744,0.9993307435090479,0.02999234610581425,0.03902532723909364,0.16242873668670654,0.999953886259523,0.999910257671125,0.007434944082852724,0.009603513965803015,0.040824905037879944
97,threshold_saturation,mlp_scm,ok,0.3,1,1,0,False,0.7216107845306396,0.9999999403953552,-0.022613478342934572,0.9999686066893607,0.9999640024855159,0.006593399078639095,0.007923800915021833,0.02396106719970703,0.999998029821145,0.9999924786317145,0.0016495149798529951,0.001985033429547687,0.006203174591064453
97,threshold_saturation,mlp_scm,ok,0.3,2,1,0,False,0.7092663645744324,1.0,-0.018048146303632773,0.9994686150830239,0.9995266231850368,0.025928544223688732,0.03260015160259617,0.09150946140289307,0.9999673407047902,0.9999312459766825,0.006413935784131297,0.008081991937893083,0.023441314697265625
97,threshold_saturation,mlp_scm,ok,0.3,3,1,0,False,0.7226145267486572,1.0,-0.03544827740889004,0.9980860020065369,0.9981449154209283,0.04656647793717639,0.061870800798442906,0.27780842781066895,0.9998838350560552,0.9998088812495528,0.011532524358280227,0.015242371851660861,0.07015632838010788
97,threshold_saturation,mlp_scm,ok,0.3,4,1,0,False,0.7055361270904541,1.0,-0.013530276829093671,0.9979442793964741,0.997833018918532,0.051524050477326,0.06412052056955177,0.17636922001838684,0.9998736232815653,0.9997454692976182,0.012706384654869396,0.015898221658352585,0.04614090919494629
97,threshold_saturation,mlp_scm,ok,0.3,5,1,0,False,0.7284509539604187,1.0,-0.025615171775205562,0.9997755626060184,0.9998284949216794,0.01585763472803592,0.02118666586480782,0.07357406616210938,0.9999860698767011,0.9999696239539374,0.003978216462520834,0.00527828071322573,0.019151806831359863
97,threshold_saturation,mlp_scm,ok,0.3,6,1,0,False,0.7167276740074158,1.0,-0.012030724871295681,0.9984825795504357,0.998636251877548,0.04335916923810146,0.055089391360856776,0.2078545093536377,0.999908360391934,0.9998253880266075,0.010699898344647352,0.013538065698883243,0.05222523957490921
97,threshold_saturation,mlp_scm,ok,0.3,7,1,0,False,0.7339056134223938,0.9999999403953552,-0.04087234033554317,0.9959015495360835,0.9962844552428296,0.07140883619456417,0.09053673909275929,0.30252599716186523,0.9997505745644987,0.999581709105214,0.01768752349133962,0.022334969661604233,0.07659026235342026
97,threshold_saturation,mlp_scm,ok,0.3,8,1,0,False,0.7174717783927917,1.0,-0.020576330989355355,0.9998223247786443,0.9997857359988555,0.01574669590496569,0.018850741456798215,0.04339015483856201,0.9999890050878584,0.9999717473714327,0.0039436885815220535,0.004689331051816969,0.01164698600769043
97,threshold_saturation,mlp_scm,ok,0.3,9,1,0,False,0.7224634289741516,1.0,-0.026409111733751697,0.999832084988871,0.9997984541520634,0.015027990186808893,0.01832566586169207,0.041287973523139954,0.9999897686149363,0.9999708533009083,0.0036868145538910824,0.004523579425048793,0.012365579605102539
98,threshold_saturation,mlp_scm,ok,0.0,0,0,0,False,0.7202197909355164,1.0,0.006711000983909908,1.0,1.0,0.0,0.0,0.0,1.0,1.0,0.0,0.0,0.0
98,threshold_saturation,mlp_scm,ok,0.1,0,1,0,False,0.7202237844467163,1.0,0.007412822230286337,0.99997708091554,0.9999699592303839,0.0048683483893228185,0.006770389221866744,0.027787327766418457,0.9999985930359753,0.9999950379085901,0.0012091057426459884,0.001677476690497998,0.006901532411575317
98,threshold_saturation,mlp_scm,ok,0.1,1,1,0,False,0.7254458665847778,1.0,0.010688634223433734,0.9990213468968934,0.9991815566661897,0.03456714578351239,0.04424145462339787,0.14774322509765625,0.9999398183097997,0.999909128907088,0.008540924849683051,0.010971024351863229,0.037665605545043945
98,threshold_saturation,mlp_scm,ok,0.1,2,1,0,False,0.7245660424232483,0.9999999403953552,0.007876556311319147,0.9999074413169556,0.9998643024461769,0.00845507644976351,0.013605784383516752,0.07652139663696289,0.9999943003437317,0.9999880529826192,0.0021154216651098068,0.0033762867123390303,0.019022583961486816
98,threshold_saturation,mlp_scm,ok,0.1,3,1,0,False,0.7160952687263489,1.0,0.004910360048884343,0.9998951684426935,0.9998927227129675,0.011719940372358906,0.014479748482291974,0.03916775435209274,0.9999935894377086,0.9999859854445318,0.0029027141555673097,0.003580659747326313,0.009913086891174316
98,threshold_saturation,mlp_scm,ok,0.1,4,1,0,False,0.7131380438804626,1.0,-1.5223186180165365e-05,0.9988132038309973,0.998856584382376,0.03966858245109961,0.048719527316266865,0.11831308528780937,0.9999275893640637,0.9998945443816607,0.009846158648144865,0.012034170982082681,0.030109524726867676
98,threshold_saturation,mlp_scm,ok,0.1,5,1,0,False,0.7123384475708008,1.0,0.000882358499151131,0.9988332076339187,0.9989103739002931,0.039076506434241765,0.04830719214699126,0.11868519708514214,0.9999285196017539,0.9998984112366782,0.009682369211532205,0.011956621308340978,0.030255556106567383
98,threshold_saturation,mlp_scm,ok,0.1,6,1,0,False,0.7126435041427612,1.0,0.0029298655472492652,0.9992399549280445,0.9992952824368786,0.03118376292213121,0.03898833320388357,0.10333383083343506,0.9999532331156444,0.9999308771725913,0.007711664877547264,0.009671285844162707,0.027289628982543945
98,threshold_saturation,mlp_scm,ok,0.1,7,1,0,False,0.7221772074699402,1.0,0.007682206283282576,0.9997565774765195,0.9997564663650668,0.01634942459129718,0.02206456549355352,0.08886492252349854,0.9999849334409622,0.9999733790501394,0.004045231760414936,0.0054893640398110035,0.022150039672851562
98,threshold_saturation,mlp_scm,ok,0.1,8,1,0,False,0.7157043814659119,1.0,0.002972789499719999,0.9997976538519123,0.9997817238573778,0.01686384061122226,0.020116965325440942,0.05315476655960083,0.9999878446922142,0.9999788999356269,0.004135631428539455,0.004930579612484239,0.01292508840560913
98,threshold_saturation,mlp_scm,ok,0.1,9,1,0,False,0.7186052799224854,1.0,0.007240680441285609,0.9997403469438261,0.9997444969959228,0.01604864150101548,0.02278828888188567,0.09745264053344727,0.9999839061261709,0.9999736472712968,0.004014370032791703,0.005673424699116523,0.02425341308116913
98,threshold_saturation,mlp_scm,ok,0.2,0,1,0,False,0.7290913462638855,1.0,0.011234532552821929,0.9979768983499636,0.9984134718546598,0.04874633467264289,0.06360977320653638,0.22749340534210205,0.9998752525793967,0.9998279473034833,0.012047543453597598,0.01579540581436939,0.05725979804992676
98,threshold_saturation,mlp_scm,ok,0.2,1,1,0,False,0.7001404762268066,1.0,-0.011596262319712137,0.9879234485264095,0.9887325656247763,0.12652275559071313,0.15541269012310607,0.38328569382429123,0.9992574725089879,0.9990803143551962,0.03133488047762967,0.03853641049663842,0.097493976354599
98,threshold_saturation,mlp_scm,ok,0.2,2,1,0,False,0.7256926894187927,1.0,0.005025837830938848,0.9993286163194997,0.9994769240397683,0.025438344154963488,0.03664379100894845,0.14193511009216309,0.9999584252746211,0.9999416395465273,0.0063666176420866805,0.009118631879362814,0.03532002121210098
98,threshold_saturation,mlp_scm,ok,0.2,3,1,0,False,0.7184593677520752,1.0,0.0009156735700724664,0.9990387665430945,0.999139770045061,0.03364620123675621,0.043845945915628376,0.1722821593284607,0.9999412758433934,0.9999233893319505,0.008316714711440909,0.010837357093982137,0.042820632457733154
98,threshold_saturation,mlp_scm,ok,0.2,4,1,0,False,0.717441976070404,1.0,0.005078962594299772,0.9999314662099136,0.9999026580716687,0.00862420171051781,0.011707586744408612,0.05491739511489868,0.9999958250393436,0.9999915510335454,0.0021240047891524227,0.002889623039761312,0.013641364872455597
98,threshold_saturation,mlp_scm,ok,0.2,5,1,0,False,0.7086175680160522,1.0,-0.008096641695273613,0.9951986876856331,0.9953614391853228,0.0800431461475597,0.09799298312942147,0.2342369630932808,0.9997075497050965,0.9996373426435877,0.019908874571569868,0.02418471757811272,0.059862881898880005
98,threshold_saturation,mlp_scm,ok,0.2,6,1,0,False,0.7150586247444153,1.0,-0.0025957881512609577,0.9975144442583882,0.9976295061154423,0.05683942286935917,0.07050610951240006,0.16377723217010498,0.9998480176369172,0.9997947325835062,0.014125796768155396,0.017434584007779072,0.04435610771179199
98,threshold_saturation,mlp_scm,ok,0.2,7,1,0,False,0.7101005911827087,1.0,-0.0016326922185724163,0.9969530694247571,0.9973283943387452,0.06281863558467649,0.07806318731147242,0.21091091632843018,0.9998126702278997,0.9997504425649095,0.01553556698331704,0.019356123720780438,0.055633544921875
98,threshold_saturation,mlp_scm,ok,0.2,8,1,0,False,0.7081331610679626,1.0,-0.00541979147956733,0.9974299083136676,0.9975912734246477,0.05874588178744489,0.07169507250035338,0.18305444717407227,0.9998444222172517,0.9997979735891568,0.014567632284325782,0.017639602109357586,0.04466542601585388
98,threshold_saturation,mlp_scm,ok,0.2,9,1,0,False,0.7315115928649902,1.0,0.01239896831367583,0.9973445797237597,0.9978973137651097,0.056288426385847856,0.07287551524543583,0.24983566999435425,0.9998364673185973,0.9997786840175952,0.013914508812490567,0.018084948648752874,0.0633385181427002
98,threshold_saturation,mlp_scm,ok,0.3,0,1,0,False,0.7482553124427795,1.0,0.02087455513726072,0.9958805037364458,0.9965465743687861,0.07457695943757159,0.09076889614871829,0.24352574348449707,0.9997511452965436,0.9996688027501608,0.018484793712815417,0.02230940133757482,0.0606989860534668
98,threshold_saturation,mlp_scm,ok,0.3,1,1,0,False,0.7104291319847107,1.0,-0.007268956949648725,0.9971651565697278,0.997350053197196,0.06540287521224286,0.07529732466052931,0.1750391721725464,0.9998292876433625,0.9997808633144981,0.015970084743511137,0.018477681374512462,0.04252117872238159
98,threshold_saturation,mlp_scm,ok,0.3,2,1,0,False,0.7177981734275818,1.0,-0.002322154327612643,0.9985971976079379,0.9986533286245619,0.04473962128663089,0.05296796137827063,0.11361345648765564,0.9999151819216933,0.9998789204992489,0.010974478558750889,0.013024444529799041,0.02967756986618042
98,threshold_saturation,mlp_scm,ok,0.3,3,1,0,False,0.7072687149047852,1.0,-0.0096101527911829,0.9953902796081222,0.9955814028860596,0.07858077391844631,0.09601792195325037,0.2372470200061798,0.9997207509079743,0.9996514242543451,0.01947772262599301,0.023632566085848707,0.058293819427490234
98,threshold_saturation,mlp_scm,ok,0.3,4,1,0,False,0.7259246706962585,1.0,0.0036442494197041764,0.999673616963635,0.9997363497782705,0.02017865083325887,0.025549287720578216,0.0890960693359375,0.9999800153122997,0.9999681040340461,0.0049809222633712125,0.00632213368579892,0.022481918334960938
98,threshold_saturation,mlp_scm,ok,0.3,5,1,0,False,0.7328478097915649,1.0,0.009258317225903381,0.9984766868511656,0.9988761645268578,0.04146559134073868,0.05519625312532953,0.1849292516708374,0.9999057676576182,0.9998697674522566,0.010249596821381601,0.013728244056392102,0.0464935302734375
98,threshold_saturation,mlp_scm,ok,0.3,6,1,0,False,0.7177474498748779,0.9999999403953552,0.0032868626947552553,0.9996677383088144,0.9996500384450324,0.019522078377804064,0.02577835114552658,0.1083909273147583,0.9999797160663502,0.9999701603962521,0.004822366329790384,0.0063692907947546515,0.026930667459964752
98,threshold_saturation,mlp_scm,ok,0.3,7,1,0,False,0.7035512328147888,1.0,-0.021188902470164615,0.9835909900399903,0.9821354315678419,0.14764123958389064,0.18115744624251842,0.4331449195742607,0.9989982536903969,0.998778107342107,0.03676078493358759,0.04476039130459998,0.11109545826911926
98,threshold_saturation,mlp_scm,ok,0.3,8,1,0,False,0.7121583223342896,1.0,-0.005422035191609705,0.9974315281928555,0.997589686449467,0.059018446244635925,0.07167247472324674,0.16793140769004822,0.9998445245155851,0.9997988453079178,0.01459867735805176,0.017633801527558463,0.042662739753723145
98,threshold_saturation,mlp_scm,ok,0.3,9,1,0,False,0.7187485694885254,1.0,0.007605623507200268,0.9997576253630466,0.9997620990093699,0.015345749283341092,0.022017022312045335,0.09367513656616211,0.9999849939845712,0.9999753460052929,0.003837487290752506,0.005478323591118855,0.023301631212234497
99,threshold_saturation,mlp_scm,ok,0.0,0,0,0,False,0.7264009714126587,1.0,-0.07998015666565184,1.0,1.0,0.0,0.0,0.0,1.0,1.0,0.0,0.0,0.0
99,threshold_saturation,mlp_scm,ok,0.1,0,1,0,False,0.7300856113433838,1.0,-0.07719930927079277,0.9998220067931605,0.9997972248050926,0.015614640340132269,0.018867602288919483,0.048420339822769165,0.9999887314951804,0.9999373033044847,0.0039420396369749255,0.004747316079464866,0.013585090637207031
99,threshold_saturation,mlp_scm,ok,0.1,1,1,0,False,0.7305935025215149,1.0,-0.07706335651554684,0.9997932174106257,0.999766222909663,0.016715792464069068,0.020336302088970342,0.052183598279953,0.9999868943053801,0.9999298713432515,0.00423319381692977,0.00511970601753695,0.014523983001708984
99,threshold_saturation,mlp_scm,ok,0.1,2,1,0,False,0.7279536128044128,1.0,-0.07856536260714703,0.9999500385906137,0.9999371803697875,0.00785229466974613,0.009996139986472623,0.031997621059417725,0.9999968306165269,0.9999805874937414,0.0019490511376716313,0.0025176908232257874,0.008911848068237305
99,threshold_saturation,mlp_scm,ok,0.1,3,1,0,False,0.7191113233566284,1.0,-0.08722179003731237,0.998748997389115,0.9989205774801515,0.04022936512042463,0.05002004682145745,0.14024651050567627,0.99992054460136,0.9996579621450539,0.010020860707022905,0.012605982843807392,0.03988051414489746
99,threshold_saturation,mlp_scm,ok,0.1,4,1,0,False,0.7286440134048462,1.0,-0.07985078423994109,0.9997839635664522,0.9997924527036692,0.01592554210005659,0.02078636214477023,0.08526444435119629,0.9999860183654878,0.9999326764895214,0.004049686593759816,0.005288030774521055,0.021688535809516907
99,threshold_saturation,mlp_scm,ok,0.1,5,1,0,False,0.7260268926620483,1.0,-0.07854417037586879,0.9999268758644324,0.9999043903333094,0.008367993380730354,0.012093315110591935,0.05690193176269531,0.9999953339011135,0.9999727420248908,0.002093015395189468,0.003054864617574999,0.014929533004760742
99,threshold_saturation,mlp_scm,ok,0.1,6,1,0,False,0.7276815176010132,1.0,-0.08152915500977341,0.9999452970203367,0.9999392814355197,0.008423672446170372,0.010459730108173453,0.035451412200927734,0.9999965338658989,0.9999750777841354,0.002102484394555404,0.002632920076275139,0.00964212417602539
99,threshold_saturation,mlp_scm,ok,0.1,7,1,0,False,0.7256660461425781,1.0,-0.07821567469037678,0.9999167206765699,0.9999029933481153,0.011170362383282395,0.01290576017749152,0.02426685392856598,0.9999947104555158,0.999967355249982,0.0028041955218043313,0.0032525512016906414,0.0077724456787109375
99,threshold_saturation,mlp_scm,ok,0.1,8,1,0,False,0.7177538871765137,1.0,-0.08775878891396195,0.9985545990548805,0.9987499664723551,0.04341050505162514,0.05376617799552185,0.1425403356552124,0.999908182880999,0.999606720728131,0.010822319264264024,0.013551171366294232,0.04090380668640137
99,threshold_saturation,mlp_scm,ok,0.1,9,1,0,False,0.7262148857116699,1.0,-0.08083523715668495,0.9999518354342796,0.9999428018382088,0.00868307862232598,0.009814740214462124,0.01736927032470703,0.9999969050482896,0.9999798610614404,0.002196551621523213,0.00248795162852686,0.005483150482177734
99,threshold_saturation,mlp_scm,ok,0.2,0,1,0,False,0.7294806838035583,0.9999999403953552,-0.06956190156994098,0.9977043554411981,0.9975849925792146,0.052751765998763744,0.06775905045999665,0.23434001207351685,0.9998552138876386,0.9993809679207494,0.013165004002701153,0.017016821574983673,0.06447434425354004
99,threshold_saturation,mlp_scm,ok,0.2,1,1,0,False,0.7465503215789795,0.9999999403953552,-0.06467379491339921,0.9952629171878714,0.9954240017702596,0.08017880122666554,0.09733532604505833,0.2468462586402893,0.999701911449359,0.9987571078606678,0.02002502513744986,0.0244167377571608,0.06885433197021484
99,threshold_saturation,mlp_scm,ok,0.2,2,1,0,False,0.7315796613693237,1.0,-0.07243056521102445,0.998838232856916,0.9987778391209498,0.03900759462509029,0.048203051296087304,0.12434619665145874,0.9999267410871975,0.9996736419068736,0.009763922685522175,0.012104454933172998,0.03577566146850586
99,threshold_saturation,mlp_scm,ok,0.2,3,1,0,False,0.7242020964622498,1.0,-0.08686106767210017,0.998808044447763,0.9990029884307273,0.03785257534379127,0.04882531190405954,0.1794581413269043,0.9999242185994786,0.9996814985516058,0.009411211797555552,0.012311084497813337,0.048958539962768555
99,threshold_saturation,mlp_scm,ok,0.2,4,1,0,False,0.7221907377243042,1.0,-0.07907814819278128,0.999389975737613,0.9995518806773477,0.028219035923427782,0.034929192517515154,0.09970617294311523,0.9999605517484145,0.9998378826621842,0.007167637967995688,0.008882370469980465,0.025280237197875977
99,threshold_saturation,mlp_scm,ok,0.2,5,1,0,False,0.7282785177230835,1.0,-0.08116261142443895,0.999946533791605,0.9999465010550032,0.008846438583887561,0.010340813162277222,0.027692079544067383,0.9999965826234634,0.9999764412416852,0.002227721507665592,0.0026143360981912794,0.0071868896484375
99,threshold_saturation,mlp_scm,ok,0.2,6,1,0,False,0.7198581099510193,1.0,-0.08326708440722771,0.9990863469397724,0.9989762557220512,0.03723290136325197,0.04274700097687472,0.11231964826583862,0.9999411579059195,0.9997277555253559,0.009426195734135945,0.010848234240338888,0.03379344940185547
99,threshold_saturation,mlp_scm,ok,0.2,7,1,0,False,0.7188131809234619,1.0,-0.09193632983789184,0.9968110817741676,0.9969727889635933,0.06491627294089142,0.07986135815612604,0.2065507173538208,0.9997975192514359,0.999156142711537,0.016209514832606686,0.020123654958655344,0.05940961837768555
99,threshold_saturation,mlp_scm,ok,0.2,8,1,0,False,0.718002200126648,1.0,-0.0833949177299548,0.9994020316223967,0.9993348674093411,0.029315970933271984,0.03458231817433992,0.08733195066452026,0.9999616328815708,0.999818816608254,0.007440362470880757,0.008759808214316952,0.024679183959960938
99,threshold_saturation,mlp_scm,ok,0.2,9,1,0,False,0.7198055386543274,1.0,-0.08776027191138917,0.9986732246720639,0.9986750657141835,0.04250842826844803,0.051512624866650855,0.12720219790935516,0.9999158764792948,0.999619036549603,0.010693748469179809,0.01297100802924461,0.03695344924926758
99,threshold_saturation,mlp_scm,ok,0.3,0,1,0,False,0.7315850853919983,1.0,-0.0711198466205119,0.9967215754872282,0.9965437356948714,0.05584213714826092,0.08097437135415692,0.36272770166397095,0.9997907471734991,0.9991642787533078,0.013966376056428587,0.02045741052868891,0.09531903266906738
99,threshold_saturation,mlp_scm,ok,0.3,1,1,0,False,0.7188690900802612,1.0,-0.08605009860613873,0.9990469987853196,0.9990206351477003,0.03554029309627538,0.04365778751869808,0.1113719642162323,0.9999393908164819,0.9997172054931692,0.009036375230071059,0.011009921322980369,0.030986309051513672
99,threshold_saturation,mlp_scm,ok,0.3,2,1,0,False,0.7622095942497253,1.0,-0.05782669379797652,0.9900570181143483,0.9907834740004291,0.1153466994504555,0.14101760045810904,0.3699144124984741,0.999375330568265,0.997505353247264,0.028702802793986848,0.03534598811781143,0.09820222854614258
99,threshold_saturation,mlp_scm,ok,0.3,3,1,0,False,0.7056573629379272,1.0,-0.093656926484273,0.9954677912289001,0.9954871902045633,0.07853735823665886,0.09520723182544755,0.27852887846529484,0.9997115922065899,0.9987861092732992,0.019738212019433377,0.0240169854504839,0.07034735381603241
99,threshold_saturation,mlp_scm,ok,0.3,4,1,0,False,0.7228584885597229,1.0,-0.08633030905220199,0.998861219532138,0.9988591324833702,0.04017162154538312,0.047723797952139206,0.10517483949661255,0.9999274533361701,0.9996673722373222,0.010146585634572602,0.012045469395572054,0.03156757354736328
99,threshold_saturation,mlp_scm,ok,0.3,5,1,0,False,0.710449755191803,1.0,-0.08926384383853264,0.9973329436523084,0.9972550917316356,0.059969286310789016,0.07303500860968978,0.19676563143730164,0.9998297083115272,0.9992619894857304,0.015210325220728294,0.018454901474711925,0.05089092254638672
99,threshold_saturation,mlp_scm,ok,0.3,6,1,0,False,0.7438501119613647,1.0,-0.059190742494288615,0.9906465043324285,0.9906371593591302,0.10583137359377304,0.13677350214318323,0.48052385449409485,0.9994112497557377,0.9976517125920891,0.02623491591624827,0.03431472718648651,0.13221192359924316
99,threshold_saturation,mlp_scm,ok,0.3,7,1,0,False,0.7446873784065247,1.0,-0.0735858332172575,0.9988947520988221,0.9988874409913453,0.038193514015617325,0.04701590949610482,0.15183961391448975,0.999929865787993,0.9996965524640582,0.00961312279679305,0.011843497161361684,0.03821587562561035
99,threshold_saturation,mlp_scm,ok,0.3,8,1,0,False,0.754023551940918,1.0,-0.060165396263511646,0.9921531285547982,0.9925465922501966,0.1029961227119287,0.12527466620031877,0.31741899251937866,0.9995069053383473,0.997984396234175,0.025689483161727367,0.0314036514544645,0.08809709548950195
99,threshold_saturation,mlp_scm,ok,0.3,9,1,0,False,0.7171677947044373,1.0,-0.0814026108560256,0.9987529474853571,0.9985000178814104,0.03987932422235474,0.049941014182309874,0.2036033272743225,0.9999193214916802,0.9996504631285316,0.010129007720536265,0.012702638415659986,0.0528712272644043
100,threshold_saturation,mlp_scm,ok,0.0,0,0,0,False,0.7264730334281921,1.0,0.01031964480175681,1.0,1.0,0.0,0.0,0.0,1.0,1.0,0.0,0.0,0.0
100,threshold_saturation,mlp_scm,ok,0.1,0,1,0,False,0.724835991859436,1.0,0.009822438834007872,0.9997573047870489,0.9997353104212859,0.01833632667947427,0.02203157799850525,0.05156892538070679,0.9999849791573893,0.9999727196731277,0.004558759129452028,0.005481029644644776,0.012949883937835693
100,threshold_saturation,mlp_scm,ok,0.1,1,1,0,False,0.719521164894104,1.0,0.011738874698080031,0.9996058251388612,0.9995708796759888,0.022676940779348342,0.028077566172945302,0.08073318004608154,0.9999756615734803,0.9999551735390886,0.005628997122840929,0.006976879969609167,0.020152732729911804
100,threshold_saturation,mlp_scm,ok,0.1,2,1,0,False,0.724776566028595,1.0,0.010342482304153217,0.9996047564089892,0.9994949172090692,0.021356294605908488,0.028115603793770066,0.10664045810699463,0.9999755291109842,0.9999592415599743,0.005314066546461049,0.0069958402305500674,0.026529252529144287
100,threshold_saturation,mlp_scm,ok,0.1,3,1,0,False,0.7295099496841431,1.0,0.010541492781416384,0.999625018754688,0.999550371933338,0.020749181286888074,0.027385443342596134,0.10260635614395142,0.9999767861217826,0.9999613761533509,0.005160566919897747,0.006813791721166055,0.025477588176727295
100,threshold_saturation,mlp_scm,ok,0.1,4,1,0,False,0.7265361547470093,1.0,0.009647432861055153,0.999725554520444,0.9996338110650168,0.01653489135685504,0.023428422514042164,0.1046903133392334,0.9999830183209972,0.9999704286174093,0.0041013629359554216,0.005827809100902586,0.02589595317840576
100,threshold_saturation,mlp_scm,ok,0.1,5,1,0,False,0.7242183089256287,1.0,0.01139170761277492,0.9998786158773362,0.999844923467563,0.013634546574195383,0.01558102177190494,0.03556239604949951,0.9999925197667926,0.999981548619555,0.003380813755057943,0.0038678762414019003,0.008789896965026855
100,threshold_saturation,mlp_scm,ok,0.1,6,1,0,False,0.7284936904907227,1.0,0.010647732180552186,0.9999650733424169,0.9999640807166869,0.006863795344003165,0.008357829515799926,0.026623010635375977,0.9999978408416865,0.999993015074029,0.0017032654754700616,0.0020780560460439443,0.006757140159606934
100,threshold_saturation,mlp_scm,ok,0.1,7,1,0,False,0.7388952374458313,1.0,0.009083735029205628,0.9981845712859067,0.9982305673771547,0.04839497983178376,0.060256596663304865,0.1523158997297287,0.9998876105925816,0.9998198000858306,0.012047531459614902,0.014992625709990635,0.03733086585998535
100,threshold_saturation,mlp_scm,ok,0.1,8,1,0,False,0.7334148287773132,1.0,0.00866790163157119,0.9997023970959562,0.9996752735855804,0.020355180190477995,0.024396840300230767,0.06933534145355225,0.9999816458018653,0.9999668746870752,0.005049858010892194,0.006058745621537292,0.017342105507850647
100,threshold_saturation,mlp_scm,ok,0.1,9,1,0,False,0.7247484922409058,1.0,0.011214288130350547,0.9998635890114335,0.9998382738180386,0.013819104595881981,0.016517323873184758,0.038682758808135986,0.999991579192254,0.9999789893426794,0.0034301289236111643,0.004103853799607316,0.009668022394180298
100,threshold_saturation,mlp_scm,ok,0.2,0,1,0,False,0.7313209176063538,1.0,0.010970023448445929,0.999377552236896,0.9992979311208067,0.025681363951463254,0.035283076933147466,0.13646411895751953,0.9999614800897846,0.9999388344002574,0.006373802748413482,0.00877723328924665,0.03379768133163452
100,threshold_saturation,mlp_scm,ok,0.2,1,1,0,False,0.7260310053825378,1.0,0.011240477843043167,0.9969065980259966,0.9965784815106215,0.06245484219797959,0.07865623999937413,0.23631799221038818,0.999808542381516,0.9997302924504684,0.015534131067710177,0.019568220323782994,0.05900496244430542
100,threshold_saturation,mlp_scm,ok,0.2,2,1,0,False,0.7404994368553162,1.0,0.008348202067647968,0.9958158202582453,0.9958729704599097,0.07334444837587739,0.09147873825002502,0.2283974289894104,0.9997409308200691,0.9995997134503969,0.018245943441826284,0.022762652835611498,0.057321131229400635
100,threshold_saturation,mlp_scm,ok,0.2,3,1,0,False,0.7239065766334534,1.0,0.01205931465473504,0.9952023167644686,0.9947618978435018,0.0784974536325933,0.09795594287489134,0.25756359100341797,0.9997031683729918,0.9996095146985193,0.01951662065896187,0.0243652063396212,0.06446975469589233
100,threshold_saturation,mlp_scm,ok,0.2,4,1,0,False,0.7342584729194641,1.0,0.008307622348571018,0.9993381278191615,0.9993649528824834,0.02946389600114685,0.03638329767447351,0.09692186117172241,0.9999591181487664,0.9999288543380301,0.0072993154581979525,0.009042328488496993,0.02422921359539032
100,threshold_saturation,mlp_scm,ok,0.2,5,1,0,False,0.7110893130302429,1.0,0.012433864030341297,0.9959111307196885,0.9957460683248693,0.07362008015419974,0.09043085043631342,0.23686769604682922,0.9997470998244642,0.9996580068485801,0.018309753385096883,0.022490005906953367,0.05791664123535156
100,threshold_saturation,mlp_scm,ok,0.2,6,1,0,False,0.7172799110412598,1.0,0.012557865506368617,0.9980292534696684,0.9978327618732564,0.05116288826340565,0.06278131236959604,0.16054216586053371,0.9998781935870056,0.9998226499356269,0.012705904009891356,0.015608101734634611,0.03945828974246979
100,threshold_saturation,mlp_scm,ok,0.2,7,1,0,False,0.739009439945221,1.0,0.007779342786282747,0.9973380703213874,0.9975073760818252,0.05967128271157662,0.07296478176867471,0.1798514574766159,0.9998352755818106,0.9997383949645946,0.01482107146647138,0.018150725973346344,0.04431509971618652
100,threshold_saturation,mlp_scm,ok,0.2,8,1,0,False,0.723544180393219,1.0,0.01022526313038551,0.9999775180473853,0.9999789334632715,0.005046409613527203,0.006705513092396366,0.02667546272277832,0.9999986082788268,0.9999955967026678,0.0012543525763533125,0.0016683652081111368,0.0066623687744140625
100,threshold_saturation,mlp_scm,ok,0.2,9,1,0,False,0.7359239459037781,0.9999999403953552,0.009353685195542851,0.9997949321991485,0.9998219011515628,0.01589006893614453,0.020251804635931295,0.06591665744781494,0.9999873274847947,0.9999761506687647,0.003951521927490376,0.005034384804856532,0.01645396649837494
100,threshold_saturation,mlp_scm,ok,0.3,0,1,0,False,0.7215145230293274,1.0,0.011999585309931667,0.9957474243492296,0.9953778789070882,0.07424019900687995,0.092223376889721,0.23841285705566406,0.99973689429966,0.999647523871683,0.018460806537341057,0.02293929847306961,0.05969339609146118
100,threshold_saturation,mlp_scm,ok,0.3,1,1,0,False,0.7198075652122498,1.0,0.010970682135746283,0.9995310660591286,0.9994742418281954,0.02476864351493191,0.03062462896533905,0.08105242997407913,0.9999709832610266,0.9999487697589585,0.006163519471073187,0.007617970966210634,0.01985907554626465
100,threshold_saturation,mlp_scm,ok,0.3,2,1,0,False,0.7377523183822632,1.0,0.008461255160534285,0.9944585911373259,0.994556205743509,0.08365324124500262,0.10527496158689717,0.2925088405609131,0.999656856514991,0.9994921567663256,0.020802571435950767,0.026197079920874628,0.07325273752212524
100,threshold_saturation,mlp_scm,ok,0.3,3,1,0,False,0.7098321914672852,1.0,0.014770788002267578,0.9958835398342741,0.9955959985873686,0.07320977130419237,0.09073544229234193,0.2513464391231537,0.9997459773892943,0.9996563528181103,0.018150899037010504,0.022539859098295895,0.06269733607769012
100,threshold_saturation,mlp_scm,ok,0.3,4,1,0,False,0.7300224304199219,1.0,0.012404254950681197,0.9958166667762774,0.9956383551784563,0.06438346359007596,0.0914694827406414,0.4057326018810272,0.9997412488061354,0.9996426511873255,0.01599460721584478,0.022748678872708,0.10041660070419312
100,threshold_saturation,mlp_scm,ok,0.3,5,1,0,False,0.7347773909568787,1.0,0.010921295547032646,0.9997286313944368,0.9997950035980611,0.017302381226983243,0.02329672075987532,0.08794713020324707,0.9999832114128588,0.9999701492203704,0.0042892311378466275,0.0057945816540078,0.022037506103515625
100,threshold_saturation,mlp_scm,ok,0.3,6,1,0,False,0.7214953899383545,1.0,0.01253673591718551,0.9977503567615302,0.9975071749159572,0.05445919264204235,0.06707672126022232,0.15697402134537697,0.9998609318911665,0.9997986441420497,0.013515929743249444,0.016677416800984075,0.03957509994506836
100,threshold_saturation,mlp_scm,ok,0.3,7,1,0,False,0.7194986343383789,1.0,0.010292597804300313,0.9995754267720385,0.9995528725355864,0.022504941626692698,0.029140117801278356,0.0850529670715332,0.999973712867958,0.9999542571168013,0.005599438497455367,0.007250811314749783,0.02116110920906067
100,threshold_saturation,mlp_scm,ok,0.3,8,1,0,False,0.7190946340560913,1.0,0.011838913185471466,0.9986118256079671,0.9984694853730061,0.04286229212557657,0.05269106981014101,0.13324055448174477,0.9999141507566044,0.9998700105273173,0.010652938879545104,0.013103377047929098,0.03242838382720947
100,threshold_saturation,mlp_scm,ok,0.3,9,1,0,False,0.7373753786087036,1.0,0.005855309138543145,0.9980210617884944,0.997968772351763,0.05421037655966643,0.06291165652857947,0.1866205930709839,0.9998779215394729,0.9998189283670695,0.013442073960817424,0.015625521761228518,0.04543578624725342
101,threshold_saturation,mlp_scm,ok,0.0,0,0,0,False,0.7188321948051453,1.0,-0.014670910784555858,1.0,1.0,0.0,0.0,0.0,1.0,1.0,0.0,0.0,0.0
101,threshold_saturation,mlp_scm,ok,0.1,0,1,0,False,0.7247515916824341,1.0,-0.014155583095695645,0.9994928310078472,0.9994443575209211,0.026564250802948663,0.03184867263820629,0.07509642839431763,0.9999682292215132,0.9999454952256633,0.006653719698419991,0.007971295679545258,0.018859267234802246
101,threshold_saturation,mlp_scm,ok,0.1,1,1,0,False,0.7219358682632446,1.0,-0.014383912432308075,0.9997495125038344,0.999724793916744,0.018717170535637706,0.022382471127624485,0.0508655309677124,0.9999843063030114,0.9999689198733995,0.004687338815472231,0.005602445382186966,0.012652397155761719
101,threshold_saturation,mlp_scm,ok,0.1,2,1,0,False,0.7170448899269104,1.0,-0.014529633805339266,0.999629776913087,0.9995516906873613,0.020868115323651182,0.027211140993203545,0.10157620906829834,0.9999768007290443,0.9999567940419141,0.00522651217170278,0.006811647391821863,0.025395631790161133
101,threshold_saturation,mlp_scm,ok,0.1,3,1,0,False,0.7129352688789368,1.0,-0.014620116133142458,0.9982011891976622,0.9982469400436305,0.04768242701595682,0.059980176500004874,0.1901308298110962,0.9998872759496593,0.9998398049138115,0.011936988314346308,0.015014929395953875,0.04758423566818237
101,threshold_saturation,mlp_scm,ok,0.1,4,1,0,False,0.7189691662788391,1.0,-0.014246635964739475,0.9998085643852239,0.9997560193298047,0.013423933040030533,0.019567095891753598,0.08227533102035522,0.9999880099312868,0.9999753460052929,0.0033655136270454022,0.004896951757968717,0.020499825477600098
101,threshold_saturation,mlp_scm,ok,0.1,5,1,0,False,0.7132657766342163,1.0,-0.014841680231640656,0.9995908272987234,0.9995366144231456,0.02329210670552584,0.028606736856588898,0.0679594948887825,0.9999743582973429,0.9999531842321722,0.0058294456846397225,0.007161243361021534,0.0170745849609375
101,threshold_saturation,mlp_scm,ok,0.1,6,1,0,False,0.7126221060752869,0.9999999403953552,-0.01462935956083656,0.9981657205688468,0.9982173798369215,0.04818926743871543,0.06056862938433949,0.19042706489562988,0.9998850529687531,0.9998367538981474,0.012063773351087548,0.015162257501274718,0.0476604700088501
101,threshold_saturation,mlp_scm,ok,0.1,7,1,0,False,0.7182753682136536,1.0,-0.01469396780116045,0.9994881077929549,0.9993891374901651,0.02541643203608146,0.03199663175691376,0.09825843572616577,0.9999679212330476,0.9999452381803875,0.006362604087712498,0.008009839724981848,0.02460259199142456
101,threshold_saturation,mlp_scm,ok,0.1,8,1,0,False,0.7125057578086853,1.0,-0.014748330116365681,0.9996227515253406,0.9995869505936626,0.02189804772910975,0.027468108209152006,0.06995171308517456,0.9999763588193136,0.9999557323331664,0.005480894594029451,0.006876217107369734,0.017528772354125977
101,threshold_saturation,mlp_scm,ok,0.1,9,1,0,False,0.7278925776481628,1.0,-0.014594320667035785,0.9986829919563545,0.9986149841749518,0.04071874795977237,0.051322667419846084,0.1534329652786255,0.9999174691290363,0.9998769982476216,0.010192389242547506,0.012847635381196522,0.0384257435798645
101,threshold_saturation,mlp_scm,ok,0.2,0,1,0,False,0.7244360446929932,1.0,-0.014181832877742507,0.9993742379531574,0.9992896833202202,0.024768827211687494,0.03537688652003738,0.16919803619384766,0.9999607972960577,0.9999395384807953,0.006205876334831828,0.008854682789024272,0.042242228984832764
101,threshold_saturation,mlp_scm,ok,0.2,1,1,0,False,0.7201383709907532,1.0,-0.015024229855113374,0.9996176347248165,0.9995341892568483,0.019269462826287054,0.02765376216036193,0.12121063470840454,0.9999760400589632,0.9999586604141333,0.0048347436073186145,0.006922418709682827,0.030267179012298584
101,threshold_saturation,mlp_scm,ok,0.2,2,1,0,False,0.721998929977417,1.0,-0.014316245151123189,0.9999372828024484,0.9999028704134181,0.008819732722713525,0.01119974993942716,0.046769142150878906,0.999996073776352,0.999989405264287,0.002209147270605172,0.00280222185696755,0.01162809133529663
101,threshold_saturation,mlp_scm,ok,0.2,3,1,0,False,0.7050507664680481,1.0,-0.015468469273946784,0.9945885876194488,0.9946388849152421,0.08553414896346112,0.10403280626585452,0.24168433994054794,0.999660837593478,0.99954952256634,0.02140781747152687,0.026044669429008856,0.060799598693847656
101,threshold_saturation,mlp_scm,ok,0.2,4,1,0,False,0.7046986818313599,1.0,-0.014678801964136573,0.992214233901614,0.9931733692153635,0.10018823226710083,0.12478594545604219,0.36347877979278564,0.9995120906691402,0.9993867346756311,0.025080368391400043,0.03123809661771775,0.09099268913269043
101,threshold_saturation,mlp_scm,ok,0.2,5,1,0,False,0.7090225219726562,1.0,-0.015278092185925086,0.9979129455238044,0.9978351982154351,0.053256721315506184,0.0646073438482639,0.15169978141784668,0.9998692027679608,0.9998125022351761,0.01332947888425906,0.01617388196769661,0.037857651710510254
101,threshold_saturation,mlp_scm,ok,0.2,6,1,0,False,0.7386105060577393,1.0,-0.01426048127777373,0.9951154625939953,0.9949659470889063,0.07922125036092353,0.0988386292236032,0.26953113079071045,0.9996939376043408,0.9995939131678704,0.019827136133244494,0.024741156072422506,0.06755697727203369
101,threshold_saturation,mlp_scm,ok,0.2,7,1,0,False,0.7098716497421265,1.0,-0.015133330997382184,0.9972313976008751,0.9971880923217222,0.06091681041743868,0.07441239592006677,0.16884744353592396,0.999826487635089,0.9997597073707174,0.01524804757025322,0.018628599917654153,0.04243886470794678
101,threshold_saturation,mlp_scm,ok,0.2,8,1,0,False,0.7140880227088928,1.0,-0.014295401041477125,0.9995117216290136,0.9995249915063299,0.02239409975129547,0.031249907380618783,0.11215341091156006,0.9999694081864585,0.9999479539196051,0.005613866814286439,0.007821996251474807,0.027989685535430908
101,threshold_saturation,mlp_scm,ok,0.2,9,1,0,False,0.7173527479171753,1.0,-0.015422160039311773,0.9995476016997615,0.9994504372004862,0.024687684062200788,0.030079836863619733,0.10194873809814453,0.9999716612153243,0.9999513960911237,0.006183819843272431,0.007528450512483443,0.025358915328979492
101,threshold_saturation,mlp_scm,ok,0.3,0,1,0,False,0.7163566946983337,1.0,-0.014873478125248614,0.9980562003316248,0.9979722033473999,0.05024109269015753,0.06235061707014737,0.16607415676116943,0.9998781836876427,0.9998238792825977,0.01257717018859239,0.015608735618535126,0.04162096977233887
101,threshold_saturation,mlp_scm,ok,0.3,1,1,0,False,0.7328449487686157,1.0,-0.015377676437470527,0.991702255778668,0.990799846666905,0.09567797501185993,0.12882347658036175,0.5094303488731384,0.9994799329315308,0.9993240491559974,0.0239643128767284,0.032251110704991495,0.12739217281341553
101,threshold_saturation,mlp_scm,ok,0.3,2,1,0,False,0.739393949508667,1.0,-0.012677028050282525,0.9967567827056891,0.9965500165403045,0.06857376124651182,0.08053840524640427,0.1939522624015808,0.999796974250081,0.9997242015950216,0.017162145729002987,0.020150719503559577,0.048822641372680664
101,threshold_saturation,mlp_scm,ok,0.3,3,1,0,False,0.7066785097122192,1.0,-0.015386032610042354,0.999753031280224,0.999646450987054,0.013783324434825772,0.0222247036046323,0.1192883849143982,0.9999845357240548,0.9999711215220657,0.0034542130800332416,0.005561344472239529,0.02970808744430542
101,threshold_saturation,mlp_scm,ok,0.3,4,1,0,False,0.7035015225410461,1.0,-0.015247282021283975,0.9979521737640685,0.9979854244152777,0.05234148649799408,0.0639972839238226,0.1603715419769287,0.999871661307202,0.9998208170910521,0.013098572603212233,0.01602115407334437,0.040314555168151855
101,threshold_saturation,mlp_scm,ok,0.3,5,1,0,False,0.7162548303604126,0.9999999403953552,-0.015307224059133628,0.9997227196585627,0.9996322911451253,0.018627627777448197,0.023549112499635306,0.0918920636177063,0.9999826330458796,0.999966606465918,0.0046678914963536045,0.005893547890403158,0.02286583185195923
101,threshold_saturation,mlp_scm,ok,0.3,6,1,0,False,0.7361716032028198,1.0,-0.014735225136509567,0.9953432298996413,0.9950374168514412,0.07492016790490652,0.09650668684215959,0.3185085654258728,0.9997081709986073,0.9996144879658108,0.018756011474806655,0.02415901480823589,0.07972025871276855
101,threshold_saturation,mlp_scm,ok,0.3,7,1,0,False,0.7156401872634888,1.0,-0.015021253409325646,0.994277441319546,0.9943605831127958,0.08642295941203315,0.10698185509243985,0.2770181894302368,0.9996413592062723,0.9995289924719261,0.02163452228148799,0.02678211274280361,0.06943053007125854
101,threshold_saturation,mlp_scm,ok,0.3,8,1,0,False,0.7064239978790283,1.0,-0.01585309256579287,0.9992859294497166,0.9988924477862813,0.02385729211830423,0.037790753764161605,0.20488125085830688,0.9999552800270423,0.9999320394642729,0.005986236699300207,0.00945726948056459,0.051040589809417725
101,threshold_saturation,mlp_scm,ok,0.3,9,1,0,False,0.7289800643920898,1.0,-0.01331919113962216,0.9987120297152796,0.9987717706172662,0.032533954840630486,0.050753724475169355,0.26106154918670654,0.9999193677187189,0.9998844860882626,0.008163471924149235,0.012698998557959336,0.06503069400787354
102,threshold_saturation,mlp_scm,ok,0.0,0,0,0,False,0.7289148569107056,1.0,-0.04790448557747967,1.0,1.0,0.0,0.0,0.0,1.0,1.0,0.0,0.0,0.0
102,threshold_saturation,mlp_scm,ok,0.1,0,1,0,False,0.7251026630401611,1.0,-0.04593266960737022,0.9994804443568897,0.9995225076653206,0.02599948434021826,0.03223524980573696,0.09652316570281982,0.9999670409013532,0.9998785069916314,0.006558870717753962,0.008119002253865396,0.024587303400039673
102,threshold_saturation,mlp_scm,ok,0.1,1,1,0,False,0.7272337675094604,1.0,-0.046544515726128076,0.9996353781860099,0.9996503262230055,0.021254047585980373,0.027004511969251667,0.0983780026435852,0.9999768390923455,0.9999103806058222,0.005364076787600425,0.006806013164289312,0.024985015392303467
102,threshold_saturation,mlp_scm,ok,0.1,2,1,0,False,0.7300650477409363,1.0,-0.04821236104559662,0.9999796602871982,0.999970909180316,0.005441818250275787,0.006378042459341397,0.02080327272415161,0.9999987072260716,0.9999916180888347,0.0013703804195870362,0.0016079638872827013,0.005213558673858643
102,threshold_saturation,mlp_scm,ok,0.1,3,1,0,False,0.7271214127540588,1.0,-0.04814170430848357,0.999922531486327,0.9999094278616666,0.009669453512287873,0.012447370187530506,0.05179786682128906,0.9999950669384495,0.9999755471711608,0.002441559091380441,0.003141038537178399,0.013116180896759033
102,threshold_saturation,mlp_scm,ok,0.1,4,1,0,False,0.7268067598342896,1.0,-0.04677848461115023,0.9998168434796985,0.9998046874994543,0.016020357805473395,0.019139306294749168,0.04275757074356079,0.999988375519894,0.999955017076747,0.00404245503364109,0.004821717627834883,0.01089528203010559
102,threshold_saturation,mlp_scm,ok,0.1,5,1,0,False,0.7390912771224976,1.0,-0.051601401998940234,0.9982741168486269,0.9985277005400185,0.04758067759348705,0.058751734878337056,0.15727746486663818,0.9998903848743113,0.9996341128138185,0.012007970873582963,0.014806426327093017,0.0401783287525177
102,threshold_saturation,mlp_scm,ok,0.1,6,1,0,False,0.7298648953437805,1.0,-0.04723761267388857,0.9998423681398542,0.9998293442886774,0.015087119095028356,0.017755667094792465,0.03517593443393707,0.9999899746066507,0.999959543308776,0.0038067448560923367,0.004477810616699929,0.009122014045715332
102,threshold_saturation,mlp_scm,ok,0.1,7,1,0,False,0.7286628484725952,1.0,-0.0475622413114552,0.9999475104678661,0.9999334140977039,0.009057287160658234,0.010245929329064379,0.01916182041168213,0.999996660452624,0.9999841414240754,0.002284678370642723,0.0025843944630140683,0.004988908767700195
102,threshold_saturation,mlp_scm,ok,0.1,8,1,0,False,0.7353116869926453,0.9999999403953552,-0.04979322275379821,0.9997203708189706,0.999737389135255,0.01936742041124262,0.02364864419219324,0.07185539603233337,0.9999822893912229,0.9999336711429795,0.004871051057762088,0.005951572665974803,0.017632603645324707
102,threshold_saturation,mlp_scm,ok,0.1,9,1,0,False,0.7338154315948486,0.9999999403953552,-0.049325337713492914,0.9998239762532418,0.9998104989578784,0.015443712601836523,0.01876292847137965,0.05221119523048401,0.999988845698305,0.9999573304842285,0.0038901435207208124,0.004723198400930032,0.01279747486114502
102,threshold_saturation,mlp_scm,ok,0.2,0,1,0,False,0.7213436365127563,1.0,-0.042147163209088546,0.9956705952802754,0.9960305280380516,0.075759795126487,0.09305272634619988,0.2615429162979126,0.9997256334554092,0.9991004309419926,0.01908166157471669,0.02342505322519275,0.066610187292099
102,threshold_saturation,mlp_scm,ok,0.2,1,1,0,False,0.723443329334259,1.0,-0.047784032047276014,0.9996948993366163,0.9997044957210468,0.01623458814856349,0.024702253984531436,0.1355738639831543,0.9999805671217533,0.9999252892318145,0.004095875334797938,0.006234240715243441,0.03419375419616699
102,threshold_saturation,mlp_scm,ok,0.2,2,1,0,False,0.7234140634536743,1.0,-0.04478844824101574,0.9980869300882459,0.9985117749088047,0.047011909591788026,0.0618558002083774,0.23678386211395264,0.9998785339239256,0.999579909788284,0.011904306382575669,0.015586281082229269,0.06009066104888916
102,threshold_saturation,mlp_scm,ok,0.2,3,1,0,False,0.7286550402641296,1.0,-0.04807167513367231,0.9992015812561303,0.9993480745055455,0.027422283360522215,0.039960449274568294,0.18215113878250122,0.99994914212158,0.9998158549996423,0.006922360340695377,0.010085423259907385,0.04599383473396301
102,threshold_saturation,mlp_scm,ok,0.2,4,1,0,False,0.7385467886924744,1.0,-0.05028102151121221,0.999521426061193,0.9996336741594443,0.024192904496430856,0.030937807368905376,0.09170132875442505,0.9999696713565758,0.9998918174665616,0.0061185886759176356,0.00778827898595772,0.02251434326171875
102,threshold_saturation,mlp_scm,ok,0.2,5,1,0,False,0.7232356071472168,1.0,-0.04401277361349619,0.9971723492607334,0.9977799530327428,0.05803050849041824,0.0752017396906769,0.28296875953674316,0.999820523133038,0.9993863546956584,0.014670968015138897,0.018946074882577713,0.07181790471076965
102,threshold_saturation,mlp_scm,ok,0.2,6,1,0,False,0.7316867113113403,1.0,-0.047369625026236886,0.999765102635843,0.999747500513385,0.01690847771396875,0.021674749191573642,0.08715564012527466,0.9999850485421904,0.9999402760889777,0.004272020978760338,0.005468355944533832,0.022089719772338867
102,threshold_saturation,mlp_scm,ok,0.2,7,1,0,False,0.7243002653121948,1.0,-0.04604467978327238,0.9993737592895774,0.9995073755216548,0.02669315493801605,0.03539041458479307,0.13089001178741455,0.999960234510803,0.9998516625241397,0.006764177717968778,0.008918014328747233,0.033244043588638306
102,threshold_saturation,mlp_scm,ok,0.2,8,1,0,False,0.7263352274894714,1.0,-0.04567144970838565,0.9983717674693576,0.9987487231520364,0.04194765349893714,0.05706544597095738,0.2420717477798462,0.9998964964317588,0.9996363479901293,0.010623510843061013,0.01438774267895033,0.0613308846950531
102,threshold_saturation,mlp_scm,ok,0.2,9,1,0,False,0.7389779090881348,1.0,-0.05192313085595903,0.9963157589024216,0.9967231616700878,0.06566965687329684,0.08583986506891378,0.3297824263572693,0.9997655872021814,0.9992434486982333,0.016601926644625564,0.021652381043596132,0.08380106091499329
102,threshold_saturation,mlp_scm,ok,0.3,0,1,0,False,0.7390663623809814,1.0,-0.0526542673157409,0.9961105319830313,0.9964872639653815,0.07146227443445241,0.08819827692566291,0.24225753545761108,0.999752653575648,0.9992298588262643,0.018040536217768022,0.022241691635702988,0.06180989742279053
102,threshold_saturation,mlp_scm,ok,0.3,1,1,0,False,0.7107020020484924,1.0,-0.04007252719279763,0.9947739172565601,0.9952337435626922,0.08369345040068765,0.10223583284524941,0.29149747639894485,0.9996696267161197,0.9989547086224161,0.021061264481431863,0.025704991265262607,0.07131516933441162
102,threshold_saturation,mlp_scm,ok,0.3,2,1,0,False,0.734100341796875,1.0,-0.04976020084426728,0.9982382870253613,0.998429797019252,0.051787162755488225,0.05935845322442334,0.15571880340576172,0.9998878385014638,0.9996048878835563,0.013061019512178973,0.014977416291462183,0.039173007011413574
102,threshold_saturation,mlp_scm,ok,0.3,3,1,0,False,0.7154735922813416,1.0,-0.04277480534084541,0.9979171345121612,0.9980439860346183,0.053115790792844564,0.06454247337881157,0.19085252285003662,0.9998682987924268,0.9995922591374007,0.013338033025718232,0.016229677132025687,0.046722412109375
102,threshold_saturation,mlp_scm,ok,0.3,4,1,0,False,0.7440418004989624,1.0,-0.05305521210610346,0.9969597227020195,0.9973157097131821,0.06415877299639305,0.07797791292190129,0.2009766399860382,0.9998069103657069,0.9994009168693226,0.01618013899746984,0.019651444663894034,0.04939234256744385
102,threshold_saturation,mlp_scm,ok,0.3,5,1,0,False,0.7456123232841492,1.0,-0.052267815470559906,0.9984349346229322,0.9987307188068033,0.04502152910777113,0.055947571463388975,0.16849496960639954,0.9999007860950168,0.9996765588119589,0.011352669261441406,0.01408644093449727,0.04138946533203125
102,threshold_saturation,mlp_scm,ok,0.3,6,1,0,False,0.726072371006012,0.9999999403953552,-0.04674833029955426,0.9974015534765528,0.9976610444531864,0.053774731688349675,0.07208947946573911,0.30198484659194946,0.9998345756718688,0.9994644182283099,0.013549544959388982,0.01818924553379912,0.07605388760566711
102,threshold_saturation,mlp_scm,ok,0.3,7,1,0,False,0.737245500087738,0.9999999403953552,-0.05067629312063575,0.9992796885977465,0.9993138679279021,0.03132469997831322,0.03795553776807379,0.10577699542045593,0.9999543222916226,0.9998392796473785,0.00788741710641716,0.009558002722178908,0.02596449851989746
102,threshold_saturation,mlp_scm,ok,0.3,8,1,0,False,0.7136412262916565,1.0,-0.043059614182170164,0.9984511399242474,0.9985808278829885,0.04541166935655383,0.05565716710414793,0.18015560507774353,0.9999021766127753,0.9996915568450039,0.011407057588940006,0.013987379400421197,0.04410600662231445
102,threshold_saturation,mlp_scm,ok,0.3,9,1,0,False,0.726711630821228,1.0,-0.047189990598972366,0.9999257158072798,0.9999043568056646,0.010561238652599059,0.012188863455213613,0.027587950229644775,0.999995284783613,0.9999791905085471,0.0026633932268396165,0.003070900989014102,0.006926298141479492
103,threshold_saturation,mlp_scm,ok,0.0,0,0,0,False,0.7275598049163818,1.0,-0.029866187814914756,1.0,1.0,0.0,0.0,0.0,1.0,1.0,0.0,0.0,0.0
103,threshold_saturation,mlp_scm,ok,0.1,0,1,0,False,0.7281001806259155,1.0,-0.030204115377537925,0.9998117024916654,0.9997757559366282,0.014940486101835404,0.019406055702820783,0.07135266065597534,0.9999881145806212,0.9999799057649666,0.0037561637906691203,0.004875534826385379,0.018043160438537598
103,threshold_saturation,mlp_scm,ok,0.1,1,1,0,False,0.7285009622573853,1.0,-0.030836355415315417,0.9992983721970579,0.999266985104785,0.030496552665454146,0.03746005267923983,0.09215950965881348,0.9999557215644606,0.9999365880480652,0.007656863964129457,0.009410466052178521,0.023487210273742676
103,threshold_saturation,mlp_scm,ok,0.1,2,1,0,False,0.7260381579399109,1.0,-0.030212302146209295,0.9997801186906712,0.9997643677133252,0.017611029225236052,0.020970517774265417,0.04686379432678223,0.9999861205519441,0.9999770782669335,0.004424444767622049,0.005268671227704799,0.011892199516296387
103,threshold_saturation,mlp_scm,ok,0.1,3,1,0,False,0.7267152667045593,1.0,-0.029465518673099073,0.9998434059190728,0.9997914915778555,0.01211270773205797,0.017697122813058897,0.07748955488204956,0.9999901194663026,0.9999815150919102,0.003037996861749548,0.00444534229767259,0.019360899925231934
103,threshold_saturation,mlp_scm,ok,0.1,4,1,0,False,0.7277028560638428,1.0,-0.03010167680911725,0.9999292538981133,0.9999188295722765,0.008697204483496535,0.0118950492452631,0.04654759168624878,0.9999955349569837,0.9999910816465203,0.0021835885945300504,0.002988324965802892,0.011633038520812988
103,threshold_saturation,mlp_scm,ok,0.1,5,1,0,False,0.7231777906417847,1.0,-0.029083959926677797,0.9999337469053101,0.9998913033760101,0.007882964094278577,0.011511133186102755,0.0572085976600647,0.9999958363823157,0.999990858128889,0.0019703650105427073,0.0028856949853172022,0.014109611511230469
103,threshold_saturation,mlp_scm,ok,0.1,6,1,0,False,0.7265567183494568,1.0,-0.02967166493959982,0.9995984228474732,0.9996582638938559,0.019988693196182794,0.02833997716049768,0.12071579694747925,0.9999746493703159,0.9999579311877445,0.005024808954530613,0.007120481812807779,0.030382275581359863
103,threshold_saturation,mlp_scm,ok,0.1,7,1,0,False,0.7267794609069824,1.0,-0.029988503290834648,0.9998648432557665,0.9998613408375652,0.011494209550392043,0.01644121278221366,0.06487935781478882,0.9999914672698329,0.9999846108111007,0.002886651073438884,0.004131036296584651,0.016269326210021973
103,threshold_saturation,mlp_scm,ok,0.1,8,1,0,False,0.730720043182373,1.0,-0.030542109009639943,0.9997511597460135,0.9997210723481866,0.017385937246785943,0.022308753827234497,0.07391160726547241,0.9999843009890578,0.9999741725377297,0.004372089042234961,0.005603393892600017,0.01875615119934082
103,threshold_saturation,mlp_scm,ok,0.1,9,1,0,False,0.7256837487220764,1.0,-0.02898516560069825,0.9996454408309162,0.9996314753057721,0.02143800427052156,0.026629275231465386,0.06901174783706665,0.9999776435696116,0.9999624713897433,0.005380800680896414,0.006686767675710825,0.0176316499710083
103,threshold_saturation,mlp_scm,ok,0.2,0,1,0,False,0.720928430557251,1.0,-0.028702374428180587,0.9994399103178686,0.9991915702560618,0.021160896223037184,0.03346908084965771,0.17354267835617065,0.9999646903428148,0.9999467133967526,0.005305919792405689,0.008403529905214289,0.04320263862609863
103,threshold_saturation,mlp_scm,ok,0.2,1,1,0,False,0.7217419743537903,1.0,-0.02850455445638275,0.9995322527574534,0.9995378549459981,0.024611217632639182,0.03058585419133997,0.08117321133613586,0.9999705349625665,0.9999533295186323,0.006187226327952544,0.007676592655200029,0.020340338349342346
103,threshold_saturation,mlp_scm,ok,0.2,2,1,0,False,0.7299208045005798,1.0,-0.031030578648366915,0.998477895416822,0.9984081521350403,0.04316066271098862,0.05517435259418389,0.1814212203025818,0.9999039175481153,0.9998638554109148,0.010848146004704518,0.01386235555040479,0.04598808288574219
103,threshold_saturation,mlp_scm,ok,0.2,3,1,0,False,0.7217484712600708,1.0,-0.027314504125235835,0.9957952053101418,0.9965606783313068,0.07206131228394952,0.09170381283139227,0.3105403780937195,0.9997348978188446,0.9996538270688792,0.018112732926695685,0.0230261670608949,0.07876789569854736
103,threshold_saturation,mlp_scm,ok,0.2,4,1,0,False,0.7355074286460876,1.0,-0.03153425082036751,0.9985478849086028,0.9985316232744439,0.0423214704280781,0.053890908316900105,0.17221927642822266,0.9999083690715268,0.999870706226307,0.010644182463448004,0.013537424226153456,0.043776750564575195
103,threshold_saturation,mlp_scm,ok,0.2,5,1,0,False,0.7256272435188293,1.0,-0.0293592362796853,0.9990253755978099,0.998804594181389,0.029189655567755324,0.0441502968574718,0.20936346054077148,0.9999384839324176,0.9999108499928473,0.007327029689221831,0.01109198546582288,0.05246281623840332
103,threshold_saturation,mlp_scm,ok,0.2,6,1,0,False,0.7357537746429443,1.0,-0.03164156466401452,0.9987263844033197,0.9987104373793004,0.04011346583206432,0.0504701021024121,0.14718693494796753,0.9999196519806949,0.999886877726915,0.010090759360664947,0.012676594132618124,0.03753173351287842
103,threshold_saturation,mlp_scm,ok,0.2,7,1,0,False,0.7332343459129333,1.0,-0.03126784630421721,0.9991480260611695,0.9991125455975967,0.03289567946990246,0.04127890354808897,0.11843866109848022,0.9999462525064072,0.9999233446284242,0.008272654115359046,0.01036797902735921,0.030231475830078125
103,threshold_saturation,mlp_scm,ok,0.2,8,1,0,False,0.7165376543998718,1.0,-0.02663905363094711,0.9979091568309425,0.9980164710142335,0.05294014094019772,0.06466595876097324,0.17798280715942383,0.9998684143683932,0.9998151062155782,0.013279148092308901,0.0162225545590619,0.044569894671440125
103,threshold_saturation,mlp_scm,ok,0.2,9,1,0,False,0.72940993309021,1.0,-0.029691349170461585,0.9997224448759345,0.9996713284993919,0.016652370490575663,0.023560777830977382,0.08935844898223877,0.9999824786593635,0.9999712779844074,0.004182069679700362,0.005919686029413857,0.02240467071533203
103,threshold_saturation,mlp_scm,ok,0.3,0,1,0,False,0.7570141553878784,0.9999999403953552,-0.03452504121289694,0.984099527234425,0.9828185238001572,0.13858130204243935,0.17832819231967495,0.5836299657821655,0.9989956529002854,0.9987340073134969,0.03486138836070296,0.044818457882164146,0.14835500717163086
103,threshold_saturation,mlp_scm,ok,0.3,1,1,0,False,0.7391451001167297,1.0,-0.03323227633263323,0.997466748889594,0.9974905005006793,0.05854655158054811,0.07117936487747441,0.17058148980140686,0.999840275843488,0.9997887423109934,0.014691862685580759,0.017873117356550602,0.04386329650878906
103,threshold_saturation,mlp_scm,ok,0.3,2,1,0,False,0.7227621078491211,0.9999999403953552,-0.02903131208553257,0.9989194332631884,0.9986279146699091,0.030127843134550858,0.046487991642518406,0.22979944944381714,0.9999318149478966,0.9999000652671483,0.007559016050308287,0.01167776095612239,0.057448625564575195
103,threshold_saturation,mlp_scm,ok,0.3,3,1,0,False,0.7164175510406494,1.0,-0.024835475135861738,0.9946457570163877,0.994901596362921,0.08473265905610106,0.1034818114222332,0.26497411727905273,0.9996631422749103,0.999552025963808,0.021223173556805364,0.02595602947622868,0.066316619515419
103,threshold_saturation,mlp_scm,ok,0.3,4,1,0,False,0.730056643486023,1.0,-0.028519742684371584,0.9981060981617065,0.9982002807381446,0.04938202450921381,0.061545135186032975,0.17225509881973267,0.9998805252142655,0.999830707746227,0.012400107276690164,0.015457993844470079,0.04371833801269531
103,threshold_saturation,mlp_scm,ok,0.3,5,1,0,False,0.7305790185928345,1.0,-0.029922974876330707,0.9993451003074202,0.9992375506246132,0.024867701994253366,0.03619114962932091,0.15115290880203247,0.9999586534217236,0.9999406001895428,0.006249270506017979,0.009093577767268065,0.037994980812072754
103,threshold_saturation,mlp_scm,ok,0.3,6,1,0,False,0.7283124923706055,1.0,-0.028096777968851766,0.9970774963872722,0.9973634419032973,0.06038271510715276,0.076452646718832,0.24182826280593872,0.9998156660099947,0.9997497161326085,0.01517147934852403,0.019200728857063802,0.06132912635803223
103,threshold_saturation,mlp_scm,ok,0.3,7,1,0,False,0.7501936554908752,1.0,-0.03293378864055736,0.986721794947834,0.9854857373399613,0.12221724534470013,0.16296137455660734,0.6137535274028778,0.9991613527465009,0.9989313175023244,0.030730303643380807,0.04095478587807615,0.15520107746124268
103,threshold_saturation,mlp_scm,ok,0.3,8,1,0,False,0.7387945652008057,1.0,-0.0314254935327226,0.9998093049821023,0.999783221425506,0.012164032276132275,0.019529209533749925,0.10418885946273804,0.9999880292411449,0.9999784864280092,0.0030412541302808904,0.0048930071260967056,0.025665879249572754
103,threshold_saturation,mlp_scm,ok,0.3,9,1,0,False,0.7400529384613037,1.0,-0.03251667862083491,0.9938648888537631,0.9937034971568557,0.08612963668576867,0.1107710343455249,0.3739374279975891,0.9996126284567993,0.9994952636613975,0.021660382304602877,0.02783420702444589,0.09490740299224854
104,threshold_saturation,tree_scm,ok,0.0,0,0,0,False,0.7351326942443848,1.0,0.1926830973279407,1.0,1.0,0.0,0.0,0.0,1.0,1.0,0.0,0.0,0.0
104,threshold_saturation,tree_scm,ok,0.1,0,1,0,False,0.7370087504386902,1.0,0.1944926725970667,0.9997944227240082,0.9997931120806809,0.017186706372029903,0.02027694590671896,0.04206143319606781,0.9999883823815835,0.9998320153243686,0.0040737217911299695,0.004820294222447313,0.009980931878089905
104,threshold_saturation,tree_scm,ok,0.1,1,1,0,False,0.7316392660140991,1.0,0.19084780518703098,0.9995306286045164,0.9995264778985765,0.025171303482039775,0.030638908990300567,0.07360854744911194,0.9999733531728089,0.999634425738502,0.006006819939893049,0.007300250377832772,0.01761181652545929
104,threshold_saturation,tree_scm,ok,0.1,2,1,0,False,0.7374206185340881,1.0,0.19321883615016394,0.9998978187706098,0.9998987576890064,0.011701509121508025,0.014295539794398621,0.03604581952095032,0.9999941911679906,0.9999114870180958,0.002786086543409283,0.003408469496696484,0.008611470460891724
104,threshold_saturation,tree_scm,ok,0.1,3,1,0,False,0.7341570258140564,1.0,0.19348172250450896,0.9993762252639963,0.999416551927616,0.027222879900477892,0.035320665326967884,0.13618594408035278,0.9999645143555853,0.9995988640833987,0.006511726622946412,0.008424445918097453,0.032434284687042236
104,threshold_saturation,tree_scm,ok,0.1,4,1,0,False,0.739990770816803,1.0,0.1932831358067565,0.9989380205568019,0.9990652492668621,0.03705399820421462,0.04608642728770733,0.13011640310287476,0.9999395650856387,0.9992497965989555,0.00883062482814978,0.010994081545324514,0.031079113483428955
104,threshold_saturation,tree_scm,ok,0.1,5,1,0,False,0.7345952391624451,1.0,0.1921380654552216,0.9997700794911146,0.9997736548708961,0.016254735362167594,0.021443904161669296,0.08679121732711792,0.9999869177671518,0.9998340269830484,0.003889547056857623,0.005115121317884297,0.02067410945892334
104,threshold_saturation,tree_scm,ok,0.1,6,1,0,False,0.7376142740249634,1.0,0.19221120876108996,0.9997225331852571,0.9997500402331734,0.018366580212159533,0.023557029066620733,0.08359706401824951,0.9999842093788319,0.9998101441241685,0.004392454946469115,0.005619719094089665,0.019916385412216187
104,threshold_saturation,tree_scm,ok,0.1,7,1,0,False,0.7334141731262207,1.0,0.19153290889735358,0.9999459625890891,0.9999373480080107,0.006852098716422006,0.010395903818614566,0.05196410417556763,0.9999969555296767,0.9999636336814246,0.0016419223055663679,0.002467577877618337,0.012325942516326904
104,threshold_saturation,tree_scm,ok,0.1,8,1,0,False,0.7307757139205933,1.0,0.19109303981732842,0.9990217054702472,0.9990749611079321,0.03606210799682685,0.04423334792676358,0.10454295575618744,0.99994435418203,0.9992893927472999,0.00858622386614627,0.010549485244784114,0.024988293647766113
104,threshold_saturation,tree_scm,ok,0.1,9,1,0,False,0.7326794862747192,1.0,0.19233906309816462,0.9998840654453315,0.9998793898862742,0.012449617138940994,0.015227248651427253,0.03836798667907715,0.9999934029799835,0.9999060108361348,0.002964961074908956,0.0036323601173428853,0.0091627836227417
104,threshold_saturation,tree_scm,ok,0.2,0,1,0,False,0.7258259654045105,1.0,0.18772657029158518,0.9930981951267578,0.9936031936199127,0.09619584600966391,0.11748876341610237,0.28206226602196693,0.9996072945591857,0.9950951067520205,0.02290316176424767,0.02802518321761367,0.06748546659946442
104,threshold_saturation,tree_scm,ok,0.2,1,1,0,False,0.7322298884391785,1.0,0.19258629297672003,0.9998414034231728,0.9998383073456834,0.014014871848189614,0.017809917416874106,0.06601792573928833,0.999990972140987,0.9998742042772332,0.0033452643758167255,0.004249202064939427,0.01574501395225525
104,threshold_saturation,tree_scm,ok,0.2,2,1,0,False,0.7480289936065674,1.0,0.1917104321875431,0.9962166183787948,0.9967420042064398,0.06892602710865958,0.0869871439222571,0.2819433808326721,0.9997846130350833,0.997577996477362,0.016466095592861052,0.020755094230341047,0.0672188550233841
104,threshold_saturation,tree_scm,ok,0.2,3,1,0,False,0.7568222284317017,1.0,0.1928185082115376,0.9946137922960212,0.9956287103926756,0.08342386563984405,0.10379024459289213,0.28782087564468384,0.9996934072440917,0.9965270054001858,0.019901142157053187,0.024762583076160107,0.06867702305316925
104,threshold_saturation,tree_scm,ok,0.2,4,1,0,False,0.725101888179779,1.0,0.19093760190668993,0.9945487648408171,0.9954253093484012,0.0852843693506884,0.1044148943887907,0.30087631940841675,0.999689650848231,0.9964547197982976,0.020321385211914844,0.02491381781282287,0.07192689180374146
104,threshold_saturation,tree_scm,ok,0.2,5,1,0,False,0.7298598885536194,1.0,0.1933884233397808,0.9970820435484858,0.997602505185609,0.060459927692534166,0.07639314502625087,0.2656788229942322,0.9998339374673162,0.9982685765503182,0.014439336641331124,0.018224298749293568,0.06333151459693909
104,threshold_saturation,tree_scm,ok,0.2,6,1,0,False,0.7389823198318481,1.0,0.19375175321849883,0.9998237456802589,0.9998282490522852,0.015450087189719852,0.0187752131809841,0.050597041845321655,0.9999899972114555,0.9998507349259708,0.003681289184996217,0.004472759471399411,0.012093722820281982
104,threshold_saturation,tree_scm,ok,0.2,7,1,0,False,0.7372828722000122,1.0,0.190824057597965,0.9983453386813825,0.9984449096094699,0.04362192183782554,0.057526710992373345,0.2294917106628418,0.9999058564338923,0.9989316751305343,0.010448895461564689,0.013721775760234664,0.054654672741889954
104,threshold_saturation,tree_scm,ok,0.2,8,1,0,False,0.7368360757827759,1.0,0.19406168267573118,0.9998455888188392,0.9998230857950072,0.011871213248582535,0.01757334200838766,0.08509016036987305,0.999991259419877,0.9999052620520705,0.002859406093548955,0.004181047807881538,0.020205199718475342
104,threshold_saturation,tree_scm,ok,0.2,9,1,0,False,0.7198065519332886,1.0,0.19008105280556167,0.9958788711135543,0.9965316657427936,0.07477211759999136,0.09078688133630046,0.24047476053237915,0.9997654410707295,0.9972963977898575,0.017805758018269557,0.02165912865392917,0.05746759474277496
104,threshold_saturation,tree_scm,ok,0.3,0,1,0,False,0.720140278339386,1.0,0.18571934296709047,0.9952038077997037,0.9956117677562405,0.08028923047243097,0.09794071817531635,0.2629351196810603,0.9997277501731621,0.9964309039947069,0.01914773933303593,0.02333451639652688,0.06299173831939697
104,threshold_saturation,tree_scm,ok,0.3,1,1,0,False,0.7369574308395386,1.0,0.1914468964924531,0.9972550743367727,0.9973707621057148,0.05720782864509033,0.07409352913976061,0.2746700048446655,0.9998437435917986,0.9981711787425791,0.013675553220238612,0.0176780319818859,0.06546974182128906
104,threshold_saturation,tree_scm,ok,0.3,2,1,0,False,0.7246735692024231,1.0,0.1884793227498391,0.9962256752617616,0.9965021278878478,0.07134412439063453,0.08688296247580105,0.22014401108026505,0.999785384365852,0.9972529347864958,0.01698473740819395,0.02071789704660734,0.05267009139060974
104,threshold_saturation,tree_scm,ok,0.3,3,1,0,False,0.7680782079696655,1.0,0.19526564556159165,0.9916199030381445,0.9933235730634432,0.10524694182419125,0.12946116581252182,0.34182292222976685,0.999523409418932,0.9945210799477862,0.025067545416632697,0.030873631996765714,0.08156781457364559
104,threshold_saturation,tree_scm,ok,0.3,4,1,0,False,0.7251405119895935,1.0,0.1934745616853195,0.9930658448529956,0.9949150856519561,0.09362022800928571,0.11776378774928681,0.39446908235549927,0.9996053673533234,0.9960433355983118,0.022355058523423565,0.02809386589551721,0.09404692053794861
104,threshold_saturation,tree_scm,ok,0.3,5,1,0,False,0.7279118299484253,1.0,0.1897420398464794,0.9993590451747778,0.999366562209427,0.029227388564208923,0.03580376524548545,0.09772641956806183,0.999963702288462,0.9995125639260423,0.006995111672168264,0.00852029475866723,0.02339978516101837
104,threshold_saturation,tree_scm,ok,0.3,6,1,0,False,0.7289733290672302,1.0,0.18922636459868553,0.9984594757477958,0.9985408322008438,0.0455037156942808,0.05550719199364449,0.1351066380739212,0.9999125329577363,0.9988500688434304,0.010859015041766895,0.013226265146708683,0.03233969211578369
104,threshold_saturation,tree_scm,ok,0.3,7,1,0,False,0.7341779470443726,1.0,0.19406556312548714,0.9920296779223647,0.9940242226056791,0.09914632663171119,0.12625626456268352,0.46914201974868774,0.9995464857784035,0.9953391656533865,0.02368088404951152,0.030116912905048317,0.11180657148361206
104,threshold_saturation,tree_scm,ok,0.3,8,1,0,False,0.7335682511329651,1.0,0.1892550568974855,0.9981175749979233,0.9982102160968457,0.050676664247816916,0.061358374231688786,0.1349829901009798,0.9998930516949898,0.9986039647557399,0.012064773000943774,0.014625204652393985,0.0321340411901474
104,threshold_saturation,tree_scm,ok,0.3,9,1,0,False,0.7335221767425537,1.0,0.19126186766977105,0.9999366892305758,0.9999201371504184,0.009706613398577701,0.011252623481089047,0.03271728754043579,0.9999964443389434,0.999951485498176,0.0022999497403048963,0.0026667062136031556,0.007715493440628052
105,threshold_saturation,tree_scm,ok,0.0,0,0,0,False,0.733961284160614,1.0,0.012608259978281414,1.0,1.0,0.0,0.0,0.0,1.0,1.0,0.0,0.0,0.0
105,threshold_saturation,tree_scm,ok,0.1,0,1,0,False,0.7421903610229492,1.0,0.01400545003502144,0.9987064040896798,0.9987775708997925,0.04103346396664165,0.05086444676200028,0.14547914266586304,0.9999200795512464,0.9997633060045775,0.01018684953297111,0.012642820234946344,0.03663170337677002
105,threshold_saturation,tree_scm,ok,0.1,1,1,0,False,0.7417250275611877,1.0,0.014017890337086903,0.9988913112919341,0.9989741770080823,0.039196704783989844,0.04708903804642642,0.11997422575950623,0.9999315126398992,0.9997958166440168,0.009747973765996676,0.011703620295626802,0.03036642074584961
105,threshold_saturation,tree_scm,ok,0.1,2,1,0,False,0.7404084801673889,1.0,0.013507449808494307,0.9994883567618862,0.999490849188184,0.02645364977479403,0.031988849892769636,0.08913111686706543,0.9999683871115393,0.9998990594378084,0.006577479421622456,0.007951464040715561,0.022505879402160645
105,threshold_saturation,tree_scm,ok,0.1,3,1,0,False,0.7422744631767273,1.0,0.013846258402894409,0.999067112070416,0.9991069576568199,0.035793063124515356,0.04319462746446019,0.11702555418014526,0.9999423660543018,0.9998270644088405,0.008900396782763664,0.01073628865504047,0.029568910598754883
105,threshold_saturation,tree_scm,ok,0.1,4,1,0,False,0.7255347371101379,1.0,0.011235030546926187,0.9986203824124714,0.9987613882233031,0.04267011719151981,0.05252842417940363,0.14122211933135986,0.99991470268255,0.999755259369859,0.010593938812689885,0.013061188153230624,0.03565859794616699
105,threshold_saturation,tree_scm,ok,0.1,5,1,0,False,0.7345943450927734,1.0,0.01293150030120956,0.9995326769461413,0.999471425506044,0.02074566729174876,0.030571982593857887,0.148393452167511,0.9999711032735805,0.9999110288069522,0.005152373998679849,0.0076022005532157605,0.03700852394104004
105,threshold_saturation,tree_scm,ok,0.1,6,1,0,False,0.734203577041626,1.0,0.012147684925264596,0.9998135043258989,0.9997991470567197,0.013863849511494664,0.01931298400851714,0.0916973352432251,0.9999884708734864,0.9999602920928401,0.0034409127280667917,0.004801901097246026,0.02295994758605957
105,threshold_saturation,tree_scm,ok,0.1,7,1,0,False,0.7341243624687195,1.0,0.0132533102484141,0.9997987245337447,0.9997621995923037,0.015736439967668048,0.020063672496180147,0.07656329870223999,0.9999875658649243,0.9999564252378228,0.0039075060308562115,0.004986809739280021,0.01925218105316162
105,threshold_saturation,tree_scm,ok,0.1,8,1,0,False,0.7278438806533813,0.9999999403953552,0.01206159600945727,0.9994602087059248,0.9995383690365497,0.02477659646325492,0.03285700301716276,0.1152811050415039,0.9999666204195995,0.9999030380516415,0.006152007734385734,0.008170627923002273,0.028854727745056152
105,threshold_saturation,tree_scm,ok,0.1,9,1,0,False,0.7315119504928589,1.0,0.012730604166666225,0.9999255596158804,0.9998898728631714,0.008009370029753882,0.012201670738552235,0.06725895404815674,0.9999953967392647,0.9999799504684928,0.0019898531409410225,0.003034225096435658,0.016766786575317383
105,threshold_saturation,tree_scm,ok,0.2,0,1,0,False,0.7366310358047485,1.0,0.013246568439242499,0.9997277091123601,0.9997015704348758,0.018496789668631664,0.02333627595138922,0.07968783378601074,0.9999831742488431,0.9999438076675486,0.004589811436602531,0.005800991560682745,0.020026803016662598
105,threshold_saturation,tree_scm,ok,0.2,1,1,0,False,0.7505868673324585,1.0,0.014816299978888864,0.9969019697861435,0.9973165590801801,0.06556957091106597,0.07871505954071109,0.210770845413208,0.9998086415761295,0.9994720401795292,0.016306181328928915,0.019563150643338433,0.05323469638824463
105,threshold_saturation,tree_scm,ok,0.2,2,1,0,False,0.7395997047424316,1.0,0.01274515273101999,0.9997369695908954,0.9997082424361632,0.018509605953568098,0.022936016405605907,0.09716665744781494,0.9999837337496281,0.9999463557685428,0.004603752873521216,0.005703726930319335,0.02411782741546631
105,threshold_saturation,tree_scm,ok,0.2,3,1,0,False,0.7348583340644836,1.0,0.013411948373689052,0.9990393428849114,0.998979664365925,0.030069600967408405,0.043832799717980486,0.21424216032028198,0.9999406174184773,0.9998267626600384,0.007458725419041912,0.010897943424502468,0.05353677272796631
105,threshold_saturation,tree_scm,ok,0.2,4,1,0,False,0.7373023629188538,1.0,0.012405891694355594,0.99945650547594,0.999527718421429,0.022348705540821356,0.032969517074152965,0.16563785076141357,0.9999663866985765,0.9999004564230025,0.00555298712723129,0.008199183163173038,0.04126143455505371
105,threshold_saturation,tree_scm,ok,0.2,5,1,0,False,0.726415753364563,1.0,0.009739672520826238,0.9954127264872229,0.9957278628138188,0.07789698374199361,0.09578385607814428,0.26997315883636475,0.9997163382678859,0.9992164254166368,0.019342772986433943,0.023818553277568554,0.06814134120941162
105,threshold_saturation,tree_scm,ok,0.2,6,1,0,False,0.7349287867546082,1.0,0.012399138608672762,0.999649256032752,0.999668948036621,0.01802161618286391,0.0264856178745192,0.12976109981536865,0.9999783081255529,0.9999344087511621,0.004477269439377096,0.006586634124895379,0.03234124183654785
105,threshold_saturation,tree_scm,ok,0.2,7,1,0,False,0.7336013317108154,1.0,0.012780177538641807,0.9999395494200919,0.9999248869000785,0.009072996910674647,0.010995506396365592,0.03363877534866333,0.9999962623948326,0.9999854266504542,0.0022571757527245495,0.002734083104765732,0.008325517177581787
105,threshold_saturation,tree_scm,ok,0.2,8,1,0,False,0.739393413066864,1.0,0.014964155072205608,0.9974099316013141,0.9976530872255203,0.05866105886633477,0.07197316710003046,0.2032044529914856,0.9998400653932191,0.9995400565946642,0.014579904490830131,0.017884888329457803,0.05128967761993408
105,threshold_saturation,tree_scm,ok,0.2,9,1,0,False,0.7415906190872192,0.9999999403953552,0.013076751888792364,0.9997075381097186,0.9997059178528,0.019496109899023395,0.024185197795881713,0.0800226628780365,0.9999819207858389,0.9999413377977254,0.004840281164860016,0.006013187858980246,0.020078301429748535
105,threshold_saturation,tree_scm,ok,0.3,0,1,0,False,0.7304750084877014,1.0,0.013858198548377366,0.9994427270095219,0.9994800979901294,0.029052299304510143,0.03338481688778366,0.06687211990356445,0.9999655903406077,0.9998861959981402,0.007220329901059586,0.008295741017476726,0.016571074724197388
105,threshold_saturation,tree_scm,ok,0.3,1,1,0,False,0.7424167394638062,1.0,0.014041293531743894,0.9987259378577809,0.9987992521100064,0.041120155089288346,0.0504789498599765,0.12750238180160522,0.9999212908133612,0.999769676257063,0.010213420253052163,0.012546648055666881,0.03224682807922363
105,threshold_saturation,tree_scm,ok,0.3,2,1,0,False,0.7486304044723511,0.9999999403953552,0.016279332337703352,0.9931979118869906,0.99393488260854,0.09586669116517044,0.11663694467772519,0.2948138117790222,0.9995800772938432,0.9988590207245547,0.023833632098700264,0.028980086449842752,0.07447278499603271
105,threshold_saturation,tree_scm,ok,0.3,3,1,0,False,0.7399781346321106,1.0,0.014573165183933152,0.9977460278732176,0.9978762584042629,0.05300053062785537,0.06714122601741242,0.23888355493545532,0.9998607781029495,0.9996021944961018,0.013154745210584906,0.01668663534070626,0.060033321380615234
105,threshold_saturation,tree_scm,ok,0.3,4,1,0,False,0.7195136547088623,1.0,0.008978495312580364,0.9927089057434688,0.9925713356519561,0.09934301460458528,0.12075673520347764,0.32376401126384735,0.9995490631806531,0.998770775963808,0.024718131908429086,0.030031211210057383,0.08198022842407227
105,threshold_saturation,tree_scm,ok,0.3,5,1,0,False,0.7370568513870239,1.0,0.014482415976935722,0.9984457456400019,0.9985632957227665,0.04562028665827711,0.055754002172675184,0.1533401608467102,0.9999040202089702,0.9997126569093768,0.011343014051050204,0.013854948073866084,0.03874027729034424
105,threshold_saturation,tree_scm,ok,0.3,6,1,0,False,0.7191757559776306,0.9999999403953552,0.012569138078587127,0.9991423251332764,0.9994125286102566,0.03085748035357483,0.04141678071373259,0.1557912826538086,0.9999469559771368,0.999864224215006,0.007672936538668296,0.010299905110998576,0.03874552249908447
105,threshold_saturation,tree_scm,ok,0.3,7,1,0,False,0.7419610619544983,1.0,0.014816385966593496,0.9973089017728011,0.9975251680852585,0.05887498322408646,0.0733634566705526,0.22969120740890503,0.9998337952931172,0.9995329599098776,0.014616300549306516,0.018232098931569476,0.057825684547424316
105,threshold_saturation,tree_scm,ok,0.3,8,1,0,False,0.7228518128395081,1.0,0.012191320414744567,0.9995710602458248,0.9995149332129316,0.02386455420889888,0.029289580276902445,0.10651400685310364,0.9999734742308135,0.9999195224769328,0.0059346128493587,0.007283648815685903,0.02665126323699951
105,threshold_saturation,tree_scm,ok,0.3,9,1,0,False,0.7326368689537048,1.0,0.009453567520291167,0.9958524573064531,0.9958404262928259,0.07519979174344371,0.09107735901011292,0.19605094194412231,0.999743584648727,0.9992812902331735,0.018710468453555507,0.022645766074517924,0.04911309480667114
106,threshold_saturation,tree_scm,ok,0.0,0,0,0,False,0.7134720683097839,1.0,0.0335805362600906,1.0,1.0,0.0,0.0,0.0,1.0,1.0,0.0,0.0,0.0
106,threshold_saturation,tree_scm,ok,0.1,0,1,0,False,0.7193098664283752,1.0,0.03406495385250065,0.999780652908788,0.9997674857842787,0.017093136979326573,0.020945027313314764,0.06760147213935852,0.9999865777339829,0.9998222476038909,0.004226102251674746,0.005181170819294518,0.01673382893204689
106,threshold_saturation,tree_scm,ok,0.1,1,1,0,False,0.708949625492096,1.0,0.03307718150032325,0.9996866174642419,0.9997294319075887,0.018469297457151868,0.025035276728129285,0.087649405002594,0.9999808166887324,0.9998283272834559,0.004558753206064026,0.006194079635065851,0.021729975938796997
106,threshold_saturation,tree_scm,ok,0.1,2,1,0,False,0.7221463322639465,1.0,0.03449678790832454,0.9992531018458729,0.9993097328517272,0.031303030983167446,0.03864966188734649,0.10732096433639526,0.9999543016940579,0.9994835736892925,0.007727626534602905,0.00956015744711337,0.026565585285425186
106,threshold_saturation,tree_scm,ok,0.1,3,1,0,False,0.7249599695205688,1.0,0.03486071710635202,0.9984692034942911,0.9986404204813675,0.044747040321453824,0.055331663139881145,0.1466652750968933,0.9999063453358401,0.9989510876367927,0.011046518014325102,0.013686099767431912,0.03630197048187256
106,threshold_saturation,tree_scm,ok,0.1,4,1,0,False,0.7063322067260742,1.0,0.03219522391360034,0.9983738038845276,0.9984376788141047,0.046703401699687674,0.057029749791307094,0.14362545311450958,0.9999004507315835,0.9987625058114582,0.011536886530862489,0.014110228010525527,0.03557430952787399
106,threshold_saturation,tree_scm,ok,0.1,5,1,0,False,0.7109682559967041,1.0,0.032870945118613576,0.999534465676964,0.9995474326764895,0.024527279640778943,0.030513417631275776,0.09693044424057007,0.9999715051161008,0.9996594038337744,0.006055885045697096,0.007549156765244943,0.024043947458267212
106,threshold_saturation,tree_scm,ok,0.1,6,1,0,False,0.7141395211219788,1.0,0.03338857034218743,0.9999125171917345,0.999902278091696,0.008971919918735693,0.01322745710305251,0.062325239181518555,0.999994644290365,0.999943952954009,0.002216337009116387,0.003272830452888819,0.01543763279914856
106,threshold_saturation,tree_scm,ok,0.1,7,1,0,False,0.7163143754005432,1.0,0.03337179786343171,0.999849907455776,0.9998420065624776,0.0113599148372856,0.017325850276595205,0.08883732557296753,0.9999908107238878,0.9999082571883269,0.0028075289237960988,0.004287021324275132,0.021999627351760864
106,threshold_saturation,tree_scm,ok,0.1,8,1,0,False,0.7137024402618408,1.0,0.03316678749110251,0.9997958660432342,0.9997886193762963,0.015185068450136896,0.020205640827175807,0.08548492193222046,0.9999875046333782,0.9998574516307845,0.0037489550276461614,0.00499907317913409,0.0211869478225708
106,threshold_saturation,tree_scm,ok,0.1,9,1,0,False,0.7213314771652222,1.0,0.03467673863473573,0.9988314130243481,0.9989699078213288,0.03870592451085031,0.048344326095134865,0.1461387276649475,0.9999285009379035,0.9991993933731492,0.009554428241692392,0.011958182192945307,0.03623676300048828
106,threshold_saturation,tree_scm,ok,0.2,0,1,0,False,0.7083972692489624,1.0,0.032590054133812406,0.9990699696918715,0.9991441174629854,0.03321672643153306,0.043128419780225594,0.15498512983322144,0.9999430693099428,0.9994305217795579,0.008197478759097265,0.010670584604564787,0.03843602538108826
106,threshold_saturation,tree_scm,ok,0.2,1,1,0,False,0.7364367246627808,0.9999999403953552,0.03521660633144887,0.997481809736877,0.9976744890386953,0.05789934428247534,0.07096746258002504,0.23527872562408447,0.9998459487405873,0.9982385693083469,0.014310481529758334,0.017552848922447458,0.058223296888172626
106,threshold_saturation,tree_scm,ok,0.2,2,1,0,False,0.715390682220459,1.0,0.033818006511066465,0.9996938757287083,0.9996992011479865,0.017726605075722546,0.02474365623797856,0.09145420789718628,0.9999812589180005,0.9998224375938772,0.004385152093057343,0.0061222677768232045,0.02264702320098877
106,threshold_saturation,tree_scm,ok,0.2,3,1,0,False,0.7034381031990051,1.0,0.030976751988655127,0.9944280159079008,0.99447427535584,0.08664774840356415,0.10556499621101159,0.2609869986772537,0.9996588122845981,0.9956939551891851,0.021410141985153786,0.026122316399272306,0.06466355174779892
106,threshold_saturation,tree_scm,ok,0.2,4,1,0,False,0.7257562875747681,1.0,0.03485709179512514,0.9984903221885825,0.9986286075745655,0.04472845446343854,0.05494866429381002,0.1529378890991211,0.9999076376668675,0.9989311275123381,0.011046506116819899,0.013591345284681795,0.037853602319955826
106,threshold_saturation,tree_scm,ok,0.2,5,1,0,False,0.7036547064781189,1.0,0.03261820319470675,0.999071393653016,0.9992187164723552,0.032613215428909825,0.04309539023193132,0.13426858186721802,0.9999431553302199,0.9995174254345182,0.008050424685984936,0.010662520113837516,0.03330621123313904
106,threshold_saturation,tree_scm,ok,0.2,6,1,0,False,0.7073760628700256,1.0,0.032587190523935695,0.9991771993140767,0.9992234326943709,0.03310763355193558,0.04056601329153058,0.10470876097679138,0.9999496365409385,0.9993924343752234,0.008175234598695624,0.01003628013317395,0.02598133683204651
106,threshold_saturation,tree_scm,ok,0.2,7,1,0,False,0.7210752367973328,1.0,0.034347773599769336,0.9993253387787231,0.9994089635040412,0.027260151453901926,0.03673312406735847,0.1277957558631897,0.999958715216793,0.9996159631821758,0.006727494380385224,0.009086779835686698,0.03167605400085449
106,threshold_saturation,tree_scm,ok,0.2,8,1,0,False,0.7119436860084534,1.0,0.032472116391094166,0.9982394631190206,0.9984994590873326,0.04236637922016939,0.05933863556819419,0.25433284044265747,0.9998922099988969,0.9990920155031828,0.010451701268870295,0.01468264296722488,0.06303584575653076
106,threshold_saturation,tree_scm,ok,0.2,9,1,0,False,0.7329068779945374,0.9999999403953552,0.035211170302344566,0.9976188275824405,0.9979387874615547,0.055925185875963734,0.06900974364715312,0.20802009105682373,0.9998543342631966,0.9984243683391745,0.013808633243115764,0.01706843461330177,0.05148088186979294
106,threshold_saturation,tree_scm,ok,0.3,0,1,0,False,0.7204086780548096,1.0,0.03458703486482106,0.9984261993560072,0.9986925224411702,0.03991316747436002,0.05610348762836271,0.22722196578979492,0.999903689105283,0.9991281359523637,0.009847326293140668,0.013878825162550627,0.056289464235305786
106,threshold_saturation,tree_scm,ok,0.3,1,1,0,False,0.7156939506530762,1.0,0.03422062800472222,0.9993791326194796,0.9993819737500893,0.029475681233634532,0.03523825777927831,0.07648470997810364,0.9999620021430509,0.9995031091302482,0.007287845648392022,0.008717551946856777,0.01890968531370163
106,threshold_saturation,tree_scm,ok,0.3,2,1,0,False,0.7287925481796265,0.9999999403953552,0.03587667951472643,0.9939059741345899,0.9945003598633859,0.08846159961035482,0.11039951173817449,0.31420737504959106,0.9996272199728409,0.9958099831914742,0.021841946809388446,0.027304944919475705,0.07788433134555817
106,threshold_saturation,tree_scm,ok,0.3,3,1,0,False,0.7055492997169495,1.0,0.03234811710737789,0.998346943557395,0.9985973598097418,0.04294211364432954,0.057498807675046885,0.2101650834083557,0.9998987978854716,0.9991422622666474,0.01059616467507496,0.01422688379749031,0.052115023136138916
106,threshold_saturation,tree_scm,ok,0.3,4,1,0,False,0.7178747653961182,1.0,0.03487420315722196,0.9980882901305586,0.9982660508010871,0.04898640314399927,0.061833806941750946,0.20262032747268677,0.9998830307938531,0.9986600900329017,0.012095094917270899,0.01529504506854052,0.050222158432006836
106,threshold_saturation,tree_scm,ok,0.3,5,1,0,False,0.7162998914718628,1.0,0.033879993431685816,0.999783103835089,0.9997835902295973,0.014598617286395665,0.02082768219154304,0.07744580507278442,0.9999867231058545,0.9998787975645517,0.003609121510820046,0.005153036838442959,0.019185423851013184
106,threshold_saturation,tree_scm,ok,0.3,6,1,0,False,0.7465965151786804,1.0,0.03599689480899658,0.9940217295472104,0.9945405371575707,0.08941173925836665,0.10934596746992364,0.3393966555595398,0.9996343301549198,0.9958902483727915,0.02209774346599147,0.02704329263863183,0.08397425804287195
106,threshold_saturation,tree_scm,ok,0.3,7,1,0,False,0.7040882706642151,1.0,0.03290748886903335,0.9991521624219404,0.9993067488913525,0.02971550566633141,0.0411785758108417,0.13494253158569336,0.9999480920600093,0.9996145997246261,0.00734572012032686,0.010189007702768935,0.03347647190093994
106,threshold_saturation,tree_scm,ok,0.3,8,1,0,False,0.7092931866645813,1.0,0.032705527518965376,0.9978916843715415,0.9978503638867032,0.05628258337424086,0.06493559221850109,0.13429376482963562,0.9998709043011282,0.9984066210392676,0.013927397535297814,0.016068335127047553,0.033186689019203186
106,threshold_saturation,tree_scm,ok,0.3,9,1,0,False,0.7182007431983948,1.0,0.03496633142020942,0.9977826785551885,0.9979911799942779,0.05267460838081206,0.06659311467862478,0.22019320726394653,0.9998643341119674,0.9984455466347184,0.013005715790512795,0.016472151379990658,0.054575055837631226
107,threshold_saturation,tree_scm,ok,0.0,0,0,0,False,0.7316972017288208,1.0,0.23244482113931098,1.0,1.0,0.0,0.0,0.0,1.0,1.0,0.0,0.0,0.0
107,threshold_saturation,tree_scm,ok,0.1,0,1,0,False,0.725944995880127,1.0,0.2295746790950879,0.9998098065126203,0.9998326188210374,0.01554448644230888,0.019503511307985576,0.05204865708947182,0.9999895483380686,0.9999554976396539,0.003628110383431249,0.004572015295810921,0.012931346893310547
107,threshold_saturation,tree_scm,ok,0.1,1,1,0,False,0.7317491173744202,1.0,0.23668283041752727,0.9995595552058045,0.9994432622814179,0.021593721493047724,0.029679783877931635,0.13184493780136108,0.999975806727665,0.999903350976325,0.00500296351316365,0.0069560438444632965,0.0324326753616333
107,threshold_saturation,tree_scm,ok,0.1,2,1,0,False,0.743354082107544,1.0,0.23942863933542538,0.9987944695453713,0.9988855522611354,0.03991476537521521,0.04910255496291298,0.12814058363437653,0.9999338107680452,0.9997877141298904,0.009368056421806159,0.011505583932643596,0.02979370951652527
107,threshold_saturation,tree_scm,ok,0.1,3,1,0,False,0.7293972373008728,1.0,0.2279314398473408,0.9995447964138601,0.9996019150968385,0.022511100345354862,0.0301729536859914,0.11967027187347412,0.9999749919809513,0.9999163261748086,0.005227048493395614,0.007072201785465027,0.029852747917175293
107,threshold_saturation,tree_scm,ok,0.1,4,1,0,False,0.7276123762130737,1.0,0.22378389975893395,0.9985173306613815,0.9986074739747662,0.04298884933837144,0.05445492183130346,0.18455958366394043,0.9999186778251385,0.9997433011765967,0.009995235436178973,0.012753209489833252,0.046712636947631836
107,threshold_saturation,tree_scm,ok,0.1,5,1,0,False,0.7317529916763306,1.0,0.22900390352523103,0.9997477509748957,0.9997673404965183,0.017072620296858076,0.022461033722036942,0.09091532230377197,0.9999861581312584,0.9999500773371002,0.003960286320932482,0.005261533718191676,0.022596001625061035
107,threshold_saturation,tree_scm,ok,0.1,6,1,0,False,0.7319363355636597,1.0,0.2335883448566801,0.9998933729285564,0.9998733772612909,0.010242300599429655,0.014603223673827163,0.061614394187927246,0.9999940675285947,0.9999709762356054,0.002391642804525418,0.0034445526238614235,0.014898538589477539
107,threshold_saturation,tree_scm,ok,0.1,7,1,0,False,0.7286896109580994,1.0,0.2320573257717442,0.9999834030547293,0.9999744295828624,0.004603026100767238,0.005761413818382915,0.017439544200897217,0.9999990750174081,0.9999930597775551,0.0010903152561638763,0.001360134273840897,0.004091411828994751
107,threshold_saturation,tree_scm,ok,0.1,8,1,0,False,0.735373318195343,1.0,0.2376282633822058,0.9993666725168716,0.999264973441998,0.026983099381652664,0.03559009557817004,0.13621944189071655,0.9999652433291447,0.9998689851405478,0.0062733284959364255,0.008337466273293967,0.033921122550964355
107,threshold_saturation,tree_scm,ok,0.1,9,1,0,False,0.7413439750671387,1.0,0.23935386948296328,0.9988764170455673,0.9989075687479189,0.038167507378148,0.047404280452357395,0.12188738584518433,0.9999383626098834,0.9997955707746224,0.008922031147733378,0.011102917690164513,0.031351447105407715
107,threshold_saturation,tree_scm,ok,0.2,0,1,0,False,0.732464611530304,1.0,0.23137819440877103,0.9999706933051425,0.9999660700234139,0.005248656099809068,0.007655938054047683,0.0378764271736145,0.9999983870264295,0.999991159877691,0.0012166141883938053,0.0017960921983864156,0.00924992561340332
107,threshold_saturation,tree_scm,ok,0.2,1,1,0,False,0.7359880208969116,1.0,0.2350506009944957,0.9997426633863641,0.9997365732944294,0.016376657196587985,0.022686410717336312,0.08098143339157104,0.9999857725568998,0.9999416842500536,0.003778653212190619,0.005334312156748129,0.02011275291442871
107,threshold_saturation,tree_scm,ok,0.2,2,1,0,False,0.7296865582466125,1.0,0.22358300948003734,0.9984144349671438,0.9985365965335579,0.04324537095214964,0.05631278571071908,0.2179276943206787,0.9999129905205016,0.9997242351226664,0.010043409178194906,0.013191624675266874,0.05456984043121338
107,threshold_saturation,tree_scm,ok,0.2,3,1,0,False,0.7238385081291199,1.0,0.2331258254265914,0.9997172677467878,0.9995696167989683,0.01697343937439655,0.0237794976719396,0.11946243047714233,0.9999841970876419,0.9999128951791716,0.0040082855408059,0.005621905751129685,0.028223499655723572
107,threshold_saturation,tree_scm,ok,0.2,4,1,0,False,0.7261874675750732,1.0,0.22327395088564975,0.9983185246513651,0.998467004318735,0.045300893217927296,0.05799095248658822,0.20247304439544678,0.9999077407345075,0.999707974215006,0.010531794686301055,0.01358375989252231,0.05118834972381592
107,threshold_saturation,tree_scm,ok,0.2,5,1,0,False,0.7355713844299316,1.0,0.23593670070505685,0.9996739065089848,0.9996412430242451,0.01869547102728575,0.025537951046045466,0.0966334342956543,0.9999820591011574,0.9999308995243544,0.004332239151892736,0.005990141722556778,0.024069666862487793
107,threshold_saturation,tree_scm,ok,0.2,6,1,0,False,0.7206410765647888,1.0,0.2243128189782266,0.9982820202790067,0.9983014559843574,0.04764062947515413,0.0586170577436441,0.15064272284507751,0.9999052901052052,0.9996895340104427,0.011295725230752396,0.013762986371766655,0.03511115908622742
107,threshold_saturation,tree_scm,ok,0.2,7,1,0,False,0.7242146730422974,1.0,0.22841227383679605,0.999530008995828,0.9995212922868608,0.024814008894054496,0.03065912493945813,0.08239823579788208,0.9999740695443446,0.9998969136685503,0.00588364435202493,0.007201452149343128,0.01915493607521057
107,threshold_saturation,tree_scm,ok,0.2,8,1,0,False,0.7332805395126343,1.0,0.23486411932032944,0.9998084845034385,0.9998067243033331,0.016231611057264672,0.019571177150445616,0.04405033588409424,0.9999894300293619,0.9999610520527858,0.0038392512015263947,0.004597819151218198,0.01016208529472351
107,threshold_saturation,tree_scm,ok,0.2,9,1,0,False,0.7471529841423035,1.0,0.2417155042933892,0.9977650932931282,0.9980082902578067,0.054409612389690665,0.06685666270058761,0.17265236377716064,0.9998772477444889,0.9996014680638008,0.012798815588723755,0.0156685834813273,0.04013264179229736
107,threshold_saturation,tree_scm,ok,0.3,0,1,0,False,0.7361153960227966,1.0,0.2364226062979765,0.9994919808793288,0.9994122045064071,0.022819199389687128,0.03187535457758192,0.12613362073898315,0.9999719781575261,0.9998841172841714,0.005253900937304934,0.007486233007129098,0.031188249588012695
107,threshold_saturation,tree_scm,ok,0.3,1,1,0,False,0.7591296434402466,1.0,0.24642005680066884,0.9925002655362707,0.9934048440372473,0.10107939410249855,0.12247231800449054,0.2967645227909088,0.9995863064592523,0.9985850104606252,0.0239692101208675,0.028764336950479773,0.06904369592666626
107,threshold_saturation,tree_scm,ok,0.3,2,1,0,False,0.7313936948776245,1.0,0.23353936188584112,0.9999724605362427,0.9999650530181867,0.005670807365049768,0.0074215176294115575,0.028014063835144043,0.9999984880292231,0.9999918863099919,0.001324854540484921,0.0017389484224829505,0.00695037841796875
107,threshold_saturation,tree_scm,ok,0.3,3,1,0,False,0.737777054309845,1.0,0.2333662047936988,0.9998942913069712,0.9998737013618577,0.011923199693171682,0.014540198660405958,0.04089421033859253,0.9999941077975047,0.9999705068485802,0.0028317124674686056,0.0034328421304486243,0.0095902681350708
107,threshold_saturation,tree_scm,ok,0.3,4,1,0,False,0.7423126101493835,1.0,0.23737381431576246,0.998151007933415,0.9983349724533237,0.051378104513418066,0.06081105109183682,0.1374121904373169,0.9998972486906336,0.9996211934947427,0.012140731446180553,0.014335362728419582,0.03203818202018738
107,threshold_saturation,tree_scm,ok,0.3,5,1,0,False,0.7435344457626343,1.0,0.24131552652691832,0.9981228275787417,0.998161947454145,0.049056994292868694,0.06127270839092411,0.1690111756324768,0.9998970402804992,0.9996580962556327,0.01145840260011255,0.014349893479187185,0.04313492774963379
107,threshold_saturation,tree_scm,ok,0.3,6,1,0,False,0.72477787733078,0.9999999403953552,0.2284040481313799,0.9996244583240833,0.9996874776464904,0.02142779742393941,0.02740589979121932,0.07300567626953125,0.9999793592381154,0.9999242722265933,0.004993979938205939,0.006425069850948279,0.018889904022216797
107,threshold_saturation,tree_scm,ok,0.3,7,1,0,False,0.723652184009552,1.0,0.2159432557033204,0.9948133422196468,0.9954239570411628,0.07925066350935595,0.10184947512732619,0.362155556678772,0.999715277888469,0.9991334333202202,0.018422787922361294,0.023863030171835706,0.09175372123718262
107,threshold_saturation,tree_scm,ok,0.3,8,1,0,False,0.7411549687385559,1.0,0.24492728502370972,0.9960623988199366,0.9959577953783136,0.069998139131485,0.08874233584327622,0.27399688959121704,0.9997839777918206,0.9993063465596165,0.016408183533116016,0.020785678322973865,0.0687875747680664
107,threshold_saturation,tree_scm,ok,0.3,9,1,0,False,0.737091600894928,1.0,0.24253210032298878,0.9974673896456462,0.9969225868864586,0.05346143918541202,0.07117036262482859,0.2863900065422058,0.9998610228905157,0.9995179059974248,0.012421251379521436,0.01667195905738146,0.07081735134124756
108,threshold_saturation,tree_scm,ok,0.0,0,0,0,False,0.7085736989974976,1.0,0.03649846461962017,1.0,1.0,0.0,0.0,0.0,1.0,1.0,0.0,0.0,0.0
108,threshold_saturation,tree_scm,ok,0.1,0,1,0,False,0.7117272019386292,1.0,0.03616269205941344,0.9999299020421074,0.9999291002070281,0.007295293398499325,0.011840435541603583,0.055336952209472656,0.9999957167414771,0.9999887263294513,0.0017946133962656319,0.002926861292068751,0.013731241226196289
108,threshold_saturation,tree_scm,ok,0.1,1,1,0,False,0.7128839492797852,0.9999999403953552,0.036909448977192706,0.9999063372375342,0.9998836031929694,0.011413433576748844,0.01368669154743584,0.03715312480926514,0.9999942783582486,0.999985423856443,0.0028225643227415276,0.0033827921862958285,0.009128928184509277
108,threshold_saturation,tree_scm,ok,0.1,2,1,0,False,0.7058558464050293,1.0,0.03535922048222673,0.9994679993118686,0.9996165555017554,0.02355903168927398,0.03261903340217654,0.11905431747436523,0.9999674989238119,0.9999458444718105,0.005790406816487348,0.008062391196612886,0.029605627059936523
108,threshold_saturation,tree_scm,ok,0.1,3,1,0,False,0.7166854739189148,1.0,0.038200680654506276,0.9995073455128705,0.9995309929521033,0.02574331814554398,0.03138963158442888,0.09193733334541321,0.9999699706637669,0.999949605155964,0.006356204695521228,0.007749753016311585,0.02235168218612671
108,threshold_saturation,tree_scm,ok,0.1,4,1,0,False,0.70439612865448,1.0,0.03487546820755033,0.9994630436117429,0.9995749029909727,0.025743418137778917,0.032770608543115455,0.09781217575073242,0.999967229761324,0.9999456880094685,0.006341069830554602,0.00809570722247425,0.024485111236572266
108,threshold_saturation,tree_scm,ok,0.1,5,1,0,False,0.7004469037055969,1.0,0.03323046866929686,0.9984430219211747,0.9986609058647725,0.04587238313405351,0.05580283237835169,0.14442777633666992,0.9999050269630019,0.9998629194304515,0.01133855521766236,0.01378209244681753,0.03502386808395386
108,threshold_saturation,tree_scm,ok,0.1,6,1,0,False,0.7041981220245361,1.0,0.035643030501607914,0.9998679522632712,0.9998570604741315,0.013145811336528368,0.01625101473129001,0.04917067289352417,0.9999919450066413,0.9999855467911404,0.00324878843267129,0.004013724710378213,0.011973559856414795
108,threshold_saturation,tree_scm,ok,0.1,7,1,0,False,0.705981969833374,1.0,0.03645310252471092,0.9999489364904176,0.9999298154634515,0.00727952370669982,0.010105791509332452,0.04111921787261963,0.9999968777758584,0.9999921182095123,0.001800325671794667,0.002498889416150312,0.01016145944595337
108,threshold_saturation,tree_scm,ok,0.1,8,1,0,False,0.70939701795578,1.0,0.03650173633047547,0.9999088960950764,0.9999096206453716,0.009706512414425106,0.013498437305437837,0.050664305686950684,0.9999944295087508,0.9999859547108184,0.002400182905830661,0.0033378109641218805,0.012527525424957275
108,threshold_saturation,tree_scm,ok,0.1,9,1,0,False,0.7143533229827881,1.0,0.036498882353650966,0.999887406728083,0.9998801610214317,0.010426246834697395,0.015006216573909546,0.06441104412078857,0.9999931155575412,0.9999831272127773,0.00257814178667104,0.0037106448060722497,0.015927135944366455
108,threshold_saturation,tree_scm,ok,0.2,0,1,0,False,0.7089409828186035,1.0,0.03398407749113599,0.9989296605898866,0.9991692520159571,0.03577456347642283,0.04626747064908041,0.15131473541259766,0.9999346939932934,0.9998993863320627,0.008820046022492534,0.011428561146321304,0.0377887487411499
108,threshold_saturation,tree_scm,ok,0.2,1,1,0,False,0.7049850821495056,1.0,0.03596906507584337,0.9993565499234034,0.999275456418954,0.028453774321121728,0.035873389842037494,0.12186318635940552,0.999960659597022,0.9999398765510442,0.007035648780401971,0.008870220193687304,0.030063629150390625
108,threshold_saturation,tree_scm,ok,0.2,2,1,0,False,0.7019888162612915,1.0,0.029922552259665055,0.9937925254176443,0.9949922662619819,0.09038183572391745,0.1114223889946969,0.26274383068084717,0.9996210761132132,0.9994828891651026,0.02230474346720257,0.027529034907811525,0.06625735759735107
108,threshold_saturation,tree_scm,ok,0.2,3,1,0,False,0.7250964641571045,1.0,0.040639608111886695,0.9972298468578588,0.9972760353184457,0.06140540567736252,0.07443323373474872,0.19924715161323547,0.9998312690925272,0.9997684664672382,0.015149974722930892,0.018370133688674812,0.048313915729522705
108,threshold_saturation,tree_scm,ok,0.2,4,1,0,False,0.7055744528770447,1.0,0.03398976831962065,0.9989840709589013,0.9990846505921241,0.037442124519429854,0.045076136793720474,0.09591078758239746,0.9999380221982679,0.9999094390375483,0.009236882275899916,0.011133534863733434,0.024760007858276367
108,threshold_saturation,tree_scm,ok,0.2,5,1,0,False,0.7109628319740295,1.0,0.035920252013343396,0.9999475793260061,0.9999466463411653,0.007979526540779602,0.01023920648648569,0.03467404842376709,0.9999968037556576,0.9999904082996298,0.001966133440049589,0.0025283371507711216,0.008655667304992676
108,threshold_saturation,tree_scm,ok,0.2,6,1,0,False,0.6921068429946899,1.0,0.02925561747388019,0.992279680859254,0.9936000755131968,0.10210927630041056,0.12426036452075838,0.32750194519758224,0.9995286153132888,0.9993731028923546,0.025201943600336563,0.030704549837308692,0.07953071594238281
108,threshold_saturation,tree_scm,ok,0.2,7,1,0,False,0.7175411581993103,1.0,0.040186088226514524,0.9979038370552791,0.9979344288562068,0.05281821849274593,0.06474817218341661,0.14819735288619995,0.9998723258593668,0.9998216580756406,0.013029014570946629,0.015979620885636432,0.03638434410095215
108,threshold_saturation,tree_scm,ok,0.2,8,1,0,False,0.6936694979667664,1.0,0.03353396394698617,0.9984761324496172,0.9987291457979196,0.045202164118734345,0.05520629636024568,0.17516621947288513,0.9999070063707328,0.9998644002347616,0.011162824015968908,0.0136377144823134,0.042694091796875
108,threshold_saturation,tree_scm,ok,0.2,9,1,0,False,0.6966723203659058,1.0,0.033491374206359725,0.9985687752175502,0.9987784202599644,0.0439570172508752,0.05350186409570676,0.15836799144744873,0.9999126812583033,0.999873296236503,0.01086634631542438,0.013215047684893217,0.038528501987457275
108,threshold_saturation,tree_scm,ok,0.3,0,1,0,False,0.7220547199249268,1.0,0.040856364059609754,0.9950958878973907,0.9943623935741048,0.07428445192118716,0.0990364800666178,0.3374558687210083,0.999700984793313,0.9995853161198269,0.01829297673293695,0.02445466052161623,0.08397603034973145
108,threshold_saturation,tree_scm,ok,0.3,1,1,0,False,0.7579056620597839,1.0,0.04583205770977059,0.983497344650848,0.9826095905973373,0.1468054938212049,0.18167364005719855,0.4712171256542206,0.9989956269955317,0.9986914914624409,0.03617405824434172,0.044819035552299234,0.11422348022460938
108,threshold_saturation,tree_scm,ok,0.3,2,1,0,False,0.7287920713424683,0.9999999403953552,0.04146303384717424,0.9950888472122495,0.9948135639149424,0.0784769107578569,0.09910754648764876,0.26610374450683594,0.9997007565819429,0.9995973637201753,0.01932687638588959,0.024463989976584492,0.06673598289489746
108,threshold_saturation,tree_scm,ok,0.3,3,1,0,False,0.7219274640083313,1.0,0.0368957708684231,0.9973544563971408,0.9978864172687846,0.05488968661524041,0.07273986021525855,0.27250194549560547,0.9998382595528353,0.9997688408592711,0.013571527364078406,0.01798557474664416,0.06732100248336792
108,threshold_saturation,tree_scm,ok,0.3,4,1,0,False,0.6990132927894592,1.0,0.03801180764960908,0.9992563549293751,0.9990860587532079,0.02445001942106728,0.03856539979272316,0.17564159631729126,0.9999546110911969,0.999924886899659,0.006030442712358308,0.009527739357969073,0.043626368045806885
108,threshold_saturation,tree_scm,ok,0.3,5,1,0,False,0.7305388450622559,0.9999999403953552,0.04014459253454169,0.9976185212392161,0.9976727679399316,0.05664376111843694,0.06901418214900107,0.2147485315799713,0.9998548856989693,0.9998034805042433,0.013983938691126241,0.01703609664780342,0.052257657051086426
108,threshold_saturation,tree_scm,ok,0.3,6,1,0,False,0.7062424421310425,1.0,0.031907905901276734,0.9963180363121124,0.9972858030389782,0.06726774379103517,0.08581332904340415,0.2714167833328247,0.9997752178712355,0.9996823562996274,0.016584531117928236,0.021202930312114586,0.06782740354537964
108,threshold_saturation,tree_scm,ok,0.3,7,1,0,False,0.7134894132614136,1.0,0.03868608198226508,0.9981768007169088,0.997838785661337,0.042484608792904055,0.060385417124905895,0.22936981916427612,0.9998887141239751,0.9998340241886143,0.010457506826071494,0.014918838511546371,0.05699187517166138
108,threshold_saturation,tree_scm,ok,0.3,8,1,0,False,0.7222822904586792,1.0,0.03707538360828983,0.9995389736068256,0.9995179618741392,0.02411668189216698,0.030365322042170507,0.102783203125,0.9999718240501027,0.9999519912066821,0.005968673706547634,0.00750679015716029,0.025331854820251465
108,threshold_saturation,tree_scm,ok,0.3,9,1,0,False,0.6997131705284119,1.0,0.038024757631309955,0.9995074624128547,0.9994696261861501,0.022099515665161107,0.03138590658539423,0.12993896007537842,0.9999699605934954,0.9999482249345881,0.005455360035767853,0.007751052284561747,0.032331109046936035
109,threshold_saturation,tree_scm,ok,0.0,0,0,0,False,0.7112980484962463,1.0,-0.04640023672579067,1.0,1.0,0.0,0.0,0.0,1.0,1.0,0.0,0.0,0.0
109,threshold_saturation,tree_scm,ok,0.1,0,1,0,False,0.71674644947052,1.0,-0.04647190056544826,0.9998071367594762,0.9997618754917387,0.01662762564114928,0.019639920768190492,0.047851622104644775,0.9999877243076061,0.9999712779844074,0.004194261115685549,0.004954935431842692,0.012071073055267334
109,threshold_saturation,tree_scm,ok,0.1,1,1,0,False,0.7041842937469482,0.9999999403953552,-0.04686282505415566,0.9992421568356267,0.9992599890029323,0.03173039705887959,0.038931817298163245,0.1039905846118927,0.9999517647768779,0.9999060220120163,0.008006615359139602,0.009821936743860268,0.026248596608638763
109,threshold_saturation,tree_scm,ok,0.1,2,1,0,False,0.7137482166290283,1.0,-0.045697106577138775,0.9995635495653001,0.9996008310385522,0.022528495017894556,0.02954489573537126,0.10775589942932129,0.9999722401147627,0.9999475962913954,0.005674887953315277,0.007451158921658446,0.02711397409439087
109,threshold_saturation,tree_scm,ok,0.1,3,1,0,False,0.7121341824531555,1.0,-0.04557098581818396,0.9994007196380822,0.9994582603175737,0.024349806618374714,0.03462023569238068,0.14715009927749634,0.9999618849895378,0.9999343305199914,0.006133837042339607,0.008730980572817704,0.037037819623947144
109,threshold_saturation,tree_scm,ok,0.1,4,1,0,False,0.7092767953872681,1.0,-0.046625281930927895,0.9999221318145234,0.9999120011086474,0.010040195658518769,0.012479438119066743,0.03295290470123291,0.9999950450003735,0.9999858960374794,0.0025310499076454107,0.003148015119360293,0.008292675018310547
109,threshold_saturation,tree_scm,ok,0.1,5,1,0,False,0.719229519367218,1.0,-0.0463867798397039,0.9997722404991255,0.9997635742257349,0.01703314417045476,0.021342891492369617,0.06860244274139404,0.9999855033052464,0.9999676011193762,0.004297277466548621,0.005384550938689504,0.0173078253865242
109,threshold_saturation,tree_scm,ok,0.1,6,1,0,False,0.7063986659049988,1.0,-0.04630205579848854,0.9999272642012103,0.9999146944961017,0.009850475452140017,0.012061160881603899,0.03900370001792908,0.9999953708256564,0.9999866783491882,0.0024843925322954874,0.003042753458746757,0.009837813675403595
109,threshold_saturation,tree_scm,ok,0.1,7,1,0,False,0.7059299945831299,1.0,-0.04690590382435435,0.9994594670791626,0.99947147020957,0.026820259037322103,0.032879566821623685,0.08548101782798767,0.9999655989148696,0.9999327435448108,0.006764508668837266,0.008294707167503561,0.021579474210739136
109,threshold_saturation,tree_scm,ok,0.1,8,1,0,False,0.711132287979126,1.0,-0.046974491087163464,0.9997310618423075,0.9996926744331592,0.017112169171696223,0.023192160649375328,0.09418660402297974,0.999982889894974,0.9999637230884773,0.004309156485220456,0.005849804166763324,0.023710936307907104
109,threshold_saturation,tree_scm,ok,0.1,9,1,0,False,0.7156651616096497,1.0,-0.04634674212925024,0.9999230330106756,0.999911308203991,0.009939079576554377,0.012407013346648373,0.04011097550392151,0.9999951012462897,0.9999866112938988,0.002507588635182856,0.0031300969665536776,0.010120555758476257
109,threshold_saturation,tree_scm,ok,0.2,0,1,0,False,0.7240288853645325,1.0,-0.044991443270115374,0.9974156345740517,0.9977133028753307,0.05857105264942675,0.07189388658515179,0.1773364543914795,0.9998356245452784,0.9997389984621986,0.01476856398438997,0.01813148957386456,0.0447547510266304
109,threshold_saturation,tree_scm,ok,0.2,1,1,0,False,0.7136783599853516,1.0,-0.04847670572091852,0.9967465425641611,0.9969338521922609,0.06243103700779784,0.08066545293174518,0.2996850609779358,0.9997929448423313,0.9996561293004792,0.015724321945015163,0.02034970047221803,0.07544821500778198
109,threshold_saturation,tree_scm,ok,0.2,2,1,0,False,0.7208600640296936,1.0,-0.0468906340408864,0.9998066072821815,0.9997317900185966,0.015383462719569252,0.019666861300565434,0.08189326524734497,0.999987696509625,0.9999723508690366,0.00387756733712763,0.004960542340921131,0.0206165611743927
109,threshold_saturation,tree_scm,ok,0.2,3,1,0,False,0.7055537700653076,1.0,-0.04705172041526467,0.9991448040075241,0.9991574391137972,0.03376456803152905,0.04135688583458351,0.10376149415969849,0.9999455715099893,0.9998965672162219,0.00851904057236652,0.01043345466045947,0.026196099817752838
109,threshold_saturation,tree_scm,ok,0.2,4,1,0,False,0.7281352281570435,0.9999999403953552,-0.04511745098093516,0.9972163149606355,0.9975667870681638,0.06075952762301284,0.07461481394973991,0.19792219996452332,0.9998229265650155,0.9997223911022101,0.015320598433874011,0.018818789820243882,0.04994531720876694
109,threshold_saturation,tree_scm,ok,0.2,5,1,0,False,0.7136163115501404,1.0,-0.0466429544195315,0.9999165709044449,0.9998788199163148,0.009479493525986982,0.012917360337861304,0.05570793151855469,0.9999946912746215,0.9999861977862812,0.00239085682193263,0.003258442929174779,0.014032214879989624
109,threshold_saturation,tree_scm,ok,0.2,6,1,0,False,0.7287513017654419,1.0,-0.044776880568262956,0.9965434982650299,0.997096807721193,0.06693427445793532,0.083144475154354,0.20987901091575623,0.9997801644943889,0.9996614043165725,0.01687673856769578,0.020968333609673265,0.05296381935477257
109,threshold_saturation,tree_scm,ok,0.2,7,1,0,False,0.6980546712875366,1.0,-0.04829366467732013,0.9931017309150707,0.9935623010693083,0.09571669881262324,0.11745866727528684,0.2915189862251282,0.9995608335133382,0.9992904321042845,0.024140865437484393,0.029636683118742548,0.07340103387832642
109,threshold_saturation,tree_scm,ok,0.2,8,1,0,False,0.7066603899002075,1.0,-0.04793947718452671,0.9965383463055204,0.9971935908554467,0.06275519608436753,0.08320641536357279,0.3134147524833679,0.9997796564544452,0.9996479597310636,0.015814335957372805,0.02099254829930202,0.07895448803901672
109,threshold_saturation,tree_scm,ok,0.2,9,1,0,False,0.7149547934532166,1.0,-0.04673683026004606,0.9999589745208709,0.9999556764537587,0.007316130751286121,0.009058198418336891,0.03144359588623047,0.9999973919975329,0.9999921992346754,0.0018446714898914252,0.0022838574227069448,0.007826089859008789
109,threshold_saturation,tree_scm,ok,0.3,0,1,0,False,0.7097154855728149,1.0,-0.04497897175371574,0.9989480835825115,0.9990609800801086,0.03397651327713902,0.0458675578304728,0.18930888175964355,0.9999331313458086,0.9998844525606179,0.008550957039290097,0.01156448485461613,0.04760858416557312
109,threshold_saturation,tree_scm,ok,0.3,1,1,0,False,0.7095629572868347,1.0,-0.04639943990485346,0.998687031261846,0.9987413163400328,0.04482867377805633,0.05124390332064241,0.11767023801803589,0.9999164303909458,0.9998535288963594,0.01130974601457524,0.012928233419694313,0.029686830937862396
109,threshold_saturation,tree_scm,ok,0.3,2,1,0,False,0.7169145941734314,0.9999999403953552,-0.04806823309320641,0.9966986565935746,0.9973450687540232,0.056530292260731585,0.08125692095514106,0.35779649019241333,0.99978986990033,0.9996701326800658,0.014258401428321577,0.02050024822256062,0.09014636278152466
109,threshold_saturation,tree_scm,ok,0.3,3,1,0,False,0.6944258809089661,1.0,-0.04871129389211801,0.9849942471929716,0.9842949359845504,0.14156982886814262,0.17323829194235046,0.441243439912796,0.9990445106952459,0.9985185363171446,0.03572004980986776,0.04371474089102952,0.11143410950899124
109,threshold_saturation,tree_scm,ok,0.3,4,1,0,False,0.6935215592384338,1.0,-0.047387617646652176,0.994855010135807,0.9950039115585435,0.08237326253276933,0.10143953823324539,0.2795419975882396,0.9996724745123509,0.9994537005579,0.020783303137420717,0.02559396341211019,0.07056372612714767
109,threshold_saturation,tree_scm,ok,0.3,5,1,0,False,0.6955881118774414,1.0,-0.04931200301252525,0.9795853767806055,0.9810778914240754,0.16558863705563454,0.20206248416486555,0.5084990859031677,0.9986999454358638,0.9980240259101637,0.041776236652026455,0.050991264558463166,0.12810352444648743
109,threshold_saturation,tree_scm,ok,0.3,6,1,0,False,0.7330219149589539,1.0,-0.04355266441210693,0.9924892598971109,0.9931198814462485,0.09541600289918506,0.12256214947385599,0.38868123292922974,0.9995225293972274,0.9993044131321077,0.024027592937557074,0.030902123224251954,0.09772029519081116
109,threshold_saturation,tree_scm,ok,0.3,7,1,0,False,0.6943081617355347,1.0,-0.04846743542678225,0.9898495429734667,0.9913698501537801,0.11557509652919862,0.1424812783567496,0.38396114110946655,0.9993537300848274,0.9989997027215505,0.029138063938660252,0.03595191005839805,0.09672161936759949
109,threshold_saturation,tree_scm,ok,0.3,8,1,0,False,0.7254951596260071,1.0,-0.045662072180586585,0.9969376034363555,0.996960953705028,0.06554082597389765,0.07826105761644986,0.17491263151168823,0.9998051325523087,0.999687522351763,0.01653489789464402,0.019741704212117458,0.044107675552368164
109,threshold_saturation,tree_scm,ok,0.3,9,1,0,False,0.7037650346755981,0.9999999403953552,-0.04717597774892193,0.9986091049697318,0.9986350560582218,0.0430626990178844,0.05274267839232981,0.13411879539489746,0.9999114718219736,0.9998356810135184,0.010864823856536532,0.013306252151455198,0.03385983407497406
110,threshold_saturation,tree_scm,ok,0.0,0,0,0,False,0.7285228371620178,0.9999999403953552,0.02125759444016734,1.0,1.0,0.0,0.0,0.0,1.0,1.0,0.0,0.0,0.0
110,threshold_saturation,tree_scm,ok,0.1,0,1,0,False,0.7308782935142517,1.0,0.02185731506880402,0.9997212732044173,0.9997340587225519,0.01838037012419136,0.023610455179714822,0.08455610275268555,0.9999828459548463,0.9999408795865817,0.004552518862624311,0.005857310758884694,0.02108895778656006
110,threshold_saturation,tree_scm,ok,0.1,1,1,0,False,0.7322279810905457,1.0,0.022046838328591178,0.9994066071790113,0.9994407812388241,0.026157193298445236,0.03444975563021999,0.13161098957061768,0.9999634775896501,0.9998790099063013,0.006478721609028071,0.008546626250281554,0.03279751539230347
110,threshold_saturation,tree_scm,ok,0.1,2,1,0,False,0.7378833293914795,1.0,0.02114253033680898,0.9996547539432219,0.9996320899792576,0.0211426769112677,0.026277216292534846,0.08221545815467834,0.9999787360905825,0.9999201706780629,0.005245868168657464,0.006521335473832781,0.0203896164894104
110,threshold_saturation,tree_scm,ok,0.1,3,1,0,False,0.7312279939651489,1.0,0.02162348391711077,0.999845139940492,0.9998376256169086,0.014057912434736863,0.017598866673044743,0.051840364933013916,0.9999904668227337,0.9999631642943994,0.0034838090545008527,0.004366503610795461,0.012929856777191162
110,threshold_saturation,tree_scm,ok,0.1,4,1,0,False,0.7358565330505371,1.0,0.022419551292051004,0.9986666158887917,0.9987831588405692,0.04065390124424084,0.051640760934617204,0.16954779624938965,0.9999179382051823,0.9997384173163577,0.010071101221583945,0.012811072770465061,0.04227370023727417
110,threshold_saturation,tree_scm,ok,0.1,5,1,0,False,0.7234600186347961,1.0,0.021143034549450566,0.9998244586714921,0.9997887423109934,0.015184269237920489,0.01873720005478161,0.055459022521972656,0.9999891884902259,0.9999542012373934,0.0037685331798229527,0.004650055825635832,0.013778448104858398
110,threshold_saturation,tree_scm,ok,0.1,6,1,0,False,0.7318214178085327,1.0,0.020528699922036247,0.9998749248748036,0.9998275114441025,0.010150178142851018,0.01581613913326144,0.08396244049072266,0.9999923104787204,0.999969132215149,0.0025078621520613353,0.003921612194546783,0.02097141742706299
110,threshold_saturation,tree_scm,ok,0.1,7,1,0,False,0.723655104637146,1.0,0.020916768353434995,0.9997004281032461,0.9996445063836635,0.019981997000428464,0.024477413884469213,0.06509950757026672,0.9999815511784483,0.999924853372434,0.004961067103295136,0.006074342944453069,0.016200661659240723
110,threshold_saturation,tree_scm,ok,0.1,8,1,0,False,0.7266133427619934,1.0,0.020696403614022623,0.9997711592758813,0.9997212288105284,0.016974990373341825,0.021393490776291296,0.07025146484375,0.9999859128190755,0.999945126421572,0.004206549577361329,0.005307952702553807,0.017537474632263184
110,threshold_saturation,tree_scm,ok,0.1,9,1,0,False,0.7273097634315491,1.0,0.019933294747852846,0.9990857291656219,0.9989877221765253,0.03321786844071539,0.04276145124584261,0.161612868309021,0.9999437223801033,0.9998162461554967,0.008228726280890442,0.01060920536367407,0.040358006954193115
110,threshold_saturation,tree_scm,ok,0.2,0,1,0,False,0.7376705408096313,1.0,0.021962566328899345,0.9988723855412904,0.998866173288749,0.039167826176935705,0.04748924969441855,0.11457538604736328,0.999930576124247,0.9997604449788998,0.009728695783223884,0.01178336755906756,0.028519392013549805
110,threshold_saturation,tree_scm,ok,0.2,1,1,0,False,0.7470710277557373,0.9999999403953552,0.02279222792351502,0.996142935702438,0.9965674620914098,0.07028900326974963,0.087830111455866,0.22817349433898926,0.9997625977231088,0.9992647499284742,0.01742448295021859,0.021790009694765206,0.0568806529045105
110,threshold_saturation,tree_scm,ok,0.2,2,1,0,False,0.719975471496582,1.0,0.020356762257382338,0.9986659307831226,0.9985364512552749,0.04205658685873459,0.05165402589127617,0.13315145671367645,0.9999178401413263,0.9997138192010585,0.010440112374372035,0.012818724940641185,0.03316640853881836
110,threshold_saturation,tree_scm,ok,0.2,3,1,0,False,0.7206372618675232,1.0,0.020947189228319292,0.9994438810274496,0.9993745976682641,0.02711045662340439,0.033350231797974514,0.09481428563594818,0.999965748822654,0.9998724943673557,0.00672918997747729,0.008276614753256884,0.023571670055389404
110,threshold_saturation,tree_scm,ok,0.2,4,1,0,False,0.7229018211364746,1.0,0.018382969716029648,0.9948438491056162,0.9943040219762534,0.08181039927080747,0.10154950396190399,0.24814140796661377,0.9996824506701861,0.998968376725556,0.020299365742403097,0.025201163330009047,0.06213986873626709
110,threshold_saturation,tree_scm,ok,0.2,5,1,0,False,0.7305917143821716,1.0,0.01984725570808668,0.9993636263327843,0.9992633305915171,0.02687012553110435,0.03567558411997081,0.14974236488342285,0.9999608494132836,0.999871656176239,0.00665378475741818,0.008848795024924147,0.037427306175231934
110,threshold_saturation,tree_scm,ok,0.2,6,1,0,False,0.7392538785934448,1.0,0.021272787230617422,0.998850567977128,0.9987629751984834,0.041703641180902196,0.047946470637593906,0.10754656791687012,0.9999292067466883,0.9997477044739288,0.010349706636290534,0.011899012585080821,0.02668750286102295
110,threshold_saturation,tree_scm,ok,0.2,7,1,0,False,0.7180739641189575,0.9999999403953552,0.01872607402641272,0.994244458038972,0.9936944670445604,0.08707687623223137,0.1072897180562768,0.2538985162973404,0.9996454847480916,0.9988262753916028,0.021601487995667412,0.026627625898796015,0.06337141990661621
110,threshold_saturation,tree_scm,ok,0.2,8,1,0,False,0.7189820408821106,1.0,0.018798403987015124,0.994834583326457,0.9944767340497818,0.0823803426271752,0.1016407049724588,0.2599557638168335,0.9996818477865795,0.9989840006079679,0.0204282639331268,0.025225075111543177,0.06499296426773071
110,threshold_saturation,tree_scm,ok,0.2,9,1,0,False,0.726844310760498,1.0,0.020729490646160573,0.9997737588353434,0.9997351316071811,0.016339093944452543,0.021271632363781687,0.08047914505004883,0.9999860720305439,0.9999477527537372,0.004048807828610279,0.005277872503514394,0.020069897174835205
110,threshold_saturation,tree_scm,ok,0.3,0,1,0,False,0.74116051197052,1.0,0.02408660852359068,0.9945766150340489,0.9949359398469351,0.08408761208033866,0.10414782504018874,0.2550995945930481,0.999666427800287,0.9989671920821114,0.020885930744668713,0.02582913793993472,0.06377243995666504
110,threshold_saturation,tree_scm,ok,0.3,1,1,0,False,0.7332516312599182,0.9999999403953552,0.021238845856005682,0.9988410882668403,0.9987668644052643,0.04185361241212604,0.04814377930429006,0.13875532150268555,0.9999286223005994,0.9997678098848436,0.010386839963388184,0.011948028701726102,0.03443950414657593
110,threshold_saturation,tree_scm,ok,0.3,2,1,0,False,0.7187128663063049,1.0,0.017133358711952963,0.9874192916996133,0.9864241090587225,0.12871350208234844,0.1586235077817888,0.3774728775024414,0.9992248758639648,0.9974956078785494,0.031925890569027615,0.039373192067319505,0.09451115131378174
110,threshold_saturation,tree_scm,ok,0.3,3,1,0,False,0.7512463927268982,1.0,0.02237582635383463,0.996122414939828,0.9965513688219726,0.07134322825481831,0.08806344365486087,0.23691871762275696,0.9997612790079967,0.9992527358558043,0.017699289982203936,0.021850445787824913,0.0589233934879303
110,threshold_saturation,tree_scm,ok,0.3,4,1,0,False,0.7302789688110352,0.9999999403953552,0.021267574392645965,0.9999759930306731,0.999964024837279,0.005764993634784332,0.0069292090178613335,0.017741113901138306,0.9999985214184044,0.9999912828123881,0.0014308251143404505,0.0017196403710729841,0.004404127597808838
110,threshold_saturation,tree_scm,ok,0.3,5,1,0,False,0.7399355173110962,1.0,0.022454490556141633,0.9979515400918718,0.9982200396967312,0.05032418307723674,0.064007186669013,0.2045559287071228,0.9998739123489617,0.9996044296724124,0.01247043295332162,0.015880028057478356,0.05096513032913208
110,threshold_saturation,tree_scm,ok,0.3,6,1,0,False,0.7329024076461792,1.0,0.01882743925140585,0.9983031325431756,0.9980310555396609,0.04458060689478316,0.058255772375101704,0.2271806001663208,0.9998955981437506,0.9996706579464988,0.011039886733982485,0.014450041932194166,0.05684864521026611
110,threshold_saturation,tree_scm,ok,0.3,7,1,0,False,0.7090654373168945,1.0,0.016946263780531195,0.9786332475725805,0.9764516240791072,0.16897249409407777,0.20672083486911244,0.5227352827787399,0.9986831951864751,0.9957109425291466,0.04192566227624184,0.05131870573413953,0.13041234016418457
110,threshold_saturation,tree_scm,ok,0.3,8,1,0,False,0.7606989741325378,1.0,0.025393582073606542,0.9835669417038554,0.9849864771833201,0.14002619310099362,0.1812901476209654,0.6250068247318268,0.9989893750947769,0.996955924558329,0.03467233229758904,0.04495831191736806,0.15569663047790527
110,threshold_saturation,tree_scm,ok,0.3,9,1,0,False,0.7422617077827454,0.9999999403953552,0.023846274971091656,0.9948317041689083,0.9953237205850797,0.08001848746152973,0.10166902841889668,0.3248051404953003,0.9996820727329198,0.9990214621629353,0.019819327555751443,0.025216155435201452,0.08102142810821533
111,threshold_saturation,tree_scm,ok,0.0,0,0,0,False,0.7119559049606323,1.0,-0.091755820877652,1.0,1.0,0.0,0.0,0.0,1.0,1.0,0.0,0.0,0.0
111,threshold_saturation,tree_scm,ok,0.1,0,1,0,False,0.7134816646575928,1.0,-0.0925310665621753,0.9999289801100268,0.9998914151348258,0.008748551307292018,0.011918043935708247,0.04501962661743164,0.9999953942892776,0.9999794587297045,0.002236679622427573,0.0030350323292986084,0.011378765106201172
111,threshold_saturation,tree_scm,ok,0.1,1,1,0,False,0.709976315498352,1.0,-0.09056796964630993,0.9999245768277901,0.9999059326049639,0.009907953313756934,0.012281951565416109,0.03718852996826172,0.9999951358112698,0.9999728984872326,0.0025215952292398924,0.003119034690207796,0.010700702667236328
111,threshold_saturation,tree_scm,ok,0.1,2,1,0,False,0.7154377698898315,1.0,-0.09185867795384076,0.9997226425206847,0.9996668357950075,0.019318857639746057,0.023552387617201388,0.05582554638385773,0.9999819414672573,0.9999402872648593,0.00493092708714471,0.006009747498948674,0.014141321182250977
111,threshold_saturation,tree_scm,ok,0.1,3,1,0,False,0.7081488370895386,1.0,-0.09106225656736895,0.9996609850605324,0.9996019374508259,0.021069565989137118,0.02603900636934832,0.06976407766342163,0.9999779464081545,0.9999338164294398,0.005378432039577774,0.0066413238504402835,0.017698943614959717
111,threshold_saturation,tree_scm,ok,0.1,4,1,0,False,0.7139707803726196,1.0,-0.08948798447912693,0.9995811669971439,0.9994450504255774,0.020083041020143355,0.028942459338432147,0.12619799375534058,0.9999729100449852,0.999897517166154,0.005132392049148393,0.007360700304084882,0.03185856342315674
111,threshold_saturation,tree_scm,ok,0.1,5,1,0,False,0.7133020758628845,1.0,-0.09026263180630474,0.9997959807477871,0.9997270179171733,0.017827926080826728,0.020199962669303486,0.036881327629089355,0.9999867927287551,0.9999365656963021,0.004530005815155391,0.005139507974264041,0.010356903076171875
111,threshold_saturation,tree_scm,ok,0.1,6,1,0,False,0.7145729064941406,1.0,-0.0919763176492073,0.9999145732721887,0.9998803510120877,0.010675087981326215,0.013071091914027555,0.03359195590019226,0.9999944392076763,0.9999779052821686,0.0027265674647480864,0.0033349040299746223,0.008616805076599121
111,threshold_saturation,tree_scm,ok,0.1,7,1,0,False,0.7100064158439636,1.0,-0.09256834623216748,0.9997264152806159,0.9996901375080465,0.01968543020461766,0.02339165332378863,0.052985817193984985,0.9999822046770515,0.999932486499535,0.005016798584847493,0.005965789598623837,0.014325857162475586
111,threshold_saturation,tree_scm,ok,0.1,8,1,0,False,0.713004469871521,1.0,-0.09220883127360013,0.9999097198636351,0.9998666717330661,0.010475498543655704,0.013437271830732274,0.04793953895568848,0.9999941278523063,0.9999771313523073,0.0026752654651147623,0.003426995069485912,0.012169063091278076
111,threshold_saturation,tree_scm,ok,0.1,9,1,0,False,0.717144250869751,0.9999999403953552,-0.09280923482679596,0.9994409681566586,0.9993715801802445,0.026590284412577603,0.033437458487536605,0.10172903537750244,0.999963627896728,0.9998948908339889,0.006788208452263689,0.008529021286947498,0.025813817977905273
111,threshold_saturation,tree_scm,ok,0.2,0,1,0,False,0.7047571539878845,1.0,-0.0920288156627417,0.9997179516024877,0.9996851530648736,0.01926696871463207,0.023750721697418174,0.07491552829742432,0.9999816372986242,0.9999334029218224,0.004914489864688676,0.0060601486797847255,0.019061565399169922
111,threshold_saturation,tree_scm,ok,0.2,1,1,0,False,0.7244448661804199,1.0,-0.09280598067983274,0.998775183854305,0.9987946923503327,0.040258039970240134,0.04949375998833845,0.1339167058467865,0.9999202678150351,0.9997665023067019,0.010281172408923567,0.012627920092388408,0.03439342975616455
111,threshold_saturation,tree_scm,ok,0.2,2,1,0,False,0.7175142168998718,1.0,-0.09072289129225564,0.998684837335627,0.9985539079822616,0.03882618615443789,0.05128669616831729,0.21305423974990845,0.9999144278639042,0.999769530970603,0.009908522080172677,0.013082211903854049,0.05420190095901489
111,threshold_saturation,tree_scm,ok,0.2,3,1,0,False,0.7099781036376953,0.9999999403953552,-0.09087690667637828,0.9974677000344775,0.9972685474930262,0.05728771167468949,0.07116600229794971,0.20628315210342407,0.9998351864565924,0.9995484496817109,0.014626458109631812,0.018155634843043198,0.05249863862991333
111,threshold_saturation,tree_scm,ok,0.2,4,1,0,False,0.7139423489570618,1.0,-0.09530586568315681,0.9991341995462664,0.999031531632215,0.030512088242858226,0.041612507759384104,0.15379101037979126,0.9999439815056447,0.9997981524032614,0.00777967618350317,0.010584752604326888,0.0387687087059021
111,threshold_saturation,tree_scm,ok,0.2,5,1,0,False,0.7270076870918274,1.0,-0.09062603115542564,0.9979551913848763,0.9979016388312709,0.05327231653996023,0.06395011447685899,0.1713608205318451,0.9998669438686318,0.9995693709319791,0.013582471300452426,0.016312947883469948,0.044000864028930664
111,threshold_saturation,tree_scm,ok,0.2,6,1,0,False,0.7199093699455261,1.0,-0.09225169576092268,0.9996458892984901,0.9996063072205135,0.021762005916798444,0.02661242860573186,0.079962819814682,0.9999769492829311,0.9999243504577641,0.005558360257765571,0.006789803664651624,0.02050703763961792
111,threshold_saturation,tree_scm,ok,0.2,7,1,0,False,0.7100813388824463,1.0,-0.09189405120033249,0.999770079853882,0.9996820573456834,0.01636892874608975,0.021443886692816355,0.083987295627594,0.9999850302753484,0.9999500996888633,0.004178281498553815,0.005471695361560855,0.021411538124084473
111,threshold_saturation,tree_scm,ok,0.2,8,1,0,False,0.7133565545082092,0.9999999403953552,-0.0914037357745036,0.999959039616111,0.9999313465596165,0.006098141534266688,0.009051009102897738,0.044721126556396484,0.9999973373158353,0.9999874159573706,0.0015573098838785882,0.0023076759230438427,0.011359810829162598
111,threshold_saturation,tree_scm,ok,0.2,9,1,0,False,0.7114827036857605,1.0,-0.09016243494213692,0.9998402525079885,0.9997851772047779,0.013566979887400521,0.017874422140473963,0.06259512901306152,0.9999896842832939,0.9999488032866031,0.0034577146320486918,0.004542183747214586,0.01573777198791504
111,threshold_saturation,tree_scm,ok,0.3,0,1,0,False,0.721799373626709,1.0,-0.0904937451375172,0.9995913302421829,0.9994502136828552,0.02422918948855113,0.02858914936095285,0.08037909865379333,0.999973451368565,0.9998852125205636,0.006162033542096879,0.007286787000317384,0.020893096923828125
111,threshold_saturation,tree_scm,ok,0.3,1,1,0,False,0.7161260843276978,1.0,-0.09535589471278567,0.9988856002448329,0.9988238837529504,0.032986947737072114,0.04721016195136547,0.1903914213180542,0.9999277914725547,0.9997752194943135,0.008418090717412952,0.01201736488676884,0.04810965061187744
111,threshold_saturation,tree_scm,ok,0.3,2,1,0,False,0.7187638878822327,1.0,-0.08931793430859089,0.9993512629932743,0.9991770080823975,0.03145679980184468,0.03602046559666454,0.09692734479904175,0.9999579771843833,0.9998187719047278,0.00799427546596121,0.00916764052511428,0.024368703365325928
111,threshold_saturation,tree_scm,ok,0.3,3,1,0,False,0.7144415378570557,1.0,-0.09775463072470122,0.995147699907047,0.9944974317824189,0.06689811672663382,0.09851192883375855,0.4453723132610321,0.999684745741754,0.9989351508296974,0.017108691758330963,0.02510992857336057,0.11295565962791443
111,threshold_saturation,tree_scm,ok,0.3,4,1,0,False,0.7137079834938049,1.0,-0.09226922094761174,0.9991869877278664,0.9991052924504684,0.03179271758926916,0.04032399367139587,0.1336943507194519,0.9999470673356213,0.9998499973177883,0.008118489220834135,0.010289087908124371,0.03404498100280762
111,threshold_saturation,tree_scm,ok,0.3,5,1,0,False,0.7088488340377808,1.0,-0.09011018982893607,0.9979307652195201,0.9978513250125169,0.05145542924651636,0.06433093751172078,0.2068604826927185,0.999865417176285,0.999647244474644,0.013131155896616065,0.01640626838646325,0.052526116371154785
111,threshold_saturation,tree_scm,ok,0.3,6,1,0,False,0.7066020965576172,1.0,-0.09195799371322613,0.9983853578525906,0.9982342889457119,0.046911384278331525,0.05682679197766081,0.1323305368423462,0.9998948686484991,0.999703492686503,0.011967650898185411,0.014500437906885337,0.03396749496459961
111,threshold_saturation,tree_scm,ok,0.3,7,1,0,False,0.7159845232963562,1.0,-0.09369985955852203,0.9968101501944152,0.9966907544167084,0.06138023460812292,0.07987302013555776,0.30198466777801514,0.9997923315951092,0.9994203293755811,0.01567572409229001,0.020379813492335017,0.07681527733802795
111,threshold_saturation,tree_scm,ok,0.3,8,1,0,False,0.7463104724884033,1.0,-0.0944535082129372,0.9890691496614338,0.9891265489771833,0.1183104909650865,0.1478570262336122,0.38961541652679443,0.9992880530496955,0.9979546460374793,0.03021701521718967,0.037734518236550336,0.09909746050834656
111,threshold_saturation,tree_scm,ok,0.3,9,1,0,False,0.7016028761863708,1.0,-0.09291281306482121,0.9995359058715382,0.999350714809384,0.019116858546226467,0.03046618236228566,0.16561132669448853,0.9999698173589392,0.9998915268936412,0.0048808781817157865,0.007769509744091385,0.04210484027862549
